GBIF ID,Species,State/Province,Lat,Long
3070592465,Acanthocereus tetragonus,Oaxaca,15.663055,-96.514725
4453725548,Acanthocereus tetragonus,Oaxaca,15.663067,-96.514563
4453930877,Acanthocereus tetragonus,Oaxaca,15.664643,-96.565381
4465682567,Acanthocereus tetragonus,Oaxaca,15.671115,-96.578502
3705769731,Acanthocereus tetragonus,Oaxaca,15.673507,-96.523304
2856547130,Acanthocereus tetragonus,Oaxaca,15.686254,-96.286039
2563656887,Acanthocereus tetragonus,Oaxaca,15.69971,-96.218389
4442539068,Acanthocereus tetragonus,Oaxaca,15.707611,-96.205108
2862569249,Acanthocereus tetragonus,Oaxaca,15.707615,-96.205045
3466448196,Acanthocereus tetragonus,Oaxaca,15.707668,-96.205467
3044673609,Acanthocereus tetragonus,Oaxaca,15.708673,-96.197185
2239029470,Acanthocereus tetragonus,Oaxaca,15.708913,-96.196831
3044956603,Acanthocereus tetragonus,Oaxaca,15.708925,-96.196877
3044863663,Acanthocereus tetragonus,Oaxaca,15.709627,-96.196539
2859946280,Acanthocereus tetragonus,Oaxaca,15.711521,-96.204572
2540845919,Acanthocereus tetragonus,Oaxaca,15.712654,-96.202449
3466514255,Acanthocereus tetragonus,Oaxaca,15.713203,-96.201469
3456672637,Acanthocereus tetragonus,Oaxaca,15.713839,-96.201599
2429291688,Acanthocereus tetragonus,Oaxaca,15.720447,-96.167973
2429291918,Acanthocereus tetragonus,Oaxaca,15.721973,-96.168038
3456836974,Acanthocereus tetragonus,Oaxaca,15.72223,-96.204796
2235528712,Acanthocereus tetragonus,Oaxaca,15.722399,-96.167404
2235526727,Acanthocereus tetragonus,Oaxaca,15.72254,-96.167618
2235527687,Acanthocereus tetragonus,Oaxaca,15.722765,-96.166939
2235527020,Acanthocereus tetragonus,Oaxaca,15.722775,-96.16835
2429289304,Acanthocereus tetragonus,Oaxaca,15.723321,-96.167139
2901516046,Acanthocereus tetragonus,Oaxaca,15.723439,-96.165268
3032153889,Acanthocereus tetragonus,Oaxaca,15.724556,-96.165413
2573842331,Acanthocereus tetragonus,Oaxaca,15.724872,-96.165048
2901797194,Acanthocereus tetragonus,Oaxaca,15.724949,-96.161766
3321041584,Acanthocereus tetragonus,Oaxaca,15.724988,-96.161667
3764375423,Acanthocereus tetragonus,Oaxaca,15.724991,-96.156136
3705413135,Acanthocereus tetragonus,Oaxaca,15.725,-96.161667
2294528555,Acanthocereus tetragonus,Oaxaca,15.725038,-96.161629
3398692827,Acanthocereus tetragonus,Oaxaca,15.725062,-96.161563
2269273467,Acanthocereus tetragonus,Oaxaca,15.725142,-96.161491
3881366639,Acanthocereus tetragonus,Oaxaca,15.72523,-96.2557
3325700706,Acanthocereus tetragonus,Oaxaca,15.725359,-96.164658
2856556630,Acanthocereus tetragonus,Oaxaca,15.725542,-96.163193
2235518963,Acanthocereus tetragonus,Oaxaca,15.725682,-96.163254
2235519750,Acanthocereus tetragonus,Oaxaca,15.725691,-96.161827
3090672106,Acanthocereus tetragonus,Oaxaca,15.725707,-96.161758
1847591145,Acanthocereus tetragonus,Oaxaca,15.725745,-96.161491
1883908029,Acanthocereus tetragonus,Oaxaca,15.725747,-96.162869
2350368533,Acanthocereus tetragonus,Oaxaca,15.72576,-96.163926
2235518126,Acanthocereus tetragonus,Oaxaca,15.725785,-96.161217
3032030817,Acanthocereus tetragonus,Oaxaca,15.725827,-96.162132
2235517016,Acanthocereus tetragonus,Oaxaca,15.725829,-96.163292
4453873557,Acanthocereus tetragonus,Oaxaca,15.725833,-96.161389
1847591133,Acanthocereus tetragonus,Oaxaca,15.725837,-96.161804
3031986941,Acanthocereus tetragonus,Oaxaca,15.725838,-96.16288
3032064859,Acanthocereus tetragonus,Oaxaca,15.725842,-96.162338
1847591117,Acanthocereus tetragonus,Oaxaca,15.725875,-96.163338
2350366190,Acanthocereus tetragonus,Oaxaca,15.725885,-96.16205
3124723064,Acanthocereus tetragonus,Oaxaca,15.725895,-96.162025
3325801708,Acanthocereus tetragonus,Oaxaca,15.725917,-96.162193
3764555450,Acanthocereus tetragonus,Oaxaca,15.725928,-96.163347
3335556438,Acanthocereus tetragonus,Oaxaca,15.725968,-96.161316
4442530320,Acanthocereus tetragonus,Oaxaca,15.72599,-96.162834
2311337140,Acanthocereus tetragonus,Oaxaca,15.726014,-96.164348
1836631755,Acanthocereus tetragonus,Oaxaca,15.726222,-96.161377
1946323778,Acanthocereus tetragonus,Oaxaca,15.726252,-96.161095
3705740770,Acanthocereus tetragonus,Oaxaca,15.726255,-96.162183
2234729690,Acanthocereus tetragonus,Oaxaca,15.726325,-96.161148
2235518268,Acanthocereus tetragonus,Oaxaca,15.726439,-96.16124
1990601662,Acanthocereus tetragonus,Oaxaca,15.727471,-96.160618
3385078382,Acanthocereus tetragonus,Oaxaca,15.728729,-96.159371
4442396853,Acanthocereus tetragonus,Oaxaca,15.728886,-96.159683
3772440420,Acanthocereus tetragonus,Oaxaca,15.728976,-96.159587
4424678179,Acanthocereus tetragonus,Oaxaca,15.728979,-96.159584
3384446345,Acanthocereus tetragonus,Oaxaca,15.729173,-96.159676
3384021330,Acanthocereus tetragonus,Oaxaca,15.729208,-96.159609
2851127662,Acanthocereus tetragonus,Oaxaca,15.729241,-96.16055
3385017306,Acanthocereus tetragonus,Oaxaca,15.729571,-96.159813
3892551111,Acanthocereus tetragonus,Oaxaca,15.729614,-96.156792
4440675581,Acanthocereus tetragonus,Oaxaca,15.729657,-96.159828
3773302407,Acanthocereus tetragonus,Oaxaca,15.729733,-96.159561
1990520779,Acanthocereus tetragonus,Oaxaca,15.730023,-96.159691
4453951573,Acanthocereus tetragonus,Oaxaca,15.730492,-96.156089
3070683535,Acanthocereus tetragonus,Oaxaca,15.730745,-96.159546
2006042383,Acanthocereus tetragonus,Oaxaca,15.730752,-96.159577
2235518103,Acanthocereus tetragonus,Oaxaca,15.730881,-96.159399
1847590708,Acanthocereus tetragonus,Oaxaca,15.731024,-96.158867
1836626769,Acanthocereus tetragonus,Oaxaca,15.731127,-96.158223
3032057505,Acanthocereus tetragonus,Oaxaca,15.731243,-96.1586
2294490097,Acanthocereus tetragonus,Oaxaca,15.73152,-96.158564
2234729685,Acanthocereus tetragonus,Oaxaca,15.731573,-96.1596
1990597124,Acanthocereus tetragonus,Oaxaca,15.731981,-96.15784
4424270157,Acanthocereus tetragonus,Oaxaca,15.732327,-96.157797
3759121200,Acanthocereus tetragonus,Oaxaca,15.732754,-96.473104
2006040413,Acanthocereus tetragonus,Oaxaca,15.732948,-96.158655
4442581683,Acanthocereus tetragonus,Oaxaca,15.733037,-96.158233
4512156880,Acanthocereus tetragonus,Oaxaca,15.733119,-96.158287
4500868288,Acanthocereus tetragonus,Oaxaca,15.733184,-96.158246
3888844571,Acanthocereus tetragonus,Oaxaca,15.733213,-96.158188
2273249989,Acanthocereus tetragonus,Oaxaca,15.733221,-96.158134
2350408767,Acanthocereus tetragonus,Oaxaca,15.733379,-96.158689
3455990719,Acanthocereus tetragonus,Oaxaca,15.733402,-96.158656
3773204491,Acanthocereus tetragonus,Oaxaca,15.733462,-96.158863
2851093637,Acanthocereus tetragonus,Oaxaca,15.7335,-96.158677
3044928362,Acanthocereus tetragonus,Oaxaca,15.733538,-96.158714
4512243505,Acanthocereus tetragonus,Oaxaca,15.733545,-96.158792
1990501825,Acanthocereus tetragonus,Oaxaca,15.733583,-96.158226
2634527893,Acanthocereus tetragonus,Oaxaca,15.733596,-96.158805
3457115161,Acanthocereus tetragonus,Oaxaca,15.733603,-96.1586
4103139626,Acanthocereus tetragonus,Oaxaca,15.733607,-96.158786
4405293841,Acanthocereus tetragonus,Oaxaca,15.733682,-96.15904
2901548200,Acanthocereus tetragonus,Oaxaca,15.733685,-96.158653
4453674594,Acanthocereus tetragonus,Oaxaca,15.733716,-96.158821
4116536666,Acanthocereus tetragonus,Oaxaca,15.733752,-96.155391
4519272516,Acanthocereus tetragonus,Oaxaca,15.733764,-96.159118
3031801805,Acanthocereus tetragonus,Oaxaca,15.733809,-96.158936
3124682294,Acanthocereus tetragonus,Oaxaca,15.733846,-96.158997
4080754454,Acanthocereus tetragonus,Oaxaca,15.733864,-96.158566
4162118271,Acanthocereus tetragonus,Oaxaca,15.734508,-96.15966
4453997818,Acanthocereus tetragonus,Oaxaca,15.734573,-96.159567
3044957379,Acanthocereus tetragonus,Oaxaca,15.734691,-96.169418
2465172999,Acanthocereus tetragonus,Oaxaca,15.736353,-96.168067
2542949051,Acanthocereus tetragonus,Oaxaca,15.737081,-96.170303
2465262145,Acanthocereus tetragonus,Oaxaca,15.737339,-96.171738
3335172732,Acanthocereus tetragonus,Oaxaca,15.737664,-96.202141
3859001323,Acanthocereus tetragonus,Oaxaca,15.738022,-96.144669
4413552586,Acanthocereus tetragonus,Oaxaca,15.738067,-96.145029
3079915367,Acanthocereus tetragonus,Oaxaca,15.738073,-96.146027
3355667709,Acanthocereus tetragonus,Oaxaca,15.738107,-96.144936
3058825996,Acanthocereus tetragonus,Oaxaca,15.738166,-96.146126
2901529198,Acanthocereus tetragonus,Oaxaca,15.738169,-96.14552
3705529570,Acanthocereus tetragonus,Oaxaca,15.73823,-96.145891
3355641703,Acanthocereus tetragonus,Oaxaca,15.738257,-96.145412
3772627379,Acanthocereus tetragonus,Oaxaca,15.738267,-96.145576
4012000359,Acanthocereus tetragonus,Oaxaca,15.738912,-96.146583
3335381884,Acanthocereus tetragonus,Oaxaca,15.740352,-96.203548
3097200490,Acanthocereus tetragonus,Oaxaca,15.741529,-96.174278
3308738185,Acanthocereus tetragonus,Oaxaca,15.745,-96.15108
1901086771,Acanthocereus tetragonus,Oaxaca,15.748823,-96.203557
4453825637,Acanthocereus tetragonus,Oaxaca,15.750701,-96.124222
3058691964,Acanthocereus tetragonus,Oaxaca,15.751058,-96.170265
3499387649,Acanthocereus tetragonus,Oaxaca,15.751728,-96.125167
1837779874,Acanthocereus tetragonus,Oaxaca,15.753491,-96.188072
3764431419,Acanthocereus tetragonus,Oaxaca,15.754331,-96.170006
2883133722,Acanthocereus tetragonus,Oaxaca,15.754338,-96.189835
3399153941,Acanthocereus tetragonus,Oaxaca,15.754444,-96.148239
3302060103,Acanthocereus tetragonus,Oaxaca,15.75451,-96.148323
2366129906,Acanthocereus tetragonus,Oaxaca,15.75463,-96.148087
3070378148,Acanthocereus tetragonus,Oaxaca,15.754813,-96.146174
2465132277,Acanthocereus tetragonus,Oaxaca,15.754865,-96.150726
2856539711,Acanthocereus tetragonus,Oaxaca,15.754891,-96.151337
4453709598,Acanthocereus tetragonus,Oaxaca,15.755055,-96.151108
2529299877,Acanthocereus tetragonus,Oaxaca,15.755177,-96.151805
2634477294,Acanthocereus tetragonus,Oaxaca,15.755257,-96.144592
3070779478,Acanthocereus tetragonus,Oaxaca,15.755415,-96.144875
2465217815,Acanthocereus tetragonus,Oaxaca,15.755653,-96.156255
3097241434,Acanthocereus tetragonus,Oaxaca,15.755914,-96.166283
2609332516,Acanthocereus tetragonus,Oaxaca,15.75595,-96.165863
3067850067,Acanthocereus tetragonus,Oaxaca,15.75598,-96.167557
2620050136,Acanthocereus tetragonus,Oaxaca,15.759769,-96.130965
3385024449,Acanthocereus tetragonus,Oaxaca,15.760018,-96.179311
1837768238,Acanthocereus tetragonus,Oaxaca,15.760199,-96.180031
2366130524,Acanthocereus tetragonus,Oaxaca,15.7602,-96.180237
3058935076,Acanthocereus tetragonus,Oaxaca,15.760221,-96.180138
2620193671,Acanthocereus tetragonus,Oaxaca,15.760223,-96.13126
3058737931,Acanthocereus tetragonus,Oaxaca,15.760236,-96.180046
2366129381,Acanthocereus tetragonus,Oaxaca,15.76026,-96.180084
3355391668,Acanthocereus tetragonus,Oaxaca,15.760264,-96.180206
2366130004,Acanthocereus tetragonus,Oaxaca,15.7603,-96.180023
1837768274,Acanthocereus tetragonus,Oaxaca,15.760306,-96.180183
1837768219,Acanthocereus tetragonus,Oaxaca,15.760325,-96.180206
3772461468,Acanthocereus tetragonus,Oaxaca,15.760369,-96.180305
2234728235,Acanthocereus tetragonus,Oaxaca,15.760375,-96.180252
3384206326,Acanthocereus tetragonus,Oaxaca,15.760559,-96.180922
4103249359,Acanthocereus tetragonus,Oaxaca,15.760827,-96.138084
3308132000,Acanthocereus tetragonus,Oaxaca,15.76083,-96.18547
2619993911,Acanthocereus tetragonus,Oaxaca,15.760917,-96.131739
4111710268,Acanthocereus tetragonus,Oaxaca,15.761287,-96.139405
3117820802,Acanthocereus tetragonus,Oaxaca,15.761643,-96.137839
4413434484,Acanthocereus tetragonus,Oaxaca,15.762416,-96.191633
2882956691,Acanthocereus tetragonus,Oaxaca,15.76436,-96.193148
1702477906,Acanthocereus tetragonus,Oaxaca,15.764501,-96.128311
4510325114,Acanthocereus tetragonus,Oaxaca,15.765419,-96.170366
3994117940,Acanthocereus tetragonus,Oaxaca,15.765973,-96.13608
3772739384,Acanthocereus tetragonus,Oaxaca,15.766101,-96.136158
3773658187,Acanthocereus tetragonus,Oaxaca,15.766108,-96.136162
4442475699,Acanthocereus tetragonus,Oaxaca,15.766147,-96.136177
2611187514,Acanthocereus tetragonus,Oaxaca,15.766446,-96.130669
4111736660,Acanthocereus tetragonus,Oaxaca,15.766548,-96.130153
2237435840,Acanthocereus tetragonus,Oaxaca,15.766902,-96.117646
2634019154,Acanthocereus tetragonus,Oaxaca,15.768338,-96.121336
2634268156,Acanthocereus tetragonus,Oaxaca,15.768471,-96.121438
2597818112,Acanthocereus tetragonus,Oaxaca,15.768629,-96.134268
2633986819,Acanthocereus tetragonus,Oaxaca,15.769069,-96.122171
1562941833,Acanthocereus tetragonus,Oaxaca,15.769197,-96.134143
2239004201,Acanthocereus tetragonus,Oaxaca,15.769251,-96.135092
2813932503,Acanthocereus tetragonus,Oaxaca,15.76997,-96.136569
2597782731,Acanthocereus tetragonus,Oaxaca,15.771216,-96.13588
2239003031,Acanthocereus tetragonus,Oaxaca,15.772275,-96.136734
2597787757,Acanthocereus tetragonus,Oaxaca,15.772365,-96.136446
2611118889,Acanthocereus tetragonus,Oaxaca,15.77468,-96.121067
1880491279,Acanthocereus tetragonus,Oaxaca,15.775396,-96.231125
1837767876,Acanthocereus tetragonus,Oaxaca,15.776834,-96.175153
2634074440,Acanthocereus tetragonus,Oaxaca,15.77714,-96.127059
2626662965,Acanthocereus tetragonus,Oaxaca,15.777293,-96.126416
2988722527,Acanthocereus tetragonus,Oaxaca,15.777332,-96.176994
3772447341,Acanthocereus tetragonus,Oaxaca,15.777337,-96.125709
2882941043,Acanthocereus tetragonus,Oaxaca,15.777441,-96.208885
2626435779,Acanthocereus tetragonus,Oaxaca,15.777477,-96.126628
1836594824,Acanthocereus tetragonus,Oaxaca,15.777542,-96.208862
2626262030,Acanthocereus tetragonus,Oaxaca,15.777798,-96.127017
2634054463,Acanthocereus tetragonus,Oaxaca,15.777983,-96.127717
3090880917,Acanthocereus tetragonus,Oaxaca,15.778289,-96.210083
1836594844,Acanthocereus tetragonus,Oaxaca,15.778363,-96.210533
1836594874,Acanthocereus tetragonus,Oaxaca,15.778395,-96.210098
2883008728,Acanthocereus tetragonus,Oaxaca,15.778402,-96.210274
3772621438,Acanthocereus tetragonus,Oaxaca,15.778478,-96.184952
2242904307,Acanthocereus tetragonus,Oaxaca,15.778506,-96.17453
2550010536,Acanthocereus tetragonus,Oaxaca,15.778644,-96.212987
3090941976,Acanthocereus tetragonus,Oaxaca,15.778962,-96.210159
3772418476,Acanthocereus tetragonus,Oaxaca,15.779028,-96.071394
3499396610,Acanthocereus tetragonus,Oaxaca,15.779065,-96.071533
2814340945,Acanthocereus tetragonus,Oaxaca,15.77921,-96.07012
2803033198,Acanthocereus tetragonus,Oaxaca,15.77929,-96.071939
2814305821,Acanthocereus tetragonus,Oaxaca,15.779306,-96.071917
3070408398,Acanthocereus tetragonus,Oaxaca,15.779394,-96.071987
2236222839,Acanthocereus tetragonus,Oaxaca,15.779588,-96.212212
2239029712,Acanthocereus tetragonus,Oaxaca,15.779755,-96.213127
1836594502,Acanthocereus tetragonus,Oaxaca,15.779965,-96.211205
2992763619,Acanthocereus tetragonus,Oaxaca,15.780048,-96.071968
3090661927,Acanthocereus tetragonus,Oaxaca,15.780422,-96.2108
2883182619,Acanthocereus tetragonus,Oaxaca,15.780652,-96.187188
2609240897,Acanthocereus tetragonus,Oaxaca,15.78068,-96.16082
1948754487,Acanthocereus tetragonus,Oaxaca,15.780825,-96.067543
1901055210,Acanthocereus tetragonus,Oaxaca,15.78087,-96.199654
2883019546,Acanthocereus tetragonus,Oaxaca,15.781026,-96.187524
2856720762,Acanthocereus tetragonus,Oaxaca,15.781042,-96.06974
2550064506,Acanthocereus tetragonus,Oaxaca,15.781079,-96.19828
2626533626,Acanthocereus tetragonus,Oaxaca,15.781617,-96.061363
2626228643,Acanthocereus tetragonus,Oaxaca,15.781661,-96.060964
2626568758,Acanthocereus tetragonus,Oaxaca,15.782224,-96.060977
3307119146,Acanthocereus tetragonus,Oaxaca,15.782306,-96.060144
3058886823,Acanthocereus tetragonus,Oaxaca,15.782563,-96.060576
3059160806,Acanthocereus tetragonus,Oaxaca,15.782944,-96.060247
3712716211,Acanthocereus tetragonus,Oaxaca,15.782978,-96.060047
3059134532,Acanthocereus tetragonus,Oaxaca,15.783467,-96.059694
2641363518,Acanthocereus tetragonus,Oaxaca,15.784881,-96.059012
3308757530,Acanthocereus tetragonus,Oaxaca,15.788,-96.9402
1891338210,Acanthocereus tetragonus,Oaxaca,15.788591,-96.051437
3772617460,Acanthocereus tetragonus,Oaxaca,15.794909,-96.113342
3399452446,Acanthocereus tetragonus,Oaxaca,15.794927,-96.113304
2028499213,Acanthocereus tetragonus,Oaxaca,15.795114,-96.372292
2028499236,Acanthocereus tetragonus,Oaxaca,15.795148,-96.372139
2028499219,Acanthocereus tetragonus,Oaxaca,15.795427,-96.372406
3465978780,Acanthocereus tetragonus,Oaxaca,15.803705,-96.011665
3773233467,Acanthocereus tetragonus,Oaxaca,15.804431,-96.011589
4414415205,Acanthocereus tetragonus,Oaxaca,15.809147,-96.075005
4414192695,Acanthocereus tetragonus,Oaxaca,15.809508,-96.075242
4414364426,Acanthocereus tetragonus,Oaxaca,15.81043,-96.075561
4442361974,Acanthocereus tetragonus,Oaxaca,15.811181,-96.0749
4442630776,Acanthocereus tetragonus,Oaxaca,15.811689,-96.076117
2465363470,Acanthocereus tetragonus,Oaxaca,15.81382,-96.076607
2465315878,Acanthocereus tetragonus,Oaxaca,15.814515,-96.077769
3108995973,Acanthocereus tetragonus,Oaxaca,15.819453,-96.48168
3355259828,Acanthocereus tetragonus,Oaxaca,15.820746,-96.482888
3031957126,Acanthocereus tetragonus,Oaxaca,15.828089,-96.464657
1897568414,Acanthocereus tetragonus,Oaxaca,15.841667,-95.980278
4453960617,Acanthocereus tetragonus,Oaxaca,15.856687,-97.074403
4453666637,Acanthocereus tetragonus,Oaxaca,15.8567,-97.074378
4453873649,Acanthocereus tetragonus,Oaxaca,15.863165,-96.231874
2988502928,Acanthocereus tetragonus,Oaxaca,15.866619,-97.090859
3902432306,Acanthocereus tetragonus,Oaxaca,15.867261,-97.090356
2988596960,Acanthocereus tetragonus,Oaxaca,15.871403,-97.104717
4516402514,Acanthocereus tetragonus,Oaxaca,15.946956,-95.583798
3903181577,Acanthocereus tetragonus,Oaxaca,15.964153,-97.683556
3903229082,Acanthocereus tetragonus,Oaxaca,15.96428,-97.68348
4453895568,Acanthocereus tetragonus,Oaxaca,15.964328,-97.683587
3903184650,Acanthocereus tetragonus,Oaxaca,15.964353,-97.683617
3902600201,Acanthocereus tetragonus,Oaxaca,15.964433,-97.68425
3902381974,Acanthocereus tetragonus,Oaxaca,15.964478,-97.684233
2460068779,Acanthocereus tetragonus,Oaxaca,15.964569,-97.678136
3903150806,Acanthocereus tetragonus,Oaxaca,15.965092,-97.686119
2460031217,Acanthocereus tetragonus,Oaxaca,15.965892,-97.680635
4405207085,Acanthocereus tetragonus,Oaxaca,15.976547,-97.669067
4405181013,Acanthocereus tetragonus,Oaxaca,15.977319,-97.667489
3308742153,Acanthocereus tetragonus,Oaxaca,16.03086,-95.71058
4436131827,Acanthocereus tetragonus,Oaxaca,16.1636,-95.204617
3859347347,Acanthocereus tetragonus,Oaxaca,16.254412,-95.210053
4453721622,Acanthocereus tetragonus,Oaxaca,16.262092,-97.815163
1895203551,Acanthocereus tetragonus,Oaxaca,16.291667,-95.458333
4442371745,Acanthocereus tetragonus,Oaxaca,16.333139,-95.024422
1895516038,Acanthocereus tetragonus,Oaxaca,16.342083,-95.220522
1895528408,Acanthocereus tetragonus,Oaxaca,16.375408,-95.153836
4442374635,Acanthocereus tetragonus,Oaxaca,16.381476,-95.309017
1895528405,Acanthocereus tetragonus,Oaxaca,16.441267,-94.977894
4453812676,Acanthocereus tetragonus,Oaxaca,16.47682,-95.077987
4130196720,Acanthocereus tetragonus,Oaxaca,16.479988,-95.077626
1257692091,Acanthocereus tetragonus,Oaxaca,16.49,-94.372222
2993502745,Acanthocereus tetragonus,Oaxaca,16.51472,-94.96861
1257692104,Acanthocereus tetragonus,Oaxaca,16.514722,-94.968611
1257683088,Acanthocereus tetragonus,Oaxaca,16.525556,-94.962778
2861679324,Acanthocereus tetragonus,Oaxaca,16.52556,-94.96278
1257692053,Acanthocereus tetragonus,Oaxaca,16.5275,-94.961944
2898469060,Acanthocereus tetragonus,Oaxaca,16.545653,-96.337363
2898482031,Acanthocereus tetragonus,Oaxaca,16.561146,-96.372928
2898287025,Acanthocereus tetragonus,Oaxaca,16.563113,-96.370027
2901542570,Acanthocereus tetragonus,Oaxaca,16.566026,-96.344511
1895528420,Acanthocereus tetragonus,Oaxaca,16.573331,-94.866903
3308740454,Acanthocereus tetragonus,Oaxaca,16.57658,-95.98914
2898495042,Acanthocereus tetragonus,Oaxaca,16.582879,-96.358079
3308705290,Acanthocereus tetragonus,Oaxaca,16.615,-94.9517
2993499558,Acanthocereus tetragonus,Oaxaca,16.61861,-94.96972
1257692031,Acanthocereus tetragonus,Oaxaca,16.618611,-94.969722
3308675016,Acanthocereus tetragonus,Oaxaca,16.62031,-94.96508
4133972440,Acanthocereus tetragonus,Oaxaca,16.620949,-95.233391
1257682936,Acanthocereus tetragonus,Oaxaca,16.641667,-95.0075
3308456712,Acanthocereus tetragonus,Oaxaca,16.64167,-94.94722
1257692087,Acanthocereus tetragonus,Oaxaca,16.641944,-95.0075
3308713102,Acanthocereus tetragonus,Oaxaca,16.6625,-94.98639
3308732722,Acanthocereus tetragonus,Oaxaca,16.66472,-95.00722
3308074237,Acanthocereus tetragonus,Oaxaca,16.75286,-95.01397
3888780336,Acanthocereus tetragonus,Oaxaca,16.778134,-95.853425
3112325347,Acanthocereus tetragonus,Oaxaca,16.887174,-97.683652
1846494991,Acanthocereus tetragonus,Oaxaca,16.925009,-96.359109
3008481139,Acanthocereus tetragonus,Oaxaca,16.928476,-96.359217
2993515649,Acanthocereus tetragonus,Oaxaca,16.96611,-95.09972
1257682926,Acanthocereus tetragonus,Oaxaca,16.966111,-95.099722
4442373881,Acanthocereus tetragonus,Oaxaca,17.025831,-96.719369
2429275395,Acanthocereus tetragonus,Oaxaca,17.0261,-96.719544
2429270975,Acanthocereus tetragonus,Oaxaca,17.026101,-96.719525
2429272107,Acanthocereus tetragonus,Oaxaca,17.026104,-96.719534
2429272820,Acanthocereus tetragonus,Oaxaca,17.026108,-96.719535
1932320859,Acanthocereus tetragonus,Oaxaca,17.179077,-94.762442
3307878789,Acanthocereus tetragonus,Oaxaca,17.491667,-96.841667
3308658202,Acanthocereus tetragonus,Oaxaca,17.515,-97.0307
3307894424,Acanthocereus tetragonus,Oaxaca,17.517,-97.017
4453884658,Acanthocereus tetragonus,Oaxaca,17.824021,-96.297199
3343943621,Acanthocereus tetragonus,Oaxaca,18.097811,-97.112168
4453674542,Acanthocereus tetragonus,Oaxaca,18.099234,-95.896919
3308368505,Acanthocereus tetragonus,Oaxaca,18.133,-97.067
3308370383,Acanthocereus tetragonus,Oaxaca,18.1362,-97.0874
1257692094,Acanthocereus tetragonus,Oaxaca,18.136944,-97.079444
2629491202,Aporocactus flagelliformis,Oaxaca,18.116667,-97.066667
3307926863,Aporocactus martianus,Oaxaca,16.2,-96.95
3337974922,Aporocactus martianus,Oaxaca,16.202132,-96.739555
4453712479,Aporocactus martianus,Oaxaca,16.261827,-96.647702
4453814479,Aporocactus martianus,Oaxaca,16.268913,-96.617651
3338010415,Aporocactus martianus,Oaxaca,16.271115,-96.665191
3308521799,Aporocactus martianus,Oaxaca,16.30222,-96.30111
4453680488,Aporocactus martianus,Oaxaca,16.313143,-96.605751
1895256506,Aporocactus martianus,Oaxaca,16.358611,-95.378333
4138616465,Aporocactus martianus,Oaxaca,16.359924,-96.622307
3743329401,Aporocactus martianus,Oaxaca,16.374139,-96.655545
3338112028,Aporocactus martianus,Oaxaca,16.385148,-96.730596
4453674965,Aporocactus martianus,Oaxaca,16.392294,-96.610379
2898422077,Aporocactus martianus,Oaxaca,16.541306,-96.365286
2898425047,Aporocactus martianus,Oaxaca,16.549,-96.263114
3327765725,Aporocactus martianus,Oaxaca,16.896375,-96.304352
3308739276,Aporocactus martianus,Oaxaca,16.91047,-97.62383
1671727419,Aporocactus martianus,Oaxaca,16.922226,-97.536012
2311301607,Aporocactus martianus,Oaxaca,16.925371,-96.213144
3058696038,Aporocactus martianus,Oaxaca,17.056612,-96.724945
2465091821,Aporocactus martianus,Oaxaca,17.061169,-96.543623
1929081812,Aporocactus martianus,Oaxaca,17.067778,-96.72
2563604534,Aporocactus martianus,Oaxaca,17.077964,-96.436057
1893418994,Aporocactus martianus,Oaxaca,17.091667,-96.725
4075726865,Aporocactus martianus,Oaxaca,17.095468,-96.543534
1949871911,Aporocactus martianus,Oaxaca,17.13,-96.68
3125116436,Aporocactus martianus,Oaxaca,17.13333,-96.68333
1988604765,Aporocactus martianus,Oaxaca,17.133333,-96.683333
1258193392,Aporocactus martianus,Oaxaca,17.133611,-96.6775
2850666824,Aporocactus martianus,Oaxaca,17.137384,-96.554157
2239001297,Aporocactus martianus,Oaxaca,17.143763,-96.666695
3759593808,Aporocactus martianus,Oaxaca,17.14656,-96.411774
2294406235,Aporocactus martianus,Oaxaca,17.148112,-96.570302
2629757083,Aporocactus martianus,Oaxaca,17.156667,-96.714444
2898278121,Aporocactus martianus,Oaxaca,17.179836,-96.408904
4404988610,Aporocactus martianus,Oaxaca,17.184963,-96.555157
1920792516,Aporocactus martianus,Oaxaca,17.191931,-96.796159
3308061395,Aporocactus martianus,Oaxaca,17.20778,-96.43278
3308700085,Aporocactus martianus,Oaxaca,17.22778,-96.42583
1088946339,Aporocactus martianus,Oaxaca,17.248497,-96.542849
2465121311,Aporocactus martianus,Oaxaca,17.249272,-96.522593
2294401743,Aporocactus martianus,Oaxaca,17.292492,-96.452721
3308057817,Aporocactus martianus,Oaxaca,17.30033,-96.44253
1258655298,Aporocactus martianus,Oaxaca,17.32,-96.45
3308712507,Aporocactus martianus,Oaxaca,17.325,-96.48472
4440913604,Aporocactus martianus,Oaxaca,17.340417,-96.577517
1260325576,Aporocactus martianus,Oaxaca,17.36,-96.41
1895508584,Aporocactus martianus,Oaxaca,17.366667,-96.416667
2807630993,Aporocactus martianus,Oaxaca,17.36667,-96.41667
3308412865,Aporocactus martianus,Oaxaca,17.367,-96.417
2331853887,Aporocactus martianus,Oaxaca,17.376885,-96.51712
1258655386,Aporocactus martianus,Oaxaca,17.38,-96.5
3465131634,Aporocactus martianus,Oaxaca,17.38333,-96.55
2331855248,Aporocactus martianus,Oaxaca,17.390081,-96.54446
3308650167,Aporocactus martianus,Oaxaca,17.42667,-96.53833
3307767043,Aporocactus martianus,Oaxaca,17.457972,-96.938417
3308652165,Aporocactus martianus,Oaxaca,17.46667,-96.93861
3308756187,Aporocactus martianus,Oaxaca,17.47028,-96.9479
3308100249,Aporocactus martianus,Oaxaca,17.85894,-96.82756
1897488189,Aporocactus martianus,Oaxaca,17.902861,-96.807361
2265902466,Aporocactus martianus,Oaxaca,18.035412,-96.802582
1897488164,Aporocactus martianus,Oaxaca,18.065222,-96.754805
1897488140,Aporocactus martianus,Oaxaca,18.123222,-96.937055
1893924049,Aporocactus martianus,Oaxaca,18.1355,-96.963389
3307602472,Aporocactus martianus,Oaxaca,18.164167,-96.998333
3308710833,Aporocactus martianus,Oaxaca,18.16539,-96.9984
3308728383,Aporocactus martianus,Oaxaca,18.16556,-96.99833
3308075544,Aporocactus martianus,Oaxaca,18.167,-97.017
1092910000,Aporocactus martianus,Oaxaca,18.168351,-96.874509
1419218562,Aporocactus martianus,Oaxaca,25.5,-97.088889
1895769123,Cephalocereus apicicephalium,Oaxaca,16.325,-95.458333
1895769238,Cephalocereus apicicephalium,Oaxaca,16.3267,-96.3667
2242465541,Cephalocereus apicicephalium,Oaxaca,16.358333,-95.375
1895769199,Cephalocereus apicicephalium,Oaxaca,16.36,-95.378333
1895769116,Cephalocereus apicicephalium,Oaxaca,16.3699179,-95.3485016
3307794990,Cephalocereus apicicephalium,Oaxaca,16.3705,-95.3025105
1894553370,Cephalocereus apicicephalium,Oaxaca,16.375,-95.375
1894553373,Cephalocereus apicicephalium,Oaxaca,16.381111,-95.316944
1895769220,Cephalocereus apicicephalium,Oaxaca,16.391667,-95.341667
1895769139,Cephalocereus apicicephalium,Oaxaca,16.4225,-95.227222
1895769210,Cephalocereus apicicephalium,Oaxaca,16.424224,-95.545914
1895769244,Cephalocereus apicicephalium,Oaxaca,16.43633,-95.86633
1895767260,Cephalocereus apicicephalium,Oaxaca,16.436333,-95.866333
1896093235,Cephalocereus apicicephalium,Oaxaca,16.43639,-95.86639
3961230516,Cephalocereus apicicephalium,Oaxaca,16.441667,-95.025
3308739045,Cephalocereus apicicephalium,Oaxaca,16.44286,-95.360988
2897616305,Cephalocereus apicicephalium,Oaxaca,16.442891,-95.292501
3125238449,Cephalocereus apicicephalium,Oaxaca,16.450278,-95.212222
1895769150,Cephalocereus apicicephalium,Oaxaca,16.451293,-95.976756
1895769225,Cephalocereus apicicephalium,Oaxaca,16.458333,-94.886667
4522718508,Cephalocereus apicicephalium,Oaxaca,16.461564,-94.922156
4522779555,Cephalocereus apicicephalium,Oaxaca,16.473333,-94.83
3308442113,Cephalocereus apicicephalium,Oaxaca,16.480214,-96.231565
2826366585,Cephalocereus apicicephalium,Oaxaca,16.481912,-95.205505
1895769143,Cephalocereus apicicephalium,Oaxaca,16.486687,-96.393571
4522776999,Cephalocereus apicicephalium,Oaxaca,16.53453,-96.387575
1895769167,Cephalocereus apicicephalium,Oaxaca,16.541097,-94.940848
2898307046,Cephalocereus apicicephalium,Oaxaca,16.558333,-94.941667
2898311027,Cephalocereus apicicephalium,Oaxaca,16.5643,-95.25974
2898437075,Cephalocereus apicicephalium,Oaxaca,16.57803,-96.204355
4522748732,Cephalocereus apicicephalium,Oaxaca,16.579985,-95.25717
1895769215,Cephalocereus apicicephalium,Oaxaca,16.580393,-95.459535
4168485140,Cephalocereus apicicephalium,Oaxaca,16.581287,-94.995246
4522767509,Cephalocereus apicicephalium,Oaxaca,16.587354,-94.874018
2901764584,Cephalocereus apicicephalium,Oaxaca,16.6215967,-96.0375286
4522747577,Cephalocereus apicicephalium,Oaxaca,16.633333,-95.983333
2529319476,Cephalocereus apicicephalium,Oaxaca,16.640603,-96.076702
4522767716,Cephalocereus apicicephalium,Oaxaca,16.640954,-95.134699
1894553262,Cephalocereus apicicephalium,Oaxaca,16.647563,-96.189776
1895769253,Cephalocereus apicicephalium,Oaxaca,16.65,-96.083
4522750593,Cephalocereus apicicephalium,Oaxaca,16.658333,-96.258333
1291059563,Cephalocereus apicicephalium,Oaxaca,16.663056,-96.296111
2294406210,Cephalocereus apicicephalium,Oaxaca,16.670556,-95.011944
2294406109,Cephalocereus apicicephalium,Oaxaca,16.671383,-95.668261
4522731486,Cephalocereus apicicephalium,Oaxaca,16.675,-97.091667
3308707798,Cephalocereus apicicephalium,Oaxaca,16.676255,-96.127313
2268990683,Cephalocereus apicicephalium,Oaxaca,16.683912,-94.930282
2268990526,Cephalocereus apicicephalium,Oaxaca,16.684169,-94.826848
3859409633,Cephalocereus apicicephalium,Oaxaca,16.698333,-96.33
1895769154,Cephalocereus apicicephalium,Oaxaca,16.702005,-96.15946
1895769176,Cephalocereus apicicephalium,Oaxaca,16.725101,-95.149417
3308208383,Cephalocereus apicicephalium,Oaxaca,16.733427,-97.105969
3325543000,Cephalocereus apicicephalium,Oaxaca,16.735186,-96.393706
3067858595,Cephalocereus apicicephalium,Oaxaca,16.740233,-96.054525
4522745842,Cephalocereus apicicephalium,Oaxaca,16.769487,-96.016546
4522751744,Cephalocereus apicicephalium,Oaxaca,16.779829,-94.833914
4522778964,Cephalocereus apicicephalium,Oaxaca,16.788498,-97.054693
4522750762,Cephalocereus apicicephalium,Oaxaca,16.793152,-95.185173
1894569505,Cephalocereus columna-trajani,Oaxaca,17.723139,-97.010417
1894569536,Cephalocereus columna-trajani,Oaxaca,17.724444,-97.009722
1894569408,Cephalocereus columna-trajani,Oaxaca,17.728528,-96.993028
1894569516,Cephalocereus columna-trajani,Oaxaca,17.729778,-96.988694
1991406912,Cephalocereus columna-trajani,Oaxaca,17.754495,-96.95945
1895768286,Cephalocereus columna-trajani,Oaxaca,17.7575,-96.9575
1894569527,Cephalocereus columna-trajani,Oaxaca,17.80025,-97.028083
1894569474,Cephalocereus columna-trajani,Oaxaca,17.804167,-97.026944
3307601822,Cephalocereus columna-trajani,Oaxaca,17.806583,-96.970194
1894569481,Cephalocereus columna-trajani,Oaxaca,17.808611,-97.01725
4413710780,Cephalocereus columna-trajani,Oaxaca,17.815114,-97.002403
1894569466,Cephalocereus columna-trajani,Oaxaca,17.816444,-97.004528
1893917341,Cephalocereus columna-trajani,Oaxaca,17.857761,-97.050383
1893917414,Cephalocereus columna-trajani,Oaxaca,17.858345,-97.050065
1893917399,Cephalocereus columna-trajani,Oaxaca,17.858785,-97.049787
2862625398,Cephalocereus columna-trajani,Oaxaca,17.861047,-97.045309
4062647334,Cephalocereus columna-trajani,Oaxaca,17.861194,-97.092233
3961367454,Cephalocereus columna-trajani,Oaxaca,17.862309,-97.043892
3960990466,Cephalocereus columna-trajani,Oaxaca,17.86244,-97.040087
3960996455,Cephalocereus columna-trajani,Oaxaca,17.862453,-97.040246
3079774242,Cephalocereus columna-trajani,Oaxaca,17.876126,-97.093363
3079902127,Cephalocereus columna-trajani,Oaxaca,17.8787,-97.094247
3079706226,Cephalocereus columna-trajani,Oaxaca,17.892891,-97.086962
3079750220,Cephalocereus columna-trajani,Oaxaca,17.893016,-97.08784
3079765134,Cephalocereus columna-trajani,Oaxaca,17.893451,-97.087495
3079701144,Cephalocereus columna-trajani,Oaxaca,17.903464,-97.073714
3079888160,Cephalocereus columna-trajani,Oaxaca,17.903828,-97.07364
3079610211,Cephalocereus columna-trajani,Oaxaca,17.903883,-97.07377
1896093286,Cephalocereus columna-trajani,Oaxaca,18.083889,-97.351083
1894569502,Cephalocereus columna-trajani,Oaxaca,18.095,-97.088056
3307683927,Cephalocereus columna-trajani,Oaxaca,18.1045,-97.336972
4172305521,Cephalocereus columna-trajani,Oaxaca,18.125912,-97.330948
1894569514,Cephalocereus columna-trajani,Oaxaca,18.145278,-97.306111
4172188278,Cephalocereus columna-trajani,Oaxaca,18.152276,-97.290312
3079639108,Cephalocereus columna-trajani,Oaxaca,18.195339,-97.673693
2425457251,Cephalocereus parvispinus,Oaxaca,17.183333,-97.416667
3338159829,Coryphantha elephantidens,Oaxaca,16.289287,-96.63064
3338151636,Coryphantha elephantidens,Oaxaca,16.289331,-96.630763
3355049780,Coryphantha elephantidens,Oaxaca,16.289405,-96.630444
3308673879,Coryphantha elephantidens,Oaxaca,16.29333,-96.30167
3858480914,Coryphantha elephantidens,Oaxaca,16.317307,-96.637695
2898428069,Coryphantha elephantidens,Oaxaca,16.579887,-96.331691
1677278449,Coryphantha elephantidens,Oaxaca,16.6,-96.23
1677278450,Coryphantha elephantidens,Oaxaca,16.67583,-96.24336
1897600941,Coryphantha elephantidens,Oaxaca,16.686548,-96.321434
3416106943,Coryphantha elephantidens,Oaxaca,16.689065,-96.210964
3415712095,Coryphantha elephantidens,Oaxaca,16.785751,-96.693192
1986520557,Coryphantha elephantidens,Oaxaca,16.792137,-96.69475
4442568477,Coryphantha elephantidens,Oaxaca,16.796272,-95.911189
3384415293,Coryphantha elephantidens,Oaxaca,16.803381,-96.625379
3355040669,Coryphantha elephantidens,Oaxaca,16.806098,-96.667743
2901513207,Coryphantha elephantidens,Oaxaca,16.810581,-96.637854
2242804288,Coryphantha elephantidens,Oaxaca,16.814818,-96.700949
1913718359,Coryphantha elephantidens,Oaxaca,16.857029,-96.674636
4137646962,Coryphantha elephantidens,Oaxaca,16.866325,-96.275896
1935605007,Coryphantha elephantidens,Oaxaca,16.866458,-96.275945
2465091174,Coryphantha elephantidens,Oaxaca,16.868662,-96.275971
4405208603,Coryphantha elephantidens,Oaxaca,16.875183,-96.602213
2826197138,Coryphantha elephantidens,Oaxaca,16.921604,-96.399306
4121261511,Coryphantha elephantidens,Oaxaca,16.928262,-96.359192
2429321870,Coryphantha elephantidens,Oaxaca,16.934334,-96.781991
4507973518,Coryphantha elephantidens,Oaxaca,17.027245,-96.719778
1883566030,Coryphantha elephantidens,Oaxaca,17.040661,-96.598056
4127114527,Coryphantha elephantidens,Oaxaca,17.040997,-96.870064
4121145809,Coryphantha elephantidens,Oaxaca,17.064632,-96.721839
3455729838,Coryphantha elephantidens,Oaxaca,17.073407,-96.889051
3860052933,Coryphantha elephantidens,Oaxaca,17.078514,-96.783674
3902392178,Coryphantha elephantidens,Oaxaca,17.08436,-96.735698
2465118755,Coryphantha elephantidens,Oaxaca,17.115774,-96.697464
2465087218,Coryphantha elephantidens,Oaxaca,17.130775,-96.662232
3902575006,Coryphantha elephantidens,Oaxaca,17.144103,-96.744445
1913692368,Coryphantha elephantidens,Oaxaca,17.147033,-96.786889
3320956539,Coryphantha elephantidens,Oaxaca,17.215037,-96.72471
2465116856,Coryphantha elephantidens,Oaxaca,17.219033,-96.808828
2898490100,Coryphantha elephantidens,Oaxaca,17.263218,-96.869459
1899816347,Coryphantha elephantidens,Oaxaca,17.405322,-96.932031
4522674808,Coryphantha elephantidens,Oaxaca,17.405436,-96.931175
4522742829,Coryphantha elephantidens,Oaxaca,17.405736,-96.931694
4522709819,Coryphantha elephantidens,Oaxaca,17.405789,-96.930992
4522715131,Coryphantha elephantidens,Oaxaca,17.50384,-98.024168
2818643545,Coryphantha elephantidens,Oaxaca,17.57514,-96.845453
3018005032,Coryphantha elephantidens,Oaxaca,17.602746,-97.854405
2465270394,Coryphantha elephantidens,Oaxaca,17.646915,-97.12131
3468901035,Coryphantha elephantidens,Oaxaca,17.667874,-97.123705
2864727373,Coryphantha elephantidens,Oaxaca,17.704941,-97.899377
2850632964,Coryphantha elephantidens,Oaxaca,17.712683,-97.8903
2873881441,Coryphantha elephantidens,Oaxaca,17.762689,-98.158665
4522657221,Coryphantha elephantidens,Oaxaca,17.777994,-97.824849
4076228036,Coryphantha pallida,Oaxaca,16.29399,-96.629982
4076285019,Coryphantha pallida,Oaxaca,16.294025,-96.629967
3859203932,Coryphantha pallida,Oaxaca,16.31694,-96.64267
3874111000,Coryphantha pallida,Oaxaca,16.318675,-96.637847
4522720780,Coryphantha pallida,Oaxaca,16.866794,-96.277092
3308713061,Coryphantha pallida,Oaxaca,17.319028,-97.217483
3308342228,Coryphantha pallida,Oaxaca,17.32525,-97.117917
3308082714,Coryphantha pallida,Oaxaca,17.32564,-97.25172
3308736324,Coryphantha pallida,Oaxaca,17.33337,-97.21692
3308607230,Coryphantha pallida,Oaxaca,17.360722,-97.171361
3308080967,Coryphantha pallida,Oaxaca,17.36381,-97.15251
3308058277,Coryphantha pallida,Oaxaca,17.37333,-97.19389
3308082479,Coryphantha pallida,Oaxaca,17.38428,-97.18535
3308465887,Coryphantha pallida,Oaxaca,17.412861,-97.022583
3308672742,Coryphantha pallida,Oaxaca,17.41747,-97.3275
3308108415,Coryphantha pallida,Oaxaca,17.41961,-97.13103
3308713279,Coryphantha pallida,Oaxaca,17.43858,-97.03527
3308107960,Coryphantha pallida,Oaxaca,17.4594,-97.1761
1668890545,Coryphantha pallida,Oaxaca,17.46,-97
3308672744,Coryphantha pallida,Oaxaca,17.46744,-97.06133
3308662066,Coryphantha pallida,Oaxaca,17.47719,-97.2012
3308660141,Coryphantha pallida,Oaxaca,17.4905,-97.217472
3308078369,Coryphantha pallida,Oaxaca,17.50042,-97.45733
2243008645,Coryphantha pallida,Oaxaca,17.504962,-97.459191
3308105181,Coryphantha pallida,Oaxaca,17.51784,-97.15243
3308085586,Coryphantha pallida,Oaxaca,17.54942,-97.32988
1212004827,Coryphantha pallida,Oaxaca,17.551613,-97.320982
2641570428,Coryphantha pallida,Oaxaca,17.552005,-98.042082
3070511356,Coryphantha pallida,Oaxaca,17.55546,-97.277264
3308277198,Coryphantha pallida,Oaxaca,17.559778,-97.513139
3307713207,Coryphantha pallida,Oaxaca,17.563333,-97.470667
3308113464,Coryphantha pallida,Oaxaca,17.576194,-97.187972
3308713280,Coryphantha pallida,Oaxaca,17.58317,-97.05275
4034768518,Coryphantha pallida,Oaxaca,17.602205,-97.343561
4424692973,Coryphantha pallida,Oaxaca,17.609336,-96.925194
2005266762,Coryphantha pallida,Oaxaca,17.609399,-96.924249
2868362500,Coryphantha pallida,Oaxaca,17.611329,-96.903676
3963712338,Coryphantha pallida,Oaxaca,17.644899,-96.911049
1914252646,Coryphantha pallida,Oaxaca,17.648942,-96.913822
1805402272,Coryphantha pallida,Oaxaca,17.649666,-96.91349
1453364777,Coryphantha pallida,Oaxaca,17.658761,-96.937909
3455968861,Coryphantha pallida,Oaxaca,17.664607,-97.25885
1897601918,Coryphantha pallida,Oaxaca,17.66875,-97.532528
1898846492,Coryphantha pallida,Oaxaca,17.668938,-97.928009
3308466443,Coryphantha pallida,Oaxaca,17.67267,-97.43075
3985728499,Coryphantha pallida,Oaxaca,17.677348,-97.553781
3308656600,Coryphantha pallida,Oaxaca,17.68306,-96.95639
1990633117,Coryphantha pallida,Oaxaca,17.683569,-96.958912
1897601882,Coryphantha pallida,Oaxaca,17.684972,-97.4355
3881701333,Coryphantha pallida,Oaxaca,17.688544,-96.957254
1897601864,Coryphantha pallida,Oaxaca,17.691917,-97.407055
3070501380,Coryphantha pallida,Oaxaca,17.695768,-96.931702
2980989516,Coryphantha pallida,Oaxaca,17.702177,-97.245742
1291146796,Coryphantha pallida,Oaxaca,17.703575,-97.582377
3881456273,Coryphantha pallida,Oaxaca,17.705408,-97.259231
3308009150,Coryphantha pallida,Oaxaca,17.70567,-96.95572
2518113918,Coryphantha pallida,Oaxaca,17.713486,-96.937145
219010926,Coryphantha pallida,Oaxaca,17.716667,-97.383333
2981094079,Coryphantha pallida,Oaxaca,17.720346,-97.320591
3308509504,Coryphantha pallida,Oaxaca,17.725,-97.391667
1897601866,Coryphantha pallida,Oaxaca,17.726389,-97.366666
3314344435,Coryphantha pallida,Oaxaca,17.735455,-96.98797
3308061238,Coryphantha pallida,Oaxaca,17.73972,-97.52694
3118212383,Coryphantha pallida,Oaxaca,17.743196,-97.295507
1894564750,Coryphantha pallida,Oaxaca,17.746111,-96.983889
1894564642,Coryphantha pallida,Oaxaca,17.746667,-96.9775
1914192809,Coryphantha pallida,Oaxaca,17.758424,-96.962854
3881506050,Coryphantha pallida,Oaxaca,17.762446,-97.399927
1894564688,Coryphantha pallida,Oaxaca,17.764722,-97.270306
2596383182,Coryphantha pallida,Oaxaca,17.780115,-97.094752
2596394229,Coryphantha pallida,Oaxaca,17.780279,-97.094409
3881608019,Coryphantha pallida,Oaxaca,17.780446,-97.292554
1894564752,Coryphantha pallida,Oaxaca,17.785,-97.055278
1897567244,Coryphantha pallida,Oaxaca,17.795556,-97.029444
3308621875,Coryphantha pallida,Oaxaca,17.79556,-97.02944
1894564737,Coryphantha pallida,Oaxaca,17.796111,-97.040278
2557749714,Coryphantha pallida,Oaxaca,17.797016,-96.960256
3308113998,Coryphantha pallida,Oaxaca,17.80194,-97.34056
1897601064,Coryphantha pallida,Oaxaca,17.802083,-97.138694
2273279266,Coryphantha pallida,Oaxaca,17.803182,-96.976819
3455963251,Coryphantha pallida,Oaxaca,17.804,-97.303
3308091369,Coryphantha pallida,Oaxaca,17.80439,-97.49286
2859965171,Coryphantha pallida,Oaxaca,17.80722,-97.457553
1894564702,Coryphantha pallida,Oaxaca,17.808333,-96.991111
1894564657,Coryphantha pallida,Oaxaca,17.809444,-96.989444
1897601008,Coryphantha pallida,Oaxaca,17.81163,-97.01469
4413854935,Coryphantha pallida,Oaxaca,17.813289,-97.000961
1897601009,Coryphantha pallida,Oaxaca,17.81355,-97.00133
1640041405,Coryphantha pallida,Oaxaca,17.815436,-96.996467
3308509505,Coryphantha pallida,Oaxaca,17.81667,-97.48333
3113460725,Coryphantha pallida,Oaxaca,17.822431,-97.340432
3307794488,Coryphantha pallida,Oaxaca,17.832389,-96.941028
3308117061,Coryphantha pallida,Oaxaca,17.83333,-97.49528
1897601027,Coryphantha pallida,Oaxaca,17.835886,-97.022805
1894566706,Coryphantha pallida,Oaxaca,17.838333,-97.231389
3415856481,Coryphantha pallida,Oaxaca,17.848501,-97.018293
1897601869,Coryphantha pallida,Oaxaca,17.849861,-97.234361
3307794187,Coryphantha pallida,Oaxaca,17.85,-96.967
1894564654,Coryphantha pallida,Oaxaca,17.850556,-97.023056
1897601880,Coryphantha pallida,Oaxaca,17.852778,-97.192777
1990612500,Coryphantha pallida,Oaxaca,17.853698,-97.357721
3881387301,Coryphantha pallida,Oaxaca,17.856084,-97.264154
4080938116,Coryphantha pallida,Oaxaca,17.856271,-97.065398
3772691207,Coryphantha pallida,Oaxaca,17.861384,-97.043633
2862603368,Coryphantha pallida,Oaxaca,17.861537,-97.042563
3773096958,Coryphantha pallida,Oaxaca,17.861895,-97.046361
3772871259,Coryphantha pallida,Oaxaca,17.86204,-97.046349
3985623599,Coryphantha pallida,Oaxaca,17.862068,-97.046494
2862677390,Coryphantha pallida,Oaxaca,17.862087,-97.038047
3986095536,Coryphantha pallida,Oaxaca,17.862228,-97.046394
3773408409,Coryphantha pallida,Oaxaca,17.862404,-97.042641
3966480433,Coryphantha pallida,Oaxaca,17.862566,-97.044684
3772517791,Coryphantha pallida,Oaxaca,17.86298,-97.038683
1272093382,Coryphantha pallida,Oaxaca,17.862998,-97.037548
3773696374,Coryphantha pallida,Oaxaca,17.863538,-97.038711
3985654572,Coryphantha pallida,Oaxaca,17.864136,-97.037437
3772497236,Coryphantha pallida,Oaxaca,17.864158,-97.037056
2826318078,Coryphantha pallida,Oaxaca,17.864322,-97.03698
3963228683,Coryphantha pallida,Oaxaca,17.864607,-97.034322
3772590147,Coryphantha pallida,Oaxaca,17.86471,-97.035889
3773623950,Coryphantha pallida,Oaxaca,17.8648,-97.035683
3302011917,Coryphantha pallida,Oaxaca,17.864839,-97.036666
3772496840,Coryphantha pallida,Oaxaca,17.865228,-97.034645
3773464227,Coryphantha pallida,Oaxaca,17.865236,-97.03256
3773758513,Coryphantha pallida,Oaxaca,17.865259,-97.032135
3407913067,Coryphantha pallida,Oaxaca,17.865569,-97.031156
3892264909,Coryphantha pallida,Oaxaca,17.866653,-97.035258
3902268959,Coryphantha pallida,Oaxaca,17.867225,-97.037047
1920793589,Coryphantha pallida,Oaxaca,17.868599,-97.026322
1920793580,Coryphantha pallida,Oaxaca,17.868701,-97.025571
2596127677,Coryphantha pallida,Oaxaca,17.868803,-97.023507
4177077705,Coryphantha pallida,Oaxaca,17.869281,-97.019756
4507830303,Coryphantha pallida,Oaxaca,17.873157,-97.353651
1914251300,Coryphantha pallida,Oaxaca,17.8876,-97.263336
2239056314,Coryphantha pallida,Oaxaca,17.893419,-96.982434
3415655133,Coryphantha pallida,Oaxaca,17.900879,-96.981603
1914251162,Coryphantha pallida,Oaxaca,17.902269,-96.966619
2013689367,Coryphantha pallida,Oaxaca,17.902603,-97.352555
1914195746,Coryphantha pallida,Oaxaca,17.904733,-96.970153
2237523424,Coryphantha pallida,Oaxaca,17.904863,-97.468704
1586926106,Coryphantha pallida,Oaxaca,17.91443,-97.453279
891025805,Coryphantha pallida,Oaxaca,17.917166,-97.418282
4522655000,Coryphantha pallida,Oaxaca,17.938669,-97.009911
2239057612,Coryphantha pallida,Oaxaca,17.942429,-97.36877
1668903295,Coryphantha pallida,Oaxaca,17.979898,-97.014603
2984413794,Coryphantha pallida,Oaxaca,18.004478,-97.470403
1894564696,Coryphantha pallida,Oaxaca,18.007778,-97.052222
3859955395,Coryphantha pallida,Oaxaca,18.009418,-97.653069
3859371403,Coryphantha pallida,Oaxaca,18.027174,-97.683144
3859882398,Coryphantha pallida,Oaxaca,18.027885,-97.682727
1894563043,Coryphantha pallida,Oaxaca,18.028833,-97.024667
1291082980,Coryphantha pallida,Oaxaca,18.048411,-97.116158
1897600975,Coryphantha pallida,Oaxaca,18.05105,-97.04788
1894564728,Coryphantha pallida,Oaxaca,18.072222,-97.080556
3307893626,Coryphantha pallida,Oaxaca,18.083,-97.167
2574208771,Coryphantha pallida,Oaxaca,18.090218,-97.016616
1894564723,Coryphantha pallida,Oaxaca,18.103333,-97.623889
4431273569,Coryphantha pallida,Oaxaca,18.124172,-97.163558
1897601004,Coryphantha pallida,Oaxaca,18.129999,-97.058888
4430888631,Coryphantha pallida,Oaxaca,18.167147,-97.166497
1893442107,Coryphantha pycnacantha,Oaxaca,17.475,-97.225
1896091212,Coryphantha pycnacantha,Oaxaca,17.485361,-97.218583
4102607793,Coryphantha retusa,Oaxaca,16.186773,-96.586652
3858428974,Coryphantha retusa,Oaxaca,16.208367,-96.729281
3031791466,Coryphantha retusa,Oaxaca,16.20954,-96.473454
3985627510,Coryphantha retusa,Oaxaca,16.21969,-96.689381
3355113773,Coryphantha retusa,Oaxaca,16.226694,-96.779069
3067980304,Coryphantha retusa,Oaxaca,16.236555,-96.762657
4075696030,Coryphantha retusa,Oaxaca,16.244274,-96.713027
4075659959,Coryphantha retusa,Oaxaca,16.248773,-96.765612
3860679394,Coryphantha retusa,Oaxaca,16.254835,-96.678957
3872874689,Coryphantha retusa,Oaxaca,16.262185,-96.634426
3881817558,Coryphantha retusa,Oaxaca,16.264666,-96.600389
4067685509,Coryphantha retusa,Oaxaca,16.274029,-96.75059
4067463513,Coryphantha retusa,Oaxaca,16.280339,-96.750986
3881825608,Coryphantha retusa,Oaxaca,16.296019,-96.668955
3988432460,Coryphantha retusa,Oaxaca,16.296925,-96.68197
4075663017,Coryphantha retusa,Oaxaca,16.302235,-96.705809
4039174602,Coryphantha retusa,Oaxaca,16.304107,-96.784673
3985771655,Coryphantha retusa,Oaxaca,16.304718,-96.674658
4076339776,Coryphantha retusa,Oaxaca,16.306339,-96.645383
3407945015,Coryphantha retusa,Oaxaca,16.343695,-96.763569
4075926858,Coryphantha retusa,Oaxaca,16.343882,-96.747113
3858592932,Coryphantha retusa,Oaxaca,16.345911,-96.669294
3859843398,Coryphantha retusa,Oaxaca,16.348196,-96.696139
3860401945,Coryphantha retusa,Oaxaca,16.348572,-96.734461
1897600331,Coryphantha retusa,Oaxaca,16.35797,-96.52955
3985664664,Coryphantha retusa,Oaxaca,16.36533,-96.644094
3986021691,Coryphantha retusa,Oaxaca,16.366378,-96.730836
3415944077,Coryphantha retusa,Oaxaca,16.385185,-96.793307
3988568470,Coryphantha retusa,Oaxaca,16.388843,-96.774484
4075783734,Coryphantha retusa,Oaxaca,16.390363,-96.671
4075699988,Coryphantha retusa,Oaxaca,16.39522,-96.676417
4067514553,Coryphantha retusa,Oaxaca,16.398957,-96.798903
2898503030,Coryphantha retusa,Oaxaca,16.404557,-96.395811
2898263049,Coryphantha retusa,Oaxaca,16.420578,-96.387367
2239057189,Coryphantha retusa,Oaxaca,16.473221,-96.668726
4130252510,Coryphantha retusa,Oaxaca,16.481942,-95.564298
4519153503,Coryphantha retusa,Oaxaca,16.584968,-96.442042
2898317543,Coryphantha retusa,Oaxaca,16.728566,-96.922822
3109144505,Coryphantha retusa,Oaxaca,16.806049,-96.582395
2397708806,Coryphantha retusa,Oaxaca,16.836327,-96.258311
1897600315,Coryphantha retusa,Oaxaca,16.83638,-96.36525
3468702125,Coryphantha retusa,Oaxaca,16.839375,-96.328638
4111800418,Coryphantha retusa,Oaxaca,16.840153,-96.311414
3892583840,Coryphantha retusa,Oaxaca,16.864492,-96.277268
2999076107,Coryphantha retusa,Oaxaca,16.882629,-96.593995
4405086173,Coryphantha retusa,Oaxaca,16.892427,-96.413092
1931517056,Coryphantha retusa,Oaxaca,16.899499,-96.596576
1258872355,Coryphantha retusa,Oaxaca,16.917778,-96.386667
1897600337,Coryphantha retusa,Oaxaca,16.922417,-96.331555
2818541496,Coryphantha retusa,Oaxaca,16.925892,-96.360141
3308090463,Coryphantha retusa,Oaxaca,16.93433,-96.39914
3308109710,Coryphantha retusa,Oaxaca,16.93942,-96.40061
1897600359,Coryphantha retusa,Oaxaca,16.99644,-96.44144
1897600321,Coryphantha retusa,Oaxaca,17.041194,-96.516889
1891356760,Coryphantha retusa,Oaxaca,17.121612,-96.785345
4465657744,Coryphantha retusa,Oaxaca,17.192402,-96.95657
4129815042,Coryphantha retusa,Oaxaca,17.374084,-96.976846
4171651154,Coryphantha retusa,Oaxaca,17.43368,-97.457032
3308517990,Coryphantha retusa,Oaxaca,17.47375,-97.221056
2465154952,Coryphantha retusa,Oaxaca,17.633357,-97.861972
4062939864,Coryphantha retusa,Oaxaca,17.634339,-97.821575
2981009578,Coryphantha retusa,Oaxaca,17.679703,-97.631421
1898846743,Coryphantha retusa,Oaxaca,17.686627,-97.838108
3307794191,Coryphantha retusa,Oaxaca,17.7,-97.66667
3067717397,Coryphantha retusa,Oaxaca,17.704439,-97.774907
1897600334,Coryphantha retusa,Oaxaca,17.709694,-97.646472
3915431162,Coryphantha retusa,Oaxaca,17.726874,-97.497462
1668840376,Coryphantha retusa,Oaxaca,17.75247,-97.637199
2429261893,Coryphantha retusa,Oaxaca,17.757392,-97.204134
1898846747,Coryphantha retusa,Oaxaca,17.787316,-97.936522
3307610333,Coryphantha retusa,Oaxaca,17.8,-97.8
3335341139,Coryphantha retusa,Oaxaca,17.80997,-97.757694
1258193065,Coryphantha retusa,Oaxaca,17.811111,-97.779167
219010927,Coryphantha retusa,Oaxaca,17.816667,-97.483333
1897600324,Coryphantha retusa,Oaxaca,17.82216,-97.79655
1894555019,Coryphantha retusa,Oaxaca,17.822167,-97.796556
3308091371,Coryphantha retusa,Oaxaca,17.82283,-97.75556
3343868560,Coryphantha retusa,Oaxaca,17.842921,-97.270286
1897600310,Coryphantha retusa,Oaxaca,17.852417,-97.797944
2429521935,Coryphantha retusa,Oaxaca,17.865837,-97.451119
1897600339,Coryphantha retusa,Oaxaca,17.875,-97.362222
3468949060,Coryphantha retusa,Oaxaca,17.887979,-97.523096
2802748530,Coryphantha retusa,Oaxaca,17.899794,-97.606674
2850698567,Coryphantha retusa,Oaxaca,17.906906,-98.012046
3985657513,Coryphantha retusa,Oaxaca,17.911767,-97.660942
1898846445,Coryphantha retusa,Oaxaca,17.936586,-98.16772
1891290118,Coryphantha retusa,Oaxaca,17.942117,-97.563416
1890676771,Coryphantha retusa,Oaxaca,17.942188,-97.446491
2239057001,Coryphantha retusa,Oaxaca,17.947183,-97.634523
2901520823,Coryphantha retusa,Oaxaca,17.966614,-97.9231
2574087955,Coryphantha retusa,Oaxaca,17.988563,-97.399666
2239057763,Coryphantha retusa,Oaxaca,18.008094,-97.257065
4054738560,Coryphantha retusa,Oaxaca,18.023779,-97.650602
1897600303,Coryphantha retusa,Oaxaca,18.05925,-97.692833
3858237406,Coryphantha retusa,Oaxaca,18.078117,-97.728674
3858271415,Coryphantha retusa,Oaxaca,18.096336,-97.623198
4507845589,Coryphantha retusa,Oaxaca,18.106955,-97.796463
3385221664,Coryphantha retusa,Oaxaca,18.143345,-97.645804
3307414820,Coryphantha retusa,Oaxaca,18.166689,-97.613474
1897600327,Coryphantha retusa,Oaxaca,18.203083,-97.6625
1897600291,Coryphantha retusa,Oaxaca,18.20875,-97.658611
2294760120,Coryphantha retusa,Oaxaca,18.317025,-97.635196
2239055653,Coryphantha retusa,Oaxaca,18.323939,-97.630252
1894565251,Cylindropuntia leptocaulis,Oaxaca,17.723056,-97.004167
1894565334,Cylindropuntia leptocaulis,Oaxaca,17.893333,-96.998889
2629785851,Cylindropuntia prolifera,Oaxaca,17.642262,-97.990959
1258690426,Disocactus ackermannii,Oaxaca,16.68,-95.53
1895233032,Disocactus ackermannii,Oaxaca,16.684167,-95.528055
3112527334,Disocactus ackermannii,Oaxaca,16.875958,-97.660372
1260330090,Disocactus ackermannii,Oaxaca,17.03,-96.06
3058897917,Disocactus ackermannii,Oaxaca,17.046725,-97.620699
3308378914,Disocactus ackermannii,Oaxaca,17.233,-96.083
3307627751,Disocactus ackermannii,Oaxaca,17.25,-96.033
3308544971,Disocactus ackermannii,Oaxaca,17.3,-96.03333
1893731821,Disocactus ackermannii,Oaxaca,17.533333,-96.553333
3308081915,Disocactus ackermannii,Oaxaca,17.53917,-96.38444
3764153085,Disocactus ackermannii,Oaxaca,17.565884,-96.547932
1896093862,Disocactus ackermannii,Oaxaca,17.592778,-96.947222
3308758302,Disocactus ackermannii,Oaxaca,17.61517,-96.5438
3307998560,Disocactus ackermannii,Oaxaca,17.61528,-96.54306
3308130390,Disocactus ackermannii,Oaxaca,17.63267,-96.5389
3308713466,Disocactus ackermannii,Oaxaca,17.665,-96.55667
1260437636,Disocactus ackermannii,Oaxaca,17.66944,-96.55277
1897354944,Disocactus ackermannii,Oaxaca,17.669444,-96.552778
3307820050,Disocactus ackermannii,Oaxaca,17.67028,-96.55778
3308578436,Disocactus ackermannii,Oaxaca,17.73944,-96.67639
3308736593,Disocactus ackermannii,Oaxaca,17.74028,-96.67361
3308686262,Disocactus ackermannii,Oaxaca,17.90833,-96.92778
3308621627,Disocactus ackermannii,Oaxaca,17.91097,-96.9252
1897488833,Disocactus ackermannii,Oaxaca,17.925444,-96.799522
1894560201,Disocactus ackermannii,Oaxaca,17.993167,-96.952833
3308165755,Disocactus ackermannii,Oaxaca,18.06578,-96.7548
1897488797,Disocactus ackermannii,Oaxaca,18.121611,-96.935333
4168480260,Disocactus ackermannii,Oaxaca,18.141667,-96.958333
1258690427,Disocactus ackermannii,Oaxaca,18.16,-96.99
3308255854,Disocactus ackermannii,Oaxaca,18.1656841,-96.998049
3308717257,Disocactus macranthus,Oaxaca,16.667,-94.267
3308093286,Disocactus macranthus,Oaxaca,16.683,-94.233
3307808034,Disocactus macranthus,Oaxaca,16.717,-94.133
1258673693,Disocactus macranthus,Oaxaca,16.72,-94.19
3307952804,Disocactus macranthus,Oaxaca,16.725,-94.19167
3308012493,Disocactus macranthus,Oaxaca,16.733,-94.183
1897576091,Disocactus macranthus,Oaxaca,16.736556,-94.196111
3308748620,Disocactus macranthus,Oaxaca,16.73656,-94.19611
1258673742,Disocactus macranthus,Oaxaca,16.79,-94.61
1258673743,Disocactus macranthus,Oaxaca,16.84,-94.76
1893726071,Disocactus macranthus,Oaxaca,16.908333,-94.683333
1894564973,Disocactus macranthus,Oaxaca,17.731417,-96.865833
3308688845,Disocactus phyllanthoides,Oaxaca,17.30994,-96.44631
219011256,Disocactus phyllanthoides,Oaxaca,17.31,-96.446389
4465598593,Disocactus speciosus,Oaxaca,15.900916,-96.374366
4465639614,Disocactus speciosus,Oaxaca,15.901246,-96.375023
3308060010,Disocactus speciosus,Oaxaca,16.00864,-96.12469
3308100207,Disocactus speciosus,Oaxaca,16.01386,-96.11289
3308128762,Disocactus speciosus,Oaxaca,16.06139,-96.5058
1897571441,Disocactus speciosus,Oaxaca,16.069806,-96.511694
3308109728,Disocactus speciosus,Oaxaca,16.06981,-96.51169
2850575489,Disocactus speciosus,Oaxaca,16.0852,-96.47802
4465589726,Disocactus speciosus,Oaxaca,16.091922,-96.487783
3308750389,Disocactus speciosus,Oaxaca,16.1345,-96.23806
3961021690,Disocactus speciosus,Oaxaca,16.1383,-96.440201
4465604618,Disocactus speciosus,Oaxaca,16.178687,-96.500345
4465600588,Disocactus speciosus,Oaxaca,16.186245,-96.515358
4465536058,Disocactus speciosus,Oaxaca,16.197107,-96.505806
3308049613,Disocactus speciosus,Oaxaca,16.233,-96.95
4465399152,Disocactus speciosus,Oaxaca,16.24845,-96.675666
4465355878,Disocactus speciosus,Oaxaca,16.248453,-96.675545
4458566880,Disocactus speciosus,Oaxaca,16.248722,-96.675247
4465401892,Disocactus speciosus,Oaxaca,16.249055,-96.676078
4465379888,Disocactus speciosus,Oaxaca,16.253721,-96.65715
4465587869,Disocactus speciosus,Oaxaca,16.254196,-96.659042
3337975328,Disocactus speciosus,Oaxaca,16.2715,-96.657033
1419191940,Disocactus speciosus,Oaxaca,16.275,-95.591667
4465396857,Disocactus speciosus,Oaxaca,16.279995,-96.684761
3308098164,Disocactus speciosus,Oaxaca,16.29819,-95.91561
2851018468,Disocactus speciosus,Oaxaca,16.529858,-97.066591
3308107882,Disocactus speciosus,Oaxaca,16.70392,-97.21733
1935633794,Disocactus speciosus,Oaxaca,16.713644,-97.138353
3308655926,Disocactus speciosus,Oaxaca,16.72867,-97.21936
3308129921,Disocactus speciosus,Oaxaca,16.75556,-97.62944
4465588492,Disocactus speciosus,Oaxaca,16.777444,-96.958115
3308108987,Disocactus speciosus,Oaxaca,16.78356,-97.2976
3308077243,Disocactus speciosus,Oaxaca,16.78475,-97.31217
3308659878,Disocactus speciosus,Oaxaca,16.78669,-97.31594
2898273053,Disocactus speciosus,Oaxaca,16.819534,-97.208515
2013752313,Disocactus speciosus,Oaxaca,16.849748,-97.580789
3308666423,Disocactus speciosus,Oaxaca,16.91486,-97.62353
4054958851,Disocactus speciosus,Oaxaca,17.026361,-96.71961
3308152226,Disocactus speciosus,Oaxaca,17.03347,-97.78042
1981506645,Disocactus speciosus,Oaxaca,17.069038,-96.768621
2993512553,Disocactus speciosus,Oaxaca,17.21667,-98.05
1259556663,Disocactus speciosus,Oaxaca,17.263611,-98.046111
3308642302,Disocactus speciosus,Oaxaca,17.832806,-97.497694
4096872862,Echinocactus platyacanthus,Oaxaca,16.813726,-96.39259
1944409984,Echinocactus platyacanthus,Oaxaca,16.905252,-96.355803
4022277208,Echinocactus platyacanthus,Oaxaca,16.9484,-96.355264
3712732729,Echinocactus platyacanthus,Oaxaca,16.971713,-96.350874
4067603559,Echinocactus platyacanthus,Oaxaca,16.976659,-96.375434
4516395516,Echinocactus platyacanthus,Oaxaca,17.007237,-96.704212
3903378897,Echinocactus platyacanthus,Oaxaca,17.092677,-96.676595
1453513676,Echinocactus platyacanthus,Oaxaca,17.098586,-96.794554
2311428439,Echinocactus platyacanthus,Oaxaca,17.099419,-96.664845
4465523584,Echinocactus platyacanthus,Oaxaca,17.101297,-96.714951
3079593912,Echinocactus platyacanthus,Oaxaca,17.12146,-96.713138
1944384081,Echinocactus platyacanthus,Oaxaca,17.195402,-96.644152
4500817053,Echinocactus platyacanthus,Oaxaca,17.753643,-97.20622
891775337,Echinocactus platyacanthus,Oaxaca,17.79516,-96.943362
3416184647,Echinocactus platyacanthus,Oaxaca,17.924003,-96.848498
2984371811,Echinocactus platyacanthus,Oaxaca,17.925257,-97.404272
3456914075,Echinocactus platyacanthus,Oaxaca,18.001363,-97.65943
1890727390,Echinocactus platyacanthus,Oaxaca,18.00435,-97.265518
3090956589,Echinocactus platyacanthus,Oaxaca,18.010948,-97.666203
911500234,Echinocactus platyacanthus,Oaxaca,18.014696,-97.229687
3328088594,Echinocactus platyacanthus,Oaxaca,18.030202,-97.792596
3947076231,Echinocactus platyacanthus,Oaxaca,18.030295,-97.683953
3456770255,Echinocactus platyacanthus,Oaxaca,18.059716,-97.741841
3355130692,Echinocactus platyacanthus,Oaxaca,18.063092,-97.654546
4506366750,Echinocactus platyacanthus,Oaxaca,18.090382,-97.262042
3384456905,Echinocactus platyacanthus,Oaxaca,18.102923,-97.640102
1894571306,Echinocactus platyacanthus,Oaxaca,18.116111,-97.338889
3307239135,Echinocactus platyacanthus,Oaxaca,18.11974,-97.638596
3456912684,Echinocactus platyacanthus,Oaxaca,18.135719,-97.442748
3986364362,Echinocactus platyacanthus,Oaxaca,18.168813,-97.641814
1144278460,Echinocactus platyacanthus,Oaxaca,18.169425,-97.316676
3314356521,Echinocactus platyacanthus,Oaxaca,18.189497,-97.600596
3307363885,Echinocactus platyacanthus,Oaxaca,18.191151,-97.707223
3466151782,Echinocactus platyacanthus,Oaxaca,18.196653,-97.611507
2629440475,Echinocactus platyacanthus,Oaxaca,18.200556,-97.68
1894571202,Echinocactus platyacanthus,Oaxaca,18.202778,-97.663889
3308098834,Echinocactus platyacanthus,Oaxaca,18.20525,-97.65517
3307815682,Echinocactus platyacanthus,Oaxaca,18.211533,-97.652433
1895548070,Echinocactus platyacanthus,Oaxaca,18.225,-97.658333
1895548024,Echinocactus platyacanthus,Oaxaca,18.258333,-97.675
3963232706,Echinocactus platyacanthus,Oaxaca,18.287353,-97.75847
1933596961,Echinocactus platyacanthus,Oaxaca,18.327168,-97.768936
4171535429,Echinocactus platyacanthus,Oaxaca,18.361549,-97.66406
3858350983,Echinocactus platyacanthus,Oaxaca,18.392223,-97.773782
1890091709,Echinocereus pulchellus,Oaxaca,17.831389,-97.492222
3398792820,Echinocereus pulchellus,Oaxaca,17.839173,-97.496139
3399199195,Echinocereus pulchellus,Oaxaca,17.911913,-97.453042
1586153361,Echinocereus pulchellus,Oaxaca,17.914063,-97.452679
3308727096,Epiphyllum anguliger,Oaxaca,15.98903,-96.12369
1260845341,Epiphyllum anguliger,Oaxaca,16.00333,-96.11888
3308729058,Epiphyllum anguliger,Oaxaca,16.00336,-96.10983
3308054093,Epiphyllum anguliger,Oaxaca,16.00344,-96.11892
3308652709,Epiphyllum anguliger,Oaxaca,16.01089,-96.11014
3308029095,Epiphyllum anguliger,Oaxaca,16.183,-96.983
1896093538,Epiphyllum anguliger,Oaxaca,16.388083,-97.075583
1258678988,Epiphyllum anguliger,Oaxaca,16.91,-97.96
2988402703,Epiphyllum anguliger,Oaxaca,17.070586,-97.831118
3859024554,Epiphyllum anguliger,Oaxaca,17.072445,-97.836123
4458593780,Epiphyllum anguliger,Oaxaca,17.072593,-97.8284
1503279069,Epiphyllum anguliger,Oaxaca,17.1727,-96.8102
1258679004,Epiphyllum crenatum,Oaxaca,16.03,-96.2
1503279092,Epiphyllum crenatum,Oaxaca,16.0399,-96.2035
3308375795,Epiphyllum crenatum,Oaxaca,16.267,-95.583
3308752222,Epiphyllum crenatum,Oaxaca,16.2711,-95.9164
3308521251,Epiphyllum hookeri,Oaxaca,16.65389,-94.98528
1257756926,Epiphyllum hookeri,Oaxaca,16.664722,-95.007222
1897569105,Epiphyllum hookeri,Oaxaca,16.742972,-94.978889
2268885994,Epiphyllum hookeri,Oaxaca,16.8,-97.55
3307799448,Epiphyllum hookeri,Oaxaca,16.917,-94.65
1258679278,Epiphyllum hookeri,Oaxaca,16.93,-94.68
3308435582,Epiphyllum hookeri,Oaxaca,16.933,-94.683
2864814344,Epiphyllum hookeri,Oaxaca,17.296775,-95.599609
2012875885,Epiphyllum hookeri,Oaxaca,17.333333,-95.683333
2331838373,Epiphyllum hookeri,Oaxaca,17.466136,-96.250839
1257718090,Epiphyllum hookeri,Oaxaca,17.523056,-96.279444
1893410222,Epiphyllum hookeri,Oaxaca,17.5728339,-96.5454664
1913195981,Epiphyllum hookeri,Oaxaca,17.720727,-96.24817
1932361067,Epiphyllum hookeri,Oaxaca,17.729394,-96.390266
1572334726,Epiphyllum hookeri,Oaxaca,17.761444,-96.555067
3308054899,Epiphyllum hookeri,Oaxaca,18.00019,-96.63325
3456682986,Epiphyllum oxypetalum,Oaxaca,16.303135,-96.6408
3456472387,Epiphyllum oxypetalum,Oaxaca,16.305716,-96.639122
3039265115,Epiphyllum oxypetalum,Oaxaca,16.77877,-96.616069
3014025619,Epiphyllum oxypetalum,Oaxaca,16.779496,-96.616886
2850844976,Epiphyllum oxypetalum,Oaxaca,16.795583,-96.676617
3383962697,Epiphyllum oxypetalum,Oaxaca,17.09389,-96.709384
1897339516,Epiphyllum oxypetalum,Oaxaca,17.160556,-94.352222
3308006665,Epiphyllum oxypetalum,Oaxaca,17.16056,-94.35222
1932360653,Epiphyllum oxypetalum,Oaxaca,17.644974,-96.428401
1933602782,Epiphyllum oxypetalum,Oaxaca,17.719578,-96.314714
1897486960,Epiphyllum oxypetalum,Oaxaca,17.955417,-96.599472
1897339505,Epiphyllum oxypetalum,Oaxaca,18.048667,-96.642167
3301786314,Epiphyllum oxypetalum,Oaxaca,18.11442,-96.604244
4399459684,Epiphyllum oxypetalum,Oaxaca,18.133333,-97.066667
3308038963,Epiphyllum phyllanthus,Oaxaca,15.97083,-96.1005
1897575672,Epiphyllum phyllanthus,Oaxaca,16.741777,-94.979417
3308709822,Epiphyllum phyllanthus,Oaxaca,16.74178,-94.97942
1897575623,Epiphyllum phyllanthus,Oaxaca,16.743861,-94.976667
1896094276,Epiphyllum phyllanthus,Oaxaca,17.066389,-96.722222
3308036571,Epiphyllum phyllanthus,Oaxaca,17.52306,-96.27944
1897575648,Epiphyllum phyllanthus,Oaxaca,17.523775,-96.279481
3308668632,Epiphyllum phyllanthus,Oaxaca,17.52806,-96.29028
1897575664,Epiphyllum phyllanthus,Oaxaca,17.5287747,-96.2903153
2629483206,Epiphyllum pumilum,Oaxaca,16.846667,-94.763333
1258678920,Epiphyllum pumilum,Oaxaca,16.86,-94.73
3308389513,Epiphyllum pumilum,Oaxaca,16.867,-94.733
1893420655,Epiphyllum pumilum,Oaxaca,17.1246597,-95.8182349
1895768781,Escontria chiotilla,Oaxaca,16.313056,-96.527778
1895768699,Escontria chiotilla,Oaxaca,16.459444,-94.596667
3343761701,Escontria chiotilla,Oaxaca,16.567855,-96.363183
2898385103,Escontria chiotilla,Oaxaca,16.577624,-96.363702
2898261057,Escontria chiotilla,Oaxaca,16.584764,-96.322775
2901721596,Escontria chiotilla,Oaxaca,16.585192,-96.364209
1258683211,Escontria chiotilla,Oaxaca,16.591111,-96.3375
4168601327,Escontria chiotilla,Oaxaca,16.598889,-96.356111
4500511208,Escontria chiotilla,Oaxaca,16.602033,-96.330566
1993767522,Escontria chiotilla,Oaxaca,16.6666,-96.273945
1893753316,Escontria chiotilla,Oaxaca,16.673333,-96.308333
3306199333,Escontria chiotilla,Oaxaca,16.677111,-96.315083
3109407500,Escontria chiotilla,Oaxaca,16.681801,-96.317869
3118318502,Escontria chiotilla,Oaxaca,16.729007,-96.196632
1895768706,Escontria chiotilla,Oaxaca,16.916667,-96.415
1895768825,Escontria chiotilla,Oaxaca,17.058333,-96.075
1258683172,Escontria chiotilla,Oaxaca,17.306389,-96.521389
3308288967,Escontria chiotilla,Oaxaca,17.313333,-96.546944
3308475616,Escontria chiotilla,Oaxaca,17.48333,-96.83333
2813901598,Escontria chiotilla,Oaxaca,17.551314,-98.04266
4424410890,Escontria chiotilla,Oaxaca,17.609335,-96.92518
3308029873,Escontria chiotilla,Oaxaca,17.6175,-97.66408
2813931318,Escontria chiotilla,Oaxaca,17.635536,-96.912919
1935587015,Escontria chiotilla,Oaxaca,17.651402,-96.929389
1453365583,Escontria chiotilla,Oaxaca,17.661729,-96.939518
3307601336,Escontria chiotilla,Oaxaca,17.680278,-97.582361
1894565441,Escontria chiotilla,Oaxaca,17.686278,-96.934556
1897375846,Escontria chiotilla,Oaxaca,17.710278,-96.941111
3307989483,Escontria chiotilla,Oaxaca,17.71028,-96.94111
4500818377,Escontria chiotilla,Oaxaca,17.713748,-96.92942
1894565576,Escontria chiotilla,Oaxaca,17.721083,-96.903167
3044609326,Escontria chiotilla,Oaxaca,17.723,-96.969
1894565535,Escontria chiotilla,Oaxaca,17.728,-96.935111
3308179349,Escontria chiotilla,Oaxaca,17.73333,-97.75
1895545237,Escontria chiotilla,Oaxaca,17.741667,-96.958333
3307977162,Escontria chiotilla,Oaxaca,17.743417,-97.740233
3308569331,Escontria chiotilla,Oaxaca,17.74342,-97.74023
3307981525,Escontria chiotilla,Oaxaca,17.747694,-97.708611
3308574717,Escontria chiotilla,Oaxaca,17.74917,-96.93333
1258683807,Escontria chiotilla,Oaxaca,17.75,-96.96
2270566279,Escontria chiotilla,Oaxaca,17.758798,-96.961286
3124924696,Escontria chiotilla,Oaxaca,17.771439,-96.944691
3302441664,Escontria chiotilla,Oaxaca,17.780103,-96.946923
3307909213,Escontria chiotilla,Oaxaca,17.78333,-97.75
3070325232,Escontria chiotilla,Oaxaca,17.789341,-96.94376
3912083567,Escontria chiotilla,Oaxaca,17.789433,-96.94529
1894565617,Escontria chiotilla,Oaxaca,17.78975,-96.945833
1896090868,Escontria chiotilla,Oaxaca,17.794722,-96.991667
1897574715,Escontria chiotilla,Oaxaca,17.797954,-96.934443
2813920506,Escontria chiotilla,Oaxaca,17.799036,-96.890941
3070486364,Escontria chiotilla,Oaxaca,17.802947,-96.956728
3307615670,Escontria chiotilla,Oaxaca,17.811639,-96.901333
3307793403,Escontria chiotilla,Oaxaca,17.813611,-97.769722
1894242188,Escontria chiotilla,Oaxaca,17.814722,-97.108055
1896090856,Escontria chiotilla,Oaxaca,17.815,-96.961111
1894565667,Escontria chiotilla,Oaxaca,17.824111,-96.959917
3455831907,Escontria chiotilla,Oaxaca,17.824488,-97.747046
1894565678,Escontria chiotilla,Oaxaca,17.825333,-96.966694
4417048424,Escontria chiotilla,Oaxaca,17.827483,-97.751177
1894565744,Escontria chiotilla,Oaxaca,17.861583,-96.982389
1895768615,Escontria chiotilla,Oaxaca,17.8696012,-97.7093588
1453393679,Escontria chiotilla,Oaxaca,17.8719,-96.990352
1258926999,Escontria chiotilla,Oaxaca,17.874445,-97.707778
2813891371,Escontria chiotilla,Oaxaca,17.900325,-96.982797
3306202535,Escontria chiotilla,Oaxaca,17.902639,-96.968333
3415433056,Escontria chiotilla,Oaxaca,17.904729,-96.970451
1894565411,Escontria chiotilla,Oaxaca,17.923917,-97.009
4500474183,Escontria chiotilla,Oaxaca,17.926326,-97.974518
1895768607,Escontria chiotilla,Oaxaca,17.943333,-97.011667
4522647852,Escontria chiotilla,Oaxaca,17.982481,-97.035697
4522682877,Escontria chiotilla,Oaxaca,17.982497,-97.035767
4522645974,Escontria chiotilla,Oaxaca,17.984006,-97.035989
1894565513,Escontria chiotilla,Oaxaca,17.985556,-97.035
1893406793,Escontria chiotilla,Oaxaca,17.991667,-97.708333
1894565563,Escontria chiotilla,Oaxaca,18.010278,-97.051944
3858242409,Escontria chiotilla,Oaxaca,18.010803,-97.64814
3859115409,Escontria chiotilla,Oaxaca,18.01137,-97.657043
3307792642,Escontria chiotilla,Oaxaca,18.018639,-97.052778
1894565603,Escontria chiotilla,Oaxaca,18.026167,-97.036861
1894565415,Escontria chiotilla,Oaxaca,18.067222,-97.073056
1894565473,Escontria chiotilla,Oaxaca,18.075,-97.084167
1894565754,Escontria chiotilla,Oaxaca,18.076667,-97.085833
1894565776,Escontria chiotilla,Oaxaca,18.118056,-97.055833
2005383928,Escontria chiotilla,Oaxaca,18.167634,-97.765331
1894565465,Escontria chiotilla,Oaxaca,18.17725,-97.682611
3308630236,Escontria chiotilla,Oaxaca,18.21153,-97.65243
1024182024,Escontria chiotilla,Oaxaca,18.230224,-97.721071
4400188640,Escontria chiotilla,Oaxaca,18.231042,-97.647636
3090927922,Ferocactus flavovirens,Oaxaca,17.655652,-97.649186
2981020064,Ferocactus flavovirens,Oaxaca,17.694859,-97.322107
2984498775,Ferocactus flavovirens,Oaxaca,17.95855,-97.184485
2422813697,Ferocactus flavovirens,Oaxaca,18.016223,-97.375409
2294834202,Ferocactus flavovirens,Oaxaca,18.055417,-97.388092
3384149830,Ferocactus flavovirens,Oaxaca,18.058518,-97.718469
3307494344,Ferocactus flavovirens,Oaxaca,18.086335,-97.788623
3125110486,Ferocactus flavovirens,Oaxaca,18.11667,-97.66667
1893407068,Ferocactus flavovirens,Oaxaca,18.125,-97.708333
1896090938,Ferocactus flavovirens,Oaxaca,18.154222,-97.297361
3308418457,Ferocactus flavovirens,Oaxaca,18.203528,-97.656278
1895497364,Ferocactus flavovirens,Oaxaca,18.2065552,-97.6546836
1894555404,Ferocactus flavovirens,Oaxaca,18.299111,-97.63975
3109015219,Ferocactus macrodiscus,Oaxaca,16.633286,-96.769219
1913192650,Ferocactus macrodiscus,Oaxaca,16.80778,-96.116476
4522767472,Ferocactus macrodiscus,Oaxaca,16.815997,-96.217378
4465660236,Ferocactus macrodiscus,Oaxaca,16.828511,-96.73439
4075620022,Ferocactus macrodiscus,Oaxaca,17.003319,-96.937632
1986593378,Ferocactus macrodiscus,Oaxaca,17.011468,-96.774034
3455965455,Ferocactus macrodiscus,Oaxaca,17.089017,-96.467752
2579413802,Ferocactus macrodiscus,Oaxaca,17.093252,-96.779976
3416244506,Ferocactus macrodiscus,Oaxaca,17.093487,-96.536299
1986519694,Ferocactus macrodiscus,Oaxaca,17.106642,-96.670924
3384654876,Ferocactus macrodiscus,Oaxaca,17.111382,-96.981828
4133640672,Ferocactus macrodiscus,Oaxaca,17.115977,-96.967634
1500225356,Ferocactus macrodiscus,Oaxaca,17.141294,-96.605259
4465679273,Ferocactus macrodiscus,Oaxaca,17.14825,-96.90013
3308657949,Ferocactus macrodiscus,Oaxaca,17.16078,-97.22307
3308098592,Ferocactus macrodiscus,Oaxaca,17.175861,-97.171111
4137869491,Ferocactus macrodiscus,Oaxaca,17.179924,-96.828063
3881807616,Ferocactus macrodiscus,Oaxaca,17.18008,-96.686564
1880635416,Ferocactus macrodiscus,Oaxaca,17.182935,-96.842971
3308652189,Ferocactus macrodiscus,Oaxaca,17.21308,-97.16812
3308067274,Ferocactus macrodiscus,Oaxaca,17.21787,-97.18591
3308075809,Ferocactus macrodiscus,Oaxaca,17.24758,-97.07058
2860062061,Ferocactus macrodiscus,Oaxaca,17.249938,-97.083913
3308724815,Ferocactus macrodiscus,Oaxaca,17.25259,-97.2993
3308652190,Ferocactus macrodiscus,Oaxaca,17.26035,-97.31047
3308076677,Ferocactus macrodiscus,Oaxaca,17.2661,-97.37297
2311523670,Ferocactus macrodiscus,Oaxaca,17.29269,-96.41672
3873569789,Ferocactus macrodiscus,Oaxaca,17.339949,-97.360189
3466497328,Ferocactus macrodiscus,Oaxaca,17.352001,-97.368567
3384081405,Ferocactus macrodiscus,Oaxaca,17.394638,-96.436308
4034924360,Ferocactus macrodiscus,Oaxaca,17.403559,-96.959028
2626429399,Ferocactus macrodiscus,Oaxaca,17.419705,-97.292783
2460025979,Ferocactus macrodiscus,Oaxaca,17.425469,-97.355256
1315087030,Ferocactus macrodiscus,Oaxaca,17.435042,-97.362004
2557651582,Ferocactus macrodiscus,Oaxaca,17.449479,-97.384861
3335103230,Ferocactus macrodiscus,Oaxaca,17.450064,-97.418393
3759266917,Ferocactus macrodiscus,Oaxaca,17.461898,-97.341672
1621791829,Ferocactus macrodiscus,Oaxaca,17.468747,-97.372475
1668787881,Ferocactus macrodiscus,Oaxaca,17.521775,-96.941112
3308712475,Ferocactus macrodiscus,Oaxaca,17.5237,-97.1638
2999127201,Ferocactus macrodiscus,Oaxaca,17.526648,-97.364901
4034969010,Ferocactus macrodiscus,Oaxaca,17.531501,-96.812428
1453446500,Ferocactus macrodiscus,Oaxaca,17.534383,-97.304931
2456554918,Ferocactus macrodiscus,Oaxaca,17.542459,-97.213193
1894555791,Ferocactus macrodiscus,Oaxaca,17.545278,-97.135833
1893435961,Ferocactus macrodiscus,Oaxaca,17.558333,-96.441667
2456590121,Ferocactus macrodiscus,Oaxaca,17.567241,-97.240539
3307926875,Ferocactus macrodiscus,Oaxaca,17.573361,-97.432444
3308076736,Ferocactus macrodiscus,Oaxaca,17.574111,-97.196028
1894555788,Ferocactus macrodiscus,Oaxaca,17.578083,-97.093667
3307788396,Ferocactus macrodiscus,Oaxaca,17.581889,-97.418167
3308098576,Ferocactus macrodiscus,Oaxaca,17.58503,-97.38463
3384702958,Ferocactus macrodiscus,Oaxaca,17.60118,-97.006834
3384692994,Ferocactus macrodiscus,Oaxaca,17.61077,-97.125451
1291069097,Ferocactus macrodiscus,Oaxaca,17.616268,-97.007027
2006102852,Ferocactus macrodiscus,Oaxaca,17.628706,-97.334522
1920849494,Ferocactus macrodiscus,Oaxaca,17.629204,-97.301259
2980872113,Ferocactus macrodiscus,Oaxaca,17.634783,-97.215936
1668787833,Ferocactus macrodiscus,Oaxaca,17.646128,-97.302411
3881533402,Ferocactus macrodiscus,Oaxaca,17.659585,-97.260334
3308071112,Ferocactus macrodiscus,Oaxaca,17.6605,-97.1494
1894555793,Ferocactus macrodiscus,Oaxaca,17.660694,-97.2085
2980794047,Ferocactus macrodiscus,Oaxaca,17.671248,-97.383123
3070556846,Ferocactus macrodiscus,Oaxaca,17.671705,-97.158325
3308475728,Ferocactus macrodiscus,Oaxaca,17.6784,-97.4465
3873776466,Ferocactus macrodiscus,Oaxaca,17.682651,-97.231866
4519327589,Ferocactus macrodiscus,Oaxaca,17.687484,-97.197142
1894555787,Ferocactus macrodiscus,Oaxaca,17.688611,-97.42
3308736126,Ferocactus macrodiscus,Oaxaca,17.69056,-97.40861
3308419747,Ferocactus macrodiscus,Oaxaca,17.690889,-97.414889
3308099121,Ferocactus macrodiscus,Oaxaca,17.69111,-97.415
1453394719,Ferocactus macrodiscus,Oaxaca,17.697847,-97.231101
3399205002,Ferocactus macrodiscus,Oaxaca,17.718406,-97.167443
3408066205,Ferocactus macrodiscus,Oaxaca,17.72567,-97.3077
3335280526,Ferocactus macrodiscus,Oaxaca,17.727353,-97.182938
2311272882,Ferocactus macrodiscus,Oaxaca,17.742503,-97.262027
2868303534,Ferocactus macrodiscus,Oaxaca,17.743118,-97.382777
2980838170,Ferocactus macrodiscus,Oaxaca,17.758759,-97.232392
3384675936,Ferocactus macrodiscus,Oaxaca,17.764231,-97.182869
3915479197,Ferocactus macrodiscus,Oaxaca,17.772998,-97.457679
4438708221,Ferocactus macrodiscus,Oaxaca,17.785076,-97.109567
2460046138,Ferocactus macrodiscus,Oaxaca,17.893621,-97.095776
3468765276,Ferocactus macrodiscus,Oaxaca,17.897583,-97.430568
1024191120,Ferocactus macrodiscus,Oaxaca,17.913969,-97.309703
3902606465,Ferocactus macrodiscus,Oaxaca,17.917546,-97.134768
1935622011,Ferocactus macrodiscus,Oaxaca,17.941163,-97.477842
3859757379,Ferocactus macrodiscus,Oaxaca,18.013011,-97.674089
3308058603,Ferocactus macrodiscus,Oaxaca,18.13197,-97.6833
2311608804,Ferocactus macrodiscus,Oaxaca,18.135567,-97.262019
2898273049,Ferocactus recurvus,Oaxaca,16.570386,-96.323802
2898286028,Ferocactus recurvus,Oaxaca,16.571909,-96.334784
4519057343,Ferocactus recurvus,Oaxaca,16.574729,-96.574392
4522816928,Ferocactus recurvus,Oaxaca,16.576722,-96.572262
4522824907,Ferocactus recurvus,Oaxaca,16.57821,-96.568642
3109213536,Ferocactus recurvus,Oaxaca,16.625304,-96.379183
4028827059,Ferocactus recurvus,Oaxaca,16.649191,-96.473349
219011283,Ferocactus recurvus,Oaxaca,16.679167,-96.555556
3308698556,Ferocactus recurvus,Oaxaca,16.67925,-96.55564
4522498602,Ferocactus recurvus,Oaxaca,16.689039,-96.484214
4516252635,Ferocactus recurvus,Oaxaca,16.700788,-96.742813
3308127767,Ferocactus recurvus,Oaxaca,16.70528,-96.19167
1880666142,Ferocactus recurvus,Oaxaca,16.721219,-96.35081
2242802880,Ferocactus recurvus,Oaxaca,16.7881,-96.670494
4028954522,Ferocactus recurvus,Oaxaca,16.802284,-96.343344
2465091177,Ferocactus recurvus,Oaxaca,16.866427,-96.275757
1935605026,Ferocactus recurvus,Oaxaca,16.86654,-96.27571
4453959294,Ferocactus recurvus,Oaxaca,16.867085,-96.27676
4507952261,Ferocactus recurvus,Oaxaca,16.867093,-96.276953
3308731397,Ferocactus recurvus,Oaxaca,16.91353,-96.3819
1986513161,Ferocactus recurvus,Oaxaca,16.921173,-96.399134
4121177610,Ferocactus recurvus,Oaxaca,16.921731,-96.398956
1846551735,Ferocactus recurvus,Oaxaca,16.925,-96.3591
4080484070,Ferocactus recurvus,Oaxaca,16.926869,-96.359303
2459993467,Ferocactus recurvus,Oaxaca,16.927378,-96.359567
3966403378,Ferocactus recurvus,Oaxaca,16.927401,-96.355639
4018142995,Ferocactus recurvus,Oaxaca,16.927404,-96.359455
2517943611,Ferocactus recurvus,Oaxaca,16.927562,-96.358042
2429321884,Ferocactus recurvus,Oaxaca,16.927988,-96.359262
3384937802,Ferocactus recurvus,Oaxaca,16.928052,-96.35723
1945426548,Ferocactus recurvus,Oaxaca,16.928114,-96.359759
1944410165,Ferocactus recurvus,Oaxaca,16.928129,-96.35983
4029066576,Ferocactus recurvus,Oaxaca,16.928658,-96.358971
3860010056,Ferocactus recurvus,Oaxaca,16.932317,-96.328036
3903472306,Ferocactus recurvus,Oaxaca,16.933867,-96.323822
4522768532,Ferocactus recurvus,Oaxaca,16.934922,-96.305319
3337392062,Ferocactus recurvus,Oaxaca,16.94265,-96.311466
3320884497,Ferocactus recurvus,Oaxaca,16.951909,-96.748817
2999081673,Ferocactus recurvus,Oaxaca,16.956373,-96.438667
1848765351,Ferocactus recurvus,Oaxaca,16.956654,-96.440266
2814172066,Ferocactus recurvus,Oaxaca,16.957649,-96.613971
4405104073,Ferocactus recurvus,Oaxaca,16.992413,-96.521315
3067713898,Ferocactus recurvus,Oaxaca,17.020855,-96.415722
2459993423,Ferocactus recurvus,Oaxaca,17.042619,-96.517656
2898486569,Ferocactus recurvus,Oaxaca,17.103897,-96.717494
3966492392,Ferocactus recurvus,Oaxaca,17.18548,-97.171362
3308724900,Ferocactus recurvus,Oaxaca,17.21331,-97.17611
2901821587,Ferocactus recurvus,Oaxaca,17.248054,-97.234444
1913148772,Ferocactus recurvus,Oaxaca,17.249394,-96.493569
3988451251,Ferocactus recurvus,Oaxaca,17.297467,-97.161024
4458346885,Ferocactus recurvus,Oaxaca,17.300056,-97.158803
3307678765,Ferocactus recurvus,Oaxaca,17.312806,-96.926
2988312805,Ferocactus recurvus,Oaxaca,17.328515,-97.148052
3308107398,Ferocactus recurvus,Oaxaca,17.42982,-97.02763
2397461924,Ferocactus recurvus,Oaxaca,17.508602,-97.31511
2311337671,Ferocactus recurvus,Oaxaca,17.527099,-97.342979
2563466895,Ferocactus recurvus,Oaxaca,17.530839,-98.042989
2634335121,Ferocactus recurvus,Oaxaca,17.546846,-98.047481
3985915057,Ferocactus recurvus,Oaxaca,17.547775,-97.316506
2423216120,Ferocactus recurvus,Oaxaca,17.55065,-97.322481
1802612901,Ferocactus recurvus,Oaxaca,17.550661,-97.323128
2460117701,Ferocactus recurvus,Oaxaca,17.553884,-97.323074
2641522295,Ferocactus recurvus,Oaxaca,17.55412,-98.042629
4022225445,Ferocactus recurvus,Oaxaca,17.56032,-97.48275
3307709267,Ferocactus recurvus,Oaxaca,17.567722,-97.407056
4519094739,Ferocactus recurvus,Oaxaca,17.568636,-97.830576
4522436611,Ferocactus recurvus,Oaxaca,17.578774,-96.837997
2814130836,Ferocactus recurvus,Oaxaca,17.602138,-98.02605
3308051481,Ferocactus recurvus,Oaxaca,17.60769,-96.9335
4516919092,Ferocactus recurvus,Oaxaca,17.632106,-98.047279
1880675303,Ferocactus recurvus,Oaxaca,17.636019,-96.913881
2803042067,Ferocactus recurvus,Oaxaca,17.636334,-98.04642
2814379212,Ferocactus recurvus,Oaxaca,17.636876,-98.044853
4430532499,Ferocactus recurvus,Oaxaca,17.638667,-96.919045
2242741076,Ferocactus recurvus,Oaxaca,17.65191,-96.937804
4133992043,Ferocactus recurvus,Oaxaca,17.655692,-97.442499
4522513797,Ferocactus recurvus,Oaxaca,17.66105,-97.457525
4116453765,Ferocactus recurvus,Oaxaca,17.668625,-97.715431
2550086225,Ferocactus recurvus,Oaxaca,17.689355,-97.557732
1880672533,Ferocactus recurvus,Oaxaca,17.690307,-96.935592
1703178443,Ferocactus recurvus,Oaxaca,17.694117,-96.952492
1993701278,Ferocactus recurvus,Oaxaca,17.706905,-96.940055
3457002573,Ferocactus recurvus,Oaxaca,17.741705,-97.780317
3302024987,Ferocactus recurvus,Oaxaca,17.74283,-96.934369
2465309717,Ferocactus recurvus,Oaxaca,17.744472,-97.183833
3307305234,Ferocactus recurvus,Oaxaca,17.76085,-98.158494
1668840042,Ferocactus recurvus,Oaxaca,17.765852,-97.680645
1668840322,Ferocactus recurvus,Oaxaca,17.766997,-97.685452
3308088345,Ferocactus recurvus,Oaxaca,17.76942,-96.99361
2596162141,Ferocactus recurvus,Oaxaca,17.77987,-97.094237
3773078397,Ferocactus recurvus,Oaxaca,17.789428,-96.945151
3773625959,Ferocactus recurvus,Oaxaca,17.789443,-96.94516
3773601496,Ferocactus recurvus,Oaxaca,17.789465,-96.945229
3773096957,Ferocactus recurvus,Oaxaca,17.78947,-96.945162
3872901607,Ferocactus recurvus,Oaxaca,17.789484,-96.945063
3772865347,Ferocactus recurvus,Oaxaca,17.789494,-96.94545
3773787788,Ferocactus recurvus,Oaxaca,17.789505,-96.944947
3858221102,Ferocactus recurvus,Oaxaca,17.789538,-96.944971
3858301109,Ferocactus recurvus,Oaxaca,17.789545,-96.944955
3858195115,Ferocactus recurvus,Oaxaca,17.789566,-96.94492
3873662621,Ferocactus recurvus,Oaxaca,17.789581,-96.944923
3858222100,Ferocactus recurvus,Oaxaca,17.789596,-96.944848
3985646582,Ferocactus recurvus,Oaxaca,17.789605,-96.944556
4510059779,Ferocactus recurvus,Oaxaca,17.78963,-96.944797
3772916350,Ferocactus recurvus,Oaxaca,17.789765,-96.944837
3802269466,Ferocactus recurvus,Oaxaca,17.789778,-96.945541
3773039631,Ferocactus recurvus,Oaxaca,17.78979,-96.944553
3802562452,Ferocactus recurvus,Oaxaca,17.789801,-96.944729
3772820174,Ferocactus recurvus,Oaxaca,17.789895,-96.944617
3772475963,Ferocactus recurvus,Oaxaca,17.78994,-96.944534
3802422451,Ferocactus recurvus,Oaxaca,17.789972,-96.944558
3802502457,Ferocactus recurvus,Oaxaca,17.789976,-96.944771
1894558933,Ferocactus recurvus,Oaxaca,17.791083,-96.942611
4067230883,Ferocactus recurvus,Oaxaca,17.793064,-97.729829
3915426760,Ferocactus recurvus,Oaxaca,17.796314,-97.430254
1990638166,Ferocactus recurvus,Oaxaca,17.7968,-96.904027
3307781020,Ferocactus recurvus,Oaxaca,17.7976,-97.3436
4430858315,Ferocactus recurvus,Oaxaca,17.801078,-96.953788
3307778579,Ferocactus recurvus,Oaxaca,17.804389,-97.492861
3308087684,Ferocactus recurvus,Oaxaca,17.80667,-97.47111
4413822105,Ferocactus recurvus,Oaxaca,17.813478,-97.001786
1894558904,Ferocactus recurvus,Oaxaca,17.815722,-97.249028
1837749113,Ferocactus recurvus,Oaxaca,17.817531,-97.549994
1837748983,Ferocactus recurvus,Oaxaca,17.817942,-97.550025
2529391228,Ferocactus recurvus,Oaxaca,17.82118,-96.971209
3113575701,Ferocactus recurvus,Oaxaca,17.822452,-97.340412
2596295074,Ferocactus recurvus,Oaxaca,17.82845,-96.96472
1993775331,Ferocactus recurvus,Oaxaca,17.831578,-97.236139
4430888106,Ferocactus recurvus,Oaxaca,17.833341,-97.732554
1894558926,Ferocactus recurvus,Oaxaca,17.839306,-97.229972
1894558968,Ferocactus recurvus,Oaxaca,17.839861,-96.974639
1836694312,Ferocactus recurvus,Oaxaca,17.843522,-97.016538
2294760123,Ferocactus recurvus,Oaxaca,17.850148,-97.496757
1990612491,Ferocactus recurvus,Oaxaca,17.852849,-97.35689
4062703833,Ferocactus recurvus,Oaxaca,17.858719,-97.36238
2862668384,Ferocactus recurvus,Oaxaca,17.860454,-97.040364
3859288128,Ferocactus recurvus,Oaxaca,17.861927,-97.046059
3858166087,Ferocactus recurvus,Oaxaca,17.86245,-97.043442
3802584469,Ferocactus recurvus,Oaxaca,17.862771,-97.042572
3902229786,Ferocactus recurvus,Oaxaca,17.863318,-97.042028
3772556312,Ferocactus recurvus,Oaxaca,17.864206,-97.03703
2028484511,Ferocactus recurvus,Oaxaca,17.865222,-97.566105
1894558955,Ferocactus recurvus,Oaxaca,17.867778,-96.023889
1920793584,Ferocactus recurvus,Oaxaca,17.868905,-97.02482
4458630455,Ferocactus recurvus,Oaxaca,17.870151,-97.36848
4453806395,Ferocactus recurvus,Oaxaca,17.870171,-97.36843
2576307101,Ferocactus recurvus,Oaxaca,17.872938,-97.352654
1993777208,Ferocactus recurvus,Oaxaca,17.873133,-96.990802
2006074553,Ferocactus recurvus,Oaxaca,17.874354,-97.347357
3307795432,Ferocactus recurvus,Oaxaca,17.874389,-97.341
3902175219,Ferocactus recurvus,Oaxaca,17.879582,-97.316458
2465347623,Ferocactus recurvus,Oaxaca,17.883137,-97.190669
3355551330,Ferocactus recurvus,Oaxaca,17.883494,-97.346692
3355728362,Ferocactus recurvus,Oaxaca,17.883575,-97.346687
2397556526,Ferocactus recurvus,Oaxaca,17.88916,-96.97348
3344063506,Ferocactus recurvus,Oaxaca,17.889458,-97.34269
4522672893,Ferocactus recurvus,Oaxaca,17.893211,-96.997322
2574080955,Ferocactus recurvus,Oaxaca,17.900482,-97.349368
3415893357,Ferocactus recurvus,Oaxaca,17.900497,-96.982554
2596143006,Ferocactus recurvus,Oaxaca,17.900707,-96.994127
1899758418,Ferocactus recurvus,Oaxaca,17.903281,-96.968925
2294689025,Ferocactus recurvus,Oaxaca,17.905536,-96.982412
3407974151,Ferocactus recurvus,Oaxaca,17.907084,-96.969749
1850916004,Ferocactus recurvus,Oaxaca,17.907967,-97.429171
1850915785,Ferocactus recurvus,Oaxaca,17.908073,-97.428859
1880663711,Ferocactus recurvus,Oaxaca,17.912123,-97.452861
2006074760,Ferocactus recurvus,Oaxaca,17.912253,-97.339804
2445079615,Ferocactus recurvus,Oaxaca,17.930958,-97.415245
1880674132,Ferocactus recurvus,Oaxaca,17.933182,-97.51743
2242898146,Ferocactus recurvus,Oaxaca,17.93373,-97.414888
3307790481,Ferocactus recurvus,Oaxaca,17.934611,-97.044181
1890709797,Ferocactus recurvus,Oaxaca,17.949296,-97.413545
1894558940,Ferocactus recurvus,Oaxaca,17.956778,-96.974306
2984409813,Ferocactus recurvus,Oaxaca,17.964886,-97.421255
4014996785,Ferocactus recurvus,Oaxaca,17.98439,-97.431366
2235561467,Ferocactus recurvus,Oaxaca,18.012647,-97.398155
1259557122,Ferocactus recurvus,Oaxaca,18.016667,-97.566667
1894557687,Ferocactus recurvus,Oaxaca,18.017222,-97.056389
4169312244,Ferocactus recurvus,Oaxaca,18.025,-97.575
1831158549,Ferocactus recurvus,Oaxaca,18.03123,-97.382469
3308634449,Ferocactus recurvus,Oaxaca,18.032306,-97.550917
1453363610,Ferocactus recurvus,Oaxaca,18.067828,-97.428045
2465106460,Ferocactus recurvus,Oaxaca,18.08879,-97.016101
2294766115,Ferocactus recurvus,Oaxaca,18.091033,-97.015457
3068009259,Ferocactus recurvus,Oaxaca,18.093452,-97.68811
3325950484,Ferocactus recurvus,Oaxaca,18.122171,-97.624416
4522647856,Ferocactus recurvus,Oaxaca,18.145103,-97.080344
3773467152,Ferocactus recurvus,Oaxaca,18.145747,-97.204077
1890727574,Ferocactus recurvus,Oaxaca,18.147499,-97.79607
1291661401,Ferocactus recurvus,Oaxaca,18.156291,-97.242737
3859368902,Ferocactus recurvus,Oaxaca,18.169738,-97.171678
4436280560,Ferocactus recurvus,Oaxaca,18.170278,-97.18943
3859985790,Ferocactus recurvus,Oaxaca,18.177647,-97.656178
4039364784,Ferocactus recurvus,Oaxaca,18.180999,-97.739195
3118461414,Ferocactus recurvus,Oaxaca,18.216741,-97.689854
1890727786,Ferocactus recurvus,Oaxaca,18.222455,-97.72525
1257718166,Mammillaria albilanata,Oaxaca,15.961389,-96.093055
3308590753,Mammillaria albilanata,Oaxaca,15.96139,-96.09306
1897601328,Mammillaria albilanata,Oaxaca,16.233333,-96.516667
4416669959,Mammillaria albilanata,Oaxaca,16.250303,-96.678974
4436371724,Mammillaria albilanata,Oaxaca,16.251638,-96.670288
4416761411,Mammillaria albilanata,Oaxaca,16.252377,-96.669881
4436058772,Mammillaria albilanata,Oaxaca,16.253325,-96.660983
4436374774,Mammillaria albilanata,Oaxaca,16.253635,-96.657249
4442374679,Mammillaria albilanata,Oaxaca,16.25383,-96.657471
4416645568,Mammillaria albilanata,Oaxaca,16.253918,-96.660514
4416679425,Mammillaria albilanata,Oaxaca,16.254584,-96.657669
4436371726,Mammillaria albilanata,Oaxaca,16.254683,-96.655876
4436208027,Mammillaria albilanata,Oaxaca,16.255014,-96.687816
3355360757,Mammillaria albilanata,Oaxaca,16.264524,-96.669934
3759741676,Mammillaria albilanata,Oaxaca,16.265453,-96.670757
3384313084,Mammillaria albilanata,Oaxaca,16.266384,-96.672018
3044687347,Mammillaria albilanata,Oaxaca,16.267007,-96.652127
3384656596,Mammillaria albilanata,Oaxaca,16.267515,-96.674121
3759885530,Mammillaria albilanata,Oaxaca,16.268073,-96.651559
3355419784,Mammillaria albilanata,Oaxaca,16.268282,-96.665338
3355478767,Mammillaria albilanata,Oaxaca,16.26855,-96.6747
3355504762,Mammillaria albilanata,Oaxaca,16.268619,-96.674601
3355511772,Mammillaria albilanata,Oaxaca,16.268957,-96.673705
3338160582,Mammillaria albilanata,Oaxaca,16.269026,-96.673564
3383832614,Mammillaria albilanata,Oaxaca,16.274734,-96.656502
4416650611,Mammillaria albilanata,Oaxaca,16.278677,-96.681172
4416897548,Mammillaria albilanata,Oaxaca,16.278859,-96.682224
4436077767,Mammillaria albilanata,Oaxaca,16.278943,-96.681075
4436261704,Mammillaria albilanata,Oaxaca,16.279046,-96.682084
4436371663,Mammillaria albilanata,Oaxaca,16.279476,-96.681346
4416645577,Mammillaria albilanata,Oaxaca,16.279485,-96.683802
4436071723,Mammillaria albilanata,Oaxaca,16.279503,-96.684082
4011777361,Mammillaria albilanata,Oaxaca,16.279684,-96.643573
3759579493,Mammillaria albilanata,Oaxaca,16.279735,-96.642752
4436081692,Mammillaria albilanata,Oaxaca,16.279914,-96.684294
4416810524,Mammillaria albilanata,Oaxaca,16.280014,-96.682394
4416673463,Mammillaria albilanata,Oaxaca,16.280171,-96.683609
4011810375,Mammillaria albilanata,Oaxaca,16.280263,-96.638686
4436329795,Mammillaria albilanata,Oaxaca,16.280346,-96.682622
4436360803,Mammillaria albilanata,Oaxaca,16.280717,-96.684335
4011743398,Mammillaria albilanata,Oaxaca,16.280801,-96.644731
4416665518,Mammillaria albilanata,Oaxaca,16.280848,-96.682703
4442390691,Mammillaria albilanata,Oaxaca,16.281,-96.682892
4416733478,Mammillaria albilanata,Oaxaca,16.281013,-96.683647
4022014566,Mammillaria albilanata,Oaxaca,16.28125,-96.644977
4420716460,Mammillaria albilanata,Oaxaca,16.281893,-96.639487
4011841351,Mammillaria albilanata,Oaxaca,16.283237,-96.640671
4436052594,Mammillaria albilanata,Oaxaca,16.283429,-96.638625
3355055788,Mammillaria albilanata,Oaxaca,16.284091,-96.656454
4436169622,Mammillaria albilanata,Oaxaca,16.288151,-96.649412
4436055607,Mammillaria albilanata,Oaxaca,16.288836,-96.648339
4015079783,Mammillaria albilanata,Oaxaca,16.288975,-96.648297
4436342608,Mammillaria albilanata,Oaxaca,16.28905,-96.648233
4442379587,Mammillaria albilanata,Oaxaca,16.289134,-96.630206
4436201661,Mammillaria albilanata,Oaxaca,16.289171,-96.630191
3383886026,Mammillaria albilanata,Oaxaca,16.289176,-96.629441
4416902446,Mammillaria albilanata,Oaxaca,16.289194,-96.62988
4436092649,Mammillaria albilanata,Oaxaca,16.289199,-96.63018
4416916437,Mammillaria albilanata,Oaxaca,16.289211,-96.631496
4436051633,Mammillaria albilanata,Oaxaca,16.289244,-96.629209
4075987638,Mammillaria albilanata,Oaxaca,16.289264,-96.63147
3923724429,Mammillaria albilanata,Oaxaca,16.28932,-96.631599
4442382583,Mammillaria albilanata,Oaxaca,16.289322,-96.631188
4436338615,Mammillaria albilanata,Oaxaca,16.289528,-96.631563
4436078664,Mammillaria albilanata,Oaxaca,16.289696,-96.631821
3986197474,Mammillaria albilanata,Oaxaca,16.28973,-96.630871
4442395598,Mammillaria albilanata,Oaxaca,16.289753,-96.631805
3985616472,Mammillaria albilanata,Oaxaca,16.289757,-96.630882
3988613398,Mammillaria albilanata,Oaxaca,16.289835,-96.6311
3338055012,Mammillaria albilanata,Oaxaca,16.289836,-96.631187
3338079777,Mammillaria albilanata,Oaxaca,16.289893,-96.631181
3355482752,Mammillaria albilanata,Oaxaca,16.289925,-96.631233
3988642396,Mammillaria albilanata,Oaxaca,16.289926,-96.631283
3355545754,Mammillaria albilanata,Oaxaca,16.28993,-96.631233
3355237761,Mammillaria albilanata,Oaxaca,16.290007,-96.631505
3355107774,Mammillaria albilanata,Oaxaca,16.290112,-96.631783
3988550379,Mammillaria albilanata,Oaxaca,16.290117,-96.631813
3759824696,Mammillaria albilanata,Oaxaca,16.290134,-96.631836
3044825688,Mammillaria albilanata,Oaxaca,16.290154,-96.630906
3044880679,Mammillaria albilanata,Oaxaca,16.290195,-96.631142
3044815711,Mammillaria albilanata,Oaxaca,16.290363,-96.631138
4416904354,Mammillaria albilanata,Oaxaca,16.29043,-96.62761
3044938641,Mammillaria albilanata,Oaxaca,16.290476,-96.631131
3039124228,Mammillaria albilanata,Oaxaca,16.290555,-96.63147
3044947678,Mammillaria albilanata,Oaxaca,16.290622,-96.630291
3044960631,Mammillaria albilanata,Oaxaca,16.290647,-96.630158
3044860659,Mammillaria albilanata,Oaxaca,16.290682,-96.630371
3044728649,Mammillaria albilanata,Oaxaca,16.290927,-96.630697
4416916438,Mammillaria albilanata,Oaxaca,16.291005,-96.627855
4416750450,Mammillaria albilanata,Oaxaca,16.291371,-96.629209
4436083655,Mammillaria albilanata,Oaxaca,16.291824,-96.630062
3466199735,Mammillaria albilanata,Oaxaca,16.292374,-96.640106
4436233645,Mammillaria albilanata,Oaxaca,16.292424,-96.630688
3760164971,Mammillaria albilanata,Oaxaca,16.292486,-96.639717
4436255662,Mammillaria albilanata,Oaxaca,16.292509,-96.630038
4436091506,Mammillaria albilanata,Oaxaca,16.292517,-96.64006
2603358131,Mammillaria albilanata,Oaxaca,16.294656,-96.629508
4416817468,Mammillaria albilanata,Oaxaca,16.295177,-96.628442
3044715660,Mammillaria albilanata,Oaxaca,16.298342,-96.646242
4436170621,Mammillaria albilanata,Oaxaca,16.300303,-96.6483
3408058034,Mammillaria albilanata,Oaxaca,16.300983,-96.63131
3408061982,Mammillaria albilanata,Oaxaca,16.30106,-96.63131
3408048085,Mammillaria albilanata,Oaxaca,16.30108,-96.631242
4436065623,Mammillaria albilanata,Oaxaca,16.301169,-96.647392
3408111020,Mammillaria albilanata,Oaxaca,16.301176,-96.631317
4436069646,Mammillaria albilanata,Oaxaca,16.301226,-96.631081
3408250996,Mammillaria albilanata,Oaxaca,16.301256,-96.631332
3408238007,Mammillaria albilanata,Oaxaca,16.301528,-96.632949
3407996033,Mammillaria albilanata,Oaxaca,16.301538,-96.631603
4011935340,Mammillaria albilanata,Oaxaca,16.301635,-96.646771
4416721426,Mammillaria albilanata,Oaxaca,16.301829,-96.631664
4436350636,Mammillaria albilanata,Oaxaca,16.301973,-96.632255
4436096686,Mammillaria albilanata,Oaxaca,16.302077,-96.631765
3407941223,Mammillaria albilanata,Oaxaca,16.302236,-96.631382
3407959192,Mammillaria albilanata,Oaxaca,16.302325,-96.631438
3408027242,Mammillaria albilanata,Oaxaca,16.302657,-96.631292
3407980283,Mammillaria albilanata,Oaxaca,16.302838,-96.631323
4436069469,Mammillaria albilanata,Oaxaca,16.303004,-96.631293
3355426444,Mammillaria albilanata,Oaxaca,16.304013,-96.631352
3355092455,Mammillaria albilanata,Oaxaca,16.30815,-96.630242
3415499128,Mammillaria albilanata,Oaxaca,16.308656,-96.628676
4436091459,Mammillaria albilanata,Oaxaca,16.309456,-96.629046
3408033027,Mammillaria albilanata,Oaxaca,16.309853,-96.628944
3355355466,Mammillaria albilanata,Oaxaca,16.309883,-96.624425
3044856761,Mammillaria albilanata,Oaxaca,16.310215,-96.625897
4416834717,Mammillaria albilanata,Oaxaca,16.310402,-96.627256
3407933985,Mammillaria albilanata,Oaxaca,16.310505,-96.629982
3408247024,Mammillaria albilanata,Oaxaca,16.311037,-96.629857
3408233042,Mammillaria albilanata,Oaxaca,16.311233,-96.6298
3407919011,Mammillaria albilanata,Oaxaca,16.311499,-96.629883
4436059463,Mammillaria albilanata,Oaxaca,16.311525,-96.629927
4430469220,Mammillaria albilanata,Oaxaca,16.311528,-96.63011
3986003498,Mammillaria albilanata,Oaxaca,16.311573,-96.630081
4436259082,Mammillaria albilanata,Oaxaca,16.311595,-96.629711
3408106005,Mammillaria albilanata,Oaxaca,16.311611,-96.630646
3408105018,Mammillaria albilanata,Oaxaca,16.311632,-96.630531
4416722039,Mammillaria albilanata,Oaxaca,16.311658,-96.628564
3408110003,Mammillaria albilanata,Oaxaca,16.311683,-96.630225
4413647491,Mammillaria albilanata,Oaxaca,16.311684,-96.630108
3407899100,Mammillaria albilanata,Oaxaca,16.311685,-96.630503
3407990269,Mammillaria albilanata,Oaxaca,16.311729,-96.630112
4436225541,Mammillaria albilanata,Oaxaca,16.315689,-96.638351
4436107502,Mammillaria albilanata,Oaxaca,16.316338,-96.643021
4436320534,Mammillaria albilanata,Oaxaca,16.316951,-96.637662
3873585730,Mammillaria albilanata,Oaxaca,16.317078,-96.637642
4436093552,Mammillaria albilanata,Oaxaca,16.317085,-96.637619
3860592301,Mammillaria albilanata,Oaxaca,16.317118,-96.637688
4436293517,Mammillaria albilanata,Oaxaca,16.317255,-96.637722
4436074495,Mammillaria albilanata,Oaxaca,16.318098,-96.637642
3044947036,Mammillaria albilanata,Oaxaca,16.318171,-96.636657
4465451566,Mammillaria albilanata,Oaxaca,16.318611,-96.546576
3044877035,Mammillaria albilanata,Oaxaca,16.318642,-96.636888
4436263510,Mammillaria albilanata,Oaxaca,16.318939,-96.637984
4436064523,Mammillaria albilanata,Oaxaca,16.320305,-96.639842
4436263502,Mammillaria albilanata,Oaxaca,16.320337,-96.638573
4436372488,Mammillaria albilanata,Oaxaca,16.32037,-96.638496
4436084524,Mammillaria albilanata,Oaxaca,16.320843,-96.639473
4436057525,Mammillaria albilanata,Oaxaca,16.320908,-96.638771
4436060513,Mammillaria albilanata,Oaxaca,16.32094,-96.639587
3044860068,Mammillaria albilanata,Oaxaca,16.322395,-96.635844
3988477365,Mammillaria albilanata,Oaxaca,16.33178,-96.594356
1978450000,Mammillaria albilanata,Oaxaca,16.349385,-95.199418
1897601368,Mammillaria albilanata,Oaxaca,16.383333,-96.466667
3466370376,Mammillaria albilanata,Oaxaca,16.384904,-96.665653
4034715876,Mammillaria albilanata,Oaxaca,16.398246,-96.479649
4034838866,Mammillaria albilanata,Oaxaca,16.399493,-96.47862
4034780842,Mammillaria albilanata,Oaxaca,16.400503,-96.475975
1897601425,Mammillaria albilanata,Oaxaca,16.403333,-95.452778
4436369464,Mammillaria albilanata,Oaxaca,16.44116,-96.96342
1897601426,Mammillaria albilanata,Oaxaca,16.476667,-96.21666
2898525076,Mammillaria albilanata,Oaxaca,16.535162,-96.350351
2460094549,Mammillaria albilanata,Oaxaca,16.541389,-97.0775
2898341077,Mammillaria albilanata,Oaxaca,16.561306,-96.338711
4516952710,Mammillaria albilanata,Oaxaca,16.569186,-94.891953
4516583021,Mammillaria albilanata,Oaxaca,16.569261,-94.891961
4516495921,Mammillaria albilanata,Oaxaca,16.569331,-94.892019
3112407727,Mammillaria albilanata,Oaxaca,16.572323,-96.364425
3307990791,Mammillaria albilanata,Oaxaca,16.583,-94.833
219012138,Mammillaria albilanata,Oaxaca,16.583333,-94.833333
4436075362,Mammillaria albilanata,Oaxaca,16.604125,-96.893414
3109119364,Mammillaria albilanata,Oaxaca,16.62639,-96.355743
1088899177,Mammillaria albilanata,Oaxaca,16.65247,-95.015737
2626111355,Mammillaria albilanata,Oaxaca,16.657309,-96.984925
1897601463,Mammillaria albilanata,Oaxaca,16.66166,-96.10027
1897601401,Mammillaria albilanata,Oaxaca,16.666667,-96.3
4516645923,Mammillaria albilanata,Oaxaca,16.668536,-96.138669
4516891821,Mammillaria albilanata,Oaxaca,16.668544,-96.138686
4516867735,Mammillaria albilanata,Oaxaca,16.668553,-96.138694
4436365569,Mammillaria albilanata,Oaxaca,16.689411,-96.993575
3455470005,Mammillaria albilanata,Oaxaca,16.752653,-95.792406
1453534664,Mammillaria albilanata,Oaxaca,16.841354,-96.746341
4414044571,Mammillaria albilanata,Oaxaca,16.843431,-96.344801
3308146555,Mammillaria albilanata,Oaxaca,16.84397,-97.58569
3039433806,Mammillaria albilanata,Oaxaca,16.845628,-97.580435
3455402329,Mammillaria albilanata,Oaxaca,16.862888,-96.277162
3961489707,Mammillaria albilanata,Oaxaca,16.866154,-96.27732
4507684215,Mammillaria albilanata,Oaxaca,16.866194,-96.277172
4453762115,Mammillaria albilanata,Oaxaca,16.866231,-96.27718
2456494161,Mammillaria albilanata,Oaxaca,16.866355,-96.276095
2456494158,Mammillaria albilanata,Oaxaca,16.86652,-96.275628
1935605048,Mammillaria albilanata,Oaxaca,16.866561,-96.275859
4516906805,Mammillaria albilanata,Oaxaca,16.866719,-96.275822
4516840902,Mammillaria albilanata,Oaxaca,16.866814,-96.276119
4516886930,Mammillaria albilanata,Oaxaca,16.866839,-96.276136
4516538255,Mammillaria albilanata,Oaxaca,16.866858,-96.276114
4516640194,Mammillaria albilanata,Oaxaca,16.866861,-96.276108
4405126622,Mammillaria albilanata,Oaxaca,16.866866,-96.275794
4516498841,Mammillaria albilanata,Oaxaca,16.866881,-96.276139
4507930243,Mammillaria albilanata,Oaxaca,16.868589,-96.27442
3903479647,Mammillaria albilanata,Oaxaca,16.868787,-96.276712
3903471520,Mammillaria albilanata,Oaxaca,16.86922,-96.27687
4405051865,Mammillaria albilanata,Oaxaca,16.869997,-96.276856
3747050066,Mammillaria albilanata,Oaxaca,16.871419,-96.279167
3986282800,Mammillaria albilanata,Oaxaca,16.872194,-97.576508
4067270277,Mammillaria albilanata,Oaxaca,16.900447,-96.443442
4006694154,Mammillaria albilanata,Oaxaca,16.945717,-96.386142
4436107378,Mammillaria albilanata,Oaxaca,16.996368,-97.232244
4438830394,Mammillaria albilanata,Oaxaca,17.002486,-97.387779
4436236728,Mammillaria albilanata,Oaxaca,17.043375,-96.869026
4436304755,Mammillaria albilanata,Oaxaca,17.043947,-96.868974
4442363752,Mammillaria albilanata,Oaxaca,17.049475,-96.868601
2856661344,Mammillaria albilanata,Oaxaca,17.053715,-96.90965
2397523998,Mammillaria albilanata,Oaxaca,17.079132,-96.103081
2447836551,Mammillaria albilanata,Oaxaca,17.082073,-96.108489
3892646667,Mammillaria albilanata,Oaxaca,17.086953,-96.784221
3039287428,Mammillaria albilanata,Oaxaca,17.08768,-96.806959
3355479439,Mammillaria albilanata,Oaxaca,17.090509,-96.797708
3455329009,Mammillaria albilanata,Oaxaca,17.129224,-96.457908
1897601357,Mammillaria albilanata,Oaxaca,17.13155,-97.52947
2864780337,Mammillaria albilanata,Oaxaca,17.190781,-96.782398
3308105149,Mammillaria albilanata,Oaxaca,17.21913,-97.28994
4516764201,Mammillaria albilanata,Oaxaca,17.254225,-96.492465
2460081158,Mammillaria albilanata,Oaxaca,17.255614,-96.490591
4436421742,Mammillaria albilanata,Oaxaca,17.255918,-96.490758
2864604351,Mammillaria albilanata,Oaxaca,17.257653,-96.488845
4111781728,Mammillaria albilanata,Oaxaca,17.258099,-96.477634
4111686697,Mammillaria albilanata,Oaxaca,17.258873,-96.474113
3455233330,Mammillaria albilanata,Oaxaca,17.259864,-96.48803
3455519924,Mammillaria albilanata,Oaxaca,17.304963,-96.526597
3307782015,Mammillaria albilanata,Oaxaca,17.312833,-97.1992
3308104860,Mammillaria albilanata,Oaxaca,17.32028,-96.44444
2898269473,Mammillaria albilanata,Oaxaca,17.335774,-97.130273
1850995045,Mammillaria albilanata,Oaxaca,17.370764,-96.92516
1088941922,Mammillaria albilanata,Oaxaca,17.439065,-96.930951
2573879643,Mammillaria albilanata,Oaxaca,17.453772,-96.448337
4516335494,Mammillaria albilanata,Oaxaca,17.456464,-96.935967
4516409872,Mammillaria albilanata,Oaxaca,17.457144,-96.935547
2549961261,Mammillaria albilanata,Oaxaca,17.462142,-97.0855
1850902102,Mammillaria albilanata,Oaxaca,17.469148,-97.085307
1088941975,Mammillaria albilanata,Oaxaca,17.484824,-96.940127
2864807353,Mammillaria albilanata,Oaxaca,17.50065,-97.858769
4039298711,Mammillaria albilanata,Oaxaca,17.5163,-96.912193
1621777222,Mammillaria albilanata,Oaxaca,17.5241,-97.981396
3308277229,Mammillaria albilanata,Oaxaca,17.533778,-97.521944
3308621628,Mammillaria albilanata,Oaxaca,17.53406,-96.95139
4029193182,Mammillaria albilanata,Oaxaca,17.543712,-96.908361
3988493731,Mammillaria albilanata,Oaxaca,17.549328,-97.314864
3307802898,Mammillaria albilanata,Oaxaca,17.55,-96.95
4516375189,Mammillaria albilanata,Oaxaca,17.550083,-96.947067
4516899366,Mammillaria albilanata,Oaxaca,17.550094,-96.946972
4516597339,Mammillaria albilanata,Oaxaca,17.550128,-96.946992
4516901124,Mammillaria albilanata,Oaxaca,17.550133,-96.947006
4516837461,Mammillaria albilanata,Oaxaca,17.550139,-96.947036
4516381297,Mammillaria albilanata,Oaxaca,17.550206,-96.946969
4516392260,Mammillaria albilanata,Oaxaca,17.550269,-96.946906
4516712568,Mammillaria albilanata,Oaxaca,17.550494,-96.946669
1897601320,Mammillaria albilanata,Oaxaca,17.567528,-96.945556
3307735881,Mammillaria albilanata,Oaxaca,17.56825,-97.468667
4512113742,Mammillaria albilanata,Oaxaca,17.576097,-97.070358
3308416761,Mammillaria albilanata,Oaxaca,17.583,-97.433
1848818261,Mammillaria albilanata,Oaxaca,17.585442,-96.949806
1586915023,Mammillaria albilanata,Oaxaca,17.588672,-96.952951
3308007941,Mammillaria albilanata,Oaxaca,17.59306,-96.94778
1897601329,Mammillaria albilanata,Oaxaca,17.6,-96.566667
1897601386,Mammillaria albilanata,Oaxaca,17.60772,-96.93347
2898284497,Mammillaria albilanata,Oaxaca,17.631219,-98.295177
3988441418,Mammillaria albilanata,Oaxaca,17.63498,-97.285972
2818747654,Mammillaria albilanata,Oaxaca,17.636128,-98.04599
2818507710,Mammillaria albilanata,Oaxaca,17.643565,-98.017745
2629779429,Mammillaria albilanata,Oaxaca,17.65678,-97.9622
1848817453,Mammillaria albilanata,Oaxaca,17.662179,-96.931343
3465976721,Mammillaria albilanata,Oaxaca,17.669766,-97.25417
3308528586,Mammillaria albilanata,Oaxaca,17.676028,-97.035
3858202325,Mammillaria albilanata,Oaxaca,17.683636,-97.243358
2465170311,Mammillaria albilanata,Oaxaca,17.6855,-97.271806
2984397693,Mammillaria albilanata,Oaxaca,17.687084,-97.942945
2898281516,Mammillaria albilanata,Oaxaca,17.693317,-97.199203
2465204814,Mammillaria albilanata,Oaxaca,17.695323,-97.245097
3859105567,Mammillaria albilanata,Oaxaca,17.696443,-97.200278
2518030413,Mammillaria albilanata,Oaxaca,17.70238,-97.944283
3915502129,Mammillaria albilanata,Oaxaca,17.710107,-97.903748
1890668457,Mammillaria albilanata,Oaxaca,17.713413,-96.943221
1586914755,Mammillaria albilanata,Oaxaca,17.720646,-97.154975
2980773069,Mammillaria albilanata,Oaxaca,17.725252,-97.320934
2269206036,Mammillaria albilanata,Oaxaca,17.77116,-96.953961
3308523600,Mammillaria albilanata,Oaxaca,17.791694,-97.113333
3308736222,Mammillaria albilanata,Oaxaca,17.822222,-97.180833
2802691704,Mammillaria albilanata,Oaxaca,17.838889,-97.812778
3986196410,Mammillaria albilanata,Oaxaca,17.846767,-97.234609
3985735530,Mammillaria albilanata,Oaxaca,17.898263,-96.979894
3881482315,Mammillaria albilanata,Oaxaca,17.94072,-97.166549
2818809619,Mammillaria albilanata,Oaxaca,17.949431,-98.041745
4506420562,Mammillaria albilanata,Oaxaca,18.042115,-96.692643
3307782849,Mammillaria beneckei,Oaxaca,16.35,-95.317
4111977122,Mammillaria beneckei,Oaxaca,16.380804,-95.313261
1259471510,Mammillaria beneckei,Oaxaca,16.38111,-95.31333
3308762737,Mammillaria beneckei,Oaxaca,16.38211,-95.3074
2629483151,Mammillaria beneckei,Oaxaca,16.385833,-95.3225
3307805182,Mammillaria beneckei,Oaxaca,16.417,-95.367
2999123977,Mammillaria carnea,Oaxaca,17.194769,-96.764815
3308712895,Mammillaria carnea,Oaxaca,17.376278,-97.064944
3308103026,Mammillaria carnea,Oaxaca,17.4841,-97.0519
4436236580,Mammillaria carnea,Oaxaca,17.580984,-96.837267
1897601023,Mammillaria carnea,Oaxaca,17.583333,-96.65
4034645576,Mammillaria carnea,Oaxaca,17.588819,-96.848999
3308056979,Mammillaria carnea,Oaxaca,17.62681,-96.92072
1986528713,Mammillaria carnea,Oaxaca,17.635109,-96.913051
1805401738,Mammillaria carnea,Oaxaca,17.635575,-96.912889
1914252729,Mammillaria carnea,Oaxaca,17.637662,-96.916742
2251825550,Mammillaria carnea,Oaxaca,17.64444,-96.94672
2868378715,Mammillaria carnea,Oaxaca,17.648544,-96.914991
1850994371,Mammillaria carnea,Oaxaca,17.651322,-96.929958
1933596111,Mammillaria carnea,Oaxaca,17.655421,-96.941129
1703179504,Mammillaria carnea,Oaxaca,17.712662,-97.06396
1850994091,Mammillaria carnea,Oaxaca,17.721327,-97.318703
2984504859,Mammillaria carnea,Oaxaca,17.722639,-96.907806
2981075055,Mammillaria carnea,Oaxaca,17.723519,-96.921688
1894563707,Mammillaria carnea,Oaxaca,17.723944,-97.320591
1894563673,Mammillaria carnea,Oaxaca,17.749167,-96.940555
1894563602,Mammillaria carnea,Oaxaca,17.758271,-96.962961
3307989459,Mammillaria carnea,Oaxaca,17.789337,-96.945197
1088942000,Mammillaria carnea,Oaxaca,17.789368,-96.945259
3308645843,Mammillaria carnea,Oaxaca,17.789423,-96.945141
3772660378,Mammillaria carnea,Oaxaca,17.789436,-96.945167
3773542354,Mammillaria carnea,Oaxaca,17.789455,-96.94513
3773110633,Mammillaria carnea,Oaxaca,17.789483,-96.945119
3802277475,Mammillaria carnea,Oaxaca,17.789485,-96.945151
3802323482,Mammillaria carnea,Oaxaca,17.789497,-96.945137
3802428462,Mammillaria carnea,Oaxaca,17.789517,-96.945003
3773509048,Mammillaria carnea,Oaxaca,17.789535,-96.945036
3985665553,Mammillaria carnea,Oaxaca,17.789575,-96.944808
3985640576,Mammillaria carnea,Oaxaca,17.789587,-96.944946
3858285098,Mammillaria carnea,Oaxaca,17.789615,-96.945605
3773644885,Mammillaria carnea,Oaxaca,17.789616,-96.944725
3772469006,Mammillaria carnea,Oaxaca,17.789646,-96.944794
3802364493,Mammillaria carnea,Oaxaca,17.789673,-96.944765
3773755915,Mammillaria carnea,Oaxaca,17.789675,-96.944809
3772476036,Mammillaria carnea,Oaxaca,17.789683,-96.944703
3802295459,Mammillaria carnea,Oaxaca,17.789759,-96.94485
3772490016,Mammillaria carnea,Oaxaca,17.78984,-96.944474
3802344446,Mammillaria carnea,Oaxaca,17.789841,-96.944669
3772875240,Mammillaria carnea,Oaxaca,17.789848,-96.944665
3773486965,Mammillaria carnea,Oaxaca,17.789851,-96.94456
3773491382,Mammillaria carnea,Oaxaca,17.789864,-96.944522
3985677578,Mammillaria carnea,Oaxaca,17.789885,-96.944613
3802415471,Mammillaria carnea,Oaxaca,17.789995,-96.944504
3772749569,Mammillaria carnea,Oaxaca,17.790105,-96.944529
3772851856,Mammillaria carnea,Oaxaca,17.790352,-96.943629
3772857049,Mammillaria carnea,Oaxaca,17.790544,-96.943629
3772919197,Mammillaria carnea,Oaxaca,17.798025,-96.867003
3773075808,Mammillaria carnea,Oaxaca,17.798587,-96.890941
1896093998,Mammillaria carnea,Oaxaca,17.802308,-96.988828
3070348184,Mammillaria carnea,Oaxaca,17.803611,-96.956749
1640073241,Mammillaria carnea,Oaxaca,17.808889,-96.995
3306202239,Mammillaria carnea,Oaxaca,17.815062,-96.996287
1894563612,Mammillaria carnea,Oaxaca,17.81658,-96.9603
1897600929,Mammillaria carnea,Oaxaca,17.827142,-96.940933
1897600867,Mammillaria carnea,Oaxaca,17.828777,-96.962317
1088941967,Mammillaria carnea,Oaxaca,17.847683,-97.069372
4436376989,Mammillaria carnea,Oaxaca,17.859989,-97.038631
2596184183,Mammillaria carnea,Oaxaca,17.861754,-97.046304
4080525135,Mammillaria carnea,Oaxaca,17.862101,-97.035532
1894563475,Mammillaria carnea,Oaxaca,17.86236,-97.042587
2862604367,Mammillaria carnea,Oaxaca,17.862431,-97.042755
3772839244,Mammillaria carnea,Oaxaca,17.862532,-97.04469
2862652426,Mammillaria carnea,Oaxaca,17.862899,-97.038686
3986054529,Mammillaria carnea,Oaxaca,17.862969,-97.038676
3772989442,Mammillaria carnea,Oaxaca,17.863094,-97.050819
3772900605,Mammillaria carnea,Oaxaca,17.863148,-97.03868
3773091898,Mammillaria carnea,Oaxaca,17.863161,-97.040955
3773684845,Mammillaria carnea,Oaxaca,17.863395,-97.038666
1586085207,Mammillaria carnea,Oaxaca,17.864132,-97.037274
3772774573,Mammillaria carnea,Oaxaca,17.864247,-97.037808
3986223579,Mammillaria carnea,Oaxaca,17.864841,-97.036651
3773533592,Mammillaria carnea,Oaxaca,17.86489,-97.030158
3772487194,Mammillaria carnea,Oaxaca,17.864916,-97.030032
3773393898,Mammillaria carnea,Oaxaca,17.865113,-97.030246
3301871809,Mammillaria carnea,Oaxaca,17.865169,-97.034894
3985750564,Mammillaria carnea,Oaxaca,17.865186,-97.03479
3772859179,Mammillaria carnea,Oaxaca,17.865419,-97.030935
3985639537,Mammillaria carnea,Oaxaca,17.865522,-97.03097
3772501262,Mammillaria carnea,Oaxaca,17.865902,-97.031098
3772542372,Mammillaria carnea,Oaxaca,17.866667,-97.016667
3802513480,Mammillaria carnea,Oaxaca,17.868558,-97.026751
1897600910,Mammillaria carnea,Oaxaca,17.868721,-97.025421
1920793585,Mammillaria carnea,Oaxaca,17.874167,-97.0175
1920793593,Mammillaria carnea,Oaxaca,17.892253,-96.992006
1894563618,Mammillaria carnea,Oaxaca,17.896389,-97.005278
4516924272,Mammillaria carnea,Oaxaca,17.898047,-96.9673
1894563599,Mammillaria carnea,Oaxaca,17.9,-97.003611
1894563627,Mammillaria carnea,Oaxaca,17.906836,-97.008294
2596437211,Mammillaria carnea,Oaxaca,17.906867,-97.008269
1894563527,Mammillaria carnea,Oaxaca,17.908037,-96.988035
3415680575,Mammillaria carnea,Oaxaca,17.90819,-97.06833
3415933550,Mammillaria carnea,Oaxaca,17.909169,-96.971114
4516712487,Mammillaria carnea,Oaxaca,17.913047,-96.979758
4516824657,Mammillaria carnea,Oaxaca,17.916667,-96.95
1897600984,Mammillaria carnea,Oaxaca,17.934969,-97.319298
1899758457,Mammillaria carnea,Oaxaca,17.935339,-97.032168
1898810994,Mammillaria carnea,Oaxaca,17.938469,-97.009406
1894563509,Mammillaria carnea,Oaxaca,17.946111,-97.266667
1883972656,Mammillaria carnea,Oaxaca,17.965049,-97.421941
3859664309,Mammillaria carnea,Oaxaca,17.98365,-97.034836
4516463252,Mammillaria carnea,Oaxaca,17.983669,-97.035206
4516819129,Mammillaria carnea,Oaxaca,17.984139,-97.035911
1894563585,Mammillaria carnea,Oaxaca,17.984256,-97.036094
1894563482,Mammillaria carnea,Oaxaca,18.04611,-97.05833
1894563646,Mammillaria carnea,Oaxaca,18.053173,-97.361612
1253300974,Mammillaria carnea,Oaxaca,18.119528,-97.112194
1894563417,Mammillaria carnea,Oaxaca,18.149569,-97.14297
1894563533,Mammillaria carnea,Oaxaca,18.180104,-97.165833
1453497559,Mammillaria carnea,Oaxaca,18.210714,-97.688153
3308077828,Mammillaria crucigera,Oaxaca,17.85278,-97.19278
3986071561,Mammillaria crucigera,Oaxaca,17.884451,-97.989926
1668886121,Mammillaria crucigera,Oaxaca,17.902261,-97.190052
1897350351,Mammillaria crucigera,Oaxaca,17.912667,-97.060167
3308600399,Mammillaria crucigera,Oaxaca,17.95,-97.033
1894009550,Mammillaria crucigera,Oaxaca,17.957222,-97.044
1417671607,Mammillaria crucigera,Oaxaca,18.033003,-97.05001
2572935243,Mammillaria crucigera,Oaxaca,18.046839,-97.059517
3308099124,Mammillaria crucigera,Oaxaca,18.066,-97.0676
1894009529,Mammillaria crucigera,Oaxaca,18.081817,-97.067183
1894009512,Mammillaria crucigera,Oaxaca,18.091,-97.086417
3308523554,Mammillaria crucigera,Oaxaca,18.09575,-97.073917
1894009510,Mammillaria crucigera,Oaxaca,18.111267,-97.073067
1417671479,Mammillaria crucigera,Oaxaca,18.133002,-97.100005
1894009523,Mammillaria crucigera,Oaxaca,18.135167,-97.082
1894009520,Mammillaria crucigera,Oaxaca,18.154783,-97.090383
1894009515,Mammillaria crucigera,Oaxaca,18.177167,-97.11405
3032046779,Mammillaria deherdtiana,Oaxaca,16.919448,-96.213138
2311426125,Mammillaria deherdtiana,Oaxaca,17.012985,-96.592431
3416170174,Mammillaria deherdtiana,Oaxaca,17.023991,-96.557038
1880676481,Mammillaria deherdtiana,Oaxaca,17.079267,-96.736755
2619997382,Mammillaria deherdtiana,Oaxaca,17.086208,-96.251634
1323036298,Mammillaria deherdtiana,Oaxaca,17.089785,-96.571557
1291120743,Mammillaria deherdtiana,Oaxaca,17.093449,-96.470025
4062921577,Mammillaria deherdtiana,Oaxaca,17.110546,-96.345112
1897487350,Mammillaria deherdtiana,Oaxaca,17.116222,-96.3555
1640073180,Mammillaria deherdtiana,Oaxaca,17.118208,-96.470364
4413763494,Mammillaria deherdtiana,Oaxaca,17.14368,-96.471211
1897487344,Mammillaria deherdtiana,Oaxaca,17.152278,-96.378444
1986592665,Mammillaria deherdtiana,Oaxaca,17.15378,-96.410907
3873747899,Mammillaria deherdtiana,Oaxaca,17.166299,-96.585921
2579275361,Mammillaria deherdtiana,Oaxaca,17.170442,-96.307672
3873072569,Mammillaria deherdtiana,Oaxaca,17.171208,-96.572486
3308107374,Mammillaria deherdtiana,Oaxaca,17.17139,-96.38306
2862613388,Mammillaria deherdtiana,Oaxaca,17.181277,-96.401963
1562911586,Mammillaria deherdtiana,Oaxaca,17.195073,-96.558217
4080461056,Mammillaria deherdtiana,Oaxaca,17.287379,-96.477902
4133997277,Mammillaria deherdtiana,Oaxaca,18.2231,-96.660892
1897600340,Mammillaria discolor,Oaxaca,17.49388,-97.54361
3308361642,Mammillaria discolor,Oaxaca,17.496222,-97.542056
1897600345,Mammillaria discolor,Oaxaca,17.70155,-97.07086
3308465211,Mammillaria discolor,Oaxaca,17.718667,-96.865472
1897600368,Mammillaria discolor,Oaxaca,17.71947,-96.85941
3308102681,Mammillaria discolor,Oaxaca,17.7196,-96.8624
1914242156,Mammillaria discolor,Oaxaca,17.72,-96.88
3308212604,Mammillaria discolor,Oaxaca,17.724028,-97.376972
1897600344,Mammillaria discolor,Oaxaca,17.833333,-97.5
1668810240,Mammillaria discolor,Oaxaca,17.835694,-97.367891
3398874786,Mammillaria discolor,Oaxaca,17.839275,-97.496141
3860048856,Mammillaria discolor,Oaxaca,17.841238,-97.496567
3307902799,Mammillaria discolor,Oaxaca,17.84944,-97.48805
3308724844,Mammillaria dixanthocentron,Oaxaca,17.4713,-97.0568
1894564017,Mammillaria dixanthocentron,Oaxaca,17.585417,-97.086889
2557759905,Mammillaria dixanthocentron,Oaxaca,17.632893,-96.99703
3384634960,Mammillaria dixanthocentron,Oaxaca,17.653123,-97.15351
1897602180,Mammillaria dixanthocentron,Oaxaca,17.685833,-97.946944
1894009576,Mammillaria dixanthocentron,Oaxaca,17.688667,-97.943028
1894009544,Mammillaria dixanthocentron,Oaxaca,17.693694,-97.414083
3308653740,Mammillaria dixanthocentron,Oaxaca,17.705111,-96.965
2596167185,Mammillaria dixanthocentron,Oaxaca,17.709869,-97.162647
3307766762,Mammillaria dixanthocentron,Oaxaca,17.755889,-96.96425
1088942014,Mammillaria dixanthocentron,Oaxaca,17.759021,-96.987389
3308107675,Mammillaria dixanthocentron,Oaxaca,17.769417,-96.991861
4438870792,Mammillaria dixanthocentron,Oaxaca,17.777062,-97.867917
1453493004,Mammillaria dixanthocentron,Oaxaca,17.787804,-96.973062
1986568995,Mammillaria dixanthocentron,Oaxaca,17.798284,-96.964699
3039355237,Mammillaria dixanthocentron,Oaxaca,17.807377,-97.017141
4438748511,Mammillaria dixanthocentron,Oaxaca,17.809307,-97.119961
1894009572,Mammillaria dixanthocentron,Oaxaca,17.809778,-97.018694
3058850886,Mammillaria dixanthocentron,Oaxaca,17.810754,-97.19253
3773456228,Mammillaria dixanthocentron,Oaxaca,17.818836,-97.16205
3773328862,Mammillaria dixanthocentron,Oaxaca,17.81912,-97.157239
1088941979,Mammillaria dixanthocentron,Oaxaca,17.819129,-96.978412
3772907697,Mammillaria dixanthocentron,Oaxaca,17.823413,-97.162587
3892408177,Mammillaria dixanthocentron,Oaxaca,17.834332,-97.093378
3986138579,Mammillaria dixanthocentron,Oaxaca,17.834704,-97.176789
3773814337,Mammillaria dixanthocentron,Oaxaca,17.837008,-97.035981
1894009557,Mammillaria dixanthocentron,Oaxaca,17.838278,-96.912389
1897602104,Mammillaria dixanthocentron,Oaxaca,17.845,-97.01666
2596158834,Mammillaria dixanthocentron,Oaxaca,17.846427,-97.017877
4516612492,Mammillaria dixanthocentron,Oaxaca,17.847653,-96.88802
1897602073,Mammillaria dixanthocentron,Oaxaca,17.849444,-97.018055
3773696181,Mammillaria dixanthocentron,Oaxaca,17.855698,-97.182941
3773490363,Mammillaria dixanthocentron,Oaxaca,17.856896,-97.027845
3773489249,Mammillaria dixanthocentron,Oaxaca,17.859579,-97.035637
3124879431,Mammillaria dixanthocentron,Oaxaca,17.859997,-97.171596
1088941999,Mammillaria dixanthocentron,Oaxaca,17.863044,-96.894416
3772534213,Mammillaria dixanthocentron,Oaxaca,17.866196,-97.164977
3408236752,Mammillaria dixanthocentron,Oaxaca,17.86703,-97.091555
4516837371,Mammillaria dixanthocentron,Oaxaca,17.868189,-97.136337
1897602160,Mammillaria dixanthocentron,Oaxaca,17.86833,-97.016667
3773049868,Mammillaria dixanthocentron,Oaxaca,17.868621,-97.074105
1894009551,Mammillaria dixanthocentron,Oaxaca,17.869222,-97.460472
3772873299,Mammillaria dixanthocentron,Oaxaca,17.870441,-97.066063
2993506530,Mammillaria dixanthocentron,Oaxaca,17.87125,-96.96725
3892636210,Mammillaria dixanthocentron,Oaxaca,17.876378,-97.130076
3773041726,Mammillaria dixanthocentron,Oaxaca,17.883313,-97.07178
3308107956,Mammillaria dixanthocentron,Oaxaca,17.88333,-97.11667
3308370377,Mammillaria dixanthocentron,Oaxaca,17.885,-97.007
1894009569,Mammillaria dixanthocentron,Oaxaca,17.8865,-97.0065
3772903710,Mammillaria dixanthocentron,Oaxaca,17.889802,-97.179589
1894009592,Mammillaria dixanthocentron,Oaxaca,17.893283,-97.008717
1894009545,Mammillaria dixanthocentron,Oaxaca,17.895611,-97.416667
3772963621,Mammillaria dixanthocentron,Oaxaca,17.898089,-97.133436
1897602108,Mammillaria dixanthocentron,Oaxaca,17.89833,-97
2862629339,Mammillaria dixanthocentron,Oaxaca,17.899157,-97.156141
4522698745,Mammillaria dixanthocentron,Oaxaca,17.8992,-97.170617
1703199837,Mammillaria dixanthocentron,Oaxaca,17.901498,-97.094432
3773274963,Mammillaria dixanthocentron,Oaxaca,17.902298,-97.085613
1883972594,Mammillaria dixanthocentron,Oaxaca,17.903033,-97.045681
4516901037,Mammillaria dixanthocentron,Oaxaca,17.904026,-97.075046
1894009536,Mammillaria dixanthocentron,Oaxaca,17.904667,-97.070917
1894009560,Mammillaria dixanthocentron,Oaxaca,17.9096,-97.008933
1894009533,Mammillaria dixanthocentron,Oaxaca,17.910333,-97.449222
3124628828,Mammillaria dixanthocentron,Oaxaca,17.910348,-97.06724
3985677621,Mammillaria dixanthocentron,Oaxaca,17.910636,-97.07661
1880661076,Mammillaria dixanthocentron,Oaxaca,17.910851,-97.079842
3772905117,Mammillaria dixanthocentron,Oaxaca,17.914144,-97.190748
3772956094,Mammillaria dixanthocentron,Oaxaca,17.921293,-97.112979
3416065212,Mammillaria dixanthocentron,Oaxaca,17.923036,-97.059806
3985717588,Mammillaria dixanthocentron,Oaxaca,17.929044,-97.027448
1920793581,Mammillaria dixanthocentron,Oaxaca,17.930772,-97.156601
3772647967,Mammillaria dixanthocentron,Oaxaca,17.93243,-97.078202
3124884716,Mammillaria dixanthocentron,Oaxaca,17.933018,-97.031085
3772568679,Mammillaria dixanthocentron,Oaxaca,17.936414,-97.099135
3773028161,Mammillaria dixanthocentron,Oaxaca,17.943961,-97.142996
1920793588,Mammillaria dixanthocentron,Oaxaca,17.94834,-97.029644
1846497647,Mammillaria dixanthocentron,Oaxaca,17.948918,-97.027003
3308659921,Mammillaria dixanthocentron,Oaxaca,17.95556,-97.02361
3985696439,Mammillaria dixanthocentron,Oaxaca,17.95603,-97.076309
2596183797,Mammillaria dixanthocentron,Oaxaca,17.956184,-97.152776
3772479748,Mammillaria dixanthocentron,Oaxaca,17.956712,-97.100383
3772491194,Mammillaria dixanthocentron,Oaxaca,17.95977,-97.116298
2984447813,Mammillaria dixanthocentron,Oaxaca,17.965747,-97.036025
3773035283,Mammillaria dixanthocentron,Oaxaca,17.965758,-97.01844
3772822861,Mammillaria dixanthocentron,Oaxaca,17.968193,-97.037488
1880663974,Mammillaria dixanthocentron,Oaxaca,17.971214,-97.197833
3124636820,Mammillaria dixanthocentron,Oaxaca,17.979359,-97.149342
3773230381,Mammillaria dixanthocentron,Oaxaca,17.986863,-97.141938
3407898096,Mammillaria dixanthocentron,Oaxaca,17.992816,-97.149943
3966595627,Mammillaria dixanthocentron,Oaxaca,17.996859,-97.158583
2984439782,Mammillaria dixanthocentron,Oaxaca,17.99716,-97.075429
1897602161,Mammillaria dixanthocentron,Oaxaca,18.005556,-97.087222
3308667740,Mammillaria dixanthocentron,Oaxaca,18.018556,-97.054167
1894009555,Mammillaria dixanthocentron,Oaxaca,18.021417,-97.699278
2423255520,Mammillaria dixanthocentron,Oaxaca,18.025749,-97.094242
3308074886,Mammillaria dixanthocentron,Oaxaca,18.0336933,-97.0500598
3307792639,Mammillaria dixanthocentron,Oaxaca,18.048694,-97.055778
1978816727,Mammillaria dixanthocentron,Oaxaca,18.049873,-97.126627
1894009548,Mammillaria dixanthocentron,Oaxaca,18.059472,-97.066194
3308464296,Mammillaria dixanthocentron,Oaxaca,18.066028,-97.067611
1897602121,Mammillaria dixanthocentron,Oaxaca,18.068333,-97.062222
1894009547,Mammillaria dixanthocentron,Oaxaca,18.070333,-97.062694
3308369260,Mammillaria dixanthocentron,Oaxaca,18.070389,-97.045
1894009539,Mammillaria dixanthocentron,Oaxaca,18.075133,-97.074117
1586917625,Mammillaria dixanthocentron,Oaxaca,18.08282,-97.517377
3308596054,Mammillaria dixanthocentron,Oaxaca,18.085844,-97.065972
3307766714,Mammillaria dixanthocentron,Oaxaca,18.136167,-97.087417
2596078714,Mammillaria dixanthocentron,Oaxaca,18.139287,-97.355466
1894009542,Mammillaria dixanthocentron,Oaxaca,18.182444,-97.047139
1897602089,Mammillaria dixanthocentron,Oaxaca,18.2,-97.166667
1894009543,Mammillaria dixanthocentron,Oaxaca,18.272222,-97.089361
3986221696,Mammillaria duoformis,Oaxaca,17.610519,-97.645405
1897600746,Mammillaria duoformis,Oaxaca,17.76666,-97.78333
3307902800,Mammillaria duoformis,Oaxaca,17.77411,-97.79181
3308090607,Mammillaria duoformis,Oaxaca,17.78055,-97.75
1897600729,Mammillaria duoformis,Oaxaca,17.822166,-97.796555
3307622924,Mammillaria duoformis,Oaxaca,17.847083,-97.793222
3308359877,Mammillaria duoformis,Oaxaca,17.8471,-97.7932
4054845583,Mammillaria duoformis,Oaxaca,18.050146,-97.732743
2397479299,Mammillaria duoformis,Oaxaca,18.109096,-97.756555
2397708659,Mammillaria duoformis,Oaxaca,18.169516,-97.768242
2397479369,Mammillaria duoformis,Oaxaca,18.261224,-97.708997
3308082447,Mammillaria flavicentra,Oaxaca,17.12058,-97.31839
3308727089,Mammillaria flavicentra,Oaxaca,17.173639,-97.172278
3308080651,Mammillaria flavicentra,Oaxaca,17.265556,-97.292917
3308108047,Mammillaria flavicentra,Oaxaca,17.28599,-97.3668
3308663194,Mammillaria flavicentra,Oaxaca,17.34,-96.950833
3308727233,Mammillaria flavicentra,Oaxaca,17.36938,-97.3351
3308099223,Mammillaria flavicentra,Oaxaca,17.43386,-97.03527
3308470829,Mammillaria flavicentra,Oaxaca,17.45,-97.217
3308630116,Mammillaria flavicentra,Oaxaca,17.46419,-97.46611
3308655960,Mammillaria flavicentra,Oaxaca,17.46575,-97.16823
3308712488,Mammillaria flavicentra,Oaxaca,17.46772,-97.2013
3308662894,Mammillaria flavicentra,Oaxaca,17.46786,-97.06133
3308642303,Mammillaria flavicentra,Oaxaca,17.483,-97.217
3308656086,Mammillaria flavicentra,Oaxaca,17.484611,-97.05032
3308086346,Mammillaria flavicentra,Oaxaca,17.53601,-97.31887
3308067238,Mammillaria flavicentra,Oaxaca,17.56748,-97.05275
3872973341,Mammillaria flavicentra,Oaxaca,17.601723,-97.34664
3308729089,Mammillaria flavicentra,Oaxaca,17.60393,-97.198
1894555595,Mammillaria flavicentra,Oaxaca,17.650833,-97.038333
1668788385,Mammillaria flavicentra,Oaxaca,17.655841,-97.133346
3873024576,Mammillaria flavicentra,Oaxaca,17.666093,-97.26541
3468775537,Mammillaria flavicentra,Oaxaca,17.666117,-97.26539
1931535189,Mammillaria flavicentra,Oaxaca,17.668231,-97.251363
3308214609,Mammillaria flavicentra,Oaxaca,17.675861,-97.459694
3308077273,Mammillaria flavicentra,Oaxaca,17.68889,-97.44861
1883972304,Mammillaria flavicentra,Oaxaca,17.693223,-97.261264
3308107962,Mammillaria flavicentra,Oaxaca,17.709861,-97.162444
3308100251,Mammillaria flavicentra,Oaxaca,17.803556,-96.901917
1848812982,Mammillaria flavicentra,Oaxaca,17.803693,-96.884072
3307787539,Mammillaria flavicentra,Oaxaca,17.8044,-97.4929
4126823859,Mammillaria flavicentra,Oaxaca,17.824343,-96.880407
3308409518,Mammillaria flavicentra,Oaxaca,17.835278,-96.932417
3859190396,Mammillaria flavicentra,Oaxaca,17.844088,-96.893059
1883972244,Mammillaria flavicentra,Oaxaca,17.846226,-97.496757
3308528587,Mammillaria flavicentra,Oaxaca,17.84625,-96.893222
2242748807,Mammillaria flavicentra,Oaxaca,17.846999,-97.326931
3307902798,Mammillaria flavicentra,Oaxaca,17.847694,-97.203278
1668795571,Mammillaria flavicentra,Oaxaca,17.863853,-96.901431
1836696680,Mammillaria flavicentra,Oaxaca,17.867959,-97.34436
3308348737,Mammillaria flavicentra,Oaxaca,17.876417,-97.406167
3415984433,Mammillaria flavicentra,Oaxaca,17.87765,-97.400529
3355703389,Mammillaria flavicentra,Oaxaca,17.883589,-97.346655
2898343527,Mammillaria flavicentra,Oaxaca,17.886373,-96.887898
2517959405,Mammillaria flavicentra,Oaxaca,17.887936,-97.437684
3343895086,Mammillaria flavicentra,Oaxaca,17.888968,-97.342636
3466342643,Mammillaria flavicentra,Oaxaca,17.898511,-97.43143
3308099096,Mammillaria flavicentra,Oaxaca,17.91389,-96.9097
1950012182,Mammillaria flavicentra,Oaxaca,17.95606,-97.341559
2422815938,Mammillaria flavicentra,Oaxaca,17.962425,-97.431316
4046407851,Mammillaria flavicentra,Oaxaca,18.0455,-97.451012
1894555590,Mammillaria flavicentra,Oaxaca,18.054361,-97.003444
1586085184,Mammillaria flavicentra,Oaxaca,18.061333,-97.005672
3307826918,Mammillaria flavicentra,Oaxaca,18.06667,-97.31667
1883972519,Mammillaria flavicentra,Oaxaca,18.071615,-96.964774
2423255505,Mammillaria flavicentra,Oaxaca,18.073165,-96.964903
1883972518,Mammillaria flavicentra,Oaxaca,18.073899,-96.964731
1586085857,Mammillaria flavicentra,Oaxaca,18.088831,-97.014341
3308082477,Mammillaria flavicentra,Oaxaca,18.17417,-97.03667
4006648672,Mammillaria haageana,Oaxaca,16.257278,-96.559472
3117788419,Mammillaria haageana,Oaxaca,16.279638,-96.643096
3337953925,Mammillaria haageana,Oaxaca,16.289905,-96.63121
3338012681,Mammillaria haageana,Oaxaca,16.289956,-96.631371
3337978433,Mammillaria haageana,Oaxaca,16.29001,-96.631435
3307956189,Mammillaria haageana,Oaxaca,16.3,-96.30083
3985829823,Mammillaria haageana,Oaxaca,16.402959,-96.467848
3308695696,Mammillaria haageana,Oaxaca,16.90128,-97.58125
3308695085,Mammillaria haageana,Oaxaca,17.03131,-96.9162
3308153599,Mammillaria haageana,Oaxaca,17.04683,-96.9151
1897576551,Mammillaria haageana,Oaxaca,17.049306,-96.897417
3308697910,Mammillaria haageana,Oaxaca,17.04931,-96.8974
1897576509,Mammillaria haageana,Oaxaca,17.049639,-96.897278
3308753514,Mammillaria haageana,Oaxaca,17.05483,-96.9132
1897576542,Mammillaria haageana,Oaxaca,17.070111,-96.895139
3308701006,Mammillaria haageana,Oaxaca,17.07019,-96.8446
1897576567,Mammillaria haageana,Oaxaca,17.070194,-96.844555
1897576553,Mammillaria haageana,Oaxaca,17.0715,-96.889028
3117808410,Mammillaria haageana,Oaxaca,17.083977,-96.864822
3308652213,Mammillaria haageana,Oaxaca,17.182383,-97.304583
3456838254,Mammillaria haageana,Oaxaca,17.255394,-96.490646
1893438696,Mammillaria haageana,Oaxaca,17.291667,-96.908333
3902987660,Mammillaria haageana,Oaxaca,17.320177,-97.246391
1897606502,Mammillaria haageana,Oaxaca,17.363806,-97.152511
3308577024,Mammillaria haageana,Oaxaca,17.43333,-97.95
3308557438,Mammillaria haageana,Oaxaca,17.45153,-97.95178
3308145457,Mammillaria haageana,Oaxaca,17.55453,-97.38642
3881525292,Mammillaria haageana,Oaxaca,17.637726,-97.319894
1897601066,Mammillaria haageana,Oaxaca,17.65,-97.483333
3881892338,Mammillaria haageana,Oaxaca,17.664737,-97.247971
3881610241,Mammillaria haageana,Oaxaca,17.665438,-97.24254
3455653971,Mammillaria haageana,Oaxaca,17.667557,-97.123362
3881464489,Mammillaria haageana,Oaxaca,17.668652,-97.25784
3308527769,Mammillaria haageana,Oaxaca,17.67122,-97.55881
3881911322,Mammillaria haageana,Oaxaca,17.675247,-97.24785
3881592162,Mammillaria haageana,Oaxaca,17.675543,-97.249742
2465202721,Mammillaria haageana,Oaxaca,17.677361,-97.233056
2980948307,Mammillaria haageana,Oaxaca,17.691261,-97.256457
3307887609,Mammillaria haageana,Oaxaca,17.6918,-97.0334
2465131111,Mammillaria haageana,Oaxaca,17.692722,-97.267639
3915345897,Mammillaria haageana,Oaxaca,17.693797,-97.935156
2898339996,Mammillaria haageana,Oaxaca,17.707729,-97.319549
2984508517,Mammillaria haageana,Oaxaca,17.721981,-97.318703
2980812027,Mammillaria haageana,Oaxaca,17.724639,-97.319904
2984521531,Mammillaria haageana,Oaxaca,17.725088,-97.320419
3881565405,Mammillaria haageana,Oaxaca,17.726052,-96.96845
2984387545,Mammillaria haageana,Oaxaca,17.727868,-97.322479
1897601152,Mammillaria haageana,Oaxaca,17.733333,-97.9
1088932889,Mammillaria haageana,Oaxaca,17.736653,-97.298286
3985689475,Mammillaria haageana,Oaxaca,17.751385,-97.071211
2451576831,Mammillaria haageana,Oaxaca,17.762786,-97.318047
1897601098,Mammillaria haageana,Oaxaca,17.766667,-97.75
1668840348,Mammillaria haageana,Oaxaca,17.768631,-97.680817
1668840440,Mammillaria haageana,Oaxaca,17.778603,-97.687168
3873666303,Mammillaria haageana,Oaxaca,17.77886,-97.20449
3915363916,Mammillaria haageana,Oaxaca,17.788182,-97.439945
3915385710,Mammillaria haageana,Oaxaca,17.788323,-97.442626
3915471595,Mammillaria haageana,Oaxaca,17.789555,-97.440064
3915259881,Mammillaria haageana,Oaxaca,17.791439,-97.438425
3915418628,Mammillaria haageana,Oaxaca,17.796682,-97.446026
3915486571,Mammillaria haageana,Oaxaca,17.797421,-97.442266
1894563360,Mammillaria haageana,Oaxaca,17.817528,-97.320833
3113584678,Mammillaria haageana,Oaxaca,17.822419,-97.34041
2456572947,Mammillaria haageana,Oaxaca,17.846937,-97.513714
2456570443,Mammillaria haageana,Oaxaca,17.847204,-97.512417
2573831270,Mammillaria haageana,Oaxaca,17.85249,-97.1851
3873628923,Mammillaria haageana,Oaxaca,17.852792,-97.511787
1990612496,Mammillaria haageana,Oaxaca,17.853157,-97.356222
2576341808,Mammillaria haageana,Oaxaca,17.856039,-97.323871
1024206148,Mammillaria haageana,Oaxaca,17.856468,-97.239814
3112547301,Mammillaria haageana,Oaxaca,17.860157,-97.357827
3858273852,Mammillaria haageana,Oaxaca,17.871992,-97.331908
1586090323,Mammillaria haageana,Oaxaca,17.87545,-97.361046
1668893396,Mammillaria haageana,Oaxaca,17.87829,-97.84087
1890676697,Mammillaria haageana,Oaxaca,17.880833,-97.412778
1880670338,Mammillaria haageana,Oaxaca,17.894515,-97.691673
2265777806,Mammillaria haageana,Oaxaca,17.928038,-97.439257
1894563588,Mammillaria haageana,Oaxaca,17.934361,-97.295528
1894563522,Mammillaria haageana,Oaxaca,17.936,-97.296389
3466142338,Mammillaria haageana,Oaxaca,17.969638,-97.426174
2550024222,Mammillaria haageana,Oaxaca,17.976389,-97.373889
3005161377,Mammillaria haageana,Oaxaca,17.978656,-97.343132
1883566644,Mammillaria haageana,Oaxaca,18.002938,-97.680924
3859146404,Mammillaria haageana,Oaxaca,18.009776,-97.655172
3858224396,Mammillaria haageana,Oaxaca,18.015682,-97.659088
3307957003,Mammillaria haageana,Oaxaca,18.017,-97.683
1897601141,Mammillaria haageana,Oaxaca,18.03202,-97.69344
2633977371,Mammillaria haageana,Oaxaca,18.057471,-97.343604
219012912,Mammillaria haageana,Oaxaca,18.066667,-97.366667
1806363419,Mammillaria haageana,Oaxaca,18.067345,-97.719335
1931489532,Mammillaria haageana,Oaxaca,18.067554,-97.309745
1880576658,Mammillaria haageana,Oaxaca,18.073063,-97.305983
3308523601,Mammillaria haageana,Oaxaca,18.07442,-97.32272
3308005240,Mammillaria haageana,Oaxaca,18.08333,-97.33333
3307906317,Mammillaria haageana,Oaxaca,18.1,-97.11667
3859241405,Mammillaria haageana,Oaxaca,18.13755,-97.678773
3308465207,Mammillaria haageana,Oaxaca,18.16667,-97.73333
3384511872,Mammillaria haageana,Oaxaca,18.178061,-97.656208
3456195486,Mammillaria haageana,Oaxaca,18.198978,-97.665723
3988694692,Mammillaria haageana,Oaxaca,18.199328,-97.666037
3307319647,Mammillaria haageana,Oaxaca,18.199402,-97.663979
3307266233,Mammillaria haageana,Oaxaca,18.199438,-97.664906
1897601084,Mammillaria haageana,Oaxaca,18.21291,-97.64891
1584399916,Mammillaria hernandezii,Oaxaca,17.839439,-97.558228
1920832285,Mammillaria hernandezii,Oaxaca,17.891899,-97.280855
911500185,Mammillaria hernandezii,Oaxaca,17.892175,-97.208197
1894009616,Mammillaria hernandezii,Oaxaca,17.892778,-97.426667
4399493507,Mammillaria hernandezii,Oaxaca,17.893222,-97.426055
4399493340,Mammillaria hernandezii,Oaxaca,17.893444,-97.426028
1894009606,Mammillaria hernandezii,Oaxaca,17.8935,-97.42785
4399493473,Mammillaria hernandezii,Oaxaca,17.893833,-97.426333
4399493505,Mammillaria hernandezii,Oaxaca,17.893944,-97.426278
4399493401,Mammillaria hernandezii,Oaxaca,17.894167,-97.426222
4399493376,Mammillaria hernandezii,Oaxaca,17.894278,-97.42625
4399493612,Mammillaria hernandezii,Oaxaca,17.894361,-97.426055
1894009611,Mammillaria hernandezii,Oaxaca,17.899283,-97.432933
1894009614,Mammillaria hernandezii,Oaxaca,17.9026,-97.424183
1894009561,Mammillaria hernandezii,Oaxaca,17.905533,-97.430033
1894009595,Mammillaria hernandezii,Oaxaca,17.905694,-97.455583
891174912,Mammillaria hernandezii,Oaxaca,17.909486,-97.486733
4399493414,Mammillaria hernandezii,Oaxaca,17.916806,-97.418861
4399493455,Mammillaria hernandezii,Oaxaca,17.916889,-97.418944
4399493310,Mammillaria hernandezii,Oaxaca,17.917167,-97.418861
4399493960,Mammillaria hernandezii,Oaxaca,17.917389,-97.418611
4399493658,Mammillaria hernandezii,Oaxaca,17.917817,-97.419889
4399493753,Mammillaria hernandezii,Oaxaca,17.917833,-97.418583
4399493329,Mammillaria hernandezii,Oaxaca,17.918083,-97.419361
1894009596,Mammillaria hernandezii,Oaxaca,17.919,-97.418778
3307902736,Mammillaria hernandezii,Oaxaca,17.919361,-97.443278
1894009604,Mammillaria hernandezii,Oaxaca,17.919583,-97.409778
4399493348,Mammillaria hernandezii,Oaxaca,17.92516,-97.43668
4399494123,Mammillaria hernandezii,Oaxaca,17.92534,-97.43699
4399493686,Mammillaria hernandezii,Oaxaca,17.92536,-97.4369
4399496592,Mammillaria hernandezii,Oaxaca,17.92537,-97.43694
4399493489,Mammillaria hernandezii,Oaxaca,17.9255,-97.43611
4399495310,Mammillaria hernandezii,Oaxaca,17.925525,-97.43596
4399493354,Mammillaria hernandezii,Oaxaca,17.92557,-97.43596
4399493345,Mammillaria hernandezii,Oaxaca,17.92577,-97.43617
4399493670,Mammillaria hernandezii,Oaxaca,17.925778,-97.436178
2984417785,Mammillaria hernandezii,Oaxaca,17.925783,-97.548197
4399493635,Mammillaria hernandezii,Oaxaca,17.92579,-97.43673
4399495305,Mammillaria hernandezii,Oaxaca,17.92585,-97.43628
4399493570,Mammillaria hernandezii,Oaxaca,17.92588,-97.436207
1894009589,Mammillaria hernandezii,Oaxaca,17.926567,-97.438683
1703206558,Mammillaria hernandezii,Oaxaca,17.934955,-97.221176
3384049625,Mammillaria hernandezii,Oaxaca,17.935156,-97.37167
1894009566,Mammillaria hernandezii,Oaxaca,17.940933,-97.412717
1894009584,Mammillaria hernandezii,Oaxaca,17.95245,-97.41165
3416225174,Mammillaria hernandezii,Oaxaca,17.993693,-97.549195
1586155250,Mammillaria hernandezii,Oaxaca,17.995061,-97.512086
3308410567,Mammillaria huitzilopochtli,Oaxaca,17.265444,-96.865111
3302129767,Mammillaria huitzilopochtli,Oaxaca,17.649511,-96.849685
3302018886,Mammillaria huitzilopochtli,Oaxaca,17.649792,-96.971977
3301841026,Mammillaria huitzilopochtli,Oaxaca,17.671668,-96.869578
3301827076,Mammillaria huitzilopochtli,Oaxaca,17.690502,-96.8191
4399459661,Mammillaria huitzilopochtli,Oaxaca,17.71925,-96.929833
3302128888,Mammillaria huitzilopochtli,Oaxaca,17.728208,-96.871878
3301900992,Mammillaria huitzilopochtli,Oaxaca,17.768792,-96.831425
3308667739,Mammillaria huitzilopochtli,Oaxaca,17.788028,-96.950556
1417671638,Mammillaria huitzilopochtli,Oaxaca,17.800002,-96.950004
3039392694,Mammillaria huitzilopochtli,Oaxaca,17.801149,-97.031656
3306201317,Mammillaria huitzilopochtli,Oaxaca,17.806556,-96.961889
3307889360,Mammillaria huitzilopochtli,Oaxaca,17.809917,-96.963917
1894009580,Mammillaria huitzilopochtli,Oaxaca,17.816683,-96.960683
4399493680,Mammillaria huitzilopochtli,Oaxaca,17.816833,-96.959861
4399493389,Mammillaria huitzilopochtli,Oaxaca,17.816944,-96.959917
4399493318,Mammillaria huitzilopochtli,Oaxaca,17.817139,-96.959917
4399493622,Mammillaria huitzilopochtli,Oaxaca,17.826583,-96.959917
3308364749,Mammillaria huitzilopochtli,Oaxaca,17.8272,-96.941
1848813368,Mammillaria huitzilopochtli,Oaxaca,17.837442,-96.825755
1894009582,Mammillaria huitzilopochtli,Oaxaca,17.850639,-96.969722
4399495582,Mammillaria huitzilopochtli,Oaxaca,17.852278,-96.993139
4399495628,Mammillaria huitzilopochtli,Oaxaca,17.854833,-96.984944
4399493304,Mammillaria huitzilopochtli,Oaxaca,17.857458,-96.983964
3058808120,Mammillaria huitzilopochtli,Oaxaca,17.85833,-96.994093
4399495998,Mammillaria huitzilopochtli,Oaxaca,17.862806,-96.984333
4399495639,Mammillaria huitzilopochtli,Oaxaca,17.863194,-96.998778
4399495747,Mammillaria huitzilopochtli,Oaxaca,17.86375,-96.985778
4399496354,Mammillaria huitzilopochtli,Oaxaca,17.864083,-96.9915
4399494221,Mammillaria huitzilopochtli,Oaxaca,17.866222,-96.984944
4399495798,Mammillaria huitzilopochtli,Oaxaca,17.867111,-96.990417
4399495739,Mammillaria huitzilopochtli,Oaxaca,17.867444,-96.991028
4399494173,Mammillaria huitzilopochtli,Oaxaca,17.867611,-96.990444
4399495913,Mammillaria huitzilopochtli,Oaxaca,17.867806,-96.991028
4399495677,Mammillaria huitzilopochtli,Oaxaca,17.86975,-96.990361
4399495348,Mammillaria huitzilopochtli,Oaxaca,17.871,-96.990805
4399495682,Mammillaria huitzilopochtli,Oaxaca,17.879167,-96.989444
4399493537,Mammillaria huitzilopochtli,Oaxaca,17.879333,-96.989278
4399493454,Mammillaria huitzilopochtli,Oaxaca,17.879361,-96.989389
4399495601,Mammillaria huitzilopochtli,Oaxaca,17.881333,-96.988222
4399495415,Mammillaria huitzilopochtli,Oaxaca,17.882,-96.988
3307957015,Mammillaria huitzilopochtli,Oaxaca,17.883,-96.967
1894009598,Mammillaria huitzilopochtli,Oaxaca,17.885556,-96.967667
2006102841,Mammillaria huitzilopochtli,Oaxaca,17.890587,-96.862665
1262390876,Mammillaria huitzilopochtli,Oaxaca,17.906664,-96.996414
4399495680,Mammillaria huitzilopochtli,Oaxaca,17.906944,-96.970944
4399493305,Mammillaria huitzilopochtli,Oaxaca,17.907983,-96.97035
4399493493,Mammillaria huitzilopochtli,Oaxaca,17.908333,-96.970305
4399494107,Mammillaria huitzilopochtli,Oaxaca,17.9085,-96.970417
4399493511,Mammillaria huitzilopochtli,Oaxaca,17.908556,-96.970111
4399493392,Mammillaria huitzilopochtli,Oaxaca,17.908917,-96.970055
1880667111,Mammillaria huitzilopochtli,Oaxaca,17.912034,-96.912779
4399493355,Mammillaria huitzilopochtli,Oaxaca,17.913083,-96.974889
3308374066,Mammillaria huitzilopochtli,Oaxaca,17.9167,-96.9667
1894009586,Mammillaria huitzilopochtli,Oaxaca,17.918028,-96.971417
3308073993,Mammillaria huitzilopochtli,Oaxaca,17.9197,-96.9734
1897379877,Mammillaria huitzilopochtli,Oaxaca,17.929333,-96.991833
4399493322,Mammillaria huitzilopochtli,Oaxaca,17.940039,-96.989197
4399493333,Mammillaria huitzilopochtli,Oaxaca,17.940786,-96.988114
4399493312,Mammillaria huitzilopochtli,Oaxaca,17.940911,-96.985858
4399493302,Mammillaria huitzilopochtli,Oaxaca,17.941278,-96.986844
4399493309,Mammillaria huitzilopochtli,Oaxaca,17.941292,-96.985061
4399493359,Mammillaria huitzilopochtli,Oaxaca,17.941322,-96.989786
3307962032,Mammillaria huitzilopochtli,Oaxaca,17.956056,-96.994194
1894009574,Mammillaria huitzilopochtli,Oaxaca,17.956683,-96.981783
3415922230,Mammillaria huitzilopochtli,Oaxaca,17.960169,-96.992404
2603504361,Mammillaria huitzilopochtli,Oaxaca,17.971066,-96.829737
1898810579,Mammillaria huitzilopochtli,Oaxaca,17.981171,-96.810577
2273279254,Mammillaria huitzilopochtli,Oaxaca,17.983756,-96.859233
1894009565,Mammillaria huitzilopochtli,Oaxaca,17.988056,-97.031917
1894009591,Mammillaria huitzilopochtli,Oaxaca,18.013917,-97.028722
3698289400,Mammillaria karwinskiana,Oaxaca,15.764838,-96.122799
3354986610,Mammillaria karwinskiana,Oaxaca,15.767596,-96.099767
3698227391,Mammillaria karwinskiana,Oaxaca,15.768404,-96.129486
3499433389,Mammillaria karwinskiana,Oaxaca,15.768417,-96.129478
3384667689,Mammillaria karwinskiana,Oaxaca,15.810043,-96.073388
3698393349,Mammillaria karwinskiana,Oaxaca,15.87185,-96.001137
1897572991,Mammillaria karwinskiana,Oaxaca,15.898333,-95.863722
3698235392,Mammillaria karwinskiana,Oaxaca,16.072398,-97.619555
1846497318,Mammillaria karwinskiana,Oaxaca,16.187979,-95.199517
4012032367,Mammillaria karwinskiana,Oaxaca,16.218691,-96.791001
3985698564,Mammillaria karwinskiana,Oaxaca,16.234465,-96.718347
3985742581,Mammillaria karwinskiana,Oaxaca,16.234754,-96.718455
3698224387,Mammillaria karwinskiana,Oaxaca,16.265112,-96.653403
3044802489,Mammillaria karwinskiana,Oaxaca,16.281288,-96.670313
4516513172,Mammillaria karwinskiana,Oaxaca,16.282026,-96.516809
3044827052,Mammillaria karwinskiana,Oaxaca,16.285495,-96.660722
4465682505,Mammillaria karwinskiana,Oaxaca,16.285821,-96.514536
3985684536,Mammillaria karwinskiana,Oaxaca,16.287885,-96.649608
3044883483,Mammillaria karwinskiana,Oaxaca,16.288327,-96.653249
3760337670,Mammillaria karwinskiana,Oaxaca,16.288387,-96.649024
3759287924,Mammillaria karwinskiana,Oaxaca,16.288421,-96.64818
4011981353,Mammillaria karwinskiana,Oaxaca,16.288667,-96.648728
4011933351,Mammillaria karwinskiana,Oaxaca,16.28867,-96.648578
4022356353,Mammillaria karwinskiana,Oaxaca,16.288687,-96.648692
4022330489,Mammillaria karwinskiana,Oaxaca,16.288848,-96.648481
3759290929,Mammillaria karwinskiana,Oaxaca,16.288891,-96.648392
4011780368,Mammillaria karwinskiana,Oaxaca,16.288903,-96.648414
3759969279,Mammillaria karwinskiana,Oaxaca,16.288976,-96.648351
4011952348,Mammillaria karwinskiana,Oaxaca,16.289114,-96.6482
3044679465,Mammillaria karwinskiana,Oaxaca,16.29018,-96.646249
3456542297,Mammillaria karwinskiana,Oaxaca,16.29024,-96.645571
3044655401,Mammillaria karwinskiana,Oaxaca,16.290254,-96.658002
3456607338,Mammillaria karwinskiana,Oaxaca,16.290286,-96.645476
3044817308,Mammillaria karwinskiana,Oaxaca,16.290302,-96.645829
3802648316,Mammillaria karwinskiana,Oaxaca,16.290306,-96.635383
3988502426,Mammillaria karwinskiana,Oaxaca,16.290356,-96.644872
3456992234,Mammillaria karwinskiana,Oaxaca,16.290366,-96.644669
3044630232,Mammillaria karwinskiana,Oaxaca,16.290396,-96.644724
3044934312,Mammillaria karwinskiana,Oaxaca,16.290449,-96.644737
3759987752,Mammillaria karwinskiana,Oaxaca,16.290474,-96.644704
3760388028,Mammillaria karwinskiana,Oaxaca,16.290508,-96.644623
3499560510,Mammillaria karwinskiana,Oaxaca,16.290516,-96.631081
3044956312,Mammillaria karwinskiana,Oaxaca,16.290574,-96.644524
3698184377,Mammillaria karwinskiana,Oaxaca,16.290597,-96.651931
3760149744,Mammillaria karwinskiana,Oaxaca,16.2906,-96.644535
3759680312,Mammillaria karwinskiana,Oaxaca,16.290726,-96.644339
3985771555,Mammillaria karwinskiana,Oaxaca,16.290812,-96.644211
3456827810,Mammillaria karwinskiana,Oaxaca,16.291056,-96.643967
3456440202,Mammillaria karwinskiana,Oaxaca,16.291172,-96.643822
3456678797,Mammillaria karwinskiana,Oaxaca,16.291277,-96.643715
3044911531,Mammillaria karwinskiana,Oaxaca,16.29158,-96.65488
3802437416,Mammillaria karwinskiana,Oaxaca,16.291733,-96.643257
3044885311,Mammillaria karwinskiana,Oaxaca,16.291742,-96.643324
4011956321,Mammillaria karwinskiana,Oaxaca,16.292005,-96.646734
3456454596,Mammillaria karwinskiana,Oaxaca,16.292413,-96.63963
4011825346,Mammillaria karwinskiana,Oaxaca,16.292828,-96.646431
4011715344,Mammillaria karwinskiana,Oaxaca,16.292831,-96.646435
3760241022,Mammillaria karwinskiana,Oaxaca,16.29348,-96.636605
3044904830,Mammillaria karwinskiana,Oaxaca,16.293534,-96.635617
3499505412,Mammillaria karwinskiana,Oaxaca,16.294002,-96.637342
4011738400,Mammillaria karwinskiana,Oaxaca,16.295431,-96.638419
3759242005,Mammillaria karwinskiana,Oaxaca,16.29576,-96.636422
4011952365,Mammillaria karwinskiana,Oaxaca,16.296308,-96.63868
4011817384,Mammillaria karwinskiana,Oaxaca,16.296325,-96.638815
4015004778,Mammillaria karwinskiana,Oaxaca,16.296703,-96.638906
4022022917,Mammillaria karwinskiana,Oaxaca,16.296821,-96.638845
4022154838,Mammillaria karwinskiana,Oaxaca,16.29683,-96.63883
4014856736,Mammillaria karwinskiana,Oaxaca,16.297115,-96.639153
4011887337,Mammillaria karwinskiana,Oaxaca,16.297128,-96.638858
3455504982,Mammillaria karwinskiana,Oaxaca,16.297449,-96.639803
3455478185,Mammillaria karwinskiana,Oaxaca,16.297487,-96.639693
4015236768,Mammillaria karwinskiana,Oaxaca,16.297677,-96.639256
3457011766,Mammillaria karwinskiana,Oaxaca,16.297696,-96.639452
3457188765,Mammillaria karwinskiana,Oaxaca,16.297831,-96.639496
3468672438,Mammillaria karwinskiana,Oaxaca,16.297904,-96.639309
3456756512,Mammillaria karwinskiana,Oaxaca,16.297925,-96.639432
3455918140,Mammillaria karwinskiana,Oaxaca,16.297945,-96.639383
3456782864,Mammillaria karwinskiana,Oaxaca,16.298334,-96.63932
3044841865,Mammillaria karwinskiana,Oaxaca,16.300923,-96.632603
4067574529,Mammillaria karwinskiana,Oaxaca,16.30147,-96.633633
3408016241,Mammillaria karwinskiana,Oaxaca,16.30157,-96.633011
4067490624,Mammillaria karwinskiana,Oaxaca,16.30192,-96.631734
4067515645,Mammillaria karwinskiana,Oaxaca,16.302121,-96.634629
3408202040,Mammillaria karwinskiana,Oaxaca,16.302176,-96.634689
4075902744,Mammillaria karwinskiana,Oaxaca,16.302206,-96.634649
3408210256,Mammillaria karwinskiana,Oaxaca,16.302208,-96.63462
3455957762,Mammillaria karwinskiana,Oaxaca,16.303915,-96.643292
3468663419,Mammillaria karwinskiana,Oaxaca,16.304355,-96.643179
3499618488,Mammillaria karwinskiana,Oaxaca,16.305733,-96.639122
4011735304,Mammillaria karwinskiana,Oaxaca,16.308585,-96.71088
4011782357,Mammillaria karwinskiana,Oaxaca,16.318319,-96.773492
4011755335,Mammillaria karwinskiana,Oaxaca,16.339124,-96.601529
1897601807,Mammillaria karwinskiana,Oaxaca,16.4,-95.766667
1897601833,Mammillaria karwinskiana,Oaxaca,16.40527,-95.73333
3985670264,Mammillaria karwinskiana,Oaxaca,16.412748,-96.466682
3986007220,Mammillaria karwinskiana,Oaxaca,16.416836,-96.466705
3308126455,Mammillaria karwinskiana,Oaxaca,16.50919,-96.13156
1897601798,Mammillaria karwinskiana,Oaxaca,16.516667,-95.966667
1897601902,Mammillaria karwinskiana,Oaxaca,16.54113,-96.04597
1895202158,Mammillaria karwinskiana,Oaxaca,16.575,-95.241667
2898344012,Mammillaria karwinskiana,Oaxaca,16.599558,-96.350054
1846505023,Mammillaria karwinskiana,Oaxaca,16.611111,-95.979722
3308761535,Mammillaria karwinskiana,Oaxaca,16.61444,-94.9522
1897601822,Mammillaria karwinskiana,Oaxaca,16.616667,-96.033333
4516902985,Mammillaria karwinskiana,Oaxaca,16.632197,-96.051361
4516956782,Mammillaria karwinskiana,Oaxaca,16.632203,-96.051686
4516851809,Mammillaria karwinskiana,Oaxaca,16.632647,-96.050833
4516889431,Mammillaria karwinskiana,Oaxaca,16.632928,-96.050775
3308670154,Mammillaria karwinskiana,Oaxaca,16.65608,-95.89594
1993767497,Mammillaria karwinskiana,Oaxaca,16.670547,-96.264781
3308574344,Mammillaria karwinskiana,Oaxaca,16.67333,-96.30778
3985706720,Mammillaria karwinskiana,Oaxaca,16.674041,-97.012555
1993767470,Mammillaria karwinskiana,Oaxaca,16.676467,-96.269416
1897601826,Mammillaria karwinskiana,Oaxaca,16.7,-96.316667
3986058533,Mammillaria karwinskiana,Oaxaca,16.702431,-96.324614
3746998533,Mammillaria karwinskiana,Oaxaca,16.702738,-96.324925
1896091247,Mammillaria karwinskiana,Oaxaca,16.706056,-96.753194
1897601819,Mammillaria karwinskiana,Oaxaca,16.72127,-96.33344
3112800133,Mammillaria karwinskiana,Oaxaca,16.722853,-96.201205
1668886258,Mammillaria karwinskiana,Oaxaca,16.73,-96.316
1897601859,Mammillaria karwinskiana,Oaxaca,16.73555,-96.3235
3306199940,Mammillaria karwinskiana,Oaxaca,16.735556,-96.3235
3399165848,Mammillaria karwinskiana,Oaxaca,16.750442,-95.78877
2465219932,Mammillaria karwinskiana,Oaxaca,16.754925,-96.342933
2988402354,Mammillaria karwinskiana,Oaxaca,16.787465,-95.773163
4436178183,Mammillaria karwinskiana,Oaxaca,16.791593,-96.563524
3456705447,Mammillaria karwinskiana,Oaxaca,16.808173,-95.932738
4506434707,Mammillaria karwinskiana,Oaxaca,16.851978,-96.658992
3308662376,Mammillaria karwinskiana,Oaxaca,16.85522,-96.64853
4138286739,Mammillaria karwinskiana,Oaxaca,16.857048,-96.674789
4138114185,Mammillaria karwinskiana,Oaxaca,16.857348,-96.67384
4138292325,Mammillaria karwinskiana,Oaxaca,16.857389,-96.673944
4507681206,Mammillaria karwinskiana,Oaxaca,16.864705,-96.277088
4453954705,Mammillaria karwinskiana,Oaxaca,16.864737,-96.277048
4507996160,Mammillaria karwinskiana,Oaxaca,16.866216,-96.277179
4516684181,Mammillaria karwinskiana,Oaxaca,16.866236,-96.277139
4516939912,Mammillaria karwinskiana,Oaxaca,16.866264,-96.277222
4453808307,Mammillaria karwinskiana,Oaxaca,16.866323,-96.277188
4516897846,Mammillaria karwinskiana,Oaxaca,16.866836,-96.277031
1883973379,Mammillaria karwinskiana,Oaxaca,16.869344,-96.276943
3469025873,Mammillaria karwinskiana,Oaxaca,16.872105,-96.329746
3408016535,Mammillaria karwinskiana,Oaxaca,16.914692,-96.301633
4121272729,Mammillaria karwinskiana,Oaxaca,16.922145,-96.399544
4120931684,Mammillaria karwinskiana,Oaxaca,16.922585,-96.39868
4465451271,Mammillaria karwinskiana,Oaxaca,16.923478,-96.660806
1944410057,Mammillaria karwinskiana,Oaxaca,16.92738,-96.359668
2459993357,Mammillaria karwinskiana,Oaxaca,16.927405,-96.359353
2429306904,Mammillaria karwinskiana,Oaxaca,16.92757,-96.359062
1945426540,Mammillaria karwinskiana,Oaxaca,16.927677,-96.359574
3384978812,Mammillaria karwinskiana,Oaxaca,16.927888,-96.35826
1944410045,Mammillaria karwinskiana,Oaxaca,16.928334,-96.360045
1944410089,Mammillaria karwinskiana,Oaxaca,16.928663,-96.359358
4507695274,Mammillaria karwinskiana,Oaxaca,16.929498,-96.357903
3985654481,Mammillaria karwinskiana,Oaxaca,16.931783,-96.323547
3985616940,Mammillaria karwinskiana,Oaxaca,16.933082,-96.324151
4028825870,Mammillaria karwinskiana,Oaxaca,16.933593,-96.322806
3903643830,Mammillaria karwinskiana,Oaxaca,16.936515,-96.323492
1880674308,Mammillaria karwinskiana,Oaxaca,16.941172,-96.407076
1675495097,Mammillaria karwinskiana,Oaxaca,16.9467,-96.7217
1850994042,Mammillaria karwinskiana,Oaxaca,16.94959,-96.449339
1931511063,Mammillaria karwinskiana,Oaxaca,16.95413,-96.440538
2992843083,Mammillaria karwinskiana,Oaxaca,16.954405,-96.439826
1931517158,Mammillaria karwinskiana,Oaxaca,16.954475,-96.440219
1920849780,Mammillaria karwinskiana,Oaxaca,16.955665,-96.413269
3039453936,Mammillaria karwinskiana,Oaxaca,16.956107,-96.438895
3416025301,Mammillaria karwinskiana,Oaxaca,16.957423,-96.653561
3415971302,Mammillaria karwinskiana,Oaxaca,16.957787,-96.653625
4440892916,Mammillaria karwinskiana,Oaxaca,16.958267,-96.447303
2579217414,Mammillaria karwinskiana,Oaxaca,16.958333,-96.447222
1586084041,Mammillaria karwinskiana,Oaxaca,16.958358,-96.448975
4153911565,Mammillaria karwinskiana,Oaxaca,16.958472,-96.447205
2818585526,Mammillaria karwinskiana,Oaxaca,16.95855,-96.447792
4080564751,Mammillaria karwinskiana,Oaxaca,16.971397,-96.513793
1990501634,Mammillaria karwinskiana,Oaxaca,16.974925,-96.561439
3018073966,Mammillaria karwinskiana,Oaxaca,16.975159,-96.56098
3985636395,Mammillaria karwinskiana,Oaxaca,16.991483,-96.778846
3039493481,Mammillaria karwinskiana,Oaxaca,16.995038,-96.400673
3032104025,Mammillaria karwinskiana,Oaxaca,16.996066,-96.683881
3039111863,Mammillaria karwinskiana,Oaxaca,16.996136,-96.683811
2460164466,Mammillaria karwinskiana,Oaxaca,16.997218,-96.568308
2465158311,Mammillaria karwinskiana,Oaxaca,17.023467,-96.657801
1883972322,Mammillaria karwinskiana,Oaxaca,17.023836,-96.670074
2901828588,Mammillaria karwinskiana,Oaxaca,17.033479,-96.478157
3117788538,Mammillaria karwinskiana,Oaxaca,17.036451,-96.524987
4138188927,Mammillaria karwinskiana,Oaxaca,17.039019,-96.871746
3344125522,Mammillaria karwinskiana,Oaxaca,17.040521,-96.766737
3858247352,Mammillaria karwinskiana,Oaxaca,17.04145,-96.513847
3858293363,Mammillaria karwinskiana,Oaxaca,17.041695,-96.514205
1986599858,Mammillaria karwinskiana,Oaxaca,17.042361,-96.517983
1944374225,Mammillaria karwinskiana,Oaxaca,17.044665,-96.672613
4400020210,Mammillaria karwinskiana,Oaxaca,17.044803,-96.517153
4500861503,Mammillaria karwinskiana,Oaxaca,17.046417,-96.843587
4420787713,Mammillaria karwinskiana,Oaxaca,17.057622,-96.515778
3384887793,Mammillaria karwinskiana,Oaxaca,17.060278,-96.858333
1931537253,Mammillaria karwinskiana,Oaxaca,17.061614,-96.725617
3385188855,Mammillaria karwinskiana,Oaxaca,17.061944,-96.859444
1065590799,Mammillaria karwinskiana,Oaxaca,17.066739,-96.51482
1913716262,Mammillaria karwinskiana,Oaxaca,17.083047,-96.736556
1897601933,Mammillaria karwinskiana,Oaxaca,17.083333,-96.516667
1291663037,Mammillaria karwinskiana,Oaxaca,17.084196,-96.735441
2609108116,Mammillaria karwinskiana,Oaxaca,17.106569,-96.881289
2013012450,Mammillaria karwinskiana,Oaxaca,17.106631,-96.812952
2251867024,Mammillaria karwinskiana,Oaxaca,17.108012,-96.814731
3499589507,Mammillaria karwinskiana,Oaxaca,17.118889,-96.4525
3031982912,Mammillaria karwinskiana,Oaxaca,17.121574,-96.658941
4506540480,Mammillaria karwinskiana,Oaxaca,17.150816,-96.757429
2012975778,Mammillaria karwinskiana,Oaxaca,17.161874,-96.84266
1258194964,Mammillaria karwinskiana,Oaxaca,17.162222,-96.688333
3415591754,Mammillaria karwinskiana,Oaxaca,17.176442,-96.170916
3090628133,Mammillaria karwinskiana,Oaxaca,17.1775,-96.743611
3385029553,Mammillaria karwinskiana,Oaxaca,17.1788,-96.737738
3416068387,Mammillaria karwinskiana,Oaxaca,17.185368,-96.178773
3308107916,Mammillaria karwinskiana,Oaxaca,17.21886,-97.12111
2963758867,Mammillaria karwinskiana,Oaxaca,17.221912,-96.241182
1990611434,Mammillaria karwinskiana,Oaxaca,17.234991,-96.901708
3308105161,Mammillaria karwinskiana,Oaxaca,17.24064,-97.09744
3302254796,Mammillaria karwinskiana,Oaxaca,17.250145,-96.888936
4039201528,Mammillaria karwinskiana,Oaxaca,17.250994,-96.41968
3499403568,Mammillaria karwinskiana,Oaxaca,17.255527,-96.490919
1914313752,Mammillaria karwinskiana,Oaxaca,17.256326,-96.490346
2550043535,Mammillaria karwinskiana,Oaxaca,17.257377,-96.488934
4465401815,Mammillaria karwinskiana,Oaxaca,17.259995,-96.479297
1914313754,Mammillaria karwinskiana,Oaxaca,17.260167,-96.487928
1993742040,Mammillaria karwinskiana,Oaxaca,17.263085,-96.48306
2573832275,Mammillaria karwinskiana,Oaxaca,17.267494,-96.47267
4465640715,Mammillaria karwinskiana,Oaxaca,17.271169,-96.45576
3872988857,Mammillaria karwinskiana,Oaxaca,17.29841,-97.159254
3308730305,Mammillaria karwinskiana,Oaxaca,17.3336,-97.2316
1880675423,Mammillaria karwinskiana,Oaxaca,17.394596,-96.577087
3307911172,Mammillaria karwinskiana,Oaxaca,17.4,-97.833333
2574252762,Mammillaria karwinskiana,Oaxaca,17.408306,-96.565472
3874032169,Mammillaria karwinskiana,Oaxaca,17.721415,-96.831583
3308459797,Mammillaria karwinskiana,Oaxaca,17.883333,-96.55
3308077780,Mammillaria kraehenbuehlii,Oaxaca,17.160778,-97.223056
4399493729,Mammillaria kraehenbuehlii,Oaxaca,17.30154,-97.30966
4399493912,Mammillaria kraehenbuehlii,Oaxaca,17.49087,-97.16704
3385065601,Mammillaria kraehenbuehlii,Oaxaca,17.636673,-97.548155
1894009509,Mammillaria kraehenbuehlii,Oaxaca,17.656028,-97.551917
4399493373,Mammillaria kraehenbuehlii,Oaxaca,17.661,-97.56425
1894009524,Mammillaria kraehenbuehlii,Oaxaca,17.662111,-97.492389
4399494273,Mammillaria kraehenbuehlii,Oaxaca,17.66225,-97.566861
4399495538,Mammillaria kraehenbuehlii,Oaxaca,17.664083,-97.564972
4399495451,Mammillaria kraehenbuehlii,Oaxaca,17.664111,-97.564972
4399495670,Mammillaria kraehenbuehlii,Oaxaca,17.664167,-97.564944
4399496430,Mammillaria kraehenbuehlii,Oaxaca,17.664278,-97.565778
4399495470,Mammillaria kraehenbuehlii,Oaxaca,17.664389,-97.565361
4399493699,Mammillaria kraehenbuehlii,Oaxaca,17.664444,-97.565305
4399494076,Mammillaria kraehenbuehlii,Oaxaca,17.6645,-97.566
4399494178,Mammillaria kraehenbuehlii,Oaxaca,17.664528,-97.565389
4399495839,Mammillaria kraehenbuehlii,Oaxaca,17.664583,-97.565361
4399494151,Mammillaria kraehenbuehlii,Oaxaca,17.664611,-97.565305
4399496349,Mammillaria kraehenbuehlii,Oaxaca,17.664639,-97.565361
4399493416,Mammillaria kraehenbuehlii,Oaxaca,17.66475,-97.566139
4399493692,Mammillaria kraehenbuehlii,Oaxaca,17.665111,-97.566555
4399493783,Mammillaria kraehenbuehlii,Oaxaca,17.665333,-97.566611
4399493834,Mammillaria kraehenbuehlii,Oaxaca,17.665556,-97.566472
4399495460,Mammillaria kraehenbuehlii,Oaxaca,17.665667,-97.566694
4399493896,Mammillaria kraehenbuehlii,Oaxaca,17.665778,-97.566611
4399494283,Mammillaria kraehenbuehlii,Oaxaca,17.665861,-97.566583
4399493534,Mammillaria kraehenbuehlii,Oaxaca,17.665889,-97.566611
4399493497,Mammillaria kraehenbuehlii,Oaxaca,17.665917,-97.566861
4399493365,Mammillaria kraehenbuehlii,Oaxaca,17.665972,-97.566917
4399495642,Mammillaria kraehenbuehlii,Oaxaca,17.666111,-97.566917
3308411386,Mammillaria kraehenbuehlii,Oaxaca,17.671222,-97.558806
3307761605,Mammillaria kraehenbuehlii,Oaxaca,17.678111,-97.55675
1894009513,Mammillaria kraehenbuehlii,Oaxaca,17.67825,-97.553833
1933593794,Mammillaria kraehenbuehlii,Oaxaca,17.708487,-97.446241
3873185411,Mammillaria kraehenbuehlii,Oaxaca,17.713882,-97.480473
1883933459,Mammillaria kraehenbuehlii,Oaxaca,17.733049,-97.567383
1894009519,Mammillaria kraehenbuehlii,Oaxaca,17.747944,-97.540306
4399494203,Mammillaria kraehenbuehlii,Oaxaca,17.784872,-97.309661
1586085612,Mammillaria kraehenbuehlii,Oaxaca,17.794707,-97.362758
4399495696,Mammillaria kraehenbuehlii,Oaxaca,17.80062,-97.31049
4399494180,Mammillaria kraehenbuehlii,Oaxaca,17.80063,-97.31039
4399495867,Mammillaria kraehenbuehlii,Oaxaca,17.80064,-97.31039
4399495860,Mammillaria kraehenbuehlii,Oaxaca,17.80065,-97.3104
4399493853,Mammillaria kraehenbuehlii,Oaxaca,17.80066,-97.31042
4399493363,Mammillaria kraehenbuehlii,Oaxaca,17.80069,-97.3102
4399493731,Mammillaria kraehenbuehlii,Oaxaca,17.80074,-97.31042
4399494082,Mammillaria kraehenbuehlii,Oaxaca,17.80081,-97.31005
4399496460,Mammillaria kraehenbuehlii,Oaxaca,17.80082,-97.31005
4399493902,Mammillaria kraehenbuehlii,Oaxaca,17.80112,-97.30961
4399496400,Mammillaria kraehenbuehlii,Oaxaca,17.80113,-97.30961
4399493568,Mammillaria kraehenbuehlii,Oaxaca,17.80131,-97.30972
4399493724,Mammillaria kraehenbuehlii,Oaxaca,17.801311,-97.309719
4399493429,Mammillaria kraehenbuehlii,Oaxaca,17.80133,-97.30968
1894009508,Mammillaria kraehenbuehlii,Oaxaca,17.801389,-97.309722
4399493793,Mammillaria kraehenbuehlii,Oaxaca,17.801519,-97.309711
4399493859,Mammillaria kraehenbuehlii,Oaxaca,17.80152,-97.30971
4399493385,Mammillaria kraehenbuehlii,Oaxaca,17.80165,-97.31012
4399494299,Mammillaria kraehenbuehlii,Oaxaca,17.80187,-97.30971
4399493610,Mammillaria kraehenbuehlii,Oaxaca,17.80399,-97.31398
4399495393,Mammillaria kraehenbuehlii,Oaxaca,17.80714,-97.31433
4399495320,Mammillaria kraehenbuehlii,Oaxaca,17.80724,-97.31468
4399493577,Mammillaria kraehenbuehlii,Oaxaca,17.80731,-97.31453
4399493546,Mammillaria kraehenbuehlii,Oaxaca,17.80741,-97.31447
4399496088,Mammillaria kraehenbuehlii,Oaxaca,17.80744,-97.31447
4399495578,Mammillaria kraehenbuehlii,Oaxaca,17.80745,-97.31446
4399495357,Mammillaria kraehenbuehlii,Oaxaca,17.80746,-97.31461
4399493602,Mammillaria kraehenbuehlii,Oaxaca,17.80751,-97.31471
4399493807,Mammillaria kraehenbuehlii,Oaxaca,17.80758,-97.31414
4399495789,Mammillaria kraehenbuehlii,Oaxaca,17.80763,-97.31481
4399494031,Mammillaria kraehenbuehlii,Oaxaca,17.80765,-97.31373
4399493495,Mammillaria kraehenbuehlii,Oaxaca,17.80766,-97.31483
4399493498,Mammillaria kraehenbuehlii,Oaxaca,17.80767,-97.31403
4399493971,Mammillaria kraehenbuehlii,Oaxaca,17.80773,-97.31383
4399493714,Mammillaria kraehenbuehlii,Oaxaca,17.80779,-97.31392
4399493400,Mammillaria kraehenbuehlii,Oaxaca,17.80781,-97.31401
4399495859,Mammillaria kraehenbuehlii,Oaxaca,17.80782,-97.31395
4399493596,Mammillaria kraehenbuehlii,Oaxaca,17.80783,-97.31395
4399494103,Mammillaria kraehenbuehlii,Oaxaca,17.80784,-97.31391
4399493782,Mammillaria kraehenbuehlii,Oaxaca,17.80786,-97.31403
4399493315,Mammillaria kraehenbuehlii,Oaxaca,17.80787,-97.31389
4399495314,Mammillaria kraehenbuehlii,Oaxaca,17.80788,-97.31375
4399493550,Mammillaria kraehenbuehlii,Oaxaca,17.80789,-97.31397
4399496239,Mammillaria kraehenbuehlii,Oaxaca,17.80791,-97.30386
4399493923,Mammillaria kraehenbuehlii,Oaxaca,17.80792,-97.31394
4399495927,Mammillaria kraehenbuehlii,Oaxaca,17.80812,-97.31429
4399493668,Mammillaria kraehenbuehlii,Oaxaca,17.80873,-97.31502
3308065757,Mammillaria kraehenbuehlii,Oaxaca,17.81028,-97.32528
1455569609,Mammillaria kraehenbuehlii,Oaxaca,17.810298,-97.321742
4399496370,Mammillaria kraehenbuehlii,Oaxaca,17.81514,-97.27558
4399493458,Mammillaria kraehenbuehlii,Oaxaca,17.81519,-97.2756
4399493884,Mammillaria kraehenbuehlii,Oaxaca,17.81522,-97.27519
4399495702,Mammillaria kraehenbuehlii,Oaxaca,17.81526,-97.27522
4399496275,Mammillaria kraehenbuehlii,Oaxaca,17.81527,-97.27527
4399493520,Mammillaria kraehenbuehlii,Oaxaca,17.81535,-97.27271
4399495768,Mammillaria kraehenbuehlii,Oaxaca,17.81551,-97.27522
4399493485,Mammillaria kraehenbuehlii,Oaxaca,17.81561,-97.27521
4399493770,Mammillaria kraehenbuehlii,Oaxaca,17.81571,-97.27539
4399493500,Mammillaria kraehenbuehlii,Oaxaca,17.81574,-97.27536
4399496435,Mammillaria kraehenbuehlii,Oaxaca,17.81578,-97.27538
4399493590,Mammillaria kraehenbuehlii,Oaxaca,17.81589,-97.27522
4399495634,Mammillaria kraehenbuehlii,Oaxaca,17.81593,-97.27535
4399493673,Mammillaria kraehenbuehlii,Oaxaca,17.81594,-97.27534
4399495459,Mammillaria kraehenbuehlii,Oaxaca,17.81596,-97.27518
4399493398,Mammillaria kraehenbuehlii,Oaxaca,17.81598,-97.27518
4399493761,Mammillaria kraehenbuehlii,Oaxaca,17.81602,-97.27519
4399493431,Mammillaria kraehenbuehlii,Oaxaca,17.81604,-97.27531
4399493847,Mammillaria kraehenbuehlii,Oaxaca,17.81611,-97.27511
1894009527,Mammillaria kraehenbuehlii,Oaxaca,17.816889,-97.246194
4399494248,Mammillaria kraehenbuehlii,Oaxaca,17.81806,-97.27828
4399493471,Mammillaria kraehenbuehlii,Oaxaca,17.81807,-97.27831
4399493468,Mammillaria kraehenbuehlii,Oaxaca,17.81809,-97.27859
4399493802,Mammillaria kraehenbuehlii,Oaxaca,17.81812,-97.27833
4399493948,Mammillaria kraehenbuehlii,Oaxaca,17.81823,-97.27901
4399496000,Mammillaria kraehenbuehlii,Oaxaca,17.81824,-97.27827
4399495840,Mammillaria kraehenbuehlii,Oaxaca,17.81825,-97.27873
4399493742,Mammillaria kraehenbuehlii,Oaxaca,17.81828,-97.27941
4399494150,Mammillaria kraehenbuehlii,Oaxaca,17.81829,-97.27939
4399496321,Mammillaria kraehenbuehlii,Oaxaca,17.81832,-97.27944
4399493403,Mammillaria kraehenbuehlii,Oaxaca,17.81833,-97.27844
4399494149,Mammillaria kraehenbuehlii,Oaxaca,17.81835,-97.27866
4399493548,Mammillaria kraehenbuehlii,Oaxaca,17.81836,-97.27869
4399493581,Mammillaria kraehenbuehlii,Oaxaca,17.81838,-97.27857
4399493554,Mammillaria kraehenbuehlii,Oaxaca,17.81841,-97.27874
4399493490,Mammillaria kraehenbuehlii,Oaxaca,17.81848,-97.27881
4399495714,Mammillaria kraehenbuehlii,Oaxaca,17.81864,-97.27998
4399493914,Mammillaria kraehenbuehlii,Oaxaca,17.81903,-97.27905
4399493438,Mammillaria kraehenbuehlii,Oaxaca,17.82006,-97.27868
4399496142,Mammillaria kraehenbuehlii,Oaxaca,17.82028,-97.27825
4399493942,Mammillaria kraehenbuehlii,Oaxaca,17.82047,-97.2784
4399496075,Mammillaria kraehenbuehlii,Oaxaca,17.82419,-97.2963
4399496562,Mammillaria kraehenbuehlii,Oaxaca,17.83232,-97.27829
4399493326,Mammillaria kraehenbuehlii,Oaxaca,17.83275,-97.27818
4399493461,Mammillaria kraehenbuehlii,Oaxaca,17.83285,-97.27822
4399493780,Mammillaria kraehenbuehlii,Oaxaca,17.83368,-97.27809
4399496554,Mammillaria kraehenbuehlii,Oaxaca,17.83371,-97.27882
4399495624,Mammillaria kraehenbuehlii,Oaxaca,17.83409,-97.27795
4399495704,Mammillaria kraehenbuehlii,Oaxaca,17.83423,-97.27832
4399496299,Mammillaria kraehenbuehlii,Oaxaca,17.83429,-97.27804
4399493979,Mammillaria kraehenbuehlii,Oaxaca,17.83438,-97.27843
4399496047,Mammillaria kraehenbuehlii,Oaxaca,17.83439,-97.27931
4399495687,Mammillaria kraehenbuehlii,Oaxaca,17.83518,-97.27895
1457639377,Mammillaria kraehenbuehlii,Oaxaca,17.839044,-97.23544
1894009511,Mammillaria kraehenbuehlii,Oaxaca,17.839639,-97.278639
1455569605,Mammillaria kraehenbuehlii,Oaxaca,17.848454,-97.306375
3872924137,Mammillaria kraehenbuehlii,Oaxaca,17.861608,-97.296445
1253298023,Mammillaria kraehenbuehlii,Oaxaca,17.885797,-97.207362
3067892526,Mammillaria kraehenbuehlii,Oaxaca,17.886533,-97.38097
1894009514,Mammillaria kraehenbuehlii,Oaxaca,17.890694,-97.352861
1262390694,Mammillaria kraehenbuehlii,Oaxaca,17.891104,-97.271993
1894009528,Mammillaria kraehenbuehlii,Oaxaca,17.8955,-97.389833
1024191158,Mammillaria kraehenbuehlii,Oaxaca,17.897221,-97.343403
3113512816,Mammillaria kraehenbuehlii,Oaxaca,17.902594,-97.312914
1586090324,Mammillaria kraehenbuehlii,Oaxaca,17.903043,-97.338993
3384349298,Mammillaria kraehenbuehlii,Oaxaca,17.909471,-97.388764
3067858698,Mammillaria kraehenbuehlii,Oaxaca,17.989721,-97.37995
1931489625,Mammillaria kraehenbuehlii,Oaxaca,18.01533,-97.223199
1894009522,Mammillaria kraehenbuehlii,Oaxaca,18.028056,-97.347333
3308004161,Mammillaria kraehenbuehlii,Oaxaca,18.03333,-97.35
3308527771,Mammillaria kraehenbuehlii,Oaxaca,18.05725,-97.34492
1931489364,Mammillaria kraehenbuehlii,Oaxaca,18.157127,-97.31257
4399496437,Mammillaria kraehenbuehlii,Oaxaca,19.80881,-97.31553
3455163510,Mammillaria mystax,Oaxaca,17.255555,-96.490678
1897601824,Mammillaria mystax,Oaxaca,17.266667,-97.683333
2013025830,Mammillaria mystax,Oaxaca,17.301123,-96.443428
1897601863,Mammillaria mystax,Oaxaca,17.355277,-97.656944
2813992075,Mammillaria mystax,Oaxaca,17.536538,-97.811361
2429433266,Mammillaria mystax,Oaxaca,17.54788,-97.321237
2465208160,Mammillaria mystax,Oaxaca,17.548447,-97.320558
2429433271,Mammillaria mystax,Oaxaca,17.55088,-97.322148
3090676332,Mammillaria mystax,Oaxaca,17.551525,-97.321968
3090822608,Mammillaria mystax,Oaxaca,17.611491,-97.392847
1897601932,Mammillaria mystax,Oaxaca,17.68333,-97.41666
3308421954,Mammillaria mystax,Oaxaca,17.69047,-97.41819
3307647544,Mammillaria mystax,Oaxaca,17.691,-97.474056
3308130389,Mammillaria mystax,Oaxaca,17.7025,-97.40278
3873695415,Mammillaria mystax,Oaxaca,17.705271,-97.316965
3308255511,Mammillaria mystax,Oaxaca,17.720167,-97.385278
3455466388,Mammillaria mystax,Oaxaca,17.740252,-97.779738
1920851335,Mammillaria mystax,Oaxaca,17.837583,-97.508641
1880571770,Mammillaria mystax,Oaxaca,17.852189,-97.520868
1890090782,Mammillaria mystax,Oaxaca,17.8525,-97.510556
1990612467,Mammillaria mystax,Oaxaca,17.85293,-97.35698
3399415833,Mammillaria mystax,Oaxaca,17.860633,-97.505889
2028484407,Mammillaria mystax,Oaxaca,17.864689,-97.572079
3308109093,Mammillaria mystax,Oaxaca,17.8735,-97.34253
3355673359,Mammillaria mystax,Oaxaca,17.883542,-97.346621
3355687410,Mammillaria mystax,Oaxaca,17.883555,-97.34666
3355187337,Mammillaria mystax,Oaxaca,17.88357,-97.346708
1894565001,Mammillaria mystax,Oaxaca,17.889667,-97.426306
1993772598,Mammillaria mystax,Oaxaca,17.899901,-97.37587
2574150218,Mammillaria mystax,Oaxaca,17.904954,-97.35715
3399032927,Mammillaria mystax,Oaxaca,17.90778,-97.424133
1894564960,Mammillaria mystax,Oaxaca,17.946389,-97.265833
2818681471,Mammillaria mystax,Oaxaca,17.955617,-98.042263
3307643696,Mammillaria mystax,Oaxaca,17.989611,-97.696611
3859091404,Mammillaria mystax,Oaxaca,18.010289,-97.655295
2451587213,Mammillaria mystax,Oaxaca,18.010802,-97.655139
2557883006,Mammillaria mystax,Oaxaca,18.083715,-97.332026
3415659545,Mammillaria mystax,Oaxaca,18.095303,-97.76883
3985687812,Mammillaria mystax,Oaxaca,18.130998,-97.66556
3308628281,Mammillaria mystax,Oaxaca,18.17803,-97.6838
2988377191,Mammillaria mystax,Oaxaca,18.188511,-97.678886
1586086065,Mammillaria mystax,Oaxaca,18.188976,-97.738023
3307891462,Mammillaria oteroi,Oaxaca,17.67836,-97.4465
3308707134,Mammillaria oteroi,Oaxaca,17.8764,-97.4062
3308681998,Mammillaria polyedra,Oaxaca,17.30289,-96.45886
2988459874,Mammillaria polyedra,Oaxaca,17.328704,-97.14692
3308100182,Mammillaria polyedra,Oaxaca,17.4669,-97.05692
3308727286,Mammillaria polyedra,Oaxaca,17.47861,-97.06133
3307890493,Mammillaria polyedra,Oaxaca,17.509139,-96.838889
1913205603,Mammillaria polyedra,Oaxaca,17.516018,-97.982512
2557718091,Mammillaria polyedra,Oaxaca,17.546384,-98.039784
3308672856,Mammillaria polyedra,Oaxaca,17.5527,-97.05026
3308719044,Mammillaria polyedra,Oaxaca,17.61147,-96.92717
2813897702,Mammillaria polyedra,Oaxaca,17.637654,-98.046284
2826305648,Mammillaria polyedra,Oaxaca,17.64243,-98.015122
3881466339,Mammillaria polyedra,Oaxaca,17.644498,-98.011827
3923613771,Mammillaria polyedra,Oaxaca,17.648826,-97.140404
3337525510,Mammillaria polyedra,Oaxaca,17.653808,-97.134507
3014039960,Mammillaria polyedra,Oaxaca,17.680657,-98.054061
3307887614,Mammillaria polyedra,Oaxaca,17.693333,-97.007611
3308470836,Mammillaria polyedra,Oaxaca,17.71667,-96.86667
1894554699,Mammillaria polyedra,Oaxaca,17.840917,-96.917306
2883098696,Mammillaria polyedra,Oaxaca,17.874268,-96.863704
3355054846,Mammillaria polyedra,Oaxaca,17.875854,-96.912557
3308073183,Mammillaria polyedra,Oaxaca,17.92142,-96.94058
3308652819,Mammillaria polyedra,Oaxaca,17.92444,-96.94972
1897571383,Mammillaria polyedra,Oaxaca,17.924444,-96.949722
1668805242,Mammillaria polyedra,Oaxaca,17.974106,-98.02474
2465243322,Mammillaria polyedra,Oaxaca,18.071484,-96.965053
4121188364,Mammillaria rekoi,Oaxaca,16.270533,-96.587366
3764326452,Mammillaria rekoi,Oaxaca,16.509701,-96.304116
3308738274,Mammillaria rekoi,Oaxaca,16.54683,-95.95258
2898523009,Mammillaria rekoi,Oaxaca,16.581956,-96.355271
2898294094,Mammillaria rekoi,Oaxaca,16.583059,-96.362517
2898336077,Mammillaria rekoi,Oaxaca,16.585226,-96.357168
4519104140,Mammillaria rekoi,Oaxaca,16.59149,-96.587616
1846552954,Mammillaria rekoi,Oaxaca,16.703333,-97.661667
2856492587,Mammillaria rekoi,Oaxaca,16.787701,-96.264091
3985639509,Mammillaria rekoi,Oaxaca,16.809789,-96.21933
1586089203,Mammillaria rekoi,Oaxaca,16.882007,-96.30111
4516618017,Mammillaria rekoi,Oaxaca,16.888061,-96.301344
4516840894,Mammillaria rekoi,Oaxaca,16.888078,-96.301336
4516886926,Mammillaria rekoi,Oaxaca,16.888086,-96.301344
4516498835,Mammillaria rekoi,Oaxaca,16.888344,-96.301186
3013891686,Mammillaria rekoi,Oaxaca,16.950008,-96.305535
1945446701,Mammillaria rekoi,Oaxaca,16.969534,-96.388113
3325738443,Mammillaria rekoi,Oaxaca,16.971685,-96.319897
3039434446,Mammillaria rekoi,Oaxaca,16.996367,-96.408838
3039326452,Mammillaria rekoi,Oaxaca,16.996627,-96.407651
1677266975,Mammillaria rekoi,Oaxaca,17.024883,-96.670375
2563616033,Mammillaria rekoi,Oaxaca,17.08486,-96.49867
4510223665,Mammillaria rekoi,Oaxaca,17.090164,-96.508255
4512087128,Mammillaria rekoi,Oaxaca,17.092137,-96.507305
2898334119,Mammillaria rekoi,Oaxaca,17.094707,-96.491197
2366152283,Mammillaria rekoi,Oaxaca,17.100122,-96.058021
3306200612,Mammillaria rekoi,Oaxaca,17.100611,-96.468917
1065590790,Mammillaria rekoi,Oaxaca,17.102525,-96.467836
3384641427,Mammillaria rekoi,Oaxaca,17.125614,-96.682365
1640073121,Mammillaria rekoi,Oaxaca,17.129552,-96.422459
2239003496,Mammillaria rekoi,Oaxaca,17.131097,-96.692216
4506323922,Mammillaria rekoi,Oaxaca,17.217169,-96.732257
1883940411,Mammillaria rekoi,Oaxaca,17.239694,-96.453983
2331854406,Mammillaria rekoi,Oaxaca,17.239862,-96.502506
2550093151,Mammillaria rekoi,Oaxaca,17.243888,-96.494564
2397642451,Mammillaria rekoi,Oaxaca,17.25519,-96.490817
2236872415,Mammillaria rekoi,Oaxaca,17.255628,-96.4907
4436365023,Mammillaria rekoi,Oaxaca,17.256312,-96.490534
1899758594,Mammillaria rekoi,Oaxaca,17.269154,-96.480932
2901579655,Mammillaria rekoi,Oaxaca,17.309913,-96.525428
3456399443,Mammillaria rekoi,Oaxaca,17.328131,-96.473418
3456333331,Mammillaria rekoi,Oaxaca,17.32823,-96.473427
3986168529,Mammillaria rekoi,Oaxaca,17.332206,-96.487364
3307645576,Mammillaria solisioides,Oaxaca,17.77914,-97.75053
1893440520,Mammillaria solisioides,Oaxaca,17.791667,-97.758333
3308322875,Mammillaria solisioides,Oaxaca,17.804723,-97.776117
3308375274,Mammillaria solisioides,Oaxaca,17.807744,-97.817956
1894009597,Mammillaria solisioides,Oaxaca,17.808417,-97.806722
3415416138,Mammillaria solisioides,Oaxaca,17.815845,-97.713725
3307774843,Mammillaria solisioides,Oaxaca,17.83089,-97.7887
1894009609,Mammillaria solisioides,Oaxaca,17.831083,-97.789083
1894009625,Mammillaria solisioides,Oaxaca,17.84175,-97.778639
1894009617,Mammillaria solisioides,Oaxaca,17.851361,-97.775028
1894009583,Mammillaria solisioides,Oaxaca,17.854361,-97.776472
1894009605,Mammillaria solisioides,Oaxaca,17.8585,-97.775028
3415954561,Mammillaria solisioides,Oaxaca,17.899515,-97.681053
3308596067,Mammillaria solisioides,Oaxaca,17.933333,-97.8
1894009590,Mammillaria solisioides,Oaxaca,17.93375,-97.804333
3415952712,Mammillaria solisioides,Oaxaca,17.934147,-97.661603
1894009575,Mammillaria solisioides,Oaxaca,17.938583,-97.789806
3307911946,Mammillaria sphacelata,Oaxaca,17.5,-96.93333
1880675375,Mammillaria sphacelata,Oaxaca,17.585444,-96.949806
1990633128,Mammillaria sphacelata,Oaxaca,17.682975,-96.959387
3308634843,Mammillaria sphacelata,Oaxaca,17.70511,-96.965
3308564151,Mammillaria sphacelata,Oaxaca,17.74361,-96.94056
1897349202,Mammillaria sphacelata,Oaxaca,17.743611,-96.940555
3308418450,Mammillaria sphacelata,Oaxaca,17.8477,-97.2033
3090667971,Mammillaria sphacelata,Oaxaca,17.849202,-97.221624
1895545829,Mammillaria sphacelata,Oaxaca,17.858333,-97.191667
3308418451,Mammillaria sphacelata,Oaxaca,17.858611,-97.205
1894566850,Mammillaria sphacelata,Oaxaca,17.872778,-97.337222
3307888874,Mammillaria sphacelata,Oaxaca,17.902083,-97.073917
3308068966,Mammillaria sphacelata,Oaxaca,17.93394,-96.96361
1894566673,Mammillaria sphacelata,Oaxaca,17.943306,-97.279972
1457639350,Mammillaria sphacelata,Oaxaca,17.954342,-97.263122
1897602242,Mammillaria sphacelata,Oaxaca,18.08999,-97.34183
3308635045,Mammillaria sphacelata,Oaxaca,18.09725,-97.33717
1897602247,Mammillaria sphacelata,Oaxaca,18.13194,-97.32222
1894567092,Mammillaria sphacelata,Oaxaca,18.153333,-97.286111
3321224606,Mammillaria sphacelata,Oaxaca,18.199492,-97.664981
1895425211,Mammillaria supertexta,Oaxaca,17.700783,-97.632906
3070674919,Mammillaria supertexta,Oaxaca,17.801656,-97.139108
3308052608,Mammillaria supertexta,Oaxaca,17.828417,-96.971333
2984555822,Mammillaria supertexta,Oaxaca,17.852772,-97.192426
3308630337,Mammillaria supertexta,Oaxaca,17.85583,-96.97861
4516531254,Mammillaria supertexta,Oaxaca,17.859649,-96.997189
3307888875,Mammillaria supertexta,Oaxaca,17.869389,-97.094778
1894009518,Mammillaria supertexta,Oaxaca,17.870722,-96.987389
3308730325,Mammillaria supertexta,Oaxaca,17.88833,-96.98194
1897361122,Mammillaria supertexta,Oaxaca,17.909667,-97.0065
4516392169,Mammillaria supertexta,Oaxaca,17.916881,-96.852959
2465257911,Mammillaria supertexta,Oaxaca,17.924306,-96.935145
3307957001,Mammillaria supertexta,Oaxaca,18.026861,-97.032389
3902649309,Mammillaria supertexta,Oaxaca,18.037856,-97.276384
1894009507,Mammillaria supertexta,Oaxaca,18.0385,-97.055833
3307958071,Mammillaria supertexta,Oaxaca,18.05,-97.033
1894009540,Mammillaria supertexta,Oaxaca,18.053528,-97.044861
1894009535,Mammillaria supertexta,Oaxaca,18.088556,-97.337861
2860142321,Mammillaria supertexta,Oaxaca,18.124471,-97.329388
1890096523,Mammillaria supertexta,Oaxaca,18.179726,-97.465917
1895584000,Mammillaria tepexicensis,Oaxaca,17.684444,-97.584722
3308365344,Mammillaria tepexicensis,Oaxaca,17.7833,-97.5333
4137951550,Mammillaria tonalensis,Oaxaca,17.594105,-98.167378
4138508441,Mammillaria tonalensis,Oaxaca,17.626725,-97.81518
2629781502,Mammillaria tonalensis,Oaxaca,17.645167,-97.961289
2814131933,Mammillaria tonalensis,Oaxaca,17.68679,-97.835656
1586950492,Mammillaria tonalensis,Oaxaca,17.723665,-97.867149
2851314964,Mammillaria tonalensis,Oaxaca,17.793682,-97.925865
3308395591,Mammillaria uncinata,Oaxaca,17.854667,-97.455361
3355746341,Mammillaria uncinata,Oaxaca,17.870352,-97.303542
1894567856,Mammillaria uncinata,Oaxaca,17.87375,-97.343
1584410085,Mammillaria uncinata,Oaxaca,17.882797,-97.41331
1890710581,Mammillaria uncinata,Oaxaca,17.952807,-97.412086
3355292409,Mammillaria uncinata,Oaxaca,17.980758,-97.325504
3858820255,Mammillaria voburnensis,Oaxaca,15.604602,-96.068601
3860507601,Mammillaria voburnensis,Oaxaca,15.610398,-96.04529
3860053584,Mammillaria voburnensis,Oaxaca,15.619378,-96.120204
3058841146,Mammillaria voburnensis,Oaxaca,15.633147,-96.123069
3873949916,Mammillaria voburnensis,Oaxaca,15.639302,-96.010875
3058889237,Mammillaria voburnensis,Oaxaca,15.659055,-96.078462
4009895219,Mammillaria voburnensis,Oaxaca,15.665936,-96.152332
1846513292,Mammillaria voburnensis,Oaxaca,15.667309,-96.491575
3858691241,Mammillaria voburnensis,Oaxaca,15.670894,-96.040845
3058998256,Mammillaria voburnensis,Oaxaca,15.699347,-96.126025
4075837829,Mammillaria voburnensis,Oaxaca,15.704912,-96.147339
4075779806,Mammillaria voburnensis,Oaxaca,15.712557,-96.109597
3058822275,Mammillaria voburnensis,Oaxaca,15.718998,-96.00536
3985673613,Mammillaria voburnensis,Oaxaca,15.721064,-96.01773
3860440490,Mammillaria voburnensis,Oaxaca,15.722458,-96.044947
3988701123,Mammillaria voburnensis,Oaxaca,15.733017,-96.009576
4076013437,Mammillaria voburnensis,Oaxaca,15.739238,-96.104492
3985648586,Mammillaria voburnensis,Oaxaca,15.742864,-96.024276
3985737624,Mammillaria voburnensis,Oaxaca,15.751419,-96.160601
3986037621,Mammillaria voburnensis,Oaxaca,15.761505,-96.07568
3985667639,Mammillaria voburnensis,Oaxaca,15.78427,-96.03245
3398887834,Mammillaria voburnensis,Oaxaca,15.785691,-96.103026
3772838751,Mammillaria voburnensis,Oaxaca,15.786465,-96.504557
3988623035,Mammillaria voburnensis,Oaxaca,15.79339,-96.041342
4516902811,Mammillaria voburnensis,Oaxaca,15.802537,-97.329342
4102720675,Mammillaria voburnensis,Oaxaca,15.871225,-96.154502
3307999136,Mammillaria voburnensis,Oaxaca,15.931667,-95.863722
4519300081,Mammillaria voburnensis,Oaxaca,15.948116,-96.048973
1981513884,Mammillaria voburnensis,Oaxaca,15.9511,-95.9444
1897568088,Mammillaria voburnensis,Oaxaca,15.951111,-95.944444
4507982608,Mammillaria voburnensis,Oaxaca,15.951865,-97.365247
3858307342,Mammillaria voburnensis,Oaxaca,16.066104,-95.269547
1986556046,Mammillaria voburnensis,Oaxaca,16.142742,-95.346533
1850892049,Mammillaria voburnensis,Oaxaca,16.185722,-95.333599
1883457103,Mammillaria voburnensis,Oaxaca,16.225023,-95.252143
1850892267,Mammillaria voburnensis,Oaxaca,16.231194,-95.288079
4440647813,Mammillaria voburnensis,Oaxaca,16.236609,-95.848181
1571187124,Mammillaria voburnensis,Oaxaca,16.243082,-95.20147
4516519839,Mammillaria voburnensis,Oaxaca,16.287148,-95.383086
1621782949,Mammillaria voburnensis,Oaxaca,16.332732,-95.398816
4112215222,Mammillaria voburnensis,Oaxaca,16.357631,-95.385329
4413584374,Mammillaria voburnensis,Oaxaca,16.382747,-95.218313
3307997192,Mammillaria voburnensis,Oaxaca,16.39444,-95.0978
4111988157,Mammillaria voburnensis,Oaxaca,16.399632,-95.376074
1212004685,Mammillaria voburnensis,Oaxaca,16.401074,-95.370979
3772758986,Mammillaria voburnensis,Oaxaca,16.402316,-94.921104
4130071213,Mammillaria voburnensis,Oaxaca,16.403185,-95.972892
3308750694,Mammillaria voburnensis,Oaxaca,16.40333,-95.45278
4172004213,Mammillaria voburnensis,Oaxaca,16.403968,-94.826888
4111819358,Mammillaria voburnensis,Oaxaca,16.404325,-94.825325
4171979439,Mammillaria voburnensis,Oaxaca,16.430018,-94.967216
4516748902,Mammillaria voburnensis,Oaxaca,16.430698,-95.311862
4516815831,Mammillaria voburnensis,Oaxaca,16.432452,-95.372354
3308627239,Mammillaria voburnensis,Oaxaca,16.44417,-95.85278
4516671995,Mammillaria voburnensis,Oaxaca,16.46101,-94.955027
3325519937,Mammillaria voburnensis,Oaxaca,16.466133,-95.077327
4516874082,Mammillaria voburnensis,Oaxaca,16.488657,-94.941036
2423254859,Mammillaria voburnensis,Oaxaca,16.499477,-95.039789
4516918782,Mammillaria voburnensis,Oaxaca,16.503037,-94.937044
2423254860,Mammillaria voburnensis,Oaxaca,16.512396,-95.170997
3039337302,Mammillaria voburnensis,Oaxaca,16.51585,-95.230675
4516764191,Mammillaria voburnensis,Oaxaca,16.533885,-94.841371
4516906845,Mammillaria voburnensis,Oaxaca,16.538771,-95.232075
1897487925,Mammillaria voburnensis,Oaxaca,16.548944,-95.238028
2529273435,Mammillaria voburnensis,Oaxaca,16.550796,-95.443177
3307787027,Mammillaria voburnensis,Oaxaca,16.567,-95.233
4516915023,Mammillaria voburnensis,Oaxaca,16.567078,-94.891562
4133713787,Mammillaria voburnensis,Oaxaca,16.567084,-95.299543
4516510882,Mammillaria voburnensis,Oaxaca,16.580435,-94.956474
1883916348,Mammillaria voburnensis,Oaxaca,16.598755,-95.359388
3308578493,Mammillaria voburnensis,Oaxaca,16.602,-94.95681
4127311533,Mammillaria voburnensis,Oaxaca,16.617226,-95.144334
1897568014,Mammillaria voburnensis,Oaxaca,16.626333,-94.964591
3986020564,Mammillaria voburnensis,Oaxaca,16.639419,-95.428623
3308481955,Mammillaria voburnensis,Oaxaca,16.67306,-95.01389
2244249912,Mammillaria voburnensis,Oaxaca,16.680165,-95.099642
4133732036,Mammillaria voburnensis,Oaxaca,16.687948,-95.208895
4440813593,Mammillaria voburnensis,Oaxaca,16.693273,-95.16826
4145823789,Mammillaria voburnensis,Oaxaca,16.698497,-95.233619
2597688012,Mammillaria voburnensis,Oaxaca,16.758144,-95.130375
1946319233,Mammillaria voburnensis,Oaxaca,16.758824,-95.499391
4133941367,Mammillaria voburnensis,Oaxaca,16.759918,-95.38275
1914250975,Mammillaria voburnensis,Oaxaca,16.802159,-95.4861
3308669767,Mammillaria zephyranthoides,Oaxaca,17.45833,-97.21944
3308085311,Mammillaria zephyranthoides,Oaxaca,17.473,-97.2078
3308364748,Mammillaria zephyranthoides,Oaxaca,17.4738,-97.2211
3872879282,Mammillaria zephyranthoides,Oaxaca,17.617797,-97.404006
1897601229,Mammillaria zephyranthoides,Oaxaca,17.66833,-97.56694
3308409510,Mammillaria zephyranthoides,Oaxaca,17.6712,-97.5588
3308235973,Mammillaria zephyranthoides,Oaxaca,17.6803,-97.5824
2898255026,Mammillaria zephyranthoides,Oaxaca,17.696663,-97.214534
3307901166,Mammillaria zephyranthoides,Oaxaca,17.72797,-97.33033
1897601227,Mammillaria zephyranthoides,Oaxaca,17.80444,-97.47471
1894009537,Mammillaria zephyranthoides,Oaxaca,17.842806,-97.353944
1677309443,Mammillaria zephyranthoides,Oaxaca,17.858692,-97.584789
1894009546,Mammillaria zephyranthoides,Oaxaca,17.887722,-97.349444
1894009531,Mammillaria zephyranthoides,Oaxaca,17.901056,-97.381306
1894009534,Mammillaria zephyranthoides,Oaxaca,17.904889,-97.338194
3384328592,Mammillaria zephyranthoides,Oaxaca,17.926114,-97.257284
4111665227,Mammillaria zephyranthoides,Oaxaca,17.941516,-97.313519
3384204669,Mammillaria zephyranthoides,Oaxaca,17.949938,-97.3337
1890091961,Mammillaria zephyranthoides,Oaxaca,17.967155,-97.317758
1897601242,Mammillaria zephyranthoides,Oaxaca,18,-97.41666
4075765592,Marginatocereus marginatus,Oaxaca,15.663047,-96.514689
2859982418,Marginatocereus marginatus,Oaxaca,16.213135,-96.508423
3308012874,Marginatocereus marginatus,Oaxaca,16.30167,-96.30028
3772803499,Marginatocereus marginatus,Oaxaca,16.301935,-96.648998
3408144199,Marginatocereus marginatus,Oaxaca,16.302563,-96.635224
3772663484,Marginatocereus marginatus,Oaxaca,16.302601,-96.636772
3408228028,Marginatocereus marginatus,Oaxaca,16.302797,-96.636192
3408216030,Marginatocereus marginatus,Oaxaca,16.302837,-96.636383
3408235221,Marginatocereus marginatus,Oaxaca,16.302937,-96.635638
3455667494,Marginatocereus marginatus,Oaxaca,16.302939,-96.648882
3455639279,Marginatocereus marginatus,Oaxaca,16.302942,-96.648906
4407135354,Marginatocereus marginatus,Oaxaca,16.329011,-96.594849
1893690355,Marginatocereus marginatus,Oaxaca,16.56,-96.353333
2901681579,Marginatocereus marginatus,Oaxaca,16.583793,-96.365402
3747262494,Marginatocereus marginatus,Oaxaca,16.717235,-96.694369
4506402568,Marginatocereus marginatus,Oaxaca,16.927645,-96.359201
4075667603,Marginatocereus marginatus,Oaxaca,16.928533,-96.35903
2802919610,Marginatocereus marginatus,Oaxaca,16.94974,-96.747226
3067997388,Marginatocereus marginatus,Oaxaca,16.954374,-96.474323
4021965147,Marginatocereus marginatus,Oaxaca,16.957703,-96.449022
2557731976,Marginatocereus marginatus,Oaxaca,17.065684,-96.722037
4165348535,Marginatocereus marginatus,Oaxaca,17.081295,-96.734938
3308366366,Marginatocereus marginatus,Oaxaca,17.505833,-97.479278
1143567866,Marginatocereus marginatus,Oaxaca,17.531695,-97.340788
3881826400,Marginatocereus marginatus,Oaxaca,17.639468,-97.133667
3892480378,Marginatocereus marginatus,Oaxaca,17.655809,-97.134149
1897364300,Marginatocereus marginatus,Oaxaca,17.696944,-96.948055
2898313026,Marginatocereus marginatus,Oaxaca,17.706031,-97.316381
3773611279,Marginatocereus marginatus,Oaxaca,17.790094,-96.943893
3772733472,Marginatocereus marginatus,Oaxaca,17.790261,-96.943796
1894565825,Marginatocereus marginatus,Oaxaca,17.8025,-97.0325
2005278418,Marginatocereus marginatus,Oaxaca,17.853567,-97.356431
3892687415,Marginatocereus marginatus,Oaxaca,17.862263,-97.042572
3773633653,Marginatocereus marginatus,Oaxaca,17.862288,-97.042534
3773000582,Marginatocereus marginatus,Oaxaca,17.862358,-97.04258
3772920492,Marginatocereus marginatus,Oaxaca,17.863169,-97.04129
3355229835,Marginatocereus marginatus,Oaxaca,17.876181,-96.912214
3772543317,Marginatocereus marginatus,Oaxaca,17.89117,-96.984337
3772670308,Marginatocereus marginatus,Oaxaca,17.909862,-96.98718
4129790625,Marginatocereus marginatus,Oaxaca,17.926206,-97.974349
2814019512,Marginatocereus marginatus,Oaxaca,17.951406,-98.041875
1894565938,Marginatocereus marginatus,Oaxaca,18.014722,-97.370833
1088927713,Marginatocereus marginatus,Oaxaca,18.046093,-97.0641
2629436581,Melocactus curvispinus,Oaxaca,15.728,-96.154861
3759075790,Melocactus curvispinus,Oaxaca,15.959996,-95.632813
2898278628,Melocactus curvispinus,Oaxaca,16.007156,-95.400011
1894892378,Melocactus curvispinus,Oaxaca,16.208333,-95.175
4171202979,Melocactus curvispinus,Oaxaca,16.418519,-94.728638
4522772506,Melocactus curvispinus,Oaxaca,16.4264,-94.792969
4522748673,Melocactus curvispinus,Oaxaca,16.426411,-94.792953
4522803887,Melocactus curvispinus,Oaxaca,16.426439,-94.792975
4522746877,Melocactus curvispinus,Oaxaca,16.426736,-94.793564
4522719973,Melocactus curvispinus,Oaxaca,16.426747,-94.793769
4522778906,Melocactus curvispinus,Oaxaca,16.426761,-94.793694
4522755028,Melocactus curvispinus,Oaxaca,16.426806,-94.793731
3308413165,Melocactus curvispinus,Oaxaca,16.433333,-95.266667
1893746158,Melocactus curvispinus,Oaxaca,16.508333,-95.408333
3873307785,Melocactus curvispinus,Oaxaca,16.551567,-94.945881
4111854841,Melocactus curvispinus,Oaxaca,16.583455,-95.216205
3308525539,Melocactus curvispinus,Oaxaca,16.63556,-95.01111
1065605447,Melocactus curvispinus,Oaxaca,16.660554,-95.010643
4075687609,Myrtillocactus geometrizans,Oaxaca,15.684196,-96.308756
4076244641,Myrtillocactus geometrizans,Oaxaca,15.685022,-96.309958
3985813784,Myrtillocactus geometrizans,Oaxaca,15.862772,-97.086219
3044902529,Myrtillocactus geometrizans,Oaxaca,16.305863,-96.646957
2898511073,Myrtillocactus geometrizans,Oaxaca,16.591069,-96.329831
3892646230,Myrtillocactus geometrizans,Oaxaca,16.670618,-96.305804
4067156928,Myrtillocactus geometrizans,Oaxaca,16.694106,-96.319903
4011607201,Myrtillocactus geometrizans,Oaxaca,16.930446,-96.323599
3785007405,Myrtillocactus geometrizans,Oaxaca,16.955842,-96.450818
2574126538,Myrtillocactus geometrizans,Oaxaca,16.958149,-96.448023
4062806218,Myrtillocactus geometrizans,Oaxaca,17.026461,-96.719555
4112055880,Myrtillocactus geometrizans,Oaxaca,17.065794,-96.72324
3330874378,Myrtillocactus geometrizans,Oaxaca,17.073178,-96.726589
4054931813,Myrtillocactus geometrizans,Oaxaca,17.108558,-96.69372
1675495315,Myrtillocactus geometrizans,Oaxaca,17.2753,-96.4708
3308107674,Myrtillocactus geometrizans,Oaxaca,17.49611,-97.05319
3307902646,Myrtillocactus geometrizans,Oaxaca,17.536583,-96.835889
1895767778,Myrtillocactus geometrizans,Oaxaca,17.597778,-96.596389
4500797013,Myrtillocactus geometrizans,Oaxaca,17.616991,-97.324809
3307670896,Myrtillocactus geometrizans,Oaxaca,17.648639,-96.914917
3308013461,Myrtillocactus geometrizans,Oaxaca,17.69694,-96.94806
2984481857,Myrtillocactus geometrizans,Oaxaca,17.713861,-96.938158
1894568605,Myrtillocactus geometrizans,Oaxaca,17.723333,-97.014444
3307776887,Myrtillocactus geometrizans,Oaxaca,17.789639,-96.957806
1895767685,Myrtillocactus geometrizans,Oaxaca,17.7993138,-96.9597739
4413966049,Myrtillocactus geometrizans,Oaxaca,17.813419,-97.000939
3994176306,Myrtillocactus geometrizans,Oaxaca,17.857778,-97.502778
3912140452,Myrtillocactus geometrizans,Oaxaca,17.862307,-97.04533
3773487591,Myrtillocactus geometrizans,Oaxaca,17.862408,-97.042648
3773045231,Myrtillocactus geometrizans,Oaxaca,17.862446,-97.045119
3773046195,Myrtillocactus geometrizans,Oaxaca,17.862517,-97.042958
3772917232,Myrtillocactus geometrizans,Oaxaca,17.862638,-97.044379
2465089760,Myrtillocactus geometrizans,Oaxaca,17.868006,-97.029679
3355300399,Myrtillocactus geometrizans,Oaxaca,17.888666,-96.994202
4522697153,Myrtillocactus geometrizans,Oaxaca,17.900133,-97.005403
4522694834,Myrtillocactus geometrizans,Oaxaca,17.900261,-97.004669
1805378993,Myrtillocactus geometrizans,Oaxaca,17.900519,-97.005981
2850621215,Myrtillocactus geometrizans,Oaxaca,17.900721,-96.976515
3772620448,Myrtillocactus geometrizans,Oaxaca,17.900968,-96.981323
2465110308,Myrtillocactus geometrizans,Oaxaca,17.902481,-96.97906
4522649103,Myrtillocactus geometrizans,Oaxaca,17.903964,-97.010161
3872977740,Myrtillocactus geometrizans,Oaxaca,17.910123,-97.005905
2460037234,Myrtillocactus geometrizans,Oaxaca,17.912743,-96.98666
4522713122,Myrtillocactus geometrizans,Oaxaca,17.984,-97.035828
1894568558,Myrtillocactus geometrizans,Oaxaca,18.036667,-97.566111
1894568560,Myrtillocactus geometrizans,Oaxaca,18.115278,-97.34
3333110766,Myrtillocactus geometrizans,Oaxaca,18.116948,-97.338794
3308082480,Myrtillocactus geometrizans,Oaxaca,18.12556,-97.69
3307606395,Myrtillocactus geometrizans,Oaxaca,18.129464,-97.055047
2465205821,Myrtillocactus geometrizans,Oaxaca,18.129903,-97.328728
1895767683,Myrtillocactus geometrizans,Oaxaca,18.1331884,-97.0722776
3499393695,Myrtillocactus geometrizans,Oaxaca,18.150911,-97.17038
2005384915,Myrtillocactus geometrizans,Oaxaca,18.165318,-97.758575
3384138839,Myrtillocactus geometrizans,Oaxaca,18.167239,-97.647111
3456367791,Myrtillocactus geometrizans,Oaxaca,18.180575,-97.682244
2883185661,Myrtillocactus geometrizans,Oaxaca,18.2534,-97.662639
1895196076,Myrtillocactus schenckii,Oaxaca,16.028333,-95.376389
1895195980,Myrtillocactus schenckii,Oaxaca,16.063056,-95.390555
1895767489,Myrtillocactus schenckii,Oaxaca,16.396667,-95.603333
4516903642,Myrtillocactus schenckii,Oaxaca,16.418092,-96.677262
4516263854,Myrtillocactus schenckii,Oaxaca,16.42922,-96.687905
3308744061,Myrtillocactus schenckii,Oaxaca,16.43056,-95.93392
2814196136,Myrtillocactus schenckii,Oaxaca,16.430668,-95.932572
3308148175,Myrtillocactus schenckii,Oaxaca,16.43333,-95.9843
3307606996,Myrtillocactus schenckii,Oaxaca,16.4481407,-95.8575268
4516885237,Myrtillocactus schenckii,Oaxaca,16.573268,-96.574958
3307762306,Myrtillocactus schenckii,Oaxaca,16.706944,-96.334722
1893737721,Myrtillocactus schenckii,Oaxaca,16.713333,-96.228333
1802794610,Myrtillocactus schenckii,Oaxaca,16.754333,-96.344247
2802571524,Myrtillocactus schenckii,Oaxaca,16.877047,-96.466872
1933549879,Myrtillocactus schenckii,Oaxaca,16.880675,-96.16049
4522741537,Myrtillocactus schenckii,Oaxaca,16.906203,-96.330911
4522768502,Myrtillocactus schenckii,Oaxaca,16.906219,-96.33085
4522746686,Myrtillocactus schenckii,Oaxaca,16.906231,-96.330978
4522784532,Myrtillocactus schenckii,Oaxaca,16.906492,-96.331178
4442744126,Myrtillocactus schenckii,Oaxaca,16.908939,-96.374489
4510261384,Myrtillocactus schenckii,Oaxaca,16.909256,-96.372211
3308201784,Myrtillocactus schenckii,Oaxaca,16.91667,-96.41667
1895767266,Myrtillocactus schenckii,Oaxaca,16.918611,-96.360278
4442376117,Myrtillocactus schenckii,Oaxaca,16.919531,-96.402252
2573902372,Myrtillocactus schenckii,Oaxaca,16.925314,-96.35302
1944410087,Myrtillocactus schenckii,Oaxaca,16.926558,-96.359797
4028827552,Myrtillocactus schenckii,Oaxaca,16.932081,-96.32357
3903372282,Myrtillocactus schenckii,Oaxaca,16.932844,-96.322685
4512248538,Myrtillocactus schenckii,Oaxaca,16.937745,-96.61119
2540856531,Myrtillocactus schenckii,Oaxaca,16.946733,-96.451093
1847572096,Myrtillocactus schenckii,Oaxaca,16.948119,-96.447914
4431284390,Myrtillocactus schenckii,Oaxaca,16.948184,-96.594741
1839256978,Myrtillocactus schenckii,Oaxaca,16.949957,-96.443865
1895767261,Myrtillocactus schenckii,Oaxaca,16.950278,-96.478611
1896094397,Myrtillocactus schenckii,Oaxaca,16.954778,-96.201361
4512225490,Myrtillocactus schenckii,Oaxaca,16.954906,-96.451225
2579318551,Myrtillocactus schenckii,Oaxaca,16.957173,-96.44606
1986596079,Myrtillocactus schenckii,Oaxaca,16.957472,-96.450203
3070282368,Myrtillocactus schenckii,Oaxaca,16.957598,-96.449745
4022023743,Myrtillocactus schenckii,Oaxaca,16.957759,-96.449921
4405133211,Myrtillocactus schenckii,Oaxaca,16.958058,-96.449953
2563621059,Myrtillocactus schenckii,Oaxaca,16.958362,-96.449212
2579241404,Myrtillocactus schenckii,Oaxaca,16.958611,-96.45
4165619642,Myrtillocactus schenckii,Oaxaca,16.958637,-96.448458
4165561971,Myrtillocactus schenckii,Oaxaca,16.95924,-96.448636
4510466451,Myrtillocactus schenckii,Oaxaca,16.959266,-96.449626
3307217465,Myrtillocactus schenckii,Oaxaca,16.961495,-96.556154
1143522382,Myrtillocactus schenckii,Oaxaca,16.965539,-96.439304
4442464600,Myrtillocactus schenckii,Oaxaca,16.992883,-96.434608
2456537098,Myrtillocactus schenckii,Oaxaca,16.996276,-96.566885
4405125636,Myrtillocactus schenckii,Oaxaca,16.999574,-96.460638
1895767234,Myrtillocactus schenckii,Oaxaca,17.001667,-96.538333
3307299328,Myrtillocactus schenckii,Oaxaca,17.003422,-96.544472
2573814543,Myrtillocactus schenckii,Oaxaca,17.01456,-96.51233
1933589573,Myrtillocactus schenckii,Oaxaca,17.026421,-96.508323
3328011094,Myrtillocactus schenckii,Oaxaca,17.042353,-96.516372
3327688134,Myrtillocactus schenckii,Oaxaca,17.042445,-96.516212
4465710543,Myrtillocactus schenckii,Oaxaca,17.042542,-96.517862
4442545628,Myrtillocactus schenckii,Oaxaca,17.042561,-96.517922
2013687296,Myrtillocactus schenckii,Oaxaca,17.042614,-96.517669
4465708650,Myrtillocactus schenckii,Oaxaca,17.042655,-96.515965
4177163936,Myrtillocactus schenckii,Oaxaca,17.045737,-96.516564
2563630625,Myrtillocactus schenckii,Oaxaca,17.056032,-96.516921
1944384104,Myrtillocactus schenckii,Oaxaca,17.066598,-96.722029
3308099960,Myrtillocactus schenckii,Oaxaca,17.46897,-97.05692
3308728852,Myrtillocactus schenckii,Oaxaca,17.47442,-97.06133
3308098973,Myrtillocactus schenckii,Oaxaca,17.496111,-97.053194
1893441296,Myrtillocactus schenckii,Oaxaca,17.675,-97.575
3307891311,Myrtillocactus schenckii,Oaxaca,17.685556,-97.043278
1453492428,Myrtillocactus schenckii,Oaxaca,17.699142,-96.938596
3773075959,Myrtillocactus schenckii,Oaxaca,17.789532,-96.94548
3772467129,Myrtillocactus schenckii,Oaxaca,17.790313,-96.943884
1894566232,Myrtillocactus schenckii,Oaxaca,17.795528,-96.933
3307795430,Myrtillocactus schenckii,Oaxaca,17.819083,-96.956667
1897573826,Myrtillocactus schenckii,Oaxaca,17.834464,-96.914758
1894566238,Myrtillocactus schenckii,Oaxaca,17.859639,-96.918583
3399190804,Myrtillocactus schenckii,Oaxaca,17.876426,-96.911785
3343902857,Myrtillocactus schenckii,Oaxaca,17.876671,-96.912214
1640034296,Myrtillocactus schenckii,Oaxaca,18.072206,-97.04362
3308155935,Neobuxbaumia laui ,Oaxaca,16.98436,-97.75011
219012267,Neobuxbaumia laui ,Oaxaca,16.985556,-97.752222
3308049849,Neobuxbaumia laui ,Oaxaca,16.98556,-97.75222
1895768127,Neobuxbaumia mezcalaensis,Oaxaca,16.14,-97.041667
4519239409,Neobuxbaumia mezcalaensis,Oaxaca,16.864644,-96.276495
4519229809,Neobuxbaumia mezcalaensis,Oaxaca,16.867889,-96.276324
2901685643,Neobuxbaumia mezcalaensis,Oaxaca,17.248055,-97.234444
3398714472,Neobuxbaumia mezcalaensis,Oaxaca,17.634897,-98.047288
2629784925,Neobuxbaumia mezcalaensis,Oaxaca,17.697911,-97.932819
1586150197,Neobuxbaumia mezcalaensis,Oaxaca,17.708823,-97.903496
1668861394,Neobuxbaumia mezcalaensis,Oaxaca,17.724243,-97.814381
3456418676,Neobuxbaumia mezcalaensis,Oaxaca,17.811366,-97.780348
3456285474,Neobuxbaumia mezcalaensis,Oaxaca,18.119458,-97.683144
3858335062,Neobuxbaumia mezcalaensis,Oaxaca,18.200854,-97.683445
1894561862,Neobuxbaumia mezcalaensis,Oaxaca,18.272694,-97.649722
1894553326,Neobuxbaumia scoparia,Oaxaca,15.704975,-96.4175348
3308097141,Neobuxbaumia scoparia,Oaxaca,15.97608,-95.63897
1895768111,Neobuxbaumia scoparia,Oaxaca,16.324167,-95.238333
1894553322,Neobuxbaumia scoparia,Oaxaca,16.5677144,-94.8872233
3039125262,Neobuxbaumia scoparia,Oaxaca,16.581842,-95.2167
3308719339,Neobuxbaumia scoparia,Oaxaca,16.59944,-94.9144
3308049158,Neobuxbaumia scoparia,Oaxaca,16.61219,-94.95817
1897576130,Neobuxbaumia scoparia,Oaxaca,16.612194,-94.958166
1897576060,Neobuxbaumia scoparia,Oaxaca,16.612417,-94.956472
3308078386,Neobuxbaumia scoparia,Oaxaca,16.61242,-94.95647
2814246323,Neobuxbaumia scoparia,Oaxaca,16.666466,-95.007816
2028491881,Neobuxbaumia tetetzo,Oaxaca,15.666393,-96.551491
2634381018,Neobuxbaumia tetetzo,Oaxaca,15.719112,-96.161754
2634219659,Neobuxbaumia tetetzo,Oaxaca,15.72031,-96.162345
2235526869,Neobuxbaumia tetetzo,Oaxaca,15.722182,-96.167484
2813868459,Neobuxbaumia tetetzo,Oaxaca,15.722196,-96.167753
2813942357,Neobuxbaumia tetetzo,Oaxaca,15.722217,-96.167435
4453794314,Neobuxbaumia tetetzo,Oaxaca,15.722707,-96.163139
2813934337,Neobuxbaumia tetetzo,Oaxaca,15.722742,-96.162984
2813928362,Neobuxbaumia tetetzo,Oaxaca,15.722809,-96.167084
3058990924,Neobuxbaumia tetetzo,Oaxaca,15.72464,-96.164234
2814026317,Neobuxbaumia tetetzo,Oaxaca,15.725447,-96.159682
2864793559,Neobuxbaumia tetetzo,Oaxaca,15.725652,-96.16094
3032061564,Neobuxbaumia tetetzo,Oaxaca,15.725657,-96.160759
4022382518,Neobuxbaumia tetetzo,Oaxaca,15.725762,-96.160902
4022105484,Neobuxbaumia tetetzo,Oaxaca,15.725794,-96.160553
2028440163,Neobuxbaumia tetetzo,Oaxaca,15.725821,-96.16021
4075802830,Neobuxbaumia tetetzo,Oaxaca,15.725828,-96.160782
4172109820,Neobuxbaumia tetetzo,Oaxaca,15.725848,-96.160309
4022346421,Neobuxbaumia tetetzo,Oaxaca,15.725858,-96.16088
3399167002,Neobuxbaumia tetetzo,Oaxaca,15.725859,-96.160248
4172011882,Neobuxbaumia tetetzo,Oaxaca,15.725878,-96.160262
3059013714,Neobuxbaumia tetetzo,Oaxaca,15.725882,-96.161555
4021949093,Neobuxbaumia tetetzo,Oaxaca,15.725902,-96.160652
3892337918,Neobuxbaumia tetetzo,Oaxaca,15.72597,-96.160706
4022348469,Neobuxbaumia tetetzo,Oaxaca,15.725992,-96.160591
2814213417,Neobuxbaumia tetetzo,Oaxaca,15.726029,-96.160506
1990598638,Neobuxbaumia tetetzo,Oaxaca,15.726048,-96.160507
1990598626,Neobuxbaumia tetetzo,Oaxaca,15.72605,-96.160774
2814195402,Neobuxbaumia tetetzo,Oaxaca,15.726057,-96.160213
2802657456,Neobuxbaumia tetetzo,Oaxaca,15.726059,-96.160769
2269272311,Neobuxbaumia tetetzo,Oaxaca,15.726064,-96.160868
4162309661,Neobuxbaumia tetetzo,Oaxaca,15.726065,-96.158152
1990598968,Neobuxbaumia tetetzo,Oaxaca,15.72607,-96.160568
1990601543,Neobuxbaumia tetetzo,Oaxaca,15.726084,-96.160614
2814206407,Neobuxbaumia tetetzo,Oaxaca,15.726098,-96.160267
4162446635,Neobuxbaumia tetetzo,Oaxaca,15.726124,-96.158224
2803142730,Neobuxbaumia tetetzo,Oaxaca,15.726161,-96.157817
3070430463,Neobuxbaumia tetetzo,Oaxaca,15.726176,-96.160553
1990598951,Neobuxbaumia tetetzo,Oaxaca,15.726205,-96.160393
2814175444,Neobuxbaumia tetetzo,Oaxaca,15.726209,-96.160656
2814103407,Neobuxbaumia tetetzo,Oaxaca,15.72621,-96.160396
2813860323,Neobuxbaumia tetetzo,Oaxaca,15.72622,-96.160568
3902343946,Neobuxbaumia tetetzo,Oaxaca,15.726225,-96.157861
2851246498,Neobuxbaumia tetetzo,Oaxaca,15.726227,-96.160519
1990598941,Neobuxbaumia tetetzo,Oaxaca,15.726236,-96.160461
1990598981,Neobuxbaumia tetetzo,Oaxaca,15.726238,-96.160492
3124489776,Neobuxbaumia tetetzo,Oaxaca,15.726256,-96.160605
3321252532,Neobuxbaumia tetetzo,Oaxaca,15.726259,-96.157967
1990601634,Neobuxbaumia tetetzo,Oaxaca,15.72627,-96.160545
3961470434,Neobuxbaumia tetetzo,Oaxaca,15.726271,-96.160583
2814206406,Neobuxbaumia tetetzo,Oaxaca,15.726272,-96.160149
1990601502,Neobuxbaumia tetetzo,Oaxaca,15.726313,-96.1605
2028520431,Neobuxbaumia tetetzo,Oaxaca,15.72632,-96.16066
2814200399,Neobuxbaumia tetetzo,Oaxaca,15.726339,-96.160296
2814193411,Neobuxbaumia tetetzo,Oaxaca,15.726344,-96.160312
2574176443,Neobuxbaumia tetetzo,Oaxaca,15.726348,-96.160715
4506291060,Neobuxbaumia tetetzo,Oaxaca,15.726349,-96.160202
2634439004,Neobuxbaumia tetetzo,Oaxaca,15.726371,-96.160577
4453948808,Neobuxbaumia tetetzo,Oaxaca,15.726383,-96.160592
2813859324,Neobuxbaumia tetetzo,Oaxaca,15.726401,-96.160591
3961135429,Neobuxbaumia tetetzo,Oaxaca,15.726416,-96.160322
4506473874,Neobuxbaumia tetetzo,Oaxaca,15.726453,-96.160279
2862288280,Neobuxbaumia tetetzo,Oaxaca,15.726461,-96.160586
2518145804,Neobuxbaumia tetetzo,Oaxaca,15.726471,-96.160565
2813917420,Neobuxbaumia tetetzo,Oaxaca,15.726488,-96.160527
2850948027,Neobuxbaumia tetetzo,Oaxaca,15.726501,-96.160571
2529307547,Neobuxbaumia tetetzo,Oaxaca,15.726507,-96.159973
3070749350,Neobuxbaumia tetetzo,Oaxaca,15.726543,-96.160538
4165969539,Neobuxbaumia tetetzo,Oaxaca,15.726553,-96.160019
2529248414,Neobuxbaumia tetetzo,Oaxaca,15.726555,-96.160061
3859624412,Neobuxbaumia tetetzo,Oaxaca,15.72656,-96.160561
2529304583,Neobuxbaumia tetetzo,Oaxaca,15.726563,-96.1598
2802600230,Neobuxbaumia tetetzo,Oaxaca,15.726573,-96.160547
3963340475,Neobuxbaumia tetetzo,Oaxaca,15.726579,-96.16053
2529319755,Neobuxbaumia tetetzo,Oaxaca,15.726583,-96.159863
2814215369,Neobuxbaumia tetetzo,Oaxaca,15.726584,-96.160576
3321214563,Neobuxbaumia tetetzo,Oaxaca,15.726586,-96.157951
3328020718,Neobuxbaumia tetetzo,Oaxaca,15.726595,-96.160581
2813887400,Neobuxbaumia tetetzo,Oaxaca,15.726597,-96.160649
2529264694,Neobuxbaumia tetetzo,Oaxaca,15.726607,-96.159575
2529279780,Neobuxbaumia tetetzo,Oaxaca,15.726617,-96.159886
2574100442,Neobuxbaumia tetetzo,Oaxaca,15.726623,-96.160691
3873161253,Neobuxbaumia tetetzo,Oaxaca,15.726636,-96.160522
3090783992,Neobuxbaumia tetetzo,Oaxaca,15.726656,-96.160477
2813911487,Neobuxbaumia tetetzo,Oaxaca,15.726658,-96.16026
2529351787,Neobuxbaumia tetetzo,Oaxaca,15.726663,-96.159347
4453932316,Neobuxbaumia tetetzo,Oaxaca,15.726665,-96.160561
3988629131,Neobuxbaumia tetetzo,Oaxaca,15.726667,-96.160278
3963642491,Neobuxbaumia tetetzo,Oaxaca,15.726679,-96.160529
4103135628,Neobuxbaumia tetetzo,Oaxaca,15.726683,-96.16052
2813896416,Neobuxbaumia tetetzo,Oaxaca,15.726697,-96.160186
3698072823,Neobuxbaumia tetetzo,Oaxaca,15.726725,-96.16053
1990503583,Neobuxbaumia tetetzo,Oaxaca,15.726726,-96.160576
3044680416,Neobuxbaumia tetetzo,Oaxaca,15.726731,-96.160515
3399188880,Neobuxbaumia tetetzo,Oaxaca,15.726732,-96.16053
1990597093,Neobuxbaumia tetetzo,Oaxaca,15.726745,-96.16066
3090934062,Neobuxbaumia tetetzo,Oaxaca,15.726777,-96.160591
2850590014,Neobuxbaumia tetetzo,Oaxaca,15.726806,-96.160515
3873619542,Neobuxbaumia tetetzo,Oaxaca,15.726811,-96.160461
3124615354,Neobuxbaumia tetetzo,Oaxaca,15.726825,-96.160484
3070747461,Neobuxbaumia tetetzo,Oaxaca,15.726827,-96.1605
2814202435,Neobuxbaumia tetetzo,Oaxaca,15.726841,-96.16059
2813939428,Neobuxbaumia tetetzo,Oaxaca,15.726852,-96.160602
2006066957,Neobuxbaumia tetetzo,Oaxaca,15.726854,-96.160502
1990503601,Neobuxbaumia tetetzo,Oaxaca,15.726867,-96.160507
3457180567,Neobuxbaumia tetetzo,Oaxaca,15.726892,-96.160507
3124607041,Neobuxbaumia tetetzo,Oaxaca,15.726902,-96.160454
3468685783,Neobuxbaumia tetetzo,Oaxaca,15.726912,-96.160507
2813861393,Neobuxbaumia tetetzo,Oaxaca,15.726918,-96.160484
3090780049,Neobuxbaumia tetetzo,Oaxaca,15.726925,-96.160568
2802627487,Neobuxbaumia tetetzo,Oaxaca,15.726938,-96.160483
3415453234,Neobuxbaumia tetetzo,Oaxaca,15.726944,-96.160278
3031776874,Neobuxbaumia tetetzo,Oaxaca,15.726968,-96.160446
2813895465,Neobuxbaumia tetetzo,Oaxaca,15.726978,-96.160463
2901791996,Neobuxbaumia tetetzo,Oaxaca,15.726983,-96.1605
3705401060,Neobuxbaumia tetetzo,Oaxaca,15.726992,-96.160461
3873586387,Neobuxbaumia tetetzo,Oaxaca,15.726997,-96.16037
2814150424,Neobuxbaumia tetetzo,Oaxaca,15.726999,-96.160428
2988652551,Neobuxbaumia tetetzo,Oaxaca,15.727017,-96.160484
2813915409,Neobuxbaumia tetetzo,Oaxaca,15.727039,-96.160446
3961013450,Neobuxbaumia tetetzo,Oaxaca,15.727087,-96.160477
2856599434,Neobuxbaumia tetetzo,Oaxaca,15.727102,-96.160086
2803028534,Neobuxbaumia tetetzo,Oaxaca,15.727107,-96.160424
2422759637,Neobuxbaumia tetetzo,Oaxaca,15.72712,-96.160454
3314560411,Neobuxbaumia tetetzo,Oaxaca,15.72713,-96.160416
3705452086,Neobuxbaumia tetetzo,Oaxaca,15.727136,-96.160378
3031738588,Neobuxbaumia tetetzo,Oaxaca,15.727182,-96.160484
2518145969,Neobuxbaumia tetetzo,Oaxaca,15.727206,-96.160397
3090963345,Neobuxbaumia tetetzo,Oaxaca,15.727207,-96.160294
3059107939,Neobuxbaumia tetetzo,Oaxaca,15.727209,-96.160378
4162325662,Neobuxbaumia tetetzo,Oaxaca,15.727216,-96.160515
2901713181,Neobuxbaumia tetetzo,Oaxaca,15.727223,-96.160492
3466486654,Neobuxbaumia tetetzo,Oaxaca,15.727241,-96.160362
2814232331,Neobuxbaumia tetetzo,Oaxaca,15.727262,-96.160461
3903466571,Neobuxbaumia tetetzo,Oaxaca,15.727345,-96.160423
3335225385,Neobuxbaumia tetetzo,Oaxaca,15.727364,-96.160439
4153971711,Neobuxbaumia tetetzo,Oaxaca,15.727383,-96.160355
2901728259,Neobuxbaumia tetetzo,Oaxaca,15.727393,-96.16035
3314280411,Neobuxbaumia tetetzo,Oaxaca,15.727398,-96.16037
3355632347,Neobuxbaumia tetetzo,Oaxaca,15.727407,-96.160461
3031711533,Neobuxbaumia tetetzo,Oaxaca,15.727417,-96.160461
3858379114,Neobuxbaumia tetetzo,Oaxaca,15.727433,-96.160477
3961234419,Neobuxbaumia tetetzo,Oaxaca,15.727436,-96.160413
4453846320,Neobuxbaumia tetetzo,Oaxaca,15.727453,-96.160385
4162232870,Neobuxbaumia tetetzo,Oaxaca,15.727484,-96.160492
3858338058,Neobuxbaumia tetetzo,Oaxaca,15.72764,-96.160461
2856691391,Neobuxbaumia tetetzo,Oaxaca,15.727754,-96.159963
3307186496,Neobuxbaumia tetetzo,Oaxaca,15.728438,-96.158713
3307400887,Neobuxbaumia tetetzo,Oaxaca,15.728521,-96.159638
3399141827,Neobuxbaumia tetetzo,Oaxaca,15.728745,-96.159637
4407201668,Neobuxbaumia tetetzo,Oaxaca,15.72875,-96.159126
3385205893,Neobuxbaumia tetetzo,Oaxaca,15.728755,-96.15921
3307431620,Neobuxbaumia tetetzo,Oaxaca,15.728766,-96.159305
3466485701,Neobuxbaumia tetetzo,Oaxaca,15.728792,-96.160553
3307116580,Neobuxbaumia tetetzo,Oaxaca,15.728806,-96.159264
3302496446,Neobuxbaumia tetetzo,Oaxaca,15.728813,-96.159436
3307386629,Neobuxbaumia tetetzo,Oaxaca,15.728816,-96.159354
2803140491,Neobuxbaumia tetetzo,Oaxaca,15.728882,-96.159487
3456360539,Neobuxbaumia tetetzo,Oaxaca,15.729024,-96.159569
3961148420,Neobuxbaumia tetetzo,Oaxaca,15.729027,-96.159622
1990517216,Neobuxbaumia tetetzo,Oaxaca,15.730053,-96.157933
3307410049,Neobuxbaumia tetetzo,Oaxaca,15.730337,-96.158172
4512196190,Neobuxbaumia tetetzo,Oaxaca,15.730642,-96.15779
1990597089,Neobuxbaumia tetetzo,Oaxaca,15.731544,-96.157853
4126737107,Neobuxbaumia tetetzo,Oaxaca,15.734,-96.14969
4153594656,Neobuxbaumia tetetzo,Oaxaca,15.734646,-96.159576
4081013474,Neobuxbaumia tetetzo,Oaxaca,15.734961,-96.158834
3961238436,Neobuxbaumia tetetzo,Oaxaca,15.73758,-96.14412
4407097633,Neobuxbaumia tetetzo,Oaxaca,15.737642,-96.143989
3384815651,Neobuxbaumia tetetzo,Oaxaca,15.737646,-96.144119
4165437232,Neobuxbaumia tetetzo,Oaxaca,15.737647,-96.143921
2236837915,Neobuxbaumia tetetzo,Oaxaca,15.737744,-96.129882
2269276024,Neobuxbaumia tetetzo,Oaxaca,15.73775,-96.146159
3355800673,Neobuxbaumia tetetzo,Oaxaca,15.737767,-96.144109
2634006357,Neobuxbaumia tetetzo,Oaxaca,15.7379,-96.128934
3325543708,Neobuxbaumia tetetzo,Oaxaca,15.738078,-96.145039
3859674304,Neobuxbaumia tetetzo,Oaxaca,15.738086,-96.144691
3079881442,Neobuxbaumia tetetzo,Oaxaca,15.738113,-96.145721
2864829380,Neobuxbaumia tetetzo,Oaxaca,15.738137,-96.145895
3044608093,Neobuxbaumia tetetzo,Oaxaca,15.738148,-96.145683
2813900368,Neobuxbaumia tetetzo,Oaxaca,15.738158,-96.145599
3058770865,Neobuxbaumia tetetzo,Oaxaca,15.738164,-96.145363
4009760090,Neobuxbaumia tetetzo,Oaxaca,15.73818,-96.145615
3399184557,Neobuxbaumia tetetzo,Oaxaca,15.738186,-96.144673
3109214308,Neobuxbaumia tetetzo,Oaxaca,15.738198,-96.145637
3415962506,Neobuxbaumia tetetzo,Oaxaca,15.738231,-96.146103
2901570229,Neobuxbaumia tetetzo,Oaxaca,15.738233,-96.14566
4413614264,Neobuxbaumia tetetzo,Oaxaca,15.738317,-96.143867
2634360662,Neobuxbaumia tetetzo,Oaxaca,15.738524,-96.127968
4076086393,Neobuxbaumia tetetzo,Oaxaca,15.751603,-96.125655
3058978284,Neobuxbaumia tetetzo,Oaxaca,15.752104,-96.125744
4075821736,Neobuxbaumia tetetzo,Oaxaca,15.752264,-96.125275
3988605144,Neobuxbaumia tetetzo,Oaxaca,15.752456,-96.125923
3058702732,Neobuxbaumia tetetzo,Oaxaca,15.753326,-96.125633
3058934835,Neobuxbaumia tetetzo,Oaxaca,15.753345,-96.125452
3070354939,Neobuxbaumia tetetzo,Oaxaca,15.75502,-96.146131
2634142884,Neobuxbaumia tetetzo,Oaxaca,15.755885,-96.144756
2634583950,Neobuxbaumia tetetzo,Oaxaca,15.756102,-96.144793
4453723645,Neobuxbaumia tetetzo,Oaxaca,15.75851,-96.20134
2619957562,Neobuxbaumia tetetzo,Oaxaca,15.759169,-96.130919
3117759751,Neobuxbaumia tetetzo,Oaxaca,15.761636,-96.137858
2813905365,Neobuxbaumia tetetzo,Oaxaca,15.764396,-96.113731
2814123505,Neobuxbaumia tetetzo,Oaxaca,15.765767,-96.119736
2813879492,Neobuxbaumia tetetzo,Oaxaca,15.767467,-96.118645
2611141898,Neobuxbaumia tetetzo,Oaxaca,15.772248,-96.120605
2634615390,Neobuxbaumia tetetzo,Oaxaca,15.776324,-96.132241
2634128386,Neobuxbaumia tetetzo,Oaxaca,15.777333,-96.132639
3301971831,Neobuxbaumia tetetzo,Oaxaca,15.784019,-96.108345
4453798318,Neobuxbaumia tetetzo,Oaxaca,15.79635,-96.057823
2518110776,Neobuxbaumia tetetzo,Oaxaca,15.811898,-96.074425
1897572923,Neobuxbaumia tetetzo,Oaxaca,15.863889,-95.908611
3308005613,Neobuxbaumia tetetzo,Oaxaca,15.95722,-96.09
1897572955,Neobuxbaumia tetetzo,Oaxaca,15.957222,-96.09
219012261,Neobuxbaumia tetetzo,Oaxaca,15.980278,-95.613056
3308689676,Neobuxbaumia tetetzo,Oaxaca,15.98033,-95.61314
1895769010,Neobuxbaumia tetetzo,Oaxaca,16.316667,-95.226667
1895767634,Neobuxbaumia tetetzo,Oaxaca,16.326667,-95.235
3308125845,Neobuxbaumia tetetzo,Oaxaca,16.38208,-95.3135
3308177749,Neobuxbaumia tetetzo,Oaxaca,16.3836802,-95.3485266
3308154128,Neobuxbaumia tetetzo,Oaxaca,16.42244,-95.2268
3308124227,Neobuxbaumia tetetzo,Oaxaca,16.43394,-95.8727
3112565758,Neobuxbaumia tetetzo,Oaxaca,16.567712,-96.348934
2898414063,Neobuxbaumia tetetzo,Oaxaca,16.575386,-96.338171
3398747582,Neobuxbaumia tetetzo,Oaxaca,16.576934,-96.34925
2901521573,Neobuxbaumia tetetzo,Oaxaca,16.587508,-96.330487
1895769042,Neobuxbaumia tetetzo,Oaxaca,16.663333,-96.306667
3465967925,Neobuxbaumia tetetzo,Oaxaca,16.666248,-96.253774
4522724641,Neobuxbaumia tetetzo,Oaxaca,16.6685,-96.138833
3308290071,Neobuxbaumia tetetzo,Oaxaca,16.6702005,-96.3083651
3915471305,Neobuxbaumia tetetzo,Oaxaca,16.672298,-96.252182
2397492695,Neobuxbaumia tetetzo,Oaxaca,16.675827,-96.285723
3308154129,Neobuxbaumia tetetzo,Oaxaca,16.67589,-96.14597
4440614966,Neobuxbaumia tetetzo,Oaxaca,16.676211,-96.145921
1897572899,Neobuxbaumia tetetzo,Oaxaca,16.729167,-96.276944
1897572946,Neobuxbaumia tetetzo,Oaxaca,16.736222,-96.276778
3961452451,Neobuxbaumia tetetzo,Oaxaca,16.862776,-96.276897
4507715117,Neobuxbaumia tetetzo,Oaxaca,16.862899,-96.276994
3858299359,Neobuxbaumia tetetzo,Oaxaca,16.862955,-96.277017
1990601130,Neobuxbaumia tetetzo,Oaxaca,16.863585,-96.277519
4453714404,Neobuxbaumia tetetzo,Oaxaca,16.864878,-96.275709
4126706952,Neobuxbaumia tetetzo,Oaxaca,16.865108,-96.275268
4465692244,Neobuxbaumia tetetzo,Oaxaca,16.865575,-96.275456
2859961345,Neobuxbaumia tetetzo,Oaxaca,16.86565,-96.27647
4440698212,Neobuxbaumia tetetzo,Oaxaca,16.865946,-96.275666
3961145524,Neobuxbaumia tetetzo,Oaxaca,16.866214,-96.275972
3961439680,Neobuxbaumia tetetzo,Oaxaca,16.866454,-96.277233
4442586882,Neobuxbaumia tetetzo,Oaxaca,16.866981,-96.275439
4405455178,Neobuxbaumia tetetzo,Oaxaca,16.867189,-96.275567
3902456836,Neobuxbaumia tetetzo,Oaxaca,16.867217,-96.275483
1893916671,Neobuxbaumia tetetzo,Oaxaca,16.95758,-97.062509
4522692351,Neobuxbaumia tetetzo,Oaxaca,17.0039,-96.557309
3759408334,Neobuxbaumia tetetzo,Oaxaca,17.016357,-96.639499
3327998085,Neobuxbaumia tetetzo,Oaxaca,17.037191,-96.516275
4130181710,Neobuxbaumia tetetzo,Oaxaca,17.783955,-97.815882
1893916674,Neobuxbaumia tetetzo,Oaxaca,17.861257,-97.0531
3963625420,Neobuxbaumia tetetzo,Oaxaca,17.861473,-97.045961
1893916701,Neobuxbaumia tetetzo,Oaxaca,17.861836,-97.053112
3963371440,Neobuxbaumia tetetzo,Oaxaca,17.863658,-97.038451
3773605211,Neobuxbaumia tetetzo,Oaxaca,17.864466,-97.037018
3963543437,Neobuxbaumia tetetzo,Oaxaca,17.864517,-97.036835
3963634447,Neobuxbaumia tetetzo,Oaxaca,17.864981,-97.034157
3773799501,Neobuxbaumia tetetzo,Oaxaca,17.86531,-97.03069
2563576522,Neobuxbaumia tetetzo,Oaxaca,17.865361,-97.03009
3892655166,Neobuxbaumia tetetzo,Oaxaca,17.86571,-97.030592
3773543997,Neobuxbaumia tetetzo,Oaxaca,17.865966,-97.031111
3124760503,Neobuxbaumia tetetzo,Oaxaca,17.869886,-97.02473
3963656025,Neobuxbaumia tetetzo,Oaxaca,17.883735,-97.022238
3963522409,Neobuxbaumia tetetzo,Oaxaca,17.900469,-96.982594
3963219470,Neobuxbaumia tetetzo,Oaxaca,17.912907,-96.980411
3963237445,Neobuxbaumia tetetzo,Oaxaca,17.91408,-97.062189
3308152163,Neobuxbaumia tetetzo,Oaxaca,17.93447,-96.9756
1920848061,Neobuxbaumia tetetzo,Oaxaca,17.972463,-97.066956
1895768956,Neobuxbaumia tetetzo,Oaxaca,18.026667,-97.061667
3859867710,Neobuxbaumia tetetzo,Oaxaca,18.076745,-97.346883
2579229628,Opuntia auberi,Oaxaca,15.692717,-96.296951
2517947782,Opuntia auberi,Oaxaca,15.709495,-96.196587
2517947780,Opuntia auberi,Oaxaca,15.709723,-96.196559
3308077794,Opuntia auberi,Oaxaca,15.712,-96.2025
3308064084,Opuntia auberi,Oaxaca,15.72122,-96.16739
3308691475,Opuntia auberi,Oaxaca,15.73133,-96.24278
2518072511,Opuntia auberi,Oaxaca,15.732408,-96.150284
3308674182,Opuntia auberi,Oaxaca,15.73347,-96.15917
2557648445,Opuntia auberi,Oaxaca,15.737371,-96.146237
2517949363,Opuntia auberi,Oaxaca,15.738181,-96.145256
3308691476,Opuntia auberi,Oaxaca,15.75503,-96.16631
3308691473,Opuntia auberi,Oaxaca,15.76522,-96.19044
2626675318,Opuntia auberi,Oaxaca,15.770162,-96.124977
2517946092,Opuntia auberi,Oaxaca,15.770497,-96.18409
3307809520,Opuntia auberi,Oaxaca,15.783,-96.167
219012121,Opuntia auberi,Oaxaca,15.863056,-95.908056
3308612233,Opuntia auberi,Oaxaca,15.86306,-95.90806
1897576641,Opuntia auberi,Oaxaca,15.888889,-95.874722
1895116723,Opuntia auberi,Oaxaca,15.911944,-95.934722
2574186926,Opuntia auberi,Oaxaca,15.9461,-97.185424
2807399871,Opuntia auberi,Oaxaca,15.96194,-95.71556
3308004571,Opuntia auberi,Oaxaca,15.98361,-95.52583
1257718132,Opuntia auberi,Oaxaca,15.983611,-95.525833
3308399827,Opuntia auberi,Oaxaca,16,-96.533
2814073113,Opuntia auberi,Oaxaca,16.33423,-95.013473
2270563753,Opuntia auberi,Oaxaca,16.363483,-94.968063
3097057477,Opuntia auberi,Oaxaca,16.479,-96.8019
1260851002,Opuntia auberi,Oaxaca,16.61166,-94.95861
1897576666,Opuntia auberi,Oaxaca,16.611778,-94.958722
3308630136,Opuntia auberi,Oaxaca,16.61178,-94.95872
3308378723,Opuntia auberi,Oaxaca,16.617,-95
2629753905,Opuntia auberi,Oaxaca,16.617547,-96.733047
1981511980,Opuntia auberi,Oaxaca,16.92118,-96.362107
1895116385,Opuntia auberi,Oaxaca,16.921944,-96.3625
1895115399,Opuntia auberi,Oaxaca,17.105278,-96.710833
4399459349,Opuntia auberi,Oaxaca,17.711944,-96.936944
1895116350,Opuntia auberi,Oaxaca,17.795278,-96.962778
2859914349,Opuntia auberi,Oaxaca,17.951438,-96.166552
4136388340,Opuntia auberi,Oaxaca,18.083333,-97.05
1895116251,Opuntia chiangiana,Oaxaca,17.902778,-96.975
2988613771,Opuntia decumbens,Oaxaca,15.658073,-96.556502
3457222192,Opuntia decumbens,Oaxaca,15.659794,-96.505397
1831092278,Opuntia decumbens,Oaxaca,15.664863,-96.551636
3067734382,Opuntia decumbens,Oaxaca,15.666843,-96.503296
4440749898,Opuntia decumbens,Oaxaca,15.666952,-96.493774
3079862898,Opuntia decumbens,Oaxaca,15.674841,-96.560566
3764096392,Opuntia decumbens,Oaxaca,15.68387,-96.513695
2563611780,Opuntia decumbens,Oaxaca,15.684378,-96.309117
3892267846,Opuntia decumbens,Oaxaca,15.691667,-96.238056
3772959835,Opuntia decumbens,Oaxaca,15.692308,-96.23808
3308130288,Opuntia decumbens,Oaxaca,15.70025,-96.22222
2563656603,Opuntia decumbens,Oaxaca,15.700479,-96.217762
2563657303,Opuntia decumbens,Oaxaca,15.700524,-96.217578
3044846700,Opuntia decumbens,Oaxaca,15.710631,-96.196686
3044859065,Opuntia decumbens,Oaxaca,15.710874,-96.197031
3468791465,Opuntia decumbens,Oaxaca,15.71103,-96.204704
3070631535,Opuntia decumbens,Oaxaca,15.711227,-96.198113
3070640396,Opuntia decumbens,Oaxaca,15.711338,-96.198083
2862283243,Opuntia decumbens,Oaxaca,15.711827,-96.204114
2540782786,Opuntia decumbens,Oaxaca,15.712208,-96.203513
2862533287,Opuntia decumbens,Oaxaca,15.712242,-96.204274
3466407225,Opuntia decumbens,Oaxaca,15.712382,-96.203273
2862336229,Opuntia decumbens,Oaxaca,15.712429,-96.203181
2540796851,Opuntia decumbens,Oaxaca,15.712444,-96.203235
2311414070,Opuntia decumbens,Oaxaca,15.720993,-96.167139
1894617295,Opuntia decumbens,Oaxaca,15.721222,-96.167389
2237458028,Opuntia decumbens,Oaxaca,15.722016,-96.166875
1807331876,Opuntia decumbens,Oaxaca,15.722246,-96.162901
2235526121,Opuntia decumbens,Oaxaca,15.722804,-96.167007
2563504284,Opuntia decumbens,Oaxaca,15.722983,-96.166739
2235526648,Opuntia decumbens,Oaxaca,15.72301,-96.16684
2235526933,Opuntia decumbens,Oaxaca,15.723016,-96.166848
2235519796,Opuntia decumbens,Oaxaca,15.723027,-96.16684
4029212077,Opuntia decumbens,Oaxaca,15.723296,-96.166863
3308044633,Opuntia decumbens,Oaxaca,15.72411,-96.16533
3044558281,Opuntia decumbens,Oaxaca,15.724502,-96.163463
2574178398,Opuntia decumbens,Oaxaca,15.724508,-96.163079
2540817891,Opuntia decumbens,Oaxaca,15.724558,-96.164464
3032055933,Opuntia decumbens,Oaxaca,15.724642,-96.16422
3747016545,Opuntia decumbens,Oaxaca,15.724668,-96.16182
3337681544,Opuntia decumbens,Oaxaca,15.724802,-96.16155
3124778931,Opuntia decumbens,Oaxaca,15.72499,-96.161601
3044658421,Opuntia decumbens,Oaxaca,15.724992,-96.161575
2563504137,Opuntia decumbens,Oaxaca,15.724994,-96.161649
3468662118,Opuntia decumbens,Oaxaca,15.725081,-96.161598
2311333130,Opuntia decumbens,Oaxaca,15.725098,-96.164953
2517949900,Opuntia decumbens,Oaxaca,15.725126,-96.161499
2265777636,Opuntia decumbens,Oaxaca,15.725245,-96.16153
1836633881,Opuntia decumbens,Oaxaca,15.725483,-96.161385
1805385592,Opuntia decumbens,Oaxaca,15.72553,-96.159854
1990597403,Opuntia decumbens,Oaxaca,15.725626,-96.160957
1990597443,Opuntia decumbens,Oaxaca,15.725662,-96.160835
4165753938,Opuntia decumbens,Oaxaca,15.725756,-96.160759
1990598661,Opuntia decumbens,Oaxaca,15.72578,-96.160812
1990515187,Opuntia decumbens,Oaxaca,15.725832,-96.16082
4022113679,Opuntia decumbens,Oaxaca,15.725867,-96.160036
3039254817,Opuntia decumbens,Oaxaca,15.725873,-96.162464
1836633845,Opuntia decumbens,Oaxaca,15.725881,-96.160927
1986560142,Opuntia decumbens,Oaxaca,15.725918,-96.160172
2265780224,Opuntia decumbens,Oaxaca,15.725925,-96.160896
1990598607,Opuntia decumbens,Oaxaca,15.725932,-96.160851
2265779014,Opuntia decumbens,Oaxaca,15.725957,-96.160904
2006067031,Opuntia decumbens,Oaxaca,15.725973,-96.160828
2517942044,Opuntia decumbens,Oaxaca,15.725975,-96.160805
1990601557,Opuntia decumbens,Oaxaca,15.726032,-96.160606
2518153404,Opuntia decumbens,Oaxaca,15.726033,-96.158361
2251876414,Opuntia decumbens,Oaxaca,15.726081,-96.160789
2517953124,Opuntia decumbens,Oaxaca,15.72623,-96.160163
4022146357,Opuntia decumbens,Oaxaca,15.726267,-96.160416
2518145532,Opuntia decumbens,Oaxaca,15.726366,-96.160655
1098899163,Opuntia decumbens,Oaxaca,15.726525,-96.157764
2529273690,Opuntia decumbens,Oaxaca,15.726567,-96.159816
2529313853,Opuntia decumbens,Oaxaca,15.726739,-96.159454
2265777640,Opuntia decumbens,Oaxaca,15.726872,-96.160541
2350425746,Opuntia decumbens,Oaxaca,15.727042,-96.160304
2563576320,Opuntia decumbens,Oaxaca,15.727885,-96.166133
1802752263,Opuntia decumbens,Oaxaca,15.728235,-96.168609
1802782181,Opuntia decumbens,Oaxaca,15.731199,-96.156807
3468940003,Opuntia decumbens,Oaxaca,15.731803,-96.158287
2634162936,Opuntia decumbens,Oaxaca,15.731889,-96.156965
3705815763,Opuntia decumbens,Oaxaca,15.732698,-96.158074
2963878527,Opuntia decumbens,Oaxaca,15.732755,-96.158188
3764549400,Opuntia decumbens,Oaxaca,15.732778,-96.157778
2265777638,Opuntia decumbens,Oaxaca,15.73281,-96.158164
3456159834,Opuntia decumbens,Oaxaca,15.732813,-96.158057
2265777635,Opuntia decumbens,Oaxaca,15.732825,-96.158173
3031975497,Opuntia decumbens,Oaxaca,15.732828,-96.158401
3308138145,Opuntia decumbens,Oaxaca,15.73289,-96.16042
3044660455,Opuntia decumbens,Oaxaca,15.732936,-96.158157
4171324700,Opuntia decumbens,Oaxaca,15.732971,-96.157849
2963880541,Opuntia decumbens,Oaxaca,15.733028,-96.157852
2265777471,Opuntia decumbens,Oaxaca,15.733275,-96.149511
2265910457,Opuntia decumbens,Oaxaca,15.733376,-96.149552
2862503220,Opuntia decumbens,Oaxaca,15.733399,-96.158671
1802770512,Opuntia decumbens,Oaxaca,15.73343,-96.158878
2802785713,Opuntia decumbens,Oaxaca,15.733432,-96.158757
4103210611,Opuntia decumbens,Oaxaca,15.733453,-96.158445
1990521345,Opuntia decumbens,Oaxaca,15.733494,-96.158426
2517953286,Opuntia decumbens,Oaxaca,15.733551,-96.158965
3031695872,Opuntia decumbens,Oaxaca,15.733579,-96.158707
2265776907,Opuntia decumbens,Oaxaca,15.733667,-96.158545
2813859430,Opuntia decumbens,Oaxaca,15.73385,-96.159209
1802752274,Opuntia decumbens,Oaxaca,15.733977,-96.15876
2563542104,Opuntia decumbens,Oaxaca,15.734064,-96.159317
2573921359,Opuntia decumbens,Oaxaca,15.734186,-96.159955
4116309960,Opuntia decumbens,Oaxaca,15.734272,-96.154523
2563542218,Opuntia decumbens,Oaxaca,15.734277,-96.159983
1837759359,Opuntia decumbens,Oaxaca,15.734328,-96.1595
4153707537,Opuntia decumbens,Oaxaca,15.734683,-96.159737
2265778183,Opuntia decumbens,Oaxaca,15.734703,-96.159882
1836633879,Opuntia decumbens,Oaxaca,15.73471,-96.159691
3067998020,Opuntia decumbens,Oaxaca,15.734767,-96.159691
2518043216,Opuntia decumbens,Oaxaca,15.734886,-96.159296
4165873773,Opuntia decumbens,Oaxaca,15.737158,-96.146294
2265780470,Opuntia decumbens,Oaxaca,15.737171,-96.146206
2265780468,Opuntia decumbens,Oaxaca,15.737173,-96.146202
2265780467,Opuntia decumbens,Oaxaca,15.737198,-96.146343
3499696487,Opuntia decumbens,Oaxaca,15.737292,-96.146427
3764526435,Opuntia decumbens,Oaxaca,15.737828,-96.14418
3698227918,Opuntia decumbens,Oaxaca,15.737989,-96.144164
2901709995,Opuntia decumbens,Oaxaca,15.738019,-96.144859
3468753260,Opuntia decumbens,Oaxaca,15.738094,-96.144676
3070691307,Opuntia decumbens,Oaxaca,15.738108,-96.14596
2864836687,Opuntia decumbens,Oaxaca,15.738135,-96.146189
2874045818,Opuntia decumbens,Oaxaca,15.738171,-96.145694
2963863030,Opuntia decumbens,Oaxaca,15.738195,-96.128441
3070747369,Opuntia decumbens,Oaxaca,15.738204,-96.145475
3698249934,Opuntia decumbens,Oaxaca,15.738219,-96.145902
3466343082,Opuntia decumbens,Oaxaca,15.738234,-96.145905
2252047990,Opuntia decumbens,Oaxaca,15.738247,-96.145721
3097041528,Opuntia decumbens,Oaxaca,15.738251,-96.144665
3070642429,Opuntia decumbens,Oaxaca,15.738253,-96.145775
3698099156,Opuntia decumbens,Oaxaca,15.738263,-96.145317
3985740060,Opuntia decumbens,Oaxaca,15.738271,-96.128014
4006761139,Opuntia decumbens,Oaxaca,15.738328,-96.14595
3059149528,Opuntia decumbens,Oaxaca,15.738365,-96.145682
3705541663,Opuntia decumbens,Oaxaca,15.738464,-96.145857
1802770427,Opuntia decumbens,Oaxaca,15.739337,-96.133075
3044833132,Opuntia decumbens,Oaxaca,15.739466,-96.131829
2864739486,Opuntia decumbens,Oaxaca,15.739747,-96.131355
2597769869,Opuntia decumbens,Oaxaca,15.739808,-96.140761
2856625704,Opuntia decumbens,Oaxaca,15.740368,-96.127308
2856655723,Opuntia decumbens,Oaxaca,15.74048,-96.127287
2265776780,Opuntia decumbens,Oaxaca,15.742915,-96.1277
3070393532,Opuntia decumbens,Oaxaca,15.742997,-96.174089
1831098445,Opuntia decumbens,Oaxaca,15.743227,-96.127751
1831098467,Opuntia decumbens,Oaxaca,15.743351,-96.127718
3070380451,Opuntia decumbens,Oaxaca,15.744266,-96.173588
2242992495,Opuntia decumbens,Oaxaca,15.746917,-96.129561
3466036228,Opuntia decumbens,Oaxaca,15.749353,-96.125511
3764109412,Opuntia decumbens,Oaxaca,15.749895,-96.125461
3070716527,Opuntia decumbens,Oaxaca,15.75172,-96.125356
3764351398,Opuntia decumbens,Oaxaca,15.752575,-96.124808
4076430359,Opuntia decumbens,Oaxaca,15.752588,-96.125486
2629446148,Opuntia decumbens,Oaxaca,15.752778,-96.169444
3466513319,Opuntia decumbens,Oaxaca,15.752808,-96.126144
3468799608,Opuntia decumbens,Oaxaca,15.753687,-96.141372
1933538384,Opuntia decumbens,Oaxaca,15.75382,-96.127022
2265776985,Opuntia decumbens,Oaxaca,15.754305,-96.189735
3764564401,Opuntia decumbens,Oaxaca,15.754522,-96.147522
2634397339,Opuntia decumbens,Oaxaca,15.754532,-96.148439
3070715430,Opuntia decumbens,Oaxaca,15.754561,-96.146225
4522826318,Opuntia decumbens,Oaxaca,15.75458,-96.147567
3058765031,Opuntia decumbens,Oaxaca,15.754734,-96.170158
3097198490,Opuntia decumbens,Oaxaca,15.754777,-96.13398
2634048268,Opuntia decumbens,Oaxaca,15.754801,-96.14481
3044556093,Opuntia decumbens,Oaxaca,15.754957,-96.151001
3070524382,Opuntia decumbens,Oaxaca,15.755087,-96.145185
3044601162,Opuntia decumbens,Oaxaca,15.755477,-96.154059
2529376712,Opuntia decumbens,Oaxaca,15.755559,-96.156602
3058768907,Opuntia decumbens,Oaxaca,15.755851,-96.170815
2517959127,Opuntia decumbens,Oaxaca,15.755957,-96.16576
3044557097,Opuntia decumbens,Oaxaca,15.756009,-96.161163
2517959105,Opuntia decumbens,Oaxaca,15.756067,-96.165437
2814138463,Opuntia decumbens,Oaxaca,15.756077,-96.162544
3705811247,Opuntia decumbens,Oaxaca,15.756297,-96.162869
2236276386,Opuntia decumbens,Oaxaca,15.758089,-96.120064
2239028770,Opuntia decumbens,Oaxaca,15.758099,-96.119736
2574050607,Opuntia decumbens,Oaxaca,15.758178,-96.48222
4507617194,Opuntia decumbens,Oaxaca,15.761149,-96.100322
2634379855,Opuntia decumbens,Oaxaca,15.761194,-96.144169
4112192335,Opuntia decumbens,Oaxaca,15.76169,-96.139206
2609092048,Opuntia decumbens,Oaxaca,15.762097,-96.120232
4111654535,Opuntia decumbens,Oaxaca,15.762241,-96.138054
1802786797,Opuntia decumbens,Oaxaca,15.76288,-96.120994
2574178857,Opuntia decumbens,Oaxaca,15.763563,-96.112015
1836591074,Opuntia decumbens,Oaxaca,15.763634,-96.112347
2265777454,Opuntia decumbens,Oaxaca,15.763799,-96.112561
1901062308,Opuntia decumbens,Oaxaca,15.763836,-96.112106
2596358931,Opuntia decumbens,Oaxaca,15.763853,-96.112763
1901061724,Opuntia decumbens,Oaxaca,15.764097,-96.112756
2963742533,Opuntia decumbens,Oaxaca,15.764102,-96.112656
2563612788,Opuntia decumbens,Oaxaca,15.764192,-96.110794
2626250012,Opuntia decumbens,Oaxaca,15.76438,-96.205009
2518014322,Opuntia decumbens,Oaxaca,15.76532,-96.100472
2634023196,Opuntia decumbens,Oaxaca,15.765334,-96.109138
3858164255,Opuntia decumbens,Oaxaca,15.765996,-96.136353
3070664680,Opuntia decumbens,Oaxaca,15.766069,-96.136163
3070563463,Opuntia decumbens,Oaxaca,15.766081,-96.136581
4111677506,Opuntia decumbens,Oaxaca,15.766096,-96.136136
3499603983,Opuntia decumbens,Oaxaca,15.766134,-96.136177
2603324357,Opuntia decumbens,Oaxaca,15.766354,-96.13398
2265779157,Opuntia decumbens,Oaxaca,15.766522,-96.133744
2265779225,Opuntia decumbens,Oaxaca,15.76697,-96.133659
2626500112,Opuntia decumbens,Oaxaca,15.766978,-96.134261
3044729407,Opuntia decumbens,Oaxaca,15.767012,-96.114433
2814411500,Opuntia decumbens,Oaxaca,15.767048,-96.134377
2626615456,Opuntia decumbens,Oaxaca,15.767143,-96.120246
2611415811,Opuntia decumbens,Oaxaca,15.767344,-96.135018
2641452472,Opuntia decumbens,Oaxaca,15.767548,-96.135701
2619919983,Opuntia decumbens,Oaxaca,15.767659,-96.133923
1802737434,Opuntia decumbens,Oaxaca,15.767681,-96.134727
2596437127,Opuntia decumbens,Oaxaca,15.767687,-96.13387
2518014412,Opuntia decumbens,Oaxaca,15.767743,-96.13389
2626585140,Opuntia decumbens,Oaxaca,15.767748,-96.134474
1848769918,Opuntia decumbens,Oaxaca,15.767785,-96.134598
2619987720,Opuntia decumbens,Oaxaca,15.767835,-96.133507
3058691798,Opuntia decumbens,Oaxaca,15.767859,-96.099845
3343780532,Opuntia decumbens,Oaxaca,15.767905,-96.134758
2460154697,Opuntia decumbens,Oaxaca,15.767986,-96.134048
2620052691,Opuntia decumbens,Oaxaca,15.768168,-96.134299
2814200524,Opuntia decumbens,Oaxaca,15.768173,-96.134492
2626386219,Opuntia decumbens,Oaxaca,15.768174,-96.125113
1850925350,Opuntia decumbens,Oaxaca,15.768224,-96.133613
1850926213,Opuntia decumbens,Oaxaca,15.768268,-96.134139
1850927131,Opuntia decumbens,Oaxaca,15.76831,-96.134071
2597710919,Opuntia decumbens,Oaxaca,15.768353,-96.133151
2265776789,Opuntia decumbens,Oaxaca,15.768389,-96.134186
2235539684,Opuntia decumbens,Oaxaca,15.768439,-96.136909
2006074355,Opuntia decumbens,Oaxaca,15.768534,-96.100211
2517942125,Opuntia decumbens,Oaxaca,15.76858,-96.136757
3385127588,Opuntia decumbens,Oaxaca,15.768781,-96.193153
2609155626,Opuntia decumbens,Oaxaca,15.768831,-96.13674
1850926692,Opuntia decumbens,Oaxaca,15.768857,-96.133592
2597681466,Opuntia decumbens,Oaxaca,15.769049,-96.135364
2265776797,Opuntia decumbens,Oaxaca,15.769085,-96.135178
2999083090,Opuntia decumbens,Oaxaca,15.769165,-96.134796
1571104432,Opuntia decumbens,Oaxaca,15.769182,-96.134591
2597755720,Opuntia decumbens,Oaxaca,15.769209,-96.13647
2574080421,Opuntia decumbens,Oaxaca,15.769538,-96.194048
3070403542,Opuntia decumbens,Oaxaca,15.769569,-96.194191
2856486587,Opuntia decumbens,Oaxaca,15.769599,-96.19408
2802623556,Opuntia decumbens,Oaxaca,15.769604,-96.19406
3308057261,Opuntia decumbens,Oaxaca,15.76964,-96.21389
2239003994,Opuntia decumbens,Oaxaca,15.769685,-96.136948
3355506290,Opuntia decumbens,Oaxaca,15.769688,-96.194783
2641463516,Opuntia decumbens,Oaxaca,15.769694,-96.12503
3112722335,Opuntia decumbens,Oaxaca,15.769925,-96.443696
2626206781,Opuntia decumbens,Oaxaca,15.769974,-96.195309
2619893747,Opuntia decumbens,Oaxaca,15.769979,-96.135071
2611134888,Opuntia decumbens,Oaxaca,15.77015,-96.119736
2626208673,Opuntia decumbens,Oaxaca,15.77033,-96.13674
2609164042,Opuntia decumbens,Oaxaca,15.771069,-96.135062
2239002369,Opuntia decumbens,Oaxaca,15.771085,-96.136815
2597787758,Opuntia decumbens,Oaxaca,15.771323,-96.135956
2611340810,Opuntia decumbens,Oaxaca,15.771425,-96.136977
2597799762,Opuntia decumbens,Oaxaca,15.77186,-96.136238
1806338458,Opuntia decumbens,Oaxaca,15.7721,-96.114578
2239001275,Opuntia decumbens,Oaxaca,15.772287,-96.134644
4440599859,Opuntia decumbens,Oaxaca,15.772368,-96.137344
2611342709,Opuntia decumbens,Oaxaca,15.772462,-96.136487
3903427396,Opuntia decumbens,Oaxaca,15.772485,-96.198891
3466350868,Opuntia decumbens,Oaxaca,15.772575,-96.240415
4138269096,Opuntia decumbens,Oaxaca,15.773405,-96.199682
2814230689,Opuntia decumbens,Oaxaca,15.77351,-96.20003
2626434258,Opuntia decumbens,Oaxaca,15.773525,-96.124567
3902147978,Opuntia decumbens,Oaxaca,15.774169,-96.200773
2626561418,Opuntia decumbens,Oaxaca,15.776012,-96.125411
2579216464,Opuntia decumbens,Oaxaca,15.776283,-96.091697
2265776967,Opuntia decumbens,Oaxaca,15.776861,-96.175423
1837767917,Opuntia decumbens,Oaxaca,15.777098,-96.175003
2005290616,Opuntia decumbens,Oaxaca,15.777209,-96.098781
3383937919,Opuntia decumbens,Oaxaca,15.777232,-96.175369
3384565598,Opuntia decumbens,Oaxaca,15.777383,-96.200493
3383941910,Opuntia decumbens,Oaxaca,15.777778,-96.175556
2242905415,Opuntia decumbens,Oaxaca,15.77849,-96.174538
3335466342,Opuntia decumbens,Oaxaca,15.778502,-96.184982
3308063295,Opuntia decumbens,Oaxaca,15.77883,-96.166
1894617289,Opuntia decumbens,Oaxaca,15.778833,-96.166
2999028596,Opuntia decumbens,Oaxaca,15.779117,-96.071695
2549998481,Opuntia decumbens,Oaxaca,15.77914,-96.07178
2265779147,Opuntia decumbens,Oaxaca,15.779477,-96.200127
1802793320,Opuntia decumbens,Oaxaca,15.779741,-96.070547
3499605107,Opuntia decumbens,Oaxaca,15.779952,-96.072052
3090710626,Opuntia decumbens,Oaxaca,15.780149,-96.209129
2234747941,Opuntia decumbens,Oaxaca,15.780348,-96.095691
3090721614,Opuntia decumbens,Oaxaca,15.780396,-96.209091
2883166562,Opuntia decumbens,Oaxaca,15.780566,-96.191135
3465952894,Opuntia decumbens,Oaxaca,15.780759,-96.071487
3070749360,Opuntia decumbens,Oaxaca,15.781034,-96.071373
2265779146,Opuntia decumbens,Oaxaca,15.781453,-96.199959
4522791423,Opuntia decumbens,Oaxaca,15.781462,-96.199837
3873995551,Opuntia decumbens,Oaxaca,15.781469,-96.199844
4137768316,Opuntia decumbens,Oaxaca,15.781482,-96.199868
3338054130,Opuntia decumbens,Oaxaca,15.781488,-96.200043
3355039736,Opuntia decumbens,Oaxaca,15.781601,-96.19989
2802978258,Opuntia decumbens,Oaxaca,15.781884,-96.059144
1948754545,Opuntia decumbens,Oaxaca,15.781893,-96.059784
3307330614,Opuntia decumbens,Oaxaca,15.781922,-96.059967
2856629774,Opuntia decumbens,Oaxaca,15.782138,-96.06974
2626591715,Opuntia decumbens,Oaxaca,15.782234,-96.060869
2626439685,Opuntia decumbens,Oaxaca,15.782327,-96.061041
2856635732,Opuntia decumbens,Oaxaca,15.782511,-96.060924
3059107784,Opuntia decumbens,Oaxaca,15.78379,-96.059319
3059127832,Opuntia decumbens,Oaxaca,15.783853,-96.059233
3307119145,Opuntia decumbens,Oaxaca,15.784116,-96.058804
3307211057,Opuntia decumbens,Oaxaca,15.784788,-96.05854
3764107403,Opuntia decumbens,Oaxaca,15.78491,-96.05838
2856692768,Opuntia decumbens,Oaxaca,15.785147,-96.059357
2237442792,Opuntia decumbens,Oaxaca,15.790989,-96.090192
2265910508,Opuntia decumbens,Oaxaca,15.791015,-96.191654
3499580415,Opuntia decumbens,Oaxaca,15.809286,-96.077163
1897571940,Opuntia decumbens,Oaxaca,15.81825,-95.969444
3031669179,Opuntia decumbens,Oaxaca,15.818696,-96.069056
3307816045,Opuntia decumbens,Oaxaca,15.834167,-96.321944
3307996343,Opuntia decumbens,Oaxaca,15.835833,-95.953056
2580220657,Opuntia decumbens,Oaxaca,15.858802,-97.064966
3308750390,Opuntia decumbens,Oaxaca,15.86222,-95.90694
1897571932,Opuntia decumbens,Oaxaca,15.862222,-95.906944
1944417542,Opuntia decumbens,Oaxaca,15.862877,-97.086502
1895115187,Opuntia decumbens,Oaxaca,15.867778,-95.954167
2518123202,Opuntia decumbens,Oaxaca,15.867855,-97.090769
2807521988,Opuntia decumbens,Oaxaca,15.87083,-96.00417
1893658589,Opuntia decumbens,Oaxaca,15.870833,-96.004167
3308009424,Opuntia decumbens,Oaxaca,15.87361,-96.01361
1257718153,Opuntia decumbens,Oaxaca,15.873611,-96.013611
1453306467,Opuntia decumbens,Oaxaca,15.916185,-97.076327
2311387610,Opuntia decumbens,Oaxaca,15.979146,-95.532043
1257887089,Opuntia decumbens,Oaxaca,15.98275,-95.620944
3308744062,Opuntia decumbens,Oaxaca,16.00481,-95.69911
1802792419,Opuntia decumbens,Oaxaca,16.007137,-95.403111
1802792451,Opuntia decumbens,Oaxaca,16.009911,-95.401968
2851226609,Opuntia decumbens,Oaxaca,16.092922,-95.530119
1933537141,Opuntia decumbens,Oaxaca,16.108208,-95.278088
3070498270,Opuntia decumbens,Oaxaca,16.161966,-95.228325
3307801874,Opuntia decumbens,Oaxaca,16.175278,-95.1575
1895449875,Opuntia decumbens,Oaxaca,16.181347,-95.161925
3308575652,Opuntia decumbens,Oaxaca,16.201389,-94.486944
3308425110,Opuntia decumbens,Oaxaca,16.218333,-95.126944
3764178410,Opuntia decumbens,Oaxaca,16.239435,-94.570999
3455957020,Opuntia decumbens,Oaxaca,16.292389,-95.233326
1895238526,Opuntia decumbens,Oaxaca,16.332778,-95.238889
2265776935,Opuntia decumbens,Oaxaca,16.33284,-95.246131
1562915802,Opuntia decumbens,Oaxaca,16.333414,-95.24536
3308754917,Opuntia decumbens,Oaxaca,16.34861,-98.2095
3308360019,Opuntia decumbens,Oaxaca,16.350278,-95.401389
3308415230,Opuntia decumbens,Oaxaca,16.381944,-95.306944
1895450009,Opuntia decumbens,Oaxaca,16.383789,-95.137344
3308325412,Opuntia decumbens,Oaxaca,16.390833,-95.1225
2574021705,Opuntia decumbens,Oaxaca,16.41057,-94.824043
3307803759,Opuntia decumbens,Oaxaca,16.41667,-95.66667
2629766138,Opuntia decumbens,Oaxaca,16.428583,-95.967805
4172329848,Opuntia decumbens,Oaxaca,16.458528,-94.891487
4172190736,Opuntia decumbens,Oaxaca,16.458561,-94.891393
4407241756,Opuntia decumbens,Oaxaca,16.458672,-94.891015
4028811037,Opuntia decumbens,Oaxaca,16.462702,-94.22203
1895449899,Opuntia decumbens,Oaxaca,16.4897995,-95.8935538
2269332929,Opuntia decumbens,Oaxaca,16.489921,-95.154817
3874149899,Opuntia decumbens,Oaxaca,16.533169,-95.201135
4022343358,Opuntia decumbens,Oaxaca,16.540149,-95.000486
2630139724,Opuntia decumbens,Oaxaca,16.541556,-95.466111
4022266416,Opuntia decumbens,Oaxaca,16.542004,-95.001303
3308739773,Opuntia decumbens,Oaxaca,16.54564,-95.98158
2898499048,Opuntia decumbens,Oaxaca,16.581687,-96.355934
2818594576,Opuntia decumbens,Oaxaca,16.582768,-94.870697
2818620579,Opuntia decumbens,Oaxaca,16.582855,-94.870728
2597770906,Opuntia decumbens,Oaxaca,16.584722,-94.87133
3308103155,Opuntia decumbens,Oaxaca,16.58653,-94.87361
3308680690,Opuntia decumbens,Oaxaca,16.58661,-95.98236
4112199411,Opuntia decumbens,Oaxaca,16.587769,-94.873936
2898425042,Opuntia decumbens,Oaxaca,16.592892,-96.357399
3308616283,Opuntia decumbens,Oaxaca,16.60083,-96.03861
3306201595,Opuntia decumbens,Oaxaca,16.605278,-94.955444
3308076197,Opuntia decumbens,Oaxaca,16.61367,-95.01342
1895449917,Opuntia decumbens,Oaxaca,16.621489,-94.970625
3307998059,Opuntia decumbens,Oaxaca,16.62583,-94.98528
3308657364,Opuntia decumbens,Oaxaca,16.62997,-94.99064
2563577352,Opuntia decumbens,Oaxaca,16.631123,-96.052871
3308375923,Opuntia decumbens,Oaxaca,16.633056,-94.949444
3308095890,Opuntia decumbens,Oaxaca,16.64003,-94.98597
4522810232,Opuntia decumbens,Oaxaca,16.65589,-95.009184
3308082722,Opuntia decumbens,Oaxaca,16.65714,-95.90292
3308094106,Opuntia decumbens,Oaxaca,16.65781,-94.98078
1259912420,Opuntia decumbens,Oaxaca,16.66722,-95.00972
2596287877,Opuntia decumbens,Oaxaca,16.675217,-96.145692
3067667842,Opuntia decumbens,Oaxaca,16.694188,-96.319763
3308101314,Opuntia decumbens,Oaxaca,16.72194,-96.19167
3044869582,Opuntia decumbens,Oaxaca,16.739698,-94.986814
3308674804,Opuntia decumbens,Oaxaca,16.74297,-94.97889
2269334267,Opuntia decumbens,Oaxaca,16.753837,-96.341895
2269334266,Opuntia decumbens,Oaxaca,16.754706,-96.344222
2802574391,Opuntia decumbens,Oaxaca,16.791897,-95.088648
2397509613,Opuntia decumbens,Oaxaca,16.884802,-96.251932
3764102418,Opuntia decumbens,Oaxaca,16.884975,-97.68847
2517946910,Opuntia decumbens,Oaxaca,16.943286,-97.208389
1895115163,Opuntia decumbens,Oaxaca,17,-97
1895118739,Opuntia decumbens,Oaxaca,17.258333,-96.041667
1895115252,Opuntia decumbens,Oaxaca,17.458333,-97.225
3308556308,Opuntia decumbens,Oaxaca,17.523917,-97.021861
2269334264,Opuntia decumbens,Oaxaca,17.635533,-96.912911
1805401619,Opuntia decumbens,Oaxaca,17.635953,-96.913681
2802657859,Opuntia decumbens,Oaxaca,17.637723,-98.045766
3308749694,Opuntia decumbens,Oaxaca,17.68619,-97.93481
1895115140,Opuntia decumbens,Oaxaca,17.691667,-97.041667
2529320076,Opuntia decumbens,Oaxaca,17.695856,-97.9426
4399459606,Opuntia decumbens,Oaxaca,17.710306,-96.942028
3308569369,Opuntia decumbens,Oaxaca,17.71417,-96.95111
1895115229,Opuntia decumbens,Oaxaca,17.716944,-98.151389
1981504199,Opuntia decumbens,Oaxaca,17.754435,-96.959513
1895115136,Opuntia decumbens,Oaxaca,17.766583,-96.953389
219012937,Opuntia decumbens,Oaxaca,17.783333,-96.099444
1257819269,Opuntia decumbens,Oaxaca,17.783611,-96.954444
1894570995,Opuntia decumbens,Oaxaca,17.795083,-97.028083
1258064504,Opuntia decumbens,Oaxaca,17.7952,-96.963
1257612991,Opuntia decumbens,Oaxaca,17.79525,-96.96307
3308737671,Opuntia decumbens,Oaxaca,17.79593,-96.96561
1257612979,Opuntia decumbens,Oaxaca,17.79608,-96.96581
3307901165,Opuntia decumbens,Oaxaca,17.803472,-96.989889
3308496409,Opuntia decumbens,Oaxaca,17.817,-96.95
1895115249,Opuntia decumbens,Oaxaca,17.8175,-96.961389
1894571008,Opuntia decumbens,Oaxaca,17.8215,-96.941222
1894571024,Opuntia decumbens,Oaxaca,17.822528,-96.959361
1894570998,Opuntia decumbens,Oaxaca,17.825611,-96.941167
2603479246,Opuntia decumbens,Oaxaca,17.827797,-96.964892
3772769433,Opuntia decumbens,Oaxaca,17.863526,-97.039393
1586132144,Opuntia decumbens,Oaxaca,17.866152,-97.811939
3354986812,Opuntia decumbens,Oaxaca,17.876834,-96.912557
2366126692,Opuntia decumbens,Oaxaca,17.888909,-96.973683
3308639077,Opuntia decumbens,Oaxaca,17.90964,-96.95081
2619947640,Opuntia decumbens,Oaxaca,17.910082,-96.979357
2802825576,Opuntia decumbens,Oaxaca,17.91131,-96.981982
2818825592,Opuntia decumbens,Oaxaca,17.948681,-98.042263
1894570992,Opuntia decumbens,Oaxaca,17.9535,-96.982722
3307787532,Opuntia decumbens,Oaxaca,17.984583,-97.035861
3306200194,Opuntia decumbens,Oaxaca,18.014417,-97.052139
1257613105,Opuntia decumbens,Oaxaca,18.02339,-97.05082
2235477510,Opuntia decumbens,Oaxaca,18.024486,-97.038996
1894570959,Opuntia decumbens,Oaxaca,18.031278,-97.021194
1258064481,Opuntia decumbens,Oaxaca,18.0425,-97.085555
3881449328,Opuntia decumbens,Oaxaca,18.04666,-97.059389
2898254468,Opuntia decumbens,Oaxaca,18.052536,-97.072092
1895118884,Opuntia decumbens,Oaxaca,18.058333,-97.108333
1668790778,Opuntia decumbens,Oaxaca,18.171089,-97.232598
1419218837,Opuntia decumbens,Oaxaca,18.191389,-97.783333
3308718679,Opuntia decumbens,Oaxaca,18.19139,-97.78333
3308684892,Opuntia dejecta,Oaxaca,15.72317,-96.16519
3308097637,Opuntia dejecta,Oaxaca,15.72533,-96.16039
1894615728,Opuntia dejecta,Oaxaca,15.733472,-96.159167
3337483521,Opuntia dejecta,Oaxaca,15.733565,-96.158699
1894615715,Opuntia dejecta,Oaxaca,15.740111,-96.157611
1894615615,Opuntia dejecta,Oaxaca,15.755028,-96.166306
1831219260,Opuntia dejecta,Oaxaca,15.76956,-96.19395
1894615719,Opuntia dejecta,Oaxaca,15.769639,-96.213889
3308038962,Opuntia dejecta,Oaxaca,15.77475,-96.20319
1897575268,Opuntia dejecta,Oaxaca,15.866667,-95.954167
2807265810,Opuntia dejecta,Oaxaca,15.86667,-95.95417
3308703498,Opuntia dejecta,Oaxaca,15.87444,-96.01861
1897575274,Opuntia dejecta,Oaxaca,15.874444,-96.018611
3308060244,Opuntia dejecta,Oaxaca,15.91833,-95.94417
2807647727,Opuntia dejecta,Oaxaca,15.93611,-96.04167
1897575256,Opuntia dejecta,Oaxaca,15.936111,-96.041667
3308595325,Opuntia dejecta,Oaxaca,15.96333,-95.58028
3308074681,Opuntia dejecta,Oaxaca,16.30194,-96.30083
3468990431,Opuntia dejecta,Oaxaca,16.304457,-96.643159
3308674729,Opuntia dejecta,Oaxaca,16.38722,-94.61111
3308098859,Opuntia dejecta,Oaxaca,16.61581,-95.00967
3308107702,Opuntia dejecta,Oaxaca,16.77972,-95.00714
2576331841,Opuntia dejecta,Oaxaca,17.320784,-96.495201
1668886195,Opuntia depressa,Oaxaca,16.75,-96.33
1640045777,Opuntia depressa,Oaxaca,17.045705,-96.767
3308720783,Opuntia depressa,Oaxaca,17.065133,-97.30295
1897565816,Opuntia depressa,Oaxaca,17.476907,-96.940098
3307901196,Opuntia depressa,Oaxaca,17.505861,-96.937222
1895119812,Opuntia depressa,Oaxaca,17.508333,-96.925
3307967711,Opuntia depressa,Oaxaca,17.631667,-98.153056
1895119881,Opuntia depressa,Oaxaca,17.633889,-96.913611
2518052513,Opuntia depressa,Oaxaca,17.635844,-96.913606
3307902122,Opuntia depressa,Oaxaca,17.644389,-96.913444
2517944450,Opuntia depressa,Oaxaca,17.645617,-96.930162
3308664427,Opuntia depressa,Oaxaca,17.69644,-96.95722
2517943273,Opuntia depressa,Oaxaca,17.795311,-96.957989
2802927568,Opuntia depressa,Oaxaca,17.805833,-97.028889
3308539272,Opuntia depressa,Oaxaca,17.833,-97.117
3308712729,Opuntia depressa,Oaxaca,17.836389,-96.841667
3308076076,Opuntia depressa,Oaxaca,17.83986,-96.97464
2517998224,Opuntia depressa,Oaxaca,17.899906,-97.005067
3307781021,Opuntia depressa,Oaxaca,17.91667,-97.06667
3307788395,Opuntia depressa,Oaxaca,17.917,-97.067
3308418443,Opuntia depressa,Oaxaca,17.923222,-97.055444
3307778574,Opuntia depressa,Oaxaca,17.925,-97.058333
1894558257,Opuntia depressa,Oaxaca,17.932944,-97.044917
1258064474,Opuntia depressa,Oaxaca,17.94295,-97.01328
1895119769,Opuntia depressa,Oaxaca,18.100381,-97.05722
1702455531,Opuntia depressa,Oaxaca,18.130028,-97.328742
2517946368,Opuntia depressa,Oaxaca,18.156395,-97.257894
4168737563,Opuntia depressa,Oaxaca,18.190833,-97.716944
1419228345,Opuntia depressa,Oaxaca,18.191111,-97.716667
1846551529,Opuntia depressa,Oaxaca,18.228,-97.295083
1258064495,Opuntia depressa,Oaxaca,18.291944,-97.202222
2268885060,Opuntia huajuapensis,Oaxaca,16.85,-97.566667
3308662895,Opuntia huajuapensis,Oaxaca,17.25942,-97.18534
2518036696,Opuntia huajuapensis,Oaxaca,17.274483,-96.540723
3306204192,Opuntia huajuapensis,Oaxaca,17.385556,-96.921222
3308055671,Opuntia huajuapensis,Oaxaca,17.49592,-97.46686
1668790143,Opuntia huajuapensis,Oaxaca,17.545025,-97.3211
3307739639,Opuntia huajuapensis,Oaxaca,17.551694,-97.513694
3308318012,Opuntia huajuapensis,Oaxaca,17.554424,-97.503593
1895120170,Opuntia huajuapensis,Oaxaca,17.573056,-97.424722
3308316712,Opuntia huajuapensis,Oaxaca,17.588056,-97.408778
3090596328,Opuntia huajuapensis,Oaxaca,17.600798,-97.285677
3308616749,Opuntia huajuapensis,Oaxaca,17.616111,-97.450611
1668787832,Opuntia huajuapensis,Oaxaca,17.639996,-97.395227
4519323652,Opuntia huajuapensis,Oaxaca,17.649095,-97.096218
3308661791,Opuntia huajuapensis,Oaxaca,17.65175,-97.13602
3337600642,Opuntia huajuapensis,Oaxaca,17.653769,-97.134204
1668789803,Opuntia huajuapensis,Oaxaca,17.69996,-97.217503
3308419883,Opuntia huajuapensis,Oaxaca,17.703417,-97.3955
2901599582,Opuntia huajuapensis,Oaxaca,17.708457,-97.316268
1640036258,Opuntia huajuapensis,Oaxaca,17.70971,-97.288485
3308085361,Opuntia huajuapensis,Oaxaca,17.71642,-97.15208
3872877405,Opuntia huajuapensis,Oaxaca,17.723003,-97.320591
2988315845,Opuntia huajuapensis,Oaxaca,17.724434,-97.321106
3947719244,Opuntia huajuapensis,Oaxaca,17.725217,-97.334876
1895120227,Opuntia huajuapensis,Oaxaca,17.784722,-97.480556
3308175987,Opuntia huajuapensis,Oaxaca,17.799083,-97.758333
1257819238,Opuntia huajuapensis,Oaxaca,17.799722,-97.136667
3308116592,Opuntia huajuapensis,Oaxaca,17.79975,-97.13675
2422757903,Opuntia huajuapensis,Oaxaca,17.804031,-97.37455
2898400507,Opuntia huajuapensis,Oaxaca,17.804176,-97.453468
3308176465,Opuntia huajuapensis,Oaxaca,17.804444,-97.775833
1895120282,Opuntia huajuapensis,Oaxaca,17.806667,-97.470833
3859980660,Opuntia huajuapensis,Oaxaca,17.822454,-97.34045
1914192102,Opuntia huajuapensis,Oaxaca,17.8375,-97.486389
1257819192,Opuntia huajuapensis,Oaxaca,17.842222,-97.2275
1895120177,Opuntia huajuapensis,Oaxaca,17.84225,-97.22775
3859296353,Opuntia huajuapensis,Oaxaca,17.846705,-97.510323
3308102906,Opuntia huajuapensis,Oaxaca,17.84986,-97.21844
1894560438,Opuntia huajuapensis,Oaxaca,17.855667,-97.359028
2597886908,Opuntia huajuapensis,Oaxaca,17.855794,-97.323699
1668820376,Opuntia huajuapensis,Oaxaca,17.869657,-97.391682
2901506811,Opuntia huajuapensis,Oaxaca,17.870914,-97.954256
3902288876,Opuntia huajuapensis,Oaxaca,17.878888,-97.313712
1024178713,Opuntia huajuapensis,Oaxaca,17.905079,-97.429912
3759094851,Opuntia huajuapensis,Oaxaca,17.919263,-97.437326
3384575676,Opuntia huajuapensis,Oaxaca,17.931572,-97.392618
1668802915,Opuntia huajuapensis,Oaxaca,17.971377,-97.418243
2803004687,Opuntia hyptiacantha,Oaxaca,15.699255,-96.227662
1895115666,Opuntia hyptiacantha,Oaxaca,16.900167,-96.402444
1895115173,Opuntia hyptiacantha,Oaxaca,16.953333,-96.475556
3308484806,Opuntia hyptiacantha,Oaxaca,17.433,-97.033
3308152835,Opuntia hyptiacantha,Oaxaca,17.50989,-97.4812
2518064594,Opuntia hyptiacantha,Oaxaca,17.527821,-97.346308
2850549444,Opuntia hyptiacantha,Oaxaca,17.528275,-97.346428
3307787528,Opuntia hyptiacantha,Oaxaca,17.700556,-97.368611
2518004206,Opuntia hyptiacantha,Oaxaca,18.07576,-97.035756
2563657177,Opuntia karwinskiana,Oaxaca,15.700451,-96.217799
3772422757,Opuntia karwinskiana,Oaxaca,15.704558,-96.568795
3044842632,Opuntia karwinskiana,Oaxaca,15.70953,-96.196442
2540873513,Opuntia karwinskiana,Oaxaca,15.712537,-96.202897
2517941940,Opuntia karwinskiana,Oaxaca,15.722039,-96.166077
1802752714,Opuntia karwinskiana,Oaxaca,15.722938,-96.167214
2563504147,Opuntia karwinskiana,Oaxaca,15.722949,-96.166802
2851294633,Opuntia karwinskiana,Oaxaca,15.723656,-96.164689
2850975010,Opuntia karwinskiana,Oaxaca,15.723779,-96.163644
3032101781,Opuntia karwinskiana,Oaxaca,15.724526,-96.16433
1836633873,Opuntia karwinskiana,Oaxaca,15.724869,-96.165283
3032019882,Opuntia karwinskiana,Oaxaca,15.724897,-96.162491
3337494558,Opuntia karwinskiana,Oaxaca,15.725561,-96.164413
2235518160,Opuntia karwinskiana,Oaxaca,15.725611,-96.163689
2517944942,Opuntia karwinskiana,Oaxaca,15.725683,-96.159811
3321201979,Opuntia karwinskiana,Oaxaca,15.725702,-96.163994
3466328688,Opuntia karwinskiana,Oaxaca,15.725723,-96.163704
3109077497,Opuntia karwinskiana,Oaxaca,15.725865,-96.160278
3705735107,Opuntia karwinskiana,Oaxaca,15.72591,-96.163007
1986558941,Opuntia karwinskiana,Oaxaca,15.725991,-96.160141
3308143399,Opuntia karwinskiana,Oaxaca,15.72653,-96.24536
1802752713,Opuntia karwinskiana,Oaxaca,15.72679,-96.15715
2563543156,Opuntia karwinskiana,Oaxaca,15.726927,-96.160489
2006066685,Opuntia karwinskiana,Oaxaca,15.727151,-96.160507
2517942038,Opuntia karwinskiana,Oaxaca,15.727175,-96.160393
3031921891,Opuntia karwinskiana,Oaxaca,15.727325,-96.160378
2563504064,Opuntia karwinskiana,Oaxaca,15.72741,-96.16035
3109193514,Opuntia karwinskiana,Oaxaca,15.727422,-96.160478
1990601552,Opuntia karwinskiana,Oaxaca,15.72826,-96.160843
3902196128,Opuntia karwinskiana,Oaxaca,15.728854,-96.159393
1257927983,Opuntia karwinskiana,Oaxaca,15.732889,-96.160417
4080881447,Opuntia karwinskiana,Oaxaca,15.733095,-96.158282
2563540452,Opuntia karwinskiana,Oaxaca,15.733424,-96.158778
3456340505,Opuntia karwinskiana,Oaxaca,15.733446,-96.15898
4103158623,Opuntia karwinskiana,Oaxaca,15.733627,-96.158838
1802770529,Opuntia karwinskiana,Oaxaca,15.733689,-96.159096
1946323527,Opuntia karwinskiana,Oaxaca,15.733756,-96.158455
4028768256,Opuntia karwinskiana,Oaxaca,15.733867,-96.158995
2898420453,Opuntia karwinskiana,Oaxaca,15.733873,-96.159184
2813943576,Opuntia karwinskiana,Oaxaca,15.733904,-96.1591
3337807538,Opuntia karwinskiana,Oaxaca,15.733926,-96.159098
2429563310,Opuntia karwinskiana,Oaxaca,15.733969,-96.159444
1802741161,Opuntia karwinskiana,Oaxaca,15.733998,-96.158996
1807332055,Opuntia karwinskiana,Oaxaca,15.73406,-96.158416
3335359439,Opuntia karwinskiana,Oaxaca,15.734164,-96.159248
3499729497,Opuntia karwinskiana,Oaxaca,15.737313,-96.146438
2963800520,Opuntia karwinskiana,Oaxaca,15.737471,-96.146347
1990540761,Opuntia karwinskiana,Oaxaca,15.737501,-96.202156
3469003584,Opuntia karwinskiana,Oaxaca,15.737695,-96.144146
3457154162,Opuntia karwinskiana,Oaxaca,15.737891,-96.144264
3698357003,Opuntia karwinskiana,Oaxaca,15.738001,-96.144533
2265804356,Opuntia karwinskiana,Oaxaca,15.738065,-96.14499
2898396476,Opuntia karwinskiana,Oaxaca,15.738139,-96.145974
3109299471,Opuntia karwinskiana,Oaxaca,15.73815,-96.14563
3705417594,Opuntia karwinskiana,Oaxaca,15.738183,-96.146042
4413736778,Opuntia karwinskiana,Oaxaca,15.738215,-96.145729
1802723091,Opuntia karwinskiana,Oaxaca,15.738294,-96.146121
2517949904,Opuntia karwinskiana,Oaxaca,15.73882,-96.146911
3455764260,Opuntia karwinskiana,Oaxaca,15.739435,-96.131743
1913663398,Opuntia karwinskiana,Oaxaca,15.740011,-96.203522
1990528430,Opuntia karwinskiana,Oaxaca,15.741143,-96.203728
4011659741,Opuntia karwinskiana,Oaxaca,15.743374,-96.149514
1836563909,Opuntia karwinskiana,Oaxaca,15.743627,-96.127367
1880483214,Opuntia karwinskiana,Oaxaca,15.747602,-96.17038
3097366505,Opuntia karwinskiana,Oaxaca,15.747972,-96.170479
2802628659,Opuntia karwinskiana,Oaxaca,15.750487,-96.139059
3097389404,Opuntia karwinskiana,Oaxaca,15.75068,-96.17073
1807294419,Opuntia karwinskiana,Oaxaca,15.753242,-96.136627
3109078538,Opuntia karwinskiana,Oaxaca,15.754222,-96.148041
3337812566,Opuntia karwinskiana,Oaxaca,15.754584,-96.148247
2813920539,Opuntia karwinskiana,Oaxaca,15.754837,-96.150065
3070469103,Opuntia karwinskiana,Oaxaca,15.754856,-96.14611
2882957694,Opuntia karwinskiana,Oaxaca,15.755,-96.152191
3902202896,Opuntia karwinskiana,Oaxaca,15.755119,-96.151686
3044615155,Opuntia karwinskiana,Oaxaca,15.75512,-96.152016
3097218406,Opuntia karwinskiana,Oaxaca,15.755122,-96.151883
2814157539,Opuntia karwinskiana,Oaxaca,15.755127,-96.151867
3070356983,Opuntia karwinskiana,Oaxaca,15.755171,-96.145973
2518043221,Opuntia karwinskiana,Oaxaca,15.755201,-96.152206
2529313863,Opuntia karwinskiana,Oaxaca,15.755227,-96.152305
3044578116,Opuntia karwinskiana,Oaxaca,15.755253,-96.152725
2366130358,Opuntia karwinskiana,Oaxaca,15.755259,-96.152456
2517953867,Opuntia karwinskiana,Oaxaca,15.755341,-96.153127
2529345524,Opuntia karwinskiana,Oaxaca,15.755371,-96.153387
2529277742,Opuntia karwinskiana,Oaxaca,15.755948,-96.16624
3337786621,Opuntia karwinskiana,Oaxaca,15.755975,-96.1595
2641530529,Opuntia karwinskiana,Oaxaca,15.75603,-96.14478
3109302471,Opuntia karwinskiana,Oaxaca,15.756096,-96.145802
2609208985,Opuntia karwinskiana,Oaxaca,15.756145,-96.166641
3337765625,Opuntia karwinskiana,Oaxaca,15.756161,-96.159531
3355063619,Opuntia karwinskiana,Oaxaca,15.756223,-96.168199
3456939621,Opuntia karwinskiana,Oaxaca,15.756313,-96.168267
3097107476,Opuntia karwinskiana,Oaxaca,15.756326,-96.168373
2898315524,Opuntia karwinskiana,Oaxaca,15.756346,-96.168358
2988535815,Opuntia karwinskiana,Oaxaca,15.757864,-96.161104
3058766981,Opuntia karwinskiana,Oaxaca,15.760185,-96.179947
4413516598,Opuntia karwinskiana,Oaxaca,15.760284,-96.191267
3013879593,Opuntia karwinskiana,Oaxaca,15.760989,-96.202799
1837768431,Opuntia karwinskiana,Oaxaca,15.761137,-96.184814
1914377769,Opuntia karwinskiana,Oaxaca,15.762952,-96.121058
2518109568,Opuntia karwinskiana,Oaxaca,15.765421,-96.119072
2633972173,Opuntia karwinskiana,Oaxaca,15.76563,-96.114794
4112097569,Opuntia karwinskiana,Oaxaca,15.766042,-96.136227
1837767818,Opuntia karwinskiana,Oaxaca,15.766205,-96.170712
2005405470,Opuntia karwinskiana,Oaxaca,15.766223,-96.131739
3355718617,Opuntia karwinskiana,Oaxaca,15.766356,-96.191071
1802736687,Opuntia karwinskiana,Oaxaca,15.767041,-96.133901
1848769585,Opuntia karwinskiana,Oaxaca,15.767173,-96.133815
1914378124,Opuntia karwinskiana,Oaxaca,15.76797,-96.134748
1802792726,Opuntia karwinskiana,Oaxaca,15.768177,-96.134748
2802570698,Opuntia karwinskiana,Oaxaca,15.768229,-96.134833
2619977385,Opuntia karwinskiana,Oaxaca,15.768349,-96.133527
2517945714,Opuntia karwinskiana,Oaxaca,15.768452,-96.100258
2813877516,Opuntia karwinskiana,Oaxaca,15.768538,-96.135093
2626645692,Opuntia karwinskiana,Oaxaca,15.768539,-96.199409
1802720561,Opuntia karwinskiana,Oaxaca,15.768549,-96.135778
2517960605,Opuntia karwinskiana,Oaxaca,15.7686,-96.135789
2550003932,Opuntia karwinskiana,Oaxaca,15.768678,-96.19376
2641291460,Opuntia karwinskiana,Oaxaca,15.768739,-96.125052
4145419637,Opuntia karwinskiana,Oaxaca,15.769027,-96.193466
1850933924,Opuntia karwinskiana,Oaxaca,15.769073,-96.135025
1898822929,Opuntia karwinskiana,Oaxaca,15.769115,-96.193382
2239008355,Opuntia karwinskiana,Oaxaca,15.769439,-96.134917
2802899789,Opuntia karwinskiana,Oaxaca,15.769585,-96.194214
2574176444,Opuntia karwinskiana,Oaxaca,15.769597,-96.193935
2802998101,Opuntia karwinskiana,Oaxaca,15.769615,-96.194049
1914309012,Opuntia karwinskiana,Oaxaca,15.769626,-96.193632
3892316057,Opuntia karwinskiana,Oaxaca,15.769675,-96.194458
1802694639,Opuntia karwinskiana,Oaxaca,15.7697,-96.194385
1914306715,Opuntia karwinskiana,Oaxaca,15.769715,-96.194229
3902401877,Opuntia karwinskiana,Oaxaca,15.769722,-96.194444
4405354460,Opuntia karwinskiana,Oaxaca,15.769723,-96.193748
3109036528,Opuntia karwinskiana,Oaxaca,15.769732,-96.193703
2517942113,Opuntia karwinskiana,Oaxaca,15.769788,-96.194186
3902312618,Opuntia karwinskiana,Oaxaca,15.769871,-96.195527
1914309800,Opuntia karwinskiana,Oaxaca,15.769936,-96.194267
3109324459,Opuntia karwinskiana,Oaxaca,15.769987,-96.193481
2626638998,Opuntia karwinskiana,Oaxaca,15.770354,-96.124993
2597862912,Opuntia karwinskiana,Oaxaca,15.770587,-96.135039
2803045745,Opuntia karwinskiana,Oaxaca,15.77092,-96.196196
2517947734,Opuntia karwinskiana,Oaxaca,15.771067,-96.13686
2609328693,Opuntia karwinskiana,Oaxaca,15.771255,-96.13688
2597955725,Opuntia karwinskiana,Oaxaca,15.771296,-96.135941
2543045140,Opuntia karwinskiana,Oaxaca,15.771372,-96.102304
2518098115,Opuntia karwinskiana,Oaxaca,15.771625,-96.200967
2802838852,Opuntia karwinskiana,Oaxaca,15.77191,-96.197888
2611173751,Opuntia karwinskiana,Oaxaca,15.772173,-96.137019
2517958159,Opuntia karwinskiana,Oaxaca,15.772701,-96.199221
3888869771,Opuntia karwinskiana,Oaxaca,15.772745,-96.200078
3355017618,Opuntia karwinskiana,Oaxaca,15.772825,-96.200087
2518095905,Opuntia karwinskiana,Oaxaca,15.772844,-96.200028
2518070313,Opuntia karwinskiana,Oaxaca,15.772968,-96.200173
4165858639,Opuntia karwinskiana,Oaxaca,15.773195,-96.200378
2529395288,Opuntia karwinskiana,Oaxaca,15.773431,-96.199347
1836600575,Opuntia karwinskiana,Oaxaca,15.773612,-96.200722
2517997198,Opuntia karwinskiana,Oaxaca,15.773625,-96.199456
1880491398,Opuntia karwinskiana,Oaxaca,15.773922,-96.237457
1914378128,Opuntia karwinskiana,Oaxaca,15.774196,-96.200645
1802792481,Opuntia karwinskiana,Oaxaca,15.774372,-96.201546
2517943294,Opuntia karwinskiana,Oaxaca,15.775105,-96.200966
1914378127,Opuntia karwinskiana,Oaxaca,15.775115,-96.200709
2236262855,Opuntia karwinskiana,Oaxaca,15.775229,-96.200645
1836620621,Opuntia karwinskiana,Oaxaca,15.775425,-96.20337
1836594850,Opuntia karwinskiana,Oaxaca,15.775495,-96.203827
1836594876,Opuntia karwinskiana,Oaxaca,15.776237,-96.205429
1914207235,Opuntia karwinskiana,Oaxaca,15.776644,-96.225815
3383881934,Opuntia karwinskiana,Oaxaca,15.776931,-96.175522
2999173544,Opuntia karwinskiana,Oaxaca,15.777225,-96.176964
2517941305,Opuntia karwinskiana,Oaxaca,15.777304,-96.175232
3014032566,Opuntia karwinskiana,Oaxaca,15.77754,-96.20907
2550046343,Opuntia karwinskiana,Oaxaca,15.777718,-96.206016
2517946512,Opuntia karwinskiana,Oaxaca,15.777799,-96.200485
2550104952,Opuntia karwinskiana,Oaxaca,15.777876,-96.206234
2005405431,Opuntia karwinskiana,Oaxaca,15.778047,-96.107669
3384640914,Opuntia karwinskiana,Oaxaca,15.778201,-96.175934
2236263260,Opuntia karwinskiana,Oaxaca,15.778471,-96.20034
2242906130,Opuntia karwinskiana,Oaxaca,15.778559,-96.174652
2517948138,Opuntia karwinskiana,Oaxaca,15.778563,-96.174576
2517948139,Opuntia karwinskiana,Oaxaca,15.778579,-96.17453
2641483533,Opuntia karwinskiana,Oaxaca,15.778668,-96.127154
2851064428,Opuntia karwinskiana,Oaxaca,15.778715,-96.198381
1914308287,Opuntia karwinskiana,Oaxaca,15.778819,-96.213539
3109312523,Opuntia karwinskiana,Oaxaca,15.77897,-96.210136
2517943289,Opuntia karwinskiana,Oaxaca,15.779107,-96.19947
2550129133,Opuntia karwinskiana,Oaxaca,15.77911,-96.07148
2550021895,Opuntia karwinskiana,Oaxaca,15.77913,-96.07162
2999080581,Opuntia karwinskiana,Oaxaca,15.779136,-96.071345
2803065103,Opuntia karwinskiana,Oaxaca,15.779209,-96.07195
2814306361,Opuntia karwinskiana,Oaxaca,15.779274,-96.071888
2999088599,Opuntia karwinskiana,Oaxaca,15.779903,-96.071953
2563503149,Opuntia karwinskiana,Oaxaca,15.780005,-96.171761
3109050484,Opuntia karwinskiana,Oaxaca,15.780148,-96.209175
2999214599,Opuntia karwinskiana,Oaxaca,15.780216,-96.071945
1836594541,Opuntia karwinskiana,Oaxaca,15.780572,-96.211822
2856751861,Opuntia karwinskiana,Oaxaca,15.780664,-96.212875
3385126485,Opuntia karwinskiana,Oaxaca,15.7808,-96.19931
1914314819,Opuntia karwinskiana,Oaxaca,15.780824,-96.199303
3109029506,Opuntia karwinskiana,Oaxaca,15.780827,-96.208954
3109017485,Opuntia karwinskiana,Oaxaca,15.780847,-96.208984
2456540622,Opuntia karwinskiana,Oaxaca,15.78107,-96.1998
3109004505,Opuntia karwinskiana,Oaxaca,15.781147,-96.209824
4145344004,Opuntia karwinskiana,Oaxaca,15.781236,-96.199806
2542977812,Opuntia karwinskiana,Oaxaca,15.781505,-96.199917
2856534884,Opuntia karwinskiana,Oaxaca,15.781518,-96.199891
2540756677,Opuntia karwinskiana,Oaxaca,15.78287,-96.202615
2518140097,Opuntia karwinskiana,Oaxaca,15.782998,-96.202143
1990519000,Opuntia karwinskiana,Oaxaca,15.783225,-96.105422
2540761706,Opuntia karwinskiana,Oaxaca,15.783632,-96.202679
2517946434,Opuntia karwinskiana,Oaxaca,15.786327,-96.219177
2517946089,Opuntia karwinskiana,Oaxaca,15.792265,-96.373726
1897577655,Opuntia karwinskiana,Oaxaca,15.846944,-95.956389
1897577605,Opuntia karwinskiana,Oaxaca,15.85,-95.949444
1802708326,Opuntia karwinskiana,Oaxaca,15.865932,-95.96144
2898427506,Opuntia karwinskiana,Oaxaca,15.933122,-96.414902
3308106388,Opuntia karwinskiana,Oaxaca,15.96503,-95.58119
3308738671,Opuntia karwinskiana,Oaxaca,15.96817,-95.52817
3308106592,Opuntia karwinskiana,Oaxaca,15.99969,-95.725
3308106114,Opuntia karwinskiana,Oaxaca,16.05161,-95.69725
3383909925,Opuntia karwinskiana,Oaxaca,16.30405,-96.643408
3705530934,Opuntia karwinskiana,Oaxaca,16.332838,-95.005775
3705586816,Opuntia karwinskiana,Oaxaca,16.333118,-95.00602
3308632660,Opuntia karwinskiana,Oaxaca,16.346,-98.217
3308747450,Opuntia karwinskiana,Oaxaca,16.41636,-96.6729
4103164446,Opuntia karwinskiana,Oaxaca,16.537954,-95.01254
3308674550,Opuntia karwinskiana,Oaxaca,16.67694,-94.99778
1805406094,Opuntia karwinskiana,Oaxaca,16.677694,-96.230744
1805406109,Opuntia karwinskiana,Oaxaca,16.677875,-96.23075
2265908466,Opuntia karwinskiana,Oaxaca,16.714806,-94.744463
2814114470,Opuntia karwinskiana,Oaxaca,17.062567,-96.516172
4029012865,Opuntia karwinskiana,Oaxaca,17.089726,-96.771982
2596334137,Opuntia karwinskiana,Oaxaca,17.796217,-96.890539
2988272932,Opuntia lasiacantha,Oaxaca,15.866364,-97.09068
3068096612,Opuntia lasiacantha,Oaxaca,16.30542,-96.643924
1897488552,Opuntia lasiacantha,Oaxaca,16.566778,-95.170028
1897488556,Opuntia lasiacantha,Oaxaca,16.714778,-94.742055
4465711671,Opuntia lasiacantha,Oaxaca,16.86525,-96.277185
3058755341,Opuntia lasiacantha,Oaxaca,17.046294,-96.768794
1883971577,Opuntia lasiacantha,Oaxaca,17.081188,-96.73616
4442582156,Opuntia lasiacantha,Oaxaca,17.083312,-96.465176
1893677675,Opuntia lasiacantha,Oaxaca,17.158333,-95.916667
3308619173,Opuntia lasiacantha,Oaxaca,17.30032,-96.44222
1895116481,Opuntia lasiacantha,Oaxaca,17.341667,-97.558333
3308172937,Opuntia lasiacantha,Oaxaca,17.43247,-96.5659
1897488623,Opuntia lasiacantha,Oaxaca,17.432472,-96.565889
1212004826,Opuntia lasiacantha,Oaxaca,17.491823,-97.401695
3308049137,Opuntia lasiacantha,Oaxaca,17.49403,-97.46664
3308085358,Opuntia lasiacantha,Oaxaca,17.51128,-97.26038
3307917956,Opuntia lasiacantha,Oaxaca,17.59639,-97.38194
4510359458,Opuntia lasiacantha,Oaxaca,17.640222,-97.341468
3881788379,Opuntia lasiacantha,Oaxaca,17.644461,-97.120624
3881692365,Opuntia lasiacantha,Oaxaca,17.654544,-97.126942
3902747429,Opuntia lasiacantha,Oaxaca,17.671089,-97.257383
2517972810,Opuntia lasiacantha,Oaxaca,17.719215,-97.279472
3307907506,Opuntia lasiacantha,Oaxaca,17.733,-97.517
3308414735,Opuntia lasiacantha,Oaxaca,17.836306,-97.487778
1893736668,Opuntia lasiacantha,Oaxaca,17.836939,-96.86774
1259553196,Opuntia lasiacantha,Oaxaca,17.841667,-96.881944
3307795434,Opuntia lasiacantha,Oaxaca,17.850333,-97.162972
3307778571,Opuntia lasiacantha,Oaxaca,17.850381,-97.495277
3872882319,Opuntia lasiacantha,Oaxaca,17.872222,-97.361467
3308411393,Opuntia lasiacantha,Oaxaca,17.878359,-97.167198
2850987809,Opuntia lasiacantha,Oaxaca,17.942021,-98.036027
3307790487,Opuntia lasiacantha,Oaxaca,18.174167,-97.055
1895116748,Opuntia nejapensis,Oaxaca,16.300278,-96.300835
3308151606,Opuntia nejapensis,Oaxaca,16.58883,-96.8844
3308747459,Opuntia nejapensis,Oaxaca,16.91156,-97.5977
3308152601,Opuntia nejapensis,Oaxaca,17.26169,-97.6524
3355101846,Opuntia olmeca,Oaxaca,17.876753,-96.913244
1668795717,Opuntia olmeca,Oaxaca,17.890013,-96.980588
1562873217,Opuntia olmeca,Oaxaca,18.053581,-97.004128
1950033206,Opuntia olmeca,Oaxaca,18.079172,-97.033616
1257819273,Opuntia parviclada,Oaxaca,17.826389,-97.1525
3308662207,Opuntia parviclada,Oaxaca,17.82642,-97.15247
2596294190,Opuntia parviclada,Oaxaca,17.826489,-96.962488
3859265819,Opuntia parviclada,Oaxaca,17.883524,-97.346649
3308411276,Opuntia parviclada,Oaxaca,17.9278,-97.0142
3903171496,Opuntia pilifera,Oaxaca,15.965899,-97.6772
3858420578,Opuntia pilifera,Oaxaca,16.384344,-96.567453
2988507665,Opuntia pilifera,Oaxaca,16.560524,-96.310666
3308426617,Opuntia pilifera,Oaxaca,16.596667,-96.338611
3308735400,Opuntia pilifera,Oaxaca,16.63572,-95.88867
1895115287,Opuntia pilifera,Oaxaca,16.669167,-96.308056
4091853472,Opuntia pilifera,Oaxaca,16.906785,-96.504407
3872864632,Opuntia pilifera,Oaxaca,16.914536,-96.300954
1258703125,Opuntia pilifera,Oaxaca,16.92,-96.31
4168737888,Opuntia pilifera,Oaxaca,16.923333,-96.338056
1895415328,Opuntia pilifera,Oaxaca,16.9270626,-96.4176205
1895415423,Opuntia pilifera,Oaxaca,16.9336373,-96.4293738
2517941956,Opuntia pilifera,Oaxaca,16.948431,-96.446135
2517941955,Opuntia pilifera,Oaxaca,16.949903,-96.443953
2517946317,Opuntia pilifera,Oaxaca,16.957219,-96.448564
2814251459,Opuntia pilifera,Oaxaca,16.957443,-96.447024
2517944999,Opuntia pilifera,Oaxaca,16.957736,-96.449281
2580099091,Opuntia pilifera,Oaxaca,16.957778,-96.449444
2813900415,Opuntia pilifera,Oaxaca,16.957986,-96.447614
3070294394,Opuntia pilifera,Oaxaca,16.958143,-96.450455
4121226560,Opuntia pilifera,Oaxaca,16.958433,-96.449668
3764472725,Opuntia pilifera,Oaxaca,16.959003,-96.450203
1896090807,Opuntia pilifera,Oaxaca,16.960639,-96.199528
1895115274,Opuntia pilifera,Oaxaca,17.009722,-96.548611
2814150449,Opuntia pilifera,Oaxaca,17.013589,-96.50985
2550172506,Opuntia pilifera,Oaxaca,17.04218,-96.515554
3343888543,Opuntia pilifera,Oaxaca,17.042539,-96.516167
3308425100,Opuntia pilifera,Oaxaca,17.054167,-96.650556
1893647182,Opuntia pilifera,Oaxaca,17.264514,-96.866571
1895544793,Opuntia pilifera,Oaxaca,17.308333,-96.908333
1805418326,Opuntia pilifera,Oaxaca,17.395069,-96.574013
3308085312,Opuntia pilifera,Oaxaca,17.429806,-97.027639
1895415391,Opuntia pilifera,Oaxaca,17.455211,-96.932725
2823118397,Opuntia pilifera,Oaxaca,17.47964,-97.045231
3308655894,Opuntia pilifera,Oaxaca,17.4805,-97.054167
3308107905,Opuntia pilifera,Oaxaca,17.484111,-97.051944
3881711414,Opuntia pilifera,Oaxaca,17.624722,-96.995007
2517975910,Opuntia pilifera,Oaxaca,17.635672,-96.912742
3307746224,Opuntia pilifera,Oaxaca,17.668667,-96.927778
3308657010,Opuntia pilifera,Oaxaca,17.717,-96.92181
3307606818,Opuntia pilifera,Oaxaca,17.724,-97.670861
1894554078,Opuntia pilifera,Oaxaca,17.732833,-97.231278
1895115264,Opuntia pilifera,Oaxaca,17.784639,-96.968917
1895115319,Opuntia pilifera,Oaxaca,17.791861,-97.256694
1258064540,Opuntia pilifera,Oaxaca,17.7953,-96.9629
1257612952,Opuntia pilifera,Oaxaca,17.79537,-96.96296
1894554047,Opuntia pilifera,Oaxaca,17.796417,-97.039917
1895115303,Opuntia pilifera,Oaxaca,17.80472,-97.776108
1895115312,Opuntia pilifera,Oaxaca,17.815611,-96.998472
2580076953,Opuntia pilifera,Oaxaca,17.856693,-97.322412
1257613048,Opuntia pilifera,Oaxaca,17.87933,-97.00788
2460049123,Opuntia pilifera,Oaxaca,17.89072,-96.97331
1453366031,Opuntia pilifera,Oaxaca,17.895629,-97.001166
2596356211,Opuntia pilifera,Oaxaca,17.897884,-96.967128
2518034616,Opuntia pilifera,Oaxaca,17.899747,-97.005181
1895115291,Opuntia pilifera,Oaxaca,17.900556,-96.970278
3881675326,Opuntia pilifera,Oaxaca,17.902081,-96.968506
3881397323,Opuntia pilifera,Oaxaca,17.911513,-96.982322
3881391321,Opuntia pilifera,Oaxaca,17.911839,-96.980777
3308672947,Opuntia pilifera,Oaxaca,18.01936,-97.33864
1257819233,Opuntia pilifera,Oaxaca,18.027778,-97.338611
1257613073,Opuntia pilifera,Oaxaca,18.03301,-97.0612
2557650704,Opuntia pilifera,Oaxaca,18.04686,-97.11633
2459990749,Opuntia pilifera,Oaxaca,18.083277,-97.176757
1257613070,Opuntia pilifera,Oaxaca,18.10365,-97.06494
2518044214,Opuntia pilifera,Oaxaca,18.231846,-97.64141
2517943498,Opuntia pubescens,Oaxaca,15.76967,-96.194023
4169319253,Opuntia pubescens,Oaxaca,16.000833,-96.000238
3308119170,Opuntia pubescens,Oaxaca,16.25189,-96.5523
1503229948,Opuntia pubescens,Oaxaca,16.2602,-97.379
4076378708,Opuntia pubescens,Oaxaca,16.290209,-96.627624
3760148724,Opuntia pubescens,Oaxaca,16.290273,-96.645056
3760076784,Opuntia pubescens,Oaxaca,16.290343,-96.644895
3759295678,Opuntia pubescens,Oaxaca,16.290899,-96.644052
3760165987,Opuntia pubescens,Oaxaca,16.292453,-96.63984
3759465979,Opuntia pubescens,Oaxaca,16.297007,-96.637268
3456234041,Opuntia pubescens,Oaxaca,16.299838,-96.638552
3307965255,Opuntia pubescens,Oaxaca,16.30028,-96.30083
3308621957,Opuntia pubescens,Oaxaca,16.30056,-96.28556
3456056057,Opuntia pubescens,Oaxaca,16.300953,-96.649574
3407939234,Opuntia pubescens,Oaxaca,16.30252,-96.631363
3407908983,Opuntia pubescens,Oaxaca,16.308466,-96.635049
4500552853,Opuntia pubescens,Oaxaca,16.31457,-96.639411
3308380940,Opuntia pubescens,Oaxaca,16.317,-95.5
3858644318,Opuntia pubescens,Oaxaca,16.319902,-96.63829
3308417007,Opuntia pubescens,Oaxaca,16.32694,-95.82611
3307789729,Opuntia pubescens,Oaxaca,16.333,-95.833
3307831200,Opuntia pubescens,Oaxaca,16.436111,-95.834167
3308764470,Opuntia pubescens,Oaxaca,16.44806,-95.8833
3308679767,Opuntia pubescens,Oaxaca,16.50478,-96.04453
3308140283,Opuntia pubescens,Oaxaca,16.50813,-95.6581
2898426577,Opuntia pubescens,Oaxaca,16.597246,-96.794074
2988485754,Opuntia pubescens,Oaxaca,16.597709,-96.328462
1257849182,Opuntia pubescens,Oaxaca,16.625278,-95.9325
1895116871,Opuntia pubescens,Oaxaca,16.64583,-96.391701
1893749900,Opuntia pubescens,Oaxaca,16.668333,-96.37
2984556535,Opuntia pubescens,Oaxaca,16.686108,-96.170295
1895116852,Opuntia pubescens,Oaxaca,16.791667,-96.041667
3902608473,Opuntia pubescens,Oaxaca,16.803453,-96.632562
1896091710,Opuntia pubescens,Oaxaca,16.805944,-96.417278
1419192902,Opuntia pubescens,Oaxaca,16.810833,-97.048611
2898282535,Opuntia pubescens,Oaxaca,16.821064,-96.784201
1895406185,Opuntia pubescens,Oaxaca,16.919939,-96.4038
3308106113,Opuntia pubescens,Oaxaca,16.9225,-96.35447
3308750373,Opuntia pubescens,Oaxaca,16.93472,-96.39036
3308106653,Opuntia pubescens,Oaxaca,16.94714,-96.40136
1895406219,Opuntia pubescens,Oaxaca,16.997669,-96.529814
3118381224,Opuntia pubescens,Oaxaca,16.99814,-96.69611
4438750259,Opuntia pubescens,Oaxaca,17.013198,-96.720301
2465215712,Opuntia pubescens,Oaxaca,17.033,-96.676
3455394626,Opuntia pubescens,Oaxaca,17.045161,-96.88568
4500875567,Opuntia pubescens,Oaxaca,17.046178,-96.842852
2529269004,Opuntia pubescens,Oaxaca,17.073558,-96.730195
1640027536,Opuntia pubescens,Oaxaca,17.073851,-96.730242
1291664168,Opuntia pubescens,Oaxaca,17.080286,-96.734787
2460024901,Opuntia pubescens,Oaxaca,17.083334,-96.735011
3858469182,Opuntia pubescens,Oaxaca,17.090772,-96.726639
4405392723,Opuntia pubescens,Oaxaca,17.102831,-96.604244
2576466155,Opuntia pubescens,Oaxaca,17.316837,-96.497475
2898333515,Opuntia pubescens,Oaxaca,17.330191,-97.147581
3308547488,Opuntia pubescens,Oaxaca,17.383,-97
3308672948,Opuntia pubescens,Oaxaca,17.50014,-96.99592
1257819256,Opuntia pubescens,Oaxaca,17.500278,-96.995833
1893439891,Opuntia pubescens,Oaxaca,17.591667,-97.208333
3307605769,Opuntia pubescens,Oaxaca,17.601778,-97.200333
3308677863,Opuntia pubescens,Oaxaca,17.61619,-97.67181
3307716328,Opuntia pubescens,Oaxaca,17.691111,-97.609833
3308570032,Opuntia pubescens,Oaxaca,17.70969,-96.94047
3090963908,Opuntia pubescens,Oaxaca,17.784218,-97.747729
3772738700,Opuntia pubescens,Oaxaca,17.789984,-96.944055
3773116996,Opuntia pubescens,Oaxaca,17.79026,-96.943985
2850845267,Opuntia pubescens,Oaxaca,17.801111,-97.763611
3307787529,Opuntia pubescens,Oaxaca,17.822833,-97.755556
1894564499,Opuntia pubescens,Oaxaca,17.82575,-97.148528
1257819185,Opuntia pubescens,Oaxaca,17.826111,-97.1525
1895115806,Opuntia pubescens,Oaxaca,17.826361,-97.152389
2984542778,Opuntia pubescens,Oaxaca,17.861236,-97.951928
3307776482,Opuntia pubescens,Oaxaca,17.864,-97.104028
1894564429,Opuntia pubescens,Oaxaca,17.86425,-96.90675
3307910079,Opuntia pubescens,Oaxaca,17.86667,-97.71667
3859260863,Opuntia pubescens,Oaxaca,17.928642,-97.4255
3859258831,Opuntia pubescens,Oaxaca,17.929172,-97.425557
1894564520,Opuntia pubescens,Oaxaca,17.943611,-97.274444
3307795437,Opuntia pubescens,Oaxaca,17.955561,-97.068832
1453363789,Opuntia pubescens,Oaxaca,18.079046,-97.033535
3308661788,Opuntia pubescens,Oaxaca,18.17833,-97.74167
3892281199,Opuntia streptacantha,Oaxaca,16.670595,-96.305841
4465460683,Opuntia streptacantha,Oaxaca,16.909328,-96.373085
2864813747,Opuntia streptacantha,Oaxaca,16.946883,-96.677597
3343700492,Opuntia streptacantha,Oaxaca,17.042706,-96.516122
2529341967,Opuntia streptacantha,Oaxaca,17.304009,-96.447012
3308361640,Opuntia streptacantha,Oaxaca,17.55056,-97.425003
2460151314,Opuntia streptacantha,Oaxaca,17.554959,-97.323315
3308105142,Opuntia streptacantha,Oaxaca,17.58473,-97.38464
3391721931,Opuntia streptacantha,Oaxaca,17.651526,-97.129951
2517945000,Opuntia streptacantha,Oaxaca,17.718111,-97.29475
3858170737,Opuntia streptacantha,Oaxaca,17.729345,-97.325514
4021985108,Opuntia streptacantha,Oaxaca,17.762359,-97.272525
2518089705,Opuntia streptacantha,Oaxaca,17.796759,-96.90407
3705405434,Opuntia streptacantha,Oaxaca,17.8104,-97.798561
3881530314,Opuntia streptacantha,Oaxaca,17.853461,-97.357351
3902566316,Opuntia streptacantha,Oaxaca,17.856395,-97.346592
3925055329,Opuntia streptacantha,Oaxaca,17.876009,-97.36571
3873535305,Opuntia streptacantha,Oaxaca,17.882602,-97.358829
3858215405,Opuntia streptacantha,Oaxaca,18.010914,-97.648102
4080668641,Opuntia streptacantha,Oaxaca,18.123908,-97.336694
1895118276,Opuntia tehuacana,Oaxaca,17.750167,-97.2705
3308078209,Opuntia tehuacana,Oaxaca,17.83186,-97.15236
1257819214,Opuntia tehuacana,Oaxaca,17.831945,-97.1525
3058802450,Opuntia tehuacana,Oaxaca,17.897802,-96.966699
3058854431,Opuntia tehuacana,Oaxaca,17.911027,-96.982512
3058850447,Opuntia tehuacana,Oaxaca,17.911086,-96.981896
3307910304,Opuntia tehuacana,Oaxaca,17.956306,-97.003528
3058691310,Opuntia tehuacana,Oaxaca,18.077326,-96.964989
3307922534,Opuntia tehuacana,Oaxaca,18.0839,-97.0503
4400136026,Opuntia tehuantepecana,Oaxaca,15.665288,-96.548467
4400287695,Opuntia tehuantepecana,Oaxaca,15.665609,-96.548745
4400024378,Opuntia tehuantepecana,Oaxaca,15.6658,-96.549472
4400391788,Opuntia tehuantepecana,Oaxaca,15.67,-96.578
1894617717,Opuntia tehuantepecana,Oaxaca,15.724139,-96.164917
3308684716,Opuntia tehuantepecana,Oaxaca,15.97447,-95.71325
1895405640,Opuntia tehuantepecana,Oaxaca,16.175281,-95.1575
3308124869,Opuntia tehuantepecana,Oaxaca,16.18667,-94.51
1895405729,Opuntia tehuantepecana,Oaxaca,16.559239,-95.123439
1895405752,Opuntia tehuantepecana,Oaxaca,16.6660092,-96.1231207
1257819277,Opuntia tehuantepecana,Oaxaca,17.752778,-97.514444
3307908375,Opuntia tehuantepecana,Oaxaca,17.954278,-96.986861
3985706967,Opuntia tomentosa,Oaxaca,15.670217,-96.579751
4506446330,Opuntia tomentosa,Oaxaca,15.670408,-96.577682
3465986727,Opuntia tomentosa,Oaxaca,15.803853,-96.011253
2603540349,Opuntia tomentosa,Oaxaca,16.286667,-96.651102
3337719793,Opuntia tomentosa,Oaxaca,16.289185,-96.631014
3058761696,Opuntia tomentosa,Oaxaca,16.290869,-96.66063
4022050906,Opuntia tomentosa,Oaxaca,16.299815,-96.638476
3058944711,Opuntia tomentosa,Oaxaca,16.30393,-96.639861
4506355442,Opuntia tomentosa,Oaxaca,16.848586,-96.661344
1990601173,Opuntia tomentosa,Oaxaca,16.863549,-96.276192
3308262023,Opuntia tomentosa,Oaxaca,16.903036,-96.381698
2517944315,Opuntia tomentosa,Oaxaca,16.994497,-96.780121
1802683390,Opuntia tomentosa,Oaxaca,17.028081,-96.716208
1807300703,Opuntia tomentosa,Oaxaca,17.032405,-96.671157
4510340319,Opuntia tomentosa,Oaxaca,17.041183,-96.767997
3457024346,Opuntia tomentosa,Oaxaca,17.043803,-96.768111
2517943463,Opuntia tomentosa,Oaxaca,17.045771,-96.768392
2397560201,Opuntia tomentosa,Oaxaca,17.046164,-96.768011
4510331371,Opuntia tomentosa,Oaxaca,17.046208,-96.768737
4510127356,Opuntia tomentosa,Oaxaca,17.046261,-96.768703
4510012262,Opuntia tomentosa,Oaxaca,17.046553,-96.767283
3764165747,Opuntia tomentosa,Oaxaca,17.055431,-96.763833
1258911802,Opuntia tomentosa,Oaxaca,17.06,-96.7
2517942109,Opuntia tomentosa,Oaxaca,17.074015,-96.730671
2897614305,Opuntia tomentosa,Oaxaca,17.075528,-96.5945
1993774238,Opuntia tomentosa,Oaxaca,17.079307,-96.780152
4028827681,Opuntia tomentosa,Oaxaca,17.088914,-96.771478
3383943362,Opuntia tomentosa,Oaxaca,17.10318,-96.824692
2422759988,Opuntia tomentosa,Oaxaca,17.10968,-96.71287
2873782894,Opuntia tomentosa,Oaxaca,17.160118,-96.898915
3308672465,Opuntia tomentosa,Oaxaca,17.20273,-97.18363
1895119467,Opuntia tomentosa,Oaxaca,17.241667,-97.458333
4022061718,Opuntia tomentosa,Oaxaca,17.245814,-97.689747
4168737822,Opuntia tomentosa,Oaxaca,17.27,-97.569999
3308099282,Opuntia tomentosa,Oaxaca,17.3062,-97.2522
1895119415,Opuntia tomentosa,Oaxaca,17.308361,-96.516899
3308704182,Opuntia tomentosa,Oaxaca,17.31667,-97.86667
3308122717,Opuntia tomentosa,Oaxaca,17.35822,-97.6661
3466156926,Opuntia tomentosa,Oaxaca,17.402947,-97.133195
3308081421,Opuntia tomentosa,Oaxaca,17.50083,-97.47067
3308672509,Opuntia tomentosa,Oaxaca,17.54156,-97.05168
891152377,Opuntia tomentosa,Oaxaca,17.543511,-97.31977
2580116004,Opuntia tomentosa,Oaxaca,17.551916,-97.096666
2459996641,Opuntia tomentosa,Oaxaca,17.552228,-97.426055
2244289685,Opuntia tomentosa,Oaxaca,17.555399,-97.202004
3308080728,Opuntia tomentosa,Oaxaca,17.57278,-97.42417
2518091723,Opuntia tomentosa,Oaxaca,17.585481,-96.949836
2823109528,Opuntia tomentosa,Oaxaca,17.602446,-98.025209
4510087344,Opuntia tomentosa,Oaxaca,17.644113,-97.146432
4510329336,Opuntia tomentosa,Oaxaca,17.647503,-97.143408
4519296280,Opuntia tomentosa,Oaxaca,17.648277,-97.096132
3337769397,Opuntia tomentosa,Oaxaca,17.653792,-97.13432
4510072344,Opuntia tomentosa,Oaxaca,17.659248,-97.133842
1143558530,Opuntia tomentosa,Oaxaca,17.667577,-97.263808
3308052838,Opuntia tomentosa,Oaxaca,17.686,-97.61717
3308420091,Opuntia tomentosa,Oaxaca,17.690472,-97.418194
3384861946,Opuntia tomentosa,Oaxaca,17.696553,-97.544498
3308414737,Opuntia tomentosa,Oaxaca,17.703861,-97.031417
1895119045,Opuntia tomentosa,Oaxaca,17.712499,-97.067328
3872901416,Opuntia tomentosa,Oaxaca,17.722833,-97.323074
3307783690,Opuntia tomentosa,Oaxaca,17.758889,-96.951389
3355116621,Opuntia tomentosa,Oaxaca,17.809557,-97.775807
3860017651,Opuntia tomentosa,Oaxaca,17.82242,-97.340501
1893438588,Opuntia tomentosa,Oaxaca,17.825,-97.491667
3308394993,Opuntia tomentosa,Oaxaca,17.849167,-96.896667
3873307493,Opuntia tomentosa,Oaxaca,17.860947,-97.50985
2596041703,Opuntia tomentosa,Oaxaca,17.903568,-97.17174
3308639502,Opuntia tomentosa,Oaxaca,17.91689,-96.9334
1929793430,Opuntia tomentosa,Oaxaca,17.92397,-96.91753
1257613041,Opuntia tomentosa,Oaxaca,17.94294,-97.01328
1257612971,Opuntia tomentosa,Oaxaca,18.02309,-97.05785
1257613084,Opuntia tomentosa,Oaxaca,18.23593,-97.15723
3308594633,Opuntia velutina,Oaxaca,15.803333,-95.970556
1897566547,Opuntia velutina,Oaxaca,15.832861,-95.946667
1897566540,Opuntia velutina,Oaxaca,15.834278,-95.938917
1893735325,Opuntia velutina,Oaxaca,16.01,-95.768333
3308573714,Opuntia velutina,Oaxaca,16.27,-96.29667
1895119724,Opuntia velutina,Oaxaca,16.606111,-96.328056
1893616111,Opuntia velutina,Oaxaca,16.623333,-96.33
1258910865,Opuntia velutina,Oaxaca,17.01,-96.11
2572935627,Opuntia velutina,Oaxaca,17.051561,-96.726083
1805401789,Opuntia velutina,Oaxaca,17.635992,-96.913789
2818753553,Opuntia velutina,Oaxaca,17.639965,-98.041136
2580114914,Opuntia velutina,Oaxaca,17.648823,-96.921353
788779902,Opuntia velutina,Oaxaca,17.677,-97.943028
4399459456,Opuntia velutina,Oaxaca,17.683561,-96.933575
3308573395,Opuntia velutina,Oaxaca,17.713,-96.95067
2999121908,Opuntia velutina,Oaxaca,17.74826,-97.740415
3058772430,Opuntia velutina,Oaxaca,17.800278,-97.763336
1257819286,Opuntia velutina,Oaxaca,17.805556,-97.028611
3307610729,Opuntia velutina,Oaxaca,17.822683,-97.738583
1895119801,Opuntia velutina,Oaxaca,17.834722,-96.816111
3308074972,Opuntia velutina,Oaxaca,17.91889,-96.93417
2850652407,Opuntia velutina,Oaxaca,17.94723,-98.044784
2818546529,Opuntia velutina,Oaxaca,17.948389,-98.043024
1257613100,Opuntia velutina,Oaxaca,18.03237,-97.06136
3308484893,Opuntia velutina,Oaxaca,18.211111,-97.653861
1846516743,Ortegocactus macdougallii,Oaxaca,16.378639,-96.334861
3308731008,Ortegocactus macdougallii,Oaxaca,16.383,-96.35
1417671868,Ortegocactus macdougallii,Oaxaca,16.383001,-96.333007
4121316432,Pachycereus fulviceps,Oaxaca,16.413958,-96.429411
3961018424,Pachycereus fulviceps,Oaxaca,16.464543,-95.903284
2898325059,Pachycereus fulviceps,Oaxaca,16.471405,-96.312798
3961224401,Pachycereus fulviceps,Oaxaca,17.215242,-96.574828
2573958683,Pachycereus fulviceps,Oaxaca,17.473401,-96.571878
1933589472,Pachycereus fulviceps,Oaxaca,17.594395,-96.965607
3308706483,Pachycereus fulviceps,Oaxaca,17.605694,-96.948556
1894559662,Pachycereus fulviceps,Oaxaca,17.606944,-96.933056
3308682200,Pachycereus fulviceps,Oaxaca,17.60808,-96.94894
1259220367,Pachycereus fulviceps,Oaxaca,17.6775,-96.965278
3308015133,Pachycereus fulviceps,Oaxaca,17.67758,-96.96531
3070618386,Pachycereus fulviceps,Oaxaca,17.684023,-96.827953
1894559667,Pachycereus fulviceps,Oaxaca,17.701917,-97.031083
1894559625,Pachycereus fulviceps,Oaxaca,17.702778,-97.030833
4022016344,Pachycereus fulviceps,Oaxaca,17.800835,-97.170554
3308509644,Pachycereus fulviceps,Oaxaca,17.8761,-97.0922
3308411271,Pachycereus fulviceps,Oaxaca,17.892,-97.0892
3881363357,Pachycereus fulviceps,Oaxaca,17.949837,-97.145109
4022257423,Pachycereus fulviceps,Oaxaca,17.963125,-97.146644
4022077402,Pachycereus fulviceps,Oaxaca,17.990742,-97.071695
3090592294,Pachycereus fulviceps,Oaxaca,17.995222,-97.065841
3902916737,Pachycereus fulviceps,Oaxaca,18.02201,-97.326957
1895767652,Pachycereus grandis,Oaxaca,16.353333,-95.341667
1893916324,Pachycereus grandis,Oaxaca,17.628085,-97.013361
1893916322,Pachycereus grandis,Oaxaca,17.628602,-97.012743
4516758041,Pachycereus grandis,Oaxaca,17.881241,-96.940114
1893916342,Pachycereus grandis,Oaxaca,17.913575,-96.940758
3308629818,Pachycereus grandis,Oaxaca,17.91972,-96.94058
3306203431,Pachycereus grandis,Oaxaca,17.922222,-96.936861
1894553337,Pachycereus grandis,Oaxaca,17.9226429,-96.9425539
3308076973,Pachycereus grandis,Oaxaca,17.92417,-96.94611
1894568712,Pachycereus grandis,Oaxaca,17.9245,-96.945778
1920789397,Pachycereus grandis,Oaxaca,17.978714,-96.907294
3308661114,Pachycereus hollianus,Oaxaca,17.83475,-97.00986
3772975760,Pachycereus hollianus,Oaxaca,17.862324,-97.045326
4453826524,Pachycereus hollianus,Oaxaca,17.862328,-97.042603
4453825517,Pachycereus hollianus,Oaxaca,17.864012,-97.037254
3772826839,Pachycereus hollianus,Oaxaca,17.864057,-97.037972
3773042067,Pachycereus hollianus,Oaxaca,17.86408,-97.037109
3325514954,Pachycereus hollianus,Oaxaca,17.8745,-97.017814
2862523458,Pachycereus hollianus,Oaxaca,17.896423,-96.972648
3308040852,Pachycereus hollianus,Oaxaca,18.09275,-97.06211
1893428276,Pachycereus militaris,Oaxaca,16.875,-96.375
1895767504,Pachycereus militaris,Oaxaca,16.896389,-96.394722
2429606421,Pachycereus pecten-aboriginum,Oaxaca,15.6008,-96.186548
2574164198,Pachycereus pecten-aboriginum,Oaxaca,15.605392,-96.342912
1901059923,Pachycereus pecten-aboriginum,Oaxaca,15.65208,-96.227098
2596356326,Pachycereus pecten-aboriginum,Oaxaca,15.659415,-96.556717
4453788473,Pachycereus pecten-aboriginum,Oaxaca,15.659909,-96.557197
3499350875,Pachycereus pecten-aboriginum,Oaxaca,15.659962,-96.557513
4522618986,Pachycereus pecten-aboriginum,Oaxaca,15.663166,-96.524259
3070721848,Pachycereus pecten-aboriginum,Oaxaca,15.663781,-96.55702
3947171521,Pachycereus pecten-aboriginum,Oaxaca,15.663962,-96.55768
3308175376,Pachycereus pecten-aboriginum,Oaxaca,15.664167,-96.490556
3873816333,Pachycereus pecten-aboriginum,Oaxaca,15.668319,-96.542208
3032119235,Pachycereus pecten-aboriginum,Oaxaca,15.66834,-96.502525
3325801143,Pachycereus pecten-aboriginum,Oaxaca,15.672731,-96.589842
3355570615,Pachycereus pecten-aboriginum,Oaxaca,15.672793,-96.570407
3355180630,Pachycereus pecten-aboriginum,Oaxaca,15.672953,-96.570507
3044683379,Pachycereus pecten-aboriginum,Oaxaca,15.68553,-96.338383
3044906391,Pachycereus pecten-aboriginum,Oaxaca,15.68627,-96.340753
2237458719,Pachycereus pecten-aboriginum,Oaxaca,15.695198,-96.226209
2242904791,Pachycereus pecten-aboriginum,Oaxaca,15.696793,-96.225469
3772731261,Pachycereus pecten-aboriginum,Oaxaca,15.697417,-96.226237
2802959567,Pachycereus pecten-aboriginum,Oaxaca,15.697885,-96.225288
1837769344,Pachycereus pecten-aboriginum,Oaxaca,15.698223,-96.227574
2239004676,Pachycereus pecten-aboriginum,Oaxaca,15.6994,-96.215329
2237459633,Pachycereus pecten-aboriginum,Oaxaca,15.699828,-96.21691
1848769939,Pachycereus pecten-aboriginum,Oaxaca,15.700061,-96.213627
2311404118,Pachycereus pecten-aboriginum,Oaxaca,15.701075,-96.215844
2237456388,Pachycereus pecten-aboriginum,Oaxaca,15.707248,-96.197246
2237435570,Pachycereus pecten-aboriginum,Oaxaca,15.707729,-96.204543
2237456255,Pachycereus pecten-aboriginum,Oaxaca,15.70787,-96.192852
3044803078,Pachycereus pecten-aboriginum,Oaxaca,15.708582,-96.196611
2239007229,Pachycereus pecten-aboriginum,Oaxaca,15.709155,-96.346959
2242903980,Pachycereus pecten-aboriginum,Oaxaca,15.709523,-96.203288
2236276580,Pachycereus pecten-aboriginum,Oaxaca,15.710567,-96.205063
2236276848,Pachycereus pecten-aboriginum,Oaxaca,15.710682,-96.204926
2239006521,Pachycereus pecten-aboriginum,Oaxaca,15.710758,-96.197238
2237457450,Pachycereus pecten-aboriginum,Oaxaca,15.712192,-96.203776
2239008350,Pachycereus pecten-aboriginum,Oaxaca,15.712958,-96.180387
2237457208,Pachycereus pecten-aboriginum,Oaxaca,15.714378,-96.182245
3773221370,Pachycereus pecten-aboriginum,Oaxaca,15.71622,-96.257446
3947611509,Pachycereus pecten-aboriginum,Oaxaca,15.716978,-96.578138
4006662807,Pachycereus pecten-aboriginum,Oaxaca,15.71822,-96.557226
2802555643,Pachycereus pecten-aboriginum,Oaxaca,15.719079,-96.162088
2237489020,Pachycereus pecten-aboriginum,Oaxaca,15.719931,-96.1628
2235527475,Pachycereus pecten-aboriginum,Oaxaca,15.722548,-96.167488
3961072330,Pachycereus pecten-aboriginum,Oaxaca,15.723013,-96.16775
2239008427,Pachycereus pecten-aboriginum,Oaxaca,15.724603,-96.151237
3090553262,Pachycereus pecten-aboriginum,Oaxaca,15.725103,-96.15682
3772858347,Pachycereus pecten-aboriginum,Oaxaca,15.725648,-96.203227
2237459075,Pachycereus pecten-aboriginum,Oaxaca,15.726301,-96.1473
2237457217,Pachycereus pecten-aboriginum,Oaxaca,15.726475,-96.148984
2422874937,Pachycereus pecten-aboriginum,Oaxaca,15.726693,-96.160447
2802565345,Pachycereus pecten-aboriginum,Oaxaca,15.726722,-96.161674
2422874879,Pachycereus pecten-aboriginum,Oaxaca,15.726973,-96.160335
4022152237,Pachycereus pecten-aboriginum,Oaxaca,15.727065,-96.160423
2422759645,Pachycereus pecten-aboriginum,Oaxaca,15.727172,-96.160377
2802721615,Pachycereus pecten-aboriginum,Oaxaca,15.727254,-96.160403
2235519152,Pachycereus pecten-aboriginum,Oaxaca,15.728459,-96.160561
3860653676,Pachycereus pecten-aboriginum,Oaxaca,15.729148,-96.179161
3455555814,Pachycereus pecten-aboriginum,Oaxaca,15.729216,-96.159781
3859475674,Pachycereus pecten-aboriginum,Oaxaca,15.729554,-96.185131
4018624364,Pachycereus pecten-aboriginum,Oaxaca,15.73142,-96.158878
4102607494,Pachycereus pecten-aboriginum,Oaxaca,15.731526,-96.158544
1837762172,Pachycereus pecten-aboriginum,Oaxaca,15.732531,-96.150026
3947346499,Pachycereus pecten-aboriginum,Oaxaca,15.732729,-96.157188
3032070891,Pachycereus pecten-aboriginum,Oaxaca,15.732906,-96.157957
3456013127,Pachycereus pecten-aboriginum,Oaxaca,15.732947,-96.158076
4162009855,Pachycereus pecten-aboriginum,Oaxaca,15.733043,-96.158333
3013949223,Pachycereus pecten-aboriginum,Oaxaca,15.733077,-96.158358
4153753886,Pachycereus pecten-aboriginum,Oaxaca,15.733082,-96.158302
2239005380,Pachycereus pecten-aboriginum,Oaxaca,15.733104,-96.148712
2802893343,Pachycereus pecten-aboriginum,Oaxaca,15.733254,-96.158395
1837060904,Pachycereus pecten-aboriginum,Oaxaca,15.733358,-96.158438
3466160756,Pachycereus pecten-aboriginum,Oaxaca,15.733374,-96.158371
2574085353,Pachycereus pecten-aboriginum,Oaxaca,15.733418,-96.158554
2397500710,Pachycereus pecten-aboriginum,Oaxaca,15.733469,-96.158855
2350406669,Pachycereus pecten-aboriginum,Oaxaca,15.733515,-96.158795
2543032902,Pachycereus pecten-aboriginum,Oaxaca,15.733591,-96.158942
3705756120,Pachycereus pecten-aboriginum,Oaxaca,15.733748,-96.15893
1837762188,Pachycereus pecten-aboriginum,Oaxaca,15.734679,-96.143932
2237489438,Pachycereus pecten-aboriginum,Oaxaca,15.735706,-96.146394
1850926336,Pachycereus pecten-aboriginum,Oaxaca,15.736333,-96.132221
2542968480,Pachycereus pecten-aboriginum,Oaxaca,15.736595,-96.168789
2802601510,Pachycereus pecten-aboriginum,Oaxaca,15.736863,-96.169027
2542913433,Pachycereus pecten-aboriginum,Oaxaca,15.737128,-96.170366
2543034703,Pachycereus pecten-aboriginum,Oaxaca,15.737132,-96.170609
1850962961,Pachycereus pecten-aboriginum,Oaxaca,15.737232,-96.14622
2901535995,Pachycereus pecten-aboriginum,Oaxaca,15.737297,-96.146423
2802584473,Pachycereus pecten-aboriginum,Oaxaca,15.737422,-96.146196
3096996501,Pachycereus pecten-aboriginum,Oaxaca,15.737643,-96.1439
3097090539,Pachycereus pecten-aboriginum,Oaxaca,15.737708,-96.145836
2005272042,Pachycereus pecten-aboriginum,Oaxaca,15.737717,-96.202273
2465139672,Pachycereus pecten-aboriginum,Oaxaca,15.737749,-96.17189
4012038371,Pachycereus pecten-aboriginum,Oaxaca,15.737848,-96.145979
3079707846,Pachycereus pecten-aboriginum,Oaxaca,15.737854,-96.145919
3468921507,Pachycereus pecten-aboriginum,Oaxaca,15.737883,-96.145566
3743297515,Pachycereus pecten-aboriginum,Oaxaca,15.737961,-96.145751
2963945083,Pachycereus pecten-aboriginum,Oaxaca,15.737969,-96.128148
2963926128,Pachycereus pecten-aboriginum,Oaxaca,15.73797,-96.128314
3090712075,Pachycereus pecten-aboriginum,Oaxaca,15.737991,-96.130205
3044726415,Pachycereus pecten-aboriginum,Oaxaca,15.737996,-96.14509
1802778240,Pachycereus pecten-aboriginum,Oaxaca,15.73803,-96.144839
3044607097,Pachycereus pecten-aboriginum,Oaxaca,15.738075,-96.145691
3466260440,Pachycereus pecten-aboriginum,Oaxaca,15.738124,-96.144865
3986204073,Pachycereus pecten-aboriginum,Oaxaca,15.738155,-96.145767
2626440630,Pachycereus pecten-aboriginum,Oaxaca,15.738174,-96.128137
2873929669,Pachycereus pecten-aboriginum,Oaxaca,15.738187,-96.145736
3039487458,Pachycereus pecten-aboriginum,Oaxaca,15.738216,-96.128193
3044926292,Pachycereus pecten-aboriginum,Oaxaca,15.738228,-96.128246
4442516106,Pachycereus pecten-aboriginum,Oaxaca,15.738241,-96.128038
2626105164,Pachycereus pecten-aboriginum,Oaxaca,15.738272,-96.128587
2802740373,Pachycereus pecten-aboriginum,Oaxaca,15.738342,-96.130147
3039391771,Pachycereus pecten-aboriginum,Oaxaca,15.738373,-96.128113
3031717820,Pachycereus pecten-aboriginum,Oaxaca,15.738423,-96.128285
3039399782,Pachycereus pecten-aboriginum,Oaxaca,15.738474,-96.128138
2626124217,Pachycereus pecten-aboriginum,Oaxaca,15.738525,-96.127927
1837762756,Pachycereus pecten-aboriginum,Oaxaca,15.738583,-96.1467
3408167990,Pachycereus pecten-aboriginum,Oaxaca,15.738767,-96.127885
3058685025,Pachycereus pecten-aboriginum,Oaxaca,15.738821,-96.146983
3058729249,Pachycereus pecten-aboriginum,Oaxaca,15.738949,-96.13202
2851004222,Pachycereus pecten-aboriginum,Oaxaca,15.739223,-96.131894
4046281764,Pachycereus pecten-aboriginum,Oaxaca,15.739249,-96.131499
3455383845,Pachycereus pecten-aboriginum,Oaxaca,15.739383,-96.13153
3499725371,Pachycereus pecten-aboriginum,Oaxaca,15.739408,-96.131821
3399391579,Pachycereus pecten-aboriginum,Oaxaca,15.739444,-96.131667
2028515799,Pachycereus pecten-aboriginum,Oaxaca,15.739445,-96.131943
3070433723,Pachycereus pecten-aboriginum,Oaxaca,15.739468,-96.128679
3059110724,Pachycereus pecten-aboriginum,Oaxaca,15.7395,-96.131859
1837761796,Pachycereus pecten-aboriginum,Oaxaca,15.73951,-96.131699
2465236717,Pachycereus pecten-aboriginum,Oaxaca,15.739524,-96.131511
1850926371,Pachycereus pecten-aboriginum,Oaxaca,15.739542,-96.131752
1850925004,Pachycereus pecten-aboriginum,Oaxaca,15.73956,-96.131752
1837761841,Pachycereus pecten-aboriginum,Oaxaca,15.739567,-96.131615
3124826756,Pachycereus pecten-aboriginum,Oaxaca,15.739576,-96.131622
2864690441,Pachycereus pecten-aboriginum,Oaxaca,15.739632,-96.131516
3456672640,Pachycereus pecten-aboriginum,Oaxaca,15.739663,-96.131536
2006067262,Pachycereus pecten-aboriginum,Oaxaca,15.739665,-96.131439
3044897104,Pachycereus pecten-aboriginum,Oaxaca,15.739714,-96.131577
3044894129,Pachycereus pecten-aboriginum,Oaxaca,15.739792,-96.131493
3044850081,Pachycereus pecten-aboriginum,Oaxaca,15.739793,-96.131493
3335392744,Pachycereus pecten-aboriginum,Oaxaca,15.740973,-96.203812
2563635984,Pachycereus pecten-aboriginum,Oaxaca,15.74324,-96.126837
2005265981,Pachycereus pecten-aboriginum,Oaxaca,15.743272,-96.127106
2864769574,Pachycereus pecten-aboriginum,Oaxaca,15.746868,-96.130346
1802770432,Pachycereus pecten-aboriginum,Oaxaca,15.746906,-96.130199
1946323371,Pachycereus pecten-aboriginum,Oaxaca,15.747,-96.202065
1990528176,Pachycereus pecten-aboriginum,Oaxaca,15.748061,-96.202789
1880483266,Pachycereus pecten-aboriginum,Oaxaca,15.750636,-96.169872
4076066347,Pachycereus pecten-aboriginum,Oaxaca,15.750958,-96.124318
3499436659,Pachycereus pecten-aboriginum,Oaxaca,15.751317,-96.124961
3499467547,Pachycereus pecten-aboriginum,Oaxaca,15.751638,-96.125114
3118365556,Pachycereus pecten-aboriginum,Oaxaca,15.751653,-96.125571
3947498530,Pachycereus pecten-aboriginum,Oaxaca,15.751662,-96.125565
3860789532,Pachycereus pecten-aboriginum,Oaxaca,15.751887,-96.125577
3456776143,Pachycereus pecten-aboriginum,Oaxaca,15.752246,-96.20385
3333239611,Pachycereus pecten-aboriginum,Oaxaca,15.752424,-96.203752
4075841801,Pachycereus pecten-aboriginum,Oaxaca,15.752499,-96.125481
3988601113,Pachycereus pecten-aboriginum,Oaxaca,15.752823,-96.126291
3068021520,Pachycereus pecten-aboriginum,Oaxaca,15.753314,-96.125486
1837780016,Pachycereus pecten-aboriginum,Oaxaca,15.753582,-96.188187
4076400644,Pachycereus pecten-aboriginum,Oaxaca,15.753911,-96.147858
1837779997,Pachycereus pecten-aboriginum,Oaxaca,15.753995,-96.188965
2251896071,Pachycereus pecten-aboriginum,Oaxaca,15.754184,-96.130379
3097260507,Pachycereus pecten-aboriginum,Oaxaca,15.754929,-96.14624
2634507524,Pachycereus pecten-aboriginum,Oaxaca,15.755287,-96.14457
3044609147,Pachycereus pecten-aboriginum,Oaxaca,15.75541,-96.153557
3044566118,Pachycereus pecten-aboriginum,Oaxaca,15.755838,-96.165779
4500841370,Pachycereus pecten-aboriginum,Oaxaca,15.756103,-96.16153
1880652765,Pachycereus pecten-aboriginum,Oaxaca,15.757891,-96.205142
1831223167,Pachycereus pecten-aboriginum,Oaxaca,15.758595,-96.133332
2620079047,Pachycereus pecten-aboriginum,Oaxaca,15.759082,-96.130856
2620027609,Pachycereus pecten-aboriginum,Oaxaca,15.761472,-96.131144
4102842370,Pachycereus pecten-aboriginum,Oaxaca,15.761913,-96.137375
3058994931,Pachycereus pecten-aboriginum,Oaxaca,15.76199,-96.186264
4112098244,Pachycereus pecten-aboriginum,Oaxaca,15.762194,-96.138543
4111609815,Pachycereus pecten-aboriginum,Oaxaca,15.762232,-96.138689
2620122978,Pachycereus pecten-aboriginum,Oaxaca,15.762407,-96.132766
4420927495,Pachycereus pecten-aboriginum,Oaxaca,15.762572,-96.141594
3385170406,Pachycereus pecten-aboriginum,Oaxaca,15.763036,-96.187917
1850934679,Pachycereus pecten-aboriginum,Oaxaca,15.763551,-96.112282
1847468087,Pachycereus pecten-aboriginum,Oaxaca,15.763882,-96.192877
1837768309,Pachycereus pecten-aboriginum,Oaxaca,15.763968,-96.188919
2619987984,Pachycereus pecten-aboriginum,Oaxaca,15.764128,-96.113864
3058982017,Pachycereus pecten-aboriginum,Oaxaca,15.764137,-96.18898
2611004936,Pachycereus pecten-aboriginum,Oaxaca,15.764139,-96.1891
2239030639,Pachycereus pecten-aboriginum,Oaxaca,15.764158,-96.113516
2611060955,Pachycereus pecten-aboriginum,Oaxaca,15.76423,-96.18912
4171492520,Pachycereus pecten-aboriginum,Oaxaca,15.76425,-96.189112
3469036439,Pachycereus pecten-aboriginum,Oaxaca,15.764358,-96.096974
2802576361,Pachycereus pecten-aboriginum,Oaxaca,15.765371,-96.193256
3097335460,Pachycereus pecten-aboriginum,Oaxaca,15.766151,-96.136159
4171830739,Pachycereus pecten-aboriginum,Oaxaca,15.766155,-96.136131
3903209171,Pachycereus pecten-aboriginum,Oaxaca,15.766232,-96.194321
4126862089,Pachycereus pecten-aboriginum,Oaxaca,15.766355,-96.135294
3327749406,Pachycereus pecten-aboriginum,Oaxaca,15.766373,-96.158944
2242810758,Pachycereus pecten-aboriginum,Oaxaca,15.76659,-96.192522
2596112683,Pachycereus pecten-aboriginum,Oaxaca,15.766639,-96.115388
2456538724,Pachycereus pecten-aboriginum,Oaxaca,15.76683,-96.13561
3031790943,Pachycereus pecten-aboriginum,Oaxaca,15.767005,-96.134279
3335355134,Pachycereus pecten-aboriginum,Oaxaca,15.767225,-96.134349
2005259879,Pachycereus pecten-aboriginum,Oaxaca,15.767299,-96.134276
1850934931,Pachycereus pecten-aboriginum,Oaxaca,15.767301,-96.133872
2611013933,Pachycereus pecten-aboriginum,Oaxaca,15.767306,-96.19151
1848769811,Pachycereus pecten-aboriginum,Oaxaca,15.76732,-96.134268
1848769643,Pachycereus pecten-aboriginum,Oaxaca,15.767405,-96.133976
3044760495,Pachycereus pecten-aboriginum,Oaxaca,15.767425,-96.191895
1848769747,Pachycereus pecten-aboriginum,Oaxaca,15.767433,-96.134341
3961494365,Pachycereus pecten-aboriginum,Oaxaca,15.767505,-96.135415
1850934956,Pachycereus pecten-aboriginum,Oaxaca,15.767549,-96.134426
2596413101,Pachycereus pecten-aboriginum,Oaxaca,15.767641,-96.133634
2619911873,Pachycereus pecten-aboriginum,Oaxaca,15.767642,-96.135527
2619886117,Pachycereus pecten-aboriginum,Oaxaca,15.767675,-96.134708
2596404158,Pachycereus pecten-aboriginum,Oaxaca,15.767677,-96.134456
2596359085,Pachycereus pecten-aboriginum,Oaxaca,15.767734,-96.133601
3302321574,Pachycereus pecten-aboriginum,Oaxaca,15.767828,-96.134156
2802564334,Pachycereus pecten-aboriginum,Oaxaca,15.767857,-96.133944
2999095099,Pachycereus pecten-aboriginum,Oaxaca,15.76789,-96.134169
3031694851,Pachycereus pecten-aboriginum,Oaxaca,15.76791,-96.133917
1848769734,Pachycereus pecten-aboriginum,Oaxaca,15.767945,-96.135879
2597760877,Pachycereus pecten-aboriginum,Oaxaca,15.767955,-96.135698
1850927144,Pachycereus pecten-aboriginum,Oaxaca,15.768028,-96.133957
2609201783,Pachycereus pecten-aboriginum,Oaxaca,15.768126,-96.13361
1848769583,Pachycereus pecten-aboriginum,Oaxaca,15.768136,-96.13462
2620132593,Pachycereus pecten-aboriginum,Oaxaca,15.768181,-96.133939
1850926849,Pachycereus pecten-aboriginum,Oaxaca,15.768182,-96.133751
1898822597,Pachycereus pecten-aboriginum,Oaxaca,15.768192,-96.135094
1850926842,Pachycereus pecten-aboriginum,Oaxaca,15.768222,-96.133903
2028435339,Pachycereus pecten-aboriginum,Oaxaca,15.768238,-96.133924
3058972714,Pachycereus pecten-aboriginum,Oaxaca,15.768246,-96.134613
1850925949,Pachycereus pecten-aboriginum,Oaxaca,15.768282,-96.134056
1850926681,Pachycereus pecten-aboriginum,Oaxaca,15.768303,-96.134064
2609104168,Pachycereus pecten-aboriginum,Oaxaca,15.76832,-96.136241
3112529749,Pachycereus pecten-aboriginum,Oaxaca,15.768348,-96.134163
2005259878,Pachycereus pecten-aboriginum,Oaxaca,15.76836,-96.135925
1898822135,Pachycereus pecten-aboriginum,Oaxaca,15.768386,-96.134208
3070524522,Pachycereus pecten-aboriginum,Oaxaca,15.76839,-96.135406
1850925954,Pachycereus pecten-aboriginum,Oaxaca,15.768403,-96.134057
1836571308,Pachycereus pecten-aboriginum,Oaxaca,15.768415,-96.134163
3031945781,Pachycereus pecten-aboriginum,Oaxaca,15.768425,-96.133733
2802620332,Pachycereus pecten-aboriginum,Oaxaca,15.768445,-96.13595
3058880932,Pachycereus pecten-aboriginum,Oaxaca,15.768501,-96.13469
3044681703,Pachycereus pecten-aboriginum,Oaxaca,15.768594,-96.129948
2802773360,Pachycereus pecten-aboriginum,Oaxaca,15.76862,-96.193065
1848769794,Pachycereus pecten-aboriginum,Oaxaca,15.768652,-96.136626
1850926845,Pachycereus pecten-aboriginum,Oaxaca,15.768681,-96.134053
2999037156,Pachycereus pecten-aboriginum,Oaxaca,15.768695,-96.135625
2596364150,Pachycereus pecten-aboriginum,Oaxaca,15.76875,-96.133604
2901824010,Pachycereus pecten-aboriginum,Oaxaca,15.768758,-96.132423
2619931898,Pachycereus pecten-aboriginum,Oaxaca,15.768785,-96.135804
3743223272,Pachycereus pecten-aboriginum,Oaxaca,15.768832,-96.199478
3764247408,Pachycereus pecten-aboriginum,Oaxaca,15.7689,-96.199684
2236262145,Pachycereus pecten-aboriginum,Oaxaca,15.768965,-96.195648
3301922606,Pachycereus pecten-aboriginum,Oaxaca,15.769026,-96.135646
3947664526,Pachycereus pecten-aboriginum,Oaxaca,15.769068,-96.136703
2901582016,Pachycereus pecten-aboriginum,Oaxaca,15.769075,-96.131989
3764141430,Pachycereus pecten-aboriginum,Oaxaca,15.769093,-96.199814
2620049726,Pachycereus pecten-aboriginum,Oaxaca,15.769146,-96.134572
3044564305,Pachycereus pecten-aboriginum,Oaxaca,15.769158,-96.13536
2460038653,Pachycereus pecten-aboriginum,Oaxaca,15.769175,-96.136751
2626142131,Pachycereus pecten-aboriginum,Oaxaca,15.769193,-96.135297
2597922722,Pachycereus pecten-aboriginum,Oaxaca,15.769204,-96.135978
2883099855,Pachycereus pecten-aboriginum,Oaxaca,15.769214,-96.200002
2456540415,Pachycereus pecten-aboriginum,Oaxaca,15.769278,-96.191471
4510356605,Pachycereus pecten-aboriginum,Oaxaca,15.769305,-96.135706
1850926697,Pachycereus pecten-aboriginum,Oaxaca,15.769349,-96.133843
2619906552,Pachycereus pecten-aboriginum,Oaxaca,15.769351,-96.134332
2239004389,Pachycereus pecten-aboriginum,Oaxaca,15.76937,-96.136398
3468750151,Pachycereus pecten-aboriginum,Oaxaca,15.769437,-96.135402
2596302872,Pachycereus pecten-aboriginum,Oaxaca,15.769501,-96.134726
2802924390,Pachycereus pecten-aboriginum,Oaxaca,15.769658,-96.136894
2609207478,Pachycereus pecten-aboriginum,Oaxaca,15.76966,-96.134577
2802602841,Pachycereus pecten-aboriginum,Oaxaca,15.769744,-96.135674
2611007474,Pachycereus pecten-aboriginum,Oaxaca,15.769867,-96.134779
2239004133,Pachycereus pecten-aboriginum,Oaxaca,15.769887,-96.136555
2609338296,Pachycereus pecten-aboriginum,Oaxaca,15.769988,-96.135042
2596190917,Pachycereus pecten-aboriginum,Oaxaca,15.770152,-96.132652
2596435483,Pachycereus pecten-aboriginum,Oaxaca,15.770187,-96.135988
4510118541,Pachycereus pecten-aboriginum,Oaxaca,15.770213,-96.13582
2596288971,Pachycereus pecten-aboriginum,Oaxaca,15.77032,-96.134203
2597800961,Pachycereus pecten-aboriginum,Oaxaca,15.770383,-96.13646
2236220620,Pachycereus pecten-aboriginum,Oaxaca,15.77041,-96.320169
2597829760,Pachycereus pecten-aboriginum,Oaxaca,15.770686,-96.136697
2626101868,Pachycereus pecten-aboriginum,Oaxaca,15.770739,-96.136279
2634266685,Pachycereus pecten-aboriginum,Oaxaca,15.770798,-96.196869
2634035806,Pachycereus pecten-aboriginum,Oaxaca,15.770826,-96.122278
2611424204,Pachycereus pecten-aboriginum,Oaxaca,15.771002,-96.136965
2239004910,Pachycereus pecten-aboriginum,Oaxaca,15.771039,-96.136748
2269271711,Pachycereus pecten-aboriginum,Oaxaca,15.771052,-96.247818
2609224058,Pachycereus pecten-aboriginum,Oaxaca,15.77118,-96.136785
2597757904,Pachycereus pecten-aboriginum,Oaxaca,15.7712,-96.136749
4063118902,Pachycereus pecten-aboriginum,Oaxaca,15.771408,-96.13696
2802585765,Pachycereus pecten-aboriginum,Oaxaca,15.771453,-96.135173
2802803347,Pachycereus pecten-aboriginum,Oaxaca,15.771481,-96.20101
1913152692,Pachycereus pecten-aboriginum,Oaxaca,15.771592,-96.190483
3947537542,Pachycereus pecten-aboriginum,Oaxaca,15.771678,-96.136749
2239004085,Pachycereus pecten-aboriginum,Oaxaca,15.771722,-96.136902
3097263196,Pachycereus pecten-aboriginum,Oaxaca,15.771723,-96.193634
1946322002,Pachycereus pecten-aboriginum,Oaxaca,15.771726,-96.136726
2634105402,Pachycereus pecten-aboriginum,Oaxaca,15.771744,-96.137163
2239000807,Pachycereus pecten-aboriginum,Oaxaca,15.771755,-96.136177
2239001159,Pachycereus pecten-aboriginum,Oaxaca,15.771818,-96.136215
2596286945,Pachycereus pecten-aboriginum,Oaxaca,15.771831,-96.135755
2239005293,Pachycereus pecten-aboriginum,Oaxaca,15.771957,-96.139305
2597759765,Pachycereus pecten-aboriginum,Oaxaca,15.771973,-96.137137
2802918496,Pachycereus pecten-aboriginum,Oaxaca,15.772026,-96.200755
2611214265,Pachycereus pecten-aboriginum,Oaxaca,15.772032,-96.136961
2609121374,Pachycereus pecten-aboriginum,Oaxaca,15.772049,-96.136153
2597762751,Pachycereus pecten-aboriginum,Oaxaca,15.77206,-96.136281
3947541625,Pachycereus pecten-aboriginum,Oaxaca,15.772091,-96.137108
2609178339,Pachycereus pecten-aboriginum,Oaxaca,15.772143,-96.137191
2882991770,Pachycereus pecten-aboriginum,Oaxaca,15.772294,-96.201187
2626285475,Pachycereus pecten-aboriginum,Oaxaca,15.772342,-96.124771
2619876827,Pachycereus pecten-aboriginum,Oaxaca,15.77251,-96.131263
3330442619,Pachycereus pecten-aboriginum,Oaxaca,15.772554,-96.199341
1920852920,Pachycereus pecten-aboriginum,Oaxaca,15.77256,-96.199502
1836600595,Pachycereus pecten-aboriginum,Oaxaca,15.77266,-96.199211
1836600589,Pachycereus pecten-aboriginum,Oaxaca,15.772661,-96.199203
1946323390,Pachycereus pecten-aboriginum,Oaxaca,15.772902,-96.198278
2802555337,Pachycereus pecten-aboriginum,Oaxaca,15.77304,-96.200248
2802609462,Pachycereus pecten-aboriginum,Oaxaca,15.773455,-96.200995
2529267451,Pachycereus pecten-aboriginum,Oaxaca,15.773581,-96.200336
2445046135,Pachycereus pecten-aboriginum,Oaxaca,15.773584,-96.199534
4510188232,Pachycereus pecten-aboriginum,Oaxaca,15.773613,-96.200416
2445054175,Pachycereus pecten-aboriginum,Oaxaca,15.773628,-96.199533
3058869555,Pachycereus pecten-aboriginum,Oaxaca,15.773993,-96.131071
3058841588,Pachycereus pecten-aboriginum,Oaxaca,15.774165,-96.130236
2236262257,Pachycereus pecten-aboriginum,Oaxaca,15.774761,-96.200768
3947420538,Pachycereus pecten-aboriginum,Oaxaca,15.77494,-96.202298
1836594913,Pachycereus pecten-aboriginum,Oaxaca,15.77539,-96.207497
2802612363,Pachycereus pecten-aboriginum,Oaxaca,15.77606,-96.200935
3383959911,Pachycereus pecten-aboriginum,Oaxaca,15.777328,-96.175278
1931487061,Pachycereus pecten-aboriginum,Oaxaca,15.778187,-96.13961
1913157057,Pachycereus pecten-aboriginum,Oaxaca,15.778245,-96.156509
2242902377,Pachycereus pecten-aboriginum,Oaxaca,15.778628,-96.174484
3391295488,Pachycereus pecten-aboriginum,Oaxaca,15.778744,-96.185287
2802925338,Pachycereus pecten-aboriginum,Oaxaca,15.779328,-96.199261
2802914368,Pachycereus pecten-aboriginum,Oaxaca,15.779482,-96.199234
3391342448,Pachycereus pecten-aboriginum,Oaxaca,15.77989,-96.199242
3090749909,Pachycereus pecten-aboriginum,Oaxaca,15.779988,-96.211205
2005268115,Pachycereus pecten-aboriginum,Oaxaca,15.780217,-96.268572
2236221484,Pachycereus pecten-aboriginum,Oaxaca,15.78028,-96.19915
3090791611,Pachycereus pecten-aboriginum,Oaxaca,15.780302,-96.209068
2901727241,Pachycereus pecten-aboriginum,Oaxaca,15.78056,-96.071732
1920782025,Pachycereus pecten-aboriginum,Oaxaca,15.780653,-96.211685
3059096601,Pachycereus pecten-aboriginum,Oaxaca,15.781921,-96.059929
2802611457,Pachycereus pecten-aboriginum,Oaxaca,15.782383,-96.204245
2236866935,Pachycereus pecten-aboriginum,Oaxaca,15.782634,-96.154564
2611290083,Pachycereus pecten-aboriginum,Oaxaca,15.78284,-96.20359
2518140354,Pachycereus pecten-aboriginum,Oaxaca,15.783721,-96.202105
3059040839,Pachycereus pecten-aboriginum,Oaxaca,15.785157,-96.058418
3712692056,Pachycereus pecten-aboriginum,Oaxaca,15.785388,-96.058159
2236867831,Pachycereus pecten-aboriginum,Oaxaca,15.786319,-96.143387
2236867383,Pachycereus pecten-aboriginum,Oaxaca,15.786427,-96.143524
2236865977,Pachycereus pecten-aboriginum,Oaxaca,15.786712,-96.143684
3124744641,Pachycereus pecten-aboriginum,Oaxaca,15.786997,-96.223432
3881474141,Pachycereus pecten-aboriginum,Oaxaca,15.788583,-96.051139
1836670542,Pachycereus pecten-aboriginum,Oaxaca,15.789611,-96.051557
4522479404,Pachycereus pecten-aboriginum,Oaxaca,15.793119,-96.22111
3399497408,Pachycereus pecten-aboriginum,Oaxaca,15.793687,-96.115318
3398990374,Pachycereus pecten-aboriginum,Oaxaca,15.793805,-96.114937
3399252439,Pachycereus pecten-aboriginum,Oaxaca,15.794467,-96.1157
4442412464,Pachycereus pecten-aboriginum,Oaxaca,15.794531,-96.113333
3456782251,Pachycereus pecten-aboriginum,Oaxaca,15.794636,-96.113876
3455443435,Pachycereus pecten-aboriginum,Oaxaca,15.796789,-96.23306
3499523946,Pachycereus pecten-aboriginum,Oaxaca,15.806152,-96.009712
3947380530,Pachycereus pecten-aboriginum,Oaxaca,15.806529,-96.008148
3008534830,Pachycereus pecten-aboriginum,Oaxaca,15.809822,-96.073735
2273285649,Pachycereus pecten-aboriginum,Oaxaca,15.810864,-96.068527
4414286471,Pachycereus pecten-aboriginum,Oaxaca,15.811008,-96.076478
2465266589,Pachycereus pecten-aboriginum,Oaxaca,15.811393,-96.072357
4414287809,Pachycereus pecten-aboriginum,Oaxaca,15.811555,-96.075967
4014929948,Pachycereus pecten-aboriginum,Oaxaca,15.81247,-96.076338
4039541495,Pachycereus pecten-aboriginum,Oaxaca,15.812508,-96.076125
2540897753,Pachycereus pecten-aboriginum,Oaxaca,15.8128,-96.051001
2882966636,Pachycereus pecten-aboriginum,Oaxaca,15.812845,-95.985858
2988615742,Pachycereus pecten-aboriginum,Oaxaca,15.813834,-95.983653
3097013468,Pachycereus pecten-aboriginum,Oaxaca,15.819713,-96.194362
1896093949,Pachycereus pecten-aboriginum,Oaxaca,15.844667,-95.972861
2860062250,Pachycereus pecten-aboriginum,Oaxaca,15.845834,-97.051391
3698384019,Pachycereus pecten-aboriginum,Oaxaca,15.85271,-96.405567
3302479937,Pachycereus pecten-aboriginum,Oaxaca,15.853563,-97.05587
4067578564,Pachycereus pecten-aboriginum,Oaxaca,15.858288,-97.073351
4029087479,Pachycereus pecten-aboriginum,Oaxaca,15.859785,-97.080079
3308079280,Pachycereus pecten-aboriginum,Oaxaca,15.86722,-95.91306
1897570256,Pachycereus pecten-aboriginum,Oaxaca,15.867222,-95.913055
3308632533,Pachycereus pecten-aboriginum,Oaxaca,15.87333,-95.91528
1897570238,Pachycereus pecten-aboriginum,Oaxaca,15.873333,-95.915278
3759646991,Pachycereus pecten-aboriginum,Oaxaca,15.901448,-96.938699
4011909911,Pachycereus pecten-aboriginum,Oaxaca,15.913746,-95.840709
3391502442,Pachycereus pecten-aboriginum,Oaxaca,15.916581,-97.076584
4431056788,Pachycereus pecten-aboriginum,Oaxaca,15.919794,-95.759135
4516392463,Pachycereus pecten-aboriginum,Oaxaca,15.946931,-95.583746
4516375598,Pachycereus pecten-aboriginum,Oaxaca,15.94701,-95.583759
4516910397,Pachycereus pecten-aboriginum,Oaxaca,15.950258,-95.581242
1895768382,Pachycereus pecten-aboriginum,Oaxaca,15.9595434,-95.6560087
4405298953,Pachycereus pecten-aboriginum,Oaxaca,15.978292,-97.661094
3903228727,Pachycereus pecten-aboriginum,Oaxaca,15.982704,-97.725343
1419192165,Pachycereus pecten-aboriginum,Oaxaca,15.986667,-95.673889
1227723107,Pachycereus pecten-aboriginum,Oaxaca,15.987318,-97.627258
1897570226,Pachycereus pecten-aboriginum,Oaxaca,15.992778,-95.664444
3308559162,Pachycereus pecten-aboriginum,Oaxaca,15.99278,-95.66444
2460022778,Pachycereus pecten-aboriginum,Oaxaca,16.006145,-95.442108
2980797281,Pachycereus pecten-aboriginum,Oaxaca,16.024567,-95.370308
3067813628,Pachycereus pecten-aboriginum,Oaxaca,16.028295,-95.379532
2237433580,Pachycereus pecten-aboriginum,Oaxaca,16.029769,-95.372712
2237434807,Pachycereus pecten-aboriginum,Oaxaca,16.030086,-95.373212
3067944741,Pachycereus pecten-aboriginum,Oaxaca,16.030844,-95.378193
3070449378,Pachycereus pecten-aboriginum,Oaxaca,16.032084,-95.37637
3858162356,Pachycereus pecten-aboriginum,Oaxaca,16.035256,-95.414863
2980865210,Pachycereus pecten-aboriginum,Oaxaca,16.0358,-95.377075
3014013546,Pachycereus pecten-aboriginum,Oaxaca,16.189463,-95.295053
4400346068,Pachycereus pecten-aboriginum,Oaxaca,16.235186,-94.084431
1893665694,Pachycereus pecten-aboriginum,Oaxaca,16.323333,-95.236667
4522754884,Pachycereus pecten-aboriginum,Oaxaca,16.328558,-95.229164
4522756689,Pachycereus pecten-aboriginum,Oaxaca,16.328606,-95.229094
4522721675,Pachycereus pecten-aboriginum,Oaxaca,16.33015,-95.230719
2814188308,Pachycereus pecten-aboriginum,Oaxaca,16.330505,-95.299722
4416832426,Pachycereus pecten-aboriginum,Oaxaca,16.333016,-95.025666
4111988495,Pachycereus pecten-aboriginum,Oaxaca,16.334043,-95.016804
4116638213,Pachycereus pecten-aboriginum,Oaxaca,16.335313,-95.016714
3308264804,Pachycereus pecten-aboriginum,Oaxaca,16.335556,-95.278056
3705448008,Pachycereus pecten-aboriginum,Oaxaca,16.335922,-95.016609
4112221479,Pachycereus pecten-aboriginum,Oaxaca,16.354031,-95.016457
2563575763,Pachycereus pecten-aboriginum,Oaxaca,16.361906,-95.016946
4080624976,Pachycereus pecten-aboriginum,Oaxaca,16.366001,-94.959728
2242893858,Pachycereus pecten-aboriginum,Oaxaca,16.374753,-95.019694
4116413777,Pachycereus pecten-aboriginum,Oaxaca,16.381955,-95.307818
4522713599,Pachycereus pecten-aboriginum,Oaxaca,16.392764,-95.388275
4522751573,Pachycereus pecten-aboriginum,Oaxaca,16.393014,-95.388244
4522778787,Pachycereus pecten-aboriginum,Oaxaca,16.393147,-95.388353
219012834,Pachycereus pecten-aboriginum,Oaxaca,16.429167,-95.59
3308472067,Pachycereus pecten-aboriginum,Oaxaca,16.42917,-95.59
2465295831,Pachycereus pecten-aboriginum,Oaxaca,16.45898,-95.438884
4102573527,Pachycereus pecten-aboriginum,Oaxaca,16.524707,-95.094794
4420957515,Pachycereus pecten-aboriginum,Oaxaca,16.525118,-95.094917
3873087086,Pachycereus pecten-aboriginum,Oaxaca,16.53184,-95.200804
4022180506,Pachycereus pecten-aboriginum,Oaxaca,16.539368,-94.999783
1500305108,Pachycereus pecten-aboriginum,Oaxaca,16.55986,-94.76532
4080668886,Pachycereus pecten-aboriginum,Oaxaca,16.564511,-94.902034
1895768543,Pachycereus pecten-aboriginum,Oaxaca,16.571944,-95.485833
1897486936,Pachycereus pecten-aboriginum,Oaxaca,16.574,-95.170583
3039146284,Pachycereus pecten-aboriginum,Oaxaca,16.581913,-95.216578
3759234033,Pachycereus pecten-aboriginum,Oaxaca,16.582525,-94.869778
4171874595,Pachycereus pecten-aboriginum,Oaxaca,16.582793,-94.87073
4130092528,Pachycereus pecten-aboriginum,Oaxaca,16.583995,-94.871112
2901526579,Pachycereus pecten-aboriginum,Oaxaca,16.585936,-96.364976
4111848427,Pachycereus pecten-aboriginum,Oaxaca,16.586256,-94.873755
4080502924,Pachycereus pecten-aboriginum,Oaxaca,16.58679,-94.872801
2802770376,Pachycereus pecten-aboriginum,Oaxaca,16.59392,-94.832474
2901794592,Pachycereus pecten-aboriginum,Oaxaca,16.594012,-96.35961
4522717133,Pachycereus pecten-aboriginum,Oaxaca,16.599567,-95.22995
4138641881,Pachycereus pecten-aboriginum,Oaxaca,16.601207,-96.330837
4067313927,Pachycereus pecten-aboriginum,Oaxaca,16.603869,-94.843333
4453707071,Pachycereus pecten-aboriginum,Oaxaca,16.614767,-94.79763
3455634041,Pachycereus pecten-aboriginum,Oaxaca,16.617694,-96.055318
4121389140,Pachycereus pecten-aboriginum,Oaxaca,16.61875,-94.971542
4134095380,Pachycereus pecten-aboriginum,Oaxaca,16.620865,-95.233307
4103150916,Pachycereus pecten-aboriginum,Oaxaca,16.622461,-94.992822
3859682360,Pachycereus pecten-aboriginum,Oaxaca,16.628863,-94.98748
3307955364,Pachycereus pecten-aboriginum,Oaxaca,16.65806,-95.01111
2981075198,Pachycereus pecten-aboriginum,Oaxaca,16.679297,-96.2172
3308728854,Pachycereus pecten-aboriginum,Oaxaca,16.68278,-94.98442
3391314444,Pachycereus pecten-aboriginum,Oaxaca,16.693586,-96.32035
2802605349,Pachycereus pecten-aboriginum,Oaxaca,16.693647,-96.320342
4067325867,Pachycereus pecten-aboriginum,Oaxaca,16.693803,-96.320339
3746963554,Pachycereus pecten-aboriginum,Oaxaca,16.702562,-96.324635
3760129764,Pachycereus pecten-aboriginum,Oaxaca,16.706549,-95.005633
4454048703,Pachycereus pecten-aboriginum,Oaxaca,16.712959,-95.441503
3306200467,Pachycereus pecten-aboriginum,Oaxaca,16.727611,-96.319222
1258912800,Pachycereus pecten-aboriginum,Oaxaca,16.730278,-96.325556
3307620948,Pachycereus pecten-aboriginum,Oaxaca,16.7566542,-96.3409291
3888735332,Pachycereus pecten-aboriginum,Oaxaca,16.778684,-95.850979
3986064711,Pachycereus pecten-aboriginum,Oaxaca,16.863616,-96.275297
3344139462,Pachycereus pecten-aboriginum,Oaxaca,16.864012,-96.275862
4519255955,Pachycereus pecten-aboriginum,Oaxaca,16.879593,-96.268298
3398698525,Pachycereus pecten-aboriginum,Oaxaca,16.941056,-96.413722
4018151138,Pachycereus pecten-aboriginum,Oaxaca,16.954946,-96.451077
4014920980,Pachycereus pecten-aboriginum,Oaxaca,16.955816,-96.451471
4424194585,Pachycereus pecten-aboriginum,Oaxaca,17.042444,-96.767878
4400239785,Pachycereus pecten-aboriginum,Oaxaca,17.046445,-96.768519
4416862536,Pachycereus pecten-aboriginum,Oaxaca,17.167242,-96.803483
4512252014,Pachycereus pecten-aboriginum,Oaxaca,17.303486,-96.505844
4091377700,Pachycereus pecten-aboriginum,Oaxaca,17.305059,-96.525496
3067891266,Pachycereus weberi,Oaxaca,17.05666,-96.766632
4510183181,Pachycereus weberi,Oaxaca,17.056831,-96.765525
2814382953,Pachycereus weberi,Oaxaca,17.481187,-97.968951
3307669153,Pachycereus weberi,Oaxaca,17.488083,-96.939417
3308464139,Pachycereus weberi,Oaxaca,17.489528,-96.839444
4420715402,Pachycereus weberi,Oaxaca,17.584134,-96.8511
2422817322,Pachycereus weberi,Oaxaca,17.60969,-96.924434
1805401612,Pachycereus weberi,Oaxaca,17.635589,-96.913025
1805401749,Pachycereus weberi,Oaxaca,17.635636,-96.912803
1805401762,Pachycereus weberi,Oaxaca,17.635742,-96.912872
1933596078,Pachycereus weberi,Oaxaca,17.651083,-96.929371
2557760014,Pachycereus weberi,Oaxaca,17.690865,-96.954365
3384870811,Pachycereus weberi,Oaxaca,17.70756,-96.939205
2984524923,Pachycereus weberi,Oaxaca,17.713207,-96.937986
4399459380,Pachycereus weberi,Oaxaca,17.758333,-96.961111
2988687884,Pachycereus weberi,Oaxaca,17.776667,-98.111667
3773537263,Pachycereus weberi,Oaxaca,17.789461,-96.945196
4421028350,Pachycereus weberi,Oaxaca,17.789932,-96.843124
3772491098,Pachycereus weberi,Oaxaca,17.790129,-96.943919
3307780687,Pachycereus weberi,Oaxaca,17.7986,-96.9645
2596381983,Pachycereus weberi,Oaxaca,17.799363,-96.89107
4420808615,Pachycereus weberi,Oaxaca,17.821008,-96.840618
3384762026,Pachycereus weberi,Oaxaca,17.821123,-96.961544
4413759509,Pachycereus weberi,Oaxaca,17.823839,-96.961197
3385180726,Pachycereus weberi,Oaxaca,17.826139,-98.137299
2898257528,Pachycereus weberi,Oaxaca,17.836696,-96.9265
1586135772,Pachycereus weberi,Oaxaca,17.838499,-97.823622
1272093999,Pachycereus weberi,Oaxaca,17.844163,-97.017426
3355144363,Pachycereus weberi,Oaxaca,17.888727,-96.994186
2366122220,Pachycereus weberi,Oaxaca,17.889118,-96.973595
3902115540,Pachycereus weberi,Oaxaca,17.894158,-96.990908
2850621209,Pachycereus weberi,Oaxaca,17.896301,-96.972519
2850552233,Pachycereus weberi,Oaxaca,17.896505,-96.972347
4522647782,Pachycereus weberi,Oaxaca,17.900139,-97.005433
4522682813,Pachycereus weberi,Oaxaca,17.900214,-97.004211
2641488424,Pachycereus weberi,Oaxaca,17.900291,-96.982554
4522647781,Pachycereus weberi,Oaxaca,17.900589,-97.004867
4522660981,Pachycereus weberi,Oaxaca,17.906819,-97.007964
1306577972,Pachycereus weberi,Oaxaca,17.90708,-96.966856
1586933481,Pachycereus weberi,Oaxaca,17.912205,-96.985738
3308663211,Pachycereus weberi,Oaxaca,17.92333,-96.95361
4062650339,Pachycereus weberi,Oaxaca,17.928935,-96.993698
4522694904,Pachycereus weberi,Oaxaca,17.938783,-97.009444
2802566327,Pachycereus weberi,Oaxaca,17.955537,-97.022391
3859804763,Pachycereus weberi,Oaxaca,17.971967,-97.346931
3306199699,Pachycereus weberi,Oaxaca,18.002361,-97.061611
3307888700,Pachycereus weberi,Oaxaca,18.027,-97.033361
3784924988,Pachycereus weberi,Oaxaca,18.0733,-97.099619
3307792638,Pachycereus weberi,Oaxaca,18.134861,-97.099389
3902431800,Pachycereus weberi,Oaxaca,18.148931,-97.079111
4405040797,Pachycereus weberi,Oaxaca,18.154303,-97.273056
1211969482,Pachycereus weberi,Oaxaca,18.162682,-97.178761
2864717268,Peniocereus fosterianus,Oaxaca,15.600801,-96.04103
4103216650,Peniocereus fosterianus,Oaxaca,15.601853,-96.13657
3888868144,Peniocereus fosterianus,Oaxaca,15.603239,-96.083304
3456281773,Peniocereus fosterianus,Oaxaca,15.606962,-96.136547
3113585019,Peniocereus fosterianus,Oaxaca,15.60901,-96.059457
3986089097,Peniocereus fosterianus,Oaxaca,15.60931,-96.114641
3090562997,Peniocereus fosterianus,Oaxaca,15.609477,-96.068076
3124713283,Peniocereus fosterianus,Oaxaca,15.610435,-96.09903
2898380586,Peniocereus fosterianus,Oaxaca,15.614238,-96.056732
3760288584,Peniocereus fosterianus,Oaxaca,15.620181,-96.003841
3327925559,Peniocereus fosterianus,Oaxaca,15.621123,-96.359233
4153980335,Peniocereus fosterianus,Oaxaca,15.625635,-96.112007
4407099908,Peniocereus fosterianus,Oaxaca,15.62617,-96.018688
4022031564,Peniocereus fosterianus,Oaxaca,15.629837,-96.160049
3466188518,Peniocereus fosterianus,Oaxaca,15.631179,-96.146103
3335266451,Peniocereus fosterianus,Oaxaca,15.632947,-96.048945
2641332518,Peniocereus fosterianus,Oaxaca,15.635849,-96.199157
3988460174,Peniocereus fosterianus,Oaxaca,15.640348,-96.033359
3408240035,Peniocereus fosterianus,Oaxaca,15.641316,-96.140654
4413626806,Peniocereus fosterianus,Oaxaca,15.64231,-96.181292
2641356558,Peniocereus fosterianus,Oaxaca,15.643681,-96.165126
3070632615,Peniocereus fosterianus,Oaxaca,15.644181,-96.085993
4138430692,Peniocereus fosterianus,Oaxaca,15.64639,-96.129127
3705795145,Peniocereus fosterianus,Oaxaca,15.646869,-96.035316
3399244469,Peniocereus fosterianus,Oaxaca,15.650336,-96.180385
3784755058,Peniocereus fosterianus,Oaxaca,15.652685,-96.111425
3307367713,Peniocereus fosterianus,Oaxaca,15.653202,-96.187713
3355818723,Peniocereus fosterianus,Oaxaca,15.654984,-96.175625
2814355799,Peniocereus fosterianus,Oaxaca,15.655207,-96.687351
3090604036,Peniocereus fosterianus,Oaxaca,15.658091,-96.036829
3335193407,Peniocereus fosterianus,Oaxaca,15.662565,-96.18431
2850973055,Peniocereus fosterianus,Oaxaca,15.665364,-96.006418
3302059323,Peniocereus fosterianus,Oaxaca,15.673404,-96.178881
2429590053,Peniocereus fosterianus,Oaxaca,15.675251,-96.027676
4420690373,Peniocereus fosterianus,Oaxaca,15.677404,-96.013432
3090788897,Peniocereus fosterianus,Oaxaca,15.67861,-96.319976
3031902530,Peniocereus fosterianus,Oaxaca,15.684569,-96.167825
2429371541,Peniocereus fosterianus,Oaxaca,15.684961,-96.726728
3355364367,Peniocereus fosterianus,Oaxaca,15.687142,-96.085148
2634433858,Peniocereus fosterianus,Oaxaca,15.688042,-96.180425
2851273488,Peniocereus fosterianus,Oaxaca,15.689213,-96.15344
3321234551,Peniocereus fosterianus,Oaxaca,15.690105,-96.172367
4091782733,Peniocereus fosterianus,Oaxaca,15.690502,-96.158066
2634422897,Peniocereus fosterianus,Oaxaca,15.690935,-96.067453
3070643512,Peniocereus fosterianus,Oaxaca,15.696134,-96.115486
3097033629,Peniocereus fosterianus,Oaxaca,15.696283,-96.033426
3307371499,Peniocereus fosterianus,Oaxaca,15.701144,-96.117304
3320970531,Peniocereus fosterianus,Oaxaca,15.70142,-96.136547
3468942024,Peniocereus fosterianus,Oaxaca,15.702888,-96.147725
4413933670,Peniocereus fosterianus,Oaxaca,15.706441,-96.04701
4028633584,Peniocereus fosterianus,Oaxaca,15.707685,-96.028922
3044677415,Peniocereus fosterianus,Oaxaca,15.71093,-96.029585
2641501682,Peniocereus fosterianus,Oaxaca,15.712806,-96.065211
4022192774,Peniocereus fosterianus,Oaxaca,15.713375,-96.062171
3308006662,Peniocereus fosterianus,Oaxaca,15.71472,-96.31056
4075901835,Peniocereus fosterianus,Oaxaca,15.718909,-96.095426
3705471241,Peniocereus fosterianus,Oaxaca,15.719199,-96.107107
3705751023,Peniocereus fosterianus,Oaxaca,15.720209,-96.141604
3742980877,Peniocereus fosterianus,Oaxaca,15.720292,-96.095258
3320963481,Peniocereus fosterianus,Oaxaca,15.720969,-96.022527
4440694176,Peniocereus fosterianus,Oaxaca,15.721297,-96.109069
3314431713,Peniocereus fosterianus,Oaxaca,15.721345,-96.139472
3335220437,Peniocereus fosterianus,Oaxaca,15.724779,-96.11903
4171795951,Peniocereus fosterianus,Oaxaca,15.725217,-96.178298
4177144789,Peniocereus fosterianus,Oaxaca,15.72524,-96.081449
3384003365,Peniocereus fosterianus,Oaxaca,15.729693,-96.104847
3705449767,Peniocereus fosterianus,Oaxaca,15.731636,-96.003542
3031747808,Peniocereus fosterianus,Oaxaca,15.731716,-96.147136
3058907133,Peniocereus fosterianus,Oaxaca,15.734867,-96.028582
2901694203,Peniocereus fosterianus,Oaxaca,15.736454,-96.133122
3090878115,Peniocereus fosterianus,Oaxaca,15.73667,-96.135456
4405240661,Peniocereus fosterianus,Oaxaca,15.739239,-96.007477
2641422576,Peniocereus fosterianus,Oaxaca,15.742953,-96.094895
3873941373,Peniocereus fosterianus,Oaxaca,15.743569,-96.029127
3337596314,Peniocereus fosterianus,Oaxaca,15.744204,-96.38006
4171554362,Peniocereus fosterianus,Oaxaca,15.744436,-96.115061
3308153389,Peniocereus fosterianus,Oaxaca,15.74603,-96.1761
4029270551,Peniocereus fosterianus,Oaxaca,15.746058,-96.000915
3314394312,Peniocereus fosterianus,Oaxaca,15.746419,-96.142374
3455985564,Peniocereus fosterianus,Oaxaca,15.748685,-96.010404
3466387798,Peniocereus fosterianus,Oaxaca,15.748886,-96.056429
4022076534,Peniocereus fosterianus,Oaxaca,15.751275,-96.061819
3355261381,Peniocereus fosterianus,Oaxaca,15.752296,-96.158441
4022101443,Peniocereus fosterianus,Oaxaca,15.752678,-96.105028
2802809632,Peniocereus fosterianus,Oaxaca,15.752706,-96.023987
3456172637,Peniocereus fosterianus,Oaxaca,15.757827,-96.02779
4421114423,Peniocereus fosterianus,Oaxaca,15.75855,-96.035202
3070548422,Peniocereus fosterianus,Oaxaca,15.759411,-96.170976
4519275572,Peniocereus fosterianus,Oaxaca,15.760751,-96.024441
4420856389,Peniocereus fosterianus,Oaxaca,15.763795,-96.019731
4165544148,Peniocereus fosterianus,Oaxaca,15.764975,-96.043471
2988395583,Peniocereus fosterianus,Oaxaca,15.770504,-96.033585
3335310449,Peniocereus fosterianus,Oaxaca,15.771175,-96.131368
3308661752,Peniocereus fosterianus,Oaxaca,15.77303,-96.21606
1928770109,Peniocereus fosterianus,Oaxaca,15.78,-96.21439
4500938133,Peniocereus fosterianus,Oaxaca,15.780474,-96.116517
3466334912,Peniocereus fosterianus,Oaxaca,15.787315,-96.111231
3873193136,Peniocereus fosterianus,Oaxaca,15.788935,-96.080107
3391480617,Peniocereus fosterianus,Oaxaca,15.790082,-96.241407
3314377712,Peniocereus fosterianus,Oaxaca,15.792484,-96.09122
3321031555,Peniocereus fosterianus,Oaxaca,15.796095,-96.083902
3314410748,Peniocereus fosterianus,Oaxaca,15.798376,-96.172215
3308678547,Peniocereus fosterianus,Oaxaca,15.817,-96.083
1897566458,Peniocereus fosterianus,Oaxaca,15.840833,-95.9825
3302366212,Peniocereus fosterianus,Oaxaca,15.849496,-97.065734
219012170,Peniocereus fosterianus,Oaxaca,15.871944,-96.001389
3308583143,Peniocereus fosterianus,Oaxaca,15.87222,-95.87278
1897566411,Peniocereus fosterianus,Oaxaca,15.872222,-95.872778
1897566449,Peniocereus fosterianus,Oaxaca,15.873889,-96.005
3308634252,Peniocereus fosterianus,Oaxaca,15.87472,-96.00528
1257718136,Peniocereus fosterianus,Oaxaca,15.874722,-96.005278
3118433739,Peniocereus fosterianus,Oaxaca,15.915309,-96.134793
4420788420,Peniocereus fosterianus,Oaxaca,15.91558,-97.055062
3307805789,Peniocereus fosterianus,Oaxaca,16.36667,-95.26667
3308514676,Peniocereus fosterianus,Oaxaca,16.68083,-95.02778
1258387148,Peniocereus macdougallii,Oaxaca,16.34,-95.52
4076058559,Peniocereus oaxacensis,Oaxaca,15.600381,-96.016974
3058926693,Peniocereus oaxacensis,Oaxaca,15.600436,-96.059499
1850981380,Peniocereus oaxacensis,Oaxaca,15.600648,-96.100687
3873943194,Peniocereus oaxacensis,Oaxaca,15.600754,-96.059804
2883119748,Peniocereus oaxacensis,Oaxaca,15.602707,-96.190993
2294489720,Peniocereus oaxacensis,Oaxaca,15.602868,-96.059243
2611166240,Peniocereus oaxacensis,Oaxaca,15.602875,-96.247904
4420712397,Peniocereus oaxacensis,Oaxaca,15.603551,-96.165688
2883160758,Peniocereus oaxacensis,Oaxaca,15.604468,-96.020239
2028499243,Peniocereus oaxacensis,Oaxaca,15.605259,-96.378651
2465128200,Peniocereus oaxacensis,Oaxaca,15.605368,-96.188825
2634332331,Peniocereus oaxacensis,Oaxaca,15.605817,-96.056952
3070648395,Peniocereus oaxacensis,Oaxaca,15.605946,-96.17793
2999195105,Peniocereus oaxacensis,Oaxaca,15.606153,-96.121778
2634469275,Peniocereus oaxacensis,Oaxaca,15.606317,-96.051345
2988394879,Peniocereus oaxacensis,Oaxaca,15.606735,-96.094964
4500622818,Peniocereus oaxacensis,Oaxaca,15.60694,-96.413944
3333355573,Peniocereus oaxacensis,Oaxaca,15.607024,-96.394553
2574236500,Peniocereus oaxacensis,Oaxaca,15.607324,-96.035113
1847483657,Peniocereus oaxacensis,Oaxaca,15.607638,-96.227388
1850934689,Peniocereus oaxacensis,Oaxaca,15.608183,-96.192767
1838007262,Peniocereus oaxacensis,Oaxaca,15.608188,-96.220131
2465187673,Peniocereus oaxacensis,Oaxaca,15.608872,-96.010077
2609164948,Peniocereus oaxacensis,Oaxaca,15.60895,-96.158136
3307416169,Peniocereus oaxacensis,Oaxaca,15.609259,-96.108065
4076037556,Peniocereus oaxacensis,Oaxaca,15.609414,-96.143542
2850922577,Peniocereus oaxacensis,Oaxaca,15.609423,-96.164646
2028499262,Peniocereus oaxacensis,Oaxaca,15.61057,-96.391747
2802734001,Peniocereus oaxacensis,Oaxaca,15.610894,-96.090774
4414249431,Peniocereus oaxacensis,Oaxaca,15.611417,-96.174697
2235526707,Peniocereus oaxacensis,Oaxaca,15.612223,-96.160691
3338102364,Peniocereus oaxacensis,Oaxaca,15.613074,-96.113237
2634328375,Peniocereus oaxacensis,Oaxaca,15.613325,-96.042322
3058926187,Peniocereus oaxacensis,Oaxaca,15.614517,-96.038215
4420712762,Peniocereus oaxacensis,Oaxaca,15.615237,-96.097932
3398672920,Peniocereus oaxacensis,Oaxaca,15.615879,-96.087672
3301956997,Peniocereus oaxacensis,Oaxaca,15.617554,-96.143027
1990471772,Peniocereus oaxacensis,Oaxaca,15.617747,-96.30641
3044775066,Peniocereus oaxacensis,Oaxaca,15.618112,-96.095768
2331922479,Peniocereus oaxacensis,Oaxaca,15.620329,-96.068506
1850934960,Peniocereus oaxacensis,Oaxaca,15.620361,-96.143031
1850927167,Peniocereus oaxacensis,Oaxaca,15.620561,-96.014724
3307453616,Peniocereus oaxacensis,Oaxaca,15.621501,-96.006178
4111696814,Peniocereus oaxacensis,Oaxaca,15.622286,-96.145241
1880483182,Peniocereus oaxacensis,Oaxaca,15.622298,-96.154265
3466285479,Peniocereus oaxacensis,Oaxaca,15.622617,-96.3914
2465191241,Peniocereus oaxacensis,Oaxaca,15.622623,-96.065493
4172133144,Peniocereus oaxacensis,Oaxaca,15.622782,-96.01519
2850547981,Peniocereus oaxacensis,Oaxaca,15.624327,-96.048124
3355580352,Peniocereus oaxacensis,Oaxaca,15.624371,-96.062622
2851243458,Peniocereus oaxacensis,Oaxaca,15.624414,-96.091589
4111704532,Peniocereus oaxacensis,Oaxaca,15.624705,-96.056578
1850981182,Peniocereus oaxacensis,Oaxaca,15.624912,-96.168031
2641378519,Peniocereus oaxacensis,Oaxaca,15.625279,-96.140595
3090713953,Peniocereus oaxacensis,Oaxaca,15.626137,-96.320394
3070780499,Peniocereus oaxacensis,Oaxaca,15.626234,-96.133036
3090966935,Peniocereus oaxacensis,Oaxaca,15.62653,-96.379952
2641405567,Peniocereus oaxacensis,Oaxaca,15.626658,-96.148613
3335309475,Peniocereus oaxacensis,Oaxaca,15.626966,-96.173311
4500609164,Peniocereus oaxacensis,Oaxaca,15.627366,-96.059022
3032147854,Peniocereus oaxacensis,Oaxaca,15.62838,-96.181897
2573927384,Peniocereus oaxacensis,Oaxaca,15.628677,-96.038022
2273248965,Peniocereus oaxacensis,Oaxaca,15.628785,-96.033492
2596286996,Peniocereus oaxacensis,Oaxaca,15.629217,-96.094967
2609328250,Peniocereus oaxacensis,Oaxaca,15.629229,-96.159888
4420876322,Peniocereus oaxacensis,Oaxaca,15.630676,-96.598351
2634403851,Peniocereus oaxacensis,Oaxaca,15.631121,-96.069969
3743002199,Peniocereus oaxacensis,Oaxaca,15.631346,-96.158286
3888776576,Peniocereus oaxacensis,Oaxaca,15.631777,-96.181598
4076358774,Peniocereus oaxacensis,Oaxaca,15.631835,-96.073397
4420893374,Peniocereus oaxacensis,Oaxaca,15.631976,-96.020254
2235527667,Peniocereus oaxacensis,Oaxaca,15.632312,-96.085748
4145487920,Peniocereus oaxacensis,Oaxaca,15.63311,-96.019348
2634284293,Peniocereus oaxacensis,Oaxaca,15.633315,-96.040458
2236266384,Peniocereus oaxacensis,Oaxaca,15.634146,-96.085946
2620079046,Peniocereus oaxacensis,Oaxaca,15.63446,-96.149533
1901075033,Peniocereus oaxacensis,Oaxaca,15.634837,-96.354987
2803052653,Peniocereus oaxacensis,Oaxaca,15.635321,-96.054605
2465118960,Peniocereus oaxacensis,Oaxaca,15.635648,-96.041572
1143522430,Peniocereus oaxacensis,Oaxaca,15.637292,-96.05264
2803079851,Peniocereus oaxacensis,Oaxaca,15.637447,-96.137015
2641296531,Peniocereus oaxacensis,Oaxaca,15.637886,-96.143819
4421074417,Peniocereus oaxacensis,Oaxaca,15.637927,-96.072288
4420980346,Peniocereus oaxacensis,Oaxaca,15.63837,-96.159646
4407117230,Peniocereus oaxacensis,Oaxaca,15.638388,-96.193457
3355686640,Peniocereus oaxacensis,Oaxaca,15.638785,-96.088452
3070465434,Peniocereus oaxacensis,Oaxaca,15.639224,-96.126189
3384833424,Peniocereus oaxacensis,Oaxaca,15.640265,-96.043591
3090874998,Peniocereus oaxacensis,Oaxaca,15.641309,-96.018406
2456542800,Peniocereus oaxacensis,Oaxaca,15.641556,-96.031256
4407505486,Peniocereus oaxacensis,Oaxaca,15.642689,-96.159165
3307429684,Peniocereus oaxacensis,Oaxaca,15.642715,-96.021527
4103305340,Peniocereus oaxacensis,Oaxaca,15.643067,-96.062099
2242906993,Peniocereus oaxacensis,Oaxaca,15.643661,-96.052278
2550017859,Peniocereus oaxacensis,Oaxaca,15.643807,-96.212759
2641514535,Peniocereus oaxacensis,Oaxaca,15.643887,-96.015127
2634154977,Peniocereus oaxacensis,Oaxaca,15.644901,-96.055825
4413471590,Peniocereus oaxacensis,Oaxaca,15.645052,-96.047259
1901075103,Peniocereus oaxacensis,Oaxaca,15.645338,-96.207702
4111648793,Peniocereus oaxacensis,Oaxaca,15.645672,-96.09289
4116656826,Peniocereus oaxacensis,Oaxaca,15.646071,-96.024364
4138495309,Peniocereus oaxacensis,Oaxaca,15.64725,-96.11208
2620124335,Peniocereus oaxacensis,Oaxaca,15.647901,-96.016709
2641298564,Peniocereus oaxacensis,Oaxaca,15.647966,-96.182895
3903111723,Peniocereus oaxacensis,Oaxaca,15.648089,-96.349837
1850926693,Peniocereus oaxacensis,Oaxaca,15.648662,-96.172409
2540773742,Peniocereus oaxacensis,Oaxaca,15.649258,-96.393224
2634142325,Peniocereus oaxacensis,Oaxaca,15.650728,-96.132595
3915666821,Peniocereus oaxacensis,Oaxaca,15.651491,-96.040086
4421180462,Peniocereus oaxacensis,Oaxaca,15.651792,-96.080116
2234748116,Peniocereus oaxacensis,Oaxaca,15.652931,-96.126044
2603370333,Peniocereus oaxacensis,Oaxaca,15.65395,-96.10307
1880652764,Peniocereus oaxacensis,Oaxaca,15.654057,-96.246782
3902436493,Peniocereus oaxacensis,Oaxaca,15.654163,-96.016363
2596392101,Peniocereus oaxacensis,Oaxaca,15.654976,-96.160656
2294403255,Peniocereus oaxacensis,Oaxaca,15.655869,-96.276065
3705485667,Peniocereus oaxacensis,Oaxaca,15.657242,-96.160665
1850981335,Peniocereus oaxacensis,Oaxaca,15.657689,-96.168282
2350373528,Peniocereus oaxacensis,Oaxaca,15.658094,-96.080831
3070760494,Peniocereus oaxacensis,Oaxaca,15.658347,-96.087177
2641458527,Peniocereus oaxacensis,Oaxaca,15.659171,-96.039254
2573979327,Peniocereus oaxacensis,Oaxaca,15.66015,-96.12884
3961047306,Peniocereus oaxacensis,Oaxaca,15.660371,-96.023716
2634469889,Peniocereus oaxacensis,Oaxaca,15.662197,-96.064515
3044577128,Peniocereus oaxacensis,Oaxaca,15.662519,-96.166582
2634292013,Peniocereus oaxacensis,Oaxaca,15.662574,-96.164272
2028499143,Peniocereus oaxacensis,Oaxaca,15.663172,-96.217372
4421207385,Peniocereus oaxacensis,Oaxaca,15.663325,-96.077659
2573855361,Peniocereus oaxacensis,Oaxaca,15.663485,-96.188599
2451704744,Peniocereus oaxacensis,Oaxaca,15.663607,-96.178578
2236266030,Peniocereus oaxacensis,Oaxaca,15.664026,-96.063481
3333357539,Peniocereus oaxacensis,Oaxaca,15.664589,-96.182159
1850981318,Peniocereus oaxacensis,Oaxaca,15.665105,-96.122825
2883177556,Peniocereus oaxacensis,Oaxaca,15.666451,-96.184185
2620093612,Peniocereus oaxacensis,Oaxaca,15.667028,-96.187219
4421181339,Peniocereus oaxacensis,Oaxaca,15.667326,-96.06799
2611326313,Peniocereus oaxacensis,Oaxaca,15.667535,-96.290717
1901039752,Peniocereus oaxacensis,Oaxaca,15.668178,-96.029089
2028499260,Peniocereus oaxacensis,Oaxaca,15.668664,-96.243131
2851228609,Peniocereus oaxacensis,Oaxaca,15.670373,-96.146169
1990540764,Peniocereus oaxacensis,Oaxaca,15.670429,-96.349268
3355724687,Peniocereus oaxacensis,Oaxaca,15.670655,-96.091973
3321222526,Peniocereus oaxacensis,Oaxaca,15.671158,-96.131205
2242992936,Peniocereus oaxacensis,Oaxaca,15.671228,-96.115747
2366131723,Peniocereus oaxacensis,Oaxaca,15.67136,-96.097237
2634120313,Peniocereus oaxacensis,Oaxaca,15.671561,-96.00625
2901688518,Peniocereus oaxacensis,Oaxaca,15.672541,-96.47758
3712674911,Peniocereus oaxacensis,Oaxaca,15.67261,-96.147977
4405101071,Peniocereus oaxacensis,Oaxaca,15.672748,-96.061403
2813998220,Peniocereus oaxacensis,Oaxaca,15.672868,-96.032605
4171964630,Peniocereus oaxacensis,Oaxaca,15.673976,-96.099117
2802815658,Peniocereus oaxacensis,Oaxaca,15.674402,-96.009376
2028499228,Peniocereus oaxacensis,Oaxaca,15.674696,-96.271398
4420921368,Peniocereus oaxacensis,Oaxaca,15.674741,-96.126407
1901075197,Peniocereus oaxacensis,Oaxaca,15.675426,-96.012619
2028433953,Peniocereus oaxacensis,Oaxaca,15.675807,-96.394851
2236260213,Peniocereus oaxacensis,Oaxaca,15.676129,-96.252921
4421031470,Peniocereus oaxacensis,Oaxaca,15.676593,-96.019127
2641292572,Peniocereus oaxacensis,Oaxaca,15.677358,-96.106116
2235521243,Peniocereus oaxacensis,Oaxaca,15.678072,-96.023424
3892412552,Peniocereus oaxacensis,Oaxaca,15.678196,-96.131598
3742979718,Peniocereus oaxacensis,Oaxaca,15.678477,-96.074335
2634529382,Peniocereus oaxacensis,Oaxaca,15.678735,-96.047616
4420960351,Peniocereus oaxacensis,Oaxaca,15.679079,-96.009841
2634402956,Peniocereus oaxacensis,Oaxaca,15.679845,-96.055959
2634481268,Peniocereus oaxacensis,Oaxaca,15.679967,-96.017821
2850964998,Peniocereus oaxacensis,Oaxaca,15.679993,-96.04826
2850601042,Peniocereus oaxacensis,Oaxaca,15.679999,-96.085084
2236221767,Peniocereus oaxacensis,Oaxaca,15.680667,-96.239701
1901086829,Peniocereus oaxacensis,Oaxaca,15.681201,-96.325911
2597834897,Peniocereus oaxacensis,Oaxaca,15.68121,-96.165968
3032024557,Peniocereus oaxacensis,Oaxaca,15.682124,-96.142156
4137845099,Peniocereus oaxacensis,Oaxaca,15.683398,-96.071086
2429286174,Peniocereus oaxacensis,Oaxaca,15.684399,-96.112214
2239008731,Peniocereus oaxacensis,Oaxaca,15.684482,-96.001894
4165420285,Peniocereus oaxacensis,Oaxaca,15.684582,-96.132065
2856492108,Peniocereus oaxacensis,Oaxaca,15.684922,-96.339627
3044955621,Peniocereus oaxacensis,Oaxaca,15.685315,-96.157059
2423076914,Peniocereus oaxacensis,Oaxaca,15.685478,-96.105047
2634285212,Peniocereus oaxacensis,Oaxaca,15.685795,-96.087896
1850926854,Peniocereus oaxacensis,Oaxaca,15.686758,-96.134607
4420698339,Peniocereus oaxacensis,Oaxaca,15.687309,-96.093247
3335130556,Peniocereus oaxacensis,Oaxaca,15.688791,-96.175945
2626556678,Peniocereus oaxacensis,Oaxaca,15.68936,-96.02248
4145219114,Peniocereus oaxacensis,Oaxaca,15.68972,-96.005092
2609352731,Peniocereus oaxacensis,Oaxaca,15.690554,-96.018195
3337940321,Peniocereus oaxacensis,Oaxaca,15.691187,-96.129701
4029154749,Peniocereus oaxacensis,Oaxaca,15.691217,-96.122285
4420917366,Peniocereus oaxacensis,Oaxaca,15.69145,-96.119447
2350402885,Peniocereus oaxacensis,Oaxaca,15.691867,-96.092469
3385199075,Peniocereus oaxacensis,Oaxaca,15.692601,-96.172757
3333298476,Peniocereus oaxacensis,Oaxaca,15.692791,-96.38118
2641513547,Peniocereus oaxacensis,Oaxaca,15.693549,-96.050985
3391294611,Peniocereus oaxacensis,Oaxaca,15.693653,-96.185063
3307323558,Peniocereus oaxacensis,Oaxaca,15.693686,-96.166866
1850981622,Peniocereus oaxacensis,Oaxaca,15.69417,-96.139344
3032079523,Peniocereus oaxacensis,Oaxaca,15.694584,-96.046789
3858704120,Peniocereus oaxacensis,Oaxaca,15.695794,-96.145518
2803065091,Peniocereus oaxacensis,Oaxaca,15.696531,-96.216991
3070779477,Peniocereus oaxacensis,Oaxaca,15.698644,-96.021586
3456175032,Peniocereus oaxacensis,Oaxaca,15.699144,-96.017568
3705804663,Peniocereus oaxacensis,Oaxaca,15.700407,-96.197897
2803022755,Peniocereus oaxacensis,Oaxaca,15.700779,-96.037419
4420698391,Peniocereus oaxacensis,Oaxaca,15.700837,-96.128855
3070406380,Peniocereus oaxacensis,Oaxaca,15.701197,-96.038529
2814324746,Peniocereus oaxacensis,Oaxaca,15.702416,-96.066031
2634047783,Peniocereus oaxacensis,Oaxaca,15.702873,-96.048701
3070634284,Peniocereus oaxacensis,Oaxaca,15.702963,-96.110541
3355750661,Peniocereus oaxacensis,Oaxaca,15.703618,-96.086674
3343965528,Peniocereus oaxacensis,Oaxaca,15.70457,-96.099449
2028520660,Peniocereus oaxacensis,Oaxaca,15.704887,-96.118359
3070682567,Peniocereus oaxacensis,Oaxaca,15.705032,-96.175646
3961075459,Peniocereus oaxacensis,Oaxaca,15.705306,-96.093358
2856529102,Peniocereus oaxacensis,Oaxaca,15.705358,-96.342673
4076088522,Peniocereus oaxacensis,Oaxaca,15.707121,-96.141205
2445024861,Peniocereus oaxacensis,Oaxaca,15.707332,-96.002055
1850926814,Peniocereus oaxacensis,Oaxaca,15.708218,-96.151343
2813930478,Peniocereus oaxacensis,Oaxaca,15.708711,-96.030845
1850903986,Peniocereus oaxacensis,Oaxaca,15.709196,-96.139156
3456873043,Peniocereus oaxacensis,Oaxaca,15.710617,-96.34162
4421006544,Peniocereus oaxacensis,Oaxaca,15.710761,-96.185942
2988446865,Peniocereus oaxacensis,Oaxaca,15.710791,-96.376493
1946322684,Peniocereus oaxacensis,Oaxaca,15.710869,-96.227569
2883052783,Peniocereus oaxacensis,Oaxaca,15.711023,-96.049684
3923723151,Peniocereus oaxacensis,Oaxaca,15.711245,-96.14913
2634532197,Peniocereus oaxacensis,Oaxaca,15.712041,-96.120533
3399082331,Peniocereus oaxacensis,Oaxaca,15.712717,-96.058623
2242811090,Peniocereus oaxacensis,Oaxaca,15.714117,-96.0846
3314281336,Peniocereus oaxacensis,Oaxaca,15.714434,-96.122651
3031979552,Peniocereus oaxacensis,Oaxaca,15.715116,-96.013714
2634049099,Peniocereus oaxacensis,Oaxaca,15.715622,-96.039684
4420828473,Peniocereus oaxacensis,Oaxaca,15.715757,-96.083846
2540743546,Peniocereus oaxacensis,Oaxaca,15.717229,-96.368905
3335393185,Peniocereus oaxacensis,Oaxaca,15.717427,-96.003967
2573921358,Peniocereus oaxacensis,Oaxaca,15.717788,-96.082464
2236266084,Peniocereus oaxacensis,Oaxaca,15.718134,-96.102188
1990597123,Peniocereus oaxacensis,Oaxaca,15.718685,-96.149955
3355152372,Peniocereus oaxacensis,Oaxaca,15.719166,-96.010629
2620065030,Peniocereus oaxacensis,Oaxaca,15.71958,-96.061562
2803040806,Peniocereus oaxacensis,Oaxaca,15.720674,-96.074268
4102686612,Peniocereus oaxacensis,Oaxaca,15.721025,-96.17999
1850934696,Peniocereus oaxacensis,Oaxaca,15.722084,-96.144781
1894616996,Peniocereus oaxacensis,Oaxaca,15.723167,-96.165194
3408186049,Peniocereus oaxacensis,Oaxaca,15.723256,-96.166882
1948749719,Peniocereus oaxacensis,Oaxaca,15.723367,-96.096488
2634514384,Peniocereus oaxacensis,Oaxaca,15.723512,-96.044215
2634573908,Peniocereus oaxacensis,Oaxaca,15.723888,-96.101035
2802574245,Peniocereus oaxacensis,Oaxaca,15.725157,-96.006388
3058702079,Peniocereus oaxacensis,Oaxaca,15.725372,-96.146589
4420985362,Peniocereus oaxacensis,Oaxaca,15.725402,-96.173991
3385190616,Peniocereus oaxacensis,Oaxaca,15.7255,-96.052407
2882979888,Peniocereus oaxacensis,Oaxaca,15.726277,-96.292879
3384221403,Peniocereus oaxacensis,Oaxaca,15.726534,-96.152585
2634531324,Peniocereus oaxacensis,Oaxaca,15.726796,-96.167615
3903105602,Peniocereus oaxacensis,Oaxaca,15.726819,-96.169557
2641321521,Peniocereus oaxacensis,Oaxaca,15.727188,-96.035906
2239002757,Peniocereus oaxacensis,Oaxaca,15.727657,-96.067209
3399262454,Peniocereus oaxacensis,Oaxaca,15.728134,-96.082562
3712506823,Peniocereus oaxacensis,Oaxaca,15.729606,-96.077203
2236263152,Peniocereus oaxacensis,Oaxaca,15.729654,-96.329347
3090782369,Peniocereus oaxacensis,Oaxaca,15.729986,-96.157201
4413521616,Peniocereus oaxacensis,Oaxaca,15.730127,-96.011508
3888861638,Peniocereus oaxacensis,Oaxaca,15.73018,-96.127512
2028520530,Peniocereus oaxacensis,Oaxaca,15.731715,-96.000895
2465128214,Peniocereus oaxacensis,Oaxaca,15.732055,-96.019973
2634114001,Peniocereus oaxacensis,Oaxaca,15.733045,-96.010205
2609328625,Peniocereus oaxacensis,Oaxaca,15.733798,-96.137786
3330433578,Peniocereus oaxacensis,Oaxaca,15.734077,-96.050341
4420969409,Peniocereus oaxacensis,Oaxaca,15.734829,-96.002848
2239001338,Peniocereus oaxacensis,Oaxaca,15.736808,-96.094198
3384021326,Peniocereus oaxacensis,Oaxaca,15.737071,-96.040132
2634402252,Peniocereus oaxacensis,Oaxaca,15.737332,-96.027004
3860575556,Peniocereus oaxacensis,Oaxaca,15.737397,-96.000104
3118503670,Peniocereus oaxacensis,Oaxaca,15.737504,-96.045066
3705399012,Peniocereus oaxacensis,Oaxaca,15.737789,-96.008324
2883005775,Peniocereus oaxacensis,Oaxaca,15.738665,-96.247223
3070430249,Peniocereus oaxacensis,Oaxaca,15.73922,-96.161389
2856536577,Peniocereus oaxacensis,Oaxaca,15.739338,-96.035914
4116465643,Peniocereus oaxacensis,Oaxaca,15.73937,-96.092855
3070674419,Peniocereus oaxacensis,Oaxaca,15.739869,-96.113729
2641402553,Peniocereus oaxacensis,Oaxaca,15.740295,-96.106981
3302179037,Peniocereus oaxacensis,Oaxaca,15.740429,-96.018592
2028499201,Peniocereus oaxacensis,Oaxaca,15.740707,-96.26247
2883174691,Peniocereus oaxacensis,Oaxaca,15.742319,-96.033098
4161999090,Peniocereus oaxacensis,Oaxaca,15.742531,-96.067583
3070708514,Peniocereus oaxacensis,Oaxaca,15.74408,-96.160165
2851011190,Peniocereus oaxacensis,Oaxaca,15.744326,-96.00116
2814253895,Peniocereus oaxacensis,Oaxaca,15.744593,-96.079362
2445020870,Peniocereus oaxacensis,Oaxaca,15.745148,-96.198542
4420716393,Peniocereus oaxacensis,Oaxaca,15.745641,-96.043063
2596380091,Peniocereus oaxacensis,Oaxaca,15.74651,-96.162211
3888874054,Peniocereus oaxacensis,Oaxaca,15.747764,-96.049245
1990601598,Peniocereus oaxacensis,Oaxaca,15.7481,-96.013031
3466358661,Peniocereus oaxacensis,Oaxaca,15.748835,-96.193795
2813895755,Peniocereus oaxacensis,Oaxaca,15.749015,-96.191113
3014061584,Peniocereus oaxacensis,Oaxaca,15.750962,-96.311177
4465700632,Peniocereus oaxacensis,Oaxaca,15.751528,-96.536391
4420953412,Peniocereus oaxacensis,Oaxaca,15.751739,-96.180641
2543034143,Peniocereus oaxacensis,Oaxaca,15.753405,-96.065084
2634100838,Peniocereus oaxacensis,Oaxaca,15.753472,-96.093676
3384446344,Peniocereus oaxacensis,Oaxaca,15.753556,-96.13631
3308689430,Peniocereus oaxacensis,Oaxaca,15.75389,-96.14911
3338113264,Peniocereus oaxacensis,Oaxaca,15.754078,-96.152219
2445054456,Peniocereus oaxacensis,Oaxaca,15.7543,-96.280589
3399436418,Peniocereus oaxacensis,Oaxaca,15.754404,-96.02477
1880483254,Peniocereus oaxacensis,Oaxaca,15.754974,-96.138307
4145711523,Peniocereus oaxacensis,Oaxaca,15.755195,-96.012137
2626643769,Peniocereus oaxacensis,Oaxaca,15.756663,-96.148566
3124809063,Peniocereus oaxacensis,Oaxaca,15.757453,-96.00338
2006042322,Peniocereus oaxacensis,Oaxaca,15.758057,-96.013927
3308045499,Peniocereus oaxacensis,Oaxaca,15.75875,-96.17839
2803029001,Peniocereus oaxacensis,Oaxaca,15.759915,-96.105863
2634374830,Peniocereus oaxacensis,Oaxaca,15.760333,-96.069223
3118463637,Peniocereus oaxacensis,Oaxaca,15.761485,-96.085578
2236265111,Peniocereus oaxacensis,Oaxaca,15.761515,-96.113806
3090820950,Peniocereus oaxacensis,Oaxaca,15.761838,-96.246896
1948749027,Peniocereus oaxacensis,Oaxaca,15.761865,-96.196244
4111745801,Peniocereus oaxacensis,Oaxaca,15.761955,-96.098485
3097118471,Peniocereus oaxacensis,Oaxaca,15.762096,-96.031121
3302103925,Peniocereus oaxacensis,Oaxaca,15.762258,-96.025026
2802613079,Peniocereus oaxacensis,Oaxaca,15.762994,-96.006712
4103192581,Peniocereus oaxacensis,Oaxaca,15.763333,-96.094745
1990540840,Peniocereus oaxacensis,Oaxaca,15.764174,-96.330845
2634611347,Peniocereus oaxacensis,Oaxaca,15.765232,-96.080734
3881625679,Peniocereus oaxacensis,Oaxaca,15.765328,-96.112502
4407561930,Peniocereus oaxacensis,Oaxaca,15.765553,-96.194277
3321269539,Peniocereus oaxacensis,Oaxaca,15.765934,-96.048578
2641308528,Peniocereus oaxacensis,Oaxaca,15.766478,-96.119561
3308109936,Peniocereus oaxacensis,Oaxaca,15.76711,-96.19289
1990471745,Peniocereus oaxacensis,Oaxaca,15.767629,-96.386014
1990501647,Peniocereus oaxacensis,Oaxaca,15.768234,-96.193506
2634054291,Peniocereus oaxacensis,Oaxaca,15.768673,-96.122176
2634524401,Peniocereus oaxacensis,Oaxaca,15.769374,-96.023756
1880483187,Peniocereus oaxacensis,Oaxaca,15.770168,-96.046878
3058696007,Peniocereus oaxacensis,Oaxaca,15.770267,-96.133459
3090690004,Peniocereus oaxacensis,Oaxaca,15.771036,-96.246753
3337995951,Peniocereus oaxacensis,Oaxaca,15.772293,-96.01843
3308739267,Peniocereus oaxacensis,Oaxaca,15.77319,-96.21681
3705808863,Peniocereus oaxacensis,Oaxaca,15.773196,-96.154104
4420718486,Peniocereus oaxacensis,Oaxaca,15.773718,-96.044809
2634134544,Peniocereus oaxacensis,Oaxaca,15.773854,-96.166705
4519261505,Peniocereus oaxacensis,Oaxaca,15.774305,-96.023369
2901703173,Peniocereus oaxacensis,Oaxaca,15.774541,-96.110242
3947401458,Peniocereus oaxacensis,Oaxaca,15.77513,-96.135074
2620144000,Peniocereus oaxacensis,Oaxaca,15.775534,-96.0706
3457191708,Peniocereus oaxacensis,Oaxaca,15.775897,-96.028189
1850925934,Peniocereus oaxacensis,Oaxaca,15.776704,-96.012428
2901707247,Peniocereus oaxacensis,Oaxaca,15.776953,-96.146583
3455491303,Peniocereus oaxacensis,Oaxaca,15.777224,-96.018968
3330484108,Peniocereus oaxacensis,Oaxaca,15.777809,-96.145169
2641328550,Peniocereus oaxacensis,Oaxaca,15.77807,-96.031317
2626264615,Peniocereus oaxacensis,Oaxaca,15.778129,-96.022672
3308747258,Peniocereus oaxacensis,Oaxaca,15.77847,-96.19911
2634320861,Peniocereus oaxacensis,Oaxaca,15.779229,-96.015742
4171566238,Peniocereus oaxacensis,Oaxaca,15.779428,-96.092836
2294395392,Peniocereus oaxacensis,Oaxaca,15.77951,-96.363482
2563503310,Peniocereus oaxacensis,Oaxaca,15.779649,-96.127927
2862434243,Peniocereus oaxacensis,Oaxaca,15.780138,-96.031494
4420699334,Peniocereus oaxacensis,Oaxaca,15.780337,-96.145846
2620117993,Peniocereus oaxacensis,Oaxaca,15.780344,-96.059301
3469023125,Peniocereus oaxacensis,Oaxaca,15.78128,-96.139747
3307377770,Peniocereus oaxacensis,Oaxaca,15.781703,-96.048841
4421064159,Peniocereus oaxacensis,Oaxaca,15.782166,-96.085909
3070375233,Peniocereus oaxacensis,Oaxaca,15.782478,-96.049105
2006042423,Peniocereus oaxacensis,Oaxaca,15.782554,-96.118134
2634453929,Peniocereus oaxacensis,Oaxaca,15.783461,-96.136687
3873869534,Peniocereus oaxacensis,Oaxaca,15.784491,-96.143326
3097255097,Peniocereus oaxacensis,Oaxaca,15.78454,-96.138258
2850696436,Peniocereus oaxacensis,Oaxaca,15.785545,-96.030457
1850927166,Peniocereus oaxacensis,Oaxaca,15.786242,-96.002393
3859571277,Peniocereus oaxacensis,Oaxaca,15.787045,-96.037114
3090927332,Peniocereus oaxacensis,Oaxaca,15.787887,-96.13311
3079757352,Peniocereus oaxacensis,Oaxaca,15.788281,-96.08883
3892412230,Peniocereus oaxacensis,Oaxaca,15.788862,-96.159777
4145672717,Peniocereus oaxacensis,Oaxaca,15.789017,-96.169764
2864728576,Peniocereus oaxacensis,Oaxaca,15.789411,-96.136354
3456105459,Peniocereus oaxacensis,Oaxaca,15.790295,-96.118906
2597724450,Peniocereus oaxacensis,Oaxaca,15.790394,-96.038355
3408031044,Peniocereus oaxacensis,Oaxaca,15.790865,-96.017244
2611062011,Peniocereus oaxacensis,Oaxaca,15.791745,-96.161124
2239003689,Peniocereus oaxacensis,Oaxaca,15.792293,-96.036185
2574100443,Peniocereus oaxacensis,Oaxaca,15.792302,-96.09702
2882990777,Peniocereus oaxacensis,Oaxaca,15.792379,-96.083957
2611143521,Peniocereus oaxacensis,Oaxaca,15.792549,-96.12856
4022282056,Peniocereus oaxacensis,Oaxaca,15.792591,-96.060179
4116291612,Peniocereus oaxacensis,Oaxaca,15.792852,-96.107702
3466307777,Peniocereus oaxacensis,Oaxaca,15.793132,-96.017635
2634585160,Peniocereus oaxacensis,Oaxaca,15.793194,-96.079374
2596165027,Peniocereus oaxacensis,Oaxaca,15.793403,-96.071211
3466129852,Peniocereus oaxacensis,Oaxaca,15.794116,-96.348415
3384551814,Peniocereus oaxacensis,Oaxaca,15.794417,-96.055825
1850927149,Peniocereus oaxacensis,Oaxaca,15.794983,-96.179368
2823151168,Peniocereus oaxacensis,Oaxaca,15.796599,-96.155021
2634309310,Peniocereus oaxacensis,Oaxaca,15.797176,-96.150988
2634531366,Peniocereus oaxacensis,Oaxaca,15.799042,-96.094209
2609352369,Peniocereus oaxacensis,Oaxaca,15.7993,-96.168843
2242810839,Peniocereus oaxacensis,Oaxaca,15.799563,-96.034207
3355771695,Peniocereus oaxacensis,Oaxaca,15.799693,-96.03554
2634062257,Peniocereus oaxacensis,Oaxaca,15.799707,-96.119285
2626190377,Peniocereus oaxacensis,Oaxaca,15.799776,-96.088628
3090960348,Peniocereus oaxacensis,Oaxaca,15.79992,-96.16937
4413973361,Peniocereus oaxacensis,Oaxaca,15.808711,-96.035142
2465366706,Peniocereus oaxacensis,Oaxaca,15.822245,-96.12729
4512289452,Peniocereus oaxacensis,Oaxaca,15.846943,-96.181044
1897567465,Peniocereus oaxacensis,Oaxaca,15.856667,-95.894167
3308594632,Peniocereus oaxacensis,Oaxaca,15.85667,-95.89417
1897567457,Peniocereus oaxacensis,Oaxaca,15.861944,-95.978333
4102588691,Peniocereus oaxacensis,Oaxaca,15.862925,-96.060551
3308634250,Peniocereus oaxacensis,Oaxaca,15.86389,-95.90861
2465226604,Peniocereus oaxacensis,Oaxaca,15.870731,-96.06198
1897570519,Peniocereus oaxacensis,Oaxaca,15.875278,-96.004722
3308634616,Peniocereus oaxacensis,Oaxaca,15.87528,-96.00472
2465319895,Peniocereus oaxacensis,Oaxaca,15.882561,-96.139739
3903212477,Peniocereus oaxacensis,Oaxaca,15.914175,-97.773266
4414259997,Peniocereus oaxacensis,Oaxaca,15.954943,-96.105697
3308090462,Peniocereus oaxacensis,Oaxaca,15.96969,-95.58572
3307990435,Peniocereus oaxacensis,Oaxaca,15.97972,-95.95
1897567491,Peniocereus oaxacensis,Oaxaca,15.979722,-95.958333
3308665617,Peniocereus oaxacensis,Oaxaca,15.98103,-95.71717
1419226152,Peniocereus oaxacensis,Oaxaca,16.008333,-95.413889
3923564157,Peniocereus oaxacensis,Oaxaca,16.080103,-96.481113
3308109509,Peniocereus oaxacensis,Oaxaca,16.10656,-95.61806
4420884426,Peniocereus oaxacensis,Oaxaca,16.316267,-95.29712
3308688079,Peniocereus oaxacensis,Oaxaca,16.365,-95.32556
3308148174,Peniocereus oaxacensis,Oaxaca,16.37006,-95.533
3308022127,Peniocereus oaxacensis,Oaxaca,16.38917,-94.21472
1981512904,Peniocereus oaxacensis,Oaxaca,16.421608,-95.240118
3308121553,Peniocereus oaxacensis,Oaxaca,16.43865,-95.6453
3308115956,Peniocereus oaxacensis,Oaxaca,16.45575,-95.6988
4420828528,Peniocereus oaxacensis,Oaxaca,16.51193,-95.031423
3308134373,Peniocereus oaxacensis,Oaxaca,16.53028,-94.9228
1257692074,Peniocereus oaxacensis,Oaxaca,16.600833,-96.038611
4133793177,Peniocereus oaxacensis,Oaxaca,16.699985,-95.203928
3859333356,Peniocereus oaxacensis,Oaxaca,16.707453,-94.863203
3705788946,Peniocereus occidentalis,Oaxaca,15.620014,-96.173767
4421112336,Peniocereus occidentalis,Oaxaca,15.627464,-96.115482
4413609991,Peniocereus occidentalis,Oaxaca,15.632868,-96.07351
2898426521,Peniocereus occidentalis,Oaxaca,15.634518,-96.196184
3097386471,Peniocereus occidentalis,Oaxaca,15.64041,-96.185583
3032006548,Peniocereus occidentalis,Oaxaca,15.644337,-96.044197
3705445773,Peniocereus occidentalis,Oaxaca,15.648101,-96.065383
4421088348,Peniocereus occidentalis,Oaxaca,15.65523,-96.058134
3902139239,Peniocereus occidentalis,Oaxaca,15.657866,-96.016381
2988549479,Peniocereus occidentalis,Oaxaca,15.658061,-96.162166
2988436536,Peniocereus occidentalis,Oaxaca,15.662324,-96.070104
4421152355,Peniocereus occidentalis,Oaxaca,15.663935,-96.046065
3090675919,Peniocereus occidentalis,Oaxaca,15.665088,-96.36892
3321242571,Peniocereus occidentalis,Oaxaca,15.668813,-96.1927
3307406593,Peniocereus occidentalis,Oaxaca,15.669699,-96.093301
3032084850,Peniocereus occidentalis,Oaxaca,15.67069,-96.128721
3301977168,Peniocereus occidentalis,Oaxaca,15.671722,-96.138956
3090899872,Peniocereus occidentalis,Oaxaca,15.672472,-96.222251
3109316511,Peniocereus occidentalis,Oaxaca,15.674743,-96.221208
3335534446,Peniocereus occidentalis,Oaxaca,15.67494,-96.052666
3455905997,Peniocereus occidentalis,Oaxaca,15.677848,-96.162212
2851226867,Peniocereus occidentalis,Oaxaca,15.679811,-96.338495
2988404523,Peniocereus occidentalis,Oaxaca,15.680339,-96.018408
3096988588,Peniocereus occidentalis,Oaxaca,15.686183,-96.157873
3090903045,Peniocereus occidentalis,Oaxaca,15.702914,-96.06165
2465125870,Peniocereus occidentalis,Oaxaca,15.71098,-96.683329
2901595037,Peniocereus occidentalis,Oaxaca,15.71171,-96.077488
4162473635,Peniocereus occidentalis,Oaxaca,15.712602,-96.159611
4424301859,Peniocereus occidentalis,Oaxaca,15.718412,-96.146454
3032034850,Peniocereus occidentalis,Oaxaca,15.719423,-96.169502
3415754198,Peniocereus occidentalis,Oaxaca,15.722193,-96.186155
3314503731,Peniocereus occidentalis,Oaxaca,15.725718,-96.17966
2901561233,Peniocereus occidentalis,Oaxaca,15.727297,-96.104993
3466459988,Peniocereus occidentalis,Oaxaca,15.731347,-96.193867
2864643488,Peniocereus occidentalis,Oaxaca,15.734289,-96.013112
3307360756,Peniocereus occidentalis,Oaxaca,15.735611,-96.19129
4420982386,Peniocereus occidentalis,Oaxaca,15.738614,-96.003776
3124699463,Peniocereus occidentalis,Oaxaca,15.740607,-96.028234
3355402383,Peniocereus occidentalis,Oaxaca,15.741957,-96.164297
2864603496,Peniocereus occidentalis,Oaxaca,15.745587,-96.034823
3858333073,Peniocereus occidentalis,Oaxaca,15.745589,-96.010824
4400025331,Peniocereus occidentalis,Oaxaca,15.750105,-96.549688
3468886173,Peniocereus occidentalis,Oaxaca,15.750134,-96.030806
3058752223,Peniocereus occidentalis,Oaxaca,15.751116,-96.023211
3743100278,Peniocereus occidentalis,Oaxaca,15.752263,-96.070779
2898420504,Peniocereus occidentalis,Oaxaca,15.76043,-96.152901
3109294523,Peniocereus occidentalis,Oaxaca,15.770583,-96.128799
2883117595,Peniocereus occidentalis,Oaxaca,15.771823,-96.059449
3031852876,Peniocereus occidentalis,Oaxaca,15.784123,-96.080592
2883051772,Peniocereus occidentalis,Oaxaca,15.785145,-96.149103
3058734999,Peniocereus occidentalis,Oaxaca,15.792903,-96.150288
2901715046,Peniocereus occidentalis,Oaxaca,15.792955,-96.041943
3090545034,Peniocereus occidentalis,Oaxaca,15.794407,-96.097698
3302397713,Peniocereus occidentalis,Oaxaca,15.807737,-97.132096
2826505248,Peniocereus occidentalis,Oaxaca,15.882182,-96.127722
3902860064,Peniocereus occidentalis,Oaxaca,15.917194,-97.7938
1883971046,Peniocereus occidentalis,Oaxaca,15.948012,-96.000582
3302395505,Peniocereus occidentalis,Oaxaca,15.995623,-97.112096
3090662849,Peniocereus serpentinus,Oaxaca,15.6903,-96.568655
3712399862,Peniocereus serpentinus,Oaxaca,16.329027,-96.594851
3308104666,Peniocereus serpentinus,Oaxaca,18.1268,-97.3224
2629445144,Pereskia lychnidiflora,Oaxaca,15.713889,-96.188889
3308445370,Pereskia lychnidiflora,Oaxaca,15.72222,-96.16667
2864681439,Pereskia lychnidiflora,Oaxaca,15.723036,-96.162876
2629615192,Pereskia lychnidiflora,Oaxaca,15.723611,-96.164444
1894614859,Pereskia lychnidiflora,Oaxaca,15.723806,-96.161667
3308042102,Pereskia lychnidiflora,Oaxaca,15.72381,-96.16167
4465378503,Pereskia lychnidiflora,Oaxaca,15.723957,-96.166475
3335575402,Pereskia lychnidiflora,Oaxaca,15.724169,-96.165398
2350421111,Pereskia lychnidiflora,Oaxaca,15.724183,-96.165211
4465409516,Pereskia lychnidiflora,Oaxaca,15.724277,-96.165138
2429563188,Pereskia lychnidiflora,Oaxaca,15.724395,-96.162137
1895647674,Pereskia lychnidiflora,Oaxaca,15.724444,-96.1675
2518012807,Pereskia lychnidiflora,Oaxaca,15.724644,-96.16194
2563504536,Pereskia lychnidiflora,Oaxaca,15.724651,-96.16194
2883176721,Pereskia lychnidiflora,Oaxaca,15.724682,-96.165283
2901804027,Pereskia lychnidiflora,Oaxaca,15.724746,-96.161873
2269272565,Pereskia lychnidiflora,Oaxaca,15.724754,-96.161911
4465387586,Pereskia lychnidiflora,Oaxaca,15.724776,-96.165206
2350420277,Pereskia lychnidiflora,Oaxaca,15.724839,-96.161669
2294530711,Pereskia lychnidiflora,Oaxaca,15.724851,-96.161671
2540810790,Pereskia lychnidiflora,Oaxaca,15.725161,-96.163134
3335553447,Pereskia lychnidiflora,Oaxaca,15.725219,-96.165364
1893605342,Pereskia lychnidiflora,Oaxaca,15.725556,-96.166111
4465595721,Pereskia lychnidiflora,Oaxaca,15.727541,-96.184197
4465597653,Pereskia lychnidiflora,Oaxaca,15.728244,-96.182396
4465576644,Pereskia lychnidiflora,Oaxaca,15.72849,-96.183357
3859296115,Pereskia lychnidiflora,Oaxaca,15.728737,-96.159508
4465606489,Pereskia lychnidiflora,Oaxaca,15.728788,-96.159337
4465397072,Pereskia lychnidiflora,Oaxaca,15.729379,-96.159864
1699375933,Pereskia lychnidiflora,Oaxaca,15.732717,-96.157365
2634336006,Pereskia lychnidiflora,Oaxaca,15.73489,-96.159302
3308618081,Pereskia lychnidiflora,Oaxaca,15.74086,-96.16892
3307872426,Pereskia lychnidiflora,Oaxaca,15.74444,-96.14167
1990541369,Pereskia lychnidiflora,Oaxaca,15.746813,-96.20197
1913155554,Pereskia lychnidiflora,Oaxaca,15.746896,-96.202347
2465088906,Pereskia lychnidiflora,Oaxaca,15.747124,-96.202255
3858209881,Pereskia lychnidiflora,Oaxaca,15.747248,-96.202721
4465588542,Pereskia lychnidiflora,Oaxaca,15.747266,-96.202515
3031581120,Pereskia lychnidiflora,Oaxaca,15.747355,-96.202751
3391328463,Pereskia lychnidiflora,Oaxaca,15.74737,-96.202782
4465634533,Pereskia lychnidiflora,Oaxaca,15.747515,-96.202896
1913156022,Pereskia lychnidiflora,Oaxaca,15.747525,-96.202797
1946322905,Pereskia lychnidiflora,Oaxaca,15.747582,-96.202347
4465379633,Pereskia lychnidiflora,Oaxaca,15.749351,-96.170601
3097378430,Pereskia lychnidiflora,Oaxaca,15.7502,-96.17062
1898847967,Pereskia lychnidiflora,Oaxaca,15.750541,-96.143761
3859065226,Pereskia lychnidiflora,Oaxaca,15.75067,-96.170074
2988388811,Pereskia lychnidiflora,Oaxaca,15.751268,-96.203558
2988566876,Pereskia lychnidiflora,Oaxaca,15.752822,-96.204136
3333201564,Pereskia lychnidiflora,Oaxaca,15.753474,-96.204078
1898798911,Pereskia lychnidiflora,Oaxaca,15.753792,-96.2043
1880652810,Pereskia lychnidiflora,Oaxaca,15.754002,-96.2043
4465374599,Pereskia lychnidiflora,Oaxaca,15.754003,-96.204339
2634453850,Pereskia lychnidiflora,Oaxaca,15.754814,-96.144631
2634430580,Pereskia lychnidiflora,Oaxaca,15.755107,-96.144381
1699378587,Pereskia lychnidiflora,Oaxaca,15.755828,-96.19998
4465406495,Pereskia lychnidiflora,Oaxaca,15.755835,-96.166122
4465591475,Pereskia lychnidiflora,Oaxaca,15.755924,-96.168373
3044592169,Pereskia lychnidiflora,Oaxaca,15.755939,-96.167442
4500497690,Pereskia lychnidiflora,Oaxaca,15.755973,-96.167604
3302530376,Pereskia lychnidiflora,Oaxaca,15.756004,-96.168315
2609245900,Pereskia lychnidiflora,Oaxaca,15.756033,-96.167884
2609247918,Pereskia lychnidiflora,Oaxaca,15.756064,-96.168176
4465375566,Pereskia lychnidiflora,Oaxaca,15.756065,-96.167748
4465366516,Pereskia lychnidiflora,Oaxaca,15.75607,-96.168365
3031966065,Pereskia lychnidiflora,Oaxaca,15.756074,-96.168302
4465378575,Pereskia lychnidiflora,Oaxaca,15.756111,-96.168056
2445123853,Pereskia lychnidiflora,Oaxaca,15.756112,-96.168456
3307399501,Pereskia lychnidiflora,Oaxaca,15.756151,-96.168367
2609352797,Pereskia lychnidiflora,Oaxaca,15.756162,-96.168398
2465220927,Pereskia lychnidiflora,Oaxaca,15.756192,-96.168221
2465306894,Pereskia lychnidiflora,Oaxaca,15.756201,-96.163599
3097122397,Pereskia lychnidiflora,Oaxaca,15.756254,-96.168076
3384173845,Pereskia lychnidiflora,Oaxaca,15.756292,-96.162404
4465411444,Pereskia lychnidiflora,Oaxaca,15.756294,-96.168274
1894614846,Pereskia lychnidiflora,Oaxaca,15.756444,-96.172278
2898467527,Pereskia lychnidiflora,Oaxaca,15.7581,-96.16354
2620080331,Pereskia lychnidiflora,Oaxaca,15.759158,-96.130952
4500453703,Pereskia lychnidiflora,Oaxaca,15.76059,-96.161453
1895382205,Pereskia lychnidiflora,Oaxaca,15.763225,-96.129344
2611240223,Pereskia lychnidiflora,Oaxaca,15.764346,-96.131325
3468970562,Pereskia lychnidiflora,Oaxaca,15.764659,-96.114058
4121409619,Pereskia lychnidiflora,Oaxaca,15.766015,-96.136339
4413940911,Pereskia lychnidiflora,Oaxaca,15.766059,-96.136235
4465608021,Pereskia lychnidiflora,Oaxaca,15.766093,-96.136162
4465594821,Pereskia lychnidiflora,Oaxaca,15.766099,-96.136148
4465379209,Pereskia lychnidiflora,Oaxaca,15.766112,-96.136227
4465366761,Pereskia lychnidiflora,Oaxaca,15.766754,-96.136628
4465587462,Pereskia lychnidiflora,Oaxaca,15.767062,-96.13414
4465603534,Pereskia lychnidiflora,Oaxaca,15.767117,-96.133949
1898847403,Pereskia lychnidiflora,Oaxaca,15.76731,-96.133901
2626559355,Pereskia lychnidiflora,Oaxaca,15.767339,-96.133603
4465608541,Pereskia lychnidiflora,Oaxaca,15.767375,-96.133922
4465382647,Pereskia lychnidiflora,Oaxaca,15.767388,-96.133946
1898847788,Pereskia lychnidiflora,Oaxaca,15.767466,-96.137291
4465373489,Pereskia lychnidiflora,Oaxaca,15.767507,-96.133962
2626585837,Pereskia lychnidiflora,Oaxaca,15.767551,-96.13455
2603539488,Pereskia lychnidiflora,Oaxaca,15.76778,-96.133835
2626540048,Pereskia lychnidiflora,Oaxaca,15.767814,-96.1335
2634070409,Pereskia lychnidiflora,Oaxaca,15.767882,-96.1339
2626283983,Pereskia lychnidiflora,Oaxaca,15.767914,-96.133957
1898783432,Pereskia lychnidiflora,Oaxaca,15.767925,-96.134514
1850926469,Pereskia lychnidiflora,Oaxaca,15.76796,-96.134323
2802895959,Pereskia lychnidiflora,Oaxaca,15.76799,-96.133861
3031905884,Pereskia lychnidiflora,Oaxaca,15.767992,-96.133835
4465390545,Pereskia lychnidiflora,Oaxaca,15.768036,-96.13414
1898822125,Pereskia lychnidiflora,Oaxaca,15.768064,-96.134186
2626337450,Pereskia lychnidiflora,Oaxaca,15.768067,-96.133393
4465640608,Pereskia lychnidiflora,Oaxaca,15.768077,-96.134162
3031834764,Pereskia lychnidiflora,Oaxaca,15.76811,-96.19346
3112518697,Pereskia lychnidiflora,Oaxaca,15.768115,-96.134223
4465591865,Pereskia lychnidiflora,Oaxaca,15.768144,-96.134186
1836571309,Pereskia lychnidiflora,Oaxaca,15.76817,-96.134193
3031688897,Pereskia lychnidiflora,Oaxaca,15.768189,-96.133721
3343784533,Pereskia lychnidiflora,Oaxaca,15.768227,-96.134122
2818713534,Pereskia lychnidiflora,Oaxaca,15.768233,-96.133773
2596415120,Pereskia lychnidiflora,Oaxaca,15.768277,-96.133558
2634098254,Pereskia lychnidiflora,Oaxaca,15.76829,-96.13421
2850687609,Pereskia lychnidiflora,Oaxaca,15.768321,-96.134165
4465642691,Pereskia lychnidiflora,Oaxaca,15.768357,-96.134114
1848770158,Pereskia lychnidiflora,Oaxaca,15.76841,-96.13443
4465356857,Pereskia lychnidiflora,Oaxaca,15.768432,-96.134138
4465594730,Pereskia lychnidiflora,Oaxaca,15.768455,-96.134201
3031928907,Pereskia lychnidiflora,Oaxaca,15.768462,-96.1332
2826307053,Pereskia lychnidiflora,Oaxaca,15.768475,-96.134773
4465365200,Pereskia lychnidiflora,Oaxaca,15.768488,-96.134745
4465371783,Pereskia lychnidiflora,Oaxaca,15.768508,-96.134121
2603294711,Pereskia lychnidiflora,Oaxaca,15.768512,-96.134216
2603518513,Pereskia lychnidiflora,Oaxaca,15.768533,-96.134039
1898822414,Pereskia lychnidiflora,Oaxaca,15.768536,-96.134169
1699378805,Pereskia lychnidiflora,Oaxaca,15.768548,-96.134155
3031650739,Pereskia lychnidiflora,Oaxaca,15.768579,-96.134006
2603542530,Pereskia lychnidiflora,Oaxaca,15.768589,-96.134301
2596377095,Pereskia lychnidiflora,Oaxaca,15.768596,-96.133601
3468880048,Pereskia lychnidiflora,Oaxaca,15.768604,-96.13422
2818693452,Pereskia lychnidiflora,Oaxaca,15.768614,-96.13418
2626657970,Pereskia lychnidiflora,Oaxaca,15.768623,-96.134193
4465599473,Pereskia lychnidiflora,Oaxaca,15.768634,-96.134214
4465580676,Pereskia lychnidiflora,Oaxaca,15.768635,-96.134048
3344051549,Pereskia lychnidiflora,Oaxaca,15.768636,-96.134232
4465401516,Pereskia lychnidiflora,Oaxaca,15.768643,-96.134205
2850742627,Pereskia lychnidiflora,Oaxaca,15.768659,-96.133673
2456537419,Pereskia lychnidiflora,Oaxaca,15.768662,-96.134319
4465407522,Pereskia lychnidiflora,Oaxaca,15.768694,-96.134273
1850926850,Pereskia lychnidiflora,Oaxaca,15.768705,-96.134308
3858264890,Pereskia lychnidiflora,Oaxaca,15.768712,-96.134074
2634361101,Pereskia lychnidiflora,Oaxaca,15.768745,-96.121524
4465642578,Pereskia lychnidiflora,Oaxaca,15.768762,-96.13389
3858740612,Pereskia lychnidiflora,Oaxaca,15.768766,-96.133945
2813985854,Pereskia lychnidiflora,Oaxaca,15.768779,-96.134192
2856518628,Pereskia lychnidiflora,Oaxaca,15.768784,-96.134235
4465410541,Pereskia lychnidiflora,Oaxaca,15.768818,-96.134539
2814098125,Pereskia lychnidiflora,Oaxaca,15.76883,-96.134269
4465612159,Pereskia lychnidiflora,Oaxaca,15.768849,-96.13382
4465588782,Pereskia lychnidiflora,Oaxaca,15.768869,-96.134688
2456536832,Pereskia lychnidiflora,Oaxaca,15.768895,-96.136002
2633977832,Pereskia lychnidiflora,Oaxaca,15.768958,-96.122128
4465646782,Pereskia lychnidiflora,Oaxaca,15.76897,-96.133598
4465599483,Pereskia lychnidiflora,Oaxaca,15.769007,-96.134883
2456538905,Pereskia lychnidiflora,Oaxaca,15.76906,-96.1337
2814264994,Pereskia lychnidiflora,Oaxaca,15.769089,-96.133283
1850925977,Pereskia lychnidiflora,Oaxaca,15.769102,-96.133802
4465379484,Pereskia lychnidiflora,Oaxaca,15.769104,-96.135702
2460021369,Pereskia lychnidiflora,Oaxaca,15.769177,-96.134887
4465580702,Pereskia lychnidiflora,Oaxaca,15.769178,-96.134033
2626160151,Pereskia lychnidiflora,Oaxaca,15.769217,-96.135623
4465625538,Pereskia lychnidiflora,Oaxaca,15.769274,-96.133919
2641299430,Pereskia lychnidiflora,Oaxaca,15.769441,-96.131989
2429609276,Pereskia lychnidiflora,Oaxaca,15.769459,-96.131325
2603443394,Pereskia lychnidiflora,Oaxaca,15.77,-96.13569
4465578573,Pereskia lychnidiflora,Oaxaca,15.770006,-96.134895
2626638772,Pereskia lychnidiflora,Oaxaca,15.770116,-96.134934
2634139120,Pereskia lychnidiflora,Oaxaca,15.770143,-96.13298
2609238058,Pereskia lychnidiflora,Oaxaca,15.770167,-96.134508
4465598966,Pereskia lychnidiflora,Oaxaca,15.770278,-96.192778
3963387637,Pereskia lychnidiflora,Oaxaca,15.770811,-96.136844
2609328746,Pereskia lychnidiflora,Oaxaca,15.770821,-96.13674
2611095431,Pereskia lychnidiflora,Oaxaca,15.770873,-96.136861
2634296300,Pereskia lychnidiflora,Oaxaca,15.770922,-96.136965
3031662833,Pereskia lychnidiflora,Oaxaca,15.77098,-96.19248
2634611584,Pereskia lychnidiflora,Oaxaca,15.771129,-96.137041
4465397568,Pereskia lychnidiflora,Oaxaca,15.771274,-96.137103
1946321992,Pereskia lychnidiflora,Oaxaca,15.771334,-96.137108
2239003314,Pereskia lychnidiflora,Oaxaca,15.771513,-96.136902
2611430372,Pereskia lychnidiflora,Oaxaca,15.772165,-96.136389
1946322409,Pereskia lychnidiflora,Oaxaca,15.772347,-96.200218
2456540271,Pereskia lychnidiflora,Oaxaca,15.772959,-96.239754
4465401503,Pereskia lychnidiflora,Oaxaca,15.774111,-96.237762
3902017909,Pereskia lychnidiflora,Oaxaca,15.774167,-96.238333
3308632806,Pereskia lychnidiflora,Oaxaca,15.77631,-96.15958
3090695879,Pereskia lychnidiflora,Oaxaca,15.779168,-96.210304
1880490928,Pereskia lychnidiflora,Oaxaca,15.779699,-96.19961
2465355502,Pereskia lychnidiflora,Oaxaca,15.779722,-96.159447
2882970194,Pereskia lychnidiflora,Oaxaca,15.779827,-96.211246
4465535517,Pereskia lychnidiflora,Oaxaca,15.779963,-96.199127
4465595529,Pereskia lychnidiflora,Oaxaca,15.780018,-96.199071
1898780339,Pereskia lychnidiflora,Oaxaca,15.780024,-96.211037
1986616980,Pereskia lychnidiflora,Oaxaca,15.780129,-96.198859
4465361514,Pereskia lychnidiflora,Oaxaca,15.780233,-96.199103
1703193073,Pereskia lychnidiflora,Oaxaca,15.780257,-96.199315
4465634109,Pereskia lychnidiflora,Oaxaca,15.7803,-96.199112
3090670885,Pereskia lychnidiflora,Oaxaca,15.780363,-96.210869
4500737671,Pereskia lychnidiflora,Oaxaca,15.780482,-96.199133
1901055456,Pereskia lychnidiflora,Oaxaca,15.780503,-96.199089
1880491344,Pereskia lychnidiflora,Oaxaca,15.780527,-96.199226
2236222657,Pereskia lychnidiflora,Oaxaca,15.780537,-96.199165
1847468025,Pereskia lychnidiflora,Oaxaca,15.780608,-96.199229
1898782624,Pereskia lychnidiflora,Oaxaca,15.780632,-96.199226
4465380722,Pereskia lychnidiflora,Oaxaca,15.78067,-96.199234
1880491335,Pereskia lychnidiflora,Oaxaca,15.780733,-96.199394
1880490825,Pereskia lychnidiflora,Oaxaca,15.78079,-96.199341
1901055274,Pereskia lychnidiflora,Oaxaca,15.780795,-96.199554
1847467429,Pereskia lychnidiflora,Oaxaca,15.78081,-96.199326
2465088656,Pereskia lychnidiflora,Oaxaca,15.780835,-96.199676
3090790669,Pereskia lychnidiflora,Oaxaca,15.780843,-96.208984
1880490746,Pereskia lychnidiflora,Oaxaca,15.780867,-96.199356
1880490691,Pereskia lychnidiflora,Oaxaca,15.780871,-96.199333
1880652828,Pereskia lychnidiflora,Oaxaca,15.780874,-96.199397
1901055212,Pereskia lychnidiflora,Oaxaca,15.780884,-96.199562
2350368891,Pereskia lychnidiflora,Oaxaca,15.780895,-96.16451
1880490827,Pereskia lychnidiflora,Oaxaca,15.780911,-96.19947
1880490910,Pereskia lychnidiflora,Oaxaca,15.780945,-96.199303
1880490830,Pereskia lychnidiflora,Oaxaca,15.780947,-96.199318
3031828063,Pereskia lychnidiflora,Oaxaca,15.78097,-96.19922
3031959658,Pereskia lychnidiflora,Oaxaca,15.780974,-96.199391
4465633703,Pereskia lychnidiflora,Oaxaca,15.780994,-96.199627
2803022278,Pereskia lychnidiflora,Oaxaca,15.781015,-96.199618
2574164228,Pereskia lychnidiflora,Oaxaca,15.781024,-96.19971
1898783357,Pereskia lychnidiflora,Oaxaca,15.781036,-96.199604
3383920920,Pereskia lychnidiflora,Oaxaca,15.781055,-96.199699
2901561025,Pereskia lychnidiflora,Oaxaca,15.781083,-96.199692
3385149510,Pereskia lychnidiflora,Oaxaca,15.7811,-96.1996
1931478061,Pereskia lychnidiflora,Oaxaca,15.781125,-96.199669
1880490804,Pereskia lychnidiflora,Oaxaca,15.781137,-96.199638
4500458827,Pereskia lychnidiflora,Oaxaca,15.781156,-96.199487
4465354567,Pereskia lychnidiflora,Oaxaca,15.781389,-96.2
2445048311,Pereskia lychnidiflora,Oaxaca,15.781593,-96.203694
2236867100,Pereskia lychnidiflora,Oaxaca,15.781602,-96.155095
2883127796,Pereskia lychnidiflora,Oaxaca,15.78169,-96.190162
2802945661,Pereskia lychnidiflora,Oaxaca,15.781946,-96.060179
2517971330,Pereskia lychnidiflora,Oaxaca,15.782087,-96.200716
2540745661,Pereskia lychnidiflora,Oaxaca,15.782274,-96.201993
2445056232,Pereskia lychnidiflora,Oaxaca,15.78228,-96.203151
4145545691,Pereskia lychnidiflora,Oaxaca,15.783065,-96.198458
2856483730,Pereskia lychnidiflora,Oaxaca,15.78311,-96.060558
2518139434,Pereskia lychnidiflora,Oaxaca,15.783164,-96.201985
2626334045,Pereskia lychnidiflora,Oaxaca,15.783229,-96.059947
1880491418,Pereskia lychnidiflora,Oaxaca,15.783434,-96.218185
2518145660,Pereskia lychnidiflora,Oaxaca,15.783554,-96.205779
2444962251,Pereskia lychnidiflora,Oaxaca,15.783768,-96.202419
2445103031,Pereskia lychnidiflora,Oaxaca,15.784195,-96.201885
2540777821,Pereskia lychnidiflora,Oaxaca,15.784219,-96.202443
3307160180,Pereskia lychnidiflora,Oaxaca,15.784256,-96.058701
3059116770,Pereskia lychnidiflora,Oaxaca,15.78438,-96.058836
3712602753,Pereskia lychnidiflora,Oaxaca,15.784505,-96.058578
2802700865,Pereskia lychnidiflora,Oaxaca,15.784511,-96.145918
2803116966,Pereskia lychnidiflora,Oaxaca,15.784828,-96.058725
4465383592,Pereskia lychnidiflora,Oaxaca,15.785048,-96.058319
2634575390,Pereskia lychnidiflora,Oaxaca,15.785362,-96.058516
4465357557,Pereskia lychnidiflora,Oaxaca,15.79362,-96.11515
3859061846,Pereskia lychnidiflora,Oaxaca,15.793794,-96.115081
4465750077,Pereskia lychnidiflora,Oaxaca,15.795625,-96.114833
3307905333,Pereskia lychnidiflora,Oaxaca,15.8075,-96.065
1258913037,Pereskia lychnidiflora,Oaxaca,15.81,-96.03
2883104481,Pereskia lychnidiflora,Oaxaca,15.813813,-95.984242
2988521823,Pereskia lychnidiflora,Oaxaca,15.813888,-95.98492
1895697197,Pereskia lychnidiflora,Oaxaca,15.817222,-95.968889
2807603330,Pereskia lychnidiflora,Oaxaca,15.83194,-95.95083
1897574543,Pereskia lychnidiflora,Oaxaca,15.831944,-95.950833
2807257916,Pereskia lychnidiflora,Oaxaca,15.83472,-95.96056
1893605315,Pereskia lychnidiflora,Oaxaca,15.834722,-95.960556
2807504508,Pereskia lychnidiflora,Oaxaca,15.83583,-95.95306
3307965249,Pereskia lychnidiflora,Oaxaca,15.84111,-95.90333
1897574565,Pereskia lychnidiflora,Oaxaca,15.841111,-95.903333
3307950031,Pereskia lychnidiflora,Oaxaca,15.84167,-95.89778
415969229,Pereskia lychnidiflora,Oaxaca,15.84361,-96.32666
1897574509,Pereskia lychnidiflora,Oaxaca,15.843889,-95.913611
3308653466,Pereskia lychnidiflora,Oaxaca,15.84389,-95.91361
3308044034,Pereskia lychnidiflora,Oaxaca,15.86511,-95.837
1897382159,Pereskia lychnidiflora,Oaxaca,15.865111,-95.837
1898847534,Pereskia lychnidiflora,Oaxaca,15.866324,-95.960641
1259556279,Pereskia lychnidiflora,Oaxaca,15.86666,-95.95416
1895697222,Pereskia lychnidiflora,Oaxaca,15.8925,-95.810833
3308634882,Pereskia lychnidiflora,Oaxaca,15.90472,-95.93306
1897574497,Pereskia lychnidiflora,Oaxaca,15.904722,-95.933055
1895697202,Pereskia lychnidiflora,Oaxaca,15.914167,-95.856944
1895697226,Pereskia lychnidiflora,Oaxaca,15.949167,-96.075
3308738672,Pereskia lychnidiflora,Oaxaca,15.94917,-96.075
3125114571,Pereskia lychnidiflora,Oaxaca,16.16667,-95.16667
3306067302,Pereskia lychnidiflora,Oaxaca,16.178333,-95.160833
1895697192,Pereskia lychnidiflora,Oaxaca,16.1825,-95.195833
1895382333,Pereskia lychnidiflora,Oaxaca,16.1832855,-95.1958315
1991404628,Pereskia lychnidiflora,Oaxaca,16.195862,-95.132693
1991426976,Pereskia lychnidiflora,Oaxaca,16.19751,-95.19644
1893399147,Pereskia lychnidiflora,Oaxaca,16.241667,-95.141667
3308295790,Pereskia lychnidiflora,Oaxaca,16.244444,-95.177222
3308260870,Pereskia lychnidiflora,Oaxaca,16.271944,-95.275
3307956410,Pereskia lychnidiflora,Oaxaca,16.31528,-95.44306
1991417265,Pereskia lychnidiflora,Oaxaca,16.319511,-95.099813
1895382326,Pereskia lychnidiflora,Oaxaca,16.324442,-95.238897
3307618331,Pereskia lychnidiflora,Oaxaca,16.324444,-95.238889
1895382213,Pereskia lychnidiflora,Oaxaca,16.3252174,-95.2388909
2268979659,Pereskia lychnidiflora,Oaxaca,16.32663,-95.1413
2823236726,Pereskia lychnidiflora,Oaxaca,16.333725,-95.009013
1895382296,Pereskia lychnidiflora,Oaxaca,16.346214,-95.212264
1895382210,Pereskia lychnidiflora,Oaxaca,16.353572,-95.198642
1895697199,Pereskia lychnidiflora,Oaxaca,16.360278,-95.178889
1895382268,Pereskia lychnidiflora,Oaxaca,16.360281,-95.018611
4465607658,Pereskia lychnidiflora,Oaxaca,16.362402,-95.322254
1259574543,Pereskia lychnidiflora,Oaxaca,16.36416,-95.32694
1259419990,Pereskia lychnidiflora,Oaxaca,16.364167,-95.326944
3308020261,Pereskia lychnidiflora,Oaxaca,16.36417,-95.32694
1419219087,Pereskia lychnidiflora,Oaxaca,16.377778,-95.366667
1895697402,Pereskia lychnidiflora,Oaxaca,16.386944,-95.623889
3307768684,Pereskia lychnidiflora,Oaxaca,16.395278,-95.105833
1895382359,Pereskia lychnidiflora,Oaxaca,16.3958,-95.114431
3308186217,Pereskia lychnidiflora,Oaxaca,16.395833,-95.783611
1895697186,Pereskia lychnidiflora,Oaxaca,16.399167,-95.603333
1895697191,Pereskia lychnidiflora,Oaxaca,16.401944,-95.092778
4500666475,Pereskia lychnidiflora,Oaxaca,16.402444,-94.453972
3308765793,Pereskia lychnidiflora,Oaxaca,16.40295,-95.3099
1805429344,Pereskia lychnidiflora,Oaxaca,16.40748,-95.577198
3456155306,Pereskia lychnidiflora,Oaxaca,16.409498,-95.392344
2611424250,Pereskia lychnidiflora,Oaxaca,16.410078,-95.571361
3307683729,Pereskia lychnidiflora,Oaxaca,16.4125,-95.560278
1883920243,Pereskia lychnidiflora,Oaxaca,16.416844,-95.331242
1893890830,Pereskia lychnidiflora,Oaxaca,16.4174426,-95.3333444
1894893469,Pereskia lychnidiflora,Oaxaca,16.425,-95.025
1259220207,Pereskia lychnidiflora,Oaxaca,16.42777,-95.59111
3307842092,Pereskia lychnidiflora,Oaxaca,16.42778,-95.59111
3308247270,Pereskia lychnidiflora,Oaxaca,16.433056,-95.019167
3308305002,Pereskia lychnidiflora,Oaxaca,16.4331,-95.0192
3307874364,Pereskia lychnidiflora,Oaxaca,16.45,-95.317
1991443897,Pereskia lychnidiflora,Oaxaca,16.45309,-95.182883
4407276617,Pereskia lychnidiflora,Oaxaca,16.458635,-94.890985
4138699465,Pereskia lychnidiflora,Oaxaca,16.45873,-94.890514
3759134310,Pereskia lychnidiflora,Oaxaca,16.467858,-95.006629
4465355894,Pereskia lychnidiflora,Oaxaca,16.468244,-94.498642
2529391510,Pereskia lychnidiflora,Oaxaca,16.502135,-95.517834
4465605771,Pereskia lychnidiflora,Oaxaca,16.519454,-95.080741
2611298121,Pereskia lychnidiflora,Oaxaca,16.529299,-95.306168
4465380680,Pereskia lychnidiflora,Oaxaca,16.543348,-96.675214
4465393870,Pereskia lychnidiflora,Oaxaca,16.54663,-95.020038
4465580759,Pereskia lychnidiflora,Oaxaca,16.54672,-95.008214
1991428686,Pereskia lychnidiflora,Oaxaca,16.556994,-95.123394
3308141211,Pereskia lychnidiflora,Oaxaca,16.55806,-94.93
1991432073,Pereskia lychnidiflora,Oaxaca,16.559254,-95.105677
1895697246,Pereskia lychnidiflora,Oaxaca,16.560833,-95.136389
1895697225,Pereskia lychnidiflora,Oaxaca,16.565,-95.138333
3307998591,Pereskia lychnidiflora,Oaxaca,16.59894,-94.94381
1897382189,Pereskia lychnidiflora,Oaxaca,16.598944,-94.943805
1895382243,Pereskia lychnidiflora,Oaxaca,16.599256,-96.038267
1895697300,Pereskia lychnidiflora,Oaxaca,16.599778,-94.943167
3308075236,Pereskia lychnidiflora,Oaxaca,16.59978,-94.94317
2268994441,Pereskia lychnidiflora,Oaxaca,16.61372,-95.50175
1897574532,Pereskia lychnidiflora,Oaxaca,16.622417,-94.965166
3308095184,Pereskia lychnidiflora,Oaxaca,16.62242,-94.96517
1259912576,Pereskia lychnidiflora,Oaxaca,16.64527,-95.01472
3307975627,Pereskia lychnidiflora,Oaxaca,16.64528,-95.01472
1052584351,Pereskia lychnidiflora,Oaxaca,16.662917,-94.999466
1895697194,Pereskia lychnidiflora,Oaxaca,16.885556,-94.913611
4405347647,Pereskia lychnidiflora,Oaxaca,17.025873,-96.719367
2422854736,Pereskia lychnidiflora,Oaxaca,17.025915,-96.719362
4465599553,Pereskia lychnidiflora,Oaxaca,17.061763,-96.734006
4465636005,Pereskia lychnidiflora,Oaxaca,17.067406,-96.723122
4465402780,Pereskia lychnidiflora,Oaxaca,17.067628,-96.723108
1895382330,Pereskia lychnidiflora,Oaxaca,18.296669,-96.348331
3308561794,Pereskiopsis diguetii,Oaxaca,15.690833,-96.239722
3308061234,Pereskiopsis diguetii,Oaxaca,15.72528,-96.15744
1895697311,Pereskiopsis diguetii,Oaxaca,15.741667,-96.141667
2641414578,Pereskiopsis diguetii,Oaxaca,15.7552,-96.14454
2634153893,Pereskiopsis diguetii,Oaxaca,15.75528,-96.1444
2641499659,Pereskiopsis diguetii,Oaxaca,15.75816,-96.14234
1258494365,Pereskiopsis diguetii,Oaxaca,16.003333,-95.6725
4500670993,Pereskiopsis diguetii,Oaxaca,16.034812,-95.375759
3308744825,Pereskiopsis diguetii,Oaxaca,16.09361,-95.65825
1895697461,Pereskiopsis diguetii,Oaxaca,16.175,-95.191667
3308622888,Pereskiopsis diguetii,Oaxaca,16.33333,-95.38333
3308419903,Pereskiopsis diguetii,Oaxaca,16.349444,-95.335278
3307845109,Pereskiopsis diguetii,Oaxaca,16.355556,-95.376389
3307991063,Pereskiopsis diguetii,Oaxaca,17.06667,-96.66667
1991408815,Pereskiopsis diguetii,Oaxaca,17.089752,-95.181298
1258494368,Pereskiopsis diguetii,Oaxaca,17.686667,-97.943055
2629621155,Pereskiopsis kellermanii,Oaxaca,15.697222,-96.305555
3308686263,Pereskiopsis kellermanii,Oaxaca,15.69964,-96.21728
2518042124,Pereskiopsis kellermanii,Oaxaca,15.709563,-96.197834
2517947740,Pereskiopsis kellermanii,Oaxaca,15.711299,-96.19642
2574246450,Pereskiopsis kellermanii,Oaxaca,15.723006,-96.166745
2563504561,Pereskiopsis kellermanii,Oaxaca,15.723066,-96.16672
2518145522,Pereskiopsis kellermanii,Oaxaca,15.723083,-96.1667
2563541603,Pereskiopsis kellermanii,Oaxaca,15.733477,-96.158808
3335086815,Pereskiopsis kellermanii,Oaxaca,15.741372,-96.203695
2629616130,Pereskiopsis kellermanii,Oaxaca,15.744444,-96.141667
1894614607,Pereskiopsis kellermanii,Oaxaca,15.753889,-96.149111
3307786879,Pereskiopsis kellermanii,Oaxaca,15.754167,-96.130278
4465391721,Pereskiopsis kellermanii,Oaxaca,15.756533,-96.150069
3902887604,Pereskiopsis kellermanii,Oaxaca,15.757763,-96.192222
4413470682,Pereskiopsis kellermanii,Oaxaca,15.758271,-96.192326
4465591630,Pereskiopsis kellermanii,Oaxaca,15.759503,-96.19149
4413440740,Pereskiopsis kellermanii,Oaxaca,15.759538,-96.191521
1257931789,Pereskiopsis kellermanii,Oaxaca,15.761111,-96.184805
3985710121,Pereskiopsis kellermanii,Oaxaca,15.762681,-96.203369
2611424078,Pereskiopsis kellermanii,Oaxaca,15.763542,-96.139145
4145659217,Pereskiopsis kellermanii,Oaxaca,15.764125,-96.193139
3712630162,Pereskiopsis kellermanii,Oaxaca,15.76609,-96.136246
4465391548,Pereskiopsis kellermanii,Oaxaca,15.766094,-96.13616
4465391582,Pereskiopsis kellermanii,Oaxaca,15.766103,-96.13616
3044953580,Pereskiopsis kellermanii,Oaxaca,15.766111,-96.136124
3384094478,Pereskiopsis kellermanii,Oaxaca,15.766122,-96.136132
3112382729,Pereskiopsis kellermanii,Oaxaca,15.766126,-96.136225
4465641689,Pereskiopsis kellermanii,Oaxaca,15.767258,-96.195787
4465611662,Pereskiopsis kellermanii,Oaxaca,15.767494,-96.195694
4414327317,Pereskiopsis kellermanii,Oaxaca,15.768004,-96.193481
4465609421,Pereskiopsis kellermanii,Oaxaca,15.76837,-96.19434
2429449474,Pereskiopsis kellermanii,Oaxaca,15.771694,-96.196912
2557649294,Pereskiopsis kellermanii,Oaxaca,15.771709,-96.196955
2850629401,Pereskiopsis kellermanii,Oaxaca,15.77289,-96.20002
2445122926,Pereskiopsis kellermanii,Oaxaca,15.773224,-96.200464
2963864005,Pereskiopsis kellermanii,Oaxaca,15.773226,-96.200455
2518014349,Pereskiopsis kellermanii,Oaxaca,15.773231,-96.200458
2445036112,Pereskiopsis kellermanii,Oaxaca,15.773233,-96.200472
2451705936,Pereskiopsis kellermanii,Oaxaca,15.773441,-96.200581
3344009502,Pereskiopsis kellermanii,Oaxaca,15.773445,-96.200524
4465602509,Pereskiopsis kellermanii,Oaxaca,15.773468,-96.200562
2803018914,Pereskiopsis kellermanii,Oaxaca,15.77347,-96.20058
4465579523,Pereskiopsis kellermanii,Oaxaca,15.773515,-96.200722
2451705938,Pereskiopsis kellermanii,Oaxaca,15.773533,-96.200407
4405316371,Pereskiopsis kellermanii,Oaxaca,15.773539,-96.200617
2802857902,Pereskiopsis kellermanii,Oaxaca,15.773544,-96.200624
4465390519,Pereskiopsis kellermanii,Oaxaca,15.773562,-96.20063
3384450504,Pereskiopsis kellermanii,Oaxaca,15.773572,-96.200668
4465369539,Pereskiopsis kellermanii,Oaxaca,15.77361,-96.200699
2429414943,Pereskiopsis kellermanii,Oaxaca,15.774108,-96.200826
2429416280,Pereskiopsis kellermanii,Oaxaca,15.774112,-96.200825
4465381653,Pereskiopsis kellermanii,Oaxaca,15.774385,-96.201538
3902355717,Pereskiopsis kellermanii,Oaxaca,15.774397,-96.201775
4465408644,Pereskiopsis kellermanii,Oaxaca,15.774585,-96.201546
4465646656,Pereskiopsis kellermanii,Oaxaca,15.774651,-96.202031
4465387742,Pereskiopsis kellermanii,Oaxaca,15.774745,-96.200768
3333420494,Pereskiopsis kellermanii,Oaxaca,15.775575,-96.200777
4465386699,Pereskiopsis kellermanii,Oaxaca,15.776,-96.16323
3384337937,Pereskiopsis kellermanii,Oaxaca,15.777994,-96.175293
4465648711,Pereskiopsis kellermanii,Oaxaca,15.778633,-96.202203
3337558237,Pereskiopsis kellermanii,Oaxaca,15.778816,-96.199387
3109059555,Pereskiopsis kellermanii,Oaxaca,15.779315,-96.198357
2823257404,Pereskiopsis kellermanii,Oaxaca,15.781248,-96.060953
2465279444,Pereskiopsis kellermanii,Oaxaca,15.813722,-96.067734
2807184798,Pereskiopsis kellermanii,Oaxaca,15.97306,-95.72583
1949988990,Pereskiopsis kellermanii,Oaxaca,16.106171,-95.286627
3308626149,Pereskiopsis kellermanii,Oaxaca,16.34611,-95.82361
1895200682,Pereskiopsis kellermanii,Oaxaca,16.386667,-95.623611
3308170892,Pereskiopsis kellermanii,Oaxaca,16.3992,-95.6033
3308162729,Pereskiopsis kellermanii,Oaxaca,16.57278,-94.9317
3308013700,Pereskiopsis kellermanii,Oaxaca,16.66667,-96.3
3307605773,Pereskiopsis kellermanii,Oaxaca,16.669444,-96.308333
3308193653,Pereskiopsis kellermanii,Oaxaca,16.673056,-96.312778
2856695115,Pereskiopsis rotundifolia,Oaxaca,15.689695,-96.288356
2856657103,Pereskiopsis rotundifolia,Oaxaca,15.691342,-96.288001
2856487160,Pereskiopsis rotundifolia,Oaxaca,15.692299,-96.287614
3044961578,Pereskiopsis rotundifolia,Oaxaca,15.708844,-96.196847
2862591310,Pereskiopsis rotundifolia,Oaxaca,15.710779,-96.204843
2851008996,Pereskiopsis rotundifolia,Oaxaca,15.722885,-96.16675
2901828233,Pereskiopsis rotundifolia,Oaxaca,15.722898,-96.166595
4465590535,Pereskiopsis rotundifolia,Oaxaca,15.722976,-96.166748
3337881558,Pereskiopsis rotundifolia,Oaxaca,15.723012,-96.166702
3384812894,Pereskiopsis rotundifolia,Oaxaca,15.723028,-96.166603
4465626635,Pereskiopsis rotundifolia,Oaxaca,15.723034,-96.166588
4465352453,Pereskiopsis rotundifolia,Oaxaca,15.723102,-96.166496
3335203490,Pereskiopsis rotundifolia,Oaxaca,15.723208,-96.166336
3902142193,Pereskiopsis rotundifolia,Oaxaca,15.72407,-96.162237
3067829811,Pereskiopsis rotundifolia,Oaxaca,15.724955,-96.163573
4029084092,Pereskiopsis rotundifolia,Oaxaca,15.724964,-96.161522
3113452472,Pereskiopsis rotundifolia,Oaxaca,15.725023,-96.162929
4442547328,Pereskiopsis rotundifolia,Oaxaca,15.737778,-96.145278
3337754539,Pereskiopsis rotundifolia,Oaxaca,15.737911,-96.144486
3337387553,Pereskiopsis rotundifolia,Oaxaca,15.737993,-96.144592
4465755471,Pereskiopsis rotundifolia,Oaxaca,15.738047,-96.145566
4465581444,Pereskiopsis rotundifolia,Oaxaca,15.738051,-96.14566
3985669046,Pereskiopsis rotundifolia,Oaxaca,15.738056,-96.145556
3335524566,Pereskiopsis rotundifolia,Oaxaca,15.738077,-96.145866
3859743295,Pereskiopsis rotundifolia,Oaxaca,15.738079,-96.144669
3337557556,Pereskiopsis rotundifolia,Oaxaca,15.738096,-96.144996
4465541460,Pereskiopsis rotundifolia,Oaxaca,15.738125,-96.145729
3044617089,Pereskiopsis rotundifolia,Oaxaca,15.73813,-96.145653
4465390522,Pereskiopsis rotundifolia,Oaxaca,15.738131,-96.145676
4465626969,Pereskiopsis rotundifolia,Oaxaca,15.738132,-96.145671
3468675227,Pereskiopsis rotundifolia,Oaxaca,15.738133,-96.144753
4465578954,Pereskiopsis rotundifolia,Oaxaca,15.738138,-96.145627
4465384498,Pereskiopsis rotundifolia,Oaxaca,15.73814,-96.145139
4465595489,Pereskiopsis rotundifolia,Oaxaca,15.738153,-96.145714
4465354577,Pereskiopsis rotundifolia,Oaxaca,15.738156,-96.145045
4465599567,Pereskiopsis rotundifolia,Oaxaca,15.73816,-96.145668
4465583458,Pereskiopsis rotundifolia,Oaxaca,15.738161,-96.145653
4465386546,Pereskiopsis rotundifolia,Oaxaca,15.738167,-96.145546
3705534593,Pereskiopsis rotundifolia,Oaxaca,15.738177,-96.145778
2984555599,Pereskiopsis rotundifolia,Oaxaca,15.738188,-96.14563
2963818518,Pereskiopsis rotundifolia,Oaxaca,15.738202,-96.145889
2901561230,Pereskiopsis rotundifolia,Oaxaca,15.738207,-96.145447
2963769524,Pereskiopsis rotundifolia,Oaxaca,15.738208,-96.145561
4465404587,Pereskiopsis rotundifolia,Oaxaca,15.738213,-96.1455
4465398512,Pereskiopsis rotundifolia,Oaxaca,15.738214,-96.145462
4465755492,Pereskiopsis rotundifolia,Oaxaca,15.73822,-96.145805
3337425570,Pereskiopsis rotundifolia,Oaxaca,15.738236,-96.145615
3468760036,Pereskiopsis rotundifolia,Oaxaca,15.738262,-96.145576
4465408584,Pereskiopsis rotundifolia,Oaxaca,15.738281,-96.145401
4465359677,Pereskiopsis rotundifolia,Oaxaca,15.738288,-96.146217
4465352557,Pereskiopsis rotundifolia,Oaxaca,15.738386,-96.145493
4465640714,Pereskiopsis rotundifolia,Oaxaca,15.739211,-96.131584
4465375762,Pereskiopsis rotundifolia,Oaxaca,15.74998,-96.124881
1894614719,Pereskiopsis rotundifolia,Oaxaca,15.750139,-96.146
4465367795,Pereskiopsis rotundifolia,Oaxaca,15.750696,-96.125182
4465577624,Pereskiopsis rotundifolia,Oaxaca,15.751757,-96.125729
4465361627,Pereskiopsis rotundifolia,Oaxaca,15.752391,-96.126235
4465357625,Pereskiopsis rotundifolia,Oaxaca,15.752488,-96.126184
4076458365,Pereskiopsis rotundifolia,Oaxaca,15.753089,-96.126437
4465362707,Pereskiopsis rotundifolia,Oaxaca,15.753246,-96.126305
4465634487,Pereskiopsis rotundifolia,Oaxaca,15.75333,-96.126335
4465642633,Pereskiopsis rotundifolia,Oaxaca,15.753701,-96.127122
4465595088,Pereskiopsis rotundifolia,Oaxaca,15.754204,-96.130363
4465371729,Pereskiopsis rotundifolia,Oaxaca,15.754804,-96.129082
3005136552,Pereskiopsis rotundifolia,Oaxaca,15.76089,-96.205938
4465646780,Pereskiopsis rotundifolia,Oaxaca,15.764684,-96.132321
4465385613,Pereskiopsis rotundifolia,Oaxaca,15.7661,-96.136129
4465606543,Pereskiopsis rotundifolia,Oaxaca,15.766121,-96.136126
3343916513,Pereskiopsis rotundifolia,Oaxaca,15.768414,-96.129494
4465359716,Pereskiopsis rotundifolia,Oaxaca,15.76977,-96.194078
4465598576,Pereskiopsis rotundifolia,Oaxaca,15.770421,-96.201584
4465357570,Pereskiopsis rotundifolia,Oaxaca,15.771,-96.201401
2802969543,Pereskiopsis rotundifolia,Oaxaca,15.779078,-96.071451
2999057612,Pereskiopsis rotundifolia,Oaxaca,15.779125,-96.071492
4465405533,Pereskiopsis rotundifolia,Oaxaca,15.779205,-96.071228
4465540542,Pereskiopsis rotundifolia,Oaxaca,15.779232,-96.070906
2814307953,Pereskiopsis rotundifolia,Oaxaca,15.779311,-96.07197
3499713438,Pereskiopsis rotundifolia,Oaxaca,15.779317,-96.072021
4465389607,Pereskiopsis rotundifolia,Oaxaca,15.779353,-96.072067
2803072796,Pereskiopsis rotundifolia,Oaxaca,15.779682,-96.072156
2802895741,Pereskiopsis rotundifolia,Oaxaca,15.779845,-96.07338
4465392594,Pereskiopsis rotundifolia,Oaxaca,15.780617,-96.071587
4465359490,Pereskiopsis rotundifolia,Oaxaca,15.781287,-96.060002
4465576661,Pereskiopsis rotundifolia,Oaxaca,15.781356,-96.060672
2802637790,Pereskiopsis rotundifolia,Oaxaca,15.781548,-96.058961
2802864481,Pereskiopsis rotundifolia,Oaxaca,15.781557,-96.058921
2802833221,Pereskiopsis rotundifolia,Oaxaca,15.781627,-96.058887
4465647497,Pereskiopsis rotundifolia,Oaxaca,15.781839,-96.06
3307254154,Pereskiopsis rotundifolia,Oaxaca,15.781912,-96.059824
3307363562,Pereskiopsis rotundifolia,Oaxaca,15.781938,-96.059807
3307258045,Pereskiopsis rotundifolia,Oaxaca,15.781967,-96.05973
3307302190,Pereskiopsis rotundifolia,Oaxaca,15.781975,-96.059593
2634097427,Pereskiopsis rotundifolia,Oaxaca,15.782039,-96.058563
2634309375,Pereskiopsis rotundifolia,Oaxaca,15.782186,-96.058547
2634152384,Pereskiopsis rotundifolia,Oaxaca,15.782196,-96.058534
1897573560,Pereskiopsis rotundifolia,Oaxaca,15.820472,-95.966111
1257718784,Pereskiopsis rotundifolia,Oaxaca,15.831945,-95.950833
4465653735,Pereskiopsis rotundifolia,Oaxaca,15.87963,-95.78302
4465361471,Pereskiopsis rotundifolia,Oaxaca,16.032118,-95.376228
2901671565,Pereskiopsis rotundifolia,Oaxaca,16.550334,-96.362901
3307718396,Pereskiopsis rotundifolia,Oaxaca,16.9958,-96.7806
4465403566,Pereskiopsis rotundifolia,Oaxaca,17.034676,-96.738429
2864591416,Pereskiopsis rotundifolia,Oaxaca,17.050491,-96.810855
1895697338,Pereskiopsis rotundifolia,Oaxaca,17.070833,-96.668055
3308013699,Pereskiopsis rotundifolia,Oaxaca,17.101389,-96.777778
3308496631,Pereskiopsis rotundifolia,Oaxaca,17.529722,-98.118611
1259554912,Pereskiopsis rotundifolia,Oaxaca,17.5325,-98.119167
3308412202,Pereskiopsis rotundifolia,Oaxaca,17.63333,-97.6
3307796162,Pereskiopsis rotundifolia,Oaxaca,17.7018,-97.6431
4416642903,Pilosocereus chrysacanthus,Oaxaca,16.311099,-96.626029
2898419044,Pilosocereus chrysacanthus,Oaxaca,16.55203,-96.340972
2898413064,Pilosocereus chrysacanthus,Oaxaca,16.571458,-96.336865
2901568589,Pilosocereus chrysacanthus,Oaxaca,16.579502,-96.3652
3320922400,Pilosocereus chrysacanthus,Oaxaca,16.740524,-96.37083
4458346312,Pilosocereus chrysacanthus,Oaxaca,17.039839,-96.609679
1895768784,Pilosocereus chrysacanthus,Oaxaca,17.066667,-96.716667
3308420081,Pilosocereus chrysacanthus,Oaxaca,17.326389,-96.488056
2579316866,Pilosocereus chrysacanthus,Oaxaca,17.401472,-96.569667
3308415148,Pilosocereus chrysacanthus,Oaxaca,17.412444,-97.01675
3308125116,Pilosocereus chrysacanthus,Oaxaca,17.43914,-97.01369
3307597287,Pilosocereus chrysacanthus,Oaxaca,17.564472,-96.944917
1920790317,Pilosocereus chrysacanthus,Oaxaca,17.60963,-96.924462
2984547850,Pilosocereus chrysacanthus,Oaxaca,17.714188,-96.939188
4062681948,Pilosocereus chrysacanthus,Oaxaca,17.765092,-97.819679
3773601369,Pilosocereus chrysacanthus,Oaxaca,17.78969,-96.944969
3772838955,Pilosocereus chrysacanthus,Oaxaca,17.79014,-96.944199
3772483707,Pilosocereus chrysacanthus,Oaxaca,17.790162,-96.944402
3308418449,Pilosocereus chrysacanthus,Oaxaca,17.844444,-96.926667
3773039293,Pilosocereus chrysacanthus,Oaxaca,17.86248,-97.043373
3772492516,Pilosocereus chrysacanthus,Oaxaca,17.862927,-97.038689
1920793579,Pilosocereus chrysacanthus,Oaxaca,17.86866,-97.026107
1894569186,Pilosocereus chrysacanthus,Oaxaca,17.916944,-96.955278
1894569177,Pilosocereus chrysacanthus,Oaxaca,17.917222,-96.955556
3308073182,Pilosocereus chrysacanthus,Oaxaca,17.91844,-96.956
1457638841,Pilosocereus chrysacanthus,Oaxaca,17.953818,-97.262652
2851051424,Pilosocereus chrysacanthus,Oaxaca,17.969802,-98.033415
3308207342,Pilosocereus chrysacanthus,Oaxaca,18.13575,-97.080722
3308418446,Pilosocereus chrysacanthus,Oaxaca,18.1491,-97.0602
1895768740,Pilosocereus chrysacanthus,Oaxaca,18.1575,-97.056389
3308513826,Pilosocereus chrysacanthus,Oaxaca,18.16425,-97.26175
3308712575,Pilosocereus chrysacanthus,Oaxaca,18.1725,-97.6836
3308699669,Pilosocereus chrysacanthus,Oaxaca,18.17927,-97.68238
3308463508,Pilosocereus chrysacanthus,Oaxaca,18.18333,-97.7
219012900,Pilosocereus chrysacanthus,Oaxaca,18.183333,-97.7
2862297286,Pilosocereus collinsii,Oaxaca,15.710436,-96.205082
3044825112,Pilosocereus collinsii,Oaxaca,15.711188,-96.19814
3044850607,Pilosocereus collinsii,Oaxaca,15.711271,-96.198132
2862379278,Pilosocereus collinsii,Oaxaca,15.71231,-96.203367
3466441254,Pilosocereus collinsii,Oaxaca,15.7124,-96.204346
3455813042,Pilosocereus collinsii,Oaxaca,15.712727,-96.202599
3455980597,Pilosocereus collinsii,Oaxaca,15.71277,-96.202705
2864773359,Pilosocereus collinsii,Oaxaca,15.720808,-96.167591
2864756719,Pilosocereus collinsii,Oaxaca,15.722128,-96.166508
2850541439,Pilosocereus collinsii,Oaxaca,15.72311,-96.166713
3335222466,Pilosocereus collinsii,Oaxaca,15.723131,-96.166786
4458323375,Pilosocereus collinsii,Oaxaca,15.723177,-96.166642
2860140342,Pilosocereus collinsii,Oaxaca,15.723195,-96.166729
2860135338,Pilosocereus collinsii,Oaxaca,15.723205,-96.166726
3335299426,Pilosocereus collinsii,Oaxaca,15.7239,-96.164212
3044813351,Pilosocereus collinsii,Oaxaca,15.724764,-96.164246
3335211445,Pilosocereus collinsii,Oaxaca,15.725034,-96.162738
4458318379,Pilosocereus collinsii,Oaxaca,15.725109,-96.165027
3335231474,Pilosocereus collinsii,Oaxaca,15.725728,-96.159628
3325515702,Pilosocereus collinsii,Oaxaca,15.725986,-96.162048
3335499495,Pilosocereus collinsii,Oaxaca,15.726043,-96.158512
3335551413,Pilosocereus collinsii,Oaxaca,15.726099,-96.157779
4458586309,Pilosocereus collinsii,Oaxaca,15.726113,-96.160736
3892478945,Pilosocereus collinsii,Oaxaca,15.726429,-96.157955
2864600336,Pilosocereus collinsii,Oaxaca,15.726431,-96.160553
4171312912,Pilosocereus collinsii,Oaxaca,15.726469,-96.160311
3902214943,Pilosocereus collinsii,Oaxaca,15.72657,-96.158858
3892622067,Pilosocereus collinsii,Oaxaca,15.726647,-96.160011
4506458834,Pilosocereus collinsii,Oaxaca,15.726681,-96.160467
2850910491,Pilosocereus collinsii,Oaxaca,15.726687,-96.160629
4506458826,Pilosocereus collinsii,Oaxaca,15.726689,-96.15961
2850593033,Pilosocereus collinsii,Oaxaca,15.726865,-96.16049
3059171487,Pilosocereus collinsii,Oaxaca,15.726875,-96.160515
2862379285,Pilosocereus collinsii,Oaxaca,15.726984,-96.160433
4029104247,Pilosocereus collinsii,Oaxaca,15.726988,-96.1604
2901730272,Pilosocereus collinsii,Oaxaca,15.727008,-96.160225
3335525628,Pilosocereus collinsii,Oaxaca,15.727015,-96.160391
3124871335,Pilosocereus collinsii,Oaxaca,15.727046,-96.160423
2850541029,Pilosocereus collinsii,Oaxaca,15.72706,-96.16039
2862370265,Pilosocereus collinsii,Oaxaca,15.727068,-96.160393
3456063922,Pilosocereus collinsii,Oaxaca,15.727077,-96.160393
3903110373,Pilosocereus collinsii,Oaxaca,15.727089,-96.160332
3090938106,Pilosocereus collinsii,Oaxaca,15.727095,-96.160362
3947173556,Pilosocereus collinsii,Oaxaca,15.727115,-96.160374
4102655637,Pilosocereus collinsii,Oaxaca,15.727126,-96.160378
3873811679,Pilosocereus collinsii,Oaxaca,15.727127,-96.160233
2864649331,Pilosocereus collinsii,Oaxaca,15.727135,-96.160299
2850966439,Pilosocereus collinsii,Oaxaca,15.727176,-96.160285
3416024357,Pilosocereus collinsii,Oaxaca,15.727183,-96.160408
2850619003,Pilosocereus collinsii,Oaxaca,15.72719,-96.16034
3070728580,Pilosocereus collinsii,Oaxaca,15.727199,-96.160385
3090965317,Pilosocereus collinsii,Oaxaca,15.727213,-96.160309
2850661550,Pilosocereus collinsii,Oaxaca,15.727218,-96.160725
3314517438,Pilosocereus collinsii,Oaxaca,15.727229,-96.160233
2901765034,Pilosocereus collinsii,Oaxaca,15.727242,-96.160255
3044724422,Pilosocereus collinsii,Oaxaca,15.727249,-96.160362
4172007758,Pilosocereus collinsii,Oaxaca,15.727257,-96.160202
4506443025,Pilosocereus collinsii,Oaxaca,15.727266,-96.160424
3031678548,Pilosocereus collinsii,Oaxaca,15.727274,-96.160378
3335216503,Pilosocereus collinsii,Oaxaca,15.727283,-96.160439
3031706551,Pilosocereus collinsii,Oaxaca,15.727357,-96.160462
2901696184,Pilosocereus collinsii,Oaxaca,15.727359,-96.160355
4458367309,Pilosocereus collinsii,Oaxaca,15.727385,-96.160393
3335562448,Pilosocereus collinsii,Oaxaca,15.727636,-96.160416
3355548409,Pilosocereus collinsii,Oaxaca,15.727772,-96.160447
3314640388,Pilosocereus collinsii,Oaxaca,15.727774,-96.160385
4162437332,Pilosocereus collinsii,Oaxaca,15.727862,-96.160477
3032026859,Pilosocereus collinsii,Oaxaca,15.727864,-96.160467
2802857656,Pilosocereus collinsii,Oaxaca,15.727943,-96.159335
3859032114,Pilosocereus collinsii,Oaxaca,15.728013,-96.160446
3124850356,Pilosocereus collinsii,Oaxaca,15.728463,-96.160469
4440689052,Pilosocereus collinsii,Oaxaca,15.728839,-96.158606
2802864793,Pilosocereus collinsii,Oaxaca,15.72921,-96.15973
3705757673,Pilosocereus collinsii,Oaxaca,15.729873,-96.159636
4153886869,Pilosocereus collinsii,Oaxaca,15.729907,-96.160271
3090526991,Pilosocereus collinsii,Oaxaca,15.730018,-96.159889
3321255563,Pilosocereus collinsii,Oaxaca,15.730145,-96.159537
4165674028,Pilosocereus collinsii,Oaxaca,15.730353,-96.159104
4162257272,Pilosocereus collinsii,Oaxaca,15.730617,-96.159645
3070659552,Pilosocereus collinsii,Oaxaca,15.733485,-96.158854
4458595458,Pilosocereus collinsii,Oaxaca,15.733636,-96.158636
3466228963,Pilosocereus collinsii,Oaxaca,15.734325,-96.154488
4407229698,Pilosocereus collinsii,Oaxaca,15.737003,-96.143769
2901612006,Pilosocereus collinsii,Oaxaca,15.737447,-96.146439
3355523677,Pilosocereus collinsii,Oaxaca,15.737508,-96.202072
4413758236,Pilosocereus collinsii,Oaxaca,15.737672,-96.143578
3398958025,Pilosocereus collinsii,Oaxaca,15.738012,-96.144089
3859251246,Pilosocereus collinsii,Oaxaca,15.738074,-96.144783
2873862552,Pilosocereus collinsii,Oaxaca,15.73819,-96.145696
2901728251,Pilosocereus collinsii,Oaxaca,15.738307,-96.145622
4413509202,Pilosocereus collinsii,Oaxaca,15.738417,-96.143883
4413888068,Pilosocereus collinsii,Oaxaca,15.73853,-96.14402
4413494148,Pilosocereus collinsii,Oaxaca,15.738657,-96.14463
4458612097,Pilosocereus collinsii,Oaxaca,15.738893,-96.144021
2856507117,Pilosocereus collinsii,Oaxaca,15.739017,-96.132613
4011638933,Pilosocereus collinsii,Oaxaca,15.739257,-96.131737
2864843416,Pilosocereus collinsii,Oaxaca,15.739303,-96.13176
3058877509,Pilosocereus collinsii,Oaxaca,15.739509,-96.131737
3059152636,Pilosocereus collinsii,Oaxaca,15.739539,-96.131905
3044598130,Pilosocereus collinsii,Oaxaca,15.739653,-96.131615
2864841453,Pilosocereus collinsii,Oaxaca,15.739813,-96.131721
3457109479,Pilosocereus collinsii,Oaxaca,15.747006,-96.202041
4075925819,Pilosocereus collinsii,Oaxaca,15.750074,-96.123923
4075801842,Pilosocereus collinsii,Oaxaca,15.750156,-96.123444
3059152292,Pilosocereus collinsii,Oaxaca,15.751558,-96.125228
3860667589,Pilosocereus collinsii,Oaxaca,15.751661,-96.12553
2807481210,Pilosocereus collinsii,Oaxaca,15.75167,-96.14167
3058818206,Pilosocereus collinsii,Oaxaca,15.751979,-96.125613
3059130266,Pilosocereus collinsii,Oaxaca,15.752072,-96.125492
3058990108,Pilosocereus collinsii,Oaxaca,15.752168,-96.12584
4075791783,Pilosocereus collinsii,Oaxaca,15.753122,-96.126076
3070743444,Pilosocereus collinsii,Oaxaca,15.753187,-96.126154
3070656230,Pilosocereus collinsii,Oaxaca,15.753316,-96.12505
3070688398,Pilosocereus collinsii,Oaxaca,15.753367,-96.126401
4076389317,Pilosocereus collinsii,Oaxaca,15.753856,-96.126129
3301817094,Pilosocereus collinsii,Oaxaca,15.754428,-96.148262
3355403697,Pilosocereus collinsii,Oaxaca,15.75462,-96.148048
3044649090,Pilosocereus collinsii,Oaxaca,15.754653,-96.148109
3097222452,Pilosocereus collinsii,Oaxaca,15.754757,-96.149467
3070753326,Pilosocereus collinsii,Oaxaca,15.75492,-96.146217
3355170325,Pilosocereus collinsii,Oaxaca,15.755492,-96.147402
3044797408,Pilosocereus collinsii,Oaxaca,15.755615,-96.160044
3070630252,Pilosocereus collinsii,Oaxaca,15.756339,-96.144426
4111693814,Pilosocereus collinsii,Oaxaca,15.761056,-96.140155
4111673561,Pilosocereus collinsii,Oaxaca,15.761392,-96.140951
4458360317,Pilosocereus collinsii,Oaxaca,15.761445,-96.167021
4111693294,Pilosocereus collinsii,Oaxaca,15.762317,-96.138777
4103248336,Pilosocereus collinsii,Oaxaca,15.76237,-96.137161
4458348378,Pilosocereus collinsii,Oaxaca,15.763233,-96.188062
3469016354,Pilosocereus collinsii,Oaxaca,15.764842,-96.106631
4510362178,Pilosocereus collinsii,Oaxaca,15.765446,-96.170433
4512171142,Pilosocereus collinsii,Oaxaca,15.765497,-96.170348
4458329717,Pilosocereus collinsii,Oaxaca,15.76613,-96.136154
3499606049,Pilosocereus collinsii,Oaxaca,15.766157,-96.136147
4453672367,Pilosocereus collinsii,Oaxaca,15.766452,-96.103955
2818518554,Pilosocereus collinsii,Oaxaca,15.76777,-96.113441
3118313596,Pilosocereus collinsii,Oaxaca,15.768302,-96.193086
4458337764,Pilosocereus collinsii,Oaxaca,15.768423,-96.129501
4458352393,Pilosocereus collinsii,Oaxaca,15.76924,-96.135081
4458598354,Pilosocereus collinsii,Oaxaca,15.769536,-96.136383
4458371357,Pilosocereus collinsii,Oaxaca,15.771819,-96.136406
2859942357,Pilosocereus collinsii,Oaxaca,15.772289,-96.14756
4458561316,Pilosocereus collinsii,Oaxaca,15.774351,-96.200688
4458554308,Pilosocereus collinsii,Oaxaca,15.777748,-96.200452
2851077452,Pilosocereus collinsii,Oaxaca,15.778672,-96.198652
3330642598,Pilosocereus collinsii,Oaxaca,15.778889,-96.197778
3415950184,Pilosocereus collinsii,Oaxaca,15.77903,-96.196948
2803011523,Pilosocereus collinsii,Oaxaca,15.779047,-96.07181
2999103585,Pilosocereus collinsii,Oaxaca,15.779127,-96.071559
3314451417,Pilosocereus collinsii,Oaxaca,15.779201,-96.071088
3070373412,Pilosocereus collinsii,Oaxaca,15.779262,-96.071933
3314436411,Pilosocereus collinsii,Oaxaca,15.779271,-96.070667
2814447752,Pilosocereus collinsii,Oaxaca,15.779324,-96.071979
3499674442,Pilosocereus collinsii,Oaxaca,15.77936,-96.07206
4458597433,Pilosocereus collinsii,Oaxaca,15.77946,-96.210856
3307323741,Pilosocereus collinsii,Oaxaca,15.781877,-96.060119
2856484762,Pilosocereus collinsii,Oaxaca,15.783007,-96.060623
3059156769,Pilosocereus collinsii,Oaxaca,15.783147,-96.060075
2856730749,Pilosocereus collinsii,Oaxaca,15.783538,-96.060334
3059074872,Pilosocereus collinsii,Oaxaca,15.784686,-96.058541
3059066532,Pilosocereus collinsii,Oaxaca,15.785022,-96.058443
3058971656,Pilosocereus collinsii,Oaxaca,15.785576,-96.058311
2629673356,Pilosocereus collinsii,Oaxaca,15.791667,-96.063889
4011870922,Pilosocereus collinsii,Oaxaca,15.88032,-95.783133
1895768742,Pilosocereus collinsii,Oaxaca,16.186944,-95.193333
4458571338,Pilosocereus collinsii,Oaxaca,16.18913,-95.22061
3858213359,Pilosocereus collinsii,Oaxaca,16.254238,-95.210267
1258666934,Pilosocereus collinsii,Oaxaca,16.38,-95.34
4111957244,Pilosocereus collinsii,Oaxaca,16.38081,-95.314068
1895417586,Pilosocereus collinsii,Oaxaca,16.528483,-94.530503
4018103887,Pilosocereus collinsii,Oaxaca,16.538002,-95.01241
2823128403,Pilosocereus collinsii,Oaxaca,16.538119,-94.719977
3039134249,Pilosocereus collinsii,Oaxaca,16.582073,-95.216616
4522718714,Pilosocereus collinsii,Oaxaca,16.5988,-95.229631
4522767721,Pilosocereus collinsii,Oaxaca,16.599242,-95.229836
4522803964,Pilosocereus collinsii,Oaxaca,16.599506,-95.229981
4522771760,Pilosocereus collinsii,Oaxaca,16.608172,-95.231378
3308655683,Pilosocereus collinsii,Oaxaca,16.61131,-95.01339
3337376437,Pilosocereus collinsii,Oaxaca,16.739992,-94.987096
2518014453,Pilosocereus leucocephalus,Oaxaca,15.7075,-96.626111
2465147265,Pilosocereus leucocephalus,Oaxaca,15.722674,-96.166061
2465132137,Pilosocereus leucocephalus,Oaxaca,15.725509,-96.15994
2465091937,Pilosocereus leucocephalus,Oaxaca,15.726055,-96.160881
1990597081,Pilosocereus leucocephalus,Oaxaca,15.7262,-96.16043
2517992580,Pilosocereus leucocephalus,Oaxaca,15.726459,-96.160566
2529268796,Pilosocereus leucocephalus,Oaxaca,15.726566,-96.16001
1990503553,Pilosocereus leucocephalus,Oaxaca,15.726733,-96.160568
2529349621,Pilosocereus leucocephalus,Oaxaca,15.727001,-96.160105
1990597074,Pilosocereus leucocephalus,Oaxaca,15.727038,-96.160378
2517942043,Pilosocereus leucocephalus,Oaxaca,15.727061,-96.160477
3705406808,Pilosocereus leucocephalus,Oaxaca,15.727156,-96.160164
1990503013,Pilosocereus leucocephalus,Oaxaca,15.727192,-96.160271
1990517178,Pilosocereus leucocephalus,Oaxaca,15.727953,-96.160264
3302417965,Pilosocereus leucocephalus,Oaxaca,15.729901,-96.159561
2366130472,Pilosocereus leucocephalus,Oaxaca,15.754536,-96.148579
2634533348,Pilosocereus leucocephalus,Oaxaca,15.755631,-96.14478
2634096825,Pilosocereus leucocephalus,Oaxaca,15.761624,-96.144021
2634026217,Pilosocereus leucocephalus,Oaxaca,15.765321,-96.113528
2634223184,Pilosocereus leucocephalus,Oaxaca,15.76561,-96.114365
2634358786,Pilosocereus leucocephalus,Oaxaca,15.767756,-96.122062
2465137225,Pilosocereus leucocephalus,Oaxaca,15.76892,-96.136519
2634029785,Pilosocereus leucocephalus,Oaxaca,15.770177,-96.122278
4458606349,Pilosocereus leucocephalus,Oaxaca,15.770696,-96.446915
4458364820,Pilosocereus leucocephalus,Oaxaca,16.525324,-95.094818
4507983141,Pilosocereus leucocephalus,Oaxaca,16.674436,-96.247945
3308144595,Pilosocereus leucocephalus,Oaxaca,16.71478,-94.7421
4138146784,Pilosocereus leucocephalus,Oaxaca,16.9367,-96.38055
4458592385,Pilosocereus leucocephalus,Oaxaca,17.395102,-96.573949
3912028078,Pilosocereus leucocephalus,Oaxaca,17.576106,-96.851828
4458596380,Pilosocereus leucocephalus,Oaxaca,18.149814,-97.163505
2802544366,Pilosocereus quadricentralis,Oaxaca,15.680925,-96.01783
1990503046,Pilosocereus quadricentralis,Oaxaca,15.754175,-96.193975
219012171,Pilosocereus quadricentralis,Oaxaca,15.851944,-95.985278
3308638752,Pilosocereus quadricentralis,Oaxaca,15.92272,-95.786
1895767344,Pilosocereus quadricentralis,Oaxaca,16.238611,-94.091944
3307621802,Pilosocereus quadricentralis,Oaxaca,16.6693587,-96.2735173
4458586326,Pilosocereus quadricentralis,Oaxaca,16.679759,-96.221148
1895767586,Pilosocereus quadricentralis,Oaxaca,16.684444,-96.171944
3888736345,Pilosocereus quadricentralis,Oaxaca,16.702203,-95.835956
2465146206,Pilosocereus quadricentralis,Oaxaca,16.737251,-95.662057
3308176860,Pilosocereus quadricentralis,Oaxaca,16.7537544,-96.335829
2465322847,Pilosocereus quadricentralis,Oaxaca,16.772334,-96.209503
2236829199,Pilosocereus quadricentralis,Oaxaca,16.777671,-96.368928
3889011337,Pilosocereus quadricentralis,Oaxaca,16.782397,-95.934517
2465169376,Pilosocereus quadricentralis,Oaxaca,17.394842,-96.518387
1893752095,Polaskia chende,Oaxaca,17.028333,-96.52
3308661523,Polaskia chende,Oaxaca,17.53416,-97.05168
2465256970,Polaskia chende,Oaxaca,17.887515,-97.094446
3308730307,Polaskia chende,Oaxaca,17.922361,-96.940417
3308659396,Polaskia chende,Oaxaca,17.9257,-96.9477
1933602410,Polaskia chende,Oaxaca,17.930784,-97.426672
3308127724,Polaskia chende,Oaxaca,17.95028,-96.84944
2984387802,Polaskia chende,Oaxaca,17.966845,-97.420911
4465386334,Polaskia chende,Oaxaca,18.067992,-97.425127
3308101464,Polaskia chende,Oaxaca,18.17028,-97.05564
3308025165,Polaskia chichipe,Oaxaca,17.61772,-97.66408
3308200296,Polaskia chichipe,Oaxaca,17.667625,-97.502444
3068085819,Polaskia chichipe,Oaxaca,17.684046,-97.572365
1895767573,Polaskia chichipe,Oaxaca,17.73,-97.705
3307601368,Polaskia chichipe,Oaxaca,17.736833,-97.74975
3308100506,Polaskia chichipe,Oaxaca,17.76483,-97.74653
3124536314,Polaskia chichipe,Oaxaca,17.876805,-97.347872
2574244223,Polaskia chichipe,Oaxaca,17.904972,-97.357148
1453543260,Polaskia chichipe,Oaxaca,17.967197,-97.416947
3858160412,Polaskia chichipe,Oaxaca,18.010632,-97.648376
3858239390,Polaskia chichipe,Oaxaca,18.013591,-97.646052
4399909912,Polaskia chichipe,Oaxaca,18.231075,-97.647653
3308398098,Rhipsalis baccifera,Oaxaca,16.15,-97.01667
1257778770,Rhipsalis baccifera,Oaxaca,16.703889,-95.0425
3308737277,Rhipsalis baccifera,Oaxaca,16.70389,-95.0425
219012720,Rhipsalis baccifera,Oaxaca,16.733333,-95.516667
2460013013,Rhipsalis baccifera,Oaxaca,16.7372,-95.464389
1419220887,Rhipsalis baccifera,Oaxaca,16.741667,-95.525
4145544883,Rhipsalis baccifera,Oaxaca,16.883904,-95.299065
1893564201,Rhipsalis baccifera,Oaxaca,17.073889,-94.587778
1893564139,Rhipsalis baccifera,Oaxaca,17.0775,-94.061111
1419204163,Rhipsalis baccifera,Oaxaca,17.081275,-97.866176
1897573203,Rhipsalis baccifera,Oaxaca,17.247556,-95.567972
3308631312,Rhipsalis baccifera,Oaxaca,17.43183,-96.3235
1897332847,Rhipsalis baccifera,Oaxaca,17.431833,-96.3235
1897489082,Rhipsalis baccifera,Oaxaca,17.441361,-96.265333
2459993190,Rhipsalis baccifera,Oaxaca,17.483739,-95.773891
1562916051,Rhipsalis baccifera,Oaxaca,17.645535,-96.428375
3307827229,Rhipsalis baccifera,Oaxaca,17.72667,-96.54056
3859353341,Rhipsalis baccifera,Oaxaca,17.798228,-96.270363
1893715419,Rhipsalis baccifera,Oaxaca,17.86,-96.208333
3308690167,Rhipsalis baccifera,Oaxaca,17.91019,-96.91744
3308085357,Rhipsalis baccifera,Oaxaca,17.913472,-96.918417
3308716341,Rhipsalis baccifera,Oaxaca,17.91583,-96.93944
2629655016,Rhipsalis baccifera,Oaxaca,17.925556,-96.103889
1928764439,Rhipsalis baccifera,Oaxaca,18.00522,-96.65275
1896090328,Rhipsalis baccifera,Oaxaca,18.012889,-96.623611
2629519601,Rhipsalis baccifera,Oaxaca,18.033333,-96.683333
2629740573,Rhipsalis baccifera,Oaxaca,18.152778,-96.851944
1893925273,Rhipsalis baccifera,Oaxaca,18.153278,-96.852139
2993516501,Rhipsalis baccifera,Oaxaca,18.15328,-96.85214
1893925247,Rhipsalis baccifera,Oaxaca,18.154889,-96.851167
2993514455,Rhipsalis baccifera,Oaxaca,18.15489,-96.85117
1260329883,Rhipsalis baccifera,Oaxaca,18.23,-96.38
3308513181,Rhipsalis baccifera,Oaxaca,18.233,-96.383
4027226350,Rhipsalis baccifera,Oaxaca,18.2825,-96.70167
4458492891,Selenicereus anthonyanus,Oaxaca,17.026804,-96.603546
4430979583,Selenicereus anthonyanus,Oaxaca,17.144456,-97.880688
4430668751,Selenicereus anthonyanus,Oaxaca,17.185063,-96.74779
1703207622,Selenicereus chontalensis,Oaxaca,16.55,-95.91
3858205969,Selenicereus chontalensis,Oaxaca,16.678362,-95.470834
4102613224,Selenicereus testudo,Oaxaca,16.581029,-95.336549
3308503529,Selenicereus testudo,Oaxaca,16.6654863,-95.0072264
2597726046,Selenicereus testudo,Oaxaca,16.675123,-95.014399
3039194985,Selenicereus testudo,Oaxaca,16.680733,-95.011678
1846505289,Selenicereus testudo,Oaxaca,16.8775,-95.034167
4168487286,Selenicereus testudo,Oaxaca,18.091667,-96.141667
2550120863,Stenocactus crispatus,Oaxaca,17.554774,-97.323611
1895424315,Stenocactus crispatus,Oaxaca,17.567061,-96.945625
3307880608,Stenocactus crispatus,Oaxaca,17.66667,-97.48333
2465184503,Stenocactus crispatus,Oaxaca,17.719414,-97.561472
3915510431,Stenocactus crispatus,Oaxaca,17.790698,-97.436816
3308374509,Stenocactus crispatus,Oaxaca,17.79764,-97.34358
3308391617,Stenocactus crispatus,Oaxaca,17.80075,-97.480833
3355727324,Stenocactus crispatus,Oaxaca,17.883581,-97.346788
3355140412,Stenocactus crispatus,Oaxaca,17.883606,-97.346799
3355111847,Stenocactus crispatus,Oaxaca,17.88953,-97.342733
2459995101,Stenocactus crispatus,Oaxaca,17.895327,-97.423257
3986055524,Stenocactus crispatus,Oaxaca,17.898707,-97.431552
2574244150,Stenocactus crispatus,Oaxaca,17.901461,-97.359897
1850915499,Stenocactus crispatus,Oaxaca,17.908085,-97.429114
1703206764,Stenocactus crispatus,Oaxaca,17.927619,-97.398262
1586155919,Stenocactus crispatus,Oaxaca,17.930722,-97.435856
2445121558,Stenocactus crispatus,Oaxaca,17.936969,-97.452993
1890711441,Stenocactus crispatus,Oaxaca,17.950234,-97.417577
1677339701,Stenocactus crispatus,Oaxaca,18.013057,-97.398659
2814153710,Stenocereus chacalapensis,Oaxaca,15.600892,-96.047986
3773589559,Stenocereus chacalapensis,Oaxaca,15.60093,-96.309726
3705542826,Stenocereus chacalapensis,Oaxaca,15.601393,-96.142321
3335131085,Stenocereus chacalapensis,Oaxaca,15.602384,-96.345897
3338050454,Stenocereus chacalapensis,Oaxaca,15.602404,-96.296401
3705497019,Stenocereus chacalapensis,Oaxaca,15.602693,-96.183024
4440804781,Stenocereus chacalapensis,Oaxaca,15.602835,-96.011433
3090784334,Stenocereus chacalapensis,Oaxaca,15.602845,-96.19072
4076062406,Stenocereus chacalapensis,Oaxaca,15.603508,-96.149829
2634001330,Stenocereus chacalapensis,Oaxaca,15.603925,-96.025665
2802536515,Stenocereus chacalapensis,Oaxaca,15.604032,-96.150813
3915281748,Stenocereus chacalapensis,Oaxaca,15.604857,-96.150227
4424122607,Stenocereus chacalapensis,Oaxaca,15.605088,-96.190141
4046252720,Stenocereus chacalapensis,Oaxaca,15.605538,-96.174631
4165772594,Stenocereus chacalapensis,Oaxaca,15.605757,-96.392492
4420788446,Stenocereus chacalapensis,Oaxaca,15.605799,-96.07109
3031736653,Stenocereus chacalapensis,Oaxaca,15.606407,-96.22502
2823323236,Stenocereus chacalapensis,Oaxaca,15.6066,-96.171803
4506306065,Stenocereus chacalapensis,Oaxaca,15.606775,-96.192544
3915737288,Stenocereus chacalapensis,Oaxaca,15.60759,-96.128428
3070782402,Stenocereus chacalapensis,Oaxaca,15.608082,-96.029013
1836594897,Stenocereus chacalapensis,Oaxaca,15.608292,-96.225811
2634250565,Stenocereus chacalapensis,Oaxaca,15.608981,-96.01797
3330516610,Stenocereus chacalapensis,Oaxaca,15.609005,-96.300064
2802618346,Stenocereus chacalapensis,Oaxaca,15.609071,-96.326334
2802839879,Stenocereus chacalapensis,Oaxaca,15.609495,-96.016047
2856739808,Stenocereus chacalapensis,Oaxaca,15.610756,-96.074925
2633978684,Stenocereus chacalapensis,Oaxaca,15.61084,-96.18841
2633953347,Stenocereus chacalapensis,Oaxaca,15.611103,-96.027312
3070738687,Stenocereus chacalapensis,Oaxaca,15.611191,-96.139709
2641319528,Stenocereus chacalapensis,Oaxaca,15.611294,-96.183717
4414167260,Stenocereus chacalapensis,Oaxaca,15.611722,-96.082294
3466128841,Stenocereus chacalapensis,Oaxaca,15.612522,-96.257127
3044854112,Stenocereus chacalapensis,Oaxaca,15.612789,-96.084378
3124690401,Stenocereus chacalapensis,Oaxaca,15.612893,-96.101992
3915496484,Stenocereus chacalapensis,Oaxaca,15.613133,-96.311198
3468791950,Stenocereus chacalapensis,Oaxaca,15.613759,-96.150235
2634261377,Stenocereus chacalapensis,Oaxaca,15.614197,-96.183235
2802846876,Stenocereus chacalapensis,Oaxaca,15.614215,-96.153293
2802799347,Stenocereus chacalapensis,Oaxaca,15.614496,-96.119064
3044725638,Stenocereus chacalapensis,Oaxaca,15.615045,-96.040899
2802944662,Stenocereus chacalapensis,Oaxaca,15.615283,-96.361547
3873091932,Stenocereus chacalapensis,Oaxaca,15.616559,-96.094728
2883156569,Stenocereus chacalapensis,Oaxaca,15.616969,-96.024557
3923469629,Stenocereus chacalapensis,Oaxaca,15.617068,-96.154912
4138436683,Stenocereus chacalapensis,Oaxaca,15.617299,-96.089606
1990595497,Stenocereus chacalapensis,Oaxaca,15.617811,-96.020079
3902666671,Stenocereus chacalapensis,Oaxaca,15.618227,-96.119489
3772982689,Stenocereus chacalapensis,Oaxaca,15.618383,-96.433241
2883180668,Stenocereus chacalapensis,Oaxaca,15.618768,-96.055979
3031990946,Stenocereus chacalapensis,Oaxaca,15.619193,-96.056667
3335313445,Stenocereus chacalapensis,Oaxaca,15.619531,-96.191975
3947680459,Stenocereus chacalapensis,Oaxaca,15.619865,-96.08326
2802667238,Stenocereus chacalapensis,Oaxaca,15.620335,-96.118946
4405549321,Stenocereus chacalapensis,Oaxaca,15.620887,-96.054344
3915257476,Stenocereus chacalapensis,Oaxaca,15.620937,-96.081446
3915261498,Stenocereus chacalapensis,Oaxaca,15.621016,-96.156561
4465422639,Stenocereus chacalapensis,Oaxaca,15.621717,-96.258686
2883158739,Stenocereus chacalapensis,Oaxaca,15.621775,-96.077948
3307482829,Stenocereus chacalapensis,Oaxaca,15.622033,-96.399901
3923542624,Stenocereus chacalapensis,Oaxaca,15.622624,-96.089765
2864715575,Stenocereus chacalapensis,Oaxaca,15.622861,-96.141589
3455576969,Stenocereus chacalapensis,Oaxaca,15.623205,-96.02799
3466527835,Stenocereus chacalapensis,Oaxaca,15.624542,-96.197067
3068046669,Stenocereus chacalapensis,Oaxaca,15.624953,-96.113594
3325836187,Stenocereus chacalapensis,Oaxaca,15.625012,-96.552866
3988476777,Stenocereus chacalapensis,Oaxaca,15.626487,-96.363508
2851002050,Stenocereus chacalapensis,Oaxaca,15.626937,-96.161964
3915268350,Stenocereus chacalapensis,Oaxaca,15.626943,-96.261806
2633961331,Stenocereus chacalapensis,Oaxaca,15.62727,-96.043167
3090735419,Stenocereus chacalapensis,Oaxaca,15.628082,-96.136648
3059159689,Stenocereus chacalapensis,Oaxaca,15.628827,-96.196733
2803061092,Stenocereus chacalapensis,Oaxaca,15.629022,-96.103052
3915505752,Stenocereus chacalapensis,Oaxaca,15.629337,-96.303006
3915311529,Stenocereus chacalapensis,Oaxaca,15.629412,-96.312743
3773471049,Stenocereus chacalapensis,Oaxaca,15.629522,-96.263589
2634439333,Stenocereus chacalapensis,Oaxaca,15.629768,-96.00891
3468845716,Stenocereus chacalapensis,Oaxaca,15.629812,-96.10425
2802996180,Stenocereus chacalapensis,Oaxaca,15.630161,-96.07353
4138725865,Stenocereus chacalapensis,Oaxaca,15.630391,-96.175831
3335264465,Stenocereus chacalapensis,Oaxaca,15.630872,-96.079768
2634409277,Stenocereus chacalapensis,Oaxaca,15.631041,-96.136023
1848770132,Stenocereus chacalapensis,Oaxaca,15.631536,-96.085798
3031712320,Stenocereus chacalapensis,Oaxaca,15.631674,-96.247478
3456008414,Stenocereus chacalapensis,Oaxaca,15.631719,-96.141864
2856561854,Stenocereus chacalapensis,Oaxaca,15.631837,-96.349316
4138403743,Stenocereus chacalapensis,Oaxaca,15.632011,-96.268309
3337483283,Stenocereus chacalapensis,Oaxaca,15.632672,-96.137336
3802792416,Stenocereus chacalapensis,Oaxaca,15.632735,-96.163686
3994076218,Stenocereus chacalapensis,Oaxaca,15.633828,-96.104541
2634449327,Stenocereus chacalapensis,Oaxaca,15.634304,-96.182199
3705483251,Stenocereus chacalapensis,Oaxaca,15.635017,-96.712543
2883174699,Stenocereus chacalapensis,Oaxaca,15.635075,-96.192418
2803002961,Stenocereus chacalapensis,Oaxaca,15.637062,-96.04776
2633991352,Stenocereus chacalapensis,Oaxaca,15.637353,-96.181993
3888784086,Stenocereus chacalapensis,Oaxaca,15.63777,-96.111161
4046306743,Stenocereus chacalapensis,Oaxaca,15.637775,-96.017461
4137894426,Stenocereus chacalapensis,Oaxaca,15.637882,-96.074076
3330770613,Stenocereus chacalapensis,Oaxaca,15.638053,-96.028183
2518154220,Stenocereus chacalapensis,Oaxaca,15.638085,-96.087404
2563503852,Stenocereus chacalapensis,Oaxaca,15.639241,-96.153222
3466150230,Stenocereus chacalapensis,Oaxaca,15.639247,-96.040191
3014046584,Stenocereus chacalapensis,Oaxaca,15.639559,-96.370608
3915281401,Stenocereus chacalapensis,Oaxaca,15.639582,-96.121977
3457064839,Stenocereus chacalapensis,Oaxaca,15.639645,-96.348882
2634404861,Stenocereus chacalapensis,Oaxaca,15.639697,-96.038094
3915371436,Stenocereus chacalapensis,Oaxaca,15.639767,-96.155746
3058706061,Stenocereus chacalapensis,Oaxaca,15.64008,-96.116119
3915400396,Stenocereus chacalapensis,Oaxaca,15.640236,-96.084793
3915450449,Stenocereus chacalapensis,Oaxaca,15.640302,-96.13774
3307250969,Stenocereus chacalapensis,Oaxaca,15.641446,-96.353089
4413573895,Stenocereus chacalapensis,Oaxaca,15.641479,-96.12369
4512271501,Stenocereus chacalapensis,Oaxaca,15.641515,-96.079698
2803149271,Stenocereus chacalapensis,Oaxaca,15.642642,-96.156413
3032041891,Stenocereus chacalapensis,Oaxaca,15.642648,-96.055521
3455951954,Stenocereus chacalapensis,Oaxaca,15.643282,-96.11755
3039402819,Stenocereus chacalapensis,Oaxaca,15.643302,-96.158863
3759079257,Stenocereus chacalapensis,Oaxaca,15.643708,-96.011575
1898822812,Stenocereus chacalapensis,Oaxaca,15.644185,-96.113041
3059113040,Stenocereus chacalapensis,Oaxaca,15.645594,-96.081638
2634010368,Stenocereus chacalapensis,Oaxaca,15.646061,-96.028403
2529303483,Stenocereus chacalapensis,Oaxaca,15.646125,-96.067798
3059101408,Stenocereus chacalapensis,Oaxaca,15.646361,-96.052031
2633964343,Stenocereus chacalapensis,Oaxaca,15.646437,-96.026518
3961161403,Stenocereus chacalapensis,Oaxaca,15.647217,-96.042643
2802731960,Stenocereus chacalapensis,Oaxaca,15.647436,-96.351213
2883143656,Stenocereus chacalapensis,Oaxaca,15.647507,-96.062925
1990595556,Stenocereus chacalapensis,Oaxaca,15.647691,-96.108572
3915452423,Stenocereus chacalapensis,Oaxaca,15.648416,-96.003215
3059046722,Stenocereus chacalapensis,Oaxaca,15.648643,-96.125344
3044572114,Stenocereus chacalapensis,Oaxaca,15.649093,-96.176099
4442743847,Stenocereus chacalapensis,Oaxaca,15.649804,-96.045544
3118214808,Stenocereus chacalapensis,Oaxaca,15.649944,-96.049367
2550016875,Stenocereus chacalapensis,Oaxaca,15.650612,-96.369638
2576501163,Stenocereus chacalapensis,Oaxaca,15.650887,-96.02821
1847467494,Stenocereus chacalapensis,Oaxaca,15.651388,-96.095558
2814233605,Stenocereus chacalapensis,Oaxaca,15.651395,-96.106507
3915383425,Stenocereus chacalapensis,Oaxaca,15.651577,-96.015394
2802923386,Stenocereus chacalapensis,Oaxaca,15.65295,-96.049887
2988392802,Stenocereus chacalapensis,Oaxaca,15.653801,-96.023431
3090667072,Stenocereus chacalapensis,Oaxaca,15.65381,-96.146094
2901765030,Stenocereus chacalapensis,Oaxaca,15.654254,-96.0675
2864734672,Stenocereus chacalapensis,Oaxaca,15.654629,-96.165308
1990601578,Stenocereus chacalapensis,Oaxaca,15.654801,-96.012932
3923681670,Stenocereus chacalapensis,Oaxaca,15.655673,-96.154761
2550048960,Stenocereus chacalapensis,Oaxaca,15.656282,-96.38372
2634268555,Stenocereus chacalapensis,Oaxaca,15.656733,-96.064801
2814256826,Stenocereus chacalapensis,Oaxaca,15.657251,-96.086689
2634033371,Stenocereus chacalapensis,Oaxaca,15.657512,-96.16568
2609187154,Stenocereus chacalapensis,Oaxaca,15.658314,-96.139056
3915501494,Stenocereus chacalapensis,Oaxaca,15.659134,-96.145775
3058856327,Stenocereus chacalapensis,Oaxaca,15.659206,-96.079477
3903508981,Stenocereus chacalapensis,Oaxaca,15.659875,-96.291873
3330642137,Stenocereus chacalapensis,Oaxaca,15.660079,-96.021613
2597799747,Stenocereus chacalapensis,Oaxaca,15.660298,-96.163899
3915443450,Stenocereus chacalapensis,Oaxaca,15.660539,-96.14945
4162517585,Stenocereus chacalapensis,Oaxaca,15.661086,-96.120025
3456877267,Stenocereus chacalapensis,Oaxaca,15.661389,-96.080608
3468999634,Stenocereus chacalapensis,Oaxaca,15.66271,-96.001165
4440720604,Stenocereus chacalapensis,Oaxaca,15.663045,-96.04348
2633957350,Stenocereus chacalapensis,Oaxaca,15.663752,-96.039995
3070772270,Stenocereus chacalapensis,Oaxaca,15.663906,-96.107909
3915386373,Stenocereus chacalapensis,Oaxaca,15.66411,-96.085662
2882938685,Stenocereus chacalapensis,Oaxaca,15.664399,-96.223574
3325838150,Stenocereus chacalapensis,Oaxaca,15.664795,-96.403127
3455429669,Stenocereus chacalapensis,Oaxaca,15.665534,-96.091457
3031744796,Stenocereus chacalapensis,Oaxaca,15.665948,-96.080383
2882962203,Stenocereus chacalapensis,Oaxaca,15.666508,-96.379754
4440885520,Stenocereus chacalapensis,Oaxaca,15.667204,-96.095695
2813900656,Stenocereus chacalapensis,Oaxaca,15.667327,-96.241519
2864844452,Stenocereus chacalapensis,Oaxaca,15.667753,-96.148974
2633955674,Stenocereus chacalapensis,Oaxaca,15.667784,-96.067027
2802713350,Stenocereus chacalapensis,Oaxaca,15.667827,-96.358061
3314620408,Stenocereus chacalapensis,Oaxaca,15.668879,-96.02593
2634238320,Stenocereus chacalapensis,Oaxaca,15.669291,-96.167191
3915377641,Stenocereus chacalapensis,Oaxaca,15.669902,-96.145079
2634028584,Stenocereus chacalapensis,Oaxaca,15.6703,-96.030437
3499567099,Stenocereus chacalapensis,Oaxaca,15.671496,-96.032518
2802869453,Stenocereus chacalapensis,Oaxaca,15.672157,-96.106634
4424184446,Stenocereus chacalapensis,Oaxaca,15.672224,-96.046057
3468744773,Stenocereus chacalapensis,Oaxaca,15.673004,-96.083272
2856646344,Stenocereus chacalapensis,Oaxaca,15.673136,-96.103383
4162372611,Stenocereus chacalapensis,Oaxaca,15.673794,-96.047839
3466442315,Stenocereus chacalapensis,Oaxaca,15.674399,-96.064939
3059132136,Stenocereus chacalapensis,Oaxaca,15.674604,-96.076595
1850925083,Stenocereus chacalapensis,Oaxaca,15.674828,-96.118839
3059154518,Stenocereus chacalapensis,Oaxaca,15.674888,-96.046042
3325528877,Stenocereus chacalapensis,Oaxaca,15.674921,-96.48788
3988630744,Stenocereus chacalapensis,Oaxaca,15.676631,-96.131692
3915349335,Stenocereus chacalapensis,Oaxaca,15.676792,-96.095831
2802862837,Stenocereus chacalapensis,Oaxaca,15.676852,-96.280418
3915389442,Stenocereus chacalapensis,Oaxaca,15.67691,-96.208125
2901554578,Stenocereus chacalapensis,Oaxaca,15.677764,-96.15403
4075874786,Stenocereus chacalapensis,Oaxaca,15.677984,-96.067077
2634222652,Stenocereus chacalapensis,Oaxaca,15.678107,-96.041115
4454048027,Stenocereus chacalapensis,Oaxaca,15.679636,-96.418199
2634224428,Stenocereus chacalapensis,Oaxaca,15.680455,-96.023614
3456405632,Stenocereus chacalapensis,Oaxaca,15.681013,-96.095412
2802831566,Stenocereus chacalapensis,Oaxaca,15.681177,-96.183239
3747192542,Stenocereus chacalapensis,Oaxaca,15.681242,-96.076994
2802879384,Stenocereus chacalapensis,Oaxaca,15.681408,-96.223392
2803121782,Stenocereus chacalapensis,Oaxaca,15.681725,-96.143306
3416167648,Stenocereus chacalapensis,Oaxaca,15.681914,-96.070853
3070734526,Stenocereus chacalapensis,Oaxaca,15.682308,-96.063692
3384550561,Stenocereus chacalapensis,Oaxaca,15.682332,-96.028987
3915361372,Stenocereus chacalapensis,Oaxaca,15.682428,-96.006645
2802946527,Stenocereus chacalapensis,Oaxaca,15.682542,-96.015446
2634014638,Stenocereus chacalapensis,Oaxaca,15.68264,-96.040576
3915269452,Stenocereus chacalapensis,Oaxaca,15.683271,-96.050251
2803127870,Stenocereus chacalapensis,Oaxaca,15.683378,-96.157686
3915284392,Stenocereus chacalapensis,Oaxaca,15.683523,-96.266882
2633960333,Stenocereus chacalapensis,Oaxaca,15.683708,-96.277164
4404989844,Stenocereus chacalapensis,Oaxaca,15.684454,-96.258437
3333450598,Stenocereus chacalapensis,Oaxaca,15.684523,-96.311597
2235528782,Stenocereus chacalapensis,Oaxaca,15.685193,-96.069697
3090966005,Stenocereus chacalapensis,Oaxaca,15.685578,-96.116434
3468760107,Stenocereus chacalapensis,Oaxaca,15.686423,-96.115632
2634022583,Stenocereus chacalapensis,Oaxaca,15.686557,-96.059513
2856515861,Stenocereus chacalapensis,Oaxaca,15.68692,-96.330402
4465420655,Stenocereus chacalapensis,Oaxaca,15.687664,-96.096039
1990517533,Stenocereus chacalapensis,Oaxaca,15.687685,-96.089542
2634243578,Stenocereus chacalapensis,Oaxaca,15.688336,-96.085668
2963905104,Stenocereus chacalapensis,Oaxaca,15.68941,-96.158802
3384833483,Stenocereus chacalapensis,Oaxaca,15.690438,-96.023514
4021952800,Stenocereus chacalapensis,Oaxaca,15.690596,-96.163766
3090612969,Stenocereus chacalapensis,Oaxaca,15.690876,-96.384705
2265798728,Stenocereus chacalapensis,Oaxaca,15.691748,-96.0519
4440723620,Stenocereus chacalapensis,Oaxaca,15.691838,-96.645728
3468792903,Stenocereus chacalapensis,Oaxaca,15.692921,-96.037426
3456845407,Stenocereus chacalapensis,Oaxaca,15.69315,-96.003044
1802778222,Stenocereus chacalapensis,Oaxaca,15.693504,-96.072616
3070376167,Stenocereus chacalapensis,Oaxaca,15.693945,-96.193259
3966355841,Stenocereus chacalapensis,Oaxaca,15.694773,-96.238885
3915452859,Stenocereus chacalapensis,Oaxaca,15.695118,-96.06143
4075885707,Stenocereus chacalapensis,Oaxaca,15.695524,-96.191925
4172095634,Stenocereus chacalapensis,Oaxaca,15.695635,-96.028687
2634006324,Stenocereus chacalapensis,Oaxaca,15.696137,-96.34338
2802601512,Stenocereus chacalapensis,Oaxaca,15.696205,-96.025901
4103296335,Stenocereus chacalapensis,Oaxaca,15.696464,-96.04599
3383936930,Stenocereus chacalapensis,Oaxaca,15.696811,-96.164256
2802563340,Stenocereus chacalapensis,Oaxaca,15.697889,-96.31476
3398735968,Stenocereus chacalapensis,Oaxaca,15.698621,-96.150823
3456202886,Stenocereus chacalapensis,Oaxaca,15.698684,-96.234103
2882974297,Stenocereus chacalapensis,Oaxaca,15.699102,-96.297482
3355618393,Stenocereus chacalapensis,Oaxaca,15.700307,-96.034093
3059002582,Stenocereus chacalapensis,Oaxaca,15.700357,-96.073702
2802661514,Stenocereus chacalapensis,Oaxaca,15.700369,-96.174353
3915410526,Stenocereus chacalapensis,Oaxaca,15.700925,-96.485721
3344024880,Stenocereus chacalapensis,Oaxaca,15.701248,-96.179143
3044919108,Stenocereus chacalapensis,Oaxaca,15.701995,-96.038524
3455564806,Stenocereus chacalapensis,Oaxaca,15.702145,-96.099928
2803023211,Stenocereus chacalapensis,Oaxaca,15.702682,-96.16379
3039428115,Stenocereus chacalapensis,Oaxaca,15.702966,-96.129048
4442499887,Stenocereus chacalapensis,Oaxaca,15.703405,-96.514468
2856481761,Stenocereus chacalapensis,Oaxaca,15.70411,-96.024563
2802967229,Stenocereus chacalapensis,Oaxaca,15.704113,-96.062893
2518139186,Stenocereus chacalapensis,Oaxaca,15.704792,-96.335128
2802927456,Stenocereus chacalapensis,Oaxaca,15.705007,-96.17336
3338137213,Stenocereus chacalapensis,Oaxaca,15.706006,-96.396623
3320884939,Stenocereus chacalapensis,Oaxaca,15.70603,-96.113193
4458333704,Stenocereus chacalapensis,Oaxaca,15.706203,-96.327876
2634224664,Stenocereus chacalapensis,Oaxaca,15.706504,-96.041432
3760309358,Stenocereus chacalapensis,Oaxaca,15.707062,-96.247683
3415377207,Stenocereus chacalapensis,Oaxaca,15.707197,-96.097959
3915267402,Stenocereus chacalapensis,Oaxaca,15.70733,-96.168697
3118453642,Stenocereus chacalapensis,Oaxaca,15.707486,-96.177127
3117762731,Stenocereus chacalapensis,Oaxaca,15.707612,-96.079066
2620198988,Stenocereus chacalapensis,Oaxaca,15.709222,-96.199753
4029225541,Stenocereus chacalapensis,Oaxaca,15.709263,-96.066529
2611430855,Stenocereus chacalapensis,Oaxaca,15.710176,-96.019161
4510291329,Stenocereus chacalapensis,Oaxaca,15.710447,-96.030104
3888830250,Stenocereus chacalapensis,Oaxaca,15.710602,-96.101235
3915385349,Stenocereus chacalapensis,Oaxaca,15.711089,-96.157865
2366131340,Stenocereus chacalapensis,Oaxaca,15.711394,-96.003987
3330751593,Stenocereus chacalapensis,Oaxaca,15.711674,-96.163954
1836623744,Stenocereus chacalapensis,Oaxaca,15.711994,-96.062421
2576509116,Stenocereus chacalapensis,Oaxaca,15.712036,-96.057752
3307186232,Stenocereus chacalapensis,Oaxaca,15.712403,-96.015861
3415966664,Stenocereus chacalapensis,Oaxaca,15.712441,-96.168948
3889079841,Stenocereus chacalapensis,Oaxaca,15.712808,-96.231154
3988640745,Stenocereus chacalapensis,Oaxaca,15.712824,-96.258398
3044958577,Stenocereus chacalapensis,Oaxaca,15.713061,-96.169398
2802554376,Stenocereus chacalapensis,Oaxaca,15.71309,-96.149648
4076168400,Stenocereus chacalapensis,Oaxaca,15.715444,-96.100305
4458680611,Stenocereus chacalapensis,Oaxaca,15.715541,-96.538137
3468847954,Stenocereus chacalapensis,Oaxaca,15.715786,-96.020185
2856632687,Stenocereus chacalapensis,Oaxaca,15.71588,-96.039561
2574183445,Stenocereus chacalapensis,Oaxaca,15.71652,-96.036225
3124720490,Stenocereus chacalapensis,Oaxaca,15.716547,-96.183678
2864725550,Stenocereus chacalapensis,Oaxaca,15.716872,-96.088191
2634116336,Stenocereus chacalapensis,Oaxaca,15.716892,-96.182529
3343910589,Stenocereus chacalapensis,Oaxaca,15.717038,-96.047421
3915498346,Stenocereus chacalapensis,Oaxaca,15.717611,-96.072211
2633985620,Stenocereus chacalapensis,Oaxaca,15.718609,-96.058839
4102658640,Stenocereus chacalapensis,Oaxaca,15.718635,-96.002732
2634435372,Stenocereus chacalapensis,Oaxaca,15.718744,-96.063077
2882933079,Stenocereus chacalapensis,Oaxaca,15.720142,-96.275543
3307203176,Stenocereus chacalapensis,Oaxaca,15.720373,-96.136495
3888900128,Stenocereus chacalapensis,Oaxaca,15.720978,-96.239825
2963934149,Stenocereus chacalapensis,Oaxaca,15.721166,-96.195589
3335303469,Stenocereus chacalapensis,Oaxaca,15.721189,-96.120838
4138182960,Stenocereus chacalapensis,Oaxaca,15.721367,-96.069773
3888893158,Stenocereus chacalapensis,Oaxaca,15.721936,-96.028166
2529299487,Stenocereus chacalapensis,Oaxaca,15.722333,-96.116585
2634481232,Stenocereus chacalapensis,Oaxaca,15.723387,-96.071763
2802951829,Stenocereus chacalapensis,Oaxaca,15.723468,-96.00891
2633993477,Stenocereus chacalapensis,Oaxaca,15.724015,-96.123129
3308674176,Stenocereus chacalapensis,Oaxaca,15.72414,-96.16492
2633972363,Stenocereus chacalapensis,Oaxaca,15.724196,-96.119865
4440897518,Stenocereus chacalapensis,Oaxaca,15.724821,-96.095557
2850962269,Stenocereus chacalapensis,Oaxaca,15.725045,-96.160369
1894614983,Stenocereus chacalapensis,Oaxaca,15.725278,-96.157444
3915266346,Stenocereus chacalapensis,Oaxaca,15.725528,-96.105544
2597891912,Stenocereus chacalapensis,Oaxaca,15.726079,-96.017211
2633986658,Stenocereus chacalapensis,Oaxaca,15.727799,-96.083261
2626136930,Stenocereus chacalapensis,Oaxaca,15.728147,-96.001291
4522741621,Stenocereus chacalapensis,Oaxaca,15.728786,-96.114647
3044909634,Stenocereus chacalapensis,Oaxaca,15.729572,-96.193079
4458581767,Stenocereus chacalapensis,Oaxaca,15.730801,-96.214357
2620117144,Stenocereus chacalapensis,Oaxaca,15.731536,-96.165743
2633988370,Stenocereus chacalapensis,Oaxaca,15.731984,-96.157984
2634114570,Stenocereus chacalapensis,Oaxaca,15.733169,-96.187206
2803158308,Stenocereus chacalapensis,Oaxaca,15.733502,-96.108407
3333050399,Stenocereus chacalapensis,Oaxaca,15.733581,-96.057184
2005265565,Stenocereus chacalapensis,Oaxaca,15.734154,-96.341106
3333153397,Stenocereus chacalapensis,Oaxaca,15.734203,-96.110131
4442458837,Stenocereus chacalapensis,Oaxaca,15.734558,-96.170475
2626123481,Stenocereus chacalapensis,Oaxaca,15.734716,-96.287919
4405583321,Stenocereus chacalapensis,Oaxaca,15.734848,-96.210513
3759226406,Stenocereus chacalapensis,Oaxaca,15.735022,-96.283768
2574244422,Stenocereus chacalapensis,Oaxaca,15.735066,-96.137115
2901511036,Stenocereus chacalapensis,Oaxaca,15.735313,-96.151036
3333305512,Stenocereus chacalapensis,Oaxaca,15.735403,-96.178039
2597814884,Stenocereus chacalapensis,Oaxaca,15.735703,-96.125087
3455374384,Stenocereus chacalapensis,Oaxaca,15.73603,-96.319482
3044666612,Stenocereus chacalapensis,Oaxaca,15.736517,-96.095513
2856521568,Stenocereus chacalapensis,Oaxaca,15.736571,-96.074681
2633971425,Stenocereus chacalapensis,Oaxaca,15.736721,-96.010645
3335278493,Stenocereus chacalapensis,Oaxaca,15.736898,-96.110937
2883153740,Stenocereus chacalapensis,Oaxaca,15.737693,-96.110922
3747205182,Stenocereus chacalapensis,Oaxaca,15.737842,-96.022797
1990612340,Stenocereus chacalapensis,Oaxaca,15.738069,-96.155344
2626665418,Stenocereus chacalapensis,Oaxaca,15.738277,-96.038356
3307123117,Stenocereus chacalapensis,Oaxaca,15.738493,-96.152416
2988314925,Stenocereus chacalapensis,Oaxaca,15.738702,-96.100202
2864830460,Stenocereus chacalapensis,Oaxaca,15.738965,-96.185293
3961062380,Stenocereus chacalapensis,Oaxaca,15.740253,-96.0809
2802998703,Stenocereus chacalapensis,Oaxaca,15.740272,-96.079717
1990612330,Stenocereus chacalapensis,Oaxaca,15.740529,-96.107831
2802686967,Stenocereus chacalapensis,Oaxaca,15.740696,-96.157347
3915481338,Stenocereus chacalapensis,Oaxaca,15.741206,-96.016101
2633981396,Stenocereus chacalapensis,Oaxaca,15.74171,-96.365623
3118182699,Stenocereus chacalapensis,Oaxaca,15.74189,-96.1027
3455634148,Stenocereus chacalapensis,Oaxaca,15.742073,-96.193094
3307397190,Stenocereus chacalapensis,Oaxaca,15.742237,-96.179616
3915734517,Stenocereus chacalapensis,Oaxaca,15.742469,-96.066302
2862329262,Stenocereus chacalapensis,Oaxaca,15.742783,-96.108159
3902260512,Stenocereus chacalapensis,Oaxaca,15.742932,-96.157658
2856546156,Stenocereus chacalapensis,Oaxaca,15.74314,-96.121792
2803026222,Stenocereus chacalapensis,Oaxaca,15.74415,-96.187352
2634092343,Stenocereus chacalapensis,Oaxaca,15.74517,-96.150762
3915253471,Stenocereus chacalapensis,Oaxaca,15.745697,-96.170203
2802895331,Stenocereus chacalapensis,Oaxaca,15.745724,-96.084122
3915380502,Stenocereus chacalapensis,Oaxaca,15.746147,-96.126185
2883087209,Stenocereus chacalapensis,Oaxaca,15.746328,-96.005522
3455897022,Stenocereus chacalapensis,Oaxaca,15.746492,-96.173261
2265799661,Stenocereus chacalapensis,Oaxaca,15.747028,-96.171392
2597826769,Stenocereus chacalapensis,Oaxaca,15.747213,-96.069052
2633967336,Stenocereus chacalapensis,Oaxaca,15.747308,-96.198285
3355686650,Stenocereus chacalapensis,Oaxaca,15.748026,-96.123288
2813995756,Stenocereus chacalapensis,Oaxaca,15.748334,-96.155993
2802768444,Stenocereus chacalapensis,Oaxaca,15.748493,-96.199116
3873694572,Stenocereus chacalapensis,Oaxaca,15.748755,-96.33387
3468700918,Stenocereus chacalapensis,Oaxaca,15.749074,-96.043354
2803014212,Stenocereus chacalapensis,Oaxaca,15.749348,-96.15231
1850926301,Stenocereus chacalapensis,Oaxaca,15.749796,-96.179693
4512276360,Stenocereus chacalapensis,Oaxaca,15.750132,-96.030592
2856521851,Stenocereus chacalapensis,Oaxaca,15.750694,-96.133376
3888721874,Stenocereus chacalapensis,Oaxaca,15.750956,-96.14881
2803091168,Stenocereus chacalapensis,Oaxaca,15.7513,-96.104268
3044657157,Stenocereus chacalapensis,Oaxaca,15.751378,-96.172198
2634352623,Stenocereus chacalapensis,Oaxaca,15.751416,-96.021426
3124799727,Stenocereus chacalapensis,Oaxaca,15.751717,-96.143863
3915434343,Stenocereus chacalapensis,Oaxaca,15.751822,-96.142185
3468799860,Stenocereus chacalapensis,Oaxaca,15.752801,-96.05248
3059022175,Stenocereus chacalapensis,Oaxaca,15.752922,-96.120502
3343793535,Stenocereus chacalapensis,Oaxaca,15.753059,-96.069393
2802914354,Stenocereus chacalapensis,Oaxaca,15.75316,-96.189401
2634015555,Stenocereus chacalapensis,Oaxaca,15.753372,-96.025469
4400186882,Stenocereus chacalapensis,Oaxaca,15.753574,-96.491453
3059105574,Stenocereus chacalapensis,Oaxaca,15.753585,-96.064111
2802650151,Stenocereus chacalapensis,Oaxaca,15.753885,-96.139006
3355334720,Stenocereus chacalapensis,Oaxaca,15.754024,-96.040572
2576499106,Stenocereus chacalapensis,Oaxaca,15.754397,-96.179436
4442557126,Stenocereus chacalapensis,Oaxaca,15.754451,-96.113422
3858415114,Stenocereus chacalapensis,Oaxaca,15.754682,-96.007195
3044742137,Stenocereus chacalapensis,Oaxaca,15.755052,-96.191112
4076465484,Stenocereus chacalapensis,Oaxaca,15.75605,-96.067174
2883179690,Stenocereus chacalapensis,Oaxaca,15.756066,-96.161537
2856659715,Stenocereus chacalapensis,Oaxaca,15.756178,-96.117414
2883170755,Stenocereus chacalapensis,Oaxaca,15.758195,-96.174566
2641313549,Stenocereus chacalapensis,Oaxaca,15.758224,-96.131786
3988549131,Stenocereus chacalapensis,Oaxaca,15.758298,-96.11934
3499708667,Stenocereus chacalapensis,Oaxaca,15.758392,-96.235435
2641508752,Stenocereus chacalapensis,Oaxaca,15.758834,-96.215008
3915393367,Stenocereus chacalapensis,Oaxaca,15.759482,-96.072611
3320975520,Stenocereus chacalapensis,Oaxaca,15.759564,-96.193874
2802588353,Stenocereus chacalapensis,Oaxaca,15.759944,-96.036992
3881527236,Stenocereus chacalapensis,Oaxaca,15.760099,-96.02385
2597892705,Stenocereus chacalapensis,Oaxaca,15.760361,-96.072394
2802537338,Stenocereus chacalapensis,Oaxaca,15.761382,-96.303932
2634586347,Stenocereus chacalapensis,Oaxaca,15.761537,-96.072005
3090687330,Stenocereus chacalapensis,Oaxaca,15.761594,-96.038847
3499660245,Stenocereus chacalapensis,Oaxaca,15.761933,-96.118956
3059131103,Stenocereus chacalapensis,Oaxaca,15.762044,-96.068244
3457194371,Stenocereus chacalapensis,Oaxaca,15.762166,-96.152546
3044797086,Stenocereus chacalapensis,Oaxaca,15.762447,-96.098672
3712722228,Stenocereus chacalapensis,Oaxaca,15.762856,-96.149923
3032145857,Stenocereus chacalapensis,Oaxaca,15.763697,-96.099603
4510326239,Stenocereus chacalapensis,Oaxaca,15.763845,-96.105278
2634010335,Stenocereus chacalapensis,Oaxaca,15.764485,-96.217716
3399097983,Stenocereus chacalapensis,Oaxaca,15.764669,-96.136179
2634025631,Stenocereus chacalapensis,Oaxaca,15.765683,-96.0017
3124691412,Stenocereus chacalapensis,Oaxaca,15.765771,-96.374382
4510159250,Stenocereus chacalapensis,Oaxaca,15.76622,-96.227889
3044669666,Stenocereus chacalapensis,Oaxaca,15.766633,-96.080859
1894553345,Stenocereus chacalapensis,Oaxaca,15.7677493,-96.2514201
3888762161,Stenocereus chacalapensis,Oaxaca,15.767807,-96.060018
3118202607,Stenocereus chacalapensis,Oaxaca,15.768835,-96.026465
2634133921,Stenocereus chacalapensis,Oaxaca,15.768954,-96.103652
2634012335,Stenocereus chacalapensis,Oaxaca,15.769202,-96.192841
3915411373,Stenocereus chacalapensis,Oaxaca,15.769464,-96.159182
2641497806,Stenocereus chacalapensis,Oaxaca,15.769514,-96.257597
4440636631,Stenocereus chacalapensis,Oaxaca,15.770216,-96.035157
2235528399,Stenocereus chacalapensis,Oaxaca,15.770243,-96.10248
2634006365,Stenocereus chacalapensis,Oaxaca,15.771243,-96.352801
2633987384,Stenocereus chacalapensis,Oaxaca,15.772529,-96.065266
3772564971,Stenocereus chacalapensis,Oaxaca,15.772879,-96.388192
2802535342,Stenocereus chacalapensis,Oaxaca,15.772921,-96.196317
4431261911,Stenocereus chacalapensis,Oaxaca,15.773432,-96.041808
2802605383,Stenocereus chacalapensis,Oaxaca,15.773451,-96.086369
2620168957,Stenocereus chacalapensis,Oaxaca,15.773653,-96.085765
2634130368,Stenocereus chacalapensis,Oaxaca,15.774777,-96.099541
2814128830,Stenocereus chacalapensis,Oaxaca,15.775053,-96.134037
2862358264,Stenocereus chacalapensis,Oaxaca,15.775419,-96.328413
3058712730,Stenocereus chacalapensis,Oaxaca,15.775594,-96.138347
3044959640,Stenocereus chacalapensis,Oaxaca,15.775814,-96.164263
2883146704,Stenocereus chacalapensis,Oaxaca,15.776001,-96.119025
3499714327,Stenocereus chacalapensis,Oaxaca,15.776696,-96.041239
2814338649,Stenocereus chacalapensis,Oaxaca,15.776723,-96.074848
3915338374,Stenocereus chacalapensis,Oaxaca,15.777701,-96.037421
3032157635,Stenocereus chacalapensis,Oaxaca,15.778498,-96.249919
2999192081,Stenocereus chacalapensis,Oaxaca,15.779701,-96.043535
3325558740,Stenocereus chacalapensis,Oaxaca,15.779777,-96.007007
4442573984,Stenocereus chacalapensis,Oaxaca,15.77987,-96.054546
2634094324,Stenocereus chacalapensis,Oaxaca,15.780089,-96.092181
3760202504,Stenocereus chacalapensis,Oaxaca,15.780186,-96.346606
2634326513,Stenocereus chacalapensis,Oaxaca,15.780309,-96.081846
3468724746,Stenocereus chacalapensis,Oaxaca,15.781238,-96.102569
2634000336,Stenocereus chacalapensis,Oaxaca,15.781243,-96.168982
3773480053,Stenocereus chacalapensis,Oaxaca,15.78125,-96.478031
3032133527,Stenocereus chacalapensis,Oaxaca,15.781259,-96.228945
2518110704,Stenocereus chacalapensis,Oaxaca,15.781585,-96.03998
2634217615,Stenocereus chacalapensis,Oaxaca,15.783182,-96.151973
4022226800,Stenocereus chacalapensis,Oaxaca,15.784697,-96.132561
2851281585,Stenocereus chacalapensis,Oaxaca,15.784717,-96.045321
3859386181,Stenocereus chacalapensis,Oaxaca,15.784862,-96.089796
3307488478,Stenocereus chacalapensis,Oaxaca,15.785553,-96.085468
2634015382,Stenocereus chacalapensis,Oaxaca,15.786175,-96.178969
3903541635,Stenocereus chacalapensis,Oaxaca,15.786197,-96.346119
3915285480,Stenocereus chacalapensis,Oaxaca,15.787114,-96.111415
2802586344,Stenocereus chacalapensis,Oaxaca,15.787736,-96.333758
2563534240,Stenocereus chacalapensis,Oaxaca,15.788221,-96.348527
3915373405,Stenocereus chacalapensis,Oaxaca,15.788421,-96.13236
3335516495,Stenocereus chacalapensis,Oaxaca,15.788552,-96.073365
3499673049,Stenocereus chacalapensis,Oaxaca,15.788578,-96.139349
3915342472,Stenocereus chacalapensis,Oaxaca,15.788927,-96.135807
4400111582,Stenocereus chacalapensis,Oaxaca,15.788962,-96.571184
2634217362,Stenocereus chacalapensis,Oaxaca,15.789159,-96.069279
4162075764,Stenocereus chacalapensis,Oaxaca,15.789777,-96.142509
3415478167,Stenocereus chacalapensis,Oaxaca,15.789995,-96.007411
3044892091,Stenocereus chacalapensis,Oaxaca,15.790275,-96.184534
3031914527,Stenocereus chacalapensis,Oaxaca,15.790732,-96.001066
2802958917,Stenocereus chacalapensis,Oaxaca,15.791025,-96.130407
3759982034,Stenocereus chacalapensis,Oaxaca,15.791068,-96.500021
2802900355,Stenocereus chacalapensis,Oaxaca,15.791382,-96.133804
2813891743,Stenocereus chacalapensis,Oaxaca,15.792184,-96.069952
3456202719,Stenocereus chacalapensis,Oaxaca,15.792743,-96.038247
3044728070,Stenocereus chacalapensis,Oaxaca,15.79373,-96.109995
3903542595,Stenocereus chacalapensis,Oaxaca,15.794029,-96.107974
2634141557,Stenocereus chacalapensis,Oaxaca,15.794322,-96.086939
3888771181,Stenocereus chacalapensis,Oaxaca,15.794458,-96.141894
3985627144,Stenocereus chacalapensis,Oaxaca,15.794578,-96.11712
4440626524,Stenocereus chacalapensis,Oaxaca,15.795247,-96.031675
4413528650,Stenocereus chacalapensis,Oaxaca,15.795572,-96.181374
3468813876,Stenocereus chacalapensis,Oaxaca,15.795933,-96.035016
2802649420,Stenocereus chacalapensis,Oaxaca,15.796286,-96.218621
3994129281,Stenocereus chacalapensis,Oaxaca,15.796389,-96.12429
3915349472,Stenocereus chacalapensis,Oaxaca,15.79642,-96.056359
2999170578,Stenocereus chacalapensis,Oaxaca,15.796922,-96.060928
3044919629,Stenocereus chacalapensis,Oaxaca,15.797251,-96.107959
3124824681,Stenocereus chacalapensis,Oaxaca,15.797354,-96.250268
2814435699,Stenocereus chacalapensis,Oaxaca,15.797398,-96.03469
3915320581,Stenocereus chacalapensis,Oaxaca,15.798022,-96.032708
3335577453,Stenocereus chacalapensis,Oaxaca,15.79818,-96.1935
2633956328,Stenocereus chacalapensis,Oaxaca,15.79855,-96.122034
2802695684,Stenocereus chacalapensis,Oaxaca,15.798777,-96.014854
2856565103,Stenocereus chacalapensis,Oaxaca,15.798929,-96.01829
2633954699,Stenocereus chacalapensis,Oaxaca,15.799123,-96.118548
4420695241,Stenocereus chacalapensis,Oaxaca,15.799575,-96.08904
3698421424,Stenocereus chacalapensis,Oaxaca,15.799617,-96.000244
3915357353,Stenocereus chacalapensis,Oaxaca,15.831525,-96.052952
2988619779,Stenocereus chacalapensis,Oaxaca,15.836812,-95.942481
3985846112,Stenocereus chacalapensis,Oaxaca,15.841621,-97.075188
3307657108,Stenocereus chacalapensis,Oaxaca,15.8632983,-97.0667206
4011633888,Stenocereus chacalapensis,Oaxaca,15.86962,-95.742352
3988681844,Stenocereus chacalapensis,Oaxaca,15.87519,-97.114892
1894553334,Stenocereus chacalapensis,Oaxaca,15.8882993,-96.2533645
2999040614,Stenocereus chacalapensis,Oaxaca,15.889656,-95.894186
3947265319,Stenocereus chacalapensis,Oaxaca,15.891186,-96.005006
3892427281,Stenocereus chacalapensis,Oaxaca,15.908526,-97.146989
4011613881,Stenocereus chacalapensis,Oaxaca,15.912103,-95.661317
4011867873,Stenocereus chacalapensis,Oaxaca,15.916068,-95.778099
3985960884,Stenocereus chacalapensis,Oaxaca,15.92165,-97.056134
2557721321,Stenocereus chacalapensis,Oaxaca,15.926777,-96.066979
4458596726,Stenocereus chacalapensis,Oaxaca,15.943392,-97.120824
3465911084,Stenocereus chacalapensis,Oaxaca,15.949942,-96.169689
3994069129,Stenocereus chacalapensis,Oaxaca,15.952341,-97.155372
2883021595,Stenocereus chacalapensis,Oaxaca,15.956827,-95.871211
4011636845,Stenocereus chacalapensis,Oaxaca,15.969075,-95.7828
3466249595,Stenocereus chacalapensis,Oaxaca,15.999962,-96.11666
3070374414,Stenocereus chacalapensis,Oaxaca,16.00363,-95.267294
3117889316,Stenocereus chacalapensis,Oaxaca,16.078915,-95.222582
3067933483,Stenocereus chacalapensis,Oaxaca,16.095756,-95.332409
3067795552,Stenocereus chacalapensis,Oaxaca,16.117814,-95.337288
2634013375,Stenocereus chacalapensis,Oaxaca,16.151635,-95.256751
4507731183,Stenocereus chacalapensis,Oaxaca,16.185536,-95.306609
3307656107,Stenocereus chacalapensis,Oaxaca,16.368056,-97.093611
4424207455,Stenocereus chacalapensis,Oaxaca,16.383545,-95.108101
2634021341,Stenocereus chacalapensis,Oaxaca,16.57173,-95.167309
3308400456,Stenocereus eichlamii,Oaxaca,16.3252204,-95.2388989
4440619835,Stenocereus pruinosus,Oaxaca,15.742517,-96.125307
1897572545,Stenocereus pruinosus,Oaxaca,15.844722,-95.993055
3308706480,Stenocereus pruinosus,Oaxaca,15.86819,-95.83742
4440613136,Stenocereus pruinosus,Oaxaca,15.874414,-95.776978
3308695685,Stenocereus pruinosus,Oaxaca,15.95589,-95.57653
3307690814,Stenocereus pruinosus,Oaxaca,16.213889,-95.203056
4112206493,Stenocereus pruinosus,Oaxaca,16.233279,-95.042987
1894553223,Stenocereus pruinosus,Oaxaca,16.2368959,-95.2038968
3915361368,Stenocereus pruinosus,Oaxaca,16.292579,-95.232983
3408029207,Stenocereus pruinosus,Oaxaca,16.304463,-96.630513
4424490620,Stenocereus pruinosus,Oaxaca,16.335177,-95.01669
4424481580,Stenocereus pruinosus,Oaxaca,16.335198,-95.016868
1895223650,Stenocereus pruinosus,Oaxaca,16.408333,-95.608333
3307654577,Stenocereus pruinosus,Oaxaca,16.4110627,-95.7984553
3947174549,Stenocereus pruinosus,Oaxaca,16.418567,-96.67903
3096999308,Stenocereus pruinosus,Oaxaca,16.421792,-95.545089
3308627244,Stenocereus pruinosus,Oaxaca,16.44944,-94.08583
4407359689,Stenocereus pruinosus,Oaxaca,16.458614,-94.891158
1836618165,Stenocereus pruinosus,Oaxaca,16.459957,-95.160484
2634234397,Stenocereus pruinosus,Oaxaca,16.479337,-94.915658
4424362441,Stenocereus pruinosus,Oaxaca,16.479454,-95.077647
4424108482,Stenocereus pruinosus,Oaxaca,16.479476,-95.077777
4510059315,Stenocereus pruinosus,Oaxaca,16.512625,-94.934287
3109253356,Stenocereus pruinosus,Oaxaca,16.546419,-96.358836
3308392052,Stenocereus pruinosus,Oaxaca,16.565278,-96.733611
2901592573,Stenocereus pruinosus,Oaxaca,16.574662,-96.362308
2901739572,Stenocereus pruinosus,Oaxaca,16.578746,-96.356845
4424249512,Stenocereus pruinosus,Oaxaca,16.5861,-94.873753
4424081629,Stenocereus pruinosus,Oaxaca,16.58676,-94.874196
4522719844,Stenocereus pruinosus,Oaxaca,16.599269,-96.038764
3308389031,Stenocereus pruinosus,Oaxaca,16.608056,-96.348889
4413628715,Stenocereus pruinosus,Oaxaca,16.61695,-96.855761
3307802842,Stenocereus pruinosus,Oaxaca,16.661944,-95.285278
2634258516,Stenocereus pruinosus,Oaxaca,16.670507,-96.305765
1805406050,Stenocereus pruinosus,Oaxaca,16.682919,-96.233247
2984536532,Stenocereus pruinosus,Oaxaca,16.686133,-96.170303
3306199690,Stenocereus pruinosus,Oaxaca,16.715472,-96.319167
1259556815,Stenocereus pruinosus,Oaxaca,16.71666,-95.35
3308687526,Stenocereus pruinosus,Oaxaca,16.72772,-96.14517
1897572535,Stenocereus pruinosus,Oaxaca,16.727722,-96.145166
1805406026,Stenocereus pruinosus,Oaxaca,16.727731,-96.322556
3308200297,Stenocereus pruinosus,Oaxaca,16.7740133,-96.3504794
1894553232,Stenocereus pruinosus,Oaxaca,16.8513067,-96.6669881
4137643017,Stenocereus pruinosus,Oaxaca,16.853519,-96.656675
4138589305,Stenocereus pruinosus,Oaxaca,16.857337,-96.673867
1990601026,Stenocereus pruinosus,Oaxaca,16.863895,-96.27737
3912064301,Stenocereus pruinosus,Oaxaca,16.863902,-96.277193
3859074350,Stenocereus pruinosus,Oaxaca,16.863938,-96.276712
3963405675,Stenocereus pruinosus,Oaxaca,16.864632,-96.277426
4442683090,Stenocereus pruinosus,Oaxaca,16.8661,-96.277117
4522763617,Stenocereus pruinosus,Oaxaca,16.866547,-96.277314
3307242303,Stenocereus pruinosus,Oaxaca,16.899768,-96.325226
4011907214,Stenocereus pruinosus,Oaxaca,16.93357,-96.322376
3903298404,Stenocereus pruinosus,Oaxaca,16.934712,-96.322449
1837057313,Stenocereus pruinosus,Oaxaca,16.940379,-96.366934
1837760027,Stenocereus pruinosus,Oaxaca,16.945567,-96.445651
4424601566,Stenocereus pruinosus,Oaxaca,16.956553,-96.451944
4075591979,Stenocereus pruinosus,Oaxaca,16.957143,-96.450112
2579379549,Stenocereus pruinosus,Oaxaca,16.957469,-96.446549
2579324592,Stenocereus pruinosus,Oaxaca,16.957693,-96.447707
3455932460,Stenocereus pruinosus,Oaxaca,16.972712,-96.562147
3307131444,Stenocereus pruinosus,Oaxaca,16.995849,-96.570148
4424436717,Stenocereus pruinosus,Oaxaca,16.997938,-96.462307
1920799264,Stenocereus pruinosus,Oaxaca,17.143344,-96.744791
3307603014,Stenocereus pruinosus,Oaxaca,17.276556,-96.876611
3307610937,Stenocereus pruinosus,Oaxaca,17.276944,-96.881944
1805419232,Stenocereus pruinosus,Oaxaca,17.394516,-96.576027
3881386343,Stenocereus pruinosus,Oaxaca,17.547478,-98.045832
1897351653,Stenocereus pruinosus,Oaxaca,17.714167,-96.951111
4413508808,Stenocereus pruinosus,Oaxaca,17.721936,-96.926619
3772912369,Stenocereus pruinosus,Oaxaca,17.790098,-96.944504
3772907723,Stenocereus pruinosus,Oaxaca,17.790297,-96.943886
3912060394,Stenocereus pruinosus,Oaxaca,17.793447,-96.958656
3963509851,Stenocereus pruinosus,Oaxaca,17.81125,-97.780348
1640073186,Stenocereus pruinosus,Oaxaca,17.817032,-96.961211
3912049456,Stenocereus pruinosus,Oaxaca,17.817347,-97.773496
3308064640,Stenocereus pruinosus,Oaxaca,17.82268,-97.73858
3307793948,Stenocereus pruinosus,Oaxaca,17.8227,-97.7386
4424153360,Stenocereus pruinosus,Oaxaca,17.843268,-96.881486
1893725659,Stenocereus pruinosus,Oaxaca,17.848078,-96.896722
2596195061,Stenocereus pruinosus,Oaxaca,17.897394,-96.967386
2851220339,Stenocereus pruinosus,Oaxaca,17.900877,-96.964687
3308659601,Stenocereus pruinosus,Oaxaca,17.902917,-96.980056
3923223725,Stenocereus pruinosus,Oaxaca,17.92853,-97.6769
3902207398,Stenocereus pruinosus,Oaxaca,17.929635,-97.428436
2851138399,Stenocereus pruinosus,Oaxaca,17.953889,-98.044444
4522636931,Stenocereus pruinosus,Oaxaca,17.983619,-97.034614
4522692880,Stenocereus pruinosus,Oaxaca,17.983942,-97.035781
4522677308,Stenocereus pruinosus,Oaxaca,17.984078,-97.035881
4522718137,Stenocereus pruinosus,Oaxaca,17.984214,-97.035858
3858160413,Stenocereus pruinosus,Oaxaca,18.015207,-97.658882
3986304636,Stenocereus pruinosus,Oaxaca,18.045279,-97.452538
3308674770,Stenocereus pruinosus,Oaxaca,18.06603,-97.06761
3308530286,Stenocereus pruinosus,Oaxaca,18.067,-97.083
2634354482,Stenocereus pruinosus,Oaxaca,18.076876,-97.799721
3308370378,Stenocereus pruinosus,Oaxaca,18.149056,-97.060194
2634221377,Stenocereus pruinosus,Oaxaca,18.162451,-97.748316
3118432447,Stenocereus pruinosus,Oaxaca,18.216952,-97.689753
4516415818,Stenocereus stellatus,Oaxaca,16.418037,-96.678375
4138322271,Stenocereus stellatus,Oaxaca,16.857611,-96.673496
4522803703,Stenocereus stellatus,Oaxaca,16.866178,-96.277086
4516406301,Stenocereus stellatus,Oaxaca,16.866787,-96.277245
4522776769,Stenocereus stellatus,Oaxaca,16.898561,-96.260911
4522784560,Stenocereus stellatus,Oaxaca,16.898608,-96.260856
3307689822,Stenocereus stellatus,Oaxaca,16.911944,-96.353611
4458434129,Stenocereus stellatus,Oaxaca,17.04479,-96.766883
1895493806,Stenocereus stellatus,Oaxaca,17.067781,-96.72
4436310631,Stenocereus stellatus,Oaxaca,17.073488,-96.643332
3308356030,Stenocereus stellatus,Oaxaca,17.108333,-96.725
1897606504,Stenocereus stellatus,Oaxaca,17.35525,-97.035267
3308412199,Stenocereus stellatus,Oaxaca,17.4366,-97.0423
1897606505,Stenocereus stellatus,Oaxaca,17.478611,-97.061333
2859949350,Stenocereus stellatus,Oaxaca,17.508263,-98.027017
1212004825,Stenocereus stellatus,Oaxaca,17.552145,-97.322216
3308668535,Stenocereus stellatus,Oaxaca,17.70158,-96.94286
1897380029,Stenocereus stellatus,Oaxaca,17.701583,-96.942861
1846505344,Stenocereus stellatus,Oaxaca,17.768124,-96.95396
4413871690,Stenocereus stellatus,Oaxaca,17.823747,-96.961242
3902197508,Stenocereus stellatus,Oaxaca,17.829722,-96.97825
4130142525,Stenocereus stellatus,Oaxaca,17.899079,-97.933166
2626151563,Stenocereus stellatus,Oaxaca,17.9007,-96.982812
3307678264,Stenocereus stellatus,Oaxaca,17.901161,-97.686111
3308368503,Stenocereus stellatus,Oaxaca,17.9019,-97.0841
3306202251,Stenocereus stellatus,Oaxaca,17.905194,-96.966389
2818739513,Stenocereus stellatus,Oaxaca,17.947228,-98.043016
1895767851,Stenocereus stellatus,Oaxaca,17.950278,-97.023333
4522702877,Stenocereus stellatus,Oaxaca,17.983661,-97.035178
3902112429,Stenocereus stellatus,Oaxaca,18.012108,-97.654195
3124896847,Stenocereus stellatus,Oaxaca,18.045296,-97.110981
1894568166,Stenocereus stellatus,Oaxaca,18.147583,-97.058
2006040320,Stenocereus stellatus,Oaxaca,18.168685,-97.758844
3118425476,Stenocereus stellatus,Oaxaca,18.216722,-97.689805
4430877117,Stenocereus treleasei,Oaxaca,16.292121,-96.630347
4430901072,Stenocereus treleasei,Oaxaca,16.292225,-96.630468
3963263477,Stenocereus treleasei,Oaxaca,16.316115,-96.643136
4416646327,Stenocereus treleasei,Oaxaca,16.416016,-96.670957
4507808325,Stenocereus treleasei,Oaxaca,16.423056,-96.684998
4516885205,Stenocereus treleasei,Oaxaca,16.563931,-96.548737
3308370803,Stenocereus treleasei,Oaxaca,16.5675,-96.735833
2901574603,Stenocereus treleasei,Oaxaca,16.568947,-96.348491
4519096975,Stenocereus treleasei,Oaxaca,16.575498,-96.58021
2901584611,Stenocereus treleasei,Oaxaca,16.581955,-96.365163
4420901625,Stenocereus treleasei,Oaxaca,16.718331,-96.700087
1894553388,Stenocereus treleasei,Oaxaca,16.7193681,-96.6872662
2984552799,Stenocereus treleasei,Oaxaca,16.796134,-96.627639
1895399406,Stenocereus treleasei,Oaxaca,16.8550704,-96.6833875
4510055308,Stenocereus treleasei,Oaxaca,16.865317,-96.277083
4510234307,Stenocereus treleasei,Oaxaca,16.866466,-96.277094
2557737504,Stenocereus treleasei,Oaxaca,16.868664,-96.275703
3455745357,Stenocereus treleasei,Oaxaca,16.88046,-96.85007
3308083839,Stenocereus treleasei,Oaxaca,16.91125,-96.79919
1895768100,Stenocereus treleasei,Oaxaca,16.921923,-96.3815946
3903396996,Stenocereus treleasei,Oaxaca,16.931424,-96.322857
3383964376,Stenocereus treleasei,Oaxaca,16.939556,-96.341354
2626378377,Stenocereus treleasei,Oaxaca,16.955426,-96.439801
4430901067,Stenocereus treleasei,Oaxaca,16.9565,-96.451872
2579266454,Stenocereus treleasei,Oaxaca,16.958056,-96.447778
3888887338,Stenocereus treleasei,Oaxaca,16.958579,-96.454442
3888773351,Stenocereus treleasei,Oaxaca,16.99626,-96.569346
3306200749,Stenocereus treleasei,Oaxaca,16.996389,-96.441389
1227740758,Stenocereus treleasei,Oaxaca,17.008202,-96.742172
3391640572,Stenocereus treleasei,Oaxaca,17.038703,-96.767883
3344040533,Stenocereus treleasei,Oaxaca,17.041478,-96.516303
4416724658,Stenocereus treleasei,Oaxaca,17.077957,-96.734727
3466522360,Stenocereus treleasei,Oaxaca,17.081879,-96.735869
1212004559,Stenocereus treleasei,Oaxaca,17.082309,-96.735784
2873804981,Stenocereus treleasei,Oaxaca,17.160447,-96.898571
2626371385,Stenocereus treleasei,Oaxaca,17.161976,-96.841287
1453252623,Stenocereus treleasei,Oaxaca,17.168217,-96.802786
4138035886,Stenocereus treleasei,Oaxaca,17.168925,-96.80465
1896094351,Stenocereus treleasei,Oaxaca,17.197778,-96.801139
3888886344,Stenocereus treleasei,Oaxaca,17.223737,-96.820622
2626399376,Stenocereus treleasei,Oaxaca,17.245875,-96.876205
4430937659,Stenocereus treleasei,Oaxaca,17.256063,-96.822657
2579313914,Stenocereus treleasei,Oaxaca,17.317459,-96.494904
3308686390,Stenocereus treleasei,Oaxaca,17.41931,-97.02092
1981508088,Stenocereus treleasei,Oaxaca,18.161572,-96.771146
2268968056,Weberocereus alliodorus,Oaxaca,16.003056,-96.107222