"GBIF.ID","Species","State.Prov","lon","lat","Province","Genus","Endemismo"
2629491202,"Aporocactus flagelliformis","Oaxaca",-97.066667,18.116667,"Balsas Basin province","Aporocactus","Mexico"
2425457251,"Cephalocereus parvispinus","Oaxaca",-97.416667,17.183333,"Sierra Madre del Sur province","Cephalocereus","Mexico"
1893442107,"Coryphantha pycnacantha","Oaxaca",-97.225,17.475,"Sierra Madre del Sur province","Coryphantha","Mexico"
1896091212,"Coryphantha pycnacantha","Oaxaca",-97.218583,17.485361,"Sierra Madre del Sur province","Coryphantha","Mexico"
1894565251,"Cylindropuntia leptocaulis","Oaxaca",-97.004167,17.723056,"Balsas Basin province","Cylindropuntia","No"
1894565334,"Cylindropuntia leptocaulis","Oaxaca",-96.998889,17.893333,"Balsas Basin province","Cylindropuntia","No"
3308717257,"Disocactus macranthus","Oaxaca",-94.267,16.667,"Chiapas Highlands province","Disocactus","Mexico"
3308093286,"Disocactus macranthus","Oaxaca",-94.233,16.683,"Chiapas Highlands province","Disocactus","Mexico"
3307808034,"Disocactus macranthus","Oaxaca",-94.133,16.717,"Chiapas Highlands province","Disocactus","Mexico"
3307952804,"Disocactus macranthus","Oaxaca",-94.19167,16.725,"Veracruzan province","Disocactus","Mexico"
3308012493,"Disocactus macranthus","Oaxaca",-94.183,16.733,"Veracruzan province","Disocactus","Mexico"
1897576091,"Disocactus macranthus","Oaxaca",-94.196111,16.736556,"Veracruzan province","Disocactus","Mexico"
1894564973,"Disocactus macranthus","Oaxaca",-96.865833,17.731417,"Sierra Madre del Sur province","Disocactus","Mexico"
1890091709,"Echinocereus pulchellus","Oaxaca",-97.492222,17.831389,"Sierra Madre del Sur province","Echinocereus","Mexico"
3398792820,"Echinocereus pulchellus","Oaxaca",-97.496139,17.839173,"Sierra Madre del Sur province","Echinocereus","Mexico"
3399199195,"Echinocereus pulchellus","Oaxaca",-97.453042,17.911913,"Sierra Madre del Sur province","Echinocereus","Mexico"
1586153361,"Echinocereus pulchellus","Oaxaca",-97.452679,17.914063,"Sierra Madre del Sur province","Echinocereus","Mexico"
3308727096,"Epiphyllum anguliger","Oaxaca",-96.12369,15.98903,"Sierra Madre del Sur province","Epiphyllum","Mexico"
1260845341,"Epiphyllum anguliger","Oaxaca",-96.11888,16.00333,"Sierra Madre del Sur province","Epiphyllum","Mexico"
3308729058,"Epiphyllum anguliger","Oaxaca",-96.10983,16.00336,"Sierra Madre del Sur province","Epiphyllum","Mexico"
3308652709,"Epiphyllum anguliger","Oaxaca",-96.11014,16.01089,"Sierra Madre del Sur province","Epiphyllum","Mexico"
3308029095,"Epiphyllum anguliger","Oaxaca",-96.983,16.183,"Sierra Madre del Sur province","Epiphyllum","Mexico"
1896093538,"Epiphyllum anguliger","Oaxaca",-97.075583,16.388083,"Sierra Madre del Sur province","Epiphyllum","Mexico"
2988402703,"Epiphyllum anguliger","Oaxaca",-97.831118,17.070586,"Sierra Madre del Sur province","Epiphyllum","Mexico"
3859024554,"Epiphyllum anguliger","Oaxaca",-97.836123,17.072445,"Sierra Madre del Sur province","Epiphyllum","Mexico"
1503279069,"Epiphyllum anguliger","Oaxaca",-96.8102,17.1727,"Balsas Basin province","Epiphyllum","Mexico"
3308375795,"Epiphyllum crenatum","Oaxaca",-95.583,16.267,"Pacific Lowlands province","Epiphyllum","Mexico"
3308752222,"Epiphyllum crenatum","Oaxaca",-95.9164,16.2711,"Sierra Madre del Sur province","Epiphyllum","Mexico"
3039265115,"Epiphyllum oxypetalum","Oaxaca",-96.616069,16.77877,"Balsas Basin province","Epiphyllum","No"
3014025619,"Epiphyllum oxypetalum","Oaxaca",-96.616886,16.779496,"Balsas Basin province","Epiphyllum","No"
1897339516,"Epiphyllum oxypetalum","Oaxaca",-94.352222,17.160556,"Veracruzan province","Epiphyllum","No"
1932360653,"Epiphyllum oxypetalum","Oaxaca",-96.428401,17.644974,"Sierra Madre del Sur province","Epiphyllum","No"
1933602782,"Epiphyllum oxypetalum","Oaxaca",-96.314714,17.719578,"Veracruzan province","Epiphyllum","No"
1897486960,"Epiphyllum oxypetalum","Oaxaca",-96.599472,17.955417,"Veracruzan province","Epiphyllum","No"
1897339505,"Epiphyllum oxypetalum","Oaxaca",-96.642167,18.048667,"Veracruzan province","Epiphyllum","No"
3301786314,"Epiphyllum oxypetalum","Oaxaca",-96.604244,18.11442,"Veracruzan province","Epiphyllum","No"
3308038963,"Epiphyllum phyllanthus","Oaxaca",-96.1005,15.97083,"Pacific Lowlands province","Epiphyllum","No"
1897575672,"Epiphyllum phyllanthus","Oaxaca",-94.979417,16.741777,"Pacific Lowlands province","Epiphyllum","No"
3308709822,"Epiphyllum phyllanthus","Oaxaca",-94.97942,16.74178,"Pacific Lowlands province","Epiphyllum","No"
1897575623,"Epiphyllum phyllanthus","Oaxaca",-94.976667,16.743861,"Pacific Lowlands province","Epiphyllum","No"
3308036571,"Epiphyllum phyllanthus","Oaxaca",-96.27944,17.52306,"Sierra Madre del Sur province","Epiphyllum","No"
1897575648,"Epiphyllum phyllanthus","Oaxaca",-96.279481,17.523775,"Sierra Madre del Sur province","Epiphyllum","No"
3308668632,"Epiphyllum phyllanthus","Oaxaca",-96.29028,17.52806,"Veracruzan province","Epiphyllum","No"
1897575664,"Epiphyllum phyllanthus","Oaxaca",-96.2903153,17.5287747,"Veracruzan province","Epiphyllum","No"
2629483206,"Epiphyllum pumilum","Oaxaca",-94.763333,16.846667,"Veracruzan province","Epiphyllum","No"
3308389513,"Epiphyllum pumilum","Oaxaca",-94.733,16.867,"Veracruzan province","Epiphyllum","No"
1893420655,"Epiphyllum pumilum","Oaxaca",-95.8182349,17.1246597,"Sierra Madre del Sur province","Epiphyllum","No"
3308661114,"Lemaireocereus hollianus","Oaxaca",-97.00986,17.83475,"Balsas Basin province","Lemaireocereus","Mexico"
3772975760,"Lemaireocereus hollianus","Oaxaca",-97.045326,17.862324,"Balsas Basin province","Lemaireocereus","Mexico"
4453826524,"Lemaireocereus hollianus","Oaxaca",-97.042603,17.862328,"Balsas Basin province","Lemaireocereus","Mexico"
4453825517,"Lemaireocereus hollianus","Oaxaca",-97.037254,17.864012,"Balsas Basin province","Lemaireocereus","Mexico"
3772826839,"Lemaireocereus hollianus","Oaxaca",-97.037972,17.864057,"Balsas Basin province","Lemaireocereus","Mexico"
3773042067,"Lemaireocereus hollianus","Oaxaca",-97.037109,17.86408,"Balsas Basin province","Lemaireocereus","Mexico"
3325514954,"Lemaireocereus hollianus","Oaxaca",-97.017814,17.8745,"Balsas Basin province","Lemaireocereus","Mexico"
2862523458,"Lemaireocereus hollianus","Oaxaca",-96.972648,17.896423,"Balsas Basin province","Lemaireocereus","Mexico"
3308040852,"Lemaireocereus hollianus","Oaxaca",-97.06211,18.09275,"Balsas Basin province","Lemaireocereus","Mexico"
4111977122,"Mammillaria beneckei","Oaxaca",-95.313261,16.380804,"Pacific Lowlands province","Mammillaria","Mexico"
1259471510,"Mammillaria beneckei","Oaxaca",-95.31333,16.38111,"Pacific Lowlands province","Mammillaria","Mexico"
3308762737,"Mammillaria beneckei","Oaxaca",-95.3074,16.38211,"Pacific Lowlands province","Mammillaria","Mexico"
2629483151,"Mammillaria beneckei","Oaxaca",-95.3225,16.385833,"Pacific Lowlands province","Mammillaria","Mexico"
3307805182,"Mammillaria beneckei","Oaxaca",-95.367,16.417,"Pacific Lowlands province","Mammillaria","Mexico"
1897600340,"Mammillaria discolor","Oaxaca",-97.54361,17.49388,"Sierra Madre del Sur province","Mammillaria","Mexico"
1897600345,"Mammillaria discolor","Oaxaca",-97.07086,17.70155,"Sierra Madre del Sur province","Mammillaria","Mexico"
3308465211,"Mammillaria discolor","Oaxaca",-96.865472,17.718667,"Sierra Madre del Sur province","Mammillaria","Mexico"
3308212604,"Mammillaria discolor","Oaxaca",-97.376972,17.724028,"Sierra Madre del Sur province","Mammillaria","Mexico"
1668810240,"Mammillaria discolor","Oaxaca",-97.367891,17.835694,"Sierra Madre del Sur province","Mammillaria","Mexico"
3398874786,"Mammillaria discolor","Oaxaca",-97.496141,17.839275,"Sierra Madre del Sur province","Mammillaria","Mexico"
3307902799,"Mammillaria discolor","Oaxaca",-97.48805,17.84944,"Sierra Madre del Sur province","Mammillaria","Mexico"
3986221696,"Mammillaria duoformis","Oaxaca",-97.645405,17.610519,"Sierra Madre del Sur province","Mammillaria","Mexico"
1897600746,"Mammillaria duoformis","Oaxaca",-97.78333,17.76666,"Balsas Basin province","Mammillaria","Mexico"
3307902800,"Mammillaria duoformis","Oaxaca",-97.79181,17.77411,"Balsas Basin province","Mammillaria","Mexico"
1897600729,"Mammillaria duoformis","Oaxaca",-97.796555,17.822166,"Balsas Basin province","Mammillaria","Mexico"
3307622924,"Mammillaria duoformis","Oaxaca",-97.793222,17.847083,"Balsas Basin province","Mammillaria","Mexico"
4054845583,"Mammillaria duoformis","Oaxaca",-97.732743,18.050146,"Balsas Basin province","Mammillaria","Mexico"
2397479299,"Mammillaria duoformis","Oaxaca",-97.756555,18.109096,"Balsas Basin province","Mammillaria","Mexico"
2397708659,"Mammillaria duoformis","Oaxaca",-97.768242,18.169516,"Balsas Basin province","Mammillaria","Mexico"
2397479369,"Mammillaria duoformis","Oaxaca",-97.708997,18.261224,"Balsas Basin province","Mammillaria","Mexico"
3307891462,"Mammillaria oteroi","Oaxaca",-97.4465,17.67836,"Sierra Madre del Sur province","Mammillaria","Oaxaca"
3308707134,"Mammillaria oteroi","Oaxaca",-97.4062,17.8764,"Sierra Madre del Sur province","Mammillaria","Oaxaca"
1895584000,"Mammillaria tepexicensis","Oaxaca",-97.584722,17.684444,"Sierra Madre del Sur province","Mammillaria","Oaxaca"
3308365344,"Mammillaria tepexicensis","Oaxaca",-97.5333,17.7833,"Sierra Madre del Sur province","Mammillaria","Oaxaca"
4137951550,"Mammillaria tonalensis","Oaxaca",-98.167378,17.594105,"Balsas Basin province","Mammillaria","Oaxaca"
4138508441,"Mammillaria tonalensis","Oaxaca",-97.81518,17.626725,"Balsas Basin province","Mammillaria","Oaxaca"
2629781502,"Mammillaria tonalensis","Oaxaca",-97.961289,17.645167,"Sierra Madre del Sur province","Mammillaria","Oaxaca"
2814131933,"Mammillaria tonalensis","Oaxaca",-97.835656,17.68679,"Balsas Basin province","Mammillaria","Oaxaca"
1586950492,"Mammillaria tonalensis","Oaxaca",-97.867149,17.723665,"Balsas Basin province","Mammillaria","Oaxaca"
2851314964,"Mammillaria tonalensis","Oaxaca",-97.925865,17.793682,"Balsas Basin province","Mammillaria","Oaxaca"
3308395591,"Mammillaria uncinata","Oaxaca",-97.455361,17.854667,"Sierra Madre del Sur province","Mammillaria","Mexico"
3355746341,"Mammillaria uncinata","Oaxaca",-97.303542,17.870352,"Sierra Madre del Sur province","Mammillaria","Mexico"
1894567856,"Mammillaria uncinata","Oaxaca",-97.343,17.87375,"Sierra Madre del Sur province","Mammillaria","Mexico"
1584410085,"Mammillaria uncinata","Oaxaca",-97.41331,17.882797,"Sierra Madre del Sur province","Mammillaria","Mexico"
1890710581,"Mammillaria uncinata","Oaxaca",-97.412086,17.952807,"Sierra Madre del Sur province","Mammillaria","Mexico"
3355292409,"Mammillaria uncinata","Oaxaca",-97.325504,17.980758,"Sierra Madre del Sur province","Mammillaria","Mexico"
1893428276,"Mitrocereus militaris","Oaxaca",-96.375,16.875,"Balsas Basin province","Mitrocereus","Mexico"
1895767504,"Mitrocereus militaris","Oaxaca",-96.394722,16.896389,"Balsas Basin province","Mitrocereus","Mexico"
3308155935,"Neobuxbaumia laui","Oaxaca",-97.75011,16.98436,"Sierra Madre del Sur province","Neobuxbaumia","Oaxaca"
219012267,"Neobuxbaumia laui","Oaxaca",-97.752222,16.985556,"Sierra Madre del Sur province","Neobuxbaumia","Oaxaca"
3308049849,"Neobuxbaumia laui","Oaxaca",-97.75222,16.98556,"Sierra Madre del Sur province","Neobuxbaumia","Oaxaca"
4519239409,"Neobuxbaumia mezcalaensis","Oaxaca",-96.276495,16.864644,"Sierra Madre del Sur province","Neobuxbaumia","Mexico"
2901685643,"Neobuxbaumia mezcalaensis","Oaxaca",-97.234444,17.248055,"Sierra Madre del Sur province","Neobuxbaumia","Mexico"
3398714472,"Neobuxbaumia mezcalaensis","Oaxaca",-98.047288,17.634897,"Balsas Basin province","Neobuxbaumia","Mexico"
2629784925,"Neobuxbaumia mezcalaensis","Oaxaca",-97.932819,17.697911,"Balsas Basin province","Neobuxbaumia","Mexico"
1586150197,"Neobuxbaumia mezcalaensis","Oaxaca",-97.903496,17.708823,"Balsas Basin province","Neobuxbaumia","Mexico"
1668861394,"Neobuxbaumia mezcalaensis","Oaxaca",-97.814381,17.724243,"Balsas Basin province","Neobuxbaumia","Mexico"
3456285474,"Neobuxbaumia mezcalaensis","Oaxaca",-97.683144,18.119458,"Balsas Basin province","Neobuxbaumia","Mexico"
3858335062,"Neobuxbaumia mezcalaensis","Oaxaca",-97.683445,18.200854,"Balsas Basin province","Neobuxbaumia","Mexico"
1894561862,"Neobuxbaumia mezcalaensis","Oaxaca",-97.649722,18.272694,"Balsas Basin province","Neobuxbaumia","Mexico"
1894553326,"Neobuxbaumia scoparia","Oaxaca",-96.4175348,15.704975,"Pacific Lowlands province","Neobuxbaumia","Mexico"
3308097141,"Neobuxbaumia scoparia","Oaxaca",-95.63897,15.97608,"Pacific Lowlands province","Neobuxbaumia","Mexico"
1894553322,"Neobuxbaumia scoparia","Oaxaca",-94.8872233,16.5677144,"Pacific Lowlands province","Neobuxbaumia","Mexico"
3039125262,"Neobuxbaumia scoparia","Oaxaca",-95.2167,16.581842,"Pacific Lowlands province","Neobuxbaumia","Mexico"
3308719339,"Neobuxbaumia scoparia","Oaxaca",-94.9144,16.59944,"Pacific Lowlands province","Neobuxbaumia","Mexico"
3308049158,"Neobuxbaumia scoparia","Oaxaca",-94.95817,16.61219,"Pacific Lowlands province","Neobuxbaumia","Mexico"
2814246323,"Neobuxbaumia scoparia","Oaxaca",-95.007816,16.666466,"Pacific Lowlands province","Neobuxbaumia","Mexico"
1895116251,"Opuntia chiangiana","Oaxaca",-96.975,17.902778,"Balsas Basin province","Opuntia","Oaxaca"
2803004687,"Opuntia hyptiacantha","Oaxaca",-96.227662,15.699255,"Pacific Lowlands province","Opuntia","Mexico"
1895115666,"Opuntia hyptiacantha","Oaxaca",-96.402444,16.900167,"Balsas Basin province","Opuntia","Mexico"
3308484806,"Opuntia hyptiacantha","Oaxaca",-97.033,17.433,"Sierra Madre del Sur province","Opuntia","Mexico"
3308152835,"Opuntia hyptiacantha","Oaxaca",-97.4812,17.50989,"Sierra Madre del Sur province","Opuntia","Mexico"
2518064594,"Opuntia hyptiacantha","Oaxaca",-97.346308,17.527821,"Sierra Madre del Sur province","Opuntia","Mexico"
2850549444,"Opuntia hyptiacantha","Oaxaca",-97.346428,17.528275,"Sierra Madre del Sur province","Opuntia","Mexico"
3307787528,"Opuntia hyptiacantha","Oaxaca",-97.368611,17.700556,"Sierra Madre del Sur province","Opuntia","Mexico"
2518004206,"Opuntia hyptiacantha","Oaxaca",-97.035756,18.07576,"Balsas Basin province","Opuntia","Mexico"
1895116748,"Opuntia stricta","Oaxaca",-96.300835,16.300278,"Pacific Lowlands province","Opuntia","Oaxaca"
3308151606,"Opuntia stricta","Oaxaca",-96.8844,16.58883,"Balsas Basin province","Opuntia","Oaxaca"
3308747459,"Opuntia stricta","Oaxaca",-97.5977,16.91156,"Sierra Madre del Sur province","Opuntia","Oaxaca"
3308152601,"Opuntia stricta","Oaxaca",-97.6524,17.26169,"Sierra Madre del Sur province","Opuntia","Oaxaca"
1257819273,"Opuntia parviclada","Oaxaca",-97.1525,17.826389,"Sierra Madre del Sur province","Opuntia","Mexico"
3308662207,"Opuntia parviclada","Oaxaca",-97.15247,17.82642,"Sierra Madre del Sur province","Opuntia","Mexico"
2596294190,"Opuntia parviclada","Oaxaca",-96.962488,17.826489,"Balsas Basin province","Opuntia","Mexico"
3859265819,"Opuntia parviclada","Oaxaca",-97.346649,17.883524,"Sierra Madre del Sur province","Opuntia","Mexico"
3308411276,"Opuntia parviclada","Oaxaca",-97.0142,17.9278,"Balsas Basin province","Opuntia","Mexico"
1894617717,"Opuntia tehuantepecana","Oaxaca",-96.164917,15.724139,"Pacific Lowlands province","Opuntia","Oaxaca"
3308684716,"Opuntia tehuantepecana","Oaxaca",-95.71325,15.97447,"Pacific Lowlands province","Opuntia","Oaxaca"
1895405729,"Opuntia tehuantepecana","Oaxaca",-95.123439,16.559239,"Pacific Lowlands province","Opuntia","Oaxaca"
1895405752,"Opuntia tehuantepecana","Oaxaca",-96.1231207,16.6660092,"Pacific Lowlands province","Opuntia","Oaxaca"
1257819277,"Opuntia tehuantepecana","Oaxaca",-97.514444,17.752778,"Sierra Madre del Sur province","Opuntia","Oaxaca"
3307908375,"Opuntia tehuantepecana","Oaxaca",-96.986861,17.954278,"Balsas Basin province","Opuntia","Oaxaca"
1846516743,"Ortegocactus macdougallii","Oaxaca",-96.334861,16.378639,"Pacific Lowlands province","Ortegocactus","Oaxaca"
1417671868,"Ortegocactus macdougallii","Oaxaca",-96.333007,16.383001,"Pacific Lowlands province","Ortegocactus","Oaxaca"
1895767652,"Pachycereus grandis","Oaxaca",-95.341667,16.353333,"Pacific Lowlands province","Pachycereus","Mexico"
1893916324,"Pachycereus grandis","Oaxaca",-97.013361,17.628085,"Balsas Basin province","Pachycereus","Mexico"
4516758041,"Pachycereus grandis","Oaxaca",-96.940114,17.881241,"Sierra Madre del Sur province","Pachycereus","Mexico"
1893916342,"Pachycereus grandis","Oaxaca",-96.940758,17.913575,"Sierra Madre del Sur province","Pachycereus","Mexico"
3308629818,"Pachycereus grandis","Oaxaca",-96.94058,17.91972,"Sierra Madre del Sur province","Pachycereus","Mexico"
1894553337,"Pachycereus grandis","Oaxaca",-96.9425539,17.9226429,"Sierra Madre del Sur province","Pachycereus","Mexico"
1920789397,"Pachycereus grandis","Oaxaca",-96.907294,17.978714,"Balsas Basin province","Pachycereus","Mexico"
3090662849,"Peniocereus serpentinus","Oaxaca",-96.568655,15.6903,"Pacific Lowlands province","Peniocereus","Mexico"
3308104666,"Peniocereus serpentinus","Oaxaca",-97.3224,18.1268,"Sierra Madre del Sur province","Peniocereus","Mexico"
3308661523,"Polaskia chende","Oaxaca",-97.05168,17.53416,"Sierra Madre del Sur province","Polaskia","Mexico"
2465256970,"Polaskia chende","Oaxaca",-97.094446,17.887515,"Balsas Basin province","Polaskia","Mexico"
3308730307,"Polaskia chende","Oaxaca",-96.940417,17.922361,"Sierra Madre del Sur province","Polaskia","Mexico"
3308659396,"Polaskia chende","Oaxaca",-96.9477,17.9257,"Balsas Basin province","Polaskia","Mexico"
1933602410,"Polaskia chende","Oaxaca",-97.426672,17.930784,"Sierra Madre del Sur province","Polaskia","Mexico"
3308127724,"Polaskia chende","Oaxaca",-96.84944,17.95028,"Sierra Madre del Sur province","Polaskia","Mexico"
2984387802,"Polaskia chende","Oaxaca",-97.420911,17.966845,"Sierra Madre del Sur province","Polaskia","Mexico"
4465386334,"Polaskia chende","Oaxaca",-97.425127,18.067992,"Balsas Basin province","Polaskia","Mexico"
3308025165,"Polaskia chichipe","Oaxaca",-97.66408,17.61772,"Sierra Madre del Sur province","Polaskia","Mexico"
3308200296,"Polaskia chichipe","Oaxaca",-97.502444,17.667625,"Sierra Madre del Sur province","Polaskia","Mexico"
3307601368,"Polaskia chichipe","Oaxaca",-97.74975,17.736833,"Balsas Basin province","Polaskia","Mexico"
3308100506,"Polaskia chichipe","Oaxaca",-97.74653,17.76483,"Balsas Basin province","Polaskia","Mexico"
3124536314,"Polaskia chichipe","Oaxaca",-97.347872,17.876805,"Sierra Madre del Sur province","Polaskia","Mexico"
2574244223,"Polaskia chichipe","Oaxaca",-97.357148,17.904972,"Sierra Madre del Sur province","Polaskia","Mexico"
1453543260,"Polaskia chichipe","Oaxaca",-97.416947,17.967197,"Sierra Madre del Sur province","Polaskia","Mexico"
3858160412,"Polaskia chichipe","Oaxaca",-97.648376,18.010632,"Balsas Basin province","Polaskia","Mexico"
4399909912,"Polaskia chichipe","Oaxaca",-97.647653,18.231075,"Balsas Basin province","Polaskia","Mexico"
2268968056,"Selenicereus alliodorus","Oaxaca",-96.107222,16.003056,"Sierra Madre del Sur province","Selenicereus","Oaxaca"
4430979583,"Selenicereus anthonyanus","Oaxaca",-97.880688,17.144456,"Sierra Madre del Sur province","Selenicereus","Mexico"
4430668751,"Selenicereus anthonyanus","Oaxaca",-96.74779,17.185063,"Sierra Madre del Sur province","Selenicereus","Mexico"
3858205969,"Selenicereus chontalensis","Oaxaca",-95.470834,16.678362,"Sierra Madre del Sur province","Selenicereus","No"
4102613224,"Selenicereus testudo","Oaxaca",-95.336549,16.581029,"Pacific Lowlands province","Selenicereus","No"
3308503529,"Selenicereus testudo","Oaxaca",-95.0072264,16.6654863,"Pacific Lowlands province","Selenicereus","No"
2597726046,"Selenicereus testudo","Oaxaca",-95.014399,16.675123,"Pacific Lowlands province","Selenicereus","No"
3039194985,"Selenicereus testudo","Oaxaca",-95.011678,16.680733,"Pacific Lowlands province","Selenicereus","No"
1895202622,"Selenicereus vagans","Oaxaca",-95.130278,16.385833,"Pacific Lowlands province","Selenicereus","No"
3308043292,"Selenicereus grandiflorus","Oaxaca",-95.01389,16.67306,"Pacific Lowlands province","Selenicereus","No"
2826486158,"Selenicereus grandiflorus","Oaxaca",-96.152116,15.904812,"Pacific Lowlands province","Selenicereus","No"
1897569917,"Selenicereus grandiflorus","Oaxaca",-95.921111,15.894444,"Pacific Lowlands province","Selenicereus","No"
1893751440,"Selenicereus grandiflorus","Oaxaca",-95.220567,16.161672,"Pacific Lowlands province","Selenicereus","No"
1259912890,"Selenicereus grandiflorus","Oaxaca",-95.01388,16.67305,"Pacific Lowlands province","Selenicereus","No"
5936017264,"Selenicereus grandiflorus","Oaxaca",-96.269531,18.006515,"Veracruzan province","Selenicereus","No"
4453930877,"Acanthocereus tetragonus","Oaxaca",-96.565381,15.664643,"Pacific Lowlands province","Acanthocereus","No"
4465682567,"Acanthocereus tetragonus","Oaxaca",-96.578502,15.671115,"Pacific Lowlands province","Acanthocereus","No"
3705769731,"Acanthocereus tetragonus","Oaxaca",-96.523304,15.673507,"Pacific Lowlands province","Acanthocereus","No"
2856547130,"Acanthocereus tetragonus","Oaxaca",-96.286039,15.686254,"Pacific Lowlands province","Acanthocereus","No"
2563656887,"Acanthocereus tetragonus","Oaxaca",-96.218389,15.69971,"Pacific Lowlands province","Acanthocereus","No"
4442539068,"Acanthocereus tetragonus","Oaxaca",-96.205108,15.707611,"Pacific Lowlands province","Acanthocereus","No"
3044673609,"Acanthocereus tetragonus","Oaxaca",-96.197185,15.708673,"Pacific Lowlands province","Acanthocereus","No"
2859946280,"Acanthocereus tetragonus","Oaxaca",-96.204572,15.711521,"Pacific Lowlands province","Acanthocereus","No"
2429291688,"Acanthocereus tetragonus","Oaxaca",-96.167973,15.720447,"Pacific Lowlands province","Acanthocereus","No"
3456836974,"Acanthocereus tetragonus","Oaxaca",-96.204796,15.72223,"Pacific Lowlands province","Acanthocereus","No"
3032153889,"Acanthocereus tetragonus","Oaxaca",-96.165413,15.724556,"Pacific Lowlands province","Acanthocereus","No"
3764375423,"Acanthocereus tetragonus","Oaxaca",-96.156136,15.724991,"Pacific Lowlands province","Acanthocereus","No"
2294528555,"Acanthocereus tetragonus","Oaxaca",-96.161629,15.725038,"Pacific Lowlands province","Acanthocereus","No"
3892551111,"Acanthocereus tetragonus","Oaxaca",-96.156792,15.729614,"Pacific Lowlands province","Acanthocereus","No"
3759121200,"Acanthocereus tetragonus","Oaxaca",-96.473104,15.732754,"Pacific Lowlands province","Acanthocereus","No"
2350408767,"Acanthocereus tetragonus","Oaxaca",-96.158689,15.733379,"Pacific Lowlands province","Acanthocereus","No"
1990501825,"Acanthocereus tetragonus","Oaxaca",-96.158226,15.733583,"Pacific Lowlands province","Acanthocereus","No"
3044957379,"Acanthocereus tetragonus","Oaxaca",-96.169418,15.734691,"Pacific Lowlands province","Acanthocereus","No"
3335172732,"Acanthocereus tetragonus","Oaxaca",-96.202141,15.737664,"Pacific Lowlands province","Acanthocereus","No"
3079915367,"Acanthocereus tetragonus","Oaxaca",-96.146027,15.738073,"Pacific Lowlands province","Acanthocereus","No"
3308738185,"Acanthocereus tetragonus","Oaxaca",-96.15108,15.745,"Pacific Lowlands province","Acanthocereus","No"
1901086771,"Acanthocereus tetragonus","Oaxaca",-96.203557,15.748823,"Pacific Lowlands province","Acanthocereus","No"
4453825637,"Acanthocereus tetragonus","Oaxaca",-96.124222,15.750701,"Pacific Lowlands province","Acanthocereus","No"
3058691964,"Acanthocereus tetragonus","Oaxaca",-96.170265,15.751058,"Pacific Lowlands province","Acanthocereus","No"
3499387649,"Acanthocereus tetragonus","Oaxaca",-96.125167,15.751728,"Pacific Lowlands province","Acanthocereus","No"
1837779874,"Acanthocereus tetragonus","Oaxaca",-96.188072,15.753491,"Pacific Lowlands province","Acanthocereus","No"
3399153941,"Acanthocereus tetragonus","Oaxaca",-96.148239,15.754444,"Pacific Lowlands province","Acanthocereus","No"
2465132277,"Acanthocereus tetragonus","Oaxaca",-96.150726,15.754865,"Pacific Lowlands province","Acanthocereus","No"
3097241434,"Acanthocereus tetragonus","Oaxaca",-96.166283,15.755914,"Pacific Lowlands province","Acanthocereus","No"
2620050136,"Acanthocereus tetragonus","Oaxaca",-96.130965,15.759769,"Pacific Lowlands province","Acanthocereus","No"
3385024449,"Acanthocereus tetragonus","Oaxaca",-96.179311,15.760018,"Pacific Lowlands province","Acanthocereus","No"
3308132000,"Acanthocereus tetragonus","Oaxaca",-96.18547,15.76083,"Pacific Lowlands province","Acanthocereus","No"
2882956691,"Acanthocereus tetragonus","Oaxaca",-96.193148,15.76436,"Pacific Lowlands province","Acanthocereus","No"
4510325114,"Acanthocereus tetragonus","Oaxaca",-96.170366,15.765419,"Pacific Lowlands province","Acanthocereus","No"
2597818112,"Acanthocereus tetragonus","Oaxaca",-96.134268,15.768629,"Pacific Lowlands province","Acanthocereus","No"
1880491279,"Acanthocereus tetragonus","Oaxaca",-96.231125,15.775396,"Pacific Lowlands province","Acanthocereus","No"
1837767876,"Acanthocereus tetragonus","Oaxaca",-96.175153,15.776834,"Pacific Lowlands province","Acanthocereus","No"
2634074440,"Acanthocereus tetragonus","Oaxaca",-96.127059,15.77714,"Pacific Lowlands province","Acanthocereus","No"
2882941043,"Acanthocereus tetragonus","Oaxaca",-96.208885,15.777441,"Pacific Lowlands province","Acanthocereus","No"
3772621438,"Acanthocereus tetragonus","Oaxaca",-96.184952,15.778478,"Pacific Lowlands province","Acanthocereus","No"
2242904307,"Acanthocereus tetragonus","Oaxaca",-96.17453,15.778506,"Pacific Lowlands province","Acanthocereus","No"
3499396610,"Acanthocereus tetragonus","Oaxaca",-96.071533,15.779065,"Pacific Lowlands province","Acanthocereus","No"
2609240897,"Acanthocereus tetragonus","Oaxaca",-96.16082,15.78068,"Pacific Lowlands province","Acanthocereus","No"
1901055210,"Acanthocereus tetragonus","Oaxaca",-96.199654,15.78087,"Pacific Lowlands province","Acanthocereus","No"
2626533626,"Acanthocereus tetragonus","Oaxaca",-96.061363,15.781617,"Pacific Lowlands province","Acanthocereus","No"
3059134532,"Acanthocereus tetragonus","Oaxaca",-96.059694,15.783467,"Pacific Lowlands province","Acanthocereus","No"
3308757530,"Acanthocereus tetragonus","Oaxaca",-96.9402,15.788,"Pacific Lowlands province","Acanthocereus","No"
1891338210,"Acanthocereus tetragonus","Oaxaca",-96.051437,15.788591,"Pacific Lowlands province","Acanthocereus","No"
3772617460,"Acanthocereus tetragonus","Oaxaca",-96.113342,15.794909,"Pacific Lowlands province","Acanthocereus","No"
2028499213,"Acanthocereus tetragonus","Oaxaca",-96.372292,15.795114,"Pacific Lowlands province","Acanthocereus","No"
3465978780,"Acanthocereus tetragonus","Oaxaca",-96.011665,15.803705,"Pacific Lowlands province","Acanthocereus","No"
4414415205,"Acanthocereus tetragonus","Oaxaca",-96.075005,15.809147,"Pacific Lowlands province","Acanthocereus","No"
4442361974,"Acanthocereus tetragonus","Oaxaca",-96.0749,15.811181,"Pacific Lowlands province","Acanthocereus","No"
3108995973,"Acanthocereus tetragonus","Oaxaca",-96.48168,15.819453,"Pacific Lowlands province","Acanthocereus","No"
3031957126,"Acanthocereus tetragonus","Oaxaca",-96.464657,15.828089,"Pacific Lowlands province","Acanthocereus","No"
1897568414,"Acanthocereus tetragonus","Oaxaca",-95.980278,15.841667,"Pacific Lowlands province","Acanthocereus","No"
4453873649,"Acanthocereus tetragonus","Oaxaca",-96.231874,15.863165,"Pacific Lowlands province","Acanthocereus","No"
2988502928,"Acanthocereus tetragonus","Oaxaca",-97.090859,15.866619,"Pacific Lowlands province","Acanthocereus","No"
3902432306,"Acanthocereus tetragonus","Oaxaca",-97.090356,15.867261,"Pacific Lowlands province","Acanthocereus","No"
2988596960,"Acanthocereus tetragonus","Oaxaca",-97.104717,15.871403,"Pacific Lowlands province","Acanthocereus","No"
4516402514,"Acanthocereus tetragonus","Oaxaca",-95.583798,15.946956,"Pacific Lowlands province","Acanthocereus","No"
3903181577,"Acanthocereus tetragonus","Oaxaca",-97.683556,15.964153,"Pacific Lowlands province","Acanthocereus","No"
2460068779,"Acanthocereus tetragonus","Oaxaca",-97.678136,15.964569,"Pacific Lowlands province","Acanthocereus","No"
4405207085,"Acanthocereus tetragonus","Oaxaca",-97.669067,15.976547,"Pacific Lowlands province","Acanthocereus","No"
3308742153,"Acanthocereus tetragonus","Oaxaca",-95.71058,16.03086,"Pacific Lowlands province","Acanthocereus","No"
4436131827,"Acanthocereus tetragonus","Oaxaca",-95.204617,16.1636,"Pacific Lowlands province","Acanthocereus","No"
3859347347,"Acanthocereus tetragonus","Oaxaca",-95.210053,16.254412,"Pacific Lowlands province","Acanthocereus","No"
4453721622,"Acanthocereus tetragonus","Oaxaca",-97.815163,16.262092,"Pacific Lowlands province","Acanthocereus","No"
1895203551,"Acanthocereus tetragonus","Oaxaca",-95.458333,16.291667,"Pacific Lowlands province","Acanthocereus","No"
4442371745,"Acanthocereus tetragonus","Oaxaca",-95.024422,16.333139,"Pacific Lowlands province","Acanthocereus","No"
1895528408,"Acanthocereus tetragonus","Oaxaca",-95.153836,16.375408,"Pacific Lowlands province","Acanthocereus","No"
4442374635,"Acanthocereus tetragonus","Oaxaca",-95.309017,16.381476,"Pacific Lowlands province","Acanthocereus","No"
1895528405,"Acanthocereus tetragonus","Oaxaca",-94.977894,16.441267,"Pacific Lowlands province","Acanthocereus","No"
4453812676,"Acanthocereus tetragonus","Oaxaca",-95.077987,16.47682,"Pacific Lowlands province","Acanthocereus","No"
2993502745,"Acanthocereus tetragonus","Oaxaca",-94.96861,16.51472,"Pacific Lowlands province","Acanthocereus","No"
1257683088,"Acanthocereus tetragonus","Oaxaca",-94.962778,16.525556,"Pacific Lowlands province","Acanthocereus","No"
2898469060,"Acanthocereus tetragonus","Oaxaca",-96.337363,16.545653,"Sierra Madre del Sur province","Acanthocereus","No"
2898482031,"Acanthocereus tetragonus","Oaxaca",-96.372928,16.561146,"Sierra Madre del Sur province","Acanthocereus","No"
2901542570,"Acanthocereus tetragonus","Oaxaca",-96.344511,16.566026,"Pacific Lowlands province","Acanthocereus","No"
1895528420,"Acanthocereus tetragonus","Oaxaca",-94.866903,16.573331,"Pacific Lowlands province","Acanthocereus","No"
3308740454,"Acanthocereus tetragonus","Oaxaca",-95.98914,16.57658,"Pacific Lowlands province","Acanthocereus","No"
2898495042,"Acanthocereus tetragonus","Oaxaca",-96.358079,16.582879,"Sierra Madre del Sur province","Acanthocereus","No"
3308705290,"Acanthocereus tetragonus","Oaxaca",-94.9517,16.615,"Pacific Lowlands province","Acanthocereus","No"
2993499558,"Acanthocereus tetragonus","Oaxaca",-94.96972,16.61861,"Pacific Lowlands province","Acanthocereus","No"
3308675016,"Acanthocereus tetragonus","Oaxaca",-94.96508,16.62031,"Pacific Lowlands province","Acanthocereus","No"
4133972440,"Acanthocereus tetragonus","Oaxaca",-95.233391,16.620949,"Pacific Lowlands province","Acanthocereus","No"
1257682936,"Acanthocereus tetragonus","Oaxaca",-95.0075,16.641667,"Pacific Lowlands province","Acanthocereus","No"
3308456712,"Acanthocereus tetragonus","Oaxaca",-94.94722,16.64167,"Pacific Lowlands province","Acanthocereus","No"
3308713102,"Acanthocereus tetragonus","Oaxaca",-94.98639,16.6625,"Pacific Lowlands province","Acanthocereus","No"
3308732722,"Acanthocereus tetragonus","Oaxaca",-95.00722,16.66472,"Pacific Lowlands province","Acanthocereus","No"
3308074237,"Acanthocereus tetragonus","Oaxaca",-95.01397,16.75286,"Pacific Lowlands province","Acanthocereus","No"
3888780336,"Acanthocereus tetragonus","Oaxaca",-95.853425,16.778134,"Pacific Lowlands province","Acanthocereus","No"
2993515649,"Acanthocereus tetragonus","Oaxaca",-95.09972,16.96611,"Veracruzan province","Acanthocereus","No"
1932320859,"Acanthocereus tetragonus","Oaxaca",-94.762442,17.179077,"Veracruzan province","Acanthocereus","No"
3307878789,"Acanthocereus tetragonus","Oaxaca",-96.841667,17.491667,"Balsas Basin province","Acanthocereus","No"
3308658202,"Acanthocereus tetragonus","Oaxaca",-97.0307,17.515,"Balsas Basin province","Acanthocereus","No"
3307894424,"Acanthocereus tetragonus","Oaxaca",-97.017,17.517,"Sierra Madre del Sur province","Acanthocereus","No"
4453884658,"Acanthocereus tetragonus","Oaxaca",-96.297199,17.824021,"Veracruzan province","Acanthocereus","No"
3343943621,"Acanthocereus tetragonus","Oaxaca",-97.112168,18.097811,"Balsas Basin province","Acanthocereus","No"
3308370383,"Acanthocereus tetragonus","Oaxaca",-97.0874,18.1362,"Balsas Basin province","Acanthocereus","No"
3337974922,"Aporocactus martianus","Oaxaca",-96.739555,16.202132,"Sierra Madre del Sur province","Aporocactus","Oaxaca"
4453712479,"Aporocactus martianus","Oaxaca",-96.647702,16.261827,"Sierra Madre del Sur province","Aporocactus","Oaxaca"
4453814479,"Aporocactus martianus","Oaxaca",-96.617651,16.268913,"Sierra Madre del Sur province","Aporocactus","Oaxaca"
3338010415,"Aporocactus martianus","Oaxaca",-96.665191,16.271115,"Sierra Madre del Sur province","Aporocactus","Oaxaca"
3308521799,"Aporocactus martianus","Oaxaca",-96.30111,16.30222,"Pacific Lowlands province","Aporocactus","Oaxaca"
4453680488,"Aporocactus martianus","Oaxaca",-96.605751,16.313143,"Sierra Madre del Sur province","Aporocactus","Oaxaca"
1895256506,"Aporocactus martianus","Oaxaca",-95.378333,16.358611,"Pacific Lowlands province","Aporocactus","Oaxaca"
3743329401,"Aporocactus martianus","Oaxaca",-96.655545,16.374139,"Balsas Basin province","Aporocactus","Oaxaca"
3338112028,"Aporocactus martianus","Oaxaca",-96.730596,16.385148,"Balsas Basin province","Aporocactus","Oaxaca"
4453674965,"Aporocactus martianus","Oaxaca",-96.610379,16.392294,"Balsas Basin province","Aporocactus","Oaxaca"
2898422077,"Aporocactus martianus","Oaxaca",-96.365286,16.541306,"Sierra Madre del Sur province","Aporocactus","Oaxaca"
2898425047,"Aporocactus martianus","Oaxaca",-96.263114,16.549,"Pacific Lowlands province","Aporocactus","Oaxaca"
3327765725,"Aporocactus martianus","Oaxaca",-96.304352,16.896375,"Sierra Madre del Sur province","Aporocactus","Oaxaca"
3308739276,"Aporocactus martianus","Oaxaca",-97.62383,16.91047,"Sierra Madre del Sur province","Aporocactus","Oaxaca"
1671727419,"Aporocactus martianus","Oaxaca",-97.536012,16.922226,"Sierra Madre del Sur province","Aporocactus","Oaxaca"
2311301607,"Aporocactus martianus","Oaxaca",-96.213144,16.925371,"Pacific Lowlands province","Aporocactus","Oaxaca"
2465091821,"Aporocactus martianus","Oaxaca",-96.543623,17.061169,"Sierra Madre del Sur province","Aporocactus","Oaxaca"
2563604534,"Aporocactus martianus","Oaxaca",-96.436057,17.077964,"Sierra Madre del Sur province","Aporocactus","Oaxaca"
1893418994,"Aporocactus martianus","Oaxaca",-96.725,17.091667,"Balsas Basin province","Aporocactus","Oaxaca"
4075726865,"Aporocactus martianus","Oaxaca",-96.543534,17.095468,"Sierra Madre del Sur province","Aporocactus","Oaxaca"
1258193392,"Aporocactus martianus","Oaxaca",-96.6775,17.133611,"Sierra Madre del Sur province","Aporocactus","Oaxaca"
2850666824,"Aporocactus martianus","Oaxaca",-96.554157,17.137384,"Sierra Madre del Sur province","Aporocactus","Oaxaca"
2239001297,"Aporocactus martianus","Oaxaca",-96.666695,17.143763,"Sierra Madre del Sur province","Aporocactus","Oaxaca"
3759593808,"Aporocactus martianus","Oaxaca",-96.411774,17.14656,"Sierra Madre del Sur province","Aporocactus","Oaxaca"
2294406235,"Aporocactus martianus","Oaxaca",-96.570302,17.148112,"Sierra Madre del Sur province","Aporocactus","Oaxaca"
2629757083,"Aporocactus martianus","Oaxaca",-96.714444,17.156667,"Sierra Madre del Sur province","Aporocactus","Oaxaca"
2898278121,"Aporocactus martianus","Oaxaca",-96.408904,17.179836,"Sierra Madre del Sur province","Aporocactus","Oaxaca"
4404988610,"Aporocactus martianus","Oaxaca",-96.555157,17.184963,"Sierra Madre del Sur province","Aporocactus","Oaxaca"
1920792516,"Aporocactus martianus","Oaxaca",-96.796159,17.191931,"Balsas Basin province","Aporocactus","Oaxaca"
3308061395,"Aporocactus martianus","Oaxaca",-96.43278,17.20778,"Sierra Madre del Sur province","Aporocactus","Oaxaca"
3308700085,"Aporocactus martianus","Oaxaca",-96.42583,17.22778,"Sierra Madre del Sur province","Aporocactus","Oaxaca"
1088946339,"Aporocactus martianus","Oaxaca",-96.542849,17.248497,"Balsas Basin province","Aporocactus","Oaxaca"
2465121311,"Aporocactus martianus","Oaxaca",-96.522593,17.249272,"Sierra Madre del Sur province","Aporocactus","Oaxaca"
2294401743,"Aporocactus martianus","Oaxaca",-96.452721,17.292492,"Balsas Basin province","Aporocactus","Oaxaca"
3308057817,"Aporocactus martianus","Oaxaca",-96.44253,17.30033,"Balsas Basin province","Aporocactus","Oaxaca"
3308712507,"Aporocactus martianus","Oaxaca",-96.48472,17.325,"Balsas Basin province","Aporocactus","Oaxaca"
4440913604,"Aporocactus martianus","Oaxaca",-96.577517,17.340417,"Balsas Basin province","Aporocactus","Oaxaca"
1895508584,"Aporocactus martianus","Oaxaca",-96.416667,17.366667,"Sierra Madre del Sur province","Aporocactus","Oaxaca"
2331853887,"Aporocactus martianus","Oaxaca",-96.51712,17.376885,"Sierra Madre del Sur province","Aporocactus","Oaxaca"
2331855248,"Aporocactus martianus","Oaxaca",-96.54446,17.390081,"Sierra Madre del Sur province","Aporocactus","Oaxaca"
3308650167,"Aporocactus martianus","Oaxaca",-96.53833,17.42667,"Balsas Basin province","Aporocactus","Oaxaca"
3307767043,"Aporocactus martianus","Oaxaca",-96.938417,17.457972,"Sierra Madre del Sur province","Aporocactus","Oaxaca"
3308652165,"Aporocactus martianus","Oaxaca",-96.93861,17.46667,"Sierra Madre del Sur province","Aporocactus","Oaxaca"
3308756187,"Aporocactus martianus","Oaxaca",-96.9479,17.47028,"Sierra Madre del Sur province","Aporocactus","Oaxaca"
3308100249,"Aporocactus martianus","Oaxaca",-96.82756,17.85894,"Sierra Madre del Sur province","Aporocactus","Oaxaca"
1897488189,"Aporocactus martianus","Oaxaca",-96.807361,17.902861,"Sierra Madre del Sur province","Aporocactus","Oaxaca"
2265902466,"Aporocactus martianus","Oaxaca",-96.802582,18.035412,"Sierra Madre del Sur province","Aporocactus","Oaxaca"
1897488164,"Aporocactus martianus","Oaxaca",-96.754805,18.065222,"Sierra Madre del Sur province","Aporocactus","Oaxaca"
1897488140,"Aporocactus martianus","Oaxaca",-96.937055,18.123222,"Sierra Madre del Sur province","Aporocactus","Oaxaca"
1893924049,"Aporocactus martianus","Oaxaca",-96.963389,18.1355,"Sierra Madre del Sur province","Aporocactus","Oaxaca"
3307602472,"Aporocactus martianus","Oaxaca",-96.998333,18.164167,"Sierra Madre del Sur province","Aporocactus","Oaxaca"
3308075544,"Aporocactus martianus","Oaxaca",-97.017,18.167,"Sierra Madre del Sur province","Aporocactus","Oaxaca"
1092910000,"Aporocactus martianus","Oaxaca",-96.874509,18.168351,"Sierra Madre del Sur province","Aporocactus","Oaxaca"
1895769123,"Cephalocereus apicicephalium","Oaxaca",-95.458333,16.325,"Pacific Lowlands province","Cephalocereus","Mexico"
1895769238,"Cephalocereus apicicephalium","Oaxaca",-96.3667,16.3267,"Sierra Madre del Sur province","Cephalocereus","Mexico"
2242465541,"Cephalocereus apicicephalium","Oaxaca",-95.375,16.358333,"Pacific Lowlands province","Cephalocereus","Mexico"
1895769116,"Cephalocereus apicicephalium","Oaxaca",-95.3485016,16.3699179,"Pacific Lowlands province","Cephalocereus","Mexico"
3307794990,"Cephalocereus apicicephalium","Oaxaca",-95.3025105,16.3705,"Pacific Lowlands province","Cephalocereus","Mexico"
1894553370,"Cephalocereus apicicephalium","Oaxaca",-95.375,16.375,"Pacific Lowlands province","Cephalocereus","Mexico"
1894553373,"Cephalocereus apicicephalium","Oaxaca",-95.316944,16.381111,"Pacific Lowlands province","Cephalocereus","Mexico"
1895769220,"Cephalocereus apicicephalium","Oaxaca",-95.341667,16.391667,"Pacific Lowlands province","Cephalocereus","Mexico"
1895769139,"Cephalocereus apicicephalium","Oaxaca",-95.227222,16.4225,"Pacific Lowlands province","Cephalocereus","Mexico"
1895769210,"Cephalocereus apicicephalium","Oaxaca",-95.545914,16.424224,"Pacific Lowlands province","Cephalocereus","Mexico"
1895769244,"Cephalocereus apicicephalium","Oaxaca",-95.86633,16.43633,"Pacific Lowlands province","Cephalocereus","Mexico"
3308739045,"Cephalocereus apicicephalium","Oaxaca",-95.360988,16.44286,"Pacific Lowlands province","Cephalocereus","Mexico"
2897616305,"Cephalocereus apicicephalium","Oaxaca",-95.292501,16.442891,"Pacific Lowlands province","Cephalocereus","Mexico"
3125238449,"Cephalocereus apicicephalium","Oaxaca",-95.212222,16.450278,"Pacific Lowlands province","Cephalocereus","Mexico"
1895769150,"Cephalocereus apicicephalium","Oaxaca",-95.976756,16.451293,"Pacific Lowlands province","Cephalocereus","Mexico"
1895769225,"Cephalocereus apicicephalium","Oaxaca",-94.886667,16.458333,"Pacific Lowlands province","Cephalocereus","Mexico"
4522718508,"Cephalocereus apicicephalium","Oaxaca",-94.922156,16.461564,"Pacific Lowlands province","Cephalocereus","Mexico"
3308442113,"Cephalocereus apicicephalium","Oaxaca",-96.231565,16.480214,"Sierra Madre del Sur province","Cephalocereus","Mexico"
2826366585,"Cephalocereus apicicephalium","Oaxaca",-95.205505,16.481912,"Pacific Lowlands province","Cephalocereus","Mexico"
1895769143,"Cephalocereus apicicephalium","Oaxaca",-96.393571,16.486687,"Sierra Madre del Sur province","Cephalocereus","Mexico"
4522776999,"Cephalocereus apicicephalium","Oaxaca",-96.387575,16.53453,"Sierra Madre del Sur province","Cephalocereus","Mexico"
1895769167,"Cephalocereus apicicephalium","Oaxaca",-94.940848,16.541097,"Pacific Lowlands province","Cephalocereus","Mexico"
2898307046,"Cephalocereus apicicephalium","Oaxaca",-94.941667,16.558333,"Pacific Lowlands province","Cephalocereus","Mexico"
2898311027,"Cephalocereus apicicephalium","Oaxaca",-95.25974,16.5643,"Pacific Lowlands province","Cephalocereus","Mexico"
2898437075,"Cephalocereus apicicephalium","Oaxaca",-96.204355,16.57803,"Sierra Madre del Sur province","Cephalocereus","Mexico"
4522748732,"Cephalocereus apicicephalium","Oaxaca",-95.25717,16.579985,"Pacific Lowlands province","Cephalocereus","Mexico"
1895769215,"Cephalocereus apicicephalium","Oaxaca",-95.459535,16.580393,"Pacific Lowlands province","Cephalocereus","Mexico"
4168485140,"Cephalocereus apicicephalium","Oaxaca",-94.995246,16.581287,"Pacific Lowlands province","Cephalocereus","Mexico"
4522767509,"Cephalocereus apicicephalium","Oaxaca",-94.874018,16.587354,"Pacific Lowlands province","Cephalocereus","Mexico"
2901764584,"Cephalocereus apicicephalium","Oaxaca",-96.0375286,16.6215967,"Pacific Lowlands province","Cephalocereus","Mexico"
4522747577,"Cephalocereus apicicephalium","Oaxaca",-95.983333,16.633333,"Pacific Lowlands province","Cephalocereus","Mexico"
2529319476,"Cephalocereus apicicephalium","Oaxaca",-96.076702,16.640603,"Pacific Lowlands province","Cephalocereus","Mexico"
4522767716,"Cephalocereus apicicephalium","Oaxaca",-95.134699,16.640954,"Pacific Lowlands province","Cephalocereus","Mexico"
1894553262,"Cephalocereus apicicephalium","Oaxaca",-96.189776,16.647563,"Sierra Madre del Sur province","Cephalocereus","Mexico"
4522750593,"Cephalocereus apicicephalium","Oaxaca",-96.258333,16.658333,"Sierra Madre del Sur province","Cephalocereus","Mexico"
2294406210,"Cephalocereus apicicephalium","Oaxaca",-95.011944,16.670556,"Pacific Lowlands province","Cephalocereus","Mexico"
2294406109,"Cephalocereus apicicephalium","Oaxaca",-95.668261,16.671383,"Pacific Lowlands province","Cephalocereus","Mexico"
4522731486,"Cephalocereus apicicephalium","Oaxaca",-97.091667,16.675,"Sierra Madre del Sur province","Cephalocereus","Mexico"
3308707798,"Cephalocereus apicicephalium","Oaxaca",-96.127313,16.676255,"Pacific Lowlands province","Cephalocereus","Mexico"
2268990683,"Cephalocereus apicicephalium","Oaxaca",-94.930282,16.683912,"Pacific Lowlands province","Cephalocereus","Mexico"
2268990526,"Cephalocereus apicicephalium","Oaxaca",-94.826848,16.684169,"Pacific Lowlands province","Cephalocereus","Mexico"
1895769154,"Cephalocereus apicicephalium","Oaxaca",-96.15946,16.702005,"Pacific Lowlands province","Cephalocereus","Mexico"
1895769176,"Cephalocereus apicicephalium","Oaxaca",-95.149417,16.725101,"Pacific Lowlands province","Cephalocereus","Mexico"
3308208383,"Cephalocereus apicicephalium","Oaxaca",-97.105969,16.733427,"Sierra Madre del Sur province","Cephalocereus","Mexico"
3325543000,"Cephalocereus apicicephalium","Oaxaca",-96.393706,16.735186,"Sierra Madre del Sur province","Cephalocereus","Mexico"
3067858595,"Cephalocereus apicicephalium","Oaxaca",-96.054525,16.740233,"Sierra Madre del Sur province","Cephalocereus","Mexico"
4522745842,"Cephalocereus apicicephalium","Oaxaca",-96.016546,16.769487,"Pacific Lowlands province","Cephalocereus","Mexico"
4522751744,"Cephalocereus apicicephalium","Oaxaca",-94.833914,16.779829,"Veracruzan province","Cephalocereus","Mexico"
4522778964,"Cephalocereus apicicephalium","Oaxaca",-97.054693,16.788498,"Sierra Madre del Sur province","Cephalocereus","Mexico"
4522750762,"Cephalocereus apicicephalium","Oaxaca",-95.185173,16.793152,"Sierra Madre del Sur province","Cephalocereus","Mexico"
1894569505,"Cephalocereus columna-trajani","Oaxaca",-97.010417,17.723139,"Balsas Basin province","Cephalocereus","Mexico"
1894569408,"Cephalocereus columna-trajani","Oaxaca",-96.993028,17.728528,"Balsas Basin province","Cephalocereus","Mexico"
1894569516,"Cephalocereus columna-trajani","Oaxaca",-96.988694,17.729778,"Balsas Basin province","Cephalocereus","Mexico"
1895768286,"Cephalocereus columna-trajani","Oaxaca",-96.9575,17.7575,"Balsas Basin province","Cephalocereus","Mexico"
1894569527,"Cephalocereus columna-trajani","Oaxaca",-97.028083,17.80025,"Balsas Basin province","Cephalocereus","Mexico"
3307601822,"Cephalocereus columna-trajani","Oaxaca",-96.970194,17.806583,"Balsas Basin province","Cephalocereus","Mexico"
1894569481,"Cephalocereus columna-trajani","Oaxaca",-97.01725,17.808611,"Balsas Basin province","Cephalocereus","Mexico"
4413710780,"Cephalocereus columna-trajani","Oaxaca",-97.002403,17.815114,"Balsas Basin province","Cephalocereus","Mexico"
1893917341,"Cephalocereus columna-trajani","Oaxaca",-97.050383,17.857761,"Balsas Basin province","Cephalocereus","Mexico"
1893917414,"Cephalocereus columna-trajani","Oaxaca",-97.050065,17.858345,"Balsas Basin province","Cephalocereus","Mexico"
1893917399,"Cephalocereus columna-trajani","Oaxaca",-97.049787,17.858785,"Balsas Basin province","Cephalocereus","Mexico"
4062647334,"Cephalocereus columna-trajani","Oaxaca",-97.092233,17.861194,"Balsas Basin province","Cephalocereus","Mexico"
3960990466,"Cephalocereus columna-trajani","Oaxaca",-97.040087,17.86244,"Balsas Basin province","Cephalocereus","Mexico"
3079774242,"Cephalocereus columna-trajani","Oaxaca",-97.093363,17.876126,"Balsas Basin province","Cephalocereus","Mexico"
3079706226,"Cephalocereus columna-trajani","Oaxaca",-97.086962,17.892891,"Balsas Basin province","Cephalocereus","Mexico"
3079701144,"Cephalocereus columna-trajani","Oaxaca",-97.073714,17.903464,"Balsas Basin province","Cephalocereus","Mexico"
1896093286,"Cephalocereus columna-trajani","Oaxaca",-97.351083,18.083889,"Sierra Madre del Sur province","Cephalocereus","Mexico"
1894569502,"Cephalocereus columna-trajani","Oaxaca",-97.088056,18.095,"Balsas Basin province","Cephalocereus","Mexico"
3307683927,"Cephalocereus columna-trajani","Oaxaca",-97.336972,18.1045,"Sierra Madre del Sur province","Cephalocereus","Mexico"
4172305521,"Cephalocereus columna-trajani","Oaxaca",-97.330948,18.125912,"Sierra Madre del Sur province","Cephalocereus","Mexico"
1894569514,"Cephalocereus columna-trajani","Oaxaca",-97.306111,18.145278,"Balsas Basin province","Cephalocereus","Mexico"
4172188278,"Cephalocereus columna-trajani","Oaxaca",-97.290312,18.152276,"Balsas Basin province","Cephalocereus","Mexico"
3079639108,"Cephalocereus columna-trajani","Oaxaca",-97.673693,18.195339,"Balsas Basin province","Cephalocereus","Mexico"
4121316432,"Cephalocereus fulviceps","Oaxaca",-96.429411,16.413958,"Sierra Madre del Sur province","Cephalocereus","Mexico"
3961018424,"Cephalocereus fulviceps","Oaxaca",-95.903284,16.464543,"Pacific Lowlands province","Cephalocereus","Mexico"
2898325059,"Cephalocereus fulviceps","Oaxaca",-96.312798,16.471405,"Pacific Lowlands province","Cephalocereus","Mexico"
3961224401,"Cephalocereus fulviceps","Oaxaca",-96.574828,17.215242,"Sierra Madre del Sur province","Cephalocereus","Mexico"
2573958683,"Cephalocereus fulviceps","Oaxaca",-96.571878,17.473401,"Balsas Basin province","Cephalocereus","Mexico"
1933589472,"Cephalocereus fulviceps","Oaxaca",-96.965607,17.594395,"Balsas Basin province","Cephalocereus","Mexico"
3308706483,"Cephalocereus fulviceps","Oaxaca",-96.948556,17.605694,"Balsas Basin province","Cephalocereus","Mexico"
1894559662,"Cephalocereus fulviceps","Oaxaca",-96.933056,17.606944,"Balsas Basin province","Cephalocereus","Mexico"
1259220367,"Cephalocereus fulviceps","Oaxaca",-96.965278,17.6775,"Balsas Basin province","Cephalocereus","Mexico"
3070618386,"Cephalocereus fulviceps","Oaxaca",-96.827953,17.684023,"Balsas Basin province","Cephalocereus","Mexico"
1894559667,"Cephalocereus fulviceps","Oaxaca",-97.031083,17.701917,"Balsas Basin province","Cephalocereus","Mexico"
4022016344,"Cephalocereus fulviceps","Oaxaca",-97.170554,17.800835,"Sierra Madre del Sur province","Cephalocereus","Mexico"
3308509644,"Cephalocereus fulviceps","Oaxaca",-97.0922,17.8761,"Balsas Basin province","Cephalocereus","Mexico"
3308411271,"Cephalocereus fulviceps","Oaxaca",-97.0892,17.892,"Balsas Basin province","Cephalocereus","Mexico"
3881363357,"Cephalocereus fulviceps","Oaxaca",-97.145109,17.949837,"Sierra Madre del Sur province","Cephalocereus","Mexico"
4022257423,"Cephalocereus fulviceps","Oaxaca",-97.146644,17.963125,"Sierra Madre del Sur province","Cephalocereus","Mexico"
4022077402,"Cephalocereus fulviceps","Oaxaca",-97.071695,17.990742,"Balsas Basin province","Cephalocereus","Mexico"
3090592294,"Cephalocereus fulviceps","Oaxaca",-97.065841,17.995222,"Balsas Basin province","Cephalocereus","Mexico"
3902916737,"Cephalocereus fulviceps","Oaxaca",-97.326957,18.02201,"Sierra Madre del Sur province","Cephalocereus","Mexico"
3338159829,"Coryphantha elephantidens","Oaxaca",-96.63064,16.289287,"Sierra Madre del Sur province","Coryphantha","Mexico"
3308673879,"Coryphantha elephantidens","Oaxaca",-96.30167,16.29333,"Pacific Lowlands province","Coryphantha","Mexico"
3858480914,"Coryphantha elephantidens","Oaxaca",-96.637695,16.317307,"Sierra Madre del Sur province","Coryphantha","Mexico"
2898428069,"Coryphantha elephantidens","Oaxaca",-96.331691,16.579887,"Pacific Lowlands province","Coryphantha","Mexico"
1677278450,"Coryphantha elephantidens","Oaxaca",-96.24336,16.67583,"Sierra Madre del Sur province","Coryphantha","Mexico"
1897600941,"Coryphantha elephantidens","Oaxaca",-96.321434,16.686548,"Sierra Madre del Sur province","Coryphantha","Mexico"
3416106943,"Coryphantha elephantidens","Oaxaca",-96.210964,16.689065,"Sierra Madre del Sur province","Coryphantha","Mexico"
3415712095,"Coryphantha elephantidens","Oaxaca",-96.693192,16.785751,"Balsas Basin province","Coryphantha","Mexico"
1986520557,"Coryphantha elephantidens","Oaxaca",-96.69475,16.792137,"Balsas Basin province","Coryphantha","Mexico"
4442568477,"Coryphantha elephantidens","Oaxaca",-95.911189,16.796272,"Pacific Lowlands province","Coryphantha","Mexico"
3384415293,"Coryphantha elephantidens","Oaxaca",-96.625379,16.803381,"Balsas Basin province","Coryphantha","Mexico"
3355040669,"Coryphantha elephantidens","Oaxaca",-96.667743,16.806098,"Balsas Basin province","Coryphantha","Mexico"
2901513207,"Coryphantha elephantidens","Oaxaca",-96.637854,16.810581,"Balsas Basin province","Coryphantha","Mexico"
2242804288,"Coryphantha elephantidens","Oaxaca",-96.700949,16.814818,"Balsas Basin province","Coryphantha","Mexico"
1913718359,"Coryphantha elephantidens","Oaxaca",-96.674636,16.857029,"Balsas Basin province","Coryphantha","Mexico"
4137646962,"Coryphantha elephantidens","Oaxaca",-96.275896,16.866325,"Sierra Madre del Sur province","Coryphantha","Mexico"
2465091174,"Coryphantha elephantidens","Oaxaca",-96.275971,16.868662,"Sierra Madre del Sur province","Coryphantha","Mexico"
4405208603,"Coryphantha elephantidens","Oaxaca",-96.602213,16.875183,"Balsas Basin province","Coryphantha","Mexico"
2826197138,"Coryphantha elephantidens","Oaxaca",-96.399306,16.921604,"Balsas Basin province","Coryphantha","Mexico"
1883566030,"Coryphantha elephantidens","Oaxaca",-96.598056,17.040661,"Balsas Basin province","Coryphantha","Mexico"
4127114527,"Coryphantha elephantidens","Oaxaca",-96.870064,17.040997,"Sierra Madre del Sur province","Coryphantha","Mexico"
3455729838,"Coryphantha elephantidens","Oaxaca",-96.889051,17.073407,"Balsas Basin province","Coryphantha","Mexico"
3860052933,"Coryphantha elephantidens","Oaxaca",-96.783674,17.078514,"Balsas Basin province","Coryphantha","Mexico"
3902392178,"Coryphantha elephantidens","Oaxaca",-96.735698,17.08436,"Balsas Basin province","Coryphantha","Mexico"
2465118755,"Coryphantha elephantidens","Oaxaca",-96.697464,17.115774,"Sierra Madre del Sur province","Coryphantha","Mexico"
2465087218,"Coryphantha elephantidens","Oaxaca",-96.662232,17.130775,"Sierra Madre del Sur province","Coryphantha","Mexico"
3902575006,"Coryphantha elephantidens","Oaxaca",-96.744445,17.144103,"Sierra Madre del Sur province","Coryphantha","Mexico"
1913692368,"Coryphantha elephantidens","Oaxaca",-96.786889,17.147033,"Balsas Basin province","Coryphantha","Mexico"
3320956539,"Coryphantha elephantidens","Oaxaca",-96.72471,17.215037,"Sierra Madre del Sur province","Coryphantha","Mexico"
2465116856,"Coryphantha elephantidens","Oaxaca",-96.808828,17.219033,"Balsas Basin province","Coryphantha","Mexico"
2898490100,"Coryphantha elephantidens","Oaxaca",-96.869459,17.263218,"Balsas Basin province","Coryphantha","Mexico"
1899816347,"Coryphantha elephantidens","Oaxaca",-96.932031,17.405322,"Sierra Madre del Sur province","Coryphantha","Mexico"
4522715131,"Coryphantha elephantidens","Oaxaca",-98.024168,17.50384,"Balsas Basin province","Coryphantha","Mexico"
2818643545,"Coryphantha elephantidens","Oaxaca",-96.845453,17.57514,"Balsas Basin province","Coryphantha","Mexico"
3018005032,"Coryphantha elephantidens","Oaxaca",-97.854405,17.602746,"Balsas Basin province","Coryphantha","Mexico"
2465270394,"Coryphantha elephantidens","Oaxaca",-97.12131,17.646915,"Sierra Madre del Sur province","Coryphantha","Mexico"
3468901035,"Coryphantha elephantidens","Oaxaca",-97.123705,17.667874,"Sierra Madre del Sur province","Coryphantha","Mexico"
2864727373,"Coryphantha elephantidens","Oaxaca",-97.899377,17.704941,"Balsas Basin province","Coryphantha","Mexico"
2850632964,"Coryphantha elephantidens","Oaxaca",-97.8903,17.712683,"Balsas Basin province","Coryphantha","Mexico"
2873881441,"Coryphantha elephantidens","Oaxaca",-98.158665,17.762689,"Balsas Basin province","Coryphantha","Mexico"
4522657221,"Coryphantha elephantidens","Oaxaca",-97.824849,17.777994,"Balsas Basin province","Coryphantha","Mexico"
4076228036,"Coryphantha pallida","Oaxaca",-96.629982,16.29399,"Sierra Madre del Sur province","Coryphantha","Mexico"
3859203932,"Coryphantha pallida","Oaxaca",-96.64267,16.31694,"Sierra Madre del Sur province","Coryphantha","Mexico"
3874111000,"Coryphantha pallida","Oaxaca",-96.637847,16.318675,"Sierra Madre del Sur province","Coryphantha","Mexico"
4522720780,"Coryphantha pallida","Oaxaca",-96.277092,16.866794,"Sierra Madre del Sur province","Coryphantha","Mexico"
3308713061,"Coryphantha pallida","Oaxaca",-97.217483,17.319028,"Sierra Madre del Sur province","Coryphantha","Mexico"
3308342228,"Coryphantha pallida","Oaxaca",-97.117917,17.32525,"Sierra Madre del Sur province","Coryphantha","Mexico"
3308082714,"Coryphantha pallida","Oaxaca",-97.25172,17.32564,"Sierra Madre del Sur province","Coryphantha","Mexico"
3308736324,"Coryphantha pallida","Oaxaca",-97.21692,17.33337,"Sierra Madre del Sur province","Coryphantha","Mexico"
3308607230,"Coryphantha pallida","Oaxaca",-97.171361,17.360722,"Sierra Madre del Sur province","Coryphantha","Mexico"
3308080967,"Coryphantha pallida","Oaxaca",-97.15251,17.36381,"Sierra Madre del Sur province","Coryphantha","Mexico"
3308058277,"Coryphantha pallida","Oaxaca",-97.19389,17.37333,"Sierra Madre del Sur province","Coryphantha","Mexico"
3308082479,"Coryphantha pallida","Oaxaca",-97.18535,17.38428,"Sierra Madre del Sur province","Coryphantha","Mexico"
3308465887,"Coryphantha pallida","Oaxaca",-97.022583,17.412861,"Sierra Madre del Sur province","Coryphantha","Mexico"
3308672742,"Coryphantha pallida","Oaxaca",-97.3275,17.41747,"Sierra Madre del Sur province","Coryphantha","Mexico"
3308108415,"Coryphantha pallida","Oaxaca",-97.13103,17.41961,"Sierra Madre del Sur province","Coryphantha","Mexico"
3308713279,"Coryphantha pallida","Oaxaca",-97.03527,17.43858,"Sierra Madre del Sur province","Coryphantha","Mexico"
3308107960,"Coryphantha pallida","Oaxaca",-97.1761,17.4594,"Sierra Madre del Sur province","Coryphantha","Mexico"
3308672744,"Coryphantha pallida","Oaxaca",-97.06133,17.46744,"Sierra Madre del Sur province","Coryphantha","Mexico"
3308662066,"Coryphantha pallida","Oaxaca",-97.2012,17.47719,"Sierra Madre del Sur province","Coryphantha","Mexico"
3308660141,"Coryphantha pallida","Oaxaca",-97.217472,17.4905,"Sierra Madre del Sur province","Coryphantha","Mexico"
3308078369,"Coryphantha pallida","Oaxaca",-97.45733,17.50042,"Sierra Madre del Sur province","Coryphantha","Mexico"
2243008645,"Coryphantha pallida","Oaxaca",-97.459191,17.504962,"Sierra Madre del Sur province","Coryphantha","Mexico"
3308105181,"Coryphantha pallida","Oaxaca",-97.15243,17.51784,"Sierra Madre del Sur province","Coryphantha","Mexico"
3308085586,"Coryphantha pallida","Oaxaca",-97.32988,17.54942,"Sierra Madre del Sur province","Coryphantha","Mexico"
1212004827,"Coryphantha pallida","Oaxaca",-97.320982,17.551613,"Sierra Madre del Sur province","Coryphantha","Mexico"
2641570428,"Coryphantha pallida","Oaxaca",-98.042082,17.552005,"Balsas Basin province","Coryphantha","Mexico"
3070511356,"Coryphantha pallida","Oaxaca",-97.277264,17.55546,"Sierra Madre del Sur province","Coryphantha","Mexico"
3308277198,"Coryphantha pallida","Oaxaca",-97.513139,17.559778,"Sierra Madre del Sur province","Coryphantha","Mexico"
3307713207,"Coryphantha pallida","Oaxaca",-97.470667,17.563333,"Sierra Madre del Sur province","Coryphantha","Mexico"
3308113464,"Coryphantha pallida","Oaxaca",-97.187972,17.576194,"Sierra Madre del Sur province","Coryphantha","Mexico"
3308713280,"Coryphantha pallida","Oaxaca",-97.05275,17.58317,"Sierra Madre del Sur province","Coryphantha","Mexico"
4034768518,"Coryphantha pallida","Oaxaca",-97.343561,17.602205,"Sierra Madre del Sur province","Coryphantha","Mexico"
4424692973,"Coryphantha pallida","Oaxaca",-96.925194,17.609336,"Balsas Basin province","Coryphantha","Mexico"
2005266762,"Coryphantha pallida","Oaxaca",-96.924249,17.609399,"Balsas Basin province","Coryphantha","Mexico"
2868362500,"Coryphantha pallida","Oaxaca",-96.903676,17.611329,"Balsas Basin province","Coryphantha","Mexico"
3963712338,"Coryphantha pallida","Oaxaca",-96.911049,17.644899,"Balsas Basin province","Coryphantha","Mexico"
1453364777,"Coryphantha pallida","Oaxaca",-96.937909,17.658761,"Balsas Basin province","Coryphantha","Mexico"
3455968861,"Coryphantha pallida","Oaxaca",-97.25885,17.664607,"Sierra Madre del Sur province","Coryphantha","Mexico"
1897601918,"Coryphantha pallida","Oaxaca",-97.532528,17.66875,"Sierra Madre del Sur province","Coryphantha","Mexico"
1898846492,"Coryphantha pallida","Oaxaca",-97.928009,17.668938,"Sierra Madre del Sur province","Coryphantha","Mexico"
3308466443,"Coryphantha pallida","Oaxaca",-97.43075,17.67267,"Sierra Madre del Sur province","Coryphantha","Mexico"
3985728499,"Coryphantha pallida","Oaxaca",-97.553781,17.677348,"Sierra Madre del Sur province","Coryphantha","Mexico"
3308656600,"Coryphantha pallida","Oaxaca",-96.95639,17.68306,"Balsas Basin province","Coryphantha","Mexico"
1990633117,"Coryphantha pallida","Oaxaca",-96.958912,17.683569,"Balsas Basin province","Coryphantha","Mexico"
1897601882,"Coryphantha pallida","Oaxaca",-97.4355,17.684972,"Sierra Madre del Sur province","Coryphantha","Mexico"
3881701333,"Coryphantha pallida","Oaxaca",-96.957254,17.688544,"Balsas Basin province","Coryphantha","Mexico"
1897601864,"Coryphantha pallida","Oaxaca",-97.407055,17.691917,"Sierra Madre del Sur province","Coryphantha","Mexico"
3070501380,"Coryphantha pallida","Oaxaca",-96.931702,17.695768,"Balsas Basin province","Coryphantha","Mexico"
2980989516,"Coryphantha pallida","Oaxaca",-97.245742,17.702177,"Sierra Madre del Sur province","Coryphantha","Mexico"
1291146796,"Coryphantha pallida","Oaxaca",-97.582377,17.703575,"Sierra Madre del Sur province","Coryphantha","Mexico"
3881456273,"Coryphantha pallida","Oaxaca",-97.259231,17.705408,"Sierra Madre del Sur province","Coryphantha","Mexico"
3308009150,"Coryphantha pallida","Oaxaca",-96.95572,17.70567,"Balsas Basin province","Coryphantha","Mexico"
219010926,"Coryphantha pallida","Oaxaca",-97.383333,17.716667,"Sierra Madre del Sur province","Coryphantha","Mexico"
3308509504,"Coryphantha pallida","Oaxaca",-97.391667,17.725,"Sierra Madre del Sur province","Coryphantha","Mexico"
3314344435,"Coryphantha pallida","Oaxaca",-96.98797,17.735455,"Balsas Basin province","Coryphantha","Mexico"
3308061238,"Coryphantha pallida","Oaxaca",-97.52694,17.73972,"Sierra Madre del Sur province","Coryphantha","Mexico"
3118212383,"Coryphantha pallida","Oaxaca",-97.295507,17.743196,"Sierra Madre del Sur province","Coryphantha","Mexico"
1894564750,"Coryphantha pallida","Oaxaca",-96.983889,17.746111,"Balsas Basin province","Coryphantha","Mexico"
1894564642,"Coryphantha pallida","Oaxaca",-96.9775,17.746667,"Balsas Basin province","Coryphantha","Mexico"
1914192809,"Coryphantha pallida","Oaxaca",-96.962854,17.758424,"Balsas Basin province","Coryphantha","Mexico"
3881506050,"Coryphantha pallida","Oaxaca",-97.399927,17.762446,"Sierra Madre del Sur province","Coryphantha","Mexico"
1894564688,"Coryphantha pallida","Oaxaca",-97.270306,17.764722,"Sierra Madre del Sur province","Coryphantha","Mexico"
2596383182,"Coryphantha pallida","Oaxaca",-97.094752,17.780115,"Balsas Basin province","Coryphantha","Mexico"
3881608019,"Coryphantha pallida","Oaxaca",-97.292554,17.780446,"Sierra Madre del Sur province","Coryphantha","Mexico"
1894564752,"Coryphantha pallida","Oaxaca",-97.055278,17.785,"Sierra Madre del Sur province","Coryphantha","Mexico"
1897567244,"Coryphantha pallida","Oaxaca",-97.029444,17.795556,"Balsas Basin province","Coryphantha","Mexico"
1894564737,"Coryphantha pallida","Oaxaca",-97.040278,17.796111,"Balsas Basin province","Coryphantha","Mexico"
1897601064,"Coryphantha pallida","Oaxaca",-97.138694,17.802083,"Sierra Madre del Sur province","Coryphantha","Mexico"
2273279266,"Coryphantha pallida","Oaxaca",-96.976819,17.803182,"Balsas Basin province","Coryphantha","Mexico"
3455963251,"Coryphantha pallida","Oaxaca",-97.303,17.804,"Sierra Madre del Sur province","Coryphantha","Mexico"
3308091369,"Coryphantha pallida","Oaxaca",-97.49286,17.80439,"Sierra Madre del Sur province","Coryphantha","Mexico"
2859965171,"Coryphantha pallida","Oaxaca",-97.457553,17.80722,"Sierra Madre del Sur province","Coryphantha","Mexico"
1894564702,"Coryphantha pallida","Oaxaca",-96.991111,17.808333,"Balsas Basin province","Coryphantha","Mexico"
1894564657,"Coryphantha pallida","Oaxaca",-96.989444,17.809444,"Balsas Basin province","Coryphantha","Mexico"
1897601008,"Coryphantha pallida","Oaxaca",-97.01469,17.81163,"Balsas Basin province","Coryphantha","Mexico"
4413854935,"Coryphantha pallida","Oaxaca",-97.000961,17.813289,"Balsas Basin province","Coryphantha","Mexico"
1640041405,"Coryphantha pallida","Oaxaca",-96.996467,17.815436,"Balsas Basin province","Coryphantha","Mexico"
3308509505,"Coryphantha pallida","Oaxaca",-97.48333,17.81667,"Sierra Madre del Sur province","Coryphantha","Mexico"
3113460725,"Coryphantha pallida","Oaxaca",-97.340432,17.822431,"Sierra Madre del Sur province","Coryphantha","Mexico"
3307794488,"Coryphantha pallida","Oaxaca",-96.941028,17.832389,"Sierra Madre del Sur province","Coryphantha","Mexico"
3308117061,"Coryphantha pallida","Oaxaca",-97.49528,17.83333,"Sierra Madre del Sur province","Coryphantha","Mexico"
1897601027,"Coryphantha pallida","Oaxaca",-97.022805,17.835886,"Balsas Basin province","Coryphantha","Mexico"
1894566706,"Coryphantha pallida","Oaxaca",-97.231389,17.838333,"Sierra Madre del Sur province","Coryphantha","Mexico"
3415856481,"Coryphantha pallida","Oaxaca",-97.018293,17.848501,"Balsas Basin province","Coryphantha","Mexico"
1897601869,"Coryphantha pallida","Oaxaca",-97.234361,17.849861,"Sierra Madre del Sur province","Coryphantha","Mexico"
1894564654,"Coryphantha pallida","Oaxaca",-97.023056,17.850556,"Balsas Basin province","Coryphantha","Mexico"
1990612500,"Coryphantha pallida","Oaxaca",-97.357721,17.853698,"Sierra Madre del Sur province","Coryphantha","Mexico"
3881387301,"Coryphantha pallida","Oaxaca",-97.264154,17.856084,"Sierra Madre del Sur province","Coryphantha","Mexico"
4080938116,"Coryphantha pallida","Oaxaca",-97.065398,17.856271,"Balsas Basin province","Coryphantha","Mexico"
3772691207,"Coryphantha pallida","Oaxaca",-97.043633,17.861384,"Balsas Basin province","Coryphantha","Mexico"
2862677390,"Coryphantha pallida","Oaxaca",-97.038047,17.862087,"Balsas Basin province","Coryphantha","Mexico"
3773464227,"Coryphantha pallida","Oaxaca",-97.03256,17.865236,"Balsas Basin province","Coryphantha","Mexico"
3902268959,"Coryphantha pallida","Oaxaca",-97.037047,17.867225,"Balsas Basin province","Coryphantha","Mexico"
1920793589,"Coryphantha pallida","Oaxaca",-97.026322,17.868599,"Balsas Basin province","Coryphantha","Mexico"
2596127677,"Coryphantha pallida","Oaxaca",-97.023507,17.868803,"Balsas Basin province","Coryphantha","Mexico"
4507830303,"Coryphantha pallida","Oaxaca",-97.353651,17.873157,"Sierra Madre del Sur province","Coryphantha","Mexico"
1914251300,"Coryphantha pallida","Oaxaca",-97.263336,17.8876,"Sierra Madre del Sur province","Coryphantha","Mexico"
2239056314,"Coryphantha pallida","Oaxaca",-96.982434,17.893419,"Balsas Basin province","Coryphantha","Mexico"
1914251162,"Coryphantha pallida","Oaxaca",-96.966619,17.902269,"Balsas Basin province","Coryphantha","Mexico"
2013689367,"Coryphantha pallida","Oaxaca",-97.352555,17.902603,"Sierra Madre del Sur province","Coryphantha","Mexico"
1914195746,"Coryphantha pallida","Oaxaca",-96.970153,17.904733,"Balsas Basin province","Coryphantha","Mexico"
2237523424,"Coryphantha pallida","Oaxaca",-97.468704,17.904863,"Sierra Madre del Sur province","Coryphantha","Mexico"
1586926106,"Coryphantha pallida","Oaxaca",-97.453279,17.91443,"Sierra Madre del Sur province","Coryphantha","Mexico"
891025805,"Coryphantha pallida","Oaxaca",-97.418282,17.917166,"Sierra Madre del Sur province","Coryphantha","Mexico"
4522655000,"Coryphantha pallida","Oaxaca",-97.009911,17.938669,"Balsas Basin province","Coryphantha","Mexico"
2239057612,"Coryphantha pallida","Oaxaca",-97.36877,17.942429,"Sierra Madre del Sur province","Coryphantha","Mexico"
1668903295,"Coryphantha pallida","Oaxaca",-97.014603,17.979898,"Balsas Basin province","Coryphantha","Mexico"
2984413794,"Coryphantha pallida","Oaxaca",-97.470403,18.004478,"Sierra Madre del Sur province","Coryphantha","Mexico"
1894564696,"Coryphantha pallida","Oaxaca",-97.052222,18.007778,"Balsas Basin province","Coryphantha","Mexico"
3859955395,"Coryphantha pallida","Oaxaca",-97.653069,18.009418,"Balsas Basin province","Coryphantha","Mexico"
3859371403,"Coryphantha pallida","Oaxaca",-97.683144,18.027174,"Balsas Basin province","Coryphantha","Mexico"
1894563043,"Coryphantha pallida","Oaxaca",-97.024667,18.028833,"Balsas Basin province","Coryphantha","Mexico"
1291082980,"Coryphantha pallida","Oaxaca",-97.116158,18.048411,"Balsas Basin province","Coryphantha","Mexico"
1897600975,"Coryphantha pallida","Oaxaca",-97.04788,18.05105,"Balsas Basin province","Coryphantha","Mexico"
1894564728,"Coryphantha pallida","Oaxaca",-97.080556,18.072222,"Balsas Basin province","Coryphantha","Mexico"
3307893626,"Coryphantha pallida","Oaxaca",-97.167,18.083,"Balsas Basin province","Coryphantha","Mexico"
2574208771,"Coryphantha pallida","Oaxaca",-97.016616,18.090218,"Sierra Madre del Sur province","Coryphantha","Mexico"
1894564723,"Coryphantha pallida","Oaxaca",-97.623889,18.103333,"Balsas Basin province","Coryphantha","Mexico"
4431273569,"Coryphantha pallida","Oaxaca",-97.163558,18.124172,"Balsas Basin province","Coryphantha","Mexico"
1897601004,"Coryphantha pallida","Oaxaca",-97.058888,18.129999,"Balsas Basin province","Coryphantha","Mexico"
4430888631,"Coryphantha pallida","Oaxaca",-97.166497,18.167147,"Balsas Basin province","Coryphantha","Mexico"
4102607793,"Coryphantha retusa","Oaxaca",-96.586652,16.186773,"Sierra Madre del Sur province","Coryphantha","Mexico"
3858428974,"Coryphantha retusa","Oaxaca",-96.729281,16.208367,"Sierra Madre del Sur province","Coryphantha","Mexico"
3031791466,"Coryphantha retusa","Oaxaca",-96.473454,16.20954,"Sierra Madre del Sur province","Coryphantha","Mexico"
3985627510,"Coryphantha retusa","Oaxaca",-96.689381,16.21969,"Sierra Madre del Sur province","Coryphantha","Mexico"
3355113773,"Coryphantha retusa","Oaxaca",-96.779069,16.226694,"Sierra Madre del Sur province","Coryphantha","Mexico"
3067980304,"Coryphantha retusa","Oaxaca",-96.762657,16.236555,"Sierra Madre del Sur province","Coryphantha","Mexico"
4075696030,"Coryphantha retusa","Oaxaca",-96.713027,16.244274,"Sierra Madre del Sur province","Coryphantha","Mexico"
4075659959,"Coryphantha retusa","Oaxaca",-96.765612,16.248773,"Sierra Madre del Sur province","Coryphantha","Mexico"
3860679394,"Coryphantha retusa","Oaxaca",-96.678957,16.254835,"Sierra Madre del Sur province","Coryphantha","Mexico"
3872874689,"Coryphantha retusa","Oaxaca",-96.634426,16.262185,"Sierra Madre del Sur province","Coryphantha","Mexico"
3881817558,"Coryphantha retusa","Oaxaca",-96.600389,16.264666,"Sierra Madre del Sur province","Coryphantha","Mexico"
4067685509,"Coryphantha retusa","Oaxaca",-96.75059,16.274029,"Sierra Madre del Sur province","Coryphantha","Mexico"
4067463513,"Coryphantha retusa","Oaxaca",-96.750986,16.280339,"Sierra Madre del Sur province","Coryphantha","Mexico"
3881825608,"Coryphantha retusa","Oaxaca",-96.668955,16.296019,"Sierra Madre del Sur province","Coryphantha","Mexico"
3988432460,"Coryphantha retusa","Oaxaca",-96.68197,16.296925,"Sierra Madre del Sur province","Coryphantha","Mexico"
4075663017,"Coryphantha retusa","Oaxaca",-96.705809,16.302235,"Sierra Madre del Sur province","Coryphantha","Mexico"
4039174602,"Coryphantha retusa","Oaxaca",-96.784673,16.304107,"Sierra Madre del Sur province","Coryphantha","Mexico"
3985771655,"Coryphantha retusa","Oaxaca",-96.674658,16.304718,"Sierra Madre del Sur province","Coryphantha","Mexico"
3407945015,"Coryphantha retusa","Oaxaca",-96.763569,16.343695,"Sierra Madre del Sur province","Coryphantha","Mexico"
4075926858,"Coryphantha retusa","Oaxaca",-96.747113,16.343882,"Sierra Madre del Sur province","Coryphantha","Mexico"
3858592932,"Coryphantha retusa","Oaxaca",-96.669294,16.345911,"Balsas Basin province","Coryphantha","Mexico"
3859843398,"Coryphantha retusa","Oaxaca",-96.696139,16.348196,"Sierra Madre del Sur province","Coryphantha","Mexico"
3860401945,"Coryphantha retusa","Oaxaca",-96.734461,16.348572,"Balsas Basin province","Coryphantha","Mexico"
1897600331,"Coryphantha retusa","Oaxaca",-96.52955,16.35797,"Balsas Basin province","Coryphantha","Mexico"
3985664664,"Coryphantha retusa","Oaxaca",-96.644094,16.36533,"Balsas Basin province","Coryphantha","Mexico"
3986021691,"Coryphantha retusa","Oaxaca",-96.730836,16.366378,"Balsas Basin province","Coryphantha","Mexico"
3415944077,"Coryphantha retusa","Oaxaca",-96.793307,16.385185,"Sierra Madre del Sur province","Coryphantha","Mexico"
3988568470,"Coryphantha retusa","Oaxaca",-96.774484,16.388843,"Sierra Madre del Sur province","Coryphantha","Mexico"
4075783734,"Coryphantha retusa","Oaxaca",-96.671,16.390363,"Balsas Basin province","Coryphantha","Mexico"
4075699988,"Coryphantha retusa","Oaxaca",-96.676417,16.39522,"Balsas Basin province","Coryphantha","Mexico"
4067514553,"Coryphantha retusa","Oaxaca",-96.798903,16.398957,"Sierra Madre del Sur province","Coryphantha","Mexico"
2898503030,"Coryphantha retusa","Oaxaca",-96.395811,16.404557,"Pacific Lowlands province","Coryphantha","Mexico"
2898263049,"Coryphantha retusa","Oaxaca",-96.387367,16.420578,"Sierra Madre del Sur province","Coryphantha","Mexico"
2239057189,"Coryphantha retusa","Oaxaca",-96.668726,16.473221,"Balsas Basin province","Coryphantha","Mexico"
4130252510,"Coryphantha retusa","Oaxaca",-95.564298,16.481942,"Pacific Lowlands province","Coryphantha","Mexico"
4519153503,"Coryphantha retusa","Oaxaca",-96.442042,16.584968,"Balsas Basin province","Coryphantha","Mexico"
2898317543,"Coryphantha retusa","Oaxaca",-96.922822,16.728566,"Sierra Madre del Sur province","Coryphantha","Mexico"
3109144505,"Coryphantha retusa","Oaxaca",-96.582395,16.806049,"Balsas Basin province","Coryphantha","Mexico"
2397708806,"Coryphantha retusa","Oaxaca",-96.258311,16.836327,"Sierra Madre del Sur province","Coryphantha","Mexico"
1897600315,"Coryphantha retusa","Oaxaca",-96.36525,16.83638,"Sierra Madre del Sur province","Coryphantha","Mexico"
3468702125,"Coryphantha retusa","Oaxaca",-96.328638,16.839375,"Sierra Madre del Sur province","Coryphantha","Mexico"
4111800418,"Coryphantha retusa","Oaxaca",-96.311414,16.840153,"Sierra Madre del Sur province","Coryphantha","Mexico"
3892583840,"Coryphantha retusa","Oaxaca",-96.277268,16.864492,"Sierra Madre del Sur province","Coryphantha","Mexico"
2999076107,"Coryphantha retusa","Oaxaca",-96.593995,16.882629,"Balsas Basin province","Coryphantha","Mexico"
4405086173,"Coryphantha retusa","Oaxaca",-96.413092,16.892427,"Balsas Basin province","Coryphantha","Mexico"
1931517056,"Coryphantha retusa","Oaxaca",-96.596576,16.899499,"Balsas Basin province","Coryphantha","Mexico"
1897600337,"Coryphantha retusa","Oaxaca",-96.331555,16.922417,"Balsas Basin province","Coryphantha","Mexico"
3308090463,"Coryphantha retusa","Oaxaca",-96.39914,16.93433,"Sierra Madre del Sur province","Coryphantha","Mexico"
3308109710,"Coryphantha retusa","Oaxaca",-96.40061,16.93942,"Sierra Madre del Sur province","Coryphantha","Mexico"
1897600359,"Coryphantha retusa","Oaxaca",-96.44144,16.99644,"Balsas Basin province","Coryphantha","Mexico"
1897600321,"Coryphantha retusa","Oaxaca",-96.516889,17.041194,"Balsas Basin province","Coryphantha","Mexico"
4465657744,"Coryphantha retusa","Oaxaca",-96.95657,17.192402,"Sierra Madre del Sur province","Coryphantha","Mexico"
4129815042,"Coryphantha retusa","Oaxaca",-96.976846,17.374084,"Sierra Madre del Sur province","Coryphantha","Mexico"
4171651154,"Coryphantha retusa","Oaxaca",-97.457032,17.43368,"Sierra Madre del Sur province","Coryphantha","Mexico"
3308517990,"Coryphantha retusa","Oaxaca",-97.221056,17.47375,"Sierra Madre del Sur province","Coryphantha","Mexico"
2465154952,"Coryphantha retusa","Oaxaca",-97.861972,17.633357,"Balsas Basin province","Coryphantha","Mexico"
4062939864,"Coryphantha retusa","Oaxaca",-97.821575,17.634339,"Balsas Basin province","Coryphantha","Mexico"
2981009578,"Coryphantha retusa","Oaxaca",-97.631421,17.679703,"Sierra Madre del Sur province","Coryphantha","Mexico"
1898846743,"Coryphantha retusa","Oaxaca",-97.838108,17.686627,"Balsas Basin province","Coryphantha","Mexico"
3067717397,"Coryphantha retusa","Oaxaca",-97.774907,17.704439,"Balsas Basin province","Coryphantha","Mexico"
1897600334,"Coryphantha retusa","Oaxaca",-97.646472,17.709694,"Sierra Madre del Sur province","Coryphantha","Mexico"
3915431162,"Coryphantha retusa","Oaxaca",-97.497462,17.726874,"Sierra Madre del Sur province","Coryphantha","Mexico"
1668840376,"Coryphantha retusa","Oaxaca",-97.637199,17.75247,"Sierra Madre del Sur province","Coryphantha","Mexico"
2429261893,"Coryphantha retusa","Oaxaca",-97.204134,17.757392,"Sierra Madre del Sur province","Coryphantha","Mexico"
1898846747,"Coryphantha retusa","Oaxaca",-97.936522,17.787316,"Balsas Basin province","Coryphantha","Mexico"
3335341139,"Coryphantha retusa","Oaxaca",-97.757694,17.80997,"Balsas Basin province","Coryphantha","Mexico"
219010927,"Coryphantha retusa","Oaxaca",-97.483333,17.816667,"Sierra Madre del Sur province","Coryphantha","Mexico"
1897600324,"Coryphantha retusa","Oaxaca",-97.79655,17.82216,"Balsas Basin province","Coryphantha","Mexico"
3343868560,"Coryphantha retusa","Oaxaca",-97.270286,17.842921,"Sierra Madre del Sur province","Coryphantha","Mexico"
1897600310,"Coryphantha retusa","Oaxaca",-97.797944,17.852417,"Balsas Basin province","Coryphantha","Mexico"
2429521935,"Coryphantha retusa","Oaxaca",-97.451119,17.865837,"Sierra Madre del Sur province","Coryphantha","Mexico"
3468949060,"Coryphantha retusa","Oaxaca",-97.523096,17.887979,"Sierra Madre del Sur province","Coryphantha","Mexico"
2802748530,"Coryphantha retusa","Oaxaca",-97.606674,17.899794,"Sierra Madre del Sur province","Coryphantha","Mexico"
2850698567,"Coryphantha retusa","Oaxaca",-98.012046,17.906906,"Balsas Basin province","Coryphantha","Mexico"
3985657513,"Coryphantha retusa","Oaxaca",-97.660942,17.911767,"Sierra Madre del Sur province","Coryphantha","Mexico"
1898846445,"Coryphantha retusa","Oaxaca",-98.16772,17.936586,"Balsas Basin province","Coryphantha","Mexico"
1891290118,"Coryphantha retusa","Oaxaca",-97.563416,17.942117,"Sierra Madre del Sur province","Coryphantha","Mexico"
1890676771,"Coryphantha retusa","Oaxaca",-97.446491,17.942188,"Sierra Madre del Sur province","Coryphantha","Mexico"
2239057001,"Coryphantha retusa","Oaxaca",-97.634523,17.947183,"Sierra Madre del Sur province","Coryphantha","Mexico"
2574087955,"Coryphantha retusa","Oaxaca",-97.399666,17.988563,"Sierra Madre del Sur province","Coryphantha","Mexico"
2239057763,"Coryphantha retusa","Oaxaca",-97.257065,18.008094,"Sierra Madre del Sur province","Coryphantha","Mexico"
4054738560,"Coryphantha retusa","Oaxaca",-97.650602,18.023779,"Balsas Basin province","Coryphantha","Mexico"
1897600303,"Coryphantha retusa","Oaxaca",-97.692833,18.05925,"Balsas Basin province","Coryphantha","Mexico"
3858237406,"Coryphantha retusa","Oaxaca",-97.728674,18.078117,"Balsas Basin province","Coryphantha","Mexico"
3858271415,"Coryphantha retusa","Oaxaca",-97.623198,18.096336,"Balsas Basin province","Coryphantha","Mexico"
4507845589,"Coryphantha retusa","Oaxaca",-97.796463,18.106955,"Balsas Basin province","Coryphantha","Mexico"
3385221664,"Coryphantha retusa","Oaxaca",-97.645804,18.143345,"Balsas Basin province","Coryphantha","Mexico"
1897600327,"Coryphantha retusa","Oaxaca",-97.6625,18.203083,"Balsas Basin province","Coryphantha","Mexico"
1897600291,"Coryphantha retusa","Oaxaca",-97.658611,18.20875,"Balsas Basin province","Coryphantha","Mexico"
1895233032,"Disocactus ackermannii","Oaxaca",-95.528055,16.684167,"Pacific Lowlands province","Disocactus","Mexico"
3058897917,"Disocactus ackermannii","Oaxaca",-97.620699,17.046725,"Sierra Madre del Sur province","Disocactus","Mexico"
3308378914,"Disocactus ackermannii","Oaxaca",-96.083,17.233,"Sierra Madre del Sur province","Disocactus","Mexico"
1893731821,"Disocactus ackermannii","Oaxaca",-96.553333,17.533333,"Sierra Madre del Sur province","Disocactus","Mexico"
3308081915,"Disocactus ackermannii","Oaxaca",-96.38444,17.53917,"Sierra Madre del Sur province","Disocactus","Mexico"
1896093862,"Disocactus ackermannii","Oaxaca",-96.947222,17.592778,"Balsas Basin province","Disocactus","Mexico"
3308758302,"Disocactus ackermannii","Oaxaca",-96.5438,17.61517,"Sierra Madre del Sur province","Disocactus","Mexico"
3308130390,"Disocactus ackermannii","Oaxaca",-96.5389,17.63267,"Sierra Madre del Sur province","Disocactus","Mexico"
3308713466,"Disocactus ackermannii","Oaxaca",-96.55667,17.665,"Sierra Madre del Sur province","Disocactus","Mexico"
1260437636,"Disocactus ackermannii","Oaxaca",-96.55277,17.66944,"Sierra Madre del Sur province","Disocactus","Mexico"
3308578436,"Disocactus ackermannii","Oaxaca",-96.67639,17.73944,"Sierra Madre del Sur province","Disocactus","Mexico"
3308736593,"Disocactus ackermannii","Oaxaca",-96.67361,17.74028,"Sierra Madre del Sur province","Disocactus","Mexico"
3308686262,"Disocactus ackermannii","Oaxaca",-96.92778,17.90833,"Sierra Madre del Sur province","Disocactus","Mexico"
3308621627,"Disocactus ackermannii","Oaxaca",-96.9252,17.91097,"Sierra Madre del Sur province","Disocactus","Mexico"
1897488833,"Disocactus ackermannii","Oaxaca",-96.799522,17.925444,"Sierra Madre del Sur province","Disocactus","Mexico"
1894560201,"Disocactus ackermannii","Oaxaca",-96.952833,17.993167,"Sierra Madre del Sur province","Disocactus","Mexico"
3308165755,"Disocactus ackermannii","Oaxaca",-96.7548,18.06578,"Sierra Madre del Sur province","Disocactus","Mexico"
1897488797,"Disocactus ackermannii","Oaxaca",-96.935333,18.121611,"Sierra Madre del Sur province","Disocactus","Mexico"
4168480260,"Disocactus ackermannii","Oaxaca",-96.958333,18.141667,"Sierra Madre del Sur province","Disocactus","Mexico"
3308255854,"Disocactus ackermannii","Oaxaca",-96.998049,18.1656841,"Sierra Madre del Sur province","Disocactus","Mexico"
4465598593,"Disocactus speciosus","Oaxaca",-96.374366,15.900916,"Sierra Madre del Sur province","Disocactus","No"
4465639614,"Disocactus speciosus","Oaxaca",-96.375023,15.901246,"Sierra Madre del Sur province","Disocactus","No"
3308060010,"Disocactus speciosus","Oaxaca",-96.12469,16.00864,"Sierra Madre del Sur province","Disocactus","No"
3308100207,"Disocactus speciosus","Oaxaca",-96.11289,16.01386,"Sierra Madre del Sur province","Disocactus","No"
3308128762,"Disocactus speciosus","Oaxaca",-96.5058,16.06139,"Sierra Madre del Sur province","Disocactus","No"
1897571441,"Disocactus speciosus","Oaxaca",-96.511694,16.069806,"Sierra Madre del Sur province","Disocactus","No"
2850575489,"Disocactus speciosus","Oaxaca",-96.47802,16.0852,"Sierra Madre del Sur province","Disocactus","No"
4465589726,"Disocactus speciosus","Oaxaca",-96.487783,16.091922,"Sierra Madre del Sur province","Disocactus","No"
3308750389,"Disocactus speciosus","Oaxaca",-96.23806,16.1345,"Sierra Madre del Sur province","Disocactus","No"
3961021690,"Disocactus speciosus","Oaxaca",-96.440201,16.1383,"Sierra Madre del Sur province","Disocactus","No"
4465604618,"Disocactus speciosus","Oaxaca",-96.500345,16.178687,"Sierra Madre del Sur province","Disocactus","No"
4465600588,"Disocactus speciosus","Oaxaca",-96.515358,16.186245,"Sierra Madre del Sur province","Disocactus","No"
4465536058,"Disocactus speciosus","Oaxaca",-96.505806,16.197107,"Sierra Madre del Sur province","Disocactus","No"
4465399152,"Disocactus speciosus","Oaxaca",-96.675666,16.24845,"Sierra Madre del Sur province","Disocactus","No"
4465379888,"Disocactus speciosus","Oaxaca",-96.65715,16.253721,"Sierra Madre del Sur province","Disocactus","No"
4465587869,"Disocactus speciosus","Oaxaca",-96.659042,16.254196,"Sierra Madre del Sur province","Disocactus","No"
3337975328,"Disocactus speciosus","Oaxaca",-96.657033,16.2715,"Sierra Madre del Sur province","Disocactus","No"
1419191940,"Disocactus speciosus","Oaxaca",-95.591667,16.275,"Pacific Lowlands province","Disocactus","No"
4465396857,"Disocactus speciosus","Oaxaca",-96.684761,16.279995,"Sierra Madre del Sur province","Disocactus","No"
3308098164,"Disocactus speciosus","Oaxaca",-95.91561,16.29819,"Sierra Madre del Sur province","Disocactus","No"
2851018468,"Disocactus speciosus","Oaxaca",-97.066591,16.529858,"Sierra Madre del Sur province","Disocactus","No"
3308107882,"Disocactus speciosus","Oaxaca",-97.21733,16.70392,"Sierra Madre del Sur province","Disocactus","No"
1935633794,"Disocactus speciosus","Oaxaca",-97.138353,16.713644,"Sierra Madre del Sur province","Disocactus","No"
3308655926,"Disocactus speciosus","Oaxaca",-97.21936,16.72867,"Sierra Madre del Sur province","Disocactus","No"
3308129921,"Disocactus speciosus","Oaxaca",-97.62944,16.75556,"Sierra Madre del Sur province","Disocactus","No"
3308108987,"Disocactus speciosus","Oaxaca",-97.2976,16.78356,"Sierra Madre del Sur province","Disocactus","No"
3308077243,"Disocactus speciosus","Oaxaca",-97.31217,16.78475,"Sierra Madre del Sur province","Disocactus","No"
2898273053,"Disocactus speciosus","Oaxaca",-97.208515,16.819534,"Sierra Madre del Sur province","Disocactus","No"
2013752313,"Disocactus speciosus","Oaxaca",-97.580789,16.849748,"Sierra Madre del Sur province","Disocactus","No"
3308666423,"Disocactus speciosus","Oaxaca",-97.62353,16.91486,"Sierra Madre del Sur province","Disocactus","No"
3308152226,"Disocactus speciosus","Oaxaca",-97.78042,17.03347,"Sierra Madre del Sur province","Disocactus","No"
1981506645,"Disocactus speciosus","Oaxaca",-96.768621,17.069038,"Balsas Basin province","Disocactus","No"
1259556663,"Disocactus speciosus","Oaxaca",-98.046111,17.263611,"Sierra Madre del Sur province","Disocactus","No"
3308642302,"Disocactus speciosus","Oaxaca",-97.497694,17.832806,"Sierra Madre del Sur province","Disocactus","No"
4096872862,"Echinocactus platyacanthus","Oaxaca",-96.39259,16.813726,"Balsas Basin province","Echinocactus","Mexico"
1944409984,"Echinocactus platyacanthus","Oaxaca",-96.355803,16.905252,"Balsas Basin province","Echinocactus","Mexico"
4022277208,"Echinocactus platyacanthus","Oaxaca",-96.355264,16.9484,"Sierra Madre del Sur province","Echinocactus","Mexico"
3712732729,"Echinocactus platyacanthus","Oaxaca",-96.350874,16.971713,"Sierra Madre del Sur province","Echinocactus","Mexico"
4067603559,"Echinocactus platyacanthus","Oaxaca",-96.375434,16.976659,"Sierra Madre del Sur province","Echinocactus","Mexico"
3903378897,"Echinocactus platyacanthus","Oaxaca",-96.676595,17.092677,"Balsas Basin province","Echinocactus","Mexico"
1453513676,"Echinocactus platyacanthus","Oaxaca",-96.794554,17.098586,"Balsas Basin province","Echinocactus","Mexico"
3079593912,"Echinocactus platyacanthus","Oaxaca",-96.713138,17.12146,"Sierra Madre del Sur province","Echinocactus","Mexico"
1944384081,"Echinocactus platyacanthus","Oaxaca",-96.644152,17.195402,"Sierra Madre del Sur province","Echinocactus","Mexico"
4500817053,"Echinocactus platyacanthus","Oaxaca",-97.20622,17.753643,"Sierra Madre del Sur province","Echinocactus","Mexico"
891775337,"Echinocactus platyacanthus","Oaxaca",-96.943362,17.79516,"Balsas Basin province","Echinocactus","Mexico"
3416184647,"Echinocactus platyacanthus","Oaxaca",-96.848498,17.924003,"Sierra Madre del Sur province","Echinocactus","Mexico"
2984371811,"Echinocactus platyacanthus","Oaxaca",-97.404272,17.925257,"Sierra Madre del Sur province","Echinocactus","Mexico"
3456914075,"Echinocactus platyacanthus","Oaxaca",-97.65943,18.001363,"Balsas Basin province","Echinocactus","Mexico"
1890727390,"Echinocactus platyacanthus","Oaxaca",-97.265518,18.00435,"Sierra Madre del Sur province","Echinocactus","Mexico"
3090956589,"Echinocactus platyacanthus","Oaxaca",-97.666203,18.010948,"Balsas Basin province","Echinocactus","Mexico"
911500234,"Echinocactus platyacanthus","Oaxaca",-97.229687,18.014696,"Balsas Basin province","Echinocactus","Mexico"
3947076231,"Echinocactus platyacanthus","Oaxaca",-97.683953,18.030295,"Balsas Basin province","Echinocactus","Mexico"
3456770255,"Echinocactus platyacanthus","Oaxaca",-97.741841,18.059716,"Balsas Basin province","Echinocactus","Mexico"
3355130692,"Echinocactus platyacanthus","Oaxaca",-97.654546,18.063092,"Balsas Basin province","Echinocactus","Mexico"
4506366750,"Echinocactus platyacanthus","Oaxaca",-97.262042,18.090382,"Balsas Basin province","Echinocactus","Mexico"
3384456905,"Echinocactus platyacanthus","Oaxaca",-97.640102,18.102923,"Balsas Basin province","Echinocactus","Mexico"
1894571306,"Echinocactus platyacanthus","Oaxaca",-97.338889,18.116111,"Sierra Madre del Sur province","Echinocactus","Mexico"
3307239135,"Echinocactus platyacanthus","Oaxaca",-97.638596,18.11974,"Balsas Basin province","Echinocactus","Mexico"
3307363885,"Echinocactus platyacanthus","Oaxaca",-97.707223,18.191151,"Balsas Basin province","Echinocactus","Mexico"
1894571202,"Echinocactus platyacanthus","Oaxaca",-97.663889,18.202778,"Balsas Basin province","Echinocactus","Mexico"
3308098834,"Echinocactus platyacanthus","Oaxaca",-97.65517,18.20525,"Balsas Basin province","Echinocactus","Mexico"
3307815682,"Echinocactus platyacanthus","Oaxaca",-97.652433,18.211533,"Balsas Basin province","Echinocactus","Mexico"
1895548070,"Echinocactus platyacanthus","Oaxaca",-97.658333,18.225,"Balsas Basin province","Echinocactus","Mexico"
1895548024,"Echinocactus platyacanthus","Oaxaca",-97.675,18.258333,"Balsas Basin province","Echinocactus","Mexico"
3308521251,"Epiphyllum hookeri","Oaxaca",-94.98528,16.65389,"Pacific Lowlands province","Epiphyllum","No"
1257756926,"Epiphyllum hookeri","Oaxaca",-95.007222,16.664722,"Pacific Lowlands province","Epiphyllum","No"
1897569105,"Epiphyllum hookeri","Oaxaca",-94.978889,16.742972,"Pacific Lowlands province","Epiphyllum","No"
2864814344,"Epiphyllum hookeri","Oaxaca",-95.599609,17.296775,"Veracruzan province","Epiphyllum","No"
2012875885,"Epiphyllum hookeri","Oaxaca",-95.683333,17.333333,"Veracruzan province","Epiphyllum","No"
2331838373,"Epiphyllum hookeri","Oaxaca",-96.250839,17.466136,"Sierra Madre del Sur province","Epiphyllum","No"
1257718090,"Epiphyllum hookeri","Oaxaca",-96.279444,17.523056,"Sierra Madre del Sur province","Epiphyllum","No"
1893410222,"Epiphyllum hookeri","Oaxaca",-96.5454664,17.5728339,"Sierra Madre del Sur province","Epiphyllum","No"
1913195981,"Epiphyllum hookeri","Oaxaca",-96.24817,17.720727,"Veracruzan province","Epiphyllum","No"
1932361067,"Epiphyllum hookeri","Oaxaca",-96.390266,17.729394,"Veracruzan province","Epiphyllum","No"
1572334726,"Epiphyllum hookeri","Oaxaca",-96.555067,17.761444,"Sierra Madre del Sur province","Epiphyllum","No"
3308054899,"Epiphyllum hookeri","Oaxaca",-96.63325,18.00019,"Sierra Madre del Sur province","Epiphyllum","No"
1895768781,"Escontria chiotilla","Oaxaca",-96.527778,16.313056,"Balsas Basin province","Escontria","Mexico"
1895768699,"Escontria chiotilla","Oaxaca",-94.596667,16.459444,"Pacific Lowlands province","Escontria","Mexico"
3343761701,"Escontria chiotilla","Oaxaca",-96.363183,16.567855,"Sierra Madre del Sur province","Escontria","Mexico"
2898385103,"Escontria chiotilla","Oaxaca",-96.363702,16.577624,"Sierra Madre del Sur province","Escontria","Mexico"
2898261057,"Escontria chiotilla","Oaxaca",-96.322775,16.584764,"Pacific Lowlands province","Escontria","Mexico"
2901721596,"Escontria chiotilla","Oaxaca",-96.364209,16.585192,"Sierra Madre del Sur province","Escontria","Mexico"
1258683211,"Escontria chiotilla","Oaxaca",-96.3375,16.591111,"Pacific Lowlands province","Escontria","Mexico"
4168601327,"Escontria chiotilla","Oaxaca",-96.356111,16.598889,"Sierra Madre del Sur province","Escontria","Mexico"
4500511208,"Escontria chiotilla","Oaxaca",-96.330566,16.602033,"Sierra Madre del Sur province","Escontria","Mexico"
1993767522,"Escontria chiotilla","Oaxaca",-96.273945,16.6666,"Sierra Madre del Sur province","Escontria","Mexico"
1893753316,"Escontria chiotilla","Oaxaca",-96.308333,16.673333,"Pacific Lowlands province","Escontria","Mexico"
3109407500,"Escontria chiotilla","Oaxaca",-96.317869,16.681801,"Sierra Madre del Sur province","Escontria","Mexico"
3118318502,"Escontria chiotilla","Oaxaca",-96.196632,16.729007,"Pacific Lowlands province","Escontria","Mexico"
1895768706,"Escontria chiotilla","Oaxaca",-96.415,16.916667,"Balsas Basin province","Escontria","Mexico"
1895768825,"Escontria chiotilla","Oaxaca",-96.075,17.058333,"Sierra Madre del Sur province","Escontria","Mexico"
1258683172,"Escontria chiotilla","Oaxaca",-96.521389,17.306389,"Balsas Basin province","Escontria","Mexico"
3308288967,"Escontria chiotilla","Oaxaca",-96.546944,17.313333,"Balsas Basin province","Escontria","Mexico"
3308475616,"Escontria chiotilla","Oaxaca",-96.83333,17.48333,"Balsas Basin province","Escontria","Mexico"
2813901598,"Escontria chiotilla","Oaxaca",-98.04266,17.551314,"Balsas Basin province","Escontria","Mexico"
4424410890,"Escontria chiotilla","Oaxaca",-96.92518,17.609335,"Balsas Basin province","Escontria","Mexico"
3308029873,"Escontria chiotilla","Oaxaca",-97.66408,17.6175,"Sierra Madre del Sur province","Escontria","Mexico"
2813931318,"Escontria chiotilla","Oaxaca",-96.912919,17.635536,"Balsas Basin province","Escontria","Mexico"
1935587015,"Escontria chiotilla","Oaxaca",-96.929389,17.651402,"Balsas Basin province","Escontria","Mexico"
1453365583,"Escontria chiotilla","Oaxaca",-96.939518,17.661729,"Balsas Basin province","Escontria","Mexico"
3307601336,"Escontria chiotilla","Oaxaca",-97.582361,17.680278,"Sierra Madre del Sur province","Escontria","Mexico"
1894565441,"Escontria chiotilla","Oaxaca",-96.934556,17.686278,"Balsas Basin province","Escontria","Mexico"
1897375846,"Escontria chiotilla","Oaxaca",-96.941111,17.710278,"Balsas Basin province","Escontria","Mexico"
4500818377,"Escontria chiotilla","Oaxaca",-96.92942,17.713748,"Balsas Basin province","Escontria","Mexico"
1894565576,"Escontria chiotilla","Oaxaca",-96.903167,17.721083,"Sierra Madre del Sur province","Escontria","Mexico"
3044609326,"Escontria chiotilla","Oaxaca",-96.969,17.723,"Balsas Basin province","Escontria","Mexico"
1894565535,"Escontria chiotilla","Oaxaca",-96.935111,17.728,"Balsas Basin province","Escontria","Mexico"
1895545237,"Escontria chiotilla","Oaxaca",-96.958333,17.741667,"Balsas Basin province","Escontria","Mexico"
3307977162,"Escontria chiotilla","Oaxaca",-97.740233,17.743417,"Balsas Basin province","Escontria","Mexico"
3307981525,"Escontria chiotilla","Oaxaca",-97.708611,17.747694,"Balsas Basin province","Escontria","Mexico"
3308574717,"Escontria chiotilla","Oaxaca",-96.93333,17.74917,"Balsas Basin province","Escontria","Mexico"
3124924696,"Escontria chiotilla","Oaxaca",-96.944691,17.771439,"Balsas Basin province","Escontria","Mexico"
3302441664,"Escontria chiotilla","Oaxaca",-96.946923,17.780103,"Balsas Basin province","Escontria","Mexico"
3070325232,"Escontria chiotilla","Oaxaca",-96.94376,17.789341,"Balsas Basin province","Escontria","Mexico"
1896090868,"Escontria chiotilla","Oaxaca",-96.991667,17.794722,"Balsas Basin province","Escontria","Mexico"
1897574715,"Escontria chiotilla","Oaxaca",-96.934443,17.797954,"Balsas Basin province","Escontria","Mexico"
2813920506,"Escontria chiotilla","Oaxaca",-96.890941,17.799036,"Sierra Madre del Sur province","Escontria","Mexico"
3307615670,"Escontria chiotilla","Oaxaca",-96.901333,17.811639,"Sierra Madre del Sur province","Escontria","Mexico"
1894242188,"Escontria chiotilla","Oaxaca",-97.108055,17.814722,"Balsas Basin province","Escontria","Mexico"
1896090856,"Escontria chiotilla","Oaxaca",-96.961111,17.815,"Balsas Basin province","Escontria","Mexico"
1894565667,"Escontria chiotilla","Oaxaca",-96.959917,17.824111,"Balsas Basin province","Escontria","Mexico"
1894565678,"Escontria chiotilla","Oaxaca",-96.966694,17.825333,"Balsas Basin province","Escontria","Mexico"
4417048424,"Escontria chiotilla","Oaxaca",-97.751177,17.827483,"Balsas Basin province","Escontria","Mexico"
1894565744,"Escontria chiotilla","Oaxaca",-96.982389,17.861583,"Balsas Basin province","Escontria","Mexico"
1453393679,"Escontria chiotilla","Oaxaca",-96.990352,17.8719,"Balsas Basin province","Escontria","Mexico"
1258926999,"Escontria chiotilla","Oaxaca",-97.707778,17.874445,"Balsas Basin province","Escontria","Mexico"
3306202535,"Escontria chiotilla","Oaxaca",-96.968333,17.902639,"Balsas Basin province","Escontria","Mexico"
1894565411,"Escontria chiotilla","Oaxaca",-97.009,17.923917,"Balsas Basin province","Escontria","Mexico"
4500474183,"Escontria chiotilla","Oaxaca",-97.974518,17.926326,"Balsas Basin province","Escontria","Mexico"
1895768607,"Escontria chiotilla","Oaxaca",-97.011667,17.943333,"Balsas Basin province","Escontria","Mexico"
4522647852,"Escontria chiotilla","Oaxaca",-97.035697,17.982481,"Balsas Basin province","Escontria","Mexico"
4522645974,"Escontria chiotilla","Oaxaca",-97.035989,17.984006,"Balsas Basin province","Escontria","Mexico"
1893406793,"Escontria chiotilla","Oaxaca",-97.708333,17.991667,"Balsas Basin province","Escontria","Mexico"
1894565563,"Escontria chiotilla","Oaxaca",-97.051944,18.010278,"Balsas Basin province","Escontria","Mexico"
3858242409,"Escontria chiotilla","Oaxaca",-97.64814,18.010803,"Balsas Basin province","Escontria","Mexico"
3859115409,"Escontria chiotilla","Oaxaca",-97.657043,18.01137,"Balsas Basin province","Escontria","Mexico"
3307792642,"Escontria chiotilla","Oaxaca",-97.052778,18.018639,"Balsas Basin province","Escontria","Mexico"
1894565603,"Escontria chiotilla","Oaxaca",-97.036861,18.026167,"Balsas Basin province","Escontria","Mexico"
1894565415,"Escontria chiotilla","Oaxaca",-97.073056,18.067222,"Balsas Basin province","Escontria","Mexico"
1894565473,"Escontria chiotilla","Oaxaca",-97.084167,18.075,"Balsas Basin province","Escontria","Mexico"
1894565754,"Escontria chiotilla","Oaxaca",-97.085833,18.076667,"Balsas Basin province","Escontria","Mexico"
1894565776,"Escontria chiotilla","Oaxaca",-97.055833,18.118056,"Balsas Basin province","Escontria","Mexico"
2005383928,"Escontria chiotilla","Oaxaca",-97.765331,18.167634,"Balsas Basin province","Escontria","Mexico"
1894565465,"Escontria chiotilla","Oaxaca",-97.682611,18.17725,"Balsas Basin province","Escontria","Mexico"
3308630236,"Escontria chiotilla","Oaxaca",-97.65243,18.21153,"Balsas Basin province","Escontria","Mexico"
1024182024,"Escontria chiotilla","Oaxaca",-97.721071,18.230224,"Balsas Basin province","Escontria","Mexico"
4400188640,"Escontria chiotilla","Oaxaca",-97.647636,18.231042,"Balsas Basin province","Escontria","Mexico"
3090927922,"Ferocactus flavovirens","Oaxaca",-97.649186,17.655652,"Sierra Madre del Sur province","Ferocactus","Mexico"
2981020064,"Ferocactus flavovirens","Oaxaca",-97.322107,17.694859,"Sierra Madre del Sur province","Ferocactus","Mexico"
2984498775,"Ferocactus flavovirens","Oaxaca",-97.184485,17.95855,"Sierra Madre del Sur province","Ferocactus","Mexico"
2422813697,"Ferocactus flavovirens","Oaxaca",-97.375409,18.016223,"Balsas Basin province","Ferocactus","Mexico"
2294834202,"Ferocactus flavovirens","Oaxaca",-97.388092,18.055417,"Balsas Basin province","Ferocactus","Mexico"
3307494344,"Ferocactus flavovirens","Oaxaca",-97.788623,18.086335,"Balsas Basin province","Ferocactus","Mexico"
3125110486,"Ferocactus flavovirens","Oaxaca",-97.66667,18.11667,"Balsas Basin province","Ferocactus","Mexico"
1893407068,"Ferocactus flavovirens","Oaxaca",-97.708333,18.125,"Balsas Basin province","Ferocactus","Mexico"
1896090938,"Ferocactus flavovirens","Oaxaca",-97.297361,18.154222,"Balsas Basin province","Ferocactus","Mexico"
3308418457,"Ferocactus flavovirens","Oaxaca",-97.656278,18.203528,"Balsas Basin province","Ferocactus","Mexico"
3109015219,"Ferocactus macrodiscus","Oaxaca",-96.769219,16.633286,"Balsas Basin province","Ferocactus","Mexico"
1913192650,"Ferocactus macrodiscus","Oaxaca",-96.116476,16.80778,"Sierra Madre del Sur province","Ferocactus","Mexico"
4522767472,"Ferocactus macrodiscus","Oaxaca",-96.217378,16.815997,"Sierra Madre del Sur province","Ferocactus","Mexico"
4465660236,"Ferocactus macrodiscus","Oaxaca",-96.73439,16.828511,"Balsas Basin province","Ferocactus","Mexico"
4075620022,"Ferocactus macrodiscus","Oaxaca",-96.937632,17.003319,"Sierra Madre del Sur province","Ferocactus","Mexico"
3455965455,"Ferocactus macrodiscus","Oaxaca",-96.467752,17.089017,"Sierra Madre del Sur province","Ferocactus","Mexico"
2579413802,"Ferocactus macrodiscus","Oaxaca",-96.779976,17.093252,"Balsas Basin province","Ferocactus","Mexico"
3416244506,"Ferocactus macrodiscus","Oaxaca",-96.536299,17.093487,"Sierra Madre del Sur province","Ferocactus","Mexico"
1986519694,"Ferocactus macrodiscus","Oaxaca",-96.670924,17.106642,"Balsas Basin province","Ferocactus","Mexico"
3384654876,"Ferocactus macrodiscus","Oaxaca",-96.981828,17.111382,"Sierra Madre del Sur province","Ferocactus","Mexico"
4133640672,"Ferocactus macrodiscus","Oaxaca",-96.967634,17.115977,"Sierra Madre del Sur province","Ferocactus","Mexico"
1500225356,"Ferocactus macrodiscus","Oaxaca",-96.605259,17.141294,"Sierra Madre del Sur province","Ferocactus","Mexico"
4465679273,"Ferocactus macrodiscus","Oaxaca",-96.90013,17.14825,"Sierra Madre del Sur province","Ferocactus","Mexico"
3308657949,"Ferocactus macrodiscus","Oaxaca",-97.22307,17.16078,"Sierra Madre del Sur province","Ferocactus","Mexico"
3308098592,"Ferocactus macrodiscus","Oaxaca",-97.171111,17.175861,"Sierra Madre del Sur province","Ferocactus","Mexico"
4137869491,"Ferocactus macrodiscus","Oaxaca",-96.828063,17.179924,"Balsas Basin province","Ferocactus","Mexico"
3881807616,"Ferocactus macrodiscus","Oaxaca",-96.686564,17.18008,"Sierra Madre del Sur province","Ferocactus","Mexico"
1880635416,"Ferocactus macrodiscus","Oaxaca",-96.842971,17.182935,"Balsas Basin province","Ferocactus","Mexico"
3308652189,"Ferocactus macrodiscus","Oaxaca",-97.16812,17.21308,"Sierra Madre del Sur province","Ferocactus","Mexico"
3308067274,"Ferocactus macrodiscus","Oaxaca",-97.18591,17.21787,"Sierra Madre del Sur province","Ferocactus","Mexico"
3308075809,"Ferocactus macrodiscus","Oaxaca",-97.07058,17.24758,"Sierra Madre del Sur province","Ferocactus","Mexico"
2860062061,"Ferocactus macrodiscus","Oaxaca",-97.083913,17.249938,"Sierra Madre del Sur province","Ferocactus","Mexico"
3308724815,"Ferocactus macrodiscus","Oaxaca",-97.2993,17.25259,"Sierra Madre del Sur province","Ferocactus","Mexico"
3308652190,"Ferocactus macrodiscus","Oaxaca",-97.31047,17.26035,"Sierra Madre del Sur province","Ferocactus","Mexico"
3308076677,"Ferocactus macrodiscus","Oaxaca",-97.37297,17.2661,"Sierra Madre del Sur province","Ferocactus","Mexico"
2311523670,"Ferocactus macrodiscus","Oaxaca",-96.41672,17.29269,"Sierra Madre del Sur province","Ferocactus","Mexico"
3873569789,"Ferocactus macrodiscus","Oaxaca",-97.360189,17.339949,"Sierra Madre del Sur province","Ferocactus","Mexico"
3466497328,"Ferocactus macrodiscus","Oaxaca",-97.368567,17.352001,"Sierra Madre del Sur province","Ferocactus","Mexico"
3384081405,"Ferocactus macrodiscus","Oaxaca",-96.436308,17.394638,"Sierra Madre del Sur province","Ferocactus","Mexico"
4034924360,"Ferocactus macrodiscus","Oaxaca",-96.959028,17.403559,"Sierra Madre del Sur province","Ferocactus","Mexico"
2626429399,"Ferocactus macrodiscus","Oaxaca",-97.292783,17.419705,"Sierra Madre del Sur province","Ferocactus","Mexico"
2460025979,"Ferocactus macrodiscus","Oaxaca",-97.355256,17.425469,"Sierra Madre del Sur province","Ferocactus","Mexico"
1315087030,"Ferocactus macrodiscus","Oaxaca",-97.362004,17.435042,"Sierra Madre del Sur province","Ferocactus","Mexico"
2557651582,"Ferocactus macrodiscus","Oaxaca",-97.384861,17.449479,"Sierra Madre del Sur province","Ferocactus","Mexico"
3335103230,"Ferocactus macrodiscus","Oaxaca",-97.418393,17.450064,"Sierra Madre del Sur province","Ferocactus","Mexico"
3759266917,"Ferocactus macrodiscus","Oaxaca",-97.341672,17.461898,"Sierra Madre del Sur province","Ferocactus","Mexico"
1621791829,"Ferocactus macrodiscus","Oaxaca",-97.372475,17.468747,"Sierra Madre del Sur province","Ferocactus","Mexico"
1668787881,"Ferocactus macrodiscus","Oaxaca",-96.941112,17.521775,"Balsas Basin province","Ferocactus","Mexico"
3308712475,"Ferocactus macrodiscus","Oaxaca",-97.1638,17.5237,"Sierra Madre del Sur province","Ferocactus","Mexico"
2999127201,"Ferocactus macrodiscus","Oaxaca",-97.364901,17.526648,"Sierra Madre del Sur province","Ferocactus","Mexico"
4034969010,"Ferocactus macrodiscus","Oaxaca",-96.812428,17.531501,"Balsas Basin province","Ferocactus","Mexico"
1453446500,"Ferocactus macrodiscus","Oaxaca",-97.304931,17.534383,"Sierra Madre del Sur province","Ferocactus","Mexico"
2456554918,"Ferocactus macrodiscus","Oaxaca",-97.213193,17.542459,"Sierra Madre del Sur province","Ferocactus","Mexico"
1894555791,"Ferocactus macrodiscus","Oaxaca",-97.135833,17.545278,"Sierra Madre del Sur province","Ferocactus","Mexico"
1893435961,"Ferocactus macrodiscus","Oaxaca",-96.441667,17.558333,"Sierra Madre del Sur province","Ferocactus","Mexico"
2456590121,"Ferocactus macrodiscus","Oaxaca",-97.240539,17.567241,"Sierra Madre del Sur province","Ferocactus","Mexico"
3307926875,"Ferocactus macrodiscus","Oaxaca",-97.432444,17.573361,"Sierra Madre del Sur province","Ferocactus","Mexico"
3308076736,"Ferocactus macrodiscus","Oaxaca",-97.196028,17.574111,"Sierra Madre del Sur province","Ferocactus","Mexico"
1894555788,"Ferocactus macrodiscus","Oaxaca",-97.093667,17.578083,"Sierra Madre del Sur province","Ferocactus","Mexico"
3307788396,"Ferocactus macrodiscus","Oaxaca",-97.418167,17.581889,"Sierra Madre del Sur province","Ferocactus","Mexico"
3308098576,"Ferocactus macrodiscus","Oaxaca",-97.38463,17.58503,"Sierra Madre del Sur province","Ferocactus","Mexico"
3384702958,"Ferocactus macrodiscus","Oaxaca",-97.006834,17.60118,"Sierra Madre del Sur province","Ferocactus","Mexico"
3384692994,"Ferocactus macrodiscus","Oaxaca",-97.125451,17.61077,"Sierra Madre del Sur province","Ferocactus","Mexico"
1291069097,"Ferocactus macrodiscus","Oaxaca",-97.007027,17.616268,"Balsas Basin province","Ferocactus","Mexico"
2006102852,"Ferocactus macrodiscus","Oaxaca",-97.334522,17.628706,"Sierra Madre del Sur province","Ferocactus","Mexico"
1920849494,"Ferocactus macrodiscus","Oaxaca",-97.301259,17.629204,"Sierra Madre del Sur province","Ferocactus","Mexico"
2980872113,"Ferocactus macrodiscus","Oaxaca",-97.215936,17.634783,"Sierra Madre del Sur province","Ferocactus","Mexico"
1668787833,"Ferocactus macrodiscus","Oaxaca",-97.302411,17.646128,"Sierra Madre del Sur province","Ferocactus","Mexico"
3881533402,"Ferocactus macrodiscus","Oaxaca",-97.260334,17.659585,"Sierra Madre del Sur province","Ferocactus","Mexico"
3308071112,"Ferocactus macrodiscus","Oaxaca",-97.1494,17.6605,"Sierra Madre del Sur province","Ferocactus","Mexico"
1894555793,"Ferocactus macrodiscus","Oaxaca",-97.2085,17.660694,"Sierra Madre del Sur province","Ferocactus","Mexico"
2980794047,"Ferocactus macrodiscus","Oaxaca",-97.383123,17.671248,"Sierra Madre del Sur province","Ferocactus","Mexico"
3070556846,"Ferocactus macrodiscus","Oaxaca",-97.158325,17.671705,"Sierra Madre del Sur province","Ferocactus","Mexico"
3308475728,"Ferocactus macrodiscus","Oaxaca",-97.4465,17.6784,"Sierra Madre del Sur province","Ferocactus","Mexico"
3873776466,"Ferocactus macrodiscus","Oaxaca",-97.231866,17.682651,"Sierra Madre del Sur province","Ferocactus","Mexico"
4519327589,"Ferocactus macrodiscus","Oaxaca",-97.197142,17.687484,"Sierra Madre del Sur province","Ferocactus","Mexico"
3308736126,"Ferocactus macrodiscus","Oaxaca",-97.40861,17.69056,"Sierra Madre del Sur province","Ferocactus","Mexico"
1453394719,"Ferocactus macrodiscus","Oaxaca",-97.231101,17.697847,"Sierra Madre del Sur province","Ferocactus","Mexico"
3399205002,"Ferocactus macrodiscus","Oaxaca",-97.167443,17.718406,"Sierra Madre del Sur province","Ferocactus","Mexico"
3408066205,"Ferocactus macrodiscus","Oaxaca",-97.3077,17.72567,"Sierra Madre del Sur province","Ferocactus","Mexico"
3335280526,"Ferocactus macrodiscus","Oaxaca",-97.182938,17.727353,"Sierra Madre del Sur province","Ferocactus","Mexico"
2311272882,"Ferocactus macrodiscus","Oaxaca",-97.262027,17.742503,"Sierra Madre del Sur province","Ferocactus","Mexico"
2868303534,"Ferocactus macrodiscus","Oaxaca",-97.382777,17.743118,"Sierra Madre del Sur province","Ferocactus","Mexico"
2980838170,"Ferocactus macrodiscus","Oaxaca",-97.232392,17.758759,"Sierra Madre del Sur province","Ferocactus","Mexico"
3384675936,"Ferocactus macrodiscus","Oaxaca",-97.182869,17.764231,"Sierra Madre del Sur province","Ferocactus","Mexico"
3915479197,"Ferocactus macrodiscus","Oaxaca",-97.457679,17.772998,"Sierra Madre del Sur province","Ferocactus","Mexico"
4438708221,"Ferocactus macrodiscus","Oaxaca",-97.109567,17.785076,"Balsas Basin province","Ferocactus","Mexico"
2460046138,"Ferocactus macrodiscus","Oaxaca",-97.095776,17.893621,"Balsas Basin province","Ferocactus","Mexico"
3468765276,"Ferocactus macrodiscus","Oaxaca",-97.430568,17.897583,"Sierra Madre del Sur province","Ferocactus","Mexico"
1024191120,"Ferocactus macrodiscus","Oaxaca",-97.309703,17.913969,"Sierra Madre del Sur province","Ferocactus","Mexico"
3902606465,"Ferocactus macrodiscus","Oaxaca",-97.134768,17.917546,"Balsas Basin province","Ferocactus","Mexico"
1935622011,"Ferocactus macrodiscus","Oaxaca",-97.477842,17.941163,"Sierra Madre del Sur province","Ferocactus","Mexico"
3859757379,"Ferocactus macrodiscus","Oaxaca",-97.674089,18.013011,"Balsas Basin province","Ferocactus","Mexico"
3308058603,"Ferocactus macrodiscus","Oaxaca",-97.6833,18.13197,"Balsas Basin province","Ferocactus","Mexico"
2311608804,"Ferocactus macrodiscus","Oaxaca",-97.262019,18.135567,"Balsas Basin province","Ferocactus","Mexico"
2898273049,"Ferocactus recurvus","Oaxaca",-96.323802,16.570386,"Pacific Lowlands province","Ferocactus","Mexico"
2898286028,"Ferocactus recurvus","Oaxaca",-96.334784,16.571909,"Pacific Lowlands province","Ferocactus","Mexico"
4519057343,"Ferocactus recurvus","Oaxaca",-96.574392,16.574729,"Balsas Basin province","Ferocactus","Mexico"
4522816928,"Ferocactus recurvus","Oaxaca",-96.572262,16.576722,"Balsas Basin province","Ferocactus","Mexico"
3109213536,"Ferocactus recurvus","Oaxaca",-96.379183,16.625304,"Sierra Madre del Sur province","Ferocactus","Mexico"
4028827059,"Ferocactus recurvus","Oaxaca",-96.473349,16.649191,"Balsas Basin province","Ferocactus","Mexico"
219011283,"Ferocactus recurvus","Oaxaca",-96.555556,16.679167,"Balsas Basin province","Ferocactus","Mexico"
4522498602,"Ferocactus recurvus","Oaxaca",-96.484214,16.689039,"Balsas Basin province","Ferocactus","Mexico"
4516252635,"Ferocactus recurvus","Oaxaca",-96.742813,16.700788,"Balsas Basin province","Ferocactus","Mexico"
3308127767,"Ferocactus recurvus","Oaxaca",-96.19167,16.70528,"Pacific Lowlands province","Ferocactus","Mexico"
1880666142,"Ferocactus recurvus","Oaxaca",-96.35081,16.721219,"Sierra Madre del Sur province","Ferocactus","Mexico"
4028954522,"Ferocactus recurvus","Oaxaca",-96.343344,16.802284,"Sierra Madre del Sur province","Ferocactus","Mexico"
2465091177,"Ferocactus recurvus","Oaxaca",-96.275757,16.866427,"Sierra Madre del Sur province","Ferocactus","Mexico"
4453959294,"Ferocactus recurvus","Oaxaca",-96.27676,16.867085,"Sierra Madre del Sur province","Ferocactus","Mexico"
3308731397,"Ferocactus recurvus","Oaxaca",-96.3819,16.91353,"Balsas Basin province","Ferocactus","Mexico"
1986513161,"Ferocactus recurvus","Oaxaca",-96.399134,16.921173,"Balsas Basin province","Ferocactus","Mexico"
3860010056,"Ferocactus recurvus","Oaxaca",-96.328036,16.932317,"Balsas Basin province","Ferocactus","Mexico"
3903472306,"Ferocactus recurvus","Oaxaca",-96.323822,16.933867,"Sierra Madre del Sur province","Ferocactus","Mexico"
4522768532,"Ferocactus recurvus","Oaxaca",-96.305319,16.934922,"Balsas Basin province","Ferocactus","Mexico"
3337392062,"Ferocactus recurvus","Oaxaca",-96.311466,16.94265,"Sierra Madre del Sur province","Ferocactus","Mexico"
2999081673,"Ferocactus recurvus","Oaxaca",-96.438667,16.956373,"Balsas Basin province","Ferocactus","Mexico"
4405104073,"Ferocactus recurvus","Oaxaca",-96.521315,16.992413,"Balsas Basin province","Ferocactus","Mexico"
2459993423,"Ferocactus recurvus","Oaxaca",-96.517656,17.042619,"Balsas Basin province","Ferocactus","Mexico"
3966492392,"Ferocactus recurvus","Oaxaca",-97.171362,17.18548,"Sierra Madre del Sur province","Ferocactus","Mexico"
3308724900,"Ferocactus recurvus","Oaxaca",-97.17611,17.21331,"Sierra Madre del Sur province","Ferocactus","Mexico"
2901821587,"Ferocactus recurvus","Oaxaca",-97.234444,17.248054,"Sierra Madre del Sur province","Ferocactus","Mexico"
1913148772,"Ferocactus recurvus","Oaxaca",-96.493569,17.249394,"Sierra Madre del Sur province","Ferocactus","Mexico"
3988451251,"Ferocactus recurvus","Oaxaca",-97.161024,17.297467,"Sierra Madre del Sur province","Ferocactus","Mexico"
4458346885,"Ferocactus recurvus","Oaxaca",-97.158803,17.300056,"Sierra Madre del Sur province","Ferocactus","Mexico"
3307678765,"Ferocactus recurvus","Oaxaca",-96.926,17.312806,"Balsas Basin province","Ferocactus","Mexico"
2988312805,"Ferocactus recurvus","Oaxaca",-97.148052,17.328515,"Sierra Madre del Sur province","Ferocactus","Mexico"
3308107398,"Ferocactus recurvus","Oaxaca",-97.02763,17.42982,"Sierra Madre del Sur province","Ferocactus","Mexico"
2397461924,"Ferocactus recurvus","Oaxaca",-97.31511,17.508602,"Sierra Madre del Sur province","Ferocactus","Mexico"
2311337671,"Ferocactus recurvus","Oaxaca",-97.342979,17.527099,"Sierra Madre del Sur province","Ferocactus","Mexico"
2563466895,"Ferocactus recurvus","Oaxaca",-98.042989,17.530839,"Balsas Basin province","Ferocactus","Mexico"
2634335121,"Ferocactus recurvus","Oaxaca",-98.047481,17.546846,"Balsas Basin province","Ferocactus","Mexico"
3985915057,"Ferocactus recurvus","Oaxaca",-97.316506,17.547775,"Sierra Madre del Sur province","Ferocactus","Mexico"
2423216120,"Ferocactus recurvus","Oaxaca",-97.322481,17.55065,"Sierra Madre del Sur province","Ferocactus","Mexico"
2641522295,"Ferocactus recurvus","Oaxaca",-98.042629,17.55412,"Balsas Basin province","Ferocactus","Mexico"
4022225445,"Ferocactus recurvus","Oaxaca",-97.48275,17.56032,"Sierra Madre del Sur province","Ferocactus","Mexico"
3307709267,"Ferocactus recurvus","Oaxaca",-97.407056,17.567722,"Sierra Madre del Sur province","Ferocactus","Mexico"
4519094739,"Ferocactus recurvus","Oaxaca",-97.830576,17.568636,"Balsas Basin province","Ferocactus","Mexico"
4522436611,"Ferocactus recurvus","Oaxaca",-96.837997,17.578774,"Balsas Basin province","Ferocactus","Mexico"
2814130836,"Ferocactus recurvus","Oaxaca",-98.02605,17.602138,"Balsas Basin province","Ferocactus","Mexico"
3308051481,"Ferocactus recurvus","Oaxaca",-96.9335,17.60769,"Balsas Basin province","Ferocactus","Mexico"
4516919092,"Ferocactus recurvus","Oaxaca",-98.047279,17.632106,"Balsas Basin province","Ferocactus","Mexico"
1880675303,"Ferocactus recurvus","Oaxaca",-96.913881,17.636019,"Balsas Basin province","Ferocactus","Mexico"
2803042067,"Ferocactus recurvus","Oaxaca",-98.04642,17.636334,"Balsas Basin province","Ferocactus","Mexico"
4430532499,"Ferocactus recurvus","Oaxaca",-96.919045,17.638667,"Balsas Basin province","Ferocactus","Mexico"
2242741076,"Ferocactus recurvus","Oaxaca",-96.937804,17.65191,"Balsas Basin province","Ferocactus","Mexico"
4133992043,"Ferocactus recurvus","Oaxaca",-97.442499,17.655692,"Sierra Madre del Sur province","Ferocactus","Mexico"
4522513797,"Ferocactus recurvus","Oaxaca",-97.457525,17.66105,"Sierra Madre del Sur province","Ferocactus","Mexico"
4116453765,"Ferocactus recurvus","Oaxaca",-97.715431,17.668625,"Sierra Madre del Sur province","Ferocactus","Mexico"
2550086225,"Ferocactus recurvus","Oaxaca",-97.557732,17.689355,"Sierra Madre del Sur province","Ferocactus","Mexico"
1880672533,"Ferocactus recurvus","Oaxaca",-96.935592,17.690307,"Balsas Basin province","Ferocactus","Mexico"
1703178443,"Ferocactus recurvus","Oaxaca",-96.952492,17.694117,"Balsas Basin province","Ferocactus","Mexico"
1993701278,"Ferocactus recurvus","Oaxaca",-96.940055,17.706905,"Balsas Basin province","Ferocactus","Mexico"
3457002573,"Ferocactus recurvus","Oaxaca",-97.780317,17.741705,"Balsas Basin province","Ferocactus","Mexico"
3302024987,"Ferocactus recurvus","Oaxaca",-96.934369,17.74283,"Balsas Basin province","Ferocactus","Mexico"
2465309717,"Ferocactus recurvus","Oaxaca",-97.183833,17.744472,"Sierra Madre del Sur province","Ferocactus","Mexico"
3307305234,"Ferocactus recurvus","Oaxaca",-98.158494,17.76085,"Balsas Basin province","Ferocactus","Mexico"
1668840042,"Ferocactus recurvus","Oaxaca",-97.680645,17.765852,"Sierra Madre del Sur province","Ferocactus","Mexico"
1668840322,"Ferocactus recurvus","Oaxaca",-97.685452,17.766997,"Sierra Madre del Sur province","Ferocactus","Mexico"
3308088345,"Ferocactus recurvus","Oaxaca",-96.99361,17.76942,"Balsas Basin province","Ferocactus","Mexico"
2596162141,"Ferocactus recurvus","Oaxaca",-97.094237,17.77987,"Balsas Basin province","Ferocactus","Mexico"
3773078397,"Ferocactus recurvus","Oaxaca",-96.945151,17.789428,"Balsas Basin province","Ferocactus","Mexico"
4067230883,"Ferocactus recurvus","Oaxaca",-97.729829,17.793064,"Balsas Basin province","Ferocactus","Mexico"
3915426760,"Ferocactus recurvus","Oaxaca",-97.430254,17.796314,"Sierra Madre del Sur province","Ferocactus","Mexico"
1990638166,"Ferocactus recurvus","Oaxaca",-96.904027,17.7968,"Sierra Madre del Sur province","Ferocactus","Mexico"
3307781020,"Ferocactus recurvus","Oaxaca",-97.3436,17.7976,"Sierra Madre del Sur province","Ferocactus","Mexico"
4430858315,"Ferocactus recurvus","Oaxaca",-96.953788,17.801078,"Balsas Basin province","Ferocactus","Mexico"
3307778579,"Ferocactus recurvus","Oaxaca",-97.492861,17.804389,"Sierra Madre del Sur province","Ferocactus","Mexico"
3308087684,"Ferocactus recurvus","Oaxaca",-97.47111,17.80667,"Sierra Madre del Sur province","Ferocactus","Mexico"
4413822105,"Ferocactus recurvus","Oaxaca",-97.001786,17.813478,"Balsas Basin province","Ferocactus","Mexico"
1894558904,"Ferocactus recurvus","Oaxaca",-97.249028,17.815722,"Sierra Madre del Sur province","Ferocactus","Mexico"
1837749113,"Ferocactus recurvus","Oaxaca",-97.549994,17.817531,"Sierra Madre del Sur province","Ferocactus","Mexico"
1837748983,"Ferocactus recurvus","Oaxaca",-97.550025,17.817942,"Sierra Madre del Sur province","Ferocactus","Mexico"
2529391228,"Ferocactus recurvus","Oaxaca",-96.971209,17.82118,"Balsas Basin province","Ferocactus","Mexico"
3113575701,"Ferocactus recurvus","Oaxaca",-97.340412,17.822452,"Sierra Madre del Sur province","Ferocactus","Mexico"
2596295074,"Ferocactus recurvus","Oaxaca",-96.96472,17.82845,"Balsas Basin province","Ferocactus","Mexico"
1993775331,"Ferocactus recurvus","Oaxaca",-97.236139,17.831578,"Sierra Madre del Sur province","Ferocactus","Mexico"
4430888106,"Ferocactus recurvus","Oaxaca",-97.732554,17.833341,"Balsas Basin province","Ferocactus","Mexico"
1894558926,"Ferocactus recurvus","Oaxaca",-97.229972,17.839306,"Sierra Madre del Sur province","Ferocactus","Mexico"
1894558968,"Ferocactus recurvus","Oaxaca",-96.974639,17.839861,"Balsas Basin province","Ferocactus","Mexico"
1836694312,"Ferocactus recurvus","Oaxaca",-97.016538,17.843522,"Balsas Basin province","Ferocactus","Mexico"
2294760123,"Ferocactus recurvus","Oaxaca",-97.496757,17.850148,"Sierra Madre del Sur province","Ferocactus","Mexico"
1990612491,"Ferocactus recurvus","Oaxaca",-97.35689,17.852849,"Sierra Madre del Sur province","Ferocactus","Mexico"
4062703833,"Ferocactus recurvus","Oaxaca",-97.36238,17.858719,"Sierra Madre del Sur province","Ferocactus","Mexico"
2862668384,"Ferocactus recurvus","Oaxaca",-97.040364,17.860454,"Balsas Basin province","Ferocactus","Mexico"
3859288128,"Ferocactus recurvus","Oaxaca",-97.046059,17.861927,"Balsas Basin province","Ferocactus","Mexico"
2028484511,"Ferocactus recurvus","Oaxaca",-97.566105,17.865222,"Sierra Madre del Sur province","Ferocactus","Mexico"
1894558955,"Ferocactus recurvus","Oaxaca",-96.023889,17.867778,"Veracruzan province","Ferocactus","Mexico"
1920793584,"Ferocactus recurvus","Oaxaca",-97.02482,17.868905,"Balsas Basin province","Ferocactus","Mexico"
2576307101,"Ferocactus recurvus","Oaxaca",-97.352654,17.872938,"Sierra Madre del Sur province","Ferocactus","Mexico"
1993777208,"Ferocactus recurvus","Oaxaca",-96.990802,17.873133,"Balsas Basin province","Ferocactus","Mexico"
2006074553,"Ferocactus recurvus","Oaxaca",-97.347357,17.874354,"Sierra Madre del Sur province","Ferocactus","Mexico"
3307795432,"Ferocactus recurvus","Oaxaca",-97.341,17.874389,"Sierra Madre del Sur province","Ferocactus","Mexico"
3902175219,"Ferocactus recurvus","Oaxaca",-97.316458,17.879582,"Sierra Madre del Sur province","Ferocactus","Mexico"
2465347623,"Ferocactus recurvus","Oaxaca",-97.190669,17.883137,"Sierra Madre del Sur province","Ferocactus","Mexico"
3355551330,"Ferocactus recurvus","Oaxaca",-97.346692,17.883494,"Sierra Madre del Sur province","Ferocactus","Mexico"
2397556526,"Ferocactus recurvus","Oaxaca",-96.97348,17.88916,"Balsas Basin province","Ferocactus","Mexico"
4522672893,"Ferocactus recurvus","Oaxaca",-96.997322,17.893211,"Balsas Basin province","Ferocactus","Mexico"
2574080955,"Ferocactus recurvus","Oaxaca",-97.349368,17.900482,"Sierra Madre del Sur province","Ferocactus","Mexico"
2596143006,"Ferocactus recurvus","Oaxaca",-96.994127,17.900707,"Balsas Basin province","Ferocactus","Mexico"
1899758418,"Ferocactus recurvus","Oaxaca",-96.968925,17.903281,"Balsas Basin province","Ferocactus","Mexico"
1850916004,"Ferocactus recurvus","Oaxaca",-97.429171,17.907967,"Sierra Madre del Sur province","Ferocactus","Mexico"
1880663711,"Ferocactus recurvus","Oaxaca",-97.452861,17.912123,"Sierra Madre del Sur province","Ferocactus","Mexico"
2006074760,"Ferocactus recurvus","Oaxaca",-97.339804,17.912253,"Sierra Madre del Sur province","Ferocactus","Mexico"
2445079615,"Ferocactus recurvus","Oaxaca",-97.415245,17.930958,"Sierra Madre del Sur province","Ferocactus","Mexico"
1880674132,"Ferocactus recurvus","Oaxaca",-97.51743,17.933182,"Sierra Madre del Sur province","Ferocactus","Mexico"
2242898146,"Ferocactus recurvus","Oaxaca",-97.414888,17.93373,"Sierra Madre del Sur province","Ferocactus","Mexico"
3307790481,"Ferocactus recurvus","Oaxaca",-97.044181,17.934611,"Balsas Basin province","Ferocactus","Mexico"
1890709797,"Ferocactus recurvus","Oaxaca",-97.413545,17.949296,"Sierra Madre del Sur province","Ferocactus","Mexico"
1894558940,"Ferocactus recurvus","Oaxaca",-96.974306,17.956778,"Balsas Basin province","Ferocactus","Mexico"
2984409813,"Ferocactus recurvus","Oaxaca",-97.421255,17.964886,"Sierra Madre del Sur province","Ferocactus","Mexico"
4014996785,"Ferocactus recurvus","Oaxaca",-97.431366,17.98439,"Sierra Madre del Sur province","Ferocactus","Mexico"
2235561467,"Ferocactus recurvus","Oaxaca",-97.398155,18.012647,"Sierra Madre del Sur province","Ferocactus","Mexico"
1259557122,"Ferocactus recurvus","Oaxaca",-97.566667,18.016667,"Sierra Madre del Sur province","Ferocactus","Mexico"
1894557687,"Ferocactus recurvus","Oaxaca",-97.056389,18.017222,"Balsas Basin province","Ferocactus","Mexico"
4169312244,"Ferocactus recurvus","Oaxaca",-97.575,18.025,"Sierra Madre del Sur province","Ferocactus","Mexico"
1831158549,"Ferocactus recurvus","Oaxaca",-97.382469,18.03123,"Balsas Basin province","Ferocactus","Mexico"
3308634449,"Ferocactus recurvus","Oaxaca",-97.550917,18.032306,"Sierra Madre del Sur province","Ferocactus","Mexico"
1453363610,"Ferocactus recurvus","Oaxaca",-97.428045,18.067828,"Balsas Basin province","Ferocactus","Mexico"
2465106460,"Ferocactus recurvus","Oaxaca",-97.016101,18.08879,"Sierra Madre del Sur province","Ferocactus","Mexico"
3068009259,"Ferocactus recurvus","Oaxaca",-97.68811,18.093452,"Balsas Basin province","Ferocactus","Mexico"
3325950484,"Ferocactus recurvus","Oaxaca",-97.624416,18.122171,"Balsas Basin province","Ferocactus","Mexico"
4522647856,"Ferocactus recurvus","Oaxaca",-97.080344,18.145103,"Balsas Basin province","Ferocactus","Mexico"
3773467152,"Ferocactus recurvus","Oaxaca",-97.204077,18.145747,"Balsas Basin province","Ferocactus","Mexico"
1890727574,"Ferocactus recurvus","Oaxaca",-97.79607,18.147499,"Balsas Basin province","Ferocactus","Mexico"
1291661401,"Ferocactus recurvus","Oaxaca",-97.242737,18.156291,"Balsas Basin province","Ferocactus","Mexico"
3859368902,"Ferocactus recurvus","Oaxaca",-97.171678,18.169738,"Balsas Basin province","Ferocactus","Mexico"
4436280560,"Ferocactus recurvus","Oaxaca",-97.18943,18.170278,"Balsas Basin province","Ferocactus","Mexico"
3859985790,"Ferocactus recurvus","Oaxaca",-97.656178,18.177647,"Balsas Basin province","Ferocactus","Mexico"
4039364784,"Ferocactus recurvus","Oaxaca",-97.739195,18.180999,"Balsas Basin province","Ferocactus","Mexico"
3118461414,"Ferocactus recurvus","Oaxaca",-97.689854,18.216741,"Balsas Basin province","Ferocactus","Mexico"
1890727786,"Ferocactus recurvus","Oaxaca",-97.72525,18.222455,"Balsas Basin province","Ferocactus","Mexico"
1257718166,"Mammillaria albilanata","Oaxaca",-96.093055,15.961389,"Pacific Lowlands province","Mammillaria","No"
1897601328,"Mammillaria albilanata","Oaxaca",-96.516667,16.233333,"Sierra Madre del Sur province","Mammillaria","No"
4416669959,"Mammillaria albilanata","Oaxaca",-96.678974,16.250303,"Sierra Madre del Sur province","Mammillaria","No"
4436371724,"Mammillaria albilanata","Oaxaca",-96.670288,16.251638,"Sierra Madre del Sur province","Mammillaria","No"
4436058772,"Mammillaria albilanata","Oaxaca",-96.660983,16.253325,"Sierra Madre del Sur province","Mammillaria","No"
4436374774,"Mammillaria albilanata","Oaxaca",-96.657249,16.253635,"Sierra Madre del Sur province","Mammillaria","No"
4436208027,"Mammillaria albilanata","Oaxaca",-96.687816,16.255014,"Sierra Madre del Sur province","Mammillaria","No"
3355360757,"Mammillaria albilanata","Oaxaca",-96.669934,16.264524,"Sierra Madre del Sur province","Mammillaria","No"
3044687347,"Mammillaria albilanata","Oaxaca",-96.652127,16.267007,"Sierra Madre del Sur province","Mammillaria","No"
3384656596,"Mammillaria albilanata","Oaxaca",-96.674121,16.267515,"Sierra Madre del Sur province","Mammillaria","No"
3355419784,"Mammillaria albilanata","Oaxaca",-96.665338,16.268282,"Sierra Madre del Sur province","Mammillaria","No"
4416650611,"Mammillaria albilanata","Oaxaca",-96.681172,16.278677,"Sierra Madre del Sur province","Mammillaria","No"
4416645577,"Mammillaria albilanata","Oaxaca",-96.683802,16.279485,"Sierra Madre del Sur province","Mammillaria","No"
4011777361,"Mammillaria albilanata","Oaxaca",-96.643573,16.279684,"Sierra Madre del Sur province","Mammillaria","No"
4011810375,"Mammillaria albilanata","Oaxaca",-96.638686,16.280263,"Sierra Madre del Sur province","Mammillaria","No"
4436052594,"Mammillaria albilanata","Oaxaca",-96.638625,16.283429,"Sierra Madre del Sur province","Mammillaria","No"
3355055788,"Mammillaria albilanata","Oaxaca",-96.656454,16.284091,"Sierra Madre del Sur province","Mammillaria","No"
4436169622,"Mammillaria albilanata","Oaxaca",-96.649412,16.288151,"Sierra Madre del Sur province","Mammillaria","No"
4442379587,"Mammillaria albilanata","Oaxaca",-96.630206,16.289134,"Sierra Madre del Sur province","Mammillaria","No"
4436083655,"Mammillaria albilanata","Oaxaca",-96.630062,16.291824,"Sierra Madre del Sur province","Mammillaria","No"
3466199735,"Mammillaria albilanata","Oaxaca",-96.640106,16.292374,"Sierra Madre del Sur province","Mammillaria","No"
3044715660,"Mammillaria albilanata","Oaxaca",-96.646242,16.298342,"Sierra Madre del Sur province","Mammillaria","No"
4436170621,"Mammillaria albilanata","Oaxaca",-96.6483,16.300303,"Sierra Madre del Sur province","Mammillaria","No"
3408058034,"Mammillaria albilanata","Oaxaca",-96.63131,16.300983,"Sierra Madre del Sur province","Mammillaria","No"
3415499128,"Mammillaria albilanata","Oaxaca",-96.628676,16.308656,"Sierra Madre del Sur province","Mammillaria","No"
3355355466,"Mammillaria albilanata","Oaxaca",-96.624425,16.309883,"Sierra Madre del Sur province","Mammillaria","No"
4436225541,"Mammillaria albilanata","Oaxaca",-96.638351,16.315689,"Sierra Madre del Sur province","Mammillaria","No"
4436107502,"Mammillaria albilanata","Oaxaca",-96.643021,16.316338,"Sierra Madre del Sur province","Mammillaria","No"
4436320534,"Mammillaria albilanata","Oaxaca",-96.637662,16.316951,"Sierra Madre del Sur province","Mammillaria","No"
4465451566,"Mammillaria albilanata","Oaxaca",-96.546576,16.318611,"Balsas Basin province","Mammillaria","No"
1978450000,"Mammillaria albilanata","Oaxaca",-95.199418,16.349385,"Pacific Lowlands province","Mammillaria","No"
1897601368,"Mammillaria albilanata","Oaxaca",-96.466667,16.383333,"Balsas Basin province","Mammillaria","No"
3466370376,"Mammillaria albilanata","Oaxaca",-96.665653,16.384904,"Balsas Basin province","Mammillaria","No"
4034715876,"Mammillaria albilanata","Oaxaca",-96.479649,16.398246,"Balsas Basin province","Mammillaria","No"
4034780842,"Mammillaria albilanata","Oaxaca",-96.475975,16.400503,"Balsas Basin province","Mammillaria","No"
1897601425,"Mammillaria albilanata","Oaxaca",-95.452778,16.403333,"Pacific Lowlands province","Mammillaria","No"
4436369464,"Mammillaria albilanata","Oaxaca",-96.96342,16.44116,"Sierra Madre del Sur province","Mammillaria","No"
1897601426,"Mammillaria albilanata","Oaxaca",-96.21666,16.476667,"Sierra Madre del Sur province","Mammillaria","No"
2898525076,"Mammillaria albilanata","Oaxaca",-96.350351,16.535162,"Sierra Madre del Sur province","Mammillaria","No"
2460094549,"Mammillaria albilanata","Oaxaca",-97.0775,16.541389,"Sierra Madre del Sur province","Mammillaria","No"
2898341077,"Mammillaria albilanata","Oaxaca",-96.338711,16.561306,"Pacific Lowlands province","Mammillaria","No"
4516952710,"Mammillaria albilanata","Oaxaca",-94.891953,16.569186,"Pacific Lowlands province","Mammillaria","No"
3112407727,"Mammillaria albilanata","Oaxaca",-96.364425,16.572323,"Sierra Madre del Sur province","Mammillaria","No"
3307990791,"Mammillaria albilanata","Oaxaca",-94.833,16.583,"Pacific Lowlands province","Mammillaria","No"
3109119364,"Mammillaria albilanata","Oaxaca",-96.355743,16.62639,"Sierra Madre del Sur province","Mammillaria","No"
1088899177,"Mammillaria albilanata","Oaxaca",-95.015737,16.65247,"Pacific Lowlands province","Mammillaria","No"
2626111355,"Mammillaria albilanata","Oaxaca",-96.984925,16.657309,"Sierra Madre del Sur province","Mammillaria","No"
1897601463,"Mammillaria albilanata","Oaxaca",-96.10027,16.66166,"Pacific Lowlands province","Mammillaria","No"
4516645923,"Mammillaria albilanata","Oaxaca",-96.138669,16.668536,"Pacific Lowlands province","Mammillaria","No"
4436365569,"Mammillaria albilanata","Oaxaca",-96.993575,16.689411,"Sierra Madre del Sur province","Mammillaria","No"
3455470005,"Mammillaria albilanata","Oaxaca",-95.792406,16.752653,"Pacific Lowlands province","Mammillaria","No"
1453534664,"Mammillaria albilanata","Oaxaca",-96.746341,16.841354,"Balsas Basin province","Mammillaria","No"
4414044571,"Mammillaria albilanata","Oaxaca",-96.344801,16.843431,"Sierra Madre del Sur province","Mammillaria","No"
3308146555,"Mammillaria albilanata","Oaxaca",-97.58569,16.84397,"Sierra Madre del Sur province","Mammillaria","No"
3039433806,"Mammillaria albilanata","Oaxaca",-97.580435,16.845628,"Sierra Madre del Sur province","Mammillaria","No"
3455402329,"Mammillaria albilanata","Oaxaca",-96.277162,16.862888,"Sierra Madre del Sur province","Mammillaria","No"
4516906805,"Mammillaria albilanata","Oaxaca",-96.275822,16.866719,"Sierra Madre del Sur province","Mammillaria","No"
4507930243,"Mammillaria albilanata","Oaxaca",-96.27442,16.868589,"Pacific Lowlands province","Mammillaria","No"
4067270277,"Mammillaria albilanata","Oaxaca",-96.443442,16.900447,"Balsas Basin province","Mammillaria","No"
4006694154,"Mammillaria albilanata","Oaxaca",-96.386142,16.945717,"Sierra Madre del Sur province","Mammillaria","No"
4436107378,"Mammillaria albilanata","Oaxaca",-97.232244,16.996368,"Sierra Madre del Sur province","Mammillaria","No"
4438830394,"Mammillaria albilanata","Oaxaca",-97.387779,17.002486,"Sierra Madre del Sur province","Mammillaria","No"
4436236728,"Mammillaria albilanata","Oaxaca",-96.869026,17.043375,"Sierra Madre del Sur province","Mammillaria","No"
2856661344,"Mammillaria albilanata","Oaxaca",-96.90965,17.053715,"Sierra Madre del Sur province","Mammillaria","No"
2397523998,"Mammillaria albilanata","Oaxaca",-96.103081,17.079132,"Sierra Madre del Sur province","Mammillaria","No"
2447836551,"Mammillaria albilanata","Oaxaca",-96.108489,17.082073,"Sierra Madre del Sur province","Mammillaria","No"
3892646667,"Mammillaria albilanata","Oaxaca",-96.784221,17.086953,"Balsas Basin province","Mammillaria","No"
3039287428,"Mammillaria albilanata","Oaxaca",-96.806959,17.08768,"Balsas Basin province","Mammillaria","No"
3355479439,"Mammillaria albilanata","Oaxaca",-96.797708,17.090509,"Balsas Basin province","Mammillaria","No"
3455329009,"Mammillaria albilanata","Oaxaca",-96.457908,17.129224,"Sierra Madre del Sur province","Mammillaria","No"
1897601357,"Mammillaria albilanata","Oaxaca",-97.52947,17.13155,"Sierra Madre del Sur province","Mammillaria","No"
2864780337,"Mammillaria albilanata","Oaxaca",-96.782398,17.190781,"Balsas Basin province","Mammillaria","No"
3308105149,"Mammillaria albilanata","Oaxaca",-97.28994,17.21913,"Sierra Madre del Sur province","Mammillaria","No"
4516764201,"Mammillaria albilanata","Oaxaca",-96.492465,17.254225,"Sierra Madre del Sur province","Mammillaria","No"
2460081158,"Mammillaria albilanata","Oaxaca",-96.490591,17.255614,"Sierra Madre del Sur province","Mammillaria","No"
4111781728,"Mammillaria albilanata","Oaxaca",-96.477634,17.258099,"Sierra Madre del Sur province","Mammillaria","No"
4111686697,"Mammillaria albilanata","Oaxaca",-96.474113,17.258873,"Balsas Basin province","Mammillaria","No"
3455233330,"Mammillaria albilanata","Oaxaca",-96.48803,17.259864,"Sierra Madre del Sur province","Mammillaria","No"
3455519924,"Mammillaria albilanata","Oaxaca",-96.526597,17.304963,"Balsas Basin province","Mammillaria","No"
3307782015,"Mammillaria albilanata","Oaxaca",-97.1992,17.312833,"Sierra Madre del Sur province","Mammillaria","No"
3308104860,"Mammillaria albilanata","Oaxaca",-96.44444,17.32028,"Sierra Madre del Sur province","Mammillaria","No"
2898269473,"Mammillaria albilanata","Oaxaca",-97.130273,17.335774,"Sierra Madre del Sur province","Mammillaria","No"
1850995045,"Mammillaria albilanata","Oaxaca",-96.92516,17.370764,"Sierra Madre del Sur province","Mammillaria","No"
1088941922,"Mammillaria albilanata","Oaxaca",-96.930951,17.439065,"Sierra Madre del Sur province","Mammillaria","No"
2573879643,"Mammillaria albilanata","Oaxaca",-96.448337,17.453772,"Sierra Madre del Sur province","Mammillaria","No"
4516335494,"Mammillaria albilanata","Oaxaca",-96.935967,17.456464,"Sierra Madre del Sur province","Mammillaria","No"
2549961261,"Mammillaria albilanata","Oaxaca",-97.0855,17.462142,"Sierra Madre del Sur province","Mammillaria","No"
1850902102,"Mammillaria albilanata","Oaxaca",-97.085307,17.469148,"Sierra Madre del Sur province","Mammillaria","No"
1088941975,"Mammillaria albilanata","Oaxaca",-96.940127,17.484824,"Sierra Madre del Sur province","Mammillaria","No"
2864807353,"Mammillaria albilanata","Oaxaca",-97.858769,17.50065,"Sierra Madre del Sur province","Mammillaria","No"
4039298711,"Mammillaria albilanata","Oaxaca",-96.912193,17.5163,"Balsas Basin province","Mammillaria","No"
1621777222,"Mammillaria albilanata","Oaxaca",-97.981396,17.5241,"Sierra Madre del Sur province","Mammillaria","No"
3308277229,"Mammillaria albilanata","Oaxaca",-97.521944,17.533778,"Sierra Madre del Sur province","Mammillaria","No"
3308621628,"Mammillaria albilanata","Oaxaca",-96.95139,17.53406,"Sierra Madre del Sur province","Mammillaria","No"
4029193182,"Mammillaria albilanata","Oaxaca",-96.908361,17.543712,"Balsas Basin province","Mammillaria","No"
3988493731,"Mammillaria albilanata","Oaxaca",-97.314864,17.549328,"Sierra Madre del Sur province","Mammillaria","No"
4516375189,"Mammillaria albilanata","Oaxaca",-96.947067,17.550083,"Balsas Basin province","Mammillaria","No"
1897601320,"Mammillaria albilanata","Oaxaca",-96.945556,17.567528,"Balsas Basin province","Mammillaria","No"
3307735881,"Mammillaria albilanata","Oaxaca",-97.468667,17.56825,"Sierra Madre del Sur province","Mammillaria","No"
4512113742,"Mammillaria albilanata","Oaxaca",-97.070358,17.576097,"Sierra Madre del Sur province","Mammillaria","No"
3308416761,"Mammillaria albilanata","Oaxaca",-97.433,17.583,"Sierra Madre del Sur province","Mammillaria","No"
1848818261,"Mammillaria albilanata","Oaxaca",-96.949806,17.585442,"Balsas Basin province","Mammillaria","No"
1586915023,"Mammillaria albilanata","Oaxaca",-96.952951,17.588672,"Balsas Basin province","Mammillaria","No"
3308007941,"Mammillaria albilanata","Oaxaca",-96.94778,17.59306,"Balsas Basin province","Mammillaria","No"
1897601386,"Mammillaria albilanata","Oaxaca",-96.93347,17.60772,"Balsas Basin province","Mammillaria","No"
2898284497,"Mammillaria albilanata","Oaxaca",-98.295177,17.631219,"Balsas Basin province","Mammillaria","No"
3988441418,"Mammillaria albilanata","Oaxaca",-97.285972,17.63498,"Sierra Madre del Sur province","Mammillaria","No"
2818747654,"Mammillaria albilanata","Oaxaca",-98.04599,17.636128,"Balsas Basin province","Mammillaria","No"
2818507710,"Mammillaria albilanata","Oaxaca",-98.017745,17.643565,"Balsas Basin province","Mammillaria","No"
2629779429,"Mammillaria albilanata","Oaxaca",-97.9622,17.65678,"Sierra Madre del Sur province","Mammillaria","No"
1848817453,"Mammillaria albilanata","Oaxaca",-96.931343,17.662179,"Balsas Basin province","Mammillaria","No"
3465976721,"Mammillaria albilanata","Oaxaca",-97.25417,17.669766,"Sierra Madre del Sur province","Mammillaria","No"
3308528586,"Mammillaria albilanata","Oaxaca",-97.035,17.676028,"Sierra Madre del Sur province","Mammillaria","No"
3858202325,"Mammillaria albilanata","Oaxaca",-97.243358,17.683636,"Sierra Madre del Sur province","Mammillaria","No"
2465170311,"Mammillaria albilanata","Oaxaca",-97.271806,17.6855,"Sierra Madre del Sur province","Mammillaria","No"
2984397693,"Mammillaria albilanata","Oaxaca",-97.942945,17.687084,"Sierra Madre del Sur province","Mammillaria","No"
2898281516,"Mammillaria albilanata","Oaxaca",-97.199203,17.693317,"Sierra Madre del Sur province","Mammillaria","No"
2465204814,"Mammillaria albilanata","Oaxaca",-97.245097,17.695323,"Sierra Madre del Sur province","Mammillaria","No"
3859105567,"Mammillaria albilanata","Oaxaca",-97.200278,17.696443,"Sierra Madre del Sur province","Mammillaria","No"
2518030413,"Mammillaria albilanata","Oaxaca",-97.944283,17.70238,"Balsas Basin province","Mammillaria","No"
3915502129,"Mammillaria albilanata","Oaxaca",-97.903748,17.710107,"Balsas Basin province","Mammillaria","No"
1890668457,"Mammillaria albilanata","Oaxaca",-96.943221,17.713413,"Balsas Basin province","Mammillaria","No"
1586914755,"Mammillaria albilanata","Oaxaca",-97.154975,17.720646,"Sierra Madre del Sur province","Mammillaria","No"
2980773069,"Mammillaria albilanata","Oaxaca",-97.320934,17.725252,"Sierra Madre del Sur province","Mammillaria","No"
2269206036,"Mammillaria albilanata","Oaxaca",-96.953961,17.77116,"Balsas Basin province","Mammillaria","No"
3308523600,"Mammillaria albilanata","Oaxaca",-97.113333,17.791694,"Balsas Basin province","Mammillaria","No"
3308736222,"Mammillaria albilanata","Oaxaca",-97.180833,17.822222,"Sierra Madre del Sur province","Mammillaria","No"
2802691704,"Mammillaria albilanata","Oaxaca",-97.812778,17.838889,"Balsas Basin province","Mammillaria","No"
3986196410,"Mammillaria albilanata","Oaxaca",-97.234609,17.846767,"Sierra Madre del Sur province","Mammillaria","No"
3985735530,"Mammillaria albilanata","Oaxaca",-96.979894,17.898263,"Balsas Basin province","Mammillaria","No"
3881482315,"Mammillaria albilanata","Oaxaca",-97.166549,17.94072,"Sierra Madre del Sur province","Mammillaria","No"
2818809619,"Mammillaria albilanata","Oaxaca",-98.041745,17.949431,"Balsas Basin province","Mammillaria","No"
4506420562,"Mammillaria albilanata","Oaxaca",-96.692643,18.042115,"Sierra Madre del Sur province","Mammillaria","No"
3308712895,"Mammillaria carnea","Oaxaca",-97.064944,17.376278,"Sierra Madre del Sur province","Mammillaria","Mexico"
4436236580,"Mammillaria carnea","Oaxaca",-96.837267,17.580984,"Balsas Basin province","Mammillaria","Mexico"
4034645576,"Mammillaria carnea","Oaxaca",-96.848999,17.588819,"Balsas Basin province","Mammillaria","Mexico"
3308056979,"Mammillaria carnea","Oaxaca",-96.92072,17.62681,"Balsas Basin province","Mammillaria","Mexico"
1986528713,"Mammillaria carnea","Oaxaca",-96.913051,17.635109,"Balsas Basin province","Mammillaria","Mexico"
1914252729,"Mammillaria carnea","Oaxaca",-96.916742,17.637662,"Balsas Basin province","Mammillaria","Mexico"
2251825550,"Mammillaria carnea","Oaxaca",-96.94672,17.64444,"Balsas Basin province","Mammillaria","Mexico"
1850994371,"Mammillaria carnea","Oaxaca",-96.929958,17.651322,"Balsas Basin province","Mammillaria","Mexico"
1933596111,"Mammillaria carnea","Oaxaca",-96.941129,17.655421,"Balsas Basin province","Mammillaria","Mexico"
1703179504,"Mammillaria carnea","Oaxaca",-97.06396,17.712662,"Sierra Madre del Sur province","Mammillaria","Mexico"
1850994091,"Mammillaria carnea","Oaxaca",-97.318703,17.721327,"Sierra Madre del Sur province","Mammillaria","Mexico"
2984504859,"Mammillaria carnea","Oaxaca",-96.907806,17.722639,"Sierra Madre del Sur province","Mammillaria","Mexico"
2981075055,"Mammillaria carnea","Oaxaca",-96.921688,17.723519,"Balsas Basin province","Mammillaria","Mexico"
1894563673,"Mammillaria carnea","Oaxaca",-96.940555,17.749167,"Balsas Basin province","Mammillaria","Mexico"
1894563602,"Mammillaria carnea","Oaxaca",-96.962961,17.758271,"Balsas Basin province","Mammillaria","Mexico"
3307989459,"Mammillaria carnea","Oaxaca",-96.945197,17.789337,"Balsas Basin province","Mammillaria","Mexico"
3772919197,"Mammillaria carnea","Oaxaca",-96.867003,17.798025,"Sierra Madre del Sur province","Mammillaria","Mexico"
3773075808,"Mammillaria carnea","Oaxaca",-96.890941,17.798587,"Sierra Madre del Sur province","Mammillaria","Mexico"
1896093998,"Mammillaria carnea","Oaxaca",-96.988828,17.802308,"Balsas Basin province","Mammillaria","Mexico"
3070348184,"Mammillaria carnea","Oaxaca",-96.956749,17.803611,"Balsas Basin province","Mammillaria","Mexico"
1640073241,"Mammillaria carnea","Oaxaca",-96.995,17.808889,"Balsas Basin province","Mammillaria","Mexico"
1894563612,"Mammillaria carnea","Oaxaca",-96.9603,17.81658,"Balsas Basin province","Mammillaria","Mexico"
1897600929,"Mammillaria carnea","Oaxaca",-96.940933,17.827142,"Sierra Madre del Sur province","Mammillaria","Mexico"
1897600867,"Mammillaria carnea","Oaxaca",-96.962317,17.828777,"Balsas Basin province","Mammillaria","Mexico"
1088941967,"Mammillaria carnea","Oaxaca",-97.069372,17.847683,"Balsas Basin province","Mammillaria","Mexico"
4436376989,"Mammillaria carnea","Oaxaca",-97.038631,17.859989,"Balsas Basin province","Mammillaria","Mexico"
2596184183,"Mammillaria carnea","Oaxaca",-97.046304,17.861754,"Balsas Basin province","Mammillaria","Mexico"
3772989442,"Mammillaria carnea","Oaxaca",-97.050819,17.863094,"Balsas Basin province","Mammillaria","Mexico"
3773533592,"Mammillaria carnea","Oaxaca",-97.030158,17.86489,"Balsas Basin province","Mammillaria","Mexico"
3772542372,"Mammillaria carnea","Oaxaca",-97.016667,17.866667,"Balsas Basin province","Mammillaria","Mexico"
3802513480,"Mammillaria carnea","Oaxaca",-97.026751,17.868558,"Balsas Basin province","Mammillaria","Mexico"
1894563618,"Mammillaria carnea","Oaxaca",-97.005278,17.896389,"Balsas Basin province","Mammillaria","Mexico"
4516924272,"Mammillaria carnea","Oaxaca",-96.9673,17.898047,"Balsas Basin province","Mammillaria","Mexico"
1894563627,"Mammillaria carnea","Oaxaca",-97.008294,17.906836,"Balsas Basin province","Mammillaria","Mexico"
1894563527,"Mammillaria carnea","Oaxaca",-96.988035,17.908037,"Balsas Basin province","Mammillaria","Mexico"
3415680575,"Mammillaria carnea","Oaxaca",-97.06833,17.90819,"Balsas Basin province","Mammillaria","Mexico"
3415933550,"Mammillaria carnea","Oaxaca",-96.971114,17.909169,"Balsas Basin province","Mammillaria","Mexico"
4516712487,"Mammillaria carnea","Oaxaca",-96.979758,17.913047,"Balsas Basin province","Mammillaria","Mexico"
1897600984,"Mammillaria carnea","Oaxaca",-97.319298,17.934969,"Sierra Madre del Sur province","Mammillaria","Mexico"
1899758457,"Mammillaria carnea","Oaxaca",-97.032168,17.935339,"Balsas Basin province","Mammillaria","Mexico"
1898810994,"Mammillaria carnea","Oaxaca",-97.009406,17.938469,"Balsas Basin province","Mammillaria","Mexico"
1894563509,"Mammillaria carnea","Oaxaca",-97.266667,17.946111,"Sierra Madre del Sur province","Mammillaria","Mexico"
1883972656,"Mammillaria carnea","Oaxaca",-97.421941,17.965049,"Sierra Madre del Sur province","Mammillaria","Mexico"
3859664309,"Mammillaria carnea","Oaxaca",-97.034836,17.98365,"Balsas Basin province","Mammillaria","Mexico"
1894563482,"Mammillaria carnea","Oaxaca",-97.05833,18.04611,"Balsas Basin province","Mammillaria","Mexico"
1894563646,"Mammillaria carnea","Oaxaca",-97.361612,18.053173,"Balsas Basin province","Mammillaria","Mexico"
1253300974,"Mammillaria carnea","Oaxaca",-97.112194,18.119528,"Balsas Basin province","Mammillaria","Mexico"
1894563417,"Mammillaria carnea","Oaxaca",-97.14297,18.149569,"Balsas Basin province","Mammillaria","Mexico"
1894563533,"Mammillaria carnea","Oaxaca",-97.165833,18.180104,"Balsas Basin province","Mammillaria","Mexico"
1453497559,"Mammillaria carnea","Oaxaca",-97.688153,18.210714,"Balsas Basin province","Mammillaria","Mexico"
3986071561,"Mammillaria crucigera","Oaxaca",-97.989926,17.884451,"Balsas Basin province","Mammillaria","Mexico"
1668886121,"Mammillaria crucigera","Oaxaca",-97.190052,17.902261,"Sierra Madre del Sur province","Mammillaria","Mexico"
1897350351,"Mammillaria crucigera","Oaxaca",-97.060167,17.912667,"Balsas Basin province","Mammillaria","Mexico"
1894009550,"Mammillaria crucigera","Oaxaca",-97.044,17.957222,"Balsas Basin province","Mammillaria","Mexico"
1417671607,"Mammillaria crucigera","Oaxaca",-97.05001,18.033003,"Balsas Basin province","Mammillaria","Mexico"
3308099124,"Mammillaria crucigera","Oaxaca",-97.0676,18.066,"Balsas Basin province","Mammillaria","Mexico"
1894009529,"Mammillaria crucigera","Oaxaca",-97.067183,18.081817,"Balsas Basin province","Mammillaria","Mexico"
1894009512,"Mammillaria crucigera","Oaxaca",-97.086417,18.091,"Balsas Basin province","Mammillaria","Mexico"
3308523554,"Mammillaria crucigera","Oaxaca",-97.073917,18.09575,"Balsas Basin province","Mammillaria","Mexico"
1894009510,"Mammillaria crucigera","Oaxaca",-97.073067,18.111267,"Balsas Basin province","Mammillaria","Mexico"
1417671479,"Mammillaria crucigera","Oaxaca",-97.100005,18.133002,"Balsas Basin province","Mammillaria","Mexico"
1894009523,"Mammillaria crucigera","Oaxaca",-97.082,18.135167,"Balsas Basin province","Mammillaria","Mexico"
3032046779,"Mammillaria deherdtiana","Oaxaca",-96.213138,16.919448,"Pacific Lowlands province","Mammillaria","Oaxaca"
2311426125,"Mammillaria deherdtiana","Oaxaca",-96.592431,17.012985,"Balsas Basin province","Mammillaria","Oaxaca"
3416170174,"Mammillaria deherdtiana","Oaxaca",-96.557038,17.023991,"Balsas Basin province","Mammillaria","Oaxaca"
1880676481,"Mammillaria deherdtiana","Oaxaca",-96.736755,17.079267,"Balsas Basin province","Mammillaria","Oaxaca"
2619997382,"Mammillaria deherdtiana","Oaxaca",-96.251634,17.086208,"Sierra Madre del Sur province","Mammillaria","Oaxaca"
1323036298,"Mammillaria deherdtiana","Oaxaca",-96.571557,17.089785,"Sierra Madre del Sur province","Mammillaria","Oaxaca"
1291120743,"Mammillaria deherdtiana","Oaxaca",-96.470025,17.093449,"Sierra Madre del Sur province","Mammillaria","Oaxaca"
4062921577,"Mammillaria deherdtiana","Oaxaca",-96.345112,17.110546,"Sierra Madre del Sur province","Mammillaria","Oaxaca"
1897487350,"Mammillaria deherdtiana","Oaxaca",-96.3555,17.116222,"Sierra Madre del Sur province","Mammillaria","Oaxaca"
1640073180,"Mammillaria deherdtiana","Oaxaca",-96.470364,17.118208,"Sierra Madre del Sur province","Mammillaria","Oaxaca"
4413763494,"Mammillaria deherdtiana","Oaxaca",-96.471211,17.14368,"Sierra Madre del Sur province","Mammillaria","Oaxaca"
1897487344,"Mammillaria deherdtiana","Oaxaca",-96.378444,17.152278,"Sierra Madre del Sur province","Mammillaria","Oaxaca"
1986592665,"Mammillaria deherdtiana","Oaxaca",-96.410907,17.15378,"Sierra Madre del Sur province","Mammillaria","Oaxaca"
3873747899,"Mammillaria deherdtiana","Oaxaca",-96.585921,17.166299,"Sierra Madre del Sur province","Mammillaria","Oaxaca"
2579275361,"Mammillaria deherdtiana","Oaxaca",-96.307672,17.170442,"Sierra Madre del Sur province","Mammillaria","Oaxaca"
3873072569,"Mammillaria deherdtiana","Oaxaca",-96.572486,17.171208,"Sierra Madre del Sur province","Mammillaria","Oaxaca"
3308107374,"Mammillaria deherdtiana","Oaxaca",-96.38306,17.17139,"Sierra Madre del Sur province","Mammillaria","Oaxaca"
2862613388,"Mammillaria deherdtiana","Oaxaca",-96.401963,17.181277,"Sierra Madre del Sur province","Mammillaria","Oaxaca"
1562911586,"Mammillaria deherdtiana","Oaxaca",-96.558217,17.195073,"Sierra Madre del Sur province","Mammillaria","Oaxaca"
4080461056,"Mammillaria deherdtiana","Oaxaca",-96.477902,17.287379,"Balsas Basin province","Mammillaria","Oaxaca"
3308724844,"Mammillaria dixanthocentron","Oaxaca",-97.0568,17.4713,"Sierra Madre del Sur province","Mammillaria","Mexico"
1894564017,"Mammillaria dixanthocentron","Oaxaca",-97.086889,17.585417,"Sierra Madre del Sur province","Mammillaria","Mexico"
2557759905,"Mammillaria dixanthocentron","Oaxaca",-96.99703,17.632893,"Sierra Madre del Sur province","Mammillaria","Mexico"
3384634960,"Mammillaria dixanthocentron","Oaxaca",-97.15351,17.653123,"Sierra Madre del Sur province","Mammillaria","Mexico"
1897602180,"Mammillaria dixanthocentron","Oaxaca",-97.946944,17.685833,"Sierra Madre del Sur province","Mammillaria","Mexico"
1894009544,"Mammillaria dixanthocentron","Oaxaca",-97.414083,17.693694,"Sierra Madre del Sur province","Mammillaria","Mexico"
3308653740,"Mammillaria dixanthocentron","Oaxaca",-96.965,17.705111,"Balsas Basin province","Mammillaria","Mexico"
2596167185,"Mammillaria dixanthocentron","Oaxaca",-97.162647,17.709869,"Sierra Madre del Sur province","Mammillaria","Mexico"
3307766762,"Mammillaria dixanthocentron","Oaxaca",-96.96425,17.755889,"Balsas Basin province","Mammillaria","Mexico"
1088942014,"Mammillaria dixanthocentron","Oaxaca",-96.987389,17.759021,"Balsas Basin province","Mammillaria","Mexico"
3308107675,"Mammillaria dixanthocentron","Oaxaca",-96.991861,17.769417,"Balsas Basin province","Mammillaria","Mexico"
4438870792,"Mammillaria dixanthocentron","Oaxaca",-97.867917,17.777062,"Balsas Basin province","Mammillaria","Mexico"
1453493004,"Mammillaria dixanthocentron","Oaxaca",-96.973062,17.787804,"Balsas Basin province","Mammillaria","Mexico"
1986568995,"Mammillaria dixanthocentron","Oaxaca",-96.964699,17.798284,"Balsas Basin province","Mammillaria","Mexico"
3039355237,"Mammillaria dixanthocentron","Oaxaca",-97.017141,17.807377,"Balsas Basin province","Mammillaria","Mexico"
4438748511,"Mammillaria dixanthocentron","Oaxaca",-97.119961,17.809307,"Balsas Basin province","Mammillaria","Mexico"
1894009572,"Mammillaria dixanthocentron","Oaxaca",-97.018694,17.809778,"Balsas Basin province","Mammillaria","Mexico"
3058850886,"Mammillaria dixanthocentron","Oaxaca",-97.19253,17.810754,"Sierra Madre del Sur province","Mammillaria","Mexico"
3773456228,"Mammillaria dixanthocentron","Oaxaca",-97.16205,17.818836,"Sierra Madre del Sur province","Mammillaria","Mexico"
3773328862,"Mammillaria dixanthocentron","Oaxaca",-97.157239,17.81912,"Sierra Madre del Sur province","Mammillaria","Mexico"
1088941979,"Mammillaria dixanthocentron","Oaxaca",-96.978412,17.819129,"Balsas Basin province","Mammillaria","Mexico"
3892408177,"Mammillaria dixanthocentron","Oaxaca",-97.093378,17.834332,"Balsas Basin province","Mammillaria","Mexico"
3986138579,"Mammillaria dixanthocentron","Oaxaca",-97.176789,17.834704,"Sierra Madre del Sur province","Mammillaria","Mexico"
3773814337,"Mammillaria dixanthocentron","Oaxaca",-97.035981,17.837008,"Balsas Basin province","Mammillaria","Mexico"
1894009557,"Mammillaria dixanthocentron","Oaxaca",-96.912389,17.838278,"Sierra Madre del Sur province","Mammillaria","Mexico"
1897602104,"Mammillaria dixanthocentron","Oaxaca",-97.01666,17.845,"Balsas Basin province","Mammillaria","Mexico"
2596158834,"Mammillaria dixanthocentron","Oaxaca",-97.017877,17.846427,"Balsas Basin province","Mammillaria","Mexico"
4516612492,"Mammillaria dixanthocentron","Oaxaca",-96.88802,17.847653,"Sierra Madre del Sur province","Mammillaria","Mexico"
3773696181,"Mammillaria dixanthocentron","Oaxaca",-97.182941,17.855698,"Sierra Madre del Sur province","Mammillaria","Mexico"
3773490363,"Mammillaria dixanthocentron","Oaxaca",-97.027845,17.856896,"Balsas Basin province","Mammillaria","Mexico"
3773489249,"Mammillaria dixanthocentron","Oaxaca",-97.035637,17.859579,"Balsas Basin province","Mammillaria","Mexico"
3124879431,"Mammillaria dixanthocentron","Oaxaca",-97.171596,17.859997,"Sierra Madre del Sur province","Mammillaria","Mexico"
1088941999,"Mammillaria dixanthocentron","Oaxaca",-96.894416,17.863044,"Sierra Madre del Sur province","Mammillaria","Mexico"
3772534213,"Mammillaria dixanthocentron","Oaxaca",-97.164977,17.866196,"Sierra Madre del Sur province","Mammillaria","Mexico"
3408236752,"Mammillaria dixanthocentron","Oaxaca",-97.091555,17.86703,"Balsas Basin province","Mammillaria","Mexico"
4516837371,"Mammillaria dixanthocentron","Oaxaca",-97.136337,17.868189,"Balsas Basin province","Mammillaria","Mexico"
1897602160,"Mammillaria dixanthocentron","Oaxaca",-97.016667,17.86833,"Balsas Basin province","Mammillaria","Mexico"
3773049868,"Mammillaria dixanthocentron","Oaxaca",-97.074105,17.868621,"Balsas Basin province","Mammillaria","Mexico"
1894009551,"Mammillaria dixanthocentron","Oaxaca",-97.460472,17.869222,"Sierra Madre del Sur province","Mammillaria","Mexico"
3772873299,"Mammillaria dixanthocentron","Oaxaca",-97.066063,17.870441,"Balsas Basin province","Mammillaria","Mexico"
2993506530,"Mammillaria dixanthocentron","Oaxaca",-96.96725,17.87125,"Balsas Basin province","Mammillaria","Mexico"
3892636210,"Mammillaria dixanthocentron","Oaxaca",-97.130076,17.876378,"Balsas Basin province","Mammillaria","Mexico"
3773041726,"Mammillaria dixanthocentron","Oaxaca",-97.07178,17.883313,"Balsas Basin province","Mammillaria","Mexico"
3308107956,"Mammillaria dixanthocentron","Oaxaca",-97.11667,17.88333,"Balsas Basin province","Mammillaria","Mexico"
3308370377,"Mammillaria dixanthocentron","Oaxaca",-97.007,17.885,"Balsas Basin province","Mammillaria","Mexico"
3772903710,"Mammillaria dixanthocentron","Oaxaca",-97.179589,17.889802,"Sierra Madre del Sur province","Mammillaria","Mexico"
1894009592,"Mammillaria dixanthocentron","Oaxaca",-97.008717,17.893283,"Balsas Basin province","Mammillaria","Mexico"
1894009545,"Mammillaria dixanthocentron","Oaxaca",-97.416667,17.895611,"Sierra Madre del Sur province","Mammillaria","Mexico"
3772963621,"Mammillaria dixanthocentron","Oaxaca",-97.133436,17.898089,"Balsas Basin province","Mammillaria","Mexico"
2862629339,"Mammillaria dixanthocentron","Oaxaca",-97.156141,17.899157,"Sierra Madre del Sur province","Mammillaria","Mexico"
4522698745,"Mammillaria dixanthocentron","Oaxaca",-97.170617,17.8992,"Sierra Madre del Sur province","Mammillaria","Mexico"
1703199837,"Mammillaria dixanthocentron","Oaxaca",-97.094432,17.901498,"Balsas Basin province","Mammillaria","Mexico"
3773274963,"Mammillaria dixanthocentron","Oaxaca",-97.085613,17.902298,"Balsas Basin province","Mammillaria","Mexico"
1883972594,"Mammillaria dixanthocentron","Oaxaca",-97.045681,17.903033,"Balsas Basin province","Mammillaria","Mexico"
4516901037,"Mammillaria dixanthocentron","Oaxaca",-97.075046,17.904026,"Balsas Basin province","Mammillaria","Mexico"
1894009536,"Mammillaria dixanthocentron","Oaxaca",-97.070917,17.904667,"Balsas Basin province","Mammillaria","Mexico"
1894009560,"Mammillaria dixanthocentron","Oaxaca",-97.008933,17.9096,"Balsas Basin province","Mammillaria","Mexico"
1894009533,"Mammillaria dixanthocentron","Oaxaca",-97.449222,17.910333,"Sierra Madre del Sur province","Mammillaria","Mexico"
3124628828,"Mammillaria dixanthocentron","Oaxaca",-97.06724,17.910348,"Balsas Basin province","Mammillaria","Mexico"
3985677621,"Mammillaria dixanthocentron","Oaxaca",-97.07661,17.910636,"Balsas Basin province","Mammillaria","Mexico"
3772905117,"Mammillaria dixanthocentron","Oaxaca",-97.190748,17.914144,"Sierra Madre del Sur province","Mammillaria","Mexico"
3772956094,"Mammillaria dixanthocentron","Oaxaca",-97.112979,17.921293,"Balsas Basin province","Mammillaria","Mexico"
3416065212,"Mammillaria dixanthocentron","Oaxaca",-97.059806,17.923036,"Balsas Basin province","Mammillaria","Mexico"
3985717588,"Mammillaria dixanthocentron","Oaxaca",-97.027448,17.929044,"Balsas Basin province","Mammillaria","Mexico"
1920793581,"Mammillaria dixanthocentron","Oaxaca",-97.156601,17.930772,"Sierra Madre del Sur province","Mammillaria","Mexico"
3772647967,"Mammillaria dixanthocentron","Oaxaca",-97.078202,17.93243,"Balsas Basin province","Mammillaria","Mexico"
3772568679,"Mammillaria dixanthocentron","Oaxaca",-97.099135,17.936414,"Balsas Basin province","Mammillaria","Mexico"
3773028161,"Mammillaria dixanthocentron","Oaxaca",-97.142996,17.943961,"Sierra Madre del Sur province","Mammillaria","Mexico"
1920793588,"Mammillaria dixanthocentron","Oaxaca",-97.029644,17.94834,"Balsas Basin province","Mammillaria","Mexico"
3985696439,"Mammillaria dixanthocentron","Oaxaca",-97.076309,17.95603,"Balsas Basin province","Mammillaria","Mexico"
2596183797,"Mammillaria dixanthocentron","Oaxaca",-97.152776,17.956184,"Sierra Madre del Sur province","Mammillaria","Mexico"
3772479748,"Mammillaria dixanthocentron","Oaxaca",-97.100383,17.956712,"Balsas Basin province","Mammillaria","Mexico"
3772491194,"Mammillaria dixanthocentron","Oaxaca",-97.116298,17.95977,"Balsas Basin province","Mammillaria","Mexico"
2984447813,"Mammillaria dixanthocentron","Oaxaca",-97.036025,17.965747,"Balsas Basin province","Mammillaria","Mexico"
3773035283,"Mammillaria dixanthocentron","Oaxaca",-97.01844,17.965758,"Balsas Basin province","Mammillaria","Mexico"
3772822861,"Mammillaria dixanthocentron","Oaxaca",-97.037488,17.968193,"Balsas Basin province","Mammillaria","Mexico"
1880663974,"Mammillaria dixanthocentron","Oaxaca",-97.197833,17.971214,"Sierra Madre del Sur province","Mammillaria","Mexico"
3124636820,"Mammillaria dixanthocentron","Oaxaca",-97.149342,17.979359,"Balsas Basin province","Mammillaria","Mexico"
3773230381,"Mammillaria dixanthocentron","Oaxaca",-97.141938,17.986863,"Balsas Basin province","Mammillaria","Mexico"
3407898096,"Mammillaria dixanthocentron","Oaxaca",-97.149943,17.992816,"Balsas Basin province","Mammillaria","Mexico"
3966595627,"Mammillaria dixanthocentron","Oaxaca",-97.158583,17.996859,"Balsas Basin province","Mammillaria","Mexico"
2984439782,"Mammillaria dixanthocentron","Oaxaca",-97.075429,17.99716,"Balsas Basin province","Mammillaria","Mexico"
1897602161,"Mammillaria dixanthocentron","Oaxaca",-97.087222,18.005556,"Balsas Basin province","Mammillaria","Mexico"
3308667740,"Mammillaria dixanthocentron","Oaxaca",-97.054167,18.018556,"Balsas Basin province","Mammillaria","Mexico"
2423255520,"Mammillaria dixanthocentron","Oaxaca",-97.094242,18.025749,"Balsas Basin province","Mammillaria","Mexico"
3308074886,"Mammillaria dixanthocentron","Oaxaca",-97.0500598,18.0336933,"Balsas Basin province","Mammillaria","Mexico"
3307792639,"Mammillaria dixanthocentron","Oaxaca",-97.055778,18.048694,"Balsas Basin province","Mammillaria","Mexico"
1978816727,"Mammillaria dixanthocentron","Oaxaca",-97.126627,18.049873,"Balsas Basin province","Mammillaria","Mexico"
1894009548,"Mammillaria dixanthocentron","Oaxaca",-97.066194,18.059472,"Balsas Basin province","Mammillaria","Mexico"
3308464296,"Mammillaria dixanthocentron","Oaxaca",-97.067611,18.066028,"Balsas Basin province","Mammillaria","Mexico"
1897602121,"Mammillaria dixanthocentron","Oaxaca",-97.062222,18.068333,"Balsas Basin province","Mammillaria","Mexico"
3308369260,"Mammillaria dixanthocentron","Oaxaca",-97.045,18.070389,"Balsas Basin province","Mammillaria","Mexico"
1894009539,"Mammillaria dixanthocentron","Oaxaca",-97.074117,18.075133,"Balsas Basin province","Mammillaria","Mexico"
3308596054,"Mammillaria dixanthocentron","Oaxaca",-97.065972,18.085844,"Balsas Basin province","Mammillaria","Mexico"
3307766714,"Mammillaria dixanthocentron","Oaxaca",-97.087417,18.136167,"Balsas Basin province","Mammillaria","Mexico"
3308082447,"Mammillaria flavicentra","Oaxaca",-97.31839,17.12058,"Sierra Madre del Sur province","Mammillaria","Mexico"
3308727089,"Mammillaria flavicentra","Oaxaca",-97.172278,17.173639,"Sierra Madre del Sur province","Mammillaria","Mexico"
3308080651,"Mammillaria flavicentra","Oaxaca",-97.292917,17.265556,"Sierra Madre del Sur province","Mammillaria","Mexico"
3308108047,"Mammillaria flavicentra","Oaxaca",-97.3668,17.28599,"Sierra Madre del Sur province","Mammillaria","Mexico"
3308727233,"Mammillaria flavicentra","Oaxaca",-97.3351,17.36938,"Sierra Madre del Sur province","Mammillaria","Mexico"
3308099223,"Mammillaria flavicentra","Oaxaca",-97.03527,17.43386,"Sierra Madre del Sur province","Mammillaria","Mexico"
3308630116,"Mammillaria flavicentra","Oaxaca",-97.46611,17.46419,"Sierra Madre del Sur province","Mammillaria","Mexico"
3308655960,"Mammillaria flavicentra","Oaxaca",-97.16823,17.46575,"Sierra Madre del Sur province","Mammillaria","Mexico"
3308712488,"Mammillaria flavicentra","Oaxaca",-97.2013,17.46772,"Sierra Madre del Sur province","Mammillaria","Mexico"
3308662894,"Mammillaria flavicentra","Oaxaca",-97.06133,17.46786,"Sierra Madre del Sur province","Mammillaria","Mexico"
3308642303,"Mammillaria flavicentra","Oaxaca",-97.217,17.483,"Sierra Madre del Sur province","Mammillaria","Mexico"
3308086346,"Mammillaria flavicentra","Oaxaca",-97.31887,17.53601,"Sierra Madre del Sur province","Mammillaria","Mexico"
3308067238,"Mammillaria flavicentra","Oaxaca",-97.05275,17.56748,"Sierra Madre del Sur province","Mammillaria","Mexico"
3872973341,"Mammillaria flavicentra","Oaxaca",-97.34664,17.601723,"Sierra Madre del Sur province","Mammillaria","Mexico"
3308729089,"Mammillaria flavicentra","Oaxaca",-97.198,17.60393,"Sierra Madre del Sur province","Mammillaria","Mexico"
1894555595,"Mammillaria flavicentra","Oaxaca",-97.038333,17.650833,"Sierra Madre del Sur province","Mammillaria","Mexico"
1668788385,"Mammillaria flavicentra","Oaxaca",-97.133346,17.655841,"Sierra Madre del Sur province","Mammillaria","Mexico"
3873024576,"Mammillaria flavicentra","Oaxaca",-97.26541,17.666093,"Sierra Madre del Sur province","Mammillaria","Mexico"
1931535189,"Mammillaria flavicentra","Oaxaca",-97.251363,17.668231,"Sierra Madre del Sur province","Mammillaria","Mexico"
3308214609,"Mammillaria flavicentra","Oaxaca",-97.459694,17.675861,"Sierra Madre del Sur province","Mammillaria","Mexico"
3308077273,"Mammillaria flavicentra","Oaxaca",-97.44861,17.68889,"Sierra Madre del Sur province","Mammillaria","Mexico"
1883972304,"Mammillaria flavicentra","Oaxaca",-97.261264,17.693223,"Sierra Madre del Sur province","Mammillaria","Mexico"
3308107962,"Mammillaria flavicentra","Oaxaca",-97.162444,17.709861,"Sierra Madre del Sur province","Mammillaria","Mexico"
3308100251,"Mammillaria flavicentra","Oaxaca",-96.901917,17.803556,"Sierra Madre del Sur province","Mammillaria","Mexico"
1848812982,"Mammillaria flavicentra","Oaxaca",-96.884072,17.803693,"Sierra Madre del Sur province","Mammillaria","Mexico"
3307787539,"Mammillaria flavicentra","Oaxaca",-97.4929,17.8044,"Sierra Madre del Sur province","Mammillaria","Mexico"
4126823859,"Mammillaria flavicentra","Oaxaca",-96.880407,17.824343,"Sierra Madre del Sur province","Mammillaria","Mexico"
3308409518,"Mammillaria flavicentra","Oaxaca",-96.932417,17.835278,"Sierra Madre del Sur province","Mammillaria","Mexico"
3859190396,"Mammillaria flavicentra","Oaxaca",-96.893059,17.844088,"Sierra Madre del Sur province","Mammillaria","Mexico"
1883972244,"Mammillaria flavicentra","Oaxaca",-97.496757,17.846226,"Sierra Madre del Sur province","Mammillaria","Mexico"
2242748807,"Mammillaria flavicentra","Oaxaca",-97.326931,17.846999,"Sierra Madre del Sur province","Mammillaria","Mexico"
3307902798,"Mammillaria flavicentra","Oaxaca",-97.203278,17.847694,"Sierra Madre del Sur province","Mammillaria","Mexico"
1668795571,"Mammillaria flavicentra","Oaxaca",-96.901431,17.863853,"Sierra Madre del Sur province","Mammillaria","Mexico"
1836696680,"Mammillaria flavicentra","Oaxaca",-97.34436,17.867959,"Sierra Madre del Sur province","Mammillaria","Mexico"
3308348737,"Mammillaria flavicentra","Oaxaca",-97.406167,17.876417,"Sierra Madre del Sur province","Mammillaria","Mexico"
3355703389,"Mammillaria flavicentra","Oaxaca",-97.346655,17.883589,"Sierra Madre del Sur province","Mammillaria","Mexico"
2898343527,"Mammillaria flavicentra","Oaxaca",-96.887898,17.886373,"Sierra Madre del Sur province","Mammillaria","Mexico"
2517959405,"Mammillaria flavicentra","Oaxaca",-97.437684,17.887936,"Sierra Madre del Sur province","Mammillaria","Mexico"
3466342643,"Mammillaria flavicentra","Oaxaca",-97.43143,17.898511,"Sierra Madre del Sur province","Mammillaria","Mexico"
1950012182,"Mammillaria flavicentra","Oaxaca",-97.341559,17.95606,"Sierra Madre del Sur province","Mammillaria","Mexico"
2422815938,"Mammillaria flavicentra","Oaxaca",-97.431316,17.962425,"Sierra Madre del Sur province","Mammillaria","Mexico"
4046407851,"Mammillaria flavicentra","Oaxaca",-97.451012,18.0455,"Balsas Basin province","Mammillaria","Mexico"
1894555590,"Mammillaria flavicentra","Oaxaca",-97.003444,18.054361,"Sierra Madre del Sur province","Mammillaria","Mexico"
1586085184,"Mammillaria flavicentra","Oaxaca",-97.005672,18.061333,"Sierra Madre del Sur province","Mammillaria","Mexico"
3307826918,"Mammillaria flavicentra","Oaxaca",-97.31667,18.06667,"Sierra Madre del Sur province","Mammillaria","Mexico"
1883972519,"Mammillaria flavicentra","Oaxaca",-96.964774,18.071615,"Sierra Madre del Sur province","Mammillaria","Mexico"
1586085857,"Mammillaria flavicentra","Oaxaca",-97.014341,18.088831,"Sierra Madre del Sur province","Mammillaria","Mexico"
4006648672,"Mammillaria haageana","Oaxaca",-96.559472,16.257278,"Sierra Madre del Sur province","Mammillaria","Mexico"
3117788419,"Mammillaria haageana","Oaxaca",-96.643096,16.279638,"Sierra Madre del Sur province","Mammillaria","Mexico"
3337953925,"Mammillaria haageana","Oaxaca",-96.63121,16.289905,"Sierra Madre del Sur province","Mammillaria","Mexico"
3985829823,"Mammillaria haageana","Oaxaca",-96.467848,16.402959,"Balsas Basin province","Mammillaria","Mexico"
3308695696,"Mammillaria haageana","Oaxaca",-97.58125,16.90128,"Sierra Madre del Sur province","Mammillaria","Mexico"
3308695085,"Mammillaria haageana","Oaxaca",-96.9162,17.03131,"Sierra Madre del Sur province","Mammillaria","Mexico"
3308153599,"Mammillaria haageana","Oaxaca",-96.9151,17.04683,"Sierra Madre del Sur province","Mammillaria","Mexico"
1897576551,"Mammillaria haageana","Oaxaca",-96.897417,17.049306,"Sierra Madre del Sur province","Mammillaria","Mexico"
3308753514,"Mammillaria haageana","Oaxaca",-96.9132,17.05483,"Sierra Madre del Sur province","Mammillaria","Mexico"
1897576542,"Mammillaria haageana","Oaxaca",-96.895139,17.070111,"Sierra Madre del Sur province","Mammillaria","Mexico"
3308701006,"Mammillaria haageana","Oaxaca",-96.8446,17.07019,"Balsas Basin province","Mammillaria","Mexico"
1897576553,"Mammillaria haageana","Oaxaca",-96.889028,17.0715,"Balsas Basin province","Mammillaria","Mexico"
3117808410,"Mammillaria haageana","Oaxaca",-96.864822,17.083977,"Balsas Basin province","Mammillaria","Mexico"
3308652213,"Mammillaria haageana","Oaxaca",-97.304583,17.182383,"Sierra Madre del Sur province","Mammillaria","Mexico"
3456838254,"Mammillaria haageana","Oaxaca",-96.490646,17.255394,"Sierra Madre del Sur province","Mammillaria","Mexico"
1893438696,"Mammillaria haageana","Oaxaca",-96.908333,17.291667,"Balsas Basin province","Mammillaria","Mexico"
3902987660,"Mammillaria haageana","Oaxaca",-97.246391,17.320177,"Sierra Madre del Sur province","Mammillaria","Mexico"
1897606502,"Mammillaria haageana","Oaxaca",-97.152511,17.363806,"Sierra Madre del Sur province","Mammillaria","Mexico"
3308557438,"Mammillaria haageana","Oaxaca",-97.95178,17.45153,"Sierra Madre del Sur province","Mammillaria","Mexico"
3308145457,"Mammillaria haageana","Oaxaca",-97.38642,17.55453,"Sierra Madre del Sur province","Mammillaria","Mexico"
3881525292,"Mammillaria haageana","Oaxaca",-97.319894,17.637726,"Sierra Madre del Sur province","Mammillaria","Mexico"
3881892338,"Mammillaria haageana","Oaxaca",-97.247971,17.664737,"Sierra Madre del Sur province","Mammillaria","Mexico"
3455653971,"Mammillaria haageana","Oaxaca",-97.123362,17.667557,"Sierra Madre del Sur province","Mammillaria","Mexico"
3881464489,"Mammillaria haageana","Oaxaca",-97.25784,17.668652,"Sierra Madre del Sur province","Mammillaria","Mexico"
3308527769,"Mammillaria haageana","Oaxaca",-97.55881,17.67122,"Sierra Madre del Sur province","Mammillaria","Mexico"
3881911322,"Mammillaria haageana","Oaxaca",-97.24785,17.675247,"Sierra Madre del Sur province","Mammillaria","Mexico"
2465202721,"Mammillaria haageana","Oaxaca",-97.233056,17.677361,"Sierra Madre del Sur province","Mammillaria","Mexico"
2980948307,"Mammillaria haageana","Oaxaca",-97.256457,17.691261,"Sierra Madre del Sur province","Mammillaria","Mexico"
3307887609,"Mammillaria haageana","Oaxaca",-97.0334,17.6918,"Balsas Basin province","Mammillaria","Mexico"
2465131111,"Mammillaria haageana","Oaxaca",-97.267639,17.692722,"Sierra Madre del Sur province","Mammillaria","Mexico"
3915345897,"Mammillaria haageana","Oaxaca",-97.935156,17.693797,"Balsas Basin province","Mammillaria","Mexico"
2898339996,"Mammillaria haageana","Oaxaca",-97.319549,17.707729,"Sierra Madre del Sur province","Mammillaria","Mexico"
2984521531,"Mammillaria haageana","Oaxaca",-97.320419,17.725088,"Sierra Madre del Sur province","Mammillaria","Mexico"
3881565405,"Mammillaria haageana","Oaxaca",-96.96845,17.726052,"Balsas Basin province","Mammillaria","Mexico"
1088932889,"Mammillaria haageana","Oaxaca",-97.298286,17.736653,"Sierra Madre del Sur province","Mammillaria","Mexico"
3985689475,"Mammillaria haageana","Oaxaca",-97.071211,17.751385,"Sierra Madre del Sur province","Mammillaria","Mexico"
2451576831,"Mammillaria haageana","Oaxaca",-97.318047,17.762786,"Sierra Madre del Sur province","Mammillaria","Mexico"
1668840348,"Mammillaria haageana","Oaxaca",-97.680817,17.768631,"Balsas Basin province","Mammillaria","Mexico"
1668840440,"Mammillaria haageana","Oaxaca",-97.687168,17.778603,"Balsas Basin province","Mammillaria","Mexico"
3873666303,"Mammillaria haageana","Oaxaca",-97.20449,17.77886,"Sierra Madre del Sur province","Mammillaria","Mexico"
3915363916,"Mammillaria haageana","Oaxaca",-97.439945,17.788182,"Sierra Madre del Sur province","Mammillaria","Mexico"
3915385710,"Mammillaria haageana","Oaxaca",-97.442626,17.788323,"Sierra Madre del Sur province","Mammillaria","Mexico"
3915418628,"Mammillaria haageana","Oaxaca",-97.446026,17.796682,"Sierra Madre del Sur province","Mammillaria","Mexico"
1894563360,"Mammillaria haageana","Oaxaca",-97.320833,17.817528,"Sierra Madre del Sur province","Mammillaria","Mexico"
3113584678,"Mammillaria haageana","Oaxaca",-97.34041,17.822419,"Sierra Madre del Sur province","Mammillaria","Mexico"
2456572947,"Mammillaria haageana","Oaxaca",-97.513714,17.846937,"Sierra Madre del Sur province","Mammillaria","Mexico"
2573831270,"Mammillaria haageana","Oaxaca",-97.1851,17.85249,"Sierra Madre del Sur province","Mammillaria","Mexico"
3873628923,"Mammillaria haageana","Oaxaca",-97.511787,17.852792,"Sierra Madre del Sur province","Mammillaria","Mexico"
1990612496,"Mammillaria haageana","Oaxaca",-97.356222,17.853157,"Sierra Madre del Sur province","Mammillaria","Mexico"
2576341808,"Mammillaria haageana","Oaxaca",-97.323871,17.856039,"Sierra Madre del Sur province","Mammillaria","Mexico"
1024206148,"Mammillaria haageana","Oaxaca",-97.239814,17.856468,"Sierra Madre del Sur province","Mammillaria","Mexico"
3112547301,"Mammillaria haageana","Oaxaca",-97.357827,17.860157,"Sierra Madre del Sur province","Mammillaria","Mexico"
3858273852,"Mammillaria haageana","Oaxaca",-97.331908,17.871992,"Sierra Madre del Sur province","Mammillaria","Mexico"
1668893396,"Mammillaria haageana","Oaxaca",-97.84087,17.87829,"Balsas Basin province","Mammillaria","Mexico"
1890676697,"Mammillaria haageana","Oaxaca",-97.412778,17.880833,"Sierra Madre del Sur province","Mammillaria","Mexico"
2265777806,"Mammillaria haageana","Oaxaca",-97.439257,17.928038,"Sierra Madre del Sur province","Mammillaria","Mexico"
1894563588,"Mammillaria haageana","Oaxaca",-97.295528,17.934361,"Sierra Madre del Sur province","Mammillaria","Mexico"
3466142338,"Mammillaria haageana","Oaxaca",-97.426174,17.969638,"Sierra Madre del Sur province","Mammillaria","Mexico"
2550024222,"Mammillaria haageana","Oaxaca",-97.373889,17.976389,"Sierra Madre del Sur province","Mammillaria","Mexico"
3005161377,"Mammillaria haageana","Oaxaca",-97.343132,17.978656,"Sierra Madre del Sur province","Mammillaria","Mexico"
1883566644,"Mammillaria haageana","Oaxaca",-97.680924,18.002938,"Balsas Basin province","Mammillaria","Mexico"
3859146404,"Mammillaria haageana","Oaxaca",-97.655172,18.009776,"Balsas Basin province","Mammillaria","Mexico"
3858224396,"Mammillaria haageana","Oaxaca",-97.659088,18.015682,"Balsas Basin province","Mammillaria","Mexico"
3307957003,"Mammillaria haageana","Oaxaca",-97.683,18.017,"Balsas Basin province","Mammillaria","Mexico"
1897601141,"Mammillaria haageana","Oaxaca",-97.69344,18.03202,"Balsas Basin province","Mammillaria","Mexico"
2633977371,"Mammillaria haageana","Oaxaca",-97.343604,18.057471,"Sierra Madre del Sur province","Mammillaria","Mexico"
219012912,"Mammillaria haageana","Oaxaca",-97.366667,18.066667,"Balsas Basin province","Mammillaria","Mexico"
1806363419,"Mammillaria haageana","Oaxaca",-97.719335,18.067345,"Balsas Basin province","Mammillaria","Mexico"
1931489532,"Mammillaria haageana","Oaxaca",-97.309745,18.067554,"Sierra Madre del Sur province","Mammillaria","Mexico"
1880576658,"Mammillaria haageana","Oaxaca",-97.305983,18.073063,"Sierra Madre del Sur province","Mammillaria","Mexico"
3308523601,"Mammillaria haageana","Oaxaca",-97.32272,18.07442,"Sierra Madre del Sur province","Mammillaria","Mexico"
3308005240,"Mammillaria haageana","Oaxaca",-97.33333,18.08333,"Sierra Madre del Sur province","Mammillaria","Mexico"
3859241405,"Mammillaria haageana","Oaxaca",-97.678773,18.13755,"Balsas Basin province","Mammillaria","Mexico"
3308465207,"Mammillaria haageana","Oaxaca",-97.73333,18.16667,"Balsas Basin province","Mammillaria","Mexico"
3384511872,"Mammillaria haageana","Oaxaca",-97.656208,18.178061,"Balsas Basin province","Mammillaria","Mexico"
3456195486,"Mammillaria haageana","Oaxaca",-97.665723,18.198978,"Balsas Basin province","Mammillaria","Mexico"
1897601084,"Mammillaria haageana","Oaxaca",-97.64891,18.21291,"Balsas Basin province","Mammillaria","Mexico"
1584399916,"Mammillaria hernandezii","Oaxaca",-97.558228,17.839439,"Sierra Madre del Sur province","Mammillaria","Oaxaca"
1920832285,"Mammillaria hernandezii","Oaxaca",-97.280855,17.891899,"Sierra Madre del Sur province","Mammillaria","Oaxaca"
911500185,"Mammillaria hernandezii","Oaxaca",-97.208197,17.892175,"Sierra Madre del Sur province","Mammillaria","Oaxaca"
1894009616,"Mammillaria hernandezii","Oaxaca",-97.426667,17.892778,"Sierra Madre del Sur province","Mammillaria","Oaxaca"
1894009614,"Mammillaria hernandezii","Oaxaca",-97.424183,17.9026,"Sierra Madre del Sur province","Mammillaria","Oaxaca"
1894009561,"Mammillaria hernandezii","Oaxaca",-97.430033,17.905533,"Sierra Madre del Sur province","Mammillaria","Oaxaca"
1894009595,"Mammillaria hernandezii","Oaxaca",-97.455583,17.905694,"Sierra Madre del Sur province","Mammillaria","Oaxaca"
891174912,"Mammillaria hernandezii","Oaxaca",-97.486733,17.909486,"Sierra Madre del Sur province","Mammillaria","Oaxaca"
4399493414,"Mammillaria hernandezii","Oaxaca",-97.418861,17.916806,"Sierra Madre del Sur province","Mammillaria","Oaxaca"
3307902736,"Mammillaria hernandezii","Oaxaca",-97.443278,17.919361,"Sierra Madre del Sur province","Mammillaria","Oaxaca"
1894009604,"Mammillaria hernandezii","Oaxaca",-97.409778,17.919583,"Sierra Madre del Sur province","Mammillaria","Oaxaca"
4399493348,"Mammillaria hernandezii","Oaxaca",-97.43668,17.92516,"Sierra Madre del Sur province","Mammillaria","Oaxaca"
2984417785,"Mammillaria hernandezii","Oaxaca",-97.548197,17.925783,"Sierra Madre del Sur province","Mammillaria","Oaxaca"
1703206558,"Mammillaria hernandezii","Oaxaca",-97.221176,17.934955,"Sierra Madre del Sur province","Mammillaria","Oaxaca"
3384049625,"Mammillaria hernandezii","Oaxaca",-97.37167,17.935156,"Sierra Madre del Sur province","Mammillaria","Oaxaca"
1894009566,"Mammillaria hernandezii","Oaxaca",-97.412717,17.940933,"Sierra Madre del Sur province","Mammillaria","Oaxaca"
1894009584,"Mammillaria hernandezii","Oaxaca",-97.41165,17.95245,"Sierra Madre del Sur province","Mammillaria","Oaxaca"
3416225174,"Mammillaria hernandezii","Oaxaca",-97.549195,17.993693,"Sierra Madre del Sur province","Mammillaria","Oaxaca"
1586155250,"Mammillaria hernandezii","Oaxaca",-97.512086,17.995061,"Sierra Madre del Sur province","Mammillaria","Oaxaca"
3308410567,"Mammillaria huitzilopochtli","Oaxaca",-96.865111,17.265444,"Sierra Madre del Sur province","Mammillaria","Oaxaca"
3302129767,"Mammillaria huitzilopochtli","Oaxaca",-96.849685,17.649511,"Balsas Basin province","Mammillaria","Oaxaca"
3302018886,"Mammillaria huitzilopochtli","Oaxaca",-96.971977,17.649792,"Balsas Basin province","Mammillaria","Oaxaca"
3301841026,"Mammillaria huitzilopochtli","Oaxaca",-96.869578,17.671668,"Balsas Basin province","Mammillaria","Oaxaca"
3301827076,"Mammillaria huitzilopochtli","Oaxaca",-96.8191,17.690502,"Balsas Basin province","Mammillaria","Oaxaca"
4399459661,"Mammillaria huitzilopochtli","Oaxaca",-96.929833,17.71925,"Balsas Basin province","Mammillaria","Oaxaca"
3302128888,"Mammillaria huitzilopochtli","Oaxaca",-96.871878,17.728208,"Sierra Madre del Sur province","Mammillaria","Oaxaca"
3301900992,"Mammillaria huitzilopochtli","Oaxaca",-96.831425,17.768792,"Sierra Madre del Sur province","Mammillaria","Oaxaca"
3308667739,"Mammillaria huitzilopochtli","Oaxaca",-96.950556,17.788028,"Balsas Basin province","Mammillaria","Oaxaca"
1417671638,"Mammillaria huitzilopochtli","Oaxaca",-96.950004,17.800002,"Balsas Basin province","Mammillaria","Oaxaca"
3039392694,"Mammillaria huitzilopochtli","Oaxaca",-97.031656,17.801149,"Balsas Basin province","Mammillaria","Oaxaca"
3306201317,"Mammillaria huitzilopochtli","Oaxaca",-96.961889,17.806556,"Balsas Basin province","Mammillaria","Oaxaca"
3307889360,"Mammillaria huitzilopochtli","Oaxaca",-96.963917,17.809917,"Balsas Basin province","Mammillaria","Oaxaca"
1894009580,"Mammillaria huitzilopochtli","Oaxaca",-96.960683,17.816683,"Balsas Basin province","Mammillaria","Oaxaca"
4399493622,"Mammillaria huitzilopochtli","Oaxaca",-96.959917,17.826583,"Balsas Basin province","Mammillaria","Oaxaca"
3308364749,"Mammillaria huitzilopochtli","Oaxaca",-96.941,17.8272,"Sierra Madre del Sur province","Mammillaria","Oaxaca"
1848813368,"Mammillaria huitzilopochtli","Oaxaca",-96.825755,17.837442,"Sierra Madre del Sur province","Mammillaria","Oaxaca"
1894009582,"Mammillaria huitzilopochtli","Oaxaca",-96.969722,17.850639,"Balsas Basin province","Mammillaria","Oaxaca"
4399495582,"Mammillaria huitzilopochtli","Oaxaca",-96.993139,17.852278,"Balsas Basin province","Mammillaria","Oaxaca"
4399495628,"Mammillaria huitzilopochtli","Oaxaca",-96.984944,17.854833,"Balsas Basin province","Mammillaria","Oaxaca"
4399495998,"Mammillaria huitzilopochtli","Oaxaca",-96.984333,17.862806,"Balsas Basin province","Mammillaria","Oaxaca"
4399495639,"Mammillaria huitzilopochtli","Oaxaca",-96.998778,17.863194,"Balsas Basin province","Mammillaria","Oaxaca"
4399495798,"Mammillaria huitzilopochtli","Oaxaca",-96.990417,17.867111,"Balsas Basin province","Mammillaria","Oaxaca"
4399495682,"Mammillaria huitzilopochtli","Oaxaca",-96.989444,17.879167,"Balsas Basin province","Mammillaria","Oaxaca"
3307957015,"Mammillaria huitzilopochtli","Oaxaca",-96.967,17.883,"Balsas Basin province","Mammillaria","Oaxaca"
1894009598,"Mammillaria huitzilopochtli","Oaxaca",-96.967667,17.885556,"Balsas Basin province","Mammillaria","Oaxaca"
2006102841,"Mammillaria huitzilopochtli","Oaxaca",-96.862665,17.890587,"Sierra Madre del Sur province","Mammillaria","Oaxaca"
1262390876,"Mammillaria huitzilopochtli","Oaxaca",-96.996414,17.906664,"Balsas Basin province","Mammillaria","Oaxaca"
4399495680,"Mammillaria huitzilopochtli","Oaxaca",-96.970944,17.906944,"Balsas Basin province","Mammillaria","Oaxaca"
4399494107,"Mammillaria huitzilopochtli","Oaxaca",-96.970417,17.9085,"Balsas Basin province","Mammillaria","Oaxaca"
1880667111,"Mammillaria huitzilopochtli","Oaxaca",-96.912779,17.912034,"Sierra Madre del Sur province","Mammillaria","Oaxaca"
3308374066,"Mammillaria huitzilopochtli","Oaxaca",-96.9667,17.9167,"Balsas Basin province","Mammillaria","Oaxaca"
1897379877,"Mammillaria huitzilopochtli","Oaxaca",-96.991833,17.929333,"Balsas Basin province","Mammillaria","Oaxaca"
4399493322,"Mammillaria huitzilopochtli","Oaxaca",-96.989197,17.940039,"Balsas Basin province","Mammillaria","Oaxaca"
3307962032,"Mammillaria huitzilopochtli","Oaxaca",-96.994194,17.956056,"Balsas Basin province","Mammillaria","Oaxaca"
1894009574,"Mammillaria huitzilopochtli","Oaxaca",-96.981783,17.956683,"Balsas Basin province","Mammillaria","Oaxaca"
3415922230,"Mammillaria huitzilopochtli","Oaxaca",-96.992404,17.960169,"Balsas Basin province","Mammillaria","Oaxaca"
2603504361,"Mammillaria huitzilopochtli","Oaxaca",-96.829737,17.971066,"Sierra Madre del Sur province","Mammillaria","Oaxaca"
1898810579,"Mammillaria huitzilopochtli","Oaxaca",-96.810577,17.981171,"Sierra Madre del Sur province","Mammillaria","Oaxaca"
2273279254,"Mammillaria huitzilopochtli","Oaxaca",-96.859233,17.983756,"Sierra Madre del Sur province","Mammillaria","Oaxaca"
1894009565,"Mammillaria huitzilopochtli","Oaxaca",-97.031917,17.988056,"Balsas Basin province","Mammillaria","Oaxaca"
1894009591,"Mammillaria huitzilopochtli","Oaxaca",-97.028722,18.013917,"Balsas Basin province","Mammillaria","Oaxaca"
3384667689,"Mammillaria karwinskiana","Oaxaca",-96.073388,15.810043,"Pacific Lowlands province","Mammillaria","Mexico"
3698393349,"Mammillaria karwinskiana","Oaxaca",-96.001137,15.87185,"Pacific Lowlands province","Mammillaria","Mexico"
1897572991,"Mammillaria karwinskiana","Oaxaca",-95.863722,15.898333,"Pacific Lowlands province","Mammillaria","Mexico"
4012032367,"Mammillaria karwinskiana","Oaxaca",-96.791001,16.218691,"Sierra Madre del Sur province","Mammillaria","Mexico"
3985698564,"Mammillaria karwinskiana","Oaxaca",-96.718347,16.234465,"Sierra Madre del Sur province","Mammillaria","Mexico"
3698224387,"Mammillaria karwinskiana","Oaxaca",-96.653403,16.265112,"Sierra Madre del Sur province","Mammillaria","Mexico"
3044802489,"Mammillaria karwinskiana","Oaxaca",-96.670313,16.281288,"Sierra Madre del Sur province","Mammillaria","Mexico"
4516513172,"Mammillaria karwinskiana","Oaxaca",-96.516809,16.282026,"Balsas Basin province","Mammillaria","Mexico"
3044827052,"Mammillaria karwinskiana","Oaxaca",-96.660722,16.285495,"Sierra Madre del Sur province","Mammillaria","Mexico"
4465682505,"Mammillaria karwinskiana","Oaxaca",-96.514536,16.285821,"Balsas Basin province","Mammillaria","Mexico"
3985684536,"Mammillaria karwinskiana","Oaxaca",-96.649608,16.287885,"Sierra Madre del Sur province","Mammillaria","Mexico"
3044883483,"Mammillaria karwinskiana","Oaxaca",-96.653249,16.288327,"Sierra Madre del Sur province","Mammillaria","Mexico"
3802648316,"Mammillaria karwinskiana","Oaxaca",-96.635383,16.290306,"Sierra Madre del Sur province","Mammillaria","Mexico"
3499560510,"Mammillaria karwinskiana","Oaxaca",-96.631081,16.290516,"Sierra Madre del Sur province","Mammillaria","Mexico"
3802437416,"Mammillaria karwinskiana","Oaxaca",-96.643257,16.291733,"Sierra Madre del Sur province","Mammillaria","Mexico"
3456454596,"Mammillaria karwinskiana","Oaxaca",-96.63963,16.292413,"Sierra Madre del Sur province","Mammillaria","Mexico"
3044841865,"Mammillaria karwinskiana","Oaxaca",-96.632603,16.300923,"Sierra Madre del Sur province","Mammillaria","Mexico"
4067574529,"Mammillaria karwinskiana","Oaxaca",-96.633633,16.30147,"Sierra Madre del Sur province","Mammillaria","Mexico"
4011735304,"Mammillaria karwinskiana","Oaxaca",-96.71088,16.308585,"Sierra Madre del Sur province","Mammillaria","Mexico"
4011782357,"Mammillaria karwinskiana","Oaxaca",-96.773492,16.318319,"Sierra Madre del Sur province","Mammillaria","Mexico"
1897601833,"Mammillaria karwinskiana","Oaxaca",-95.73333,16.40527,"Pacific Lowlands province","Mammillaria","Mexico"
3985670264,"Mammillaria karwinskiana","Oaxaca",-96.466682,16.412748,"Sierra Madre del Sur province","Mammillaria","Mexico"
3986007220,"Mammillaria karwinskiana","Oaxaca",-96.466705,16.416836,"Sierra Madre del Sur province","Mammillaria","Mexico"
3308126455,"Mammillaria karwinskiana","Oaxaca",-96.13156,16.50919,"Pacific Lowlands province","Mammillaria","Mexico"
1897601798,"Mammillaria karwinskiana","Oaxaca",-95.966667,16.516667,"Sierra Madre del Sur province","Mammillaria","Mexico"
1897601902,"Mammillaria karwinskiana","Oaxaca",-96.04597,16.54113,"Pacific Lowlands province","Mammillaria","Mexico"
1895202158,"Mammillaria karwinskiana","Oaxaca",-95.241667,16.575,"Pacific Lowlands province","Mammillaria","Mexico"
2898344012,"Mammillaria karwinskiana","Oaxaca",-96.350054,16.599558,"Sierra Madre del Sur province","Mammillaria","Mexico"
1846505023,"Mammillaria karwinskiana","Oaxaca",-95.979722,16.611111,"Pacific Lowlands province","Mammillaria","Mexico"
3308761535,"Mammillaria karwinskiana","Oaxaca",-94.9522,16.61444,"Pacific Lowlands province","Mammillaria","Mexico"
1897601822,"Mammillaria karwinskiana","Oaxaca",-96.033333,16.616667,"Pacific Lowlands province","Mammillaria","Mexico"
4516902985,"Mammillaria karwinskiana","Oaxaca",-96.051361,16.632197,"Pacific Lowlands province","Mammillaria","Mexico"
3308670154,"Mammillaria karwinskiana","Oaxaca",-95.89594,16.65608,"Pacific Lowlands province","Mammillaria","Mexico"
1993767497,"Mammillaria karwinskiana","Oaxaca",-96.264781,16.670547,"Sierra Madre del Sur province","Mammillaria","Mexico"
3985706720,"Mammillaria karwinskiana","Oaxaca",-97.012555,16.674041,"Sierra Madre del Sur province","Mammillaria","Mexico"
1993767470,"Mammillaria karwinskiana","Oaxaca",-96.269416,16.676467,"Sierra Madre del Sur province","Mammillaria","Mexico"
3986058533,"Mammillaria karwinskiana","Oaxaca",-96.324614,16.702431,"Sierra Madre del Sur province","Mammillaria","Mexico"
1896091247,"Mammillaria karwinskiana","Oaxaca",-96.753194,16.706056,"Balsas Basin province","Mammillaria","Mexico"
1897601819,"Mammillaria karwinskiana","Oaxaca",-96.33344,16.72127,"Sierra Madre del Sur province","Mammillaria","Mexico"
3112800133,"Mammillaria karwinskiana","Oaxaca",-96.201205,16.722853,"Pacific Lowlands province","Mammillaria","Mexico"
1897601859,"Mammillaria karwinskiana","Oaxaca",-96.3235,16.73555,"Sierra Madre del Sur province","Mammillaria","Mexico"
3399165848,"Mammillaria karwinskiana","Oaxaca",-95.78877,16.750442,"Pacific Lowlands province","Mammillaria","Mexico"
2465219932,"Mammillaria karwinskiana","Oaxaca",-96.342933,16.754925,"Sierra Madre del Sur province","Mammillaria","Mexico"
2988402354,"Mammillaria karwinskiana","Oaxaca",-95.773163,16.787465,"Sierra Madre del Sur province","Mammillaria","Mexico"
4436178183,"Mammillaria karwinskiana","Oaxaca",-96.563524,16.791593,"Balsas Basin province","Mammillaria","Mexico"
3456705447,"Mammillaria karwinskiana","Oaxaca",-95.932738,16.808173,"Pacific Lowlands province","Mammillaria","Mexico"
4506434707,"Mammillaria karwinskiana","Oaxaca",-96.658992,16.851978,"Balsas Basin province","Mammillaria","Mexico"
3308662376,"Mammillaria karwinskiana","Oaxaca",-96.64853,16.85522,"Balsas Basin province","Mammillaria","Mexico"
4138286739,"Mammillaria karwinskiana","Oaxaca",-96.674789,16.857048,"Balsas Basin province","Mammillaria","Mexico"
4507681206,"Mammillaria karwinskiana","Oaxaca",-96.277088,16.864705,"Sierra Madre del Sur province","Mammillaria","Mexico"
4516897846,"Mammillaria karwinskiana","Oaxaca",-96.277031,16.866836,"Sierra Madre del Sur province","Mammillaria","Mexico"
3469025873,"Mammillaria karwinskiana","Oaxaca",-96.329746,16.872105,"Sierra Madre del Sur province","Mammillaria","Mexico"
3408016535,"Mammillaria karwinskiana","Oaxaca",-96.301633,16.914692,"Sierra Madre del Sur province","Mammillaria","Mexico"
4121272729,"Mammillaria karwinskiana","Oaxaca",-96.399544,16.922145,"Balsas Basin province","Mammillaria","Mexico"
4465451271,"Mammillaria karwinskiana","Oaxaca",-96.660806,16.923478,"Balsas Basin province","Mammillaria","Mexico"
3985654481,"Mammillaria karwinskiana","Oaxaca",-96.323547,16.931783,"Balsas Basin province","Mammillaria","Mexico"
4028825870,"Mammillaria karwinskiana","Oaxaca",-96.322806,16.933593,"Balsas Basin province","Mammillaria","Mexico"
1880674308,"Mammillaria karwinskiana","Oaxaca",-96.407076,16.941172,"Sierra Madre del Sur province","Mammillaria","Mexico"
1675495097,"Mammillaria karwinskiana","Oaxaca",-96.7217,16.9467,"Balsas Basin province","Mammillaria","Mexico"
1850994042,"Mammillaria karwinskiana","Oaxaca",-96.449339,16.94959,"Balsas Basin province","Mammillaria","Mexico"
1931511063,"Mammillaria karwinskiana","Oaxaca",-96.440538,16.95413,"Balsas Basin province","Mammillaria","Mexico"
1920849780,"Mammillaria karwinskiana","Oaxaca",-96.413269,16.955665,"Balsas Basin province","Mammillaria","Mexico"
3416025301,"Mammillaria karwinskiana","Oaxaca",-96.653561,16.957423,"Balsas Basin province","Mammillaria","Mexico"
4440892916,"Mammillaria karwinskiana","Oaxaca",-96.447303,16.958267,"Balsas Basin province","Mammillaria","Mexico"
1586084041,"Mammillaria karwinskiana","Oaxaca",-96.448975,16.958358,"Balsas Basin province","Mammillaria","Mexico"
4080564751,"Mammillaria karwinskiana","Oaxaca",-96.513793,16.971397,"Balsas Basin province","Mammillaria","Mexico"
1990501634,"Mammillaria karwinskiana","Oaxaca",-96.561439,16.974925,"Balsas Basin province","Mammillaria","Mexico"
3018073966,"Mammillaria karwinskiana","Oaxaca",-96.56098,16.975159,"Balsas Basin province","Mammillaria","Mexico"
3039493481,"Mammillaria karwinskiana","Oaxaca",-96.400673,16.995038,"Balsas Basin province","Mammillaria","Mexico"
3032104025,"Mammillaria karwinskiana","Oaxaca",-96.683881,16.996066,"Balsas Basin province","Mammillaria","Mexico"
2460164466,"Mammillaria karwinskiana","Oaxaca",-96.568308,16.997218,"Balsas Basin province","Mammillaria","Mexico"
2465158311,"Mammillaria karwinskiana","Oaxaca",-96.657801,17.023467,"Balsas Basin province","Mammillaria","Mexico"
1883972322,"Mammillaria karwinskiana","Oaxaca",-96.670074,17.023836,"Balsas Basin province","Mammillaria","Mexico"
2901828588,"Mammillaria karwinskiana","Oaxaca",-96.478157,17.033479,"Sierra Madre del Sur province","Mammillaria","Mexico"
3117788538,"Mammillaria karwinskiana","Oaxaca",-96.524987,17.036451,"Balsas Basin province","Mammillaria","Mexico"
4138188927,"Mammillaria karwinskiana","Oaxaca",-96.871746,17.039019,"Sierra Madre del Sur province","Mammillaria","Mexico"
3344125522,"Mammillaria karwinskiana","Oaxaca",-96.766737,17.040521,"Balsas Basin province","Mammillaria","Mexico"
3858247352,"Mammillaria karwinskiana","Oaxaca",-96.513847,17.04145,"Balsas Basin province","Mammillaria","Mexico"
3858293363,"Mammillaria karwinskiana","Oaxaca",-96.514205,17.041695,"Balsas Basin province","Mammillaria","Mexico"
1986599858,"Mammillaria karwinskiana","Oaxaca",-96.517983,17.042361,"Balsas Basin province","Mammillaria","Mexico"
1944374225,"Mammillaria karwinskiana","Oaxaca",-96.672613,17.044665,"Balsas Basin province","Mammillaria","Mexico"
4500861503,"Mammillaria karwinskiana","Oaxaca",-96.843587,17.046417,"Sierra Madre del Sur province","Mammillaria","Mexico"
4420787713,"Mammillaria karwinskiana","Oaxaca",-96.515778,17.057622,"Sierra Madre del Sur province","Mammillaria","Mexico"
3384887793,"Mammillaria karwinskiana","Oaxaca",-96.858333,17.060278,"Sierra Madre del Sur province","Mammillaria","Mexico"
3385188855,"Mammillaria karwinskiana","Oaxaca",-96.859444,17.061944,"Sierra Madre del Sur province","Mammillaria","Mexico"
1065590799,"Mammillaria karwinskiana","Oaxaca",-96.51482,17.066739,"Sierra Madre del Sur province","Mammillaria","Mexico"
1913716262,"Mammillaria karwinskiana","Oaxaca",-96.736556,17.083047,"Balsas Basin province","Mammillaria","Mexico"
1897601933,"Mammillaria karwinskiana","Oaxaca",-96.516667,17.083333,"Sierra Madre del Sur province","Mammillaria","Mexico"
1291663037,"Mammillaria karwinskiana","Oaxaca",-96.735441,17.084196,"Balsas Basin province","Mammillaria","Mexico"
2609108116,"Mammillaria karwinskiana","Oaxaca",-96.881289,17.106569,"Balsas Basin province","Mammillaria","Mexico"
2013012450,"Mammillaria karwinskiana","Oaxaca",-96.812952,17.106631,"Balsas Basin province","Mammillaria","Mexico"
3499589507,"Mammillaria karwinskiana","Oaxaca",-96.4525,17.118889,"Sierra Madre del Sur province","Mammillaria","Mexico"
3031982912,"Mammillaria karwinskiana","Oaxaca",-96.658941,17.121574,"Sierra Madre del Sur province","Mammillaria","Mexico"
4506540480,"Mammillaria karwinskiana","Oaxaca",-96.757429,17.150816,"Balsas Basin province","Mammillaria","Mexico"
2012975778,"Mammillaria karwinskiana","Oaxaca",-96.84266,17.161874,"Balsas Basin province","Mammillaria","Mexico"
1258194964,"Mammillaria karwinskiana","Oaxaca",-96.688333,17.162222,"Sierra Madre del Sur province","Mammillaria","Mexico"
3415591754,"Mammillaria karwinskiana","Oaxaca",-96.170916,17.176442,"Sierra Madre del Sur province","Mammillaria","Mexico"
3090628133,"Mammillaria karwinskiana","Oaxaca",-96.743611,17.1775,"Sierra Madre del Sur province","Mammillaria","Mexico"
3385029553,"Mammillaria karwinskiana","Oaxaca",-96.737738,17.1788,"Sierra Madre del Sur province","Mammillaria","Mexico"
3308107916,"Mammillaria karwinskiana","Oaxaca",-97.12111,17.21886,"Sierra Madre del Sur province","Mammillaria","Mexico"
2963758867,"Mammillaria karwinskiana","Oaxaca",-96.241182,17.221912,"Sierra Madre del Sur province","Mammillaria","Mexico"
1990611434,"Mammillaria karwinskiana","Oaxaca",-96.901708,17.234991,"Balsas Basin province","Mammillaria","Mexico"
3308105161,"Mammillaria karwinskiana","Oaxaca",-97.09744,17.24064,"Sierra Madre del Sur province","Mammillaria","Mexico"
3302254796,"Mammillaria karwinskiana","Oaxaca",-96.888936,17.250145,"Balsas Basin province","Mammillaria","Mexico"
4039201528,"Mammillaria karwinskiana","Oaxaca",-96.41968,17.250994,"Sierra Madre del Sur province","Mammillaria","Mexico"
3499403568,"Mammillaria karwinskiana","Oaxaca",-96.490919,17.255527,"Sierra Madre del Sur province","Mammillaria","Mexico"
4465401815,"Mammillaria karwinskiana","Oaxaca",-96.479297,17.259995,"Sierra Madre del Sur province","Mammillaria","Mexico"
1914313754,"Mammillaria karwinskiana","Oaxaca",-96.487928,17.260167,"Sierra Madre del Sur province","Mammillaria","Mexico"
2573832275,"Mammillaria karwinskiana","Oaxaca",-96.47267,17.267494,"Balsas Basin province","Mammillaria","Mexico"
4465640715,"Mammillaria karwinskiana","Oaxaca",-96.45576,17.271169,"Sierra Madre del Sur province","Mammillaria","Mexico"
3872988857,"Mammillaria karwinskiana","Oaxaca",-97.159254,17.29841,"Sierra Madre del Sur province","Mammillaria","Mexico"
3308730305,"Mammillaria karwinskiana","Oaxaca",-97.2316,17.3336,"Sierra Madre del Sur province","Mammillaria","Mexico"
1880675423,"Mammillaria karwinskiana","Oaxaca",-96.577087,17.394596,"Balsas Basin province","Mammillaria","Mexico"
2574252762,"Mammillaria karwinskiana","Oaxaca",-96.565472,17.408306,"Balsas Basin province","Mammillaria","Mexico"
3874032169,"Mammillaria karwinskiana","Oaxaca",-96.831583,17.721415,"Balsas Basin province","Mammillaria","Mexico"
3308077780,"Mammillaria kraehenbuehlii","Oaxaca",-97.223056,17.160778,"Sierra Madre del Sur province","Mammillaria","Oaxaca"
4399493729,"Mammillaria kraehenbuehlii","Oaxaca",-97.30966,17.30154,"Sierra Madre del Sur province","Mammillaria","Oaxaca"
4399493912,"Mammillaria kraehenbuehlii","Oaxaca",-97.16704,17.49087,"Sierra Madre del Sur province","Mammillaria","Oaxaca"
3385065601,"Mammillaria kraehenbuehlii","Oaxaca",-97.548155,17.636673,"Sierra Madre del Sur province","Mammillaria","Oaxaca"
1894009509,"Mammillaria kraehenbuehlii","Oaxaca",-97.551917,17.656028,"Sierra Madre del Sur province","Mammillaria","Oaxaca"
4399493373,"Mammillaria kraehenbuehlii","Oaxaca",-97.56425,17.661,"Sierra Madre del Sur province","Mammillaria","Oaxaca"
1894009524,"Mammillaria kraehenbuehlii","Oaxaca",-97.492389,17.662111,"Sierra Madre del Sur province","Mammillaria","Oaxaca"
4399494273,"Mammillaria kraehenbuehlii","Oaxaca",-97.566861,17.66225,"Sierra Madre del Sur province","Mammillaria","Oaxaca"
3308411386,"Mammillaria kraehenbuehlii","Oaxaca",-97.558806,17.671222,"Sierra Madre del Sur province","Mammillaria","Oaxaca"
3307761605,"Mammillaria kraehenbuehlii","Oaxaca",-97.55675,17.678111,"Sierra Madre del Sur province","Mammillaria","Oaxaca"
1933593794,"Mammillaria kraehenbuehlii","Oaxaca",-97.446241,17.708487,"Sierra Madre del Sur province","Mammillaria","Oaxaca"
3873185411,"Mammillaria kraehenbuehlii","Oaxaca",-97.480473,17.713882,"Sierra Madre del Sur province","Mammillaria","Oaxaca"
1883933459,"Mammillaria kraehenbuehlii","Oaxaca",-97.567383,17.733049,"Sierra Madre del Sur province","Mammillaria","Oaxaca"
1894009519,"Mammillaria kraehenbuehlii","Oaxaca",-97.540306,17.747944,"Sierra Madre del Sur province","Mammillaria","Oaxaca"
4399494203,"Mammillaria kraehenbuehlii","Oaxaca",-97.309661,17.784872,"Sierra Madre del Sur province","Mammillaria","Oaxaca"
1586085612,"Mammillaria kraehenbuehlii","Oaxaca",-97.362758,17.794707,"Sierra Madre del Sur province","Mammillaria","Oaxaca"
4399495696,"Mammillaria kraehenbuehlii","Oaxaca",-97.31049,17.80062,"Sierra Madre del Sur province","Mammillaria","Oaxaca"
4399496239,"Mammillaria kraehenbuehlii","Oaxaca",-97.30386,17.80791,"Sierra Madre del Sur province","Mammillaria","Oaxaca"
4399493668,"Mammillaria kraehenbuehlii","Oaxaca",-97.31502,17.80873,"Sierra Madre del Sur province","Mammillaria","Oaxaca"
3308065757,"Mammillaria kraehenbuehlii","Oaxaca",-97.32528,17.81028,"Sierra Madre del Sur province","Mammillaria","Oaxaca"
1455569609,"Mammillaria kraehenbuehlii","Oaxaca",-97.321742,17.810298,"Sierra Madre del Sur province","Mammillaria","Oaxaca"
4399496370,"Mammillaria kraehenbuehlii","Oaxaca",-97.27558,17.81514,"Sierra Madre del Sur province","Mammillaria","Oaxaca"
4399493520,"Mammillaria kraehenbuehlii","Oaxaca",-97.27271,17.81535,"Sierra Madre del Sur province","Mammillaria","Oaxaca"
1894009527,"Mammillaria kraehenbuehlii","Oaxaca",-97.246194,17.816889,"Sierra Madre del Sur province","Mammillaria","Oaxaca"
4399494248,"Mammillaria kraehenbuehlii","Oaxaca",-97.27828,17.81806,"Sierra Madre del Sur province","Mammillaria","Oaxaca"
4399496075,"Mammillaria kraehenbuehlii","Oaxaca",-97.2963,17.82419,"Sierra Madre del Sur province","Mammillaria","Oaxaca"
4399496562,"Mammillaria kraehenbuehlii","Oaxaca",-97.27829,17.83232,"Sierra Madre del Sur province","Mammillaria","Oaxaca"
4399493780,"Mammillaria kraehenbuehlii","Oaxaca",-97.27809,17.83368,"Sierra Madre del Sur province","Mammillaria","Oaxaca"
1457639377,"Mammillaria kraehenbuehlii","Oaxaca",-97.23544,17.839044,"Sierra Madre del Sur province","Mammillaria","Oaxaca"
1455569605,"Mammillaria kraehenbuehlii","Oaxaca",-97.306375,17.848454,"Sierra Madre del Sur province","Mammillaria","Oaxaca"
3872924137,"Mammillaria kraehenbuehlii","Oaxaca",-97.296445,17.861608,"Sierra Madre del Sur province","Mammillaria","Oaxaca"
1253298023,"Mammillaria kraehenbuehlii","Oaxaca",-97.207362,17.885797,"Sierra Madre del Sur province","Mammillaria","Oaxaca"
3067892526,"Mammillaria kraehenbuehlii","Oaxaca",-97.38097,17.886533,"Sierra Madre del Sur province","Mammillaria","Oaxaca"
1894009514,"Mammillaria kraehenbuehlii","Oaxaca",-97.352861,17.890694,"Sierra Madre del Sur province","Mammillaria","Oaxaca"
1262390694,"Mammillaria kraehenbuehlii","Oaxaca",-97.271993,17.891104,"Sierra Madre del Sur province","Mammillaria","Oaxaca"
1894009528,"Mammillaria kraehenbuehlii","Oaxaca",-97.389833,17.8955,"Sierra Madre del Sur province","Mammillaria","Oaxaca"
1024191158,"Mammillaria kraehenbuehlii","Oaxaca",-97.343403,17.897221,"Sierra Madre del Sur province","Mammillaria","Oaxaca"
3113512816,"Mammillaria kraehenbuehlii","Oaxaca",-97.312914,17.902594,"Sierra Madre del Sur province","Mammillaria","Oaxaca"
1586090324,"Mammillaria kraehenbuehlii","Oaxaca",-97.338993,17.903043,"Sierra Madre del Sur province","Mammillaria","Oaxaca"
3384349298,"Mammillaria kraehenbuehlii","Oaxaca",-97.388764,17.909471,"Sierra Madre del Sur province","Mammillaria","Oaxaca"
3067858698,"Mammillaria kraehenbuehlii","Oaxaca",-97.37995,17.989721,"Sierra Madre del Sur province","Mammillaria","Oaxaca"
1931489625,"Mammillaria kraehenbuehlii","Oaxaca",-97.223199,18.01533,"Balsas Basin province","Mammillaria","Oaxaca"
1894009522,"Mammillaria kraehenbuehlii","Oaxaca",-97.347333,18.028056,"Sierra Madre del Sur province","Mammillaria","Oaxaca"
3308527771,"Mammillaria kraehenbuehlii","Oaxaca",-97.34492,18.05725,"Sierra Madre del Sur province","Mammillaria","Oaxaca"
3455163510,"Mammillaria mystax","Oaxaca",-96.490678,17.255555,"Sierra Madre del Sur province","Mammillaria","Mexico"
2013025830,"Mammillaria mystax","Oaxaca",-96.443428,17.301123,"Balsas Basin province","Mammillaria","Mexico"
1897601863,"Mammillaria mystax","Oaxaca",-97.656944,17.355277,"Sierra Madre del Sur province","Mammillaria","Mexico"
2813992075,"Mammillaria mystax","Oaxaca",-97.811361,17.536538,"Sierra Madre del Sur province","Mammillaria","Mexico"
2429433266,"Mammillaria mystax","Oaxaca",-97.321237,17.54788,"Sierra Madre del Sur province","Mammillaria","Mexico"
2429433271,"Mammillaria mystax","Oaxaca",-97.322148,17.55088,"Sierra Madre del Sur province","Mammillaria","Mexico"
3090822608,"Mammillaria mystax","Oaxaca",-97.392847,17.611491,"Sierra Madre del Sur province","Mammillaria","Mexico"
1897601932,"Mammillaria mystax","Oaxaca",-97.41666,17.68333,"Sierra Madre del Sur province","Mammillaria","Mexico"
3308421954,"Mammillaria mystax","Oaxaca",-97.41819,17.69047,"Sierra Madre del Sur province","Mammillaria","Mexico"
3307647544,"Mammillaria mystax","Oaxaca",-97.474056,17.691,"Sierra Madre del Sur province","Mammillaria","Mexico"
3308130389,"Mammillaria mystax","Oaxaca",-97.40278,17.7025,"Sierra Madre del Sur province","Mammillaria","Mexico"
3873695415,"Mammillaria mystax","Oaxaca",-97.316965,17.705271,"Sierra Madre del Sur province","Mammillaria","Mexico"
3308255511,"Mammillaria mystax","Oaxaca",-97.385278,17.720167,"Sierra Madre del Sur province","Mammillaria","Mexico"
3455466388,"Mammillaria mystax","Oaxaca",-97.779738,17.740252,"Balsas Basin province","Mammillaria","Mexico"
1920851335,"Mammillaria mystax","Oaxaca",-97.508641,17.837583,"Sierra Madre del Sur province","Mammillaria","Mexico"
1880571770,"Mammillaria mystax","Oaxaca",-97.520868,17.852189,"Sierra Madre del Sur province","Mammillaria","Mexico"
1890090782,"Mammillaria mystax","Oaxaca",-97.510556,17.8525,"Sierra Madre del Sur province","Mammillaria","Mexico"
1990612467,"Mammillaria mystax","Oaxaca",-97.35698,17.85293,"Sierra Madre del Sur province","Mammillaria","Mexico"
3399415833,"Mammillaria mystax","Oaxaca",-97.505889,17.860633,"Sierra Madre del Sur province","Mammillaria","Mexico"
2028484407,"Mammillaria mystax","Oaxaca",-97.572079,17.864689,"Sierra Madre del Sur province","Mammillaria","Mexico"
3308109093,"Mammillaria mystax","Oaxaca",-97.34253,17.8735,"Sierra Madre del Sur province","Mammillaria","Mexico"
3355673359,"Mammillaria mystax","Oaxaca",-97.346621,17.883542,"Sierra Madre del Sur province","Mammillaria","Mexico"
1894565001,"Mammillaria mystax","Oaxaca",-97.426306,17.889667,"Sierra Madre del Sur province","Mammillaria","Mexico"
1993772598,"Mammillaria mystax","Oaxaca",-97.37587,17.899901,"Sierra Madre del Sur province","Mammillaria","Mexico"
2574150218,"Mammillaria mystax","Oaxaca",-97.35715,17.904954,"Sierra Madre del Sur province","Mammillaria","Mexico"
3399032927,"Mammillaria mystax","Oaxaca",-97.424133,17.90778,"Sierra Madre del Sur province","Mammillaria","Mexico"
1894564960,"Mammillaria mystax","Oaxaca",-97.265833,17.946389,"Sierra Madre del Sur province","Mammillaria","Mexico"
2818681471,"Mammillaria mystax","Oaxaca",-98.042263,17.955617,"Balsas Basin province","Mammillaria","Mexico"
3307643696,"Mammillaria mystax","Oaxaca",-97.696611,17.989611,"Balsas Basin province","Mammillaria","Mexico"
3859091404,"Mammillaria mystax","Oaxaca",-97.655295,18.010289,"Balsas Basin province","Mammillaria","Mexico"
2557883006,"Mammillaria mystax","Oaxaca",-97.332026,18.083715,"Sierra Madre del Sur province","Mammillaria","Mexico"
3415659545,"Mammillaria mystax","Oaxaca",-97.76883,18.095303,"Balsas Basin province","Mammillaria","Mexico"
3985687812,"Mammillaria mystax","Oaxaca",-97.66556,18.130998,"Balsas Basin province","Mammillaria","Mexico"
3308628281,"Mammillaria mystax","Oaxaca",-97.6838,18.17803,"Balsas Basin province","Mammillaria","Mexico"
1586086065,"Mammillaria mystax","Oaxaca",-97.738023,18.188976,"Balsas Basin province","Mammillaria","Mexico"
3308681998,"Mammillaria polyedra","Oaxaca",-96.45886,17.30289,"Balsas Basin province","Mammillaria","Mexico"
2988459874,"Mammillaria polyedra","Oaxaca",-97.14692,17.328704,"Sierra Madre del Sur province","Mammillaria","Mexico"
3308100182,"Mammillaria polyedra","Oaxaca",-97.05692,17.4669,"Sierra Madre del Sur province","Mammillaria","Mexico"
3307890493,"Mammillaria polyedra","Oaxaca",-96.838889,17.509139,"Balsas Basin province","Mammillaria","Mexico"
1913205603,"Mammillaria polyedra","Oaxaca",-97.982512,17.516018,"Sierra Madre del Sur province","Mammillaria","Mexico"
2557718091,"Mammillaria polyedra","Oaxaca",-98.039784,17.546384,"Balsas Basin province","Mammillaria","Mexico"
3308672856,"Mammillaria polyedra","Oaxaca",-97.05026,17.5527,"Sierra Madre del Sur province","Mammillaria","Mexico"
3308719044,"Mammillaria polyedra","Oaxaca",-96.92717,17.61147,"Balsas Basin province","Mammillaria","Mexico"
2813897702,"Mammillaria polyedra","Oaxaca",-98.046284,17.637654,"Balsas Basin province","Mammillaria","Mexico"
2826305648,"Mammillaria polyedra","Oaxaca",-98.015122,17.64243,"Balsas Basin province","Mammillaria","Mexico"
3923613771,"Mammillaria polyedra","Oaxaca",-97.140404,17.648826,"Sierra Madre del Sur province","Mammillaria","Mexico"
3337525510,"Mammillaria polyedra","Oaxaca",-97.134507,17.653808,"Sierra Madre del Sur province","Mammillaria","Mexico"
3014039960,"Mammillaria polyedra","Oaxaca",-98.054061,17.680657,"Balsas Basin province","Mammillaria","Mexico"
3307887614,"Mammillaria polyedra","Oaxaca",-97.007611,17.693333,"Balsas Basin province","Mammillaria","Mexico"
3308470836,"Mammillaria polyedra","Oaxaca",-96.86667,17.71667,"Sierra Madre del Sur province","Mammillaria","Mexico"
1894554699,"Mammillaria polyedra","Oaxaca",-96.917306,17.840917,"Sierra Madre del Sur province","Mammillaria","Mexico"
2883098696,"Mammillaria polyedra","Oaxaca",-96.863704,17.874268,"Sierra Madre del Sur province","Mammillaria","Mexico"
3355054846,"Mammillaria polyedra","Oaxaca",-96.912557,17.875854,"Sierra Madre del Sur province","Mammillaria","Mexico"
3308073183,"Mammillaria polyedra","Oaxaca",-96.94058,17.92142,"Sierra Madre del Sur province","Mammillaria","Mexico"
3308652819,"Mammillaria polyedra","Oaxaca",-96.94972,17.92444,"Balsas Basin province","Mammillaria","Mexico"
1668805242,"Mammillaria polyedra","Oaxaca",-98.02474,17.974106,"Balsas Basin province","Mammillaria","Mexico"
2465243322,"Mammillaria polyedra","Oaxaca",-96.965053,18.071484,"Sierra Madre del Sur province","Mammillaria","Mexico"
3764326452,"Mammillaria rekoi","Oaxaca",-96.304116,16.509701,"Sierra Madre del Sur province","Mammillaria","Oaxaca"
3308738274,"Mammillaria rekoi","Oaxaca",-95.95258,16.54683,"Sierra Madre del Sur province","Mammillaria","Oaxaca"
2898523009,"Mammillaria rekoi","Oaxaca",-96.355271,16.581956,"Sierra Madre del Sur province","Mammillaria","Oaxaca"
2898294094,"Mammillaria rekoi","Oaxaca",-96.362517,16.583059,"Sierra Madre del Sur province","Mammillaria","Oaxaca"
2898336077,"Mammillaria rekoi","Oaxaca",-96.357168,16.585226,"Sierra Madre del Sur province","Mammillaria","Oaxaca"
4519104140,"Mammillaria rekoi","Oaxaca",-96.587616,16.59149,"Balsas Basin province","Mammillaria","Oaxaca"
1846552954,"Mammillaria rekoi","Oaxaca",-97.661667,16.703333,"Sierra Madre del Sur province","Mammillaria","Oaxaca"
2856492587,"Mammillaria rekoi","Oaxaca",-96.264091,16.787701,"Sierra Madre del Sur province","Mammillaria","Oaxaca"
3985639509,"Mammillaria rekoi","Oaxaca",-96.21933,16.809789,"Sierra Madre del Sur province","Mammillaria","Oaxaca"
1586089203,"Mammillaria rekoi","Oaxaca",-96.30111,16.882007,"Sierra Madre del Sur province","Mammillaria","Oaxaca"
4516618017,"Mammillaria rekoi","Oaxaca",-96.301344,16.888061,"Sierra Madre del Sur province","Mammillaria","Oaxaca"
3013891686,"Mammillaria rekoi","Oaxaca",-96.305535,16.950008,"Sierra Madre del Sur province","Mammillaria","Oaxaca"
1945446701,"Mammillaria rekoi","Oaxaca",-96.388113,16.969534,"Sierra Madre del Sur province","Mammillaria","Oaxaca"
3325738443,"Mammillaria rekoi","Oaxaca",-96.319897,16.971685,"Sierra Madre del Sur province","Mammillaria","Oaxaca"
3039434446,"Mammillaria rekoi","Oaxaca",-96.408838,16.996367,"Balsas Basin province","Mammillaria","Oaxaca"
3039326452,"Mammillaria rekoi","Oaxaca",-96.407651,16.996627,"Balsas Basin province","Mammillaria","Oaxaca"
1677266975,"Mammillaria rekoi","Oaxaca",-96.670375,17.024883,"Balsas Basin province","Mammillaria","Oaxaca"
2563616033,"Mammillaria rekoi","Oaxaca",-96.49867,17.08486,"Sierra Madre del Sur province","Mammillaria","Oaxaca"
4510223665,"Mammillaria rekoi","Oaxaca",-96.508255,17.090164,"Sierra Madre del Sur province","Mammillaria","Oaxaca"
4512087128,"Mammillaria rekoi","Oaxaca",-96.507305,17.092137,"Sierra Madre del Sur province","Mammillaria","Oaxaca"
2898334119,"Mammillaria rekoi","Oaxaca",-96.491197,17.094707,"Sierra Madre del Sur province","Mammillaria","Oaxaca"
2366152283,"Mammillaria rekoi","Oaxaca",-96.058021,17.100122,"Sierra Madre del Sur province","Mammillaria","Oaxaca"
3306200612,"Mammillaria rekoi","Oaxaca",-96.468917,17.100611,"Sierra Madre del Sur province","Mammillaria","Oaxaca"
3384641427,"Mammillaria rekoi","Oaxaca",-96.682365,17.125614,"Sierra Madre del Sur province","Mammillaria","Oaxaca"
1640073121,"Mammillaria rekoi","Oaxaca",-96.422459,17.129552,"Sierra Madre del Sur province","Mammillaria","Oaxaca"
2239003496,"Mammillaria rekoi","Oaxaca",-96.692216,17.131097,"Sierra Madre del Sur province","Mammillaria","Oaxaca"
4506323922,"Mammillaria rekoi","Oaxaca",-96.732257,17.217169,"Sierra Madre del Sur province","Mammillaria","Oaxaca"
1883940411,"Mammillaria rekoi","Oaxaca",-96.453983,17.239694,"Sierra Madre del Sur province","Mammillaria","Oaxaca"
2331854406,"Mammillaria rekoi","Oaxaca",-96.502506,17.239862,"Sierra Madre del Sur province","Mammillaria","Oaxaca"
2550093151,"Mammillaria rekoi","Oaxaca",-96.494564,17.243888,"Sierra Madre del Sur province","Mammillaria","Oaxaca"
2397642451,"Mammillaria rekoi","Oaxaca",-96.490817,17.25519,"Sierra Madre del Sur province","Mammillaria","Oaxaca"
1899758594,"Mammillaria rekoi","Oaxaca",-96.480932,17.269154,"Sierra Madre del Sur province","Mammillaria","Oaxaca"
2901579655,"Mammillaria rekoi","Oaxaca",-96.525428,17.309913,"Balsas Basin province","Mammillaria","Oaxaca"
3456399443,"Mammillaria rekoi","Oaxaca",-96.473418,17.328131,"Sierra Madre del Sur province","Mammillaria","Oaxaca"
3308375274,"Mammillaria solisioides","Oaxaca",-97.817956,17.807744,"Balsas Basin province","Mammillaria","Mexico"
3415416138,"Mammillaria solisioides","Oaxaca",-97.713725,17.815845,"Balsas Basin province","Mammillaria","Mexico"
3307774843,"Mammillaria solisioides","Oaxaca",-97.7887,17.83089,"Balsas Basin province","Mammillaria","Mexico"
1894009625,"Mammillaria solisioides","Oaxaca",-97.778639,17.84175,"Balsas Basin province","Mammillaria","Mexico"
1894009617,"Mammillaria solisioides","Oaxaca",-97.775028,17.851361,"Balsas Basin province","Mammillaria","Mexico"
1894009605,"Mammillaria solisioides","Oaxaca",-97.775028,17.8585,"Balsas Basin province","Mammillaria","Mexico"
3415954561,"Mammillaria solisioides","Oaxaca",-97.681053,17.899515,"Balsas Basin province","Mammillaria","Mexico"
1894009590,"Mammillaria solisioides","Oaxaca",-97.804333,17.93375,"Balsas Basin province","Mammillaria","Mexico"
3415952712,"Mammillaria solisioides","Oaxaca",-97.661603,17.934147,"Balsas Basin province","Mammillaria","Mexico"
1894009575,"Mammillaria solisioides","Oaxaca",-97.789806,17.938583,"Balsas Basin province","Mammillaria","Mexico"
1880675375,"Mammillaria sphacelata","Oaxaca",-96.949806,17.585444,"Balsas Basin province","Mammillaria","Mexico"
1990633128,"Mammillaria sphacelata","Oaxaca",-96.959387,17.682975,"Balsas Basin province","Mammillaria","Mexico"
3308634843,"Mammillaria sphacelata","Oaxaca",-96.965,17.70511,"Balsas Basin province","Mammillaria","Mexico"
3308564151,"Mammillaria sphacelata","Oaxaca",-96.94056,17.74361,"Balsas Basin province","Mammillaria","Mexico"
3308418450,"Mammillaria sphacelata","Oaxaca",-97.2033,17.8477,"Sierra Madre del Sur province","Mammillaria","Mexico"
3090667971,"Mammillaria sphacelata","Oaxaca",-97.221624,17.849202,"Sierra Madre del Sur province","Mammillaria","Mexico"
1895545829,"Mammillaria sphacelata","Oaxaca",-97.191667,17.858333,"Sierra Madre del Sur province","Mammillaria","Mexico"
3308418451,"Mammillaria sphacelata","Oaxaca",-97.205,17.858611,"Sierra Madre del Sur province","Mammillaria","Mexico"
1894566850,"Mammillaria sphacelata","Oaxaca",-97.337222,17.872778,"Sierra Madre del Sur province","Mammillaria","Mexico"
3307888874,"Mammillaria sphacelata","Oaxaca",-97.073917,17.902083,"Balsas Basin province","Mammillaria","Mexico"
3308068966,"Mammillaria sphacelata","Oaxaca",-96.96361,17.93394,"Balsas Basin province","Mammillaria","Mexico"
1894566673,"Mammillaria sphacelata","Oaxaca",-97.279972,17.943306,"Sierra Madre del Sur province","Mammillaria","Mexico"
1457639350,"Mammillaria sphacelata","Oaxaca",-97.263122,17.954342,"Sierra Madre del Sur province","Mammillaria","Mexico"
1897602242,"Mammillaria sphacelata","Oaxaca",-97.34183,18.08999,"Sierra Madre del Sur province","Mammillaria","Mexico"
3308635045,"Mammillaria sphacelata","Oaxaca",-97.33717,18.09725,"Sierra Madre del Sur province","Mammillaria","Mexico"
1897602247,"Mammillaria sphacelata","Oaxaca",-97.32222,18.13194,"Sierra Madre del Sur province","Mammillaria","Mexico"
1894567092,"Mammillaria sphacelata","Oaxaca",-97.286111,18.153333,"Balsas Basin province","Mammillaria","Mexico"
3321224606,"Mammillaria sphacelata","Oaxaca",-97.664981,18.199492,"Balsas Basin province","Mammillaria","Mexico"
1895425211,"Mammillaria supertexta","Oaxaca",-97.632906,17.700783,"Sierra Madre del Sur province","Mammillaria","Mexico"
3070674919,"Mammillaria supertexta","Oaxaca",-97.139108,17.801656,"Sierra Madre del Sur province","Mammillaria","Mexico"
3308052608,"Mammillaria supertexta","Oaxaca",-96.971333,17.828417,"Balsas Basin province","Mammillaria","Mexico"
3308630337,"Mammillaria supertexta","Oaxaca",-96.97861,17.85583,"Balsas Basin province","Mammillaria","Mexico"
4516531254,"Mammillaria supertexta","Oaxaca",-96.997189,17.859649,"Balsas Basin province","Mammillaria","Mexico"
3307888875,"Mammillaria supertexta","Oaxaca",-97.094778,17.869389,"Balsas Basin province","Mammillaria","Mexico"
1894009518,"Mammillaria supertexta","Oaxaca",-96.987389,17.870722,"Balsas Basin province","Mammillaria","Mexico"
3308730325,"Mammillaria supertexta","Oaxaca",-96.98194,17.88833,"Balsas Basin province","Mammillaria","Mexico"
1897361122,"Mammillaria supertexta","Oaxaca",-97.0065,17.909667,"Balsas Basin province","Mammillaria","Mexico"
4516392169,"Mammillaria supertexta","Oaxaca",-96.852959,17.916881,"Sierra Madre del Sur province","Mammillaria","Mexico"
2465257911,"Mammillaria supertexta","Oaxaca",-96.935145,17.924306,"Sierra Madre del Sur province","Mammillaria","Mexico"
3307957001,"Mammillaria supertexta","Oaxaca",-97.032389,18.026861,"Balsas Basin province","Mammillaria","Mexico"
3902649309,"Mammillaria supertexta","Oaxaca",-97.276384,18.037856,"Sierra Madre del Sur province","Mammillaria","Mexico"
1894009507,"Mammillaria supertexta","Oaxaca",-97.055833,18.0385,"Balsas Basin province","Mammillaria","Mexico"
1894009540,"Mammillaria supertexta","Oaxaca",-97.044861,18.053528,"Balsas Basin province","Mammillaria","Mexico"
1894009535,"Mammillaria supertexta","Oaxaca",-97.337861,18.088556,"Sierra Madre del Sur province","Mammillaria","Mexico"
2860142321,"Mammillaria supertexta","Oaxaca",-97.329388,18.124471,"Sierra Madre del Sur province","Mammillaria","Mexico"
3985737624,"Mammillaria voburnensis","Oaxaca",-96.160601,15.751419,"Pacific Lowlands province","Mammillaria","Mexico"
3398887834,"Mammillaria voburnensis","Oaxaca",-96.103026,15.785691,"Pacific Lowlands province","Mammillaria","Mexico"
3772838751,"Mammillaria voburnensis","Oaxaca",-96.504557,15.786465,"Pacific Lowlands province","Mammillaria","Mexico"
3988623035,"Mammillaria voburnensis","Oaxaca",-96.041342,15.79339,"Pacific Lowlands province","Mammillaria","Mexico"
4102720675,"Mammillaria voburnensis","Oaxaca",-96.154502,15.871225,"Pacific Lowlands province","Mammillaria","Mexico"
3307999136,"Mammillaria voburnensis","Oaxaca",-95.863722,15.931667,"Pacific Lowlands province","Mammillaria","Mexico"
4519300081,"Mammillaria voburnensis","Oaxaca",-96.048973,15.948116,"Pacific Lowlands province","Mammillaria","Mexico"
1981513884,"Mammillaria voburnensis","Oaxaca",-95.9444,15.9511,"Pacific Lowlands province","Mammillaria","Mexico"
1986556046,"Mammillaria voburnensis","Oaxaca",-95.346533,16.142742,"Pacific Lowlands province","Mammillaria","Mexico"
1850892049,"Mammillaria voburnensis","Oaxaca",-95.333599,16.185722,"Pacific Lowlands province","Mammillaria","Mexico"
1883457103,"Mammillaria voburnensis","Oaxaca",-95.252143,16.225023,"Pacific Lowlands province","Mammillaria","Mexico"
1850892267,"Mammillaria voburnensis","Oaxaca",-95.288079,16.231194,"Pacific Lowlands province","Mammillaria","Mexico"
4440647813,"Mammillaria voburnensis","Oaxaca",-95.848181,16.236609,"Sierra Madre del Sur province","Mammillaria","Mexico"
1571187124,"Mammillaria voburnensis","Oaxaca",-95.20147,16.243082,"Pacific Lowlands province","Mammillaria","Mexico"
4516519839,"Mammillaria voburnensis","Oaxaca",-95.383086,16.287148,"Pacific Lowlands province","Mammillaria","Mexico"
1621782949,"Mammillaria voburnensis","Oaxaca",-95.398816,16.332732,"Pacific Lowlands province","Mammillaria","Mexico"
4112215222,"Mammillaria voburnensis","Oaxaca",-95.385329,16.357631,"Pacific Lowlands province","Mammillaria","Mexico"
4413584374,"Mammillaria voburnensis","Oaxaca",-95.218313,16.382747,"Pacific Lowlands province","Mammillaria","Mexico"
3307997192,"Mammillaria voburnensis","Oaxaca",-95.0978,16.39444,"Pacific Lowlands province","Mammillaria","Mexico"
4111988157,"Mammillaria voburnensis","Oaxaca",-95.376074,16.399632,"Pacific Lowlands province","Mammillaria","Mexico"
1212004685,"Mammillaria voburnensis","Oaxaca",-95.370979,16.401074,"Pacific Lowlands province","Mammillaria","Mexico"
4130071213,"Mammillaria voburnensis","Oaxaca",-95.972892,16.403185,"Pacific Lowlands province","Mammillaria","Mexico"
3308750694,"Mammillaria voburnensis","Oaxaca",-95.45278,16.40333,"Pacific Lowlands province","Mammillaria","Mexico"
4171979439,"Mammillaria voburnensis","Oaxaca",-94.967216,16.430018,"Pacific Lowlands province","Mammillaria","Mexico"
4516748902,"Mammillaria voburnensis","Oaxaca",-95.311862,16.430698,"Pacific Lowlands province","Mammillaria","Mexico"
4516815831,"Mammillaria voburnensis","Oaxaca",-95.372354,16.432452,"Pacific Lowlands province","Mammillaria","Mexico"
3308627239,"Mammillaria voburnensis","Oaxaca",-95.85278,16.44417,"Pacific Lowlands province","Mammillaria","Mexico"
4516671995,"Mammillaria voburnensis","Oaxaca",-94.955027,16.46101,"Pacific Lowlands province","Mammillaria","Mexico"
3325519937,"Mammillaria voburnensis","Oaxaca",-95.077327,16.466133,"Pacific Lowlands province","Mammillaria","Mexico"
4516874082,"Mammillaria voburnensis","Oaxaca",-94.941036,16.488657,"Pacific Lowlands province","Mammillaria","Mexico"
2423254859,"Mammillaria voburnensis","Oaxaca",-95.039789,16.499477,"Pacific Lowlands province","Mammillaria","Mexico"
4516918782,"Mammillaria voburnensis","Oaxaca",-94.937044,16.503037,"Pacific Lowlands province","Mammillaria","Mexico"
2423254860,"Mammillaria voburnensis","Oaxaca",-95.170997,16.512396,"Pacific Lowlands province","Mammillaria","Mexico"
3039337302,"Mammillaria voburnensis","Oaxaca",-95.230675,16.51585,"Pacific Lowlands province","Mammillaria","Mexico"
4516764191,"Mammillaria voburnensis","Oaxaca",-94.841371,16.533885,"Pacific Lowlands province","Mammillaria","Mexico"
4516906845,"Mammillaria voburnensis","Oaxaca",-95.232075,16.538771,"Pacific Lowlands province","Mammillaria","Mexico"
1897487925,"Mammillaria voburnensis","Oaxaca",-95.238028,16.548944,"Pacific Lowlands province","Mammillaria","Mexico"
2529273435,"Mammillaria voburnensis","Oaxaca",-95.443177,16.550796,"Pacific Lowlands province","Mammillaria","Mexico"
3307787027,"Mammillaria voburnensis","Oaxaca",-95.233,16.567,"Pacific Lowlands province","Mammillaria","Mexico"
4516915023,"Mammillaria voburnensis","Oaxaca",-94.891562,16.567078,"Pacific Lowlands province","Mammillaria","Mexico"
4133713787,"Mammillaria voburnensis","Oaxaca",-95.299543,16.567084,"Pacific Lowlands province","Mammillaria","Mexico"
4516510882,"Mammillaria voburnensis","Oaxaca",-94.956474,16.580435,"Pacific Lowlands province","Mammillaria","Mexico"
1883916348,"Mammillaria voburnensis","Oaxaca",-95.359388,16.598755,"Pacific Lowlands province","Mammillaria","Mexico"
3308578493,"Mammillaria voburnensis","Oaxaca",-94.95681,16.602,"Pacific Lowlands province","Mammillaria","Mexico"
4127311533,"Mammillaria voburnensis","Oaxaca",-95.144334,16.617226,"Pacific Lowlands province","Mammillaria","Mexico"
1897568014,"Mammillaria voburnensis","Oaxaca",-94.964591,16.626333,"Pacific Lowlands province","Mammillaria","Mexico"
3986020564,"Mammillaria voburnensis","Oaxaca",-95.428623,16.639419,"Pacific Lowlands province","Mammillaria","Mexico"
3308481955,"Mammillaria voburnensis","Oaxaca",-95.01389,16.67306,"Pacific Lowlands province","Mammillaria","Mexico"
2244249912,"Mammillaria voburnensis","Oaxaca",-95.099642,16.680165,"Pacific Lowlands province","Mammillaria","Mexico"
4133732036,"Mammillaria voburnensis","Oaxaca",-95.208895,16.687948,"Pacific Lowlands province","Mammillaria","Mexico"
4440813593,"Mammillaria voburnensis","Oaxaca",-95.16826,16.693273,"Pacific Lowlands province","Mammillaria","Mexico"
4145823789,"Mammillaria voburnensis","Oaxaca",-95.233619,16.698497,"Pacific Lowlands province","Mammillaria","Mexico"
2597688012,"Mammillaria voburnensis","Oaxaca",-95.130375,16.758144,"Pacific Lowlands province","Mammillaria","Mexico"
1946319233,"Mammillaria voburnensis","Oaxaca",-95.499391,16.758824,"Sierra Madre del Sur province","Mammillaria","Mexico"
4133941367,"Mammillaria voburnensis","Oaxaca",-95.38275,16.759918,"Pacific Lowlands province","Mammillaria","Mexico"
1914250975,"Mammillaria voburnensis","Oaxaca",-95.4861,16.802159,"Sierra Madre del Sur province","Mammillaria","Mexico"
3308085311,"Mammillaria zephyranthoides","Oaxaca",-97.2078,17.473,"Sierra Madre del Sur province","Mammillaria","Mexico"
3308364748,"Mammillaria zephyranthoides","Oaxaca",-97.2211,17.4738,"Sierra Madre del Sur province","Mammillaria","Mexico"
3872879282,"Mammillaria zephyranthoides","Oaxaca",-97.404006,17.617797,"Sierra Madre del Sur province","Mammillaria","Mexico"
1897601229,"Mammillaria zephyranthoides","Oaxaca",-97.56694,17.66833,"Sierra Madre del Sur province","Mammillaria","Mexico"
3308409510,"Mammillaria zephyranthoides","Oaxaca",-97.5588,17.6712,"Sierra Madre del Sur province","Mammillaria","Mexico"
3308235973,"Mammillaria zephyranthoides","Oaxaca",-97.5824,17.6803,"Sierra Madre del Sur province","Mammillaria","Mexico"
2898255026,"Mammillaria zephyranthoides","Oaxaca",-97.214534,17.696663,"Sierra Madre del Sur province","Mammillaria","Mexico"
3307901166,"Mammillaria zephyranthoides","Oaxaca",-97.33033,17.72797,"Sierra Madre del Sur province","Mammillaria","Mexico"
1897601227,"Mammillaria zephyranthoides","Oaxaca",-97.47471,17.80444,"Sierra Madre del Sur province","Mammillaria","Mexico"
1894009537,"Mammillaria zephyranthoides","Oaxaca",-97.353944,17.842806,"Sierra Madre del Sur province","Mammillaria","Mexico"
1677309443,"Mammillaria zephyranthoides","Oaxaca",-97.584789,17.858692,"Sierra Madre del Sur province","Mammillaria","Mexico"
1894009546,"Mammillaria zephyranthoides","Oaxaca",-97.349444,17.887722,"Sierra Madre del Sur province","Mammillaria","Mexico"
1894009531,"Mammillaria zephyranthoides","Oaxaca",-97.381306,17.901056,"Sierra Madre del Sur province","Mammillaria","Mexico"
1894009534,"Mammillaria zephyranthoides","Oaxaca",-97.338194,17.904889,"Sierra Madre del Sur province","Mammillaria","Mexico"
3384328592,"Mammillaria zephyranthoides","Oaxaca",-97.257284,17.926114,"Sierra Madre del Sur province","Mammillaria","Mexico"
4111665227,"Mammillaria zephyranthoides","Oaxaca",-97.313519,17.941516,"Sierra Madre del Sur province","Mammillaria","Mexico"
3384204669,"Mammillaria zephyranthoides","Oaxaca",-97.3337,17.949938,"Sierra Madre del Sur province","Mammillaria","Mexico"
1890091961,"Mammillaria zephyranthoides","Oaxaca",-97.317758,17.967155,"Sierra Madre del Sur province","Mammillaria","Mexico"
3308012874,"Marginatocereus marginatus","Oaxaca",-96.30028,16.30167,"Pacific Lowlands province","Marginatocereus","Mexico"
3772803499,"Marginatocereus marginatus","Oaxaca",-96.648998,16.301935,"Sierra Madre del Sur province","Marginatocereus","Mexico"
2901681579,"Marginatocereus marginatus","Oaxaca",-96.365402,16.583793,"Sierra Madre del Sur province","Marginatocereus","Mexico"
3747262494,"Marginatocereus marginatus","Oaxaca",-96.694369,16.717235,"Balsas Basin province","Marginatocereus","Mexico"
4021965147,"Marginatocereus marginatus","Oaxaca",-96.449022,16.957703,"Balsas Basin province","Marginatocereus","Mexico"
4165348535,"Marginatocereus marginatus","Oaxaca",-96.734938,17.081295,"Balsas Basin province","Marginatocereus","Mexico"
3308366366,"Marginatocereus marginatus","Oaxaca",-97.479278,17.505833,"Sierra Madre del Sur province","Marginatocereus","Mexico"
1143567866,"Marginatocereus marginatus","Oaxaca",-97.340788,17.531695,"Sierra Madre del Sur province","Marginatocereus","Mexico"
3881826400,"Marginatocereus marginatus","Oaxaca",-97.133667,17.639468,"Sierra Madre del Sur province","Marginatocereus","Mexico"
3892480378,"Marginatocereus marginatus","Oaxaca",-97.134149,17.655809,"Sierra Madre del Sur province","Marginatocereus","Mexico"
1897364300,"Marginatocereus marginatus","Oaxaca",-96.948055,17.696944,"Balsas Basin province","Marginatocereus","Mexico"
2898313026,"Marginatocereus marginatus","Oaxaca",-97.316381,17.706031,"Sierra Madre del Sur province","Marginatocereus","Mexico"
3773611279,"Marginatocereus marginatus","Oaxaca",-96.943893,17.790094,"Balsas Basin province","Marginatocereus","Mexico"
1894565825,"Marginatocereus marginatus","Oaxaca",-97.0325,17.8025,"Balsas Basin province","Marginatocereus","Mexico"
2005278418,"Marginatocereus marginatus","Oaxaca",-97.356431,17.853567,"Sierra Madre del Sur province","Marginatocereus","Mexico"
3892687415,"Marginatocereus marginatus","Oaxaca",-97.042572,17.862263,"Balsas Basin province","Marginatocereus","Mexico"
3772920492,"Marginatocereus marginatus","Oaxaca",-97.04129,17.863169,"Balsas Basin province","Marginatocereus","Mexico"
3355229835,"Marginatocereus marginatus","Oaxaca",-96.912214,17.876181,"Sierra Madre del Sur province","Marginatocereus","Mexico"
3772543317,"Marginatocereus marginatus","Oaxaca",-96.984337,17.89117,"Balsas Basin province","Marginatocereus","Mexico"
3772670308,"Marginatocereus marginatus","Oaxaca",-96.98718,17.909862,"Balsas Basin province","Marginatocereus","Mexico"
4129790625,"Marginatocereus marginatus","Oaxaca",-97.974349,17.926206,"Balsas Basin province","Marginatocereus","Mexico"
2814019512,"Marginatocereus marginatus","Oaxaca",-98.041875,17.951406,"Balsas Basin province","Marginatocereus","Mexico"
1894565938,"Marginatocereus marginatus","Oaxaca",-97.370833,18.014722,"Balsas Basin province","Marginatocereus","Mexico"
1088927713,"Marginatocereus marginatus","Oaxaca",-97.0641,18.046093,"Balsas Basin province","Marginatocereus","Mexico"
2629436581,"Melocactus curvispinus","Oaxaca",-96.154861,15.728,"Pacific Lowlands province","Melocactus","No"
3759075790,"Melocactus curvispinus","Oaxaca",-95.632813,15.959996,"Pacific Lowlands province","Melocactus","No"
2898278628,"Melocactus curvispinus","Oaxaca",-95.400011,16.007156,"Pacific Lowlands province","Melocactus","No"
4171202979,"Melocactus curvispinus","Oaxaca",-94.728638,16.418519,"Pacific Lowlands province","Melocactus","No"
4522772506,"Melocactus curvispinus","Oaxaca",-94.792969,16.4264,"Pacific Lowlands province","Melocactus","No"
3308413165,"Melocactus curvispinus","Oaxaca",-95.266667,16.433333,"Pacific Lowlands province","Melocactus","No"
1893746158,"Melocactus curvispinus","Oaxaca",-95.408333,16.508333,"Pacific Lowlands province","Melocactus","No"
4111854841,"Melocactus curvispinus","Oaxaca",-95.216205,16.583455,"Pacific Lowlands province","Melocactus","No"
3308525539,"Melocactus curvispinus","Oaxaca",-95.01111,16.63556,"Pacific Lowlands province","Melocactus","No"
1065605447,"Melocactus curvispinus","Oaxaca",-95.010643,16.660554,"Pacific Lowlands province","Melocactus","No"
4076244641,"Myrtillocactus geometrizans","Oaxaca",-96.309958,15.685022,"Pacific Lowlands province","Myrtillocactus","Mexico"
3985813784,"Myrtillocactus geometrizans","Oaxaca",-97.086219,15.862772,"Pacific Lowlands province","Myrtillocactus","Mexico"
2898511073,"Myrtillocactus geometrizans","Oaxaca",-96.329831,16.591069,"Sierra Madre del Sur province","Myrtillocactus","Mexico"
3892646230,"Myrtillocactus geometrizans","Oaxaca",-96.305804,16.670618,"Pacific Lowlands province","Myrtillocactus","Mexico"
4067156928,"Myrtillocactus geometrizans","Oaxaca",-96.319903,16.694106,"Sierra Madre del Sur province","Myrtillocactus","Mexico"
4011607201,"Myrtillocactus geometrizans","Oaxaca",-96.323599,16.930446,"Balsas Basin province","Myrtillocactus","Mexico"
3785007405,"Myrtillocactus geometrizans","Oaxaca",-96.450818,16.955842,"Balsas Basin province","Myrtillocactus","Mexico"
2574126538,"Myrtillocactus geometrizans","Oaxaca",-96.448023,16.958149,"Balsas Basin province","Myrtillocactus","Mexico"
4054931813,"Myrtillocactus geometrizans","Oaxaca",-96.69372,17.108558,"Balsas Basin province","Myrtillocactus","Mexico"
3307902646,"Myrtillocactus geometrizans","Oaxaca",-96.835889,17.536583,"Balsas Basin province","Myrtillocactus","Mexico"
1895767778,"Myrtillocactus geometrizans","Oaxaca",-96.596389,17.597778,"Sierra Madre del Sur province","Myrtillocactus","Mexico"
4500797013,"Myrtillocactus geometrizans","Oaxaca",-97.324809,17.616991,"Sierra Madre del Sur province","Myrtillocactus","Mexico"
3308013461,"Myrtillocactus geometrizans","Oaxaca",-96.94806,17.69694,"Balsas Basin province","Myrtillocactus","Mexico"
1894568605,"Myrtillocactus geometrizans","Oaxaca",-97.014444,17.723333,"Balsas Basin province","Myrtillocactus","Mexico"
3307776887,"Myrtillocactus geometrizans","Oaxaca",-96.957806,17.789639,"Balsas Basin province","Myrtillocactus","Mexico"
4413966049,"Myrtillocactus geometrizans","Oaxaca",-97.000939,17.813419,"Balsas Basin province","Myrtillocactus","Mexico"
3994176306,"Myrtillocactus geometrizans","Oaxaca",-97.502778,17.857778,"Sierra Madre del Sur province","Myrtillocactus","Mexico"
3912140452,"Myrtillocactus geometrizans","Oaxaca",-97.04533,17.862307,"Balsas Basin province","Myrtillocactus","Mexico"
2465089760,"Myrtillocactus geometrizans","Oaxaca",-97.029679,17.868006,"Balsas Basin province","Myrtillocactus","Mexico"
3355300399,"Myrtillocactus geometrizans","Oaxaca",-96.994202,17.888666,"Balsas Basin province","Myrtillocactus","Mexico"
4522697153,"Myrtillocactus geometrizans","Oaxaca",-97.005403,17.900133,"Balsas Basin province","Myrtillocactus","Mexico"
2850621215,"Myrtillocactus geometrizans","Oaxaca",-96.976515,17.900721,"Balsas Basin province","Myrtillocactus","Mexico"
4522649103,"Myrtillocactus geometrizans","Oaxaca",-97.010161,17.903964,"Balsas Basin province","Myrtillocactus","Mexico"
3872977740,"Myrtillocactus geometrizans","Oaxaca",-97.005905,17.910123,"Balsas Basin province","Myrtillocactus","Mexico"
2460037234,"Myrtillocactus geometrizans","Oaxaca",-96.98666,17.912743,"Balsas Basin province","Myrtillocactus","Mexico"
4522713122,"Myrtillocactus geometrizans","Oaxaca",-97.035828,17.984,"Balsas Basin province","Myrtillocactus","Mexico"
1894568558,"Myrtillocactus geometrizans","Oaxaca",-97.566111,18.036667,"Sierra Madre del Sur province","Myrtillocactus","Mexico"
3333110766,"Myrtillocactus geometrizans","Oaxaca",-97.338794,18.116948,"Balsas Basin province","Myrtillocactus","Mexico"
3307606395,"Myrtillocactus geometrizans","Oaxaca",-97.055047,18.129464,"Balsas Basin province","Myrtillocactus","Mexico"
2465205821,"Myrtillocactus geometrizans","Oaxaca",-97.328728,18.129903,"Balsas Basin province","Myrtillocactus","Mexico"
3499393695,"Myrtillocactus geometrizans","Oaxaca",-97.17038,18.150911,"Balsas Basin province","Myrtillocactus","Mexico"
2005384915,"Myrtillocactus geometrizans","Oaxaca",-97.758575,18.165318,"Balsas Basin province","Myrtillocactus","Mexico"
3384138839,"Myrtillocactus geometrizans","Oaxaca",-97.647111,18.167239,"Balsas Basin province","Myrtillocactus","Mexico"
3456367791,"Myrtillocactus geometrizans","Oaxaca",-97.682244,18.180575,"Balsas Basin province","Myrtillocactus","Mexico"
2883185661,"Myrtillocactus geometrizans","Oaxaca",-97.662639,18.2534,"Balsas Basin province","Myrtillocactus","Mexico"
1895196076,"Myrtillocactus schenckii","Oaxaca",-95.376389,16.028333,"Pacific Lowlands province","Myrtillocactus","No"
4516903642,"Myrtillocactus schenckii","Oaxaca",-96.677262,16.418092,"Balsas Basin province","Myrtillocactus","No"
4516263854,"Myrtillocactus schenckii","Oaxaca",-96.687905,16.42922,"Balsas Basin province","Myrtillocactus","No"
3308744061,"Myrtillocactus schenckii","Oaxaca",-95.93392,16.43056,"Pacific Lowlands province","Myrtillocactus","No"
2814196136,"Myrtillocactus schenckii","Oaxaca",-95.932572,16.430668,"Pacific Lowlands province","Myrtillocactus","No"
3308148175,"Myrtillocactus schenckii","Oaxaca",-95.9843,16.43333,"Sierra Madre del Sur province","Myrtillocactus","No"
3307606996,"Myrtillocactus schenckii","Oaxaca",-95.8575268,16.4481407,"Pacific Lowlands province","Myrtillocactus","No"
4516885237,"Myrtillocactus schenckii","Oaxaca",-96.574958,16.573268,"Balsas Basin province","Myrtillocactus","No"
3307762306,"Myrtillocactus schenckii","Oaxaca",-96.334722,16.706944,"Sierra Madre del Sur province","Myrtillocactus","No"
1893737721,"Myrtillocactus schenckii","Oaxaca",-96.228333,16.713333,"Sierra Madre del Sur province","Myrtillocactus","No"
1802794610,"Myrtillocactus schenckii","Oaxaca",-96.344247,16.754333,"Sierra Madre del Sur province","Myrtillocactus","No"
2802571524,"Myrtillocactus schenckii","Oaxaca",-96.466872,16.877047,"Balsas Basin province","Myrtillocactus","No"
1933549879,"Myrtillocactus schenckii","Oaxaca",-96.16049,16.880675,"Pacific Lowlands province","Myrtillocactus","No"
4442744126,"Myrtillocactus schenckii","Oaxaca",-96.374489,16.908939,"Balsas Basin province","Myrtillocactus","No"
3308201784,"Myrtillocactus schenckii","Oaxaca",-96.41667,16.91667,"Balsas Basin province","Myrtillocactus","No"
4028827552,"Myrtillocactus schenckii","Oaxaca",-96.32357,16.932081,"Balsas Basin province","Myrtillocactus","No"
2540856531,"Myrtillocactus schenckii","Oaxaca",-96.451093,16.946733,"Balsas Basin province","Myrtillocactus","No"
1847572096,"Myrtillocactus schenckii","Oaxaca",-96.447914,16.948119,"Balsas Basin province","Myrtillocactus","No"
4431284390,"Myrtillocactus schenckii","Oaxaca",-96.594741,16.948184,"Balsas Basin province","Myrtillocactus","No"
1896094397,"Myrtillocactus schenckii","Oaxaca",-96.201361,16.954778,"Pacific Lowlands province","Myrtillocactus","No"
4512225490,"Myrtillocactus schenckii","Oaxaca",-96.451225,16.954906,"Balsas Basin province","Myrtillocactus","No"
2579318551,"Myrtillocactus schenckii","Oaxaca",-96.44606,16.957173,"Balsas Basin province","Myrtillocactus","No"
2563621059,"Myrtillocactus schenckii","Oaxaca",-96.449212,16.958362,"Balsas Basin province","Myrtillocactus","No"
3307217465,"Myrtillocactus schenckii","Oaxaca",-96.556154,16.961495,"Balsas Basin province","Myrtillocactus","No"
1143522382,"Myrtillocactus schenckii","Oaxaca",-96.439304,16.965539,"Balsas Basin province","Myrtillocactus","No"
2456537098,"Myrtillocactus schenckii","Oaxaca",-96.566885,16.996276,"Balsas Basin province","Myrtillocactus","No"
4405125636,"Myrtillocactus schenckii","Oaxaca",-96.460638,16.999574,"Balsas Basin province","Myrtillocactus","No"
3307299328,"Myrtillocactus schenckii","Oaxaca",-96.544472,17.003422,"Balsas Basin province","Myrtillocactus","No"
2573814543,"Myrtillocactus schenckii","Oaxaca",-96.51233,17.01456,"Balsas Basin province","Myrtillocactus","No"
1933589573,"Myrtillocactus schenckii","Oaxaca",-96.508323,17.026421,"Balsas Basin province","Myrtillocactus","No"
3328011094,"Myrtillocactus schenckii","Oaxaca",-96.516372,17.042353,"Balsas Basin province","Myrtillocactus","No"
4465710543,"Myrtillocactus schenckii","Oaxaca",-96.517862,17.042542,"Balsas Basin province","Myrtillocactus","No"
2563630625,"Myrtillocactus schenckii","Oaxaca",-96.516921,17.056032,"Sierra Madre del Sur province","Myrtillocactus","No"
3308099960,"Myrtillocactus schenckii","Oaxaca",-97.05692,17.46897,"Sierra Madre del Sur province","Myrtillocactus","No"
3308728852,"Myrtillocactus schenckii","Oaxaca",-97.06133,17.47442,"Sierra Madre del Sur province","Myrtillocactus","No"
3307891311,"Myrtillocactus schenckii","Oaxaca",-97.043278,17.685556,"Sierra Madre del Sur province","Myrtillocactus","No"
1453492428,"Myrtillocactus schenckii","Oaxaca",-96.938596,17.699142,"Balsas Basin province","Myrtillocactus","No"
3773075959,"Myrtillocactus schenckii","Oaxaca",-96.94548,17.789532,"Balsas Basin province","Myrtillocactus","No"
1894566232,"Myrtillocactus schenckii","Oaxaca",-96.933,17.795528,"Balsas Basin province","Myrtillocactus","No"
3307795430,"Myrtillocactus schenckii","Oaxaca",-96.956667,17.819083,"Balsas Basin province","Myrtillocactus","No"
1897573826,"Myrtillocactus schenckii","Oaxaca",-96.914758,17.834464,"Sierra Madre del Sur province","Myrtillocactus","No"
1894566238,"Myrtillocactus schenckii","Oaxaca",-96.918583,17.859639,"Sierra Madre del Sur province","Myrtillocactus","No"
3399190804,"Myrtillocactus schenckii","Oaxaca",-96.911785,17.876426,"Sierra Madre del Sur province","Myrtillocactus","No"
1640034296,"Myrtillocactus schenckii","Oaxaca",-97.04362,18.072206,"Balsas Basin province","Myrtillocactus","No"
2634381018,"Neobuxbaumia tetetzo","Oaxaca",-96.161754,15.719112,"Pacific Lowlands province","Neobuxbaumia","Mexico"
2235526869,"Neobuxbaumia tetetzo","Oaxaca",-96.167484,15.722182,"Pacific Lowlands province","Neobuxbaumia","Mexico"
2864793559,"Neobuxbaumia tetetzo","Oaxaca",-96.16094,15.725652,"Pacific Lowlands province","Neobuxbaumia","Mexico"
4162309661,"Neobuxbaumia tetetzo","Oaxaca",-96.158152,15.726065,"Pacific Lowlands province","Neobuxbaumia","Mexico"
4126737107,"Neobuxbaumia tetetzo","Oaxaca",-96.14969,15.734,"Pacific Lowlands province","Neobuxbaumia","Mexico"
4153594656,"Neobuxbaumia tetetzo","Oaxaca",-96.159576,15.734646,"Pacific Lowlands province","Neobuxbaumia","Mexico"
2634360662,"Neobuxbaumia tetetzo","Oaxaca",-96.127968,15.738524,"Pacific Lowlands province","Neobuxbaumia","Mexico"
4076086393,"Neobuxbaumia tetetzo","Oaxaca",-96.125655,15.751603,"Pacific Lowlands province","Neobuxbaumia","Mexico"
3070354939,"Neobuxbaumia tetetzo","Oaxaca",-96.146131,15.75502,"Pacific Lowlands province","Neobuxbaumia","Mexico"
4453723645,"Neobuxbaumia tetetzo","Oaxaca",-96.20134,15.75851,"Pacific Lowlands province","Neobuxbaumia","Mexico"
2619957562,"Neobuxbaumia tetetzo","Oaxaca",-96.130919,15.759169,"Pacific Lowlands province","Neobuxbaumia","Mexico"
2814123505,"Neobuxbaumia tetetzo","Oaxaca",-96.119736,15.765767,"Pacific Lowlands province","Neobuxbaumia","Mexico"
2634615390,"Neobuxbaumia tetetzo","Oaxaca",-96.132241,15.776324,"Pacific Lowlands province","Neobuxbaumia","Mexico"
3301971831,"Neobuxbaumia tetetzo","Oaxaca",-96.108345,15.784019,"Pacific Lowlands province","Neobuxbaumia","Mexico"
4453798318,"Neobuxbaumia tetetzo","Oaxaca",-96.057823,15.79635,"Pacific Lowlands province","Neobuxbaumia","Mexico"
2518110776,"Neobuxbaumia tetetzo","Oaxaca",-96.074425,15.811898,"Pacific Lowlands province","Neobuxbaumia","Mexico"
1897572923,"Neobuxbaumia tetetzo","Oaxaca",-95.908611,15.863889,"Pacific Lowlands province","Neobuxbaumia","Mexico"
1895769010,"Neobuxbaumia tetetzo","Oaxaca",-95.226667,16.316667,"Pacific Lowlands province","Neobuxbaumia","Mexico"
3308125845,"Neobuxbaumia tetetzo","Oaxaca",-95.3135,16.38208,"Pacific Lowlands province","Neobuxbaumia","Mexico"
3308177749,"Neobuxbaumia tetetzo","Oaxaca",-95.3485266,16.3836802,"Pacific Lowlands province","Neobuxbaumia","Mexico"
3308154128,"Neobuxbaumia tetetzo","Oaxaca",-95.2268,16.42244,"Pacific Lowlands province","Neobuxbaumia","Mexico"
3308124227,"Neobuxbaumia tetetzo","Oaxaca",-95.8727,16.43394,"Pacific Lowlands province","Neobuxbaumia","Mexico"
3112565758,"Neobuxbaumia tetetzo","Oaxaca",-96.348934,16.567712,"Pacific Lowlands province","Neobuxbaumia","Mexico"
2898414063,"Neobuxbaumia tetetzo","Oaxaca",-96.338171,16.575386,"Pacific Lowlands province","Neobuxbaumia","Mexico"
3398747582,"Neobuxbaumia tetetzo","Oaxaca",-96.34925,16.576934,"Pacific Lowlands province","Neobuxbaumia","Mexico"
2901521573,"Neobuxbaumia tetetzo","Oaxaca",-96.330487,16.587508,"Pacific Lowlands province","Neobuxbaumia","Mexico"
1895769042,"Neobuxbaumia tetetzo","Oaxaca",-96.306667,16.663333,"Pacific Lowlands province","Neobuxbaumia","Mexico"
3465967925,"Neobuxbaumia tetetzo","Oaxaca",-96.253774,16.666248,"Sierra Madre del Sur province","Neobuxbaumia","Mexico"
4522724641,"Neobuxbaumia tetetzo","Oaxaca",-96.138833,16.6685,"Pacific Lowlands province","Neobuxbaumia","Mexico"
3915471305,"Neobuxbaumia tetetzo","Oaxaca",-96.252182,16.672298,"Sierra Madre del Sur province","Neobuxbaumia","Mexico"
2397492695,"Neobuxbaumia tetetzo","Oaxaca",-96.285723,16.675827,"Sierra Madre del Sur province","Neobuxbaumia","Mexico"
3308154129,"Neobuxbaumia tetetzo","Oaxaca",-96.14597,16.67589,"Pacific Lowlands province","Neobuxbaumia","Mexico"
1897572899,"Neobuxbaumia tetetzo","Oaxaca",-96.276944,16.729167,"Sierra Madre del Sur province","Neobuxbaumia","Mexico"
1897572946,"Neobuxbaumia tetetzo","Oaxaca",-96.276778,16.736222,"Sierra Madre del Sur province","Neobuxbaumia","Mexico"
3961452451,"Neobuxbaumia tetetzo","Oaxaca",-96.276897,16.862776,"Sierra Madre del Sur province","Neobuxbaumia","Mexico"
4442586882,"Neobuxbaumia tetetzo","Oaxaca",-96.275439,16.866981,"Sierra Madre del Sur province","Neobuxbaumia","Mexico"
1893916671,"Neobuxbaumia tetetzo","Oaxaca",-97.062509,16.95758,"Sierra Madre del Sur province","Neobuxbaumia","Mexico"
4522692351,"Neobuxbaumia tetetzo","Oaxaca",-96.557309,17.0039,"Balsas Basin province","Neobuxbaumia","Mexico"
3759408334,"Neobuxbaumia tetetzo","Oaxaca",-96.639499,17.016357,"Balsas Basin province","Neobuxbaumia","Mexico"
4130181710,"Neobuxbaumia tetetzo","Oaxaca",-97.815882,17.783955,"Balsas Basin province","Neobuxbaumia","Mexico"
1893916674,"Neobuxbaumia tetetzo","Oaxaca",-97.0531,17.861257,"Balsas Basin province","Neobuxbaumia","Mexico"
3963625420,"Neobuxbaumia tetetzo","Oaxaca",-97.045961,17.861473,"Balsas Basin province","Neobuxbaumia","Mexico"
3963371440,"Neobuxbaumia tetetzo","Oaxaca",-97.038451,17.863658,"Balsas Basin province","Neobuxbaumia","Mexico"
3773799501,"Neobuxbaumia tetetzo","Oaxaca",-97.03069,17.86531,"Balsas Basin province","Neobuxbaumia","Mexico"
3124760503,"Neobuxbaumia tetetzo","Oaxaca",-97.02473,17.869886,"Balsas Basin province","Neobuxbaumia","Mexico"
3963656025,"Neobuxbaumia tetetzo","Oaxaca",-97.022238,17.883735,"Balsas Basin province","Neobuxbaumia","Mexico"
3963219470,"Neobuxbaumia tetetzo","Oaxaca",-96.980411,17.912907,"Balsas Basin province","Neobuxbaumia","Mexico"
3963237445,"Neobuxbaumia tetetzo","Oaxaca",-97.062189,17.91408,"Balsas Basin province","Neobuxbaumia","Mexico"
3308152163,"Neobuxbaumia tetetzo","Oaxaca",-96.9756,17.93447,"Balsas Basin province","Neobuxbaumia","Mexico"
1920848061,"Neobuxbaumia tetetzo","Oaxaca",-97.066956,17.972463,"Balsas Basin province","Neobuxbaumia","Mexico"
1895768956,"Neobuxbaumia tetetzo","Oaxaca",-97.061667,18.026667,"Balsas Basin province","Neobuxbaumia","Mexico"
3859867710,"Neobuxbaumia tetetzo","Oaxaca",-97.346883,18.076745,"Sierra Madre del Sur province","Neobuxbaumia","Mexico"
2579229628,"Opuntia auberi","Oaxaca",-96.296951,15.692717,"Pacific Lowlands province","Opuntia","Mexico"
2517947782,"Opuntia auberi","Oaxaca",-96.196587,15.709495,"Pacific Lowlands province","Opuntia","Mexico"
3308064084,"Opuntia auberi","Oaxaca",-96.16739,15.72122,"Pacific Lowlands province","Opuntia","Mexico"
3308691475,"Opuntia auberi","Oaxaca",-96.24278,15.73133,"Pacific Lowlands province","Opuntia","Mexico"
3308674182,"Opuntia auberi","Oaxaca",-96.15917,15.73347,"Pacific Lowlands province","Opuntia","Mexico"
2517949363,"Opuntia auberi","Oaxaca",-96.145256,15.738181,"Pacific Lowlands province","Opuntia","Mexico"
3308691476,"Opuntia auberi","Oaxaca",-96.16631,15.75503,"Pacific Lowlands province","Opuntia","Mexico"
3308691473,"Opuntia auberi","Oaxaca",-96.19044,15.76522,"Pacific Lowlands province","Opuntia","Mexico"
2626675318,"Opuntia auberi","Oaxaca",-96.124977,15.770162,"Pacific Lowlands province","Opuntia","Mexico"
2517946092,"Opuntia auberi","Oaxaca",-96.18409,15.770497,"Pacific Lowlands province","Opuntia","Mexico"
3307809520,"Opuntia auberi","Oaxaca",-96.167,15.783,"Pacific Lowlands province","Opuntia","Mexico"
219012121,"Opuntia auberi","Oaxaca",-95.908056,15.863056,"Pacific Lowlands province","Opuntia","Mexico"
1897576641,"Opuntia auberi","Oaxaca",-95.874722,15.888889,"Pacific Lowlands province","Opuntia","Mexico"
1895116723,"Opuntia auberi","Oaxaca",-95.934722,15.911944,"Pacific Lowlands province","Opuntia","Mexico"
2574186926,"Opuntia auberi","Oaxaca",-97.185424,15.9461,"Pacific Lowlands province","Opuntia","Mexico"
2807399871,"Opuntia auberi","Oaxaca",-95.71556,15.96194,"Pacific Lowlands province","Opuntia","Mexico"
3308004571,"Opuntia auberi","Oaxaca",-95.52583,15.98361,"Pacific Lowlands province","Opuntia","Mexico"
2814073113,"Opuntia auberi","Oaxaca",-95.013473,16.33423,"Pacific Lowlands province","Opuntia","Mexico"
2270563753,"Opuntia auberi","Oaxaca",-94.968063,16.363483,"Pacific Lowlands province","Opuntia","Mexico"
3097057477,"Opuntia auberi","Oaxaca",-96.8019,16.479,"Sierra Madre del Sur province","Opuntia","Mexico"
1260851002,"Opuntia auberi","Oaxaca",-94.95861,16.61166,"Pacific Lowlands province","Opuntia","Mexico"
2629753905,"Opuntia auberi","Oaxaca",-96.733047,16.617547,"Balsas Basin province","Opuntia","Mexico"
1895116350,"Opuntia auberi","Oaxaca",-96.962778,17.795278,"Balsas Basin province","Opuntia","Mexico"
2859914349,"Opuntia auberi","Oaxaca",-96.166552,17.951438,"Veracruzan province","Opuntia","Mexico"
3067734382,"Opuntia decumbens","Oaxaca",-96.503296,15.666843,"Pacific Lowlands province","Opuntia","No"
4440749898,"Opuntia decumbens","Oaxaca",-96.493774,15.666952,"Pacific Lowlands province","Opuntia","No"
3079862898,"Opuntia decumbens","Oaxaca",-96.560566,15.674841,"Pacific Lowlands province","Opuntia","No"
3764096392,"Opuntia decumbens","Oaxaca",-96.513695,15.68387,"Pacific Lowlands province","Opuntia","No"
2563611780,"Opuntia decumbens","Oaxaca",-96.309117,15.684378,"Pacific Lowlands province","Opuntia","No"
3308130288,"Opuntia decumbens","Oaxaca",-96.22222,15.70025,"Pacific Lowlands province","Opuntia","No"
3044846700,"Opuntia decumbens","Oaxaca",-96.196686,15.710631,"Pacific Lowlands province","Opuntia","No"
2862283243,"Opuntia decumbens","Oaxaca",-96.204114,15.711827,"Pacific Lowlands province","Opuntia","No"
2311414070,"Opuntia decumbens","Oaxaca",-96.167139,15.720993,"Pacific Lowlands province","Opuntia","No"
3308044633,"Opuntia decumbens","Oaxaca",-96.16533,15.72411,"Pacific Lowlands province","Opuntia","No"
3468662118,"Opuntia decumbens","Oaxaca",-96.161598,15.725081,"Pacific Lowlands province","Opuntia","No"
1098899163,"Opuntia decumbens","Oaxaca",-96.157764,15.726525,"Pacific Lowlands province","Opuntia","No"
1802752263,"Opuntia decumbens","Oaxaca",-96.168609,15.728235,"Pacific Lowlands province","Opuntia","No"
2862503220,"Opuntia decumbens","Oaxaca",-96.158671,15.733399,"Pacific Lowlands province","Opuntia","No"
4116309960,"Opuntia decumbens","Oaxaca",-96.154523,15.734272,"Pacific Lowlands province","Opuntia","No"
3070691307,"Opuntia decumbens","Oaxaca",-96.14596,15.738108,"Pacific Lowlands province","Opuntia","No"
2963863030,"Opuntia decumbens","Oaxaca",-96.128441,15.738195,"Pacific Lowlands province","Opuntia","No"
2597769869,"Opuntia decumbens","Oaxaca",-96.140761,15.739808,"Pacific Lowlands province","Opuntia","No"
2265776780,"Opuntia decumbens","Oaxaca",-96.1277,15.742915,"Pacific Lowlands province","Opuntia","No"
3070393532,"Opuntia decumbens","Oaxaca",-96.174089,15.742997,"Pacific Lowlands province","Opuntia","No"
3070716527,"Opuntia decumbens","Oaxaca",-96.125356,15.75172,"Pacific Lowlands province","Opuntia","No"
2629446148,"Opuntia decumbens","Oaxaca",-96.169444,15.752778,"Pacific Lowlands province","Opuntia","No"
3468799608,"Opuntia decumbens","Oaxaca",-96.141372,15.753687,"Pacific Lowlands province","Opuntia","No"
2265776985,"Opuntia decumbens","Oaxaca",-96.189735,15.754305,"Pacific Lowlands province","Opuntia","No"
3764564401,"Opuntia decumbens","Oaxaca",-96.147522,15.754522,"Pacific Lowlands province","Opuntia","No"
3044556093,"Opuntia decumbens","Oaxaca",-96.151001,15.754957,"Pacific Lowlands province","Opuntia","No"
2517959127,"Opuntia decumbens","Oaxaca",-96.16576,15.755957,"Pacific Lowlands province","Opuntia","No"
2574050607,"Opuntia decumbens","Oaxaca",-96.48222,15.758178,"Pacific Lowlands province","Opuntia","No"
4112192335,"Opuntia decumbens","Oaxaca",-96.139206,15.76169,"Pacific Lowlands province","Opuntia","No"
2596358931,"Opuntia decumbens","Oaxaca",-96.112763,15.763853,"Pacific Lowlands province","Opuntia","No"
2626250012,"Opuntia decumbens","Oaxaca",-96.205009,15.76438,"Pacific Lowlands province","Opuntia","No"
2265779225,"Opuntia decumbens","Oaxaca",-96.133659,15.76697,"Pacific Lowlands province","Opuntia","No"
3044729407,"Opuntia decumbens","Oaxaca",-96.114433,15.767012,"Pacific Lowlands province","Opuntia","No"
2626615456,"Opuntia decumbens","Oaxaca",-96.120246,15.767143,"Pacific Lowlands province","Opuntia","No"
2626386219,"Opuntia decumbens","Oaxaca",-96.125113,15.768174,"Pacific Lowlands province","Opuntia","No"
2006074355,"Opuntia decumbens","Oaxaca",-96.100211,15.768534,"Pacific Lowlands province","Opuntia","No"
3385127588,"Opuntia decumbens","Oaxaca",-96.193153,15.768781,"Pacific Lowlands province","Opuntia","No"
3308057261,"Opuntia decumbens","Oaxaca",-96.21389,15.76964,"Pacific Lowlands province","Opuntia","No"
3112722335,"Opuntia decumbens","Oaxaca",-96.443696,15.769925,"Pacific Lowlands province","Opuntia","No"
3466350868,"Opuntia decumbens","Oaxaca",-96.240415,15.772575,"Pacific Lowlands province","Opuntia","No"
2814230689,"Opuntia decumbens","Oaxaca",-96.20003,15.77351,"Pacific Lowlands province","Opuntia","No"
2626561418,"Opuntia decumbens","Oaxaca",-96.125411,15.776012,"Pacific Lowlands province","Opuntia","No"
2579216464,"Opuntia decumbens","Oaxaca",-96.091697,15.776283,"Pacific Lowlands province","Opuntia","No"
2265776967,"Opuntia decumbens","Oaxaca",-96.175423,15.776861,"Pacific Lowlands province","Opuntia","No"
3384565598,"Opuntia decumbens","Oaxaca",-96.200493,15.777383,"Pacific Lowlands province","Opuntia","No"
2242905415,"Opuntia decumbens","Oaxaca",-96.174538,15.77849,"Pacific Lowlands province","Opuntia","No"
3335466342,"Opuntia decumbens","Oaxaca",-96.184982,15.778502,"Pacific Lowlands province","Opuntia","No"
3308063295,"Opuntia decumbens","Oaxaca",-96.166,15.77883,"Pacific Lowlands province","Opuntia","No"
2999028596,"Opuntia decumbens","Oaxaca",-96.071695,15.779117,"Pacific Lowlands province","Opuntia","No"
3090710626,"Opuntia decumbens","Oaxaca",-96.209129,15.780149,"Pacific Lowlands province","Opuntia","No"
2265779146,"Opuntia decumbens","Oaxaca",-96.199959,15.781453,"Pacific Lowlands province","Opuntia","No"
2626591715,"Opuntia decumbens","Oaxaca",-96.060869,15.782234,"Pacific Lowlands province","Opuntia","No"
3059107784,"Opuntia decumbens","Oaxaca",-96.059319,15.78379,"Pacific Lowlands province","Opuntia","No"
2237442792,"Opuntia decumbens","Oaxaca",-96.090192,15.790989,"Pacific Lowlands province","Opuntia","No"
3499580415,"Opuntia decumbens","Oaxaca",-96.077163,15.809286,"Pacific Lowlands province","Opuntia","No"
1897571940,"Opuntia decumbens","Oaxaca",-95.969444,15.81825,"Pacific Lowlands province","Opuntia","No"
3031669179,"Opuntia decumbens","Oaxaca",-96.069056,15.818696,"Pacific Lowlands province","Opuntia","No"
3307816045,"Opuntia decumbens","Oaxaca",-96.321944,15.834167,"Pacific Lowlands province","Opuntia","No"
3307996343,"Opuntia decumbens","Oaxaca",-95.953056,15.835833,"Pacific Lowlands province","Opuntia","No"
3308750390,"Opuntia decumbens","Oaxaca",-95.90694,15.86222,"Pacific Lowlands province","Opuntia","No"
1944417542,"Opuntia decumbens","Oaxaca",-97.086502,15.862877,"Pacific Lowlands province","Opuntia","No"
1895115187,"Opuntia decumbens","Oaxaca",-95.954167,15.867778,"Pacific Lowlands province","Opuntia","No"
2518123202,"Opuntia decumbens","Oaxaca",-97.090769,15.867855,"Pacific Lowlands province","Opuntia","No"
2807521988,"Opuntia decumbens","Oaxaca",-96.00417,15.87083,"Pacific Lowlands province","Opuntia","No"
3308009424,"Opuntia decumbens","Oaxaca",-96.01361,15.87361,"Pacific Lowlands province","Opuntia","No"
1453306467,"Opuntia decumbens","Oaxaca",-97.076327,15.916185,"Pacific Lowlands province","Opuntia","No"
2311387610,"Opuntia decumbens","Oaxaca",-95.532043,15.979146,"Pacific Lowlands province","Opuntia","No"
1257887089,"Opuntia decumbens","Oaxaca",-95.620944,15.98275,"Pacific Lowlands province","Opuntia","No"
3308744062,"Opuntia decumbens","Oaxaca",-95.69911,16.00481,"Pacific Lowlands province","Opuntia","No"
1802792451,"Opuntia decumbens","Oaxaca",-95.401968,16.009911,"Pacific Lowlands province","Opuntia","No"
2851226609,"Opuntia decumbens","Oaxaca",-95.530119,16.092922,"Pacific Lowlands province","Opuntia","No"
1933537141,"Opuntia decumbens","Oaxaca",-95.278088,16.108208,"Pacific Lowlands province","Opuntia","No"
3764178410,"Opuntia decumbens","Oaxaca",-94.570999,16.239435,"Pacific Lowlands province","Opuntia","No"
3455957020,"Opuntia decumbens","Oaxaca",-95.233326,16.292389,"Pacific Lowlands province","Opuntia","No"
1895238526,"Opuntia decumbens","Oaxaca",-95.238889,16.332778,"Pacific Lowlands province","Opuntia","No"
2265776935,"Opuntia decumbens","Oaxaca",-95.246131,16.33284,"Pacific Lowlands province","Opuntia","No"
1562915802,"Opuntia decumbens","Oaxaca",-95.24536,16.333414,"Pacific Lowlands province","Opuntia","No"
3308754917,"Opuntia decumbens","Oaxaca",-98.2095,16.34861,"Pacific Lowlands province","Opuntia","No"
3308360019,"Opuntia decumbens","Oaxaca",-95.401389,16.350278,"Pacific Lowlands province","Opuntia","No"
3308415230,"Opuntia decumbens","Oaxaca",-95.306944,16.381944,"Pacific Lowlands province","Opuntia","No"
1895450009,"Opuntia decumbens","Oaxaca",-95.137344,16.383789,"Pacific Lowlands province","Opuntia","No"
3308325412,"Opuntia decumbens","Oaxaca",-95.1225,16.390833,"Pacific Lowlands province","Opuntia","No"
2574021705,"Opuntia decumbens","Oaxaca",-94.824043,16.41057,"Pacific Lowlands province","Opuntia","No"
3307803759,"Opuntia decumbens","Oaxaca",-95.66667,16.41667,"Pacific Lowlands province","Opuntia","No"
2629766138,"Opuntia decumbens","Oaxaca",-95.967805,16.428583,"Pacific Lowlands province","Opuntia","No"
4172329848,"Opuntia decumbens","Oaxaca",-94.891487,16.458528,"Pacific Lowlands province","Opuntia","No"
4028811037,"Opuntia decumbens","Oaxaca",-94.22203,16.462702,"Pacific Lowlands province","Opuntia","No"
1895449899,"Opuntia decumbens","Oaxaca",-95.8935538,16.4897995,"Pacific Lowlands province","Opuntia","No"
2269332929,"Opuntia decumbens","Oaxaca",-95.154817,16.489921,"Pacific Lowlands province","Opuntia","No"
3874149899,"Opuntia decumbens","Oaxaca",-95.201135,16.533169,"Pacific Lowlands province","Opuntia","No"
4022343358,"Opuntia decumbens","Oaxaca",-95.000486,16.540149,"Pacific Lowlands province","Opuntia","No"
2630139724,"Opuntia decumbens","Oaxaca",-95.466111,16.541556,"Pacific Lowlands province","Opuntia","No"
4022266416,"Opuntia decumbens","Oaxaca",-95.001303,16.542004,"Pacific Lowlands province","Opuntia","No"
3308739773,"Opuntia decumbens","Oaxaca",-95.98158,16.54564,"Sierra Madre del Sur province","Opuntia","No"
2898499048,"Opuntia decumbens","Oaxaca",-96.355934,16.581687,"Sierra Madre del Sur province","Opuntia","No"
2818594576,"Opuntia decumbens","Oaxaca",-94.870697,16.582768,"Pacific Lowlands province","Opuntia","No"
2597770906,"Opuntia decumbens","Oaxaca",-94.87133,16.584722,"Pacific Lowlands province","Opuntia","No"
3308680690,"Opuntia decumbens","Oaxaca",-95.98236,16.58661,"Pacific Lowlands province","Opuntia","No"
2898425042,"Opuntia decumbens","Oaxaca",-96.357399,16.592892,"Sierra Madre del Sur province","Opuntia","No"
3308616283,"Opuntia decumbens","Oaxaca",-96.03861,16.60083,"Pacific Lowlands province","Opuntia","No"
3306201595,"Opuntia decumbens","Oaxaca",-94.955444,16.605278,"Pacific Lowlands province","Opuntia","No"
3308076197,"Opuntia decumbens","Oaxaca",-95.01342,16.61367,"Pacific Lowlands province","Opuntia","No"
1895449917,"Opuntia decumbens","Oaxaca",-94.970625,16.621489,"Pacific Lowlands province","Opuntia","No"
3307998059,"Opuntia decumbens","Oaxaca",-94.98528,16.62583,"Pacific Lowlands province","Opuntia","No"
2563577352,"Opuntia decumbens","Oaxaca",-96.052871,16.631123,"Pacific Lowlands province","Opuntia","No"
3308375923,"Opuntia decumbens","Oaxaca",-94.949444,16.633056,"Pacific Lowlands province","Opuntia","No"
3308095890,"Opuntia decumbens","Oaxaca",-94.98597,16.64003,"Pacific Lowlands province","Opuntia","No"
4522810232,"Opuntia decumbens","Oaxaca",-95.009184,16.65589,"Pacific Lowlands province","Opuntia","No"
3308082722,"Opuntia decumbens","Oaxaca",-95.90292,16.65714,"Pacific Lowlands province","Opuntia","No"
3308094106,"Opuntia decumbens","Oaxaca",-94.98078,16.65781,"Pacific Lowlands province","Opuntia","No"
1259912420,"Opuntia decumbens","Oaxaca",-95.00972,16.66722,"Pacific Lowlands province","Opuntia","No"
2596287877,"Opuntia decumbens","Oaxaca",-96.145692,16.675217,"Pacific Lowlands province","Opuntia","No"
3067667842,"Opuntia decumbens","Oaxaca",-96.319763,16.694188,"Sierra Madre del Sur province","Opuntia","No"
3308101314,"Opuntia decumbens","Oaxaca",-96.19167,16.72194,"Pacific Lowlands province","Opuntia","No"
3044869582,"Opuntia decumbens","Oaxaca",-94.986814,16.739698,"Pacific Lowlands province","Opuntia","No"
3308674804,"Opuntia decumbens","Oaxaca",-94.97889,16.74297,"Pacific Lowlands province","Opuntia","No"
2269334267,"Opuntia decumbens","Oaxaca",-96.341895,16.753837,"Sierra Madre del Sur province","Opuntia","No"
2802574391,"Opuntia decumbens","Oaxaca",-95.088648,16.791897,"Pacific Lowlands province","Opuntia","No"
2397509613,"Opuntia decumbens","Oaxaca",-96.251932,16.884802,"Pacific Lowlands province","Opuntia","No"
3764102418,"Opuntia decumbens","Oaxaca",-97.68847,16.884975,"Sierra Madre del Sur province","Opuntia","No"
2517946910,"Opuntia decumbens","Oaxaca",-97.208389,16.943286,"Sierra Madre del Sur province","Opuntia","No"
1895118739,"Opuntia decumbens","Oaxaca",-96.041667,17.258333,"Sierra Madre del Sur province","Opuntia","No"
3308556308,"Opuntia decumbens","Oaxaca",-97.021861,17.523917,"Balsas Basin province","Opuntia","No"
2269334264,"Opuntia decumbens","Oaxaca",-96.912911,17.635533,"Balsas Basin province","Opuntia","No"
2802657859,"Opuntia decumbens","Oaxaca",-98.045766,17.637723,"Balsas Basin province","Opuntia","No"
3308749694,"Opuntia decumbens","Oaxaca",-97.93481,17.68619,"Sierra Madre del Sur province","Opuntia","No"
1895115140,"Opuntia decumbens","Oaxaca",-97.041667,17.691667,"Sierra Madre del Sur province","Opuntia","No"
2529320076,"Opuntia decumbens","Oaxaca",-97.9426,17.695856,"Balsas Basin province","Opuntia","No"
4399459606,"Opuntia decumbens","Oaxaca",-96.942028,17.710306,"Balsas Basin province","Opuntia","No"
3308569369,"Opuntia decumbens","Oaxaca",-96.95111,17.71417,"Balsas Basin province","Opuntia","No"
1895115229,"Opuntia decumbens","Oaxaca",-98.151389,17.716944,"Balsas Basin province","Opuntia","No"
1895115136,"Opuntia decumbens","Oaxaca",-96.953389,17.766583,"Balsas Basin province","Opuntia","No"
219012937,"Opuntia decumbens","Oaxaca",-96.099444,17.783333,"Veracruzan province","Opuntia","No"
1257819269,"Opuntia decumbens","Oaxaca",-96.954444,17.783611,"Balsas Basin province","Opuntia","No"
1894570995,"Opuntia decumbens","Oaxaca",-97.028083,17.795083,"Balsas Basin province","Opuntia","No"
1258064504,"Opuntia decumbens","Oaxaca",-96.963,17.7952,"Balsas Basin province","Opuntia","No"
3307901165,"Opuntia decumbens","Oaxaca",-96.989889,17.803472,"Balsas Basin province","Opuntia","No"
1895115249,"Opuntia decumbens","Oaxaca",-96.961389,17.8175,"Balsas Basin province","Opuntia","No"
1894571008,"Opuntia decumbens","Oaxaca",-96.941222,17.8215,"Sierra Madre del Sur province","Opuntia","No"
1894570998,"Opuntia decumbens","Oaxaca",-96.941167,17.825611,"Sierra Madre del Sur province","Opuntia","No"
2603479246,"Opuntia decumbens","Oaxaca",-96.964892,17.827797,"Balsas Basin province","Opuntia","No"
3772769433,"Opuntia decumbens","Oaxaca",-97.039393,17.863526,"Balsas Basin province","Opuntia","No"
1586132144,"Opuntia decumbens","Oaxaca",-97.811939,17.866152,"Balsas Basin province","Opuntia","No"
3354986812,"Opuntia decumbens","Oaxaca",-96.912557,17.876834,"Sierra Madre del Sur province","Opuntia","No"
2366126692,"Opuntia decumbens","Oaxaca",-96.973683,17.888909,"Balsas Basin province","Opuntia","No"
3308639077,"Opuntia decumbens","Oaxaca",-96.95081,17.90964,"Sierra Madre del Sur province","Opuntia","No"
2619947640,"Opuntia decumbens","Oaxaca",-96.979357,17.910082,"Balsas Basin province","Opuntia","No"
2818825592,"Opuntia decumbens","Oaxaca",-98.042263,17.948681,"Balsas Basin province","Opuntia","No"
1894570992,"Opuntia decumbens","Oaxaca",-96.982722,17.9535,"Balsas Basin province","Opuntia","No"
3307787532,"Opuntia decumbens","Oaxaca",-97.035861,17.984583,"Balsas Basin province","Opuntia","No"
3306200194,"Opuntia decumbens","Oaxaca",-97.052139,18.014417,"Balsas Basin province","Opuntia","No"
1257613105,"Opuntia decumbens","Oaxaca",-97.05082,18.02339,"Balsas Basin province","Opuntia","No"
2235477510,"Opuntia decumbens","Oaxaca",-97.038996,18.024486,"Balsas Basin province","Opuntia","No"
1894570959,"Opuntia decumbens","Oaxaca",-97.021194,18.031278,"Balsas Basin province","Opuntia","No"
1258064481,"Opuntia decumbens","Oaxaca",-97.085555,18.0425,"Balsas Basin province","Opuntia","No"
2898254468,"Opuntia decumbens","Oaxaca",-97.072092,18.052536,"Balsas Basin province","Opuntia","No"
1895118884,"Opuntia decumbens","Oaxaca",-97.108333,18.058333,"Balsas Basin province","Opuntia","No"
1419218837,"Opuntia decumbens","Oaxaca",-97.783333,18.191389,"Balsas Basin province","Opuntia","No"
1894615728,"Opuntia dejecta","Oaxaca",-96.159167,15.733472,"Pacific Lowlands province","Opuntia","No"
1894615715,"Opuntia dejecta","Oaxaca",-96.157611,15.740111,"Pacific Lowlands province","Opuntia","No"
1894615615,"Opuntia dejecta","Oaxaca",-96.166306,15.755028,"Pacific Lowlands province","Opuntia","No"
1831219260,"Opuntia dejecta","Oaxaca",-96.19395,15.76956,"Pacific Lowlands province","Opuntia","No"
1894615719,"Opuntia dejecta","Oaxaca",-96.213889,15.769639,"Pacific Lowlands province","Opuntia","No"
3308038962,"Opuntia dejecta","Oaxaca",-96.20319,15.77475,"Pacific Lowlands province","Opuntia","No"
1897575268,"Opuntia dejecta","Oaxaca",-95.954167,15.866667,"Pacific Lowlands province","Opuntia","No"
3308703498,"Opuntia dejecta","Oaxaca",-96.01861,15.87444,"Pacific Lowlands province","Opuntia","No"
3308060244,"Opuntia dejecta","Oaxaca",-95.94417,15.91833,"Pacific Lowlands province","Opuntia","No"
2807647727,"Opuntia dejecta","Oaxaca",-96.04167,15.93611,"Pacific Lowlands province","Opuntia","No"
3308595325,"Opuntia dejecta","Oaxaca",-95.58028,15.96333,"Pacific Lowlands province","Opuntia","No"
3308074681,"Opuntia dejecta","Oaxaca",-96.30083,16.30194,"Pacific Lowlands province","Opuntia","No"
3308674729,"Opuntia dejecta","Oaxaca",-94.61111,16.38722,"Pacific Lowlands province","Opuntia","No"
3308098859,"Opuntia dejecta","Oaxaca",-95.00967,16.61581,"Pacific Lowlands province","Opuntia","No"
3308107702,"Opuntia dejecta","Oaxaca",-95.00714,16.77972,"Pacific Lowlands province","Opuntia","No"
2576331841,"Opuntia dejecta","Oaxaca",-96.495201,17.320784,"Balsas Basin province","Opuntia","No"
1640045777,"Opuntia depressa","Oaxaca",-96.767,17.045705,"Balsas Basin province","Opuntia","Mexico"
3308720783,"Opuntia depressa","Oaxaca",-97.30295,17.065133,"Sierra Madre del Sur province","Opuntia","Mexico"
1897565816,"Opuntia depressa","Oaxaca",-96.940098,17.476907,"Sierra Madre del Sur province","Opuntia","Mexico"
3307901196,"Opuntia depressa","Oaxaca",-96.937222,17.505861,"Sierra Madre del Sur province","Opuntia","Mexico"
1895119812,"Opuntia depressa","Oaxaca",-96.925,17.508333,"Balsas Basin province","Opuntia","Mexico"
3307967711,"Opuntia depressa","Oaxaca",-98.153056,17.631667,"Balsas Basin province","Opuntia","Mexico"
1895119881,"Opuntia depressa","Oaxaca",-96.913611,17.633889,"Balsas Basin province","Opuntia","Mexico"
3307902122,"Opuntia depressa","Oaxaca",-96.913444,17.644389,"Balsas Basin province","Opuntia","Mexico"
2517944450,"Opuntia depressa","Oaxaca",-96.930162,17.645617,"Balsas Basin province","Opuntia","Mexico"
3308664427,"Opuntia depressa","Oaxaca",-96.95722,17.69644,"Balsas Basin province","Opuntia","Mexico"
2802927568,"Opuntia depressa","Oaxaca",-97.028889,17.805833,"Balsas Basin province","Opuntia","Mexico"
3308539272,"Opuntia depressa","Oaxaca",-97.117,17.833,"Balsas Basin province","Opuntia","Mexico"
3308712729,"Opuntia depressa","Oaxaca",-96.841667,17.836389,"Sierra Madre del Sur province","Opuntia","Mexico"
3308076076,"Opuntia depressa","Oaxaca",-96.97464,17.83986,"Balsas Basin province","Opuntia","Mexico"
2517998224,"Opuntia depressa","Oaxaca",-97.005067,17.899906,"Balsas Basin province","Opuntia","Mexico"
3307781021,"Opuntia depressa","Oaxaca",-97.06667,17.91667,"Balsas Basin province","Opuntia","Mexico"
3308418443,"Opuntia depressa","Oaxaca",-97.055444,17.923222,"Balsas Basin province","Opuntia","Mexico"
1894558257,"Opuntia depressa","Oaxaca",-97.044917,17.932944,"Balsas Basin province","Opuntia","Mexico"
1258064474,"Opuntia depressa","Oaxaca",-97.01328,17.94295,"Balsas Basin province","Opuntia","Mexico"
1702455531,"Opuntia depressa","Oaxaca",-97.328742,18.130028,"Balsas Basin province","Opuntia","Mexico"
2517946368,"Opuntia depressa","Oaxaca",-97.257894,18.156395,"Balsas Basin province","Opuntia","Mexico"
4168737563,"Opuntia depressa","Oaxaca",-97.716944,18.190833,"Balsas Basin province","Opuntia","Mexico"
3308662895,"Opuntia huajuapensis","Oaxaca",-97.18534,17.25942,"Sierra Madre del Sur province","Opuntia","Mexico"
2518036696,"Opuntia huajuapensis","Oaxaca",-96.540723,17.274483,"Balsas Basin province","Opuntia","Mexico"
3306204192,"Opuntia huajuapensis","Oaxaca",-96.921222,17.385556,"Sierra Madre del Sur province","Opuntia","Mexico"
3308055671,"Opuntia huajuapensis","Oaxaca",-97.46686,17.49592,"Sierra Madre del Sur province","Opuntia","Mexico"
1668790143,"Opuntia huajuapensis","Oaxaca",-97.3211,17.545025,"Sierra Madre del Sur province","Opuntia","Mexico"
3307739639,"Opuntia huajuapensis","Oaxaca",-97.513694,17.551694,"Sierra Madre del Sur province","Opuntia","Mexico"
3308318012,"Opuntia huajuapensis","Oaxaca",-97.503593,17.554424,"Sierra Madre del Sur province","Opuntia","Mexico"
1895120170,"Opuntia huajuapensis","Oaxaca",-97.424722,17.573056,"Sierra Madre del Sur province","Opuntia","Mexico"
3308316712,"Opuntia huajuapensis","Oaxaca",-97.408778,17.588056,"Sierra Madre del Sur province","Opuntia","Mexico"
3090596328,"Opuntia huajuapensis","Oaxaca",-97.285677,17.600798,"Sierra Madre del Sur province","Opuntia","Mexico"
3308616749,"Opuntia huajuapensis","Oaxaca",-97.450611,17.616111,"Sierra Madre del Sur province","Opuntia","Mexico"
1668787832,"Opuntia huajuapensis","Oaxaca",-97.395227,17.639996,"Sierra Madre del Sur province","Opuntia","Mexico"
4519323652,"Opuntia huajuapensis","Oaxaca",-97.096218,17.649095,"Sierra Madre del Sur province","Opuntia","Mexico"
3308661791,"Opuntia huajuapensis","Oaxaca",-97.13602,17.65175,"Sierra Madre del Sur province","Opuntia","Mexico"
1668789803,"Opuntia huajuapensis","Oaxaca",-97.217503,17.69996,"Sierra Madre del Sur province","Opuntia","Mexico"
3308419883,"Opuntia huajuapensis","Oaxaca",-97.3955,17.703417,"Sierra Madre del Sur province","Opuntia","Mexico"
2901599582,"Opuntia huajuapensis","Oaxaca",-97.316268,17.708457,"Sierra Madre del Sur province","Opuntia","Mexico"
1640036258,"Opuntia huajuapensis","Oaxaca",-97.288485,17.70971,"Sierra Madre del Sur province","Opuntia","Mexico"
3308085361,"Opuntia huajuapensis","Oaxaca",-97.15208,17.71642,"Sierra Madre del Sur province","Opuntia","Mexico"
3872877405,"Opuntia huajuapensis","Oaxaca",-97.320591,17.723003,"Sierra Madre del Sur province","Opuntia","Mexico"
3947719244,"Opuntia huajuapensis","Oaxaca",-97.334876,17.725217,"Sierra Madre del Sur province","Opuntia","Mexico"
1895120227,"Opuntia huajuapensis","Oaxaca",-97.480556,17.784722,"Sierra Madre del Sur province","Opuntia","Mexico"
3308175987,"Opuntia huajuapensis","Oaxaca",-97.758333,17.799083,"Balsas Basin province","Opuntia","Mexico"
1257819238,"Opuntia huajuapensis","Oaxaca",-97.136667,17.799722,"Sierra Madre del Sur province","Opuntia","Mexico"
2898400507,"Opuntia huajuapensis","Oaxaca",-97.453468,17.804176,"Sierra Madre del Sur province","Opuntia","Mexico"
1895120282,"Opuntia huajuapensis","Oaxaca",-97.470833,17.806667,"Sierra Madre del Sur province","Opuntia","Mexico"
3859980660,"Opuntia huajuapensis","Oaxaca",-97.34045,17.822454,"Sierra Madre del Sur province","Opuntia","Mexico"
1914192102,"Opuntia huajuapensis","Oaxaca",-97.486389,17.8375,"Sierra Madre del Sur province","Opuntia","Mexico"
1257819192,"Opuntia huajuapensis","Oaxaca",-97.2275,17.842222,"Sierra Madre del Sur province","Opuntia","Mexico"
3859296353,"Opuntia huajuapensis","Oaxaca",-97.510323,17.846705,"Sierra Madre del Sur province","Opuntia","Mexico"
3308102906,"Opuntia huajuapensis","Oaxaca",-97.21844,17.84986,"Sierra Madre del Sur province","Opuntia","Mexico"
1894560438,"Opuntia huajuapensis","Oaxaca",-97.359028,17.855667,"Sierra Madre del Sur province","Opuntia","Mexico"
2597886908,"Opuntia huajuapensis","Oaxaca",-97.323699,17.855794,"Sierra Madre del Sur province","Opuntia","Mexico"
1668820376,"Opuntia huajuapensis","Oaxaca",-97.391682,17.869657,"Sierra Madre del Sur province","Opuntia","Mexico"
2901506811,"Opuntia huajuapensis","Oaxaca",-97.954256,17.870914,"Balsas Basin province","Opuntia","Mexico"
3902288876,"Opuntia huajuapensis","Oaxaca",-97.313712,17.878888,"Sierra Madre del Sur province","Opuntia","Mexico"
1024178713,"Opuntia huajuapensis","Oaxaca",-97.429912,17.905079,"Sierra Madre del Sur province","Opuntia","Mexico"
3759094851,"Opuntia huajuapensis","Oaxaca",-97.437326,17.919263,"Sierra Madre del Sur province","Opuntia","Mexico"
3384575676,"Opuntia huajuapensis","Oaxaca",-97.392618,17.931572,"Sierra Madre del Sur province","Opuntia","Mexico"
1668802915,"Opuntia huajuapensis","Oaxaca",-97.418243,17.971377,"Sierra Madre del Sur province","Opuntia","Mexico"
2563657177,"Opuntia karwinskiana","Oaxaca",-96.217799,15.700451,"Pacific Lowlands province","Opuntia","Mexico"
3772422757,"Opuntia karwinskiana","Oaxaca",-96.568795,15.704558,"Pacific Lowlands province","Opuntia","Mexico"
3044842632,"Opuntia karwinskiana","Oaxaca",-96.196442,15.70953,"Pacific Lowlands province","Opuntia","Mexico"
2540873513,"Opuntia karwinskiana","Oaxaca",-96.202897,15.712537,"Pacific Lowlands province","Opuntia","Mexico"
1802752714,"Opuntia karwinskiana","Oaxaca",-96.167214,15.722938,"Pacific Lowlands province","Opuntia","Mexico"
2851294633,"Opuntia karwinskiana","Oaxaca",-96.164689,15.723656,"Pacific Lowlands province","Opuntia","Mexico"
3337494558,"Opuntia karwinskiana","Oaxaca",-96.164413,15.725561,"Pacific Lowlands province","Opuntia","Mexico"
3308143399,"Opuntia karwinskiana","Oaxaca",-96.24536,15.72653,"Pacific Lowlands province","Opuntia","Mexico"
1802752713,"Opuntia karwinskiana","Oaxaca",-96.15715,15.72679,"Pacific Lowlands province","Opuntia","Mexico"
2563540452,"Opuntia karwinskiana","Oaxaca",-96.158778,15.733424,"Pacific Lowlands province","Opuntia","Mexico"
1990540761,"Opuntia karwinskiana","Oaxaca",-96.202156,15.737501,"Pacific Lowlands province","Opuntia","Mexico"
2898396476,"Opuntia karwinskiana","Oaxaca",-96.145974,15.738139,"Pacific Lowlands province","Opuntia","Mexico"
4011659741,"Opuntia karwinskiana","Oaxaca",-96.149514,15.743374,"Pacific Lowlands province","Opuntia","Mexico"
1836563909,"Opuntia karwinskiana","Oaxaca",-96.127367,15.743627,"Pacific Lowlands province","Opuntia","Mexico"
1880483214,"Opuntia karwinskiana","Oaxaca",-96.17038,15.747602,"Pacific Lowlands province","Opuntia","Mexico"
2802628659,"Opuntia karwinskiana","Oaxaca",-96.139059,15.750487,"Pacific Lowlands province","Opuntia","Mexico"
3097389404,"Opuntia karwinskiana","Oaxaca",-96.17073,15.75068,"Pacific Lowlands province","Opuntia","Mexico"
3109078538,"Opuntia karwinskiana","Oaxaca",-96.148041,15.754222,"Pacific Lowlands province","Opuntia","Mexico"
2813920539,"Opuntia karwinskiana","Oaxaca",-96.150065,15.754837,"Pacific Lowlands province","Opuntia","Mexico"
2529277742,"Opuntia karwinskiana","Oaxaca",-96.16624,15.755948,"Pacific Lowlands province","Opuntia","Mexico"
3058766981,"Opuntia karwinskiana","Oaxaca",-96.179947,15.760185,"Pacific Lowlands province","Opuntia","Mexico"
4413516598,"Opuntia karwinskiana","Oaxaca",-96.191267,15.760284,"Pacific Lowlands province","Opuntia","Mexico"
3013879593,"Opuntia karwinskiana","Oaxaca",-96.202799,15.760989,"Pacific Lowlands province","Opuntia","Mexico"
2633972173,"Opuntia karwinskiana","Oaxaca",-96.114794,15.76563,"Pacific Lowlands province","Opuntia","Mexico"
1837767818,"Opuntia karwinskiana","Oaxaca",-96.170712,15.766205,"Pacific Lowlands province","Opuntia","Mexico"
1802736687,"Opuntia karwinskiana","Oaxaca",-96.133901,15.767041,"Pacific Lowlands province","Opuntia","Mexico"
2517945714,"Opuntia karwinskiana","Oaxaca",-96.100258,15.768452,"Pacific Lowlands province","Opuntia","Mexico"
2626645692,"Opuntia karwinskiana","Oaxaca",-96.199409,15.768539,"Pacific Lowlands province","Opuntia","Mexico"
2641291460,"Opuntia karwinskiana","Oaxaca",-96.125052,15.768739,"Pacific Lowlands province","Opuntia","Mexico"
2626638998,"Opuntia karwinskiana","Oaxaca",-96.124993,15.770354,"Pacific Lowlands province","Opuntia","Mexico"
2518098115,"Opuntia karwinskiana","Oaxaca",-96.200967,15.771625,"Pacific Lowlands province","Opuntia","Mexico"
1880491398,"Opuntia karwinskiana","Oaxaca",-96.237457,15.773922,"Pacific Lowlands province","Opuntia","Mexico"
2517943294,"Opuntia karwinskiana","Oaxaca",-96.200966,15.775105,"Pacific Lowlands province","Opuntia","Mexico"
1914207235,"Opuntia karwinskiana","Oaxaca",-96.225815,15.776644,"Pacific Lowlands province","Opuntia","Mexico"
3383881934,"Opuntia karwinskiana","Oaxaca",-96.175522,15.776931,"Pacific Lowlands province","Opuntia","Mexico"
3014032566,"Opuntia karwinskiana","Oaxaca",-96.20907,15.77754,"Pacific Lowlands province","Opuntia","Mexico"
2005405431,"Opuntia karwinskiana","Oaxaca",-96.107669,15.778047,"Pacific Lowlands province","Opuntia","Mexico"
2242906130,"Opuntia karwinskiana","Oaxaca",-96.174652,15.778559,"Pacific Lowlands province","Opuntia","Mexico"
2641483533,"Opuntia karwinskiana","Oaxaca",-96.127154,15.778668,"Pacific Lowlands province","Opuntia","Mexico"
2851064428,"Opuntia karwinskiana","Oaxaca",-96.198381,15.778715,"Pacific Lowlands province","Opuntia","Mexico"
2550129133,"Opuntia karwinskiana","Oaxaca",-96.07148,15.77911,"Pacific Lowlands province","Opuntia","Mexico"
2540761706,"Opuntia karwinskiana","Oaxaca",-96.202679,15.783632,"Pacific Lowlands province","Opuntia","Mexico"
2517946434,"Opuntia karwinskiana","Oaxaca",-96.219177,15.786327,"Pacific Lowlands province","Opuntia","Mexico"
2517946089,"Opuntia karwinskiana","Oaxaca",-96.373726,15.792265,"Pacific Lowlands province","Opuntia","Mexico"
1897577655,"Opuntia karwinskiana","Oaxaca",-95.956389,15.846944,"Pacific Lowlands province","Opuntia","Mexico"
1802708326,"Opuntia karwinskiana","Oaxaca",-95.96144,15.865932,"Pacific Lowlands province","Opuntia","Mexico"
2898427506,"Opuntia karwinskiana","Oaxaca",-96.414902,15.933122,"Sierra Madre del Sur province","Opuntia","Mexico"
3308106388,"Opuntia karwinskiana","Oaxaca",-95.58119,15.96503,"Pacific Lowlands province","Opuntia","Mexico"
3308738671,"Opuntia karwinskiana","Oaxaca",-95.52817,15.96817,"Pacific Lowlands province","Opuntia","Mexico"
3308106592,"Opuntia karwinskiana","Oaxaca",-95.725,15.99969,"Pacific Lowlands province","Opuntia","Mexico"
3308106114,"Opuntia karwinskiana","Oaxaca",-95.69725,16.05161,"Pacific Lowlands province","Opuntia","Mexico"
3705530934,"Opuntia karwinskiana","Oaxaca",-95.005775,16.332838,"Pacific Lowlands province","Opuntia","Mexico"
3308632660,"Opuntia karwinskiana","Oaxaca",-98.217,16.346,"Pacific Lowlands province","Opuntia","Mexico"
3308747450,"Opuntia karwinskiana","Oaxaca",-96.6729,16.41636,"Balsas Basin province","Opuntia","Mexico"
4103164446,"Opuntia karwinskiana","Oaxaca",-95.01254,16.537954,"Pacific Lowlands province","Opuntia","Mexico"
3308674550,"Opuntia karwinskiana","Oaxaca",-94.99778,16.67694,"Pacific Lowlands province","Opuntia","Mexico"
1805406094,"Opuntia karwinskiana","Oaxaca",-96.230744,16.677694,"Sierra Madre del Sur province","Opuntia","Mexico"
2265908466,"Opuntia karwinskiana","Oaxaca",-94.744463,16.714806,"Pacific Lowlands province","Opuntia","Mexico"
2814114470,"Opuntia karwinskiana","Oaxaca",-96.516172,17.062567,"Sierra Madre del Sur province","Opuntia","Mexico"
2596334137,"Opuntia karwinskiana","Oaxaca",-96.890539,17.796217,"Sierra Madre del Sur province","Opuntia","Mexico"
2988272932,"Opuntia lasiacantha","Oaxaca",-97.09068,15.866364,"Pacific Lowlands province","Opuntia","Mexico"
1897488552,"Opuntia lasiacantha","Oaxaca",-95.170028,16.566778,"Pacific Lowlands province","Opuntia","Mexico"
1897488556,"Opuntia lasiacantha","Oaxaca",-94.742055,16.714778,"Pacific Lowlands province","Opuntia","Mexico"
4465711671,"Opuntia lasiacantha","Oaxaca",-96.277185,16.86525,"Sierra Madre del Sur province","Opuntia","Mexico"
3058755341,"Opuntia lasiacantha","Oaxaca",-96.768794,17.046294,"Balsas Basin province","Opuntia","Mexico"
1883971577,"Opuntia lasiacantha","Oaxaca",-96.73616,17.081188,"Balsas Basin province","Opuntia","Mexico"
4442582156,"Opuntia lasiacantha","Oaxaca",-96.465176,17.083312,"Sierra Madre del Sur province","Opuntia","Mexico"
1895116481,"Opuntia lasiacantha","Oaxaca",-97.558333,17.341667,"Sierra Madre del Sur province","Opuntia","Mexico"
3308172937,"Opuntia lasiacantha","Oaxaca",-96.5659,17.43247,"Balsas Basin province","Opuntia","Mexico"
1212004826,"Opuntia lasiacantha","Oaxaca",-97.401695,17.491823,"Sierra Madre del Sur province","Opuntia","Mexico"
3308049137,"Opuntia lasiacantha","Oaxaca",-97.46664,17.49403,"Sierra Madre del Sur province","Opuntia","Mexico"
3308085358,"Opuntia lasiacantha","Oaxaca",-97.26038,17.51128,"Sierra Madre del Sur province","Opuntia","Mexico"
3307917956,"Opuntia lasiacantha","Oaxaca",-97.38194,17.59639,"Sierra Madre del Sur province","Opuntia","Mexico"
4510359458,"Opuntia lasiacantha","Oaxaca",-97.341468,17.640222,"Sierra Madre del Sur province","Opuntia","Mexico"
3881788379,"Opuntia lasiacantha","Oaxaca",-97.120624,17.644461,"Sierra Madre del Sur province","Opuntia","Mexico"
3881692365,"Opuntia lasiacantha","Oaxaca",-97.126942,17.654544,"Sierra Madre del Sur province","Opuntia","Mexico"
3902747429,"Opuntia lasiacantha","Oaxaca",-97.257383,17.671089,"Sierra Madre del Sur province","Opuntia","Mexico"
2517972810,"Opuntia lasiacantha","Oaxaca",-97.279472,17.719215,"Sierra Madre del Sur province","Opuntia","Mexico"
3307907506,"Opuntia lasiacantha","Oaxaca",-97.517,17.733,"Sierra Madre del Sur province","Opuntia","Mexico"
3308414735,"Opuntia lasiacantha","Oaxaca",-97.487778,17.836306,"Sierra Madre del Sur province","Opuntia","Mexico"
1893736668,"Opuntia lasiacantha","Oaxaca",-96.86774,17.836939,"Sierra Madre del Sur province","Opuntia","Mexico"
3307795434,"Opuntia lasiacantha","Oaxaca",-97.162972,17.850333,"Sierra Madre del Sur province","Opuntia","Mexico"
3307778571,"Opuntia lasiacantha","Oaxaca",-97.495277,17.850381,"Sierra Madre del Sur province","Opuntia","Mexico"
3308411393,"Opuntia lasiacantha","Oaxaca",-97.167198,17.878359,"Sierra Madre del Sur province","Opuntia","Mexico"
2850987809,"Opuntia lasiacantha","Oaxaca",-98.036027,17.942021,"Balsas Basin province","Opuntia","Mexico"
3858420578,"Opuntia pilifera","Oaxaca",-96.567453,16.384344,"Balsas Basin province","Opuntia","Mexico"
2988507665,"Opuntia pilifera","Oaxaca",-96.310666,16.560524,"Pacific Lowlands province","Opuntia","Mexico"
3308426617,"Opuntia pilifera","Oaxaca",-96.338611,16.596667,"Sierra Madre del Sur province","Opuntia","Mexico"
3308735400,"Opuntia pilifera","Oaxaca",-95.88867,16.63572,"Pacific Lowlands province","Opuntia","Mexico"
4091853472,"Opuntia pilifera","Oaxaca",-96.504407,16.906785,"Balsas Basin province","Opuntia","Mexico"
3872864632,"Opuntia pilifera","Oaxaca",-96.300954,16.914536,"Sierra Madre del Sur province","Opuntia","Mexico"
4168737888,"Opuntia pilifera","Oaxaca",-96.338056,16.923333,"Balsas Basin province","Opuntia","Mexico"
1895415328,"Opuntia pilifera","Oaxaca",-96.4176205,16.9270626,"Balsas Basin province","Opuntia","Mexico"
1895415423,"Opuntia pilifera","Oaxaca",-96.4293738,16.9336373,"Balsas Basin province","Opuntia","Mexico"
2517941956,"Opuntia pilifera","Oaxaca",-96.446135,16.948431,"Balsas Basin province","Opuntia","Mexico"
2517946317,"Opuntia pilifera","Oaxaca",-96.448564,16.957219,"Balsas Basin province","Opuntia","Mexico"
3070294394,"Opuntia pilifera","Oaxaca",-96.450455,16.958143,"Balsas Basin province","Opuntia","Mexico"
4121226560,"Opuntia pilifera","Oaxaca",-96.449668,16.958433,"Balsas Basin province","Opuntia","Mexico"
3764472725,"Opuntia pilifera","Oaxaca",-96.450203,16.959003,"Balsas Basin province","Opuntia","Mexico"
1896090807,"Opuntia pilifera","Oaxaca",-96.199528,16.960639,"Pacific Lowlands province","Opuntia","Mexico"
1895115274,"Opuntia pilifera","Oaxaca",-96.548611,17.009722,"Balsas Basin province","Opuntia","Mexico"
2814150449,"Opuntia pilifera","Oaxaca",-96.50985,17.013589,"Balsas Basin province","Opuntia","Mexico"
2550172506,"Opuntia pilifera","Oaxaca",-96.515554,17.04218,"Balsas Basin province","Opuntia","Mexico"
1893647182,"Opuntia pilifera","Oaxaca",-96.866571,17.264514,"Sierra Madre del Sur province","Opuntia","Mexico"
1805418326,"Opuntia pilifera","Oaxaca",-96.574013,17.395069,"Balsas Basin province","Opuntia","Mexico"
3308085312,"Opuntia pilifera","Oaxaca",-97.027639,17.429806,"Sierra Madre del Sur province","Opuntia","Mexico"
1895415391,"Opuntia pilifera","Oaxaca",-96.932725,17.455211,"Sierra Madre del Sur province","Opuntia","Mexico"
3881711414,"Opuntia pilifera","Oaxaca",-96.995007,17.624722,"Sierra Madre del Sur province","Opuntia","Mexico"
2517975910,"Opuntia pilifera","Oaxaca",-96.912742,17.635672,"Balsas Basin province","Opuntia","Mexico"
3307746224,"Opuntia pilifera","Oaxaca",-96.927778,17.668667,"Balsas Basin province","Opuntia","Mexico"
3308657010,"Opuntia pilifera","Oaxaca",-96.92181,17.717,"Balsas Basin province","Opuntia","Mexico"
3307606818,"Opuntia pilifera","Oaxaca",-97.670861,17.724,"Sierra Madre del Sur province","Opuntia","Mexico"
1894554078,"Opuntia pilifera","Oaxaca",-97.231278,17.732833,"Sierra Madre del Sur province","Opuntia","Mexico"
1895115264,"Opuntia pilifera","Oaxaca",-96.968917,17.784639,"Balsas Basin province","Opuntia","Mexico"
1895115319,"Opuntia pilifera","Oaxaca",-97.256694,17.791861,"Sierra Madre del Sur province","Opuntia","Mexico"
1258064540,"Opuntia pilifera","Oaxaca",-96.9629,17.7953,"Balsas Basin province","Opuntia","Mexico"
1894554047,"Opuntia pilifera","Oaxaca",-97.039917,17.796417,"Balsas Basin province","Opuntia","Mexico"
1895115312,"Opuntia pilifera","Oaxaca",-96.998472,17.815611,"Balsas Basin province","Opuntia","Mexico"
2580076953,"Opuntia pilifera","Oaxaca",-97.322412,17.856693,"Sierra Madre del Sur province","Opuntia","Mexico"
1257613048,"Opuntia pilifera","Oaxaca",-97.00788,17.87933,"Balsas Basin province","Opuntia","Mexico"
2460049123,"Opuntia pilifera","Oaxaca",-96.97331,17.89072,"Balsas Basin province","Opuntia","Mexico"
1453366031,"Opuntia pilifera","Oaxaca",-97.001166,17.895629,"Balsas Basin province","Opuntia","Mexico"
2596356211,"Opuntia pilifera","Oaxaca",-96.967128,17.897884,"Balsas Basin province","Opuntia","Mexico"
1895115291,"Opuntia pilifera","Oaxaca",-96.970278,17.900556,"Balsas Basin province","Opuntia","Mexico"
3881397323,"Opuntia pilifera","Oaxaca",-96.982322,17.911513,"Balsas Basin province","Opuntia","Mexico"
3308672947,"Opuntia pilifera","Oaxaca",-97.33864,18.01936,"Sierra Madre del Sur province","Opuntia","Mexico"
1257819233,"Opuntia pilifera","Oaxaca",-97.338611,18.027778,"Sierra Madre del Sur province","Opuntia","Mexico"
1257613073,"Opuntia pilifera","Oaxaca",-97.0612,18.03301,"Balsas Basin province","Opuntia","Mexico"
2557650704,"Opuntia pilifera","Oaxaca",-97.11633,18.04686,"Balsas Basin province","Opuntia","Mexico"
2459990749,"Opuntia pilifera","Oaxaca",-97.176757,18.083277,"Balsas Basin province","Opuntia","Mexico"
1257613070,"Opuntia pilifera","Oaxaca",-97.06494,18.10365,"Balsas Basin province","Opuntia","Mexico"
2518044214,"Opuntia pilifera","Oaxaca",-97.64141,18.231846,"Balsas Basin province","Opuntia","Mexico"
2517943498,"Opuntia pubescens","Oaxaca",-96.194023,15.76967,"Pacific Lowlands province","Opuntia","No"
4169319253,"Opuntia pubescens","Oaxaca",-96.000238,16.000833,"Pacific Lowlands province","Opuntia","No"
3308119170,"Opuntia pubescens","Oaxaca",-96.5523,16.25189,"Sierra Madre del Sur province","Opuntia","No"
4076378708,"Opuntia pubescens","Oaxaca",-96.627624,16.290209,"Sierra Madre del Sur province","Opuntia","No"
3760148724,"Opuntia pubescens","Oaxaca",-96.645056,16.290273,"Sierra Madre del Sur province","Opuntia","No"
3760165987,"Opuntia pubescens","Oaxaca",-96.63984,16.292453,"Sierra Madre del Sur province","Opuntia","No"
3307965255,"Opuntia pubescens","Oaxaca",-96.30083,16.30028,"Pacific Lowlands province","Opuntia","No"
3308621957,"Opuntia pubescens","Oaxaca",-96.28556,16.30056,"Sierra Madre del Sur province","Opuntia","No"
3456056057,"Opuntia pubescens","Oaxaca",-96.649574,16.300953,"Sierra Madre del Sur province","Opuntia","No"
3407939234,"Opuntia pubescens","Oaxaca",-96.631363,16.30252,"Sierra Madre del Sur province","Opuntia","No"
3858644318,"Opuntia pubescens","Oaxaca",-96.63829,16.319902,"Sierra Madre del Sur province","Opuntia","No"
3308417007,"Opuntia pubescens","Oaxaca",-95.82611,16.32694,"Sierra Madre del Sur province","Opuntia","No"
3307831200,"Opuntia pubescens","Oaxaca",-95.834167,16.436111,"Pacific Lowlands province","Opuntia","No"
3308764470,"Opuntia pubescens","Oaxaca",-95.8833,16.44806,"Pacific Lowlands province","Opuntia","No"
3308679767,"Opuntia pubescens","Oaxaca",-96.04453,16.50478,"Pacific Lowlands province","Opuntia","No"
3308140283,"Opuntia pubescens","Oaxaca",-95.6581,16.50813,"Sierra Madre del Sur province","Opuntia","No"
2898426577,"Opuntia pubescens","Oaxaca",-96.794074,16.597246,"Balsas Basin province","Opuntia","No"
2988485754,"Opuntia pubescens","Oaxaca",-96.328462,16.597709,"Sierra Madre del Sur province","Opuntia","No"
1257849182,"Opuntia pubescens","Oaxaca",-95.9325,16.625278,"Pacific Lowlands province","Opuntia","No"
1895116871,"Opuntia pubescens","Oaxaca",-96.391701,16.64583,"Sierra Madre del Sur province","Opuntia","No"
2984556535,"Opuntia pubescens","Oaxaca",-96.170295,16.686108,"Pacific Lowlands province","Opuntia","No"
1895116852,"Opuntia pubescens","Oaxaca",-96.041667,16.791667,"Pacific Lowlands province","Opuntia","No"
3902608473,"Opuntia pubescens","Oaxaca",-96.632562,16.803453,"Balsas Basin province","Opuntia","No"
1896091710,"Opuntia pubescens","Oaxaca",-96.417278,16.805944,"Balsas Basin province","Opuntia","No"
1419192902,"Opuntia pubescens","Oaxaca",-97.048611,16.810833,"Sierra Madre del Sur province","Opuntia","No"
3308750373,"Opuntia pubescens","Oaxaca",-96.39036,16.93472,"Sierra Madre del Sur province","Opuntia","No"
3308106653,"Opuntia pubescens","Oaxaca",-96.40136,16.94714,"Sierra Madre del Sur province","Opuntia","No"
3118381224,"Opuntia pubescens","Oaxaca",-96.69611,16.99814,"Balsas Basin province","Opuntia","No"
2465215712,"Opuntia pubescens","Oaxaca",-96.676,17.033,"Balsas Basin province","Opuntia","No"
3455394626,"Opuntia pubescens","Oaxaca",-96.88568,17.045161,"Sierra Madre del Sur province","Opuntia","No"
4500875567,"Opuntia pubescens","Oaxaca",-96.842852,17.046178,"Sierra Madre del Sur province","Opuntia","No"
2529269004,"Opuntia pubescens","Oaxaca",-96.730195,17.073558,"Balsas Basin province","Opuntia","No"
1291664168,"Opuntia pubescens","Oaxaca",-96.734787,17.080286,"Balsas Basin province","Opuntia","No"
2460024901,"Opuntia pubescens","Oaxaca",-96.735011,17.083334,"Balsas Basin province","Opuntia","No"
3858469182,"Opuntia pubescens","Oaxaca",-96.726639,17.090772,"Balsas Basin province","Opuntia","No"
4405392723,"Opuntia pubescens","Oaxaca",-96.604244,17.102831,"Sierra Madre del Sur province","Opuntia","No"
2576466155,"Opuntia pubescens","Oaxaca",-96.497475,17.316837,"Balsas Basin province","Opuntia","No"
2898333515,"Opuntia pubescens","Oaxaca",-97.147581,17.330191,"Sierra Madre del Sur province","Opuntia","No"
3308672948,"Opuntia pubescens","Oaxaca",-96.99592,17.50014,"Sierra Madre del Sur province","Opuntia","No"
1893439891,"Opuntia pubescens","Oaxaca",-97.208333,17.591667,"Sierra Madre del Sur province","Opuntia","No"
3307605769,"Opuntia pubescens","Oaxaca",-97.200333,17.601778,"Sierra Madre del Sur province","Opuntia","No"
3308677863,"Opuntia pubescens","Oaxaca",-97.67181,17.61619,"Sierra Madre del Sur province","Opuntia","No"
3307716328,"Opuntia pubescens","Oaxaca",-97.609833,17.691111,"Sierra Madre del Sur province","Opuntia","No"
3308570032,"Opuntia pubescens","Oaxaca",-96.94047,17.70969,"Balsas Basin province","Opuntia","No"
3090963908,"Opuntia pubescens","Oaxaca",-97.747729,17.784218,"Balsas Basin province","Opuntia","No"
3772738700,"Opuntia pubescens","Oaxaca",-96.944055,17.789984,"Balsas Basin province","Opuntia","No"
1894564499,"Opuntia pubescens","Oaxaca",-97.148528,17.82575,"Sierra Madre del Sur province","Opuntia","No"
1257819185,"Opuntia pubescens","Oaxaca",-97.1525,17.826111,"Sierra Madre del Sur province","Opuntia","No"
2984542778,"Opuntia pubescens","Oaxaca",-97.951928,17.861236,"Balsas Basin province","Opuntia","No"
3307776482,"Opuntia pubescens","Oaxaca",-97.104028,17.864,"Balsas Basin province","Opuntia","No"
1894564429,"Opuntia pubescens","Oaxaca",-96.90675,17.86425,"Sierra Madre del Sur province","Opuntia","No"
3307910079,"Opuntia pubescens","Oaxaca",-97.71667,17.86667,"Balsas Basin province","Opuntia","No"
3859260863,"Opuntia pubescens","Oaxaca",-97.4255,17.928642,"Sierra Madre del Sur province","Opuntia","No"
1894564520,"Opuntia pubescens","Oaxaca",-97.274444,17.943611,"Sierra Madre del Sur province","Opuntia","No"
3307795437,"Opuntia pubescens","Oaxaca",-97.068832,17.955561,"Balsas Basin province","Opuntia","No"
1453363789,"Opuntia pubescens","Oaxaca",-97.033535,18.079046,"Balsas Basin province","Opuntia","No"
3308661788,"Opuntia pubescens","Oaxaca",-97.74167,18.17833,"Balsas Basin province","Opuntia","No"
3355101846,"Opuntia tehuacana","Oaxaca",-96.913244,17.876753,"Sierra Madre del Sur province","Opuntia","Mexico"
1668795717,"Opuntia tehuacana","Oaxaca",-96.980588,17.890013,"Balsas Basin province","Opuntia","Mexico"
1562873217,"Opuntia tehuacana","Oaxaca",-97.004128,18.053581,"Sierra Madre del Sur province","Opuntia","Mexico"
1950033206,"Opuntia tehuacana","Oaxaca",-97.033616,18.079172,"Balsas Basin province","Opuntia","Mexico"
1895118276,"Opuntia tehuacana","Oaxaca",-97.2705,17.750167,"Sierra Madre del Sur province","Opuntia","Mexico"
3308078209,"Opuntia tehuacana","Oaxaca",-97.15236,17.83186,"Sierra Madre del Sur province","Opuntia","Mexico"
3058802450,"Opuntia tehuacana","Oaxaca",-96.966699,17.897802,"Balsas Basin province","Opuntia","Mexico"
3058854431,"Opuntia tehuacana","Oaxaca",-96.982512,17.911027,"Balsas Basin province","Opuntia","Mexico"
3307910304,"Opuntia tehuacana","Oaxaca",-97.003528,17.956306,"Balsas Basin province","Opuntia","Mexico"
3058691310,"Opuntia tehuacana","Oaxaca",-96.964989,18.077326,"Sierra Madre del Sur province","Opuntia","Mexico"
3307922534,"Opuntia tehuacana","Oaxaca",-97.0503,18.0839,"Balsas Basin province","Opuntia","Mexico"
3985706967,"Opuntia tomentosa","Oaxaca",-96.579751,15.670217,"Pacific Lowlands province","Opuntia","No"
2603540349,"Opuntia tomentosa","Oaxaca",-96.651102,16.286667,"Sierra Madre del Sur province","Opuntia","No"
3337719793,"Opuntia tomentosa","Oaxaca",-96.631014,16.289185,"Sierra Madre del Sur province","Opuntia","No"
3058761696,"Opuntia tomentosa","Oaxaca",-96.66063,16.290869,"Sierra Madre del Sur province","Opuntia","No"
4506355442,"Opuntia tomentosa","Oaxaca",-96.661344,16.848586,"Balsas Basin province","Opuntia","No"
1990601173,"Opuntia tomentosa","Oaxaca",-96.276192,16.863549,"Sierra Madre del Sur province","Opuntia","No"
3308262023,"Opuntia tomentosa","Oaxaca",-96.381698,16.903036,"Balsas Basin province","Opuntia","No"
1807300703,"Opuntia tomentosa","Oaxaca",-96.671157,17.032405,"Balsas Basin province","Opuntia","No"
4510340319,"Opuntia tomentosa","Oaxaca",-96.767997,17.041183,"Balsas Basin province","Opuntia","No"
3457024346,"Opuntia tomentosa","Oaxaca",-96.768111,17.043803,"Balsas Basin province","Opuntia","No"
3764165747,"Opuntia tomentosa","Oaxaca",-96.763833,17.055431,"Balsas Basin province","Opuntia","No"
2517942109,"Opuntia tomentosa","Oaxaca",-96.730671,17.074015,"Balsas Basin province","Opuntia","No"
2897614305,"Opuntia tomentosa","Oaxaca",-96.5945,17.075528,"Sierra Madre del Sur province","Opuntia","No"
1993774238,"Opuntia tomentosa","Oaxaca",-96.780152,17.079307,"Balsas Basin province","Opuntia","No"
3383943362,"Opuntia tomentosa","Oaxaca",-96.824692,17.10318,"Balsas Basin province","Opuntia","No"
2873782894,"Opuntia tomentosa","Oaxaca",-96.898915,17.160118,"Balsas Basin province","Opuntia","No"
3308672465,"Opuntia tomentosa","Oaxaca",-97.18363,17.20273,"Sierra Madre del Sur province","Opuntia","No"
1895119467,"Opuntia tomentosa","Oaxaca",-97.458333,17.241667,"Sierra Madre del Sur province","Opuntia","No"
4022061718,"Opuntia tomentosa","Oaxaca",-97.689747,17.245814,"Sierra Madre del Sur province","Opuntia","No"
3308099282,"Opuntia tomentosa","Oaxaca",-97.2522,17.3062,"Sierra Madre del Sur province","Opuntia","No"
1895119415,"Opuntia tomentosa","Oaxaca",-96.516899,17.308361,"Balsas Basin province","Opuntia","No"
3308704182,"Opuntia tomentosa","Oaxaca",-97.86667,17.31667,"Sierra Madre del Sur province","Opuntia","No"
3308122717,"Opuntia tomentosa","Oaxaca",-97.6661,17.35822,"Sierra Madre del Sur province","Opuntia","No"
3466156926,"Opuntia tomentosa","Oaxaca",-97.133195,17.402947,"Sierra Madre del Sur province","Opuntia","No"
3308081421,"Opuntia tomentosa","Oaxaca",-97.47067,17.50083,"Sierra Madre del Sur province","Opuntia","No"
3308672509,"Opuntia tomentosa","Oaxaca",-97.05168,17.54156,"Sierra Madre del Sur province","Opuntia","No"
891152377,"Opuntia tomentosa","Oaxaca",-97.31977,17.543511,"Sierra Madre del Sur province","Opuntia","No"
2580116004,"Opuntia tomentosa","Oaxaca",-97.096666,17.551916,"Sierra Madre del Sur province","Opuntia","No"
2459996641,"Opuntia tomentosa","Oaxaca",-97.426055,17.552228,"Sierra Madre del Sur province","Opuntia","No"
2244289685,"Opuntia tomentosa","Oaxaca",-97.202004,17.555399,"Sierra Madre del Sur province","Opuntia","No"
3308080728,"Opuntia tomentosa","Oaxaca",-97.42417,17.57278,"Sierra Madre del Sur province","Opuntia","No"
2518091723,"Opuntia tomentosa","Oaxaca",-96.949836,17.585481,"Balsas Basin province","Opuntia","No"
2823109528,"Opuntia tomentosa","Oaxaca",-98.025209,17.602446,"Balsas Basin province","Opuntia","No"
4510087344,"Opuntia tomentosa","Oaxaca",-97.146432,17.644113,"Sierra Madre del Sur province","Opuntia","No"
4519296280,"Opuntia tomentosa","Oaxaca",-97.096132,17.648277,"Sierra Madre del Sur province","Opuntia","No"
3337769397,"Opuntia tomentosa","Oaxaca",-97.13432,17.653792,"Sierra Madre del Sur province","Opuntia","No"
4510072344,"Opuntia tomentosa","Oaxaca",-97.133842,17.659248,"Sierra Madre del Sur province","Opuntia","No"
1143558530,"Opuntia tomentosa","Oaxaca",-97.263808,17.667577,"Sierra Madre del Sur province","Opuntia","No"
3308052838,"Opuntia tomentosa","Oaxaca",-97.61717,17.686,"Sierra Madre del Sur province","Opuntia","No"
3308420091,"Opuntia tomentosa","Oaxaca",-97.418194,17.690472,"Sierra Madre del Sur province","Opuntia","No"
3384861946,"Opuntia tomentosa","Oaxaca",-97.544498,17.696553,"Sierra Madre del Sur province","Opuntia","No"
3308414737,"Opuntia tomentosa","Oaxaca",-97.031417,17.703861,"Balsas Basin province","Opuntia","No"
1895119045,"Opuntia tomentosa","Oaxaca",-97.067328,17.712499,"Sierra Madre del Sur province","Opuntia","No"
3307783690,"Opuntia tomentosa","Oaxaca",-96.951389,17.758889,"Balsas Basin province","Opuntia","No"
3860017651,"Opuntia tomentosa","Oaxaca",-97.340501,17.82242,"Sierra Madre del Sur province","Opuntia","No"
1893438588,"Opuntia tomentosa","Oaxaca",-97.491667,17.825,"Sierra Madre del Sur province","Opuntia","No"
3308394993,"Opuntia tomentosa","Oaxaca",-96.896667,17.849167,"Sierra Madre del Sur province","Opuntia","No"
3873307493,"Opuntia tomentosa","Oaxaca",-97.50985,17.860947,"Sierra Madre del Sur province","Opuntia","No"
2596041703,"Opuntia tomentosa","Oaxaca",-97.17174,17.903568,"Sierra Madre del Sur province","Opuntia","No"
3308639502,"Opuntia tomentosa","Oaxaca",-96.9334,17.91689,"Sierra Madre del Sur province","Opuntia","No"
1929793430,"Opuntia tomentosa","Oaxaca",-96.91753,17.92397,"Sierra Madre del Sur province","Opuntia","No"
1257613041,"Opuntia tomentosa","Oaxaca",-97.01328,17.94294,"Balsas Basin province","Opuntia","No"
1257612971,"Opuntia tomentosa","Oaxaca",-97.05785,18.02309,"Balsas Basin province","Opuntia","No"
1897566547,"Opuntia velutina","Oaxaca",-95.946667,15.832861,"Pacific Lowlands province","Opuntia","Mexico"
1895119724,"Opuntia velutina","Oaxaca",-96.328056,16.606111,"Sierra Madre del Sur province","Opuntia","Mexico"
1805401789,"Opuntia velutina","Oaxaca",-96.913789,17.635992,"Balsas Basin province","Opuntia","Mexico"
2818753553,"Opuntia velutina","Oaxaca",-98.041136,17.639965,"Balsas Basin province","Opuntia","Mexico"
2580114914,"Opuntia velutina","Oaxaca",-96.921353,17.648823,"Balsas Basin province","Opuntia","Mexico"
788779902,"Opuntia velutina","Oaxaca",-97.943028,17.677,"Sierra Madre del Sur province","Opuntia","Mexico"
4399459456,"Opuntia velutina","Oaxaca",-96.933575,17.683561,"Balsas Basin province","Opuntia","Mexico"
3308573395,"Opuntia velutina","Oaxaca",-96.95067,17.713,"Balsas Basin province","Opuntia","Mexico"
2999121908,"Opuntia velutina","Oaxaca",-97.740415,17.74826,"Balsas Basin province","Opuntia","Mexico"
1257819286,"Opuntia velutina","Oaxaca",-97.028611,17.805556,"Balsas Basin province","Opuntia","Mexico"
1895119801,"Opuntia velutina","Oaxaca",-96.816111,17.834722,"Sierra Madre del Sur province","Opuntia","Mexico"
3308074972,"Opuntia velutina","Oaxaca",-96.93417,17.91889,"Sierra Madre del Sur province","Opuntia","Mexico"
2850652407,"Opuntia velutina","Oaxaca",-98.044784,17.94723,"Balsas Basin province","Opuntia","Mexico"
1257613100,"Opuntia velutina","Oaxaca",-97.06136,18.03237,"Balsas Basin province","Opuntia","Mexico"
3308484893,"Opuntia velutina","Oaxaca",-97.653861,18.211111,"Balsas Basin province","Opuntia","Mexico"
2596356326,"Pachycereus pecten-aboriginum","Oaxaca",-96.556717,15.659415,"Pacific Lowlands province","Pachycereus","Mexico"
4522618986,"Pachycereus pecten-aboriginum","Oaxaca",-96.524259,15.663166,"Pacific Lowlands province","Pachycereus","Mexico"
3032119235,"Pachycereus pecten-aboriginum","Oaxaca",-96.502525,15.66834,"Pacific Lowlands province","Pachycereus","Mexico"
3355570615,"Pachycereus pecten-aboriginum","Oaxaca",-96.570407,15.672793,"Pacific Lowlands province","Pachycereus","Mexico"
3044906391,"Pachycereus pecten-aboriginum","Oaxaca",-96.340753,15.68627,"Pacific Lowlands province","Pachycereus","Mexico"
2237458719,"Pachycereus pecten-aboriginum","Oaxaca",-96.226209,15.695198,"Pacific Lowlands province","Pachycereus","Mexico"
2237459633,"Pachycereus pecten-aboriginum","Oaxaca",-96.21691,15.699828,"Pacific Lowlands province","Pachycereus","Mexico"
2237456388,"Pachycereus pecten-aboriginum","Oaxaca",-96.197246,15.707248,"Pacific Lowlands province","Pachycereus","Mexico"
3044803078,"Pachycereus pecten-aboriginum","Oaxaca",-96.196611,15.708582,"Pacific Lowlands province","Pachycereus","Mexico"
2239007229,"Pachycereus pecten-aboriginum","Oaxaca",-96.346959,15.709155,"Pacific Lowlands province","Pachycereus","Mexico"
2237457450,"Pachycereus pecten-aboriginum","Oaxaca",-96.203776,15.712192,"Pacific Lowlands province","Pachycereus","Mexico"
3773221370,"Pachycereus pecten-aboriginum","Oaxaca",-96.257446,15.71622,"Pacific Lowlands province","Pachycereus","Mexico"
3947611509,"Pachycereus pecten-aboriginum","Oaxaca",-96.578138,15.716978,"Pacific Lowlands province","Pachycereus","Mexico"
4006662807,"Pachycereus pecten-aboriginum","Oaxaca",-96.557226,15.71822,"Pacific Lowlands province","Pachycereus","Mexico"
2802555643,"Pachycereus pecten-aboriginum","Oaxaca",-96.162088,15.719079,"Pacific Lowlands province","Pachycereus","Mexico"
2235527475,"Pachycereus pecten-aboriginum","Oaxaca",-96.167488,15.722548,"Pacific Lowlands province","Pachycereus","Mexico"
3090553262,"Pachycereus pecten-aboriginum","Oaxaca",-96.15682,15.725103,"Pacific Lowlands province","Pachycereus","Mexico"
3772858347,"Pachycereus pecten-aboriginum","Oaxaca",-96.203227,15.725648,"Pacific Lowlands province","Pachycereus","Mexico"
2422874937,"Pachycereus pecten-aboriginum","Oaxaca",-96.160447,15.726693,"Pacific Lowlands province","Pachycereus","Mexico"
3860653676,"Pachycereus pecten-aboriginum","Oaxaca",-96.179161,15.729148,"Pacific Lowlands province","Pachycereus","Mexico"
3859475674,"Pachycereus pecten-aboriginum","Oaxaca",-96.185131,15.729554,"Pacific Lowlands province","Pachycereus","Mexico"
1837060904,"Pachycereus pecten-aboriginum","Oaxaca",-96.158438,15.733358,"Pacific Lowlands province","Pachycereus","Mexico"
2542968480,"Pachycereus pecten-aboriginum","Oaxaca",-96.168789,15.736595,"Pacific Lowlands province","Pachycereus","Mexico"
2005272042,"Pachycereus pecten-aboriginum","Oaxaca",-96.202273,15.737717,"Pacific Lowlands province","Pachycereus","Mexico"
4012038371,"Pachycereus pecten-aboriginum","Oaxaca",-96.145979,15.737848,"Pacific Lowlands province","Pachycereus","Mexico"
2963926128,"Pachycereus pecten-aboriginum","Oaxaca",-96.128314,15.73797,"Pacific Lowlands province","Pachycereus","Mexico"
2563635984,"Pachycereus pecten-aboriginum","Oaxaca",-96.126837,15.74324,"Pacific Lowlands province","Pachycereus","Mexico"
1946323371,"Pachycereus pecten-aboriginum","Oaxaca",-96.202065,15.747,"Pacific Lowlands province","Pachycereus","Mexico"
1880483266,"Pachycereus pecten-aboriginum","Oaxaca",-96.169872,15.750636,"Pacific Lowlands province","Pachycereus","Mexico"
4076066347,"Pachycereus pecten-aboriginum","Oaxaca",-96.124318,15.750958,"Pacific Lowlands province","Pachycereus","Mexico"
3499467547,"Pachycereus pecten-aboriginum","Oaxaca",-96.125114,15.751638,"Pacific Lowlands province","Pachycereus","Mexico"
3456776143,"Pachycereus pecten-aboriginum","Oaxaca",-96.20385,15.752246,"Pacific Lowlands province","Pachycereus","Mexico"
1837780016,"Pachycereus pecten-aboriginum","Oaxaca",-96.188187,15.753582,"Pacific Lowlands province","Pachycereus","Mexico"
4076400644,"Pachycereus pecten-aboriginum","Oaxaca",-96.147858,15.753911,"Pacific Lowlands province","Pachycereus","Mexico"
3044609147,"Pachycereus pecten-aboriginum","Oaxaca",-96.153557,15.75541,"Pacific Lowlands province","Pachycereus","Mexico"
3044566118,"Pachycereus pecten-aboriginum","Oaxaca",-96.165779,15.755838,"Pacific Lowlands province","Pachycereus","Mexico"
1831223167,"Pachycereus pecten-aboriginum","Oaxaca",-96.133332,15.758595,"Pacific Lowlands province","Pachycereus","Mexico"
3058994931,"Pachycereus pecten-aboriginum","Oaxaca",-96.186264,15.76199,"Pacific Lowlands province","Pachycereus","Mexico"
1847468087,"Pachycereus pecten-aboriginum","Oaxaca",-96.192877,15.763882,"Pacific Lowlands province","Pachycereus","Mexico"
3327749406,"Pachycereus pecten-aboriginum","Oaxaca",-96.158944,15.766373,"Pacific Lowlands province","Pachycereus","Mexico"
2456538724,"Pachycereus pecten-aboriginum","Oaxaca",-96.13561,15.76683,"Pacific Lowlands province","Pachycereus","Mexico"
2611013933,"Pachycereus pecten-aboriginum","Oaxaca",-96.19151,15.767306,"Pacific Lowlands province","Pachycereus","Mexico"
3044760495,"Pachycereus pecten-aboriginum","Oaxaca",-96.191895,15.767425,"Pacific Lowlands province","Pachycereus","Mexico"
2883099855,"Pachycereus pecten-aboriginum","Oaxaca",-96.200002,15.769214,"Pacific Lowlands province","Pachycereus","Mexico"
2236220620,"Pachycereus pecten-aboriginum","Oaxaca",-96.320169,15.77041,"Pacific Lowlands province","Pachycereus","Mexico"
2634035806,"Pachycereus pecten-aboriginum","Oaxaca",-96.122278,15.770826,"Pacific Lowlands province","Pachycereus","Mexico"
2269271711,"Pachycereus pecten-aboriginum","Oaxaca",-96.247818,15.771052,"Pacific Lowlands province","Pachycereus","Mexico"
1836594913,"Pachycereus pecten-aboriginum","Oaxaca",-96.207497,15.77539,"Pacific Lowlands province","Pachycereus","Mexico"
3383959911,"Pachycereus pecten-aboriginum","Oaxaca",-96.175278,15.777328,"Pacific Lowlands province","Pachycereus","Mexico"
1913157057,"Pachycereus pecten-aboriginum","Oaxaca",-96.156509,15.778245,"Pacific Lowlands province","Pachycereus","Mexico"
2242902377,"Pachycereus pecten-aboriginum","Oaxaca",-96.174484,15.778628,"Pacific Lowlands province","Pachycereus","Mexico"
3391295488,"Pachycereus pecten-aboriginum","Oaxaca",-96.185287,15.778744,"Pacific Lowlands province","Pachycereus","Mexico"
2802925338,"Pachycereus pecten-aboriginum","Oaxaca",-96.199261,15.779328,"Pacific Lowlands province","Pachycereus","Mexico"
3090749909,"Pachycereus pecten-aboriginum","Oaxaca",-96.211205,15.779988,"Pacific Lowlands province","Pachycereus","Mexico"
2005268115,"Pachycereus pecten-aboriginum","Oaxaca",-96.268572,15.780217,"Pacific Lowlands province","Pachycereus","Mexico"
2901727241,"Pachycereus pecten-aboriginum","Oaxaca",-96.071732,15.78056,"Pacific Lowlands province","Pachycereus","Mexico"
2518140354,"Pachycereus pecten-aboriginum","Oaxaca",-96.202105,15.783721,"Pacific Lowlands province","Pachycereus","Mexico"
3059040839,"Pachycereus pecten-aboriginum","Oaxaca",-96.058418,15.785157,"Pacific Lowlands province","Pachycereus","Mexico"
3712692056,"Pachycereus pecten-aboriginum","Oaxaca",-96.058159,15.785388,"Pacific Lowlands province","Pachycereus","Mexico"
2236867831,"Pachycereus pecten-aboriginum","Oaxaca",-96.143387,15.786319,"Pacific Lowlands province","Pachycereus","Mexico"
3124744641,"Pachycereus pecten-aboriginum","Oaxaca",-96.223432,15.786997,"Pacific Lowlands province","Pachycereus","Mexico"
4522479404,"Pachycereus pecten-aboriginum","Oaxaca",-96.22111,15.793119,"Pacific Lowlands province","Pachycereus","Mexico"
3399497408,"Pachycereus pecten-aboriginum","Oaxaca",-96.115318,15.793687,"Pacific Lowlands province","Pachycereus","Mexico"
3947380530,"Pachycereus pecten-aboriginum","Oaxaca",-96.008148,15.806529,"Pacific Lowlands province","Pachycereus","Mexico"
3008534830,"Pachycereus pecten-aboriginum","Oaxaca",-96.073735,15.809822,"Pacific Lowlands province","Pachycereus","Mexico"
4414286471,"Pachycereus pecten-aboriginum","Oaxaca",-96.076478,15.811008,"Pacific Lowlands province","Pachycereus","Mexico"
3097013468,"Pachycereus pecten-aboriginum","Oaxaca",-96.194362,15.819713,"Pacific Lowlands province","Pachycereus","Mexico"
1896093949,"Pachycereus pecten-aboriginum","Oaxaca",-95.972861,15.844667,"Pacific Lowlands province","Pachycereus","Mexico"
3698384019,"Pachycereus pecten-aboriginum","Oaxaca",-96.405567,15.85271,"Sierra Madre del Sur province","Pachycereus","Mexico"
3302479937,"Pachycereus pecten-aboriginum","Oaxaca",-97.05587,15.853563,"Pacific Lowlands province","Pachycereus","Mexico"
3308079280,"Pachycereus pecten-aboriginum","Oaxaca",-95.91306,15.86722,"Pacific Lowlands province","Pachycereus","Mexico"
3759646991,"Pachycereus pecten-aboriginum","Oaxaca",-96.938699,15.901448,"Pacific Lowlands province","Pachycereus","Mexico"
4011909911,"Pachycereus pecten-aboriginum","Oaxaca",-95.840709,15.913746,"Pacific Lowlands province","Pachycereus","Mexico"
3391502442,"Pachycereus pecten-aboriginum","Oaxaca",-97.076584,15.916581,"Pacific Lowlands province","Pachycereus","Mexico"
4516392463,"Pachycereus pecten-aboriginum","Oaxaca",-95.583746,15.946931,"Pacific Lowlands province","Pachycereus","Mexico"
4516910397,"Pachycereus pecten-aboriginum","Oaxaca",-95.581242,15.950258,"Pacific Lowlands province","Pachycereus","Mexico"
1895768382,"Pachycereus pecten-aboriginum","Oaxaca",-95.6560087,15.9595434,"Pacific Lowlands province","Pachycereus","Mexico"
4405298953,"Pachycereus pecten-aboriginum","Oaxaca",-97.661094,15.978292,"Pacific Lowlands province","Pachycereus","Mexico"
1897570226,"Pachycereus pecten-aboriginum","Oaxaca",-95.664444,15.992778,"Pacific Lowlands province","Pachycereus","Mexico"
2460022778,"Pachycereus pecten-aboriginum","Oaxaca",-95.442108,16.006145,"Pacific Lowlands province","Pachycereus","Mexico"
2980797281,"Pachycereus pecten-aboriginum","Oaxaca",-95.370308,16.024567,"Pacific Lowlands province","Pachycereus","Mexico"
3067813628,"Pachycereus pecten-aboriginum","Oaxaca",-95.379532,16.028295,"Pacific Lowlands province","Pachycereus","Mexico"
3858162356,"Pachycereus pecten-aboriginum","Oaxaca",-95.414863,16.035256,"Pacific Lowlands province","Pachycereus","Mexico"
2980865210,"Pachycereus pecten-aboriginum","Oaxaca",-95.377075,16.0358,"Pacific Lowlands province","Pachycereus","Mexico"
3014013546,"Pachycereus pecten-aboriginum","Oaxaca",-95.295053,16.189463,"Pacific Lowlands province","Pachycereus","Mexico"
4400346068,"Pachycereus pecten-aboriginum","Oaxaca",-94.084431,16.235186,"Pacific Lowlands province","Pachycereus","Mexico"
4522754884,"Pachycereus pecten-aboriginum","Oaxaca",-95.229164,16.328558,"Pacific Lowlands province","Pachycereus","Mexico"
2814188308,"Pachycereus pecten-aboriginum","Oaxaca",-95.299722,16.330505,"Pacific Lowlands province","Pachycereus","Mexico"
4416832426,"Pachycereus pecten-aboriginum","Oaxaca",-95.025666,16.333016,"Pacific Lowlands province","Pachycereus","Mexico"
4111988495,"Pachycereus pecten-aboriginum","Oaxaca",-95.016804,16.334043,"Pacific Lowlands province","Pachycereus","Mexico"
3308264804,"Pachycereus pecten-aboriginum","Oaxaca",-95.278056,16.335556,"Pacific Lowlands province","Pachycereus","Mexico"
3705448008,"Pachycereus pecten-aboriginum","Oaxaca",-95.016609,16.335922,"Pacific Lowlands province","Pachycereus","Mexico"
4080624976,"Pachycereus pecten-aboriginum","Oaxaca",-94.959728,16.366001,"Pacific Lowlands province","Pachycereus","Mexico"
2242893858,"Pachycereus pecten-aboriginum","Oaxaca",-95.019694,16.374753,"Pacific Lowlands province","Pachycereus","Mexico"
4116413777,"Pachycereus pecten-aboriginum","Oaxaca",-95.307818,16.381955,"Pacific Lowlands province","Pachycereus","Mexico"
4522713599,"Pachycereus pecten-aboriginum","Oaxaca",-95.388275,16.392764,"Pacific Lowlands province","Pachycereus","Mexico"
2465295831,"Pachycereus pecten-aboriginum","Oaxaca",-95.438884,16.45898,"Pacific Lowlands province","Pachycereus","Mexico"
4102573527,"Pachycereus pecten-aboriginum","Oaxaca",-95.094794,16.524707,"Pacific Lowlands province","Pachycereus","Mexico"
4420957515,"Pachycereus pecten-aboriginum","Oaxaca",-95.094917,16.525118,"Pacific Lowlands province","Pachycereus","Mexico"
3873087086,"Pachycereus pecten-aboriginum","Oaxaca",-95.200804,16.53184,"Pacific Lowlands province","Pachycereus","Mexico"
4022180506,"Pachycereus pecten-aboriginum","Oaxaca",-94.999783,16.539368,"Pacific Lowlands province","Pachycereus","Mexico"
1500305108,"Pachycereus pecten-aboriginum","Oaxaca",-94.76532,16.55986,"Pacific Lowlands province","Pachycereus","Mexico"
4080668886,"Pachycereus pecten-aboriginum","Oaxaca",-94.902034,16.564511,"Pacific Lowlands province","Pachycereus","Mexico"
1895768543,"Pachycereus pecten-aboriginum","Oaxaca",-95.485833,16.571944,"Pacific Lowlands province","Pachycereus","Mexico"
1897486936,"Pachycereus pecten-aboriginum","Oaxaca",-95.170583,16.574,"Pacific Lowlands province","Pachycereus","Mexico"
3039146284,"Pachycereus pecten-aboriginum","Oaxaca",-95.216578,16.581913,"Pacific Lowlands province","Pachycereus","Mexico"
3759234033,"Pachycereus pecten-aboriginum","Oaxaca",-94.869778,16.582525,"Pacific Lowlands province","Pachycereus","Mexico"
4130092528,"Pachycereus pecten-aboriginum","Oaxaca",-94.871112,16.583995,"Pacific Lowlands province","Pachycereus","Mexico"
2901526579,"Pachycereus pecten-aboriginum","Oaxaca",-96.364976,16.585936,"Sierra Madre del Sur province","Pachycereus","Mexico"
2802770376,"Pachycereus pecten-aboriginum","Oaxaca",-94.832474,16.59392,"Pacific Lowlands province","Pachycereus","Mexico"
2901794592,"Pachycereus pecten-aboriginum","Oaxaca",-96.35961,16.594012,"Sierra Madre del Sur province","Pachycereus","Mexico"
4522717133,"Pachycereus pecten-aboriginum","Oaxaca",-95.22995,16.599567,"Pacific Lowlands province","Pachycereus","Mexico"
4138641881,"Pachycereus pecten-aboriginum","Oaxaca",-96.330837,16.601207,"Sierra Madre del Sur province","Pachycereus","Mexico"
4067313927,"Pachycereus pecten-aboriginum","Oaxaca",-94.843333,16.603869,"Pacific Lowlands province","Pachycereus","Mexico"
4453707071,"Pachycereus pecten-aboriginum","Oaxaca",-94.79763,16.614767,"Pacific Lowlands province","Pachycereus","Mexico"
3455634041,"Pachycereus pecten-aboriginum","Oaxaca",-96.055318,16.617694,"Pacific Lowlands province","Pachycereus","Mexico"
4121389140,"Pachycereus pecten-aboriginum","Oaxaca",-94.971542,16.61875,"Pacific Lowlands province","Pachycereus","Mexico"
4134095380,"Pachycereus pecten-aboriginum","Oaxaca",-95.233307,16.620865,"Pacific Lowlands province","Pachycereus","Mexico"
4103150916,"Pachycereus pecten-aboriginum","Oaxaca",-94.992822,16.622461,"Pacific Lowlands province","Pachycereus","Mexico"
3859682360,"Pachycereus pecten-aboriginum","Oaxaca",-94.98748,16.628863,"Pacific Lowlands province","Pachycereus","Mexico"
3307955364,"Pachycereus pecten-aboriginum","Oaxaca",-95.01111,16.65806,"Pacific Lowlands province","Pachycereus","Mexico"
2981075198,"Pachycereus pecten-aboriginum","Oaxaca",-96.2172,16.679297,"Sierra Madre del Sur province","Pachycereus","Mexico"
3308728854,"Pachycereus pecten-aboriginum","Oaxaca",-94.98442,16.68278,"Pacific Lowlands province","Pachycereus","Mexico"
3391314444,"Pachycereus pecten-aboriginum","Oaxaca",-96.32035,16.693586,"Sierra Madre del Sur province","Pachycereus","Mexico"
3746963554,"Pachycereus pecten-aboriginum","Oaxaca",-96.324635,16.702562,"Sierra Madre del Sur province","Pachycereus","Mexico"
3760129764,"Pachycereus pecten-aboriginum","Oaxaca",-95.005633,16.706549,"Pacific Lowlands province","Pachycereus","Mexico"
4454048703,"Pachycereus pecten-aboriginum","Oaxaca",-95.441503,16.712959,"Pacific Lowlands province","Pachycereus","Mexico"
3306200467,"Pachycereus pecten-aboriginum","Oaxaca",-96.319222,16.727611,"Sierra Madre del Sur province","Pachycereus","Mexico"
1258912800,"Pachycereus pecten-aboriginum","Oaxaca",-96.325556,16.730278,"Sierra Madre del Sur province","Pachycereus","Mexico"
3307620948,"Pachycereus pecten-aboriginum","Oaxaca",-96.3409291,16.7566542,"Sierra Madre del Sur province","Pachycereus","Mexico"
3888735332,"Pachycereus pecten-aboriginum","Oaxaca",-95.850979,16.778684,"Pacific Lowlands province","Pachycereus","Mexico"
3986064711,"Pachycereus pecten-aboriginum","Oaxaca",-96.275297,16.863616,"Sierra Madre del Sur province","Pachycereus","Mexico"
4519255955,"Pachycereus pecten-aboriginum","Oaxaca",-96.268298,16.879593,"Pacific Lowlands province","Pachycereus","Mexico"
3398698525,"Pachycereus pecten-aboriginum","Oaxaca",-96.413722,16.941056,"Sierra Madre del Sur province","Pachycereus","Mexico"
4018151138,"Pachycereus pecten-aboriginum","Oaxaca",-96.451077,16.954946,"Balsas Basin province","Pachycereus","Mexico"
4424194585,"Pachycereus pecten-aboriginum","Oaxaca",-96.767878,17.042444,"Balsas Basin province","Pachycereus","Mexico"
4416862536,"Pachycereus pecten-aboriginum","Oaxaca",-96.803483,17.167242,"Balsas Basin province","Pachycereus","Mexico"
4512252014,"Pachycereus pecten-aboriginum","Oaxaca",-96.505844,17.303486,"Balsas Basin province","Pachycereus","Mexico"
4091377700,"Pachycereus pecten-aboriginum","Oaxaca",-96.525496,17.305059,"Balsas Basin province","Pachycereus","Mexico"
3067891266,"Pachycereus weberi","Oaxaca",-96.766632,17.05666,"Balsas Basin province","Pachycereus","Mexico"
2814382953,"Pachycereus weberi","Oaxaca",-97.968951,17.481187,"Sierra Madre del Sur province","Pachycereus","Mexico"
3307669153,"Pachycereus weberi","Oaxaca",-96.939417,17.488083,"Sierra Madre del Sur province","Pachycereus","Mexico"
3308464139,"Pachycereus weberi","Oaxaca",-96.839444,17.489528,"Balsas Basin province","Pachycereus","Mexico"
4420715402,"Pachycereus weberi","Oaxaca",-96.8511,17.584134,"Balsas Basin province","Pachycereus","Mexico"
2422817322,"Pachycereus weberi","Oaxaca",-96.924434,17.60969,"Balsas Basin province","Pachycereus","Mexico"
1805401612,"Pachycereus weberi","Oaxaca",-96.913025,17.635589,"Balsas Basin province","Pachycereus","Mexico"
1933596078,"Pachycereus weberi","Oaxaca",-96.929371,17.651083,"Balsas Basin province","Pachycereus","Mexico"
2557760014,"Pachycereus weberi","Oaxaca",-96.954365,17.690865,"Balsas Basin province","Pachycereus","Mexico"
3384870811,"Pachycereus weberi","Oaxaca",-96.939205,17.70756,"Balsas Basin province","Pachycereus","Mexico"
2988687884,"Pachycereus weberi","Oaxaca",-98.111667,17.776667,"Balsas Basin province","Pachycereus","Mexico"
3773537263,"Pachycereus weberi","Oaxaca",-96.945196,17.789461,"Balsas Basin province","Pachycereus","Mexico"
4421028350,"Pachycereus weberi","Oaxaca",-96.843124,17.789932,"Sierra Madre del Sur province","Pachycereus","Mexico"
3307780687,"Pachycereus weberi","Oaxaca",-96.9645,17.7986,"Balsas Basin province","Pachycereus","Mexico"
2596381983,"Pachycereus weberi","Oaxaca",-96.89107,17.799363,"Sierra Madre del Sur province","Pachycereus","Mexico"
4420808615,"Pachycereus weberi","Oaxaca",-96.840618,17.821008,"Sierra Madre del Sur province","Pachycereus","Mexico"
3384762026,"Pachycereus weberi","Oaxaca",-96.961544,17.821123,"Balsas Basin province","Pachycereus","Mexico"
3385180726,"Pachycereus weberi","Oaxaca",-98.137299,17.826139,"Balsas Basin province","Pachycereus","Mexico"
2898257528,"Pachycereus weberi","Oaxaca",-96.9265,17.836696,"Sierra Madre del Sur province","Pachycereus","Mexico"
1586135772,"Pachycereus weberi","Oaxaca",-97.823622,17.838499,"Balsas Basin province","Pachycereus","Mexico"
1272093999,"Pachycereus weberi","Oaxaca",-97.017426,17.844163,"Balsas Basin province","Pachycereus","Mexico"
3355144363,"Pachycereus weberi","Oaxaca",-96.994186,17.888727,"Balsas Basin province","Pachycereus","Mexico"
2366122220,"Pachycereus weberi","Oaxaca",-96.973595,17.889118,"Balsas Basin province","Pachycereus","Mexico"
3902115540,"Pachycereus weberi","Oaxaca",-96.990908,17.894158,"Balsas Basin province","Pachycereus","Mexico"
2850621209,"Pachycereus weberi","Oaxaca",-96.972519,17.896301,"Balsas Basin province","Pachycereus","Mexico"
4522647782,"Pachycereus weberi","Oaxaca",-97.005433,17.900139,"Balsas Basin province","Pachycereus","Mexico"
1306577972,"Pachycereus weberi","Oaxaca",-96.966856,17.90708,"Balsas Basin province","Pachycereus","Mexico"
1586933481,"Pachycereus weberi","Oaxaca",-96.985738,17.912205,"Balsas Basin province","Pachycereus","Mexico"
3308663211,"Pachycereus weberi","Oaxaca",-96.95361,17.92333,"Balsas Basin province","Pachycereus","Mexico"
4062650339,"Pachycereus weberi","Oaxaca",-96.993698,17.928935,"Balsas Basin province","Pachycereus","Mexico"
3859804763,"Pachycereus weberi","Oaxaca",-97.346931,17.971967,"Sierra Madre del Sur province","Pachycereus","Mexico"
3306199699,"Pachycereus weberi","Oaxaca",-97.061611,18.002361,"Balsas Basin province","Pachycereus","Mexico"
3307888700,"Pachycereus weberi","Oaxaca",-97.033361,18.027,"Balsas Basin province","Pachycereus","Mexico"
3784924988,"Pachycereus weberi","Oaxaca",-97.099619,18.0733,"Balsas Basin province","Pachycereus","Mexico"
3307792638,"Pachycereus weberi","Oaxaca",-97.099389,18.134861,"Balsas Basin province","Pachycereus","Mexico"
3902431800,"Pachycereus weberi","Oaxaca",-97.079111,18.148931,"Balsas Basin province","Pachycereus","Mexico"
4405040797,"Pachycereus weberi","Oaxaca",-97.273056,18.154303,"Balsas Basin province","Pachycereus","Mexico"
1211969482,"Pachycereus weberi","Oaxaca",-97.178761,18.162682,"Balsas Basin province","Pachycereus","Mexico"
3308006662,"Peniocereus fosterianus","Oaxaca",-96.31056,15.71472,"Pacific Lowlands province","Peniocereus","Mexico"
4171795951,"Peniocereus fosterianus","Oaxaca",-96.178298,15.725217,"Pacific Lowlands province","Peniocereus","Mexico"
3337596314,"Peniocereus fosterianus","Oaxaca",-96.38006,15.744204,"Pacific Lowlands province","Peniocereus","Mexico"
3308153389,"Peniocereus fosterianus","Oaxaca",-96.1761,15.74603,"Pacific Lowlands province","Peniocereus","Mexico"
3314394312,"Peniocereus fosterianus","Oaxaca",-96.142374,15.746419,"Pacific Lowlands province","Peniocereus","Mexico"
3355261381,"Peniocereus fosterianus","Oaxaca",-96.158441,15.752296,"Pacific Lowlands province","Peniocereus","Mexico"
3070548422,"Peniocereus fosterianus","Oaxaca",-96.170976,15.759411,"Pacific Lowlands province","Peniocereus","Mexico"
3308661752,"Peniocereus fosterianus","Oaxaca",-96.21606,15.77303,"Pacific Lowlands province","Peniocereus","Mexico"
4500938133,"Peniocereus fosterianus","Oaxaca",-96.116517,15.780474,"Pacific Lowlands province","Peniocereus","Mexico"
3466334912,"Peniocereus fosterianus","Oaxaca",-96.111231,15.787315,"Pacific Lowlands province","Peniocereus","Mexico"
3873193136,"Peniocereus fosterianus","Oaxaca",-96.080107,15.788935,"Pacific Lowlands province","Peniocereus","Mexico"
3391480617,"Peniocereus fosterianus","Oaxaca",-96.241407,15.790082,"Pacific Lowlands province","Peniocereus","Mexico"
3314377712,"Peniocereus fosterianus","Oaxaca",-96.09122,15.792484,"Pacific Lowlands province","Peniocereus","Mexico"
3314410748,"Peniocereus fosterianus","Oaxaca",-96.172215,15.798376,"Pacific Lowlands province","Peniocereus","Mexico"
3308678547,"Peniocereus fosterianus","Oaxaca",-96.083,15.817,"Pacific Lowlands province","Peniocereus","Mexico"
1897566458,"Peniocereus fosterianus","Oaxaca",-95.9825,15.840833,"Pacific Lowlands province","Peniocereus","Mexico"
219012170,"Peniocereus fosterianus","Oaxaca",-96.001389,15.871944,"Pacific Lowlands province","Peniocereus","Mexico"
3308583143,"Peniocereus fosterianus","Oaxaca",-95.87278,15.87222,"Pacific Lowlands province","Peniocereus","Mexico"
3118433739,"Peniocereus fosterianus","Oaxaca",-96.134793,15.915309,"Pacific Lowlands province","Peniocereus","Mexico"
4420788420,"Peniocereus fosterianus","Oaxaca",-97.055062,15.91558,"Pacific Lowlands province","Peniocereus","Mexico"
3307805789,"Peniocereus fosterianus","Oaxaca",-95.26667,16.36667,"Pacific Lowlands province","Peniocereus","Mexico"
3308514676,"Peniocereus fosterianus","Oaxaca",-95.02778,16.68083,"Pacific Lowlands province","Peniocereus","Mexico"
3333298476,"Peniocereus oaxacensis","Oaxaca",-96.38118,15.692791,"Pacific Lowlands province","Peniocereus","Oaxaca"
2856529102,"Peniocereus oaxacensis","Oaxaca",-96.342673,15.705358,"Pacific Lowlands province","Peniocereus","Oaxaca"
3456873043,"Peniocereus oaxacensis","Oaxaca",-96.34162,15.710617,"Pacific Lowlands province","Peniocereus","Oaxaca"
2988446865,"Peniocereus oaxacensis","Oaxaca",-96.376493,15.710791,"Pacific Lowlands province","Peniocereus","Oaxaca"
1946322684,"Peniocereus oaxacensis","Oaxaca",-96.227569,15.710869,"Pacific Lowlands province","Peniocereus","Oaxaca"
2540743546,"Peniocereus oaxacensis","Oaxaca",-96.368905,15.717229,"Pacific Lowlands province","Peniocereus","Oaxaca"
4102686612,"Peniocereus oaxacensis","Oaxaca",-96.17999,15.721025,"Pacific Lowlands province","Peniocereus","Oaxaca"
3408186049,"Peniocereus oaxacensis","Oaxaca",-96.166882,15.723256,"Pacific Lowlands province","Peniocereus","Oaxaca"
4420985362,"Peniocereus oaxacensis","Oaxaca",-96.173991,15.725402,"Pacific Lowlands province","Peniocereus","Oaxaca"
2882979888,"Peniocereus oaxacensis","Oaxaca",-96.292879,15.726277,"Pacific Lowlands province","Peniocereus","Oaxaca"
2236263152,"Peniocereus oaxacensis","Oaxaca",-96.329347,15.729654,"Pacific Lowlands province","Peniocereus","Oaxaca"
3090782369,"Peniocereus oaxacensis","Oaxaca",-96.157201,15.729986,"Pacific Lowlands province","Peniocereus","Oaxaca"
2883005775,"Peniocereus oaxacensis","Oaxaca",-96.247223,15.738665,"Pacific Lowlands province","Peniocereus","Oaxaca"
3070430249,"Peniocereus oaxacensis","Oaxaca",-96.161389,15.73922,"Pacific Lowlands province","Peniocereus","Oaxaca"
2028499201,"Peniocereus oaxacensis","Oaxaca",-96.26247,15.740707,"Pacific Lowlands province","Peniocereus","Oaxaca"
3070708514,"Peniocereus oaxacensis","Oaxaca",-96.160165,15.74408,"Pacific Lowlands province","Peniocereus","Oaxaca"
2445020870,"Peniocereus oaxacensis","Oaxaca",-96.198542,15.745148,"Pacific Lowlands province","Peniocereus","Oaxaca"
2813895755,"Peniocereus oaxacensis","Oaxaca",-96.191113,15.749015,"Pacific Lowlands province","Peniocereus","Oaxaca"
3014061584,"Peniocereus oaxacensis","Oaxaca",-96.311177,15.750962,"Pacific Lowlands province","Peniocereus","Oaxaca"
4465700632,"Peniocereus oaxacensis","Oaxaca",-96.536391,15.751528,"Pacific Lowlands province","Peniocereus","Oaxaca"
4420953412,"Peniocereus oaxacensis","Oaxaca",-96.180641,15.751739,"Pacific Lowlands province","Peniocereus","Oaxaca"
3308689430,"Peniocereus oaxacensis","Oaxaca",-96.14911,15.75389,"Pacific Lowlands province","Peniocereus","Oaxaca"
3338113264,"Peniocereus oaxacensis","Oaxaca",-96.152219,15.754078,"Pacific Lowlands province","Peniocereus","Oaxaca"
2445054456,"Peniocereus oaxacensis","Oaxaca",-96.280589,15.7543,"Pacific Lowlands province","Peniocereus","Oaxaca"
3308045499,"Peniocereus oaxacensis","Oaxaca",-96.17839,15.75875,"Pacific Lowlands province","Peniocereus","Oaxaca"
3090820950,"Peniocereus oaxacensis","Oaxaca",-96.246896,15.761838,"Pacific Lowlands province","Peniocereus","Oaxaca"
1948749027,"Peniocereus oaxacensis","Oaxaca",-96.196244,15.761865,"Pacific Lowlands province","Peniocereus","Oaxaca"
4111745801,"Peniocereus oaxacensis","Oaxaca",-96.098485,15.761955,"Pacific Lowlands province","Peniocereus","Oaxaca"
1990540840,"Peniocereus oaxacensis","Oaxaca",-96.330845,15.764174,"Pacific Lowlands province","Peniocereus","Oaxaca"
2641308528,"Peniocereus oaxacensis","Oaxaca",-96.119561,15.766478,"Pacific Lowlands province","Peniocereus","Oaxaca"
3308109936,"Peniocereus oaxacensis","Oaxaca",-96.19289,15.76711,"Pacific Lowlands province","Peniocereus","Oaxaca"
1990471745,"Peniocereus oaxacensis","Oaxaca",-96.386014,15.767629,"Pacific Lowlands province","Peniocereus","Oaxaca"
2634054291,"Peniocereus oaxacensis","Oaxaca",-96.122176,15.768673,"Pacific Lowlands province","Peniocereus","Oaxaca"
3058696007,"Peniocereus oaxacensis","Oaxaca",-96.133459,15.770267,"Pacific Lowlands province","Peniocereus","Oaxaca"
3090690004,"Peniocereus oaxacensis","Oaxaca",-96.246753,15.771036,"Pacific Lowlands province","Peniocereus","Oaxaca"
3308739267,"Peniocereus oaxacensis","Oaxaca",-96.21681,15.77319,"Pacific Lowlands province","Peniocereus","Oaxaca"
3705808863,"Peniocereus oaxacensis","Oaxaca",-96.154104,15.773196,"Pacific Lowlands province","Peniocereus","Oaxaca"
2634134544,"Peniocereus oaxacensis","Oaxaca",-96.166705,15.773854,"Pacific Lowlands province","Peniocereus","Oaxaca"
2901703173,"Peniocereus oaxacensis","Oaxaca",-96.110242,15.774541,"Pacific Lowlands province","Peniocereus","Oaxaca"
3947401458,"Peniocereus oaxacensis","Oaxaca",-96.135074,15.77513,"Pacific Lowlands province","Peniocereus","Oaxaca"
2901707247,"Peniocereus oaxacensis","Oaxaca",-96.146583,15.776953,"Pacific Lowlands province","Peniocereus","Oaxaca"
3308747258,"Peniocereus oaxacensis","Oaxaca",-96.19911,15.77847,"Pacific Lowlands province","Peniocereus","Oaxaca"
4171566238,"Peniocereus oaxacensis","Oaxaca",-96.092836,15.779428,"Pacific Lowlands province","Peniocereus","Oaxaca"
2294395392,"Peniocereus oaxacensis","Oaxaca",-96.363482,15.77951,"Pacific Lowlands province","Peniocereus","Oaxaca"
2563503310,"Peniocereus oaxacensis","Oaxaca",-96.127927,15.779649,"Pacific Lowlands province","Peniocereus","Oaxaca"
4421064159,"Peniocereus oaxacensis","Oaxaca",-96.085909,15.782166,"Pacific Lowlands province","Peniocereus","Oaxaca"
2006042423,"Peniocereus oaxacensis","Oaxaca",-96.118134,15.782554,"Pacific Lowlands province","Peniocereus","Oaxaca"
2634453929,"Peniocereus oaxacensis","Oaxaca",-96.136687,15.783461,"Pacific Lowlands province","Peniocereus","Oaxaca"
3873869534,"Peniocereus oaxacensis","Oaxaca",-96.143326,15.784491,"Pacific Lowlands province","Peniocereus","Oaxaca"
3090927332,"Peniocereus oaxacensis","Oaxaca",-96.13311,15.787887,"Pacific Lowlands province","Peniocereus","Oaxaca"
3079757352,"Peniocereus oaxacensis","Oaxaca",-96.08883,15.788281,"Pacific Lowlands province","Peniocereus","Oaxaca"
3892412230,"Peniocereus oaxacensis","Oaxaca",-96.159777,15.788862,"Pacific Lowlands province","Peniocereus","Oaxaca"
4145672717,"Peniocereus oaxacensis","Oaxaca",-96.169764,15.789017,"Pacific Lowlands province","Peniocereus","Oaxaca"
3456105459,"Peniocereus oaxacensis","Oaxaca",-96.118906,15.790295,"Pacific Lowlands province","Peniocereus","Oaxaca"
2611062011,"Peniocereus oaxacensis","Oaxaca",-96.161124,15.791745,"Pacific Lowlands province","Peniocereus","Oaxaca"
2239003689,"Peniocereus oaxacensis","Oaxaca",-96.036185,15.792293,"Pacific Lowlands province","Peniocereus","Oaxaca"
2574100443,"Peniocereus oaxacensis","Oaxaca",-96.09702,15.792302,"Pacific Lowlands province","Peniocereus","Oaxaca"
2882990777,"Peniocereus oaxacensis","Oaxaca",-96.083957,15.792379,"Pacific Lowlands province","Peniocereus","Oaxaca"
2611143521,"Peniocereus oaxacensis","Oaxaca",-96.12856,15.792549,"Pacific Lowlands province","Peniocereus","Oaxaca"
4022282056,"Peniocereus oaxacensis","Oaxaca",-96.060179,15.792591,"Pacific Lowlands province","Peniocereus","Oaxaca"
4116291612,"Peniocereus oaxacensis","Oaxaca",-96.107702,15.792852,"Pacific Lowlands province","Peniocereus","Oaxaca"
2634585160,"Peniocereus oaxacensis","Oaxaca",-96.079374,15.793194,"Pacific Lowlands province","Peniocereus","Oaxaca"
2596165027,"Peniocereus oaxacensis","Oaxaca",-96.071211,15.793403,"Pacific Lowlands province","Peniocereus","Oaxaca"
3466129852,"Peniocereus oaxacensis","Oaxaca",-96.348415,15.794116,"Pacific Lowlands province","Peniocereus","Oaxaca"
3384551814,"Peniocereus oaxacensis","Oaxaca",-96.055825,15.794417,"Pacific Lowlands province","Peniocereus","Oaxaca"
1850927149,"Peniocereus oaxacensis","Oaxaca",-96.179368,15.794983,"Pacific Lowlands province","Peniocereus","Oaxaca"
2823151168,"Peniocereus oaxacensis","Oaxaca",-96.155021,15.796599,"Pacific Lowlands province","Peniocereus","Oaxaca"
2609352369,"Peniocereus oaxacensis","Oaxaca",-96.168843,15.7993,"Pacific Lowlands province","Peniocereus","Oaxaca"
2634062257,"Peniocereus oaxacensis","Oaxaca",-96.119285,15.799707,"Pacific Lowlands province","Peniocereus","Oaxaca"
4413973361,"Peniocereus oaxacensis","Oaxaca",-96.035142,15.808711,"Pacific Lowlands province","Peniocereus","Oaxaca"
2465366706,"Peniocereus oaxacensis","Oaxaca",-96.12729,15.822245,"Pacific Lowlands province","Peniocereus","Oaxaca"
4512289452,"Peniocereus oaxacensis","Oaxaca",-96.181044,15.846943,"Pacific Lowlands province","Peniocereus","Oaxaca"
1897567465,"Peniocereus oaxacensis","Oaxaca",-95.894167,15.856667,"Pacific Lowlands province","Peniocereus","Oaxaca"
1897567457,"Peniocereus oaxacensis","Oaxaca",-95.978333,15.861944,"Pacific Lowlands province","Peniocereus","Oaxaca"
4102588691,"Peniocereus oaxacensis","Oaxaca",-96.060551,15.862925,"Pacific Lowlands province","Peniocereus","Oaxaca"
3308634250,"Peniocereus oaxacensis","Oaxaca",-95.90861,15.86389,"Pacific Lowlands province","Peniocereus","Oaxaca"
2465226604,"Peniocereus oaxacensis","Oaxaca",-96.06198,15.870731,"Pacific Lowlands province","Peniocereus","Oaxaca"
1897570519,"Peniocereus oaxacensis","Oaxaca",-96.004722,15.875278,"Pacific Lowlands province","Peniocereus","Oaxaca"
2465319895,"Peniocereus oaxacensis","Oaxaca",-96.139739,15.882561,"Pacific Lowlands province","Peniocereus","Oaxaca"
4414259997,"Peniocereus oaxacensis","Oaxaca",-96.105697,15.954943,"Pacific Lowlands province","Peniocereus","Oaxaca"
3308090462,"Peniocereus oaxacensis","Oaxaca",-95.58572,15.96969,"Pacific Lowlands province","Peniocereus","Oaxaca"
3308665617,"Peniocereus oaxacensis","Oaxaca",-95.71717,15.98103,"Pacific Lowlands province","Peniocereus","Oaxaca"
1419226152,"Peniocereus oaxacensis","Oaxaca",-95.413889,16.008333,"Pacific Lowlands province","Peniocereus","Oaxaca"
3923564157,"Peniocereus oaxacensis","Oaxaca",-96.481113,16.080103,"Sierra Madre del Sur province","Peniocereus","Oaxaca"
3308109509,"Peniocereus oaxacensis","Oaxaca",-95.61806,16.10656,"Pacific Lowlands province","Peniocereus","Oaxaca"
4420884426,"Peniocereus oaxacensis","Oaxaca",-95.29712,16.316267,"Pacific Lowlands province","Peniocereus","Oaxaca"
3308688079,"Peniocereus oaxacensis","Oaxaca",-95.32556,16.365,"Pacific Lowlands province","Peniocereus","Oaxaca"
3308148174,"Peniocereus oaxacensis","Oaxaca",-95.533,16.37006,"Pacific Lowlands province","Peniocereus","Oaxaca"
3308022127,"Peniocereus oaxacensis","Oaxaca",-94.21472,16.38917,"Pacific Lowlands province","Peniocereus","Oaxaca"
1981512904,"Peniocereus oaxacensis","Oaxaca",-95.240118,16.421608,"Pacific Lowlands province","Peniocereus","Oaxaca"
3308121553,"Peniocereus oaxacensis","Oaxaca",-95.6453,16.43865,"Pacific Lowlands province","Peniocereus","Oaxaca"
3308115956,"Peniocereus oaxacensis","Oaxaca",-95.6988,16.45575,"Pacific Lowlands province","Peniocereus","Oaxaca"
4420828528,"Peniocereus oaxacensis","Oaxaca",-95.031423,16.51193,"Pacific Lowlands province","Peniocereus","Oaxaca"
3308134373,"Peniocereus oaxacensis","Oaxaca",-94.9228,16.53028,"Pacific Lowlands province","Peniocereus","Oaxaca"
1257692074,"Peniocereus oaxacensis","Oaxaca",-96.038611,16.600833,"Pacific Lowlands province","Peniocereus","Oaxaca"
4133793177,"Peniocereus oaxacensis","Oaxaca",-95.203928,16.699985,"Pacific Lowlands province","Peniocereus","Oaxaca"
3859333356,"Peniocereus oaxacensis","Oaxaca",-94.863203,16.707453,"Pacific Lowlands province","Peniocereus","Oaxaca"
2465125870,"Peniocereus occidentalis","Oaxaca",-96.683329,15.71098,"Pacific Lowlands province","Peniocereus","Oaxaca"
3032034850,"Peniocereus occidentalis","Oaxaca",-96.169502,15.719423,"Pacific Lowlands province","Peniocereus","Oaxaca"
3415754198,"Peniocereus occidentalis","Oaxaca",-96.186155,15.722193,"Pacific Lowlands province","Peniocereus","Oaxaca"
3314503731,"Peniocereus occidentalis","Oaxaca",-96.17966,15.725718,"Pacific Lowlands province","Peniocereus","Oaxaca"
3466459988,"Peniocereus occidentalis","Oaxaca",-96.193867,15.731347,"Pacific Lowlands province","Peniocereus","Oaxaca"
3307360756,"Peniocereus occidentalis","Oaxaca",-96.19129,15.735611,"Pacific Lowlands province","Peniocereus","Oaxaca"
3355402383,"Peniocereus occidentalis","Oaxaca",-96.164297,15.741957,"Pacific Lowlands province","Peniocereus","Oaxaca"
4400025331,"Peniocereus occidentalis","Oaxaca",-96.549688,15.750105,"Pacific Lowlands province","Peniocereus","Oaxaca"
2898420504,"Peniocereus occidentalis","Oaxaca",-96.152901,15.76043,"Pacific Lowlands province","Peniocereus","Oaxaca"
3031852876,"Peniocereus occidentalis","Oaxaca",-96.080592,15.784123,"Pacific Lowlands province","Peniocereus","Oaxaca"
2883051772,"Peniocereus occidentalis","Oaxaca",-96.149103,15.785145,"Pacific Lowlands province","Peniocereus","Oaxaca"
3058734999,"Peniocereus occidentalis","Oaxaca",-96.150288,15.792903,"Pacific Lowlands province","Peniocereus","Oaxaca"
2901715046,"Peniocereus occidentalis","Oaxaca",-96.041943,15.792955,"Pacific Lowlands province","Peniocereus","Oaxaca"
3090545034,"Peniocereus occidentalis","Oaxaca",-96.097698,15.794407,"Pacific Lowlands province","Peniocereus","Oaxaca"
2826505248,"Peniocereus occidentalis","Oaxaca",-96.127722,15.882182,"Pacific Lowlands province","Peniocereus","Oaxaca"
1883971046,"Peniocereus occidentalis","Oaxaca",-96.000582,15.948012,"Pacific Lowlands province","Peniocereus","Oaxaca"
3302395505,"Peniocereus occidentalis","Oaxaca",-97.112096,15.995623,"Pacific Lowlands province","Peniocereus","Oaxaca"
2629445144,"Pereskia lychnidiflora","Oaxaca",-96.188889,15.713889,"Pacific Lowlands province","Pereskia","No"
2864681439,"Pereskia lychnidiflora","Oaxaca",-96.162876,15.723036,"Pacific Lowlands province","Pereskia","No"
1895647674,"Pereskia lychnidiflora","Oaxaca",-96.1675,15.724444,"Pacific Lowlands province","Pereskia","No"
2540810790,"Pereskia lychnidiflora","Oaxaca",-96.163134,15.725161,"Pacific Lowlands province","Pereskia","No"
4465595721,"Pereskia lychnidiflora","Oaxaca",-96.184197,15.727541,"Pacific Lowlands province","Pereskia","No"
4465597653,"Pereskia lychnidiflora","Oaxaca",-96.182396,15.728244,"Pacific Lowlands province","Pereskia","No"
1699375933,"Pereskia lychnidiflora","Oaxaca",-96.157365,15.732717,"Pacific Lowlands province","Pereskia","No"
2634336006,"Pereskia lychnidiflora","Oaxaca",-96.159302,15.73489,"Pacific Lowlands province","Pereskia","No"
3308618081,"Pereskia lychnidiflora","Oaxaca",-96.16892,15.74086,"Pacific Lowlands province","Pereskia","No"
3307872426,"Pereskia lychnidiflora","Oaxaca",-96.14167,15.74444,"Pacific Lowlands province","Pereskia","No"
1990541369,"Pereskia lychnidiflora","Oaxaca",-96.20197,15.746813,"Pacific Lowlands province","Pereskia","No"
4465379633,"Pereskia lychnidiflora","Oaxaca",-96.170601,15.749351,"Pacific Lowlands province","Pereskia","No"
3097378430,"Pereskia lychnidiflora","Oaxaca",-96.17062,15.7502,"Pacific Lowlands province","Pereskia","No"
1898847967,"Pereskia lychnidiflora","Oaxaca",-96.143761,15.750541,"Pacific Lowlands province","Pereskia","No"
2988388811,"Pereskia lychnidiflora","Oaxaca",-96.203558,15.751268,"Pacific Lowlands province","Pereskia","No"
1699378587,"Pereskia lychnidiflora","Oaxaca",-96.19998,15.755828,"Pacific Lowlands province","Pereskia","No"
4465406495,"Pereskia lychnidiflora","Oaxaca",-96.166122,15.755835,"Pacific Lowlands province","Pereskia","No"
2620080331,"Pereskia lychnidiflora","Oaxaca",-96.130952,15.759158,"Pacific Lowlands province","Pereskia","No"
4500453703,"Pereskia lychnidiflora","Oaxaca",-96.161453,15.76059,"Pacific Lowlands province","Pereskia","No"
3031834764,"Pereskia lychnidiflora","Oaxaca",-96.19346,15.76811,"Pacific Lowlands province","Pereskia","No"
3031928907,"Pereskia lychnidiflora","Oaxaca",-96.1332,15.768462,"Pacific Lowlands province","Pereskia","No"
2634361101,"Pereskia lychnidiflora","Oaxaca",-96.121524,15.768745,"Pacific Lowlands province","Pereskia","No"
1946322409,"Pereskia lychnidiflora","Oaxaca",-96.200218,15.772347,"Pacific Lowlands province","Pereskia","No"
2456540271,"Pereskia lychnidiflora","Oaxaca",-96.239754,15.772959,"Pacific Lowlands province","Pereskia","No"
3308632806,"Pereskia lychnidiflora","Oaxaca",-96.15958,15.77631,"Pacific Lowlands province","Pereskia","No"
3090695879,"Pereskia lychnidiflora","Oaxaca",-96.210304,15.779168,"Pacific Lowlands province","Pereskia","No"
1880490928,"Pereskia lychnidiflora","Oaxaca",-96.19961,15.779699,"Pacific Lowlands province","Pereskia","No"
2236867100,"Pereskia lychnidiflora","Oaxaca",-96.155095,15.781602,"Pacific Lowlands province","Pereskia","No"
2883127796,"Pereskia lychnidiflora","Oaxaca",-96.190162,15.78169,"Pacific Lowlands province","Pereskia","No"
2856483730,"Pereskia lychnidiflora","Oaxaca",-96.060558,15.78311,"Pacific Lowlands province","Pereskia","No"
1880491418,"Pereskia lychnidiflora","Oaxaca",-96.218185,15.783434,"Pacific Lowlands province","Pereskia","No"
2518145660,"Pereskia lychnidiflora","Oaxaca",-96.205779,15.783554,"Pacific Lowlands province","Pereskia","No"
3307160180,"Pereskia lychnidiflora","Oaxaca",-96.058701,15.784256,"Pacific Lowlands province","Pereskia","No"
2802700865,"Pereskia lychnidiflora","Oaxaca",-96.145918,15.784511,"Pacific Lowlands province","Pereskia","No"
4465383592,"Pereskia lychnidiflora","Oaxaca",-96.058319,15.785048,"Pacific Lowlands province","Pereskia","No"
4465357557,"Pereskia lychnidiflora","Oaxaca",-96.11515,15.79362,"Pacific Lowlands province","Pereskia","No"
3307905333,"Pereskia lychnidiflora","Oaxaca",-96.065,15.8075,"Pacific Lowlands province","Pereskia","No"
2988521823,"Pereskia lychnidiflora","Oaxaca",-95.98492,15.813888,"Pacific Lowlands province","Pereskia","No"
2807603330,"Pereskia lychnidiflora","Oaxaca",-95.95083,15.83194,"Pacific Lowlands province","Pereskia","No"
2807257916,"Pereskia lychnidiflora","Oaxaca",-95.96056,15.83472,"Pacific Lowlands province","Pereskia","No"
2807504508,"Pereskia lychnidiflora","Oaxaca",-95.95306,15.83583,"Pacific Lowlands province","Pereskia","No"
3307965249,"Pereskia lychnidiflora","Oaxaca",-95.90333,15.84111,"Pacific Lowlands province","Pereskia","No"
415969229,"Pereskia lychnidiflora","Oaxaca",-96.32666,15.84361,"Pacific Lowlands province","Pereskia","No"
1897574509,"Pereskia lychnidiflora","Oaxaca",-95.913611,15.843889,"Pacific Lowlands province","Pereskia","No"
3308044034,"Pereskia lychnidiflora","Oaxaca",-95.837,15.86511,"Pacific Lowlands province","Pereskia","No"
1898847534,"Pereskia lychnidiflora","Oaxaca",-95.960641,15.866324,"Pacific Lowlands province","Pereskia","No"
1259556279,"Pereskia lychnidiflora","Oaxaca",-95.95416,15.86666,"Pacific Lowlands province","Pereskia","No"
1895697222,"Pereskia lychnidiflora","Oaxaca",-95.810833,15.8925,"Pacific Lowlands province","Pereskia","No"
3308634882,"Pereskia lychnidiflora","Oaxaca",-95.93306,15.90472,"Pacific Lowlands province","Pereskia","No"
1895697202,"Pereskia lychnidiflora","Oaxaca",-95.856944,15.914167,"Pacific Lowlands province","Pereskia","No"
1895697226,"Pereskia lychnidiflora","Oaxaca",-96.075,15.949167,"Pacific Lowlands province","Pereskia","No"
3125114571,"Pereskia lychnidiflora","Oaxaca",-95.16667,16.16667,"Pacific Lowlands province","Pereskia","No"
1991404628,"Pereskia lychnidiflora","Oaxaca",-95.132693,16.195862,"Pacific Lowlands province","Pereskia","No"
1893399147,"Pereskia lychnidiflora","Oaxaca",-95.141667,16.241667,"Pacific Lowlands province","Pereskia","No"
3308295790,"Pereskia lychnidiflora","Oaxaca",-95.177222,16.244444,"Pacific Lowlands province","Pereskia","No"
3308260870,"Pereskia lychnidiflora","Oaxaca",-95.275,16.271944,"Pacific Lowlands province","Pereskia","No"
3307956410,"Pereskia lychnidiflora","Oaxaca",-95.44306,16.31528,"Pacific Lowlands province","Pereskia","No"
1991417265,"Pereskia lychnidiflora","Oaxaca",-95.099813,16.319511,"Pacific Lowlands province","Pereskia","No"
2268979659,"Pereskia lychnidiflora","Oaxaca",-95.1413,16.32663,"Pacific Lowlands province","Pereskia","No"
2823236726,"Pereskia lychnidiflora","Oaxaca",-95.009013,16.333725,"Pacific Lowlands province","Pereskia","No"
1895382296,"Pereskia lychnidiflora","Oaxaca",-95.212264,16.346214,"Pacific Lowlands province","Pereskia","No"
1895382210,"Pereskia lychnidiflora","Oaxaca",-95.198642,16.353572,"Pacific Lowlands province","Pereskia","No"
1895697199,"Pereskia lychnidiflora","Oaxaca",-95.178889,16.360278,"Pacific Lowlands province","Pereskia","No"
4465607658,"Pereskia lychnidiflora","Oaxaca",-95.322254,16.362402,"Pacific Lowlands province","Pereskia","No"
1259574543,"Pereskia lychnidiflora","Oaxaca",-95.32694,16.36416,"Pacific Lowlands province","Pereskia","No"
1419219087,"Pereskia lychnidiflora","Oaxaca",-95.366667,16.377778,"Pacific Lowlands province","Pereskia","No"
1895697402,"Pereskia lychnidiflora","Oaxaca",-95.623889,16.386944,"Pacific Lowlands province","Pereskia","No"
3307768684,"Pereskia lychnidiflora","Oaxaca",-95.105833,16.395278,"Pacific Lowlands province","Pereskia","No"
1895382359,"Pereskia lychnidiflora","Oaxaca",-95.114431,16.3958,"Pacific Lowlands province","Pereskia","No"
3308186217,"Pereskia lychnidiflora","Oaxaca",-95.783611,16.395833,"Pacific Lowlands province","Pereskia","No"
1895697191,"Pereskia lychnidiflora","Oaxaca",-95.092778,16.401944,"Pacific Lowlands province","Pereskia","No"
3308765793,"Pereskia lychnidiflora","Oaxaca",-95.3099,16.40295,"Pacific Lowlands province","Pereskia","No"
1805429344,"Pereskia lychnidiflora","Oaxaca",-95.577198,16.40748,"Pacific Lowlands province","Pereskia","No"
3456155306,"Pereskia lychnidiflora","Oaxaca",-95.392344,16.409498,"Pacific Lowlands province","Pereskia","No"
2611424250,"Pereskia lychnidiflora","Oaxaca",-95.571361,16.410078,"Pacific Lowlands province","Pereskia","No"
3307683729,"Pereskia lychnidiflora","Oaxaca",-95.560278,16.4125,"Pacific Lowlands province","Pereskia","No"
1883920243,"Pereskia lychnidiflora","Oaxaca",-95.331242,16.416844,"Pacific Lowlands province","Pereskia","No"
1893890830,"Pereskia lychnidiflora","Oaxaca",-95.3333444,16.4174426,"Pacific Lowlands province","Pereskia","No"
1259220207,"Pereskia lychnidiflora","Oaxaca",-95.59111,16.42777,"Pacific Lowlands province","Pereskia","No"
1991443897,"Pereskia lychnidiflora","Oaxaca",-95.182883,16.45309,"Pacific Lowlands province","Pereskia","No"
4407276617,"Pereskia lychnidiflora","Oaxaca",-94.890985,16.458635,"Pacific Lowlands province","Pereskia","No"
3759134310,"Pereskia lychnidiflora","Oaxaca",-95.006629,16.467858,"Pacific Lowlands province","Pereskia","No"
4465355894,"Pereskia lychnidiflora","Oaxaca",-94.498642,16.468244,"Pacific Lowlands province","Pereskia","No"
2529391510,"Pereskia lychnidiflora","Oaxaca",-95.517834,16.502135,"Pacific Lowlands province","Pereskia","No"
4465605771,"Pereskia lychnidiflora","Oaxaca",-95.080741,16.519454,"Pacific Lowlands province","Pereskia","No"
2611298121,"Pereskia lychnidiflora","Oaxaca",-95.306168,16.529299,"Pacific Lowlands province","Pereskia","No"
4465393870,"Pereskia lychnidiflora","Oaxaca",-95.020038,16.54663,"Pacific Lowlands province","Pereskia","No"
4465580759,"Pereskia lychnidiflora","Oaxaca",-95.008214,16.54672,"Pacific Lowlands province","Pereskia","No"
1991428686,"Pereskia lychnidiflora","Oaxaca",-95.123394,16.556994,"Pacific Lowlands province","Pereskia","No"
1895697246,"Pereskia lychnidiflora","Oaxaca",-95.136389,16.560833,"Pacific Lowlands province","Pereskia","No"
3307998591,"Pereskia lychnidiflora","Oaxaca",-94.94381,16.59894,"Pacific Lowlands province","Pereskia","No"
1895382243,"Pereskia lychnidiflora","Oaxaca",-96.038267,16.599256,"Pacific Lowlands province","Pereskia","No"
2268994441,"Pereskia lychnidiflora","Oaxaca",-95.50175,16.61372,"Pacific Lowlands province","Pereskia","No"
1897574532,"Pereskia lychnidiflora","Oaxaca",-94.965166,16.622417,"Pacific Lowlands province","Pereskia","No"
1259912576,"Pereskia lychnidiflora","Oaxaca",-95.01472,16.64527,"Pacific Lowlands province","Pereskia","No"
1052584351,"Pereskia lychnidiflora","Oaxaca",-94.999466,16.662917,"Pacific Lowlands province","Pereskia","No"
1895697194,"Pereskia lychnidiflora","Oaxaca",-94.913611,16.885556,"Veracruzan province","Pereskia","No"
3308561794,"Pereskiopsis diguetii","Oaxaca",-96.239722,15.690833,"Pacific Lowlands province","Pereskiopsis","Mexico"
1895697311,"Pereskiopsis diguetii","Oaxaca",-96.141667,15.741667,"Pacific Lowlands province","Pereskiopsis","Mexico"
2641414578,"Pereskiopsis diguetii","Oaxaca",-96.14454,15.7552,"Pacific Lowlands province","Pereskiopsis","Mexico"
1258494365,"Pereskiopsis diguetii","Oaxaca",-95.6725,16.003333,"Pacific Lowlands province","Pereskiopsis","Mexico"
4500670993,"Pereskiopsis diguetii","Oaxaca",-95.375759,16.034812,"Pacific Lowlands province","Pereskiopsis","Mexico"
3308744825,"Pereskiopsis diguetii","Oaxaca",-95.65825,16.09361,"Pacific Lowlands province","Pereskiopsis","Mexico"
3308622888,"Pereskiopsis diguetii","Oaxaca",-95.38333,16.33333,"Pacific Lowlands province","Pereskiopsis","Mexico"
3308419903,"Pereskiopsis diguetii","Oaxaca",-95.335278,16.349444,"Pacific Lowlands province","Pereskiopsis","Mexico"
3307845109,"Pereskiopsis diguetii","Oaxaca",-95.376389,16.355556,"Pacific Lowlands province","Pereskiopsis","Mexico"
1991408815,"Pereskiopsis diguetii","Oaxaca",-95.181298,17.089752,"Veracruzan province","Pereskiopsis","Mexico"
1258494368,"Pereskiopsis diguetii","Oaxaca",-97.943055,17.686667,"Sierra Madre del Sur province","Pereskiopsis","Mexico"
2629621155,"Pereskiopsis kellermanii","Oaxaca",-96.305555,15.697222,"Pacific Lowlands province","Pereskiopsis","No"
3308686263,"Pereskiopsis kellermanii","Oaxaca",-96.21728,15.69964,"Pacific Lowlands province","Pereskiopsis","No"
2518042124,"Pereskiopsis kellermanii","Oaxaca",-96.197834,15.709563,"Pacific Lowlands province","Pereskiopsis","No"
2574246450,"Pereskiopsis kellermanii","Oaxaca",-96.166745,15.723006,"Pacific Lowlands province","Pereskiopsis","No"
2563541603,"Pereskiopsis kellermanii","Oaxaca",-96.158808,15.733477,"Pacific Lowlands province","Pereskiopsis","No"
3335086815,"Pereskiopsis kellermanii","Oaxaca",-96.203695,15.741372,"Pacific Lowlands province","Pereskiopsis","No"
2629616130,"Pereskiopsis kellermanii","Oaxaca",-96.141667,15.744444,"Pacific Lowlands province","Pereskiopsis","No"
1894614607,"Pereskiopsis kellermanii","Oaxaca",-96.149111,15.753889,"Pacific Lowlands province","Pereskiopsis","No"
4465391721,"Pereskiopsis kellermanii","Oaxaca",-96.150069,15.756533,"Pacific Lowlands province","Pereskiopsis","No"
3902887604,"Pereskiopsis kellermanii","Oaxaca",-96.192222,15.757763,"Pacific Lowlands province","Pereskiopsis","No"
4465591630,"Pereskiopsis kellermanii","Oaxaca",-96.19149,15.759503,"Pacific Lowlands province","Pereskiopsis","No"
3985710121,"Pereskiopsis kellermanii","Oaxaca",-96.203369,15.762681,"Pacific Lowlands province","Pereskiopsis","No"
4145659217,"Pereskiopsis kellermanii","Oaxaca",-96.193139,15.764125,"Pacific Lowlands province","Pereskiopsis","No"
4465641689,"Pereskiopsis kellermanii","Oaxaca",-96.195787,15.767258,"Pacific Lowlands province","Pereskiopsis","No"
2850629401,"Pereskiopsis kellermanii","Oaxaca",-96.20002,15.77289,"Pacific Lowlands province","Pereskiopsis","No"
3333420494,"Pereskiopsis kellermanii","Oaxaca",-96.200777,15.775575,"Pacific Lowlands province","Pereskiopsis","No"
4465386699,"Pereskiopsis kellermanii","Oaxaca",-96.16323,15.776,"Pacific Lowlands province","Pereskiopsis","No"
3384337937,"Pereskiopsis kellermanii","Oaxaca",-96.175293,15.777994,"Pacific Lowlands province","Pereskiopsis","No"
3337558237,"Pereskiopsis kellermanii","Oaxaca",-96.199387,15.778816,"Pacific Lowlands province","Pereskiopsis","No"
2465279444,"Pereskiopsis kellermanii","Oaxaca",-96.067734,15.813722,"Pacific Lowlands province","Pereskiopsis","No"
2807184798,"Pereskiopsis kellermanii","Oaxaca",-95.72583,15.97306,"Pacific Lowlands province","Pereskiopsis","No"
1949988990,"Pereskiopsis kellermanii","Oaxaca",-95.286627,16.106171,"Pacific Lowlands province","Pereskiopsis","No"
3308626149,"Pereskiopsis kellermanii","Oaxaca",-95.82361,16.34611,"Pacific Lowlands province","Pereskiopsis","No"
1895200682,"Pereskiopsis kellermanii","Oaxaca",-95.623611,16.386667,"Pacific Lowlands province","Pereskiopsis","No"
3308162729,"Pereskiopsis kellermanii","Oaxaca",-94.9317,16.57278,"Pacific Lowlands province","Pereskiopsis","No"
3308193653,"Pereskiopsis kellermanii","Oaxaca",-96.312778,16.673056,"Pacific Lowlands province","Pereskiopsis","No"
2856695115,"Pereskiopsis rotundifolia","Oaxaca",-96.288356,15.689695,"Pacific Lowlands province","Pereskiopsis","Mexico"
2856487160,"Pereskiopsis rotundifolia","Oaxaca",-96.287614,15.692299,"Pacific Lowlands province","Pereskiopsis","Mexico"
3044961578,"Pereskiopsis rotundifolia","Oaxaca",-96.196847,15.708844,"Pacific Lowlands province","Pereskiopsis","Mexico"
2851008996,"Pereskiopsis rotundifolia","Oaxaca",-96.16675,15.722885,"Pacific Lowlands province","Pereskiopsis","Mexico"
2901828233,"Pereskiopsis rotundifolia","Oaxaca",-96.166595,15.722898,"Pacific Lowlands province","Pereskiopsis","Mexico"
3113452472,"Pereskiopsis rotundifolia","Oaxaca",-96.162929,15.725023,"Pacific Lowlands province","Pereskiopsis","Mexico"
4465755471,"Pereskiopsis rotundifolia","Oaxaca",-96.145566,15.738047,"Pacific Lowlands province","Pereskiopsis","Mexico"
4465375762,"Pereskiopsis rotundifolia","Oaxaca",-96.124881,15.74998,"Pacific Lowlands province","Pereskiopsis","Mexico"
1894614719,"Pereskiopsis rotundifolia","Oaxaca",-96.146,15.750139,"Pacific Lowlands province","Pereskiopsis","Mexico"
4465367795,"Pereskiopsis rotundifolia","Oaxaca",-96.125182,15.750696,"Pacific Lowlands province","Pereskiopsis","Mexico"
3005136552,"Pereskiopsis rotundifolia","Oaxaca",-96.205938,15.76089,"Pacific Lowlands province","Pereskiopsis","Mexico"
4465359716,"Pereskiopsis rotundifolia","Oaxaca",-96.194078,15.76977,"Pacific Lowlands province","Pereskiopsis","Mexico"
4465598576,"Pereskiopsis rotundifolia","Oaxaca",-96.201584,15.770421,"Pacific Lowlands province","Pereskiopsis","Mexico"
2802969543,"Pereskiopsis rotundifolia","Oaxaca",-96.071451,15.779078,"Pacific Lowlands province","Pereskiopsis","Mexico"
1897573560,"Pereskiopsis rotundifolia","Oaxaca",-95.966111,15.820472,"Pacific Lowlands province","Pereskiopsis","Mexico"
1257718784,"Pereskiopsis rotundifolia","Oaxaca",-95.950833,15.831945,"Pacific Lowlands province","Pereskiopsis","Mexico"
4465653735,"Pereskiopsis rotundifolia","Oaxaca",-95.78302,15.87963,"Pacific Lowlands province","Pereskiopsis","Mexico"
4465361471,"Pereskiopsis rotundifolia","Oaxaca",-95.376228,16.032118,"Pacific Lowlands province","Pereskiopsis","Mexico"
2901671565,"Pereskiopsis rotundifolia","Oaxaca",-96.362901,16.550334,"Sierra Madre del Sur province","Pereskiopsis","Mexico"
2864591416,"Pereskiopsis rotundifolia","Oaxaca",-96.810855,17.050491,"Balsas Basin province","Pereskiopsis","Mexico"
3308496631,"Pereskiopsis rotundifolia","Oaxaca",-98.118611,17.529722,"Balsas Basin province","Pereskiopsis","Mexico"
3307796162,"Pereskiopsis rotundifolia","Oaxaca",-97.6431,17.7018,"Sierra Madre del Sur province","Pereskiopsis","Mexico"
4416642903,"Pilosocereus chrysacanthus","Oaxaca",-96.626029,16.311099,"Sierra Madre del Sur province","Pilosocereus","Mexico"
2898419044,"Pilosocereus chrysacanthus","Oaxaca",-96.340972,16.55203,"Pacific Lowlands province","Pilosocereus","Mexico"
2898413064,"Pilosocereus chrysacanthus","Oaxaca",-96.336865,16.571458,"Pacific Lowlands province","Pilosocereus","Mexico"
2901568589,"Pilosocereus chrysacanthus","Oaxaca",-96.3652,16.579502,"Sierra Madre del Sur province","Pilosocereus","Mexico"
3320922400,"Pilosocereus chrysacanthus","Oaxaca",-96.37083,16.740524,"Sierra Madre del Sur province","Pilosocereus","Mexico"
4458346312,"Pilosocereus chrysacanthus","Oaxaca",-96.609679,17.039839,"Balsas Basin province","Pilosocereus","Mexico"
3308420081,"Pilosocereus chrysacanthus","Oaxaca",-96.488056,17.326389,"Balsas Basin province","Pilosocereus","Mexico"
2579316866,"Pilosocereus chrysacanthus","Oaxaca",-96.569667,17.401472,"Balsas Basin province","Pilosocereus","Mexico"
3308415148,"Pilosocereus chrysacanthus","Oaxaca",-97.01675,17.412444,"Sierra Madre del Sur province","Pilosocereus","Mexico"
3308125116,"Pilosocereus chrysacanthus","Oaxaca",-97.01369,17.43914,"Sierra Madre del Sur province","Pilosocereus","Mexico"
3307597287,"Pilosocereus chrysacanthus","Oaxaca",-96.944917,17.564472,"Balsas Basin province","Pilosocereus","Mexico"
1920790317,"Pilosocereus chrysacanthus","Oaxaca",-96.924462,17.60963,"Balsas Basin province","Pilosocereus","Mexico"
2984547850,"Pilosocereus chrysacanthus","Oaxaca",-96.939188,17.714188,"Balsas Basin province","Pilosocereus","Mexico"
4062681948,"Pilosocereus chrysacanthus","Oaxaca",-97.819679,17.765092,"Balsas Basin province","Pilosocereus","Mexico"
3773601369,"Pilosocereus chrysacanthus","Oaxaca",-96.944969,17.78969,"Balsas Basin province","Pilosocereus","Mexico"
3308418449,"Pilosocereus chrysacanthus","Oaxaca",-96.926667,17.844444,"Sierra Madre del Sur province","Pilosocereus","Mexico"
3773039293,"Pilosocereus chrysacanthus","Oaxaca",-97.043373,17.86248,"Balsas Basin province","Pilosocereus","Mexico"
3772492516,"Pilosocereus chrysacanthus","Oaxaca",-97.038689,17.862927,"Balsas Basin province","Pilosocereus","Mexico"
1920793579,"Pilosocereus chrysacanthus","Oaxaca",-97.026107,17.86866,"Balsas Basin province","Pilosocereus","Mexico"
1894569186,"Pilosocereus chrysacanthus","Oaxaca",-96.955278,17.916944,"Balsas Basin province","Pilosocereus","Mexico"
1457638841,"Pilosocereus chrysacanthus","Oaxaca",-97.262652,17.953818,"Sierra Madre del Sur province","Pilosocereus","Mexico"
2851051424,"Pilosocereus chrysacanthus","Oaxaca",-98.033415,17.969802,"Balsas Basin province","Pilosocereus","Mexico"
3308418446,"Pilosocereus chrysacanthus","Oaxaca",-97.0602,18.1491,"Balsas Basin province","Pilosocereus","Mexico"
3308712575,"Pilosocereus chrysacanthus","Oaxaca",-97.6836,18.1725,"Balsas Basin province","Pilosocereus","Mexico"
2862379278,"Pilosocereus collinsii","Oaxaca",-96.203367,15.71231,"Pacific Lowlands province","Pilosocereus","Mexico"
2864773359,"Pilosocereus collinsii","Oaxaca",-96.167591,15.720808,"Pacific Lowlands province","Pilosocereus","Mexico"
4458323375,"Pilosocereus collinsii","Oaxaca",-96.166642,15.723177,"Pacific Lowlands province","Pilosocereus","Mexico"
3335211445,"Pilosocereus collinsii","Oaxaca",-96.162738,15.725034,"Pacific Lowlands province","Pilosocereus","Mexico"
3335551413,"Pilosocereus collinsii","Oaxaca",-96.157779,15.726099,"Pacific Lowlands province","Pilosocereus","Mexico"
3070659552,"Pilosocereus collinsii","Oaxaca",-96.158854,15.733485,"Pacific Lowlands province","Pilosocereus","Mexico"
3466228963,"Pilosocereus collinsii","Oaxaca",-96.154488,15.734325,"Pacific Lowlands province","Pilosocereus","Mexico"
2901612006,"Pilosocereus collinsii","Oaxaca",-96.146439,15.737447,"Pacific Lowlands province","Pilosocereus","Mexico"
3355523677,"Pilosocereus collinsii","Oaxaca",-96.202072,15.737508,"Pacific Lowlands province","Pilosocereus","Mexico"
3457109479,"Pilosocereus collinsii","Oaxaca",-96.202041,15.747006,"Pacific Lowlands province","Pilosocereus","Mexico"
3059152292,"Pilosocereus collinsii","Oaxaca",-96.125228,15.751558,"Pacific Lowlands province","Pilosocereus","Mexico"
2807481210,"Pilosocereus collinsii","Oaxaca",-96.14167,15.75167,"Pacific Lowlands province","Pilosocereus","Mexico"
3044797408,"Pilosocereus collinsii","Oaxaca",-96.160044,15.755615,"Pacific Lowlands province","Pilosocereus","Mexico"
4111693814,"Pilosocereus collinsii","Oaxaca",-96.140155,15.761056,"Pacific Lowlands province","Pilosocereus","Mexico"
4458360317,"Pilosocereus collinsii","Oaxaca",-96.167021,15.761445,"Pacific Lowlands province","Pilosocereus","Mexico"
4458348378,"Pilosocereus collinsii","Oaxaca",-96.188062,15.763233,"Pacific Lowlands province","Pilosocereus","Mexico"
3469016354,"Pilosocereus collinsii","Oaxaca",-96.106631,15.764842,"Pacific Lowlands province","Pilosocereus","Mexico"
2818518554,"Pilosocereus collinsii","Oaxaca",-96.113441,15.76777,"Pacific Lowlands province","Pilosocereus","Mexico"
3118313596,"Pilosocereus collinsii","Oaxaca",-96.193086,15.768302,"Pacific Lowlands province","Pilosocereus","Mexico"
4458352393,"Pilosocereus collinsii","Oaxaca",-96.135081,15.76924,"Pacific Lowlands province","Pilosocereus","Mexico"
2859942357,"Pilosocereus collinsii","Oaxaca",-96.14756,15.772289,"Pacific Lowlands province","Pilosocereus","Mexico"
4458561316,"Pilosocereus collinsii","Oaxaca",-96.200688,15.774351,"Pacific Lowlands province","Pilosocereus","Mexico"
4458554308,"Pilosocereus collinsii","Oaxaca",-96.200452,15.777748,"Pacific Lowlands province","Pilosocereus","Mexico"
2851077452,"Pilosocereus collinsii","Oaxaca",-96.198652,15.778672,"Pacific Lowlands province","Pilosocereus","Mexico"
2803011523,"Pilosocereus collinsii","Oaxaca",-96.07181,15.779047,"Pacific Lowlands province","Pilosocereus","Mexico"
4458597433,"Pilosocereus collinsii","Oaxaca",-96.210856,15.77946,"Pacific Lowlands province","Pilosocereus","Mexico"
2856484762,"Pilosocereus collinsii","Oaxaca",-96.060623,15.783007,"Pacific Lowlands province","Pilosocereus","Mexico"
2856730749,"Pilosocereus collinsii","Oaxaca",-96.060334,15.783538,"Pacific Lowlands province","Pilosocereus","Mexico"
3058971656,"Pilosocereus collinsii","Oaxaca",-96.058311,15.785576,"Pacific Lowlands province","Pilosocereus","Mexico"
2629673356,"Pilosocereus collinsii","Oaxaca",-96.063889,15.791667,"Pacific Lowlands province","Pilosocereus","Mexico"
4011870922,"Pilosocereus collinsii","Oaxaca",-95.783133,15.88032,"Pacific Lowlands province","Pilosocereus","Mexico"
4458571338,"Pilosocereus collinsii","Oaxaca",-95.22061,16.18913,"Pacific Lowlands province","Pilosocereus","Mexico"
4111957244,"Pilosocereus collinsii","Oaxaca",-95.314068,16.38081,"Pacific Lowlands province","Pilosocereus","Mexico"
1895417586,"Pilosocereus collinsii","Oaxaca",-94.530503,16.528483,"Pacific Lowlands province","Pilosocereus","Mexico"
4018103887,"Pilosocereus collinsii","Oaxaca",-95.01241,16.538002,"Pacific Lowlands province","Pilosocereus","Mexico"
2823128403,"Pilosocereus collinsii","Oaxaca",-94.719977,16.538119,"Pacific Lowlands province","Pilosocereus","Mexico"
3039134249,"Pilosocereus collinsii","Oaxaca",-95.216616,16.582073,"Pacific Lowlands province","Pilosocereus","Mexico"
4522718714,"Pilosocereus collinsii","Oaxaca",-95.229631,16.5988,"Pacific Lowlands province","Pilosocereus","Mexico"
4522771760,"Pilosocereus collinsii","Oaxaca",-95.231378,16.608172,"Pacific Lowlands province","Pilosocereus","Mexico"
3308655683,"Pilosocereus collinsii","Oaxaca",-95.01339,16.61131,"Pacific Lowlands province","Pilosocereus","Mexico"
3337376437,"Pilosocereus collinsii","Oaxaca",-94.987096,16.739992,"Pacific Lowlands province","Pilosocereus","Mexico"
2518014453,"Pilosocereus leucocephalus","Oaxaca",-96.626111,15.7075,"Pacific Lowlands province","Pilosocereus","No"
2465091937,"Pilosocereus leucocephalus","Oaxaca",-96.160881,15.726055,"Pacific Lowlands province","Pilosocereus","No"
2366130472,"Pilosocereus leucocephalus","Oaxaca",-96.148579,15.754536,"Pacific Lowlands province","Pilosocereus","No"
2634358786,"Pilosocereus leucocephalus","Oaxaca",-96.122062,15.767756,"Pacific Lowlands province","Pilosocereus","No"
2465137225,"Pilosocereus leucocephalus","Oaxaca",-96.136519,15.76892,"Pacific Lowlands province","Pilosocereus","No"
4458606349,"Pilosocereus leucocephalus","Oaxaca",-96.446915,15.770696,"Pacific Lowlands province","Pilosocereus","No"
4458364820,"Pilosocereus leucocephalus","Oaxaca",-95.094818,16.525324,"Pacific Lowlands province","Pilosocereus","No"
4507983141,"Pilosocereus leucocephalus","Oaxaca",-96.247945,16.674436,"Sierra Madre del Sur province","Pilosocereus","No"
3308144595,"Pilosocereus leucocephalus","Oaxaca",-94.7421,16.71478,"Pacific Lowlands province","Pilosocereus","No"
4138146784,"Pilosocereus leucocephalus","Oaxaca",-96.38055,16.9367,"Balsas Basin province","Pilosocereus","No"
4458592385,"Pilosocereus leucocephalus","Oaxaca",-96.573949,17.395102,"Balsas Basin province","Pilosocereus","No"
3912028078,"Pilosocereus leucocephalus","Oaxaca",-96.851828,17.576106,"Balsas Basin province","Pilosocereus","No"
4458596380,"Pilosocereus leucocephalus","Oaxaca",-97.163505,18.149814,"Balsas Basin province","Pilosocereus","No"
1990503046,"Pilosocereus quadricentralis","Oaxaca",-96.193975,15.754175,"Pacific Lowlands province","Pilosocereus","Mexico"
219012171,"Pilosocereus quadricentralis","Oaxaca",-95.985278,15.851944,"Pacific Lowlands province","Pilosocereus","Mexico"
3308638752,"Pilosocereus quadricentralis","Oaxaca",-95.786,15.92272,"Pacific Lowlands province","Pilosocereus","Mexico"
1895767344,"Pilosocereus quadricentralis","Oaxaca",-94.091944,16.238611,"Pacific Lowlands province","Pilosocereus","Mexico"
3307621802,"Pilosocereus quadricentralis","Oaxaca",-96.2735173,16.6693587,"Sierra Madre del Sur province","Pilosocereus","Mexico"
4458586326,"Pilosocereus quadricentralis","Oaxaca",-96.221148,16.679759,"Sierra Madre del Sur province","Pilosocereus","Mexico"
1895767586,"Pilosocereus quadricentralis","Oaxaca",-96.171944,16.684444,"Pacific Lowlands province","Pilosocereus","Mexico"
3888736345,"Pilosocereus quadricentralis","Oaxaca",-95.835956,16.702203,"Sierra Madre del Sur province","Pilosocereus","Mexico"
2465146206,"Pilosocereus quadricentralis","Oaxaca",-95.662057,16.737251,"Sierra Madre del Sur province","Pilosocereus","Mexico"
3308176860,"Pilosocereus quadricentralis","Oaxaca",-96.335829,16.7537544,"Sierra Madre del Sur province","Pilosocereus","Mexico"
2465322847,"Pilosocereus quadricentralis","Oaxaca",-96.209503,16.772334,"Sierra Madre del Sur province","Pilosocereus","Mexico"
2236829199,"Pilosocereus quadricentralis","Oaxaca",-96.368928,16.777671,"Balsas Basin province","Pilosocereus","Mexico"
3889011337,"Pilosocereus quadricentralis","Oaxaca",-95.934517,16.782397,"Pacific Lowlands province","Pilosocereus","Mexico"
2465169376,"Pilosocereus quadricentralis","Oaxaca",-96.518387,17.394842,"Sierra Madre del Sur province","Pilosocereus","Mexico"
1257778770,"Rhipsalis baccifera","Oaxaca",-95.0425,16.703889,"Pacific Lowlands province","Rhipsalis","No"
219012720,"Rhipsalis baccifera","Oaxaca",-95.516667,16.733333,"Sierra Madre del Sur province","Rhipsalis","No"
2460013013,"Rhipsalis baccifera","Oaxaca",-95.464389,16.7372,"Sierra Madre del Sur province","Rhipsalis","No"
1419220887,"Rhipsalis baccifera","Oaxaca",-95.525,16.741667,"Sierra Madre del Sur province","Rhipsalis","No"
4145544883,"Rhipsalis baccifera","Oaxaca",-95.299065,16.883904,"Sierra Madre del Sur province","Rhipsalis","No"
1893564201,"Rhipsalis baccifera","Oaxaca",-94.587778,17.073889,"Veracruzan province","Rhipsalis","No"
1893564139,"Rhipsalis baccifera","Oaxaca",-94.061111,17.0775,"Veracruzan province","Rhipsalis","No"
1419204163,"Rhipsalis baccifera","Oaxaca",-97.866176,17.081275,"Sierra Madre del Sur province","Rhipsalis","No"
1897573203,"Rhipsalis baccifera","Oaxaca",-95.567972,17.247556,"Veracruzan province","Rhipsalis","No"
3308631312,"Rhipsalis baccifera","Oaxaca",-96.3235,17.43183,"Sierra Madre del Sur province","Rhipsalis","No"
1897489082,"Rhipsalis baccifera","Oaxaca",-96.265333,17.441361,"Sierra Madre del Sur province","Rhipsalis","No"
2459993190,"Rhipsalis baccifera","Oaxaca",-95.773891,17.483739,"Veracruzan province","Rhipsalis","No"
1562916051,"Rhipsalis baccifera","Oaxaca",-96.428375,17.645535,"Sierra Madre del Sur province","Rhipsalis","No"
3307827229,"Rhipsalis baccifera","Oaxaca",-96.54056,17.72667,"Sierra Madre del Sur province","Rhipsalis","No"
3308690167,"Rhipsalis baccifera","Oaxaca",-96.91744,17.91019,"Sierra Madre del Sur province","Rhipsalis","No"
3308716341,"Rhipsalis baccifera","Oaxaca",-96.93944,17.91583,"Sierra Madre del Sur province","Rhipsalis","No"
2629655016,"Rhipsalis baccifera","Oaxaca",-96.103889,17.925556,"Veracruzan province","Rhipsalis","No"
1928764439,"Rhipsalis baccifera","Oaxaca",-96.65275,18.00522,"Sierra Madre del Sur province","Rhipsalis","No"
1896090328,"Rhipsalis baccifera","Oaxaca",-96.623611,18.012889,"Sierra Madre del Sur province","Rhipsalis","No"
2629519601,"Rhipsalis baccifera","Oaxaca",-96.683333,18.033333,"Sierra Madre del Sur province","Rhipsalis","No"
2629740573,"Rhipsalis baccifera","Oaxaca",-96.851944,18.152778,"Sierra Madre del Sur province","Rhipsalis","No"
4027226350,"Rhipsalis baccifera","Oaxaca",-96.70167,18.2825,"Veracruzan province","Rhipsalis","No"
2550120863,"Stenocactus crispatus","Oaxaca",-97.323611,17.554774,"Sierra Madre del Sur province","Stenocactus","Mexico"
1895424315,"Stenocactus crispatus","Oaxaca",-96.945625,17.567061,"Balsas Basin province","Stenocactus","Mexico"
3307880608,"Stenocactus crispatus","Oaxaca",-97.48333,17.66667,"Sierra Madre del Sur province","Stenocactus","Mexico"
2465184503,"Stenocactus crispatus","Oaxaca",-97.561472,17.719414,"Sierra Madre del Sur province","Stenocactus","Mexico"
3915510431,"Stenocactus crispatus","Oaxaca",-97.436816,17.790698,"Sierra Madre del Sur province","Stenocactus","Mexico"
3308374509,"Stenocactus crispatus","Oaxaca",-97.34358,17.79764,"Sierra Madre del Sur province","Stenocactus","Mexico"
3308391617,"Stenocactus crispatus","Oaxaca",-97.480833,17.80075,"Sierra Madre del Sur province","Stenocactus","Mexico"
3355727324,"Stenocactus crispatus","Oaxaca",-97.346788,17.883581,"Sierra Madre del Sur province","Stenocactus","Mexico"
2459995101,"Stenocactus crispatus","Oaxaca",-97.423257,17.895327,"Sierra Madre del Sur province","Stenocactus","Mexico"
3986055524,"Stenocactus crispatus","Oaxaca",-97.431552,17.898707,"Sierra Madre del Sur province","Stenocactus","Mexico"
2574244150,"Stenocactus crispatus","Oaxaca",-97.359897,17.901461,"Sierra Madre del Sur province","Stenocactus","Mexico"
1850915499,"Stenocactus crispatus","Oaxaca",-97.429114,17.908085,"Sierra Madre del Sur province","Stenocactus","Mexico"
1703206764,"Stenocactus crispatus","Oaxaca",-97.398262,17.927619,"Sierra Madre del Sur province","Stenocactus","Mexico"
1586155919,"Stenocactus crispatus","Oaxaca",-97.435856,17.930722,"Sierra Madre del Sur province","Stenocactus","Mexico"
2445121558,"Stenocactus crispatus","Oaxaca",-97.452993,17.936969,"Sierra Madre del Sur province","Stenocactus","Mexico"
1890711441,"Stenocactus crispatus","Oaxaca",-97.417577,17.950234,"Sierra Madre del Sur province","Stenocactus","Mexico"
1677339701,"Stenocactus crispatus","Oaxaca",-97.398659,18.013057,"Sierra Madre del Sur province","Stenocactus","Mexico"
3325528877,"Stenocereus chacalapensis","Oaxaca",-96.48788,15.674921,"Pacific Lowlands province","Stenocereus","Oaxaca"
4404989844,"Stenocereus chacalapensis","Oaxaca",-96.258437,15.684454,"Pacific Lowlands province","Stenocereus","Oaxaca"
3090612969,"Stenocereus chacalapensis","Oaxaca",-96.384705,15.690876,"Pacific Lowlands province","Stenocereus","Oaxaca"
3966355841,"Stenocereus chacalapensis","Oaxaca",-96.238885,15.694773,"Pacific Lowlands province","Stenocereus","Oaxaca"
2634006324,"Stenocereus chacalapensis","Oaxaca",-96.34338,15.696137,"Pacific Lowlands province","Stenocereus","Oaxaca"
2802563340,"Stenocereus chacalapensis","Oaxaca",-96.31476,15.697889,"Pacific Lowlands province","Stenocereus","Oaxaca"
2882974297,"Stenocereus chacalapensis","Oaxaca",-96.297482,15.699102,"Pacific Lowlands province","Stenocereus","Oaxaca"
3915410526,"Stenocereus chacalapensis","Oaxaca",-96.485721,15.700925,"Pacific Lowlands province","Stenocereus","Oaxaca"
4442499887,"Stenocereus chacalapensis","Oaxaca",-96.514468,15.703405,"Pacific Lowlands province","Stenocereus","Oaxaca"
2518139186,"Stenocereus chacalapensis","Oaxaca",-96.335128,15.704792,"Pacific Lowlands province","Stenocereus","Oaxaca"
3338137213,"Stenocereus chacalapensis","Oaxaca",-96.396623,15.706006,"Pacific Lowlands province","Stenocereus","Oaxaca"
4458333704,"Stenocereus chacalapensis","Oaxaca",-96.327876,15.706203,"Pacific Lowlands province","Stenocereus","Oaxaca"
3760309358,"Stenocereus chacalapensis","Oaxaca",-96.247683,15.707062,"Pacific Lowlands province","Stenocereus","Oaxaca"
3889079841,"Stenocereus chacalapensis","Oaxaca",-96.231154,15.712808,"Pacific Lowlands province","Stenocereus","Oaxaca"
3988640745,"Stenocereus chacalapensis","Oaxaca",-96.258398,15.712824,"Pacific Lowlands province","Stenocereus","Oaxaca"
4458680611,"Stenocereus chacalapensis","Oaxaca",-96.538137,15.715541,"Pacific Lowlands province","Stenocereus","Oaxaca"
3124720490,"Stenocereus chacalapensis","Oaxaca",-96.183678,15.716547,"Pacific Lowlands province","Stenocereus","Oaxaca"
2634116336,"Stenocereus chacalapensis","Oaxaca",-96.182529,15.716892,"Pacific Lowlands province","Stenocereus","Oaxaca"
2882933079,"Stenocereus chacalapensis","Oaxaca",-96.275543,15.720142,"Pacific Lowlands province","Stenocereus","Oaxaca"
3888900128,"Stenocereus chacalapensis","Oaxaca",-96.239825,15.720978,"Pacific Lowlands province","Stenocereus","Oaxaca"
2963934149,"Stenocereus chacalapensis","Oaxaca",-96.195589,15.721166,"Pacific Lowlands province","Stenocereus","Oaxaca"
3308674176,"Stenocereus chacalapensis","Oaxaca",-96.16492,15.72414,"Pacific Lowlands province","Stenocereus","Oaxaca"
3044909634,"Stenocereus chacalapensis","Oaxaca",-96.193079,15.729572,"Pacific Lowlands province","Stenocereus","Oaxaca"
4458581767,"Stenocereus chacalapensis","Oaxaca",-96.214357,15.730801,"Pacific Lowlands province","Stenocereus","Oaxaca"
2620117144,"Stenocereus chacalapensis","Oaxaca",-96.165743,15.731536,"Pacific Lowlands province","Stenocereus","Oaxaca"
2633988370,"Stenocereus chacalapensis","Oaxaca",-96.157984,15.731984,"Pacific Lowlands province","Stenocereus","Oaxaca"
2634114570,"Stenocereus chacalapensis","Oaxaca",-96.187206,15.733169,"Pacific Lowlands province","Stenocereus","Oaxaca"
2005265565,"Stenocereus chacalapensis","Oaxaca",-96.341106,15.734154,"Pacific Lowlands province","Stenocereus","Oaxaca"
4442458837,"Stenocereus chacalapensis","Oaxaca",-96.170475,15.734558,"Pacific Lowlands province","Stenocereus","Oaxaca"
2626123481,"Stenocereus chacalapensis","Oaxaca",-96.287919,15.734716,"Pacific Lowlands province","Stenocereus","Oaxaca"
4405583321,"Stenocereus chacalapensis","Oaxaca",-96.210513,15.734848,"Pacific Lowlands province","Stenocereus","Oaxaca"
2901511036,"Stenocereus chacalapensis","Oaxaca",-96.151036,15.735313,"Pacific Lowlands province","Stenocereus","Oaxaca"
3333305512,"Stenocereus chacalapensis","Oaxaca",-96.178039,15.735403,"Pacific Lowlands province","Stenocereus","Oaxaca"
3455374384,"Stenocereus chacalapensis","Oaxaca",-96.319482,15.73603,"Pacific Lowlands province","Stenocereus","Oaxaca"
2864830460,"Stenocereus chacalapensis","Oaxaca",-96.185293,15.738965,"Pacific Lowlands province","Stenocereus","Oaxaca"
2633981396,"Stenocereus chacalapensis","Oaxaca",-96.365623,15.74171,"Pacific Lowlands province","Stenocereus","Oaxaca"
3455634148,"Stenocereus chacalapensis","Oaxaca",-96.193094,15.742073,"Pacific Lowlands province","Stenocereus","Oaxaca"
3307397190,"Stenocereus chacalapensis","Oaxaca",-96.179616,15.742237,"Pacific Lowlands province","Stenocereus","Oaxaca"
3902260512,"Stenocereus chacalapensis","Oaxaca",-96.157658,15.742932,"Pacific Lowlands province","Stenocereus","Oaxaca"
2803026222,"Stenocereus chacalapensis","Oaxaca",-96.187352,15.74415,"Pacific Lowlands province","Stenocereus","Oaxaca"
3915253471,"Stenocereus chacalapensis","Oaxaca",-96.170203,15.745697,"Pacific Lowlands province","Stenocereus","Oaxaca"
3873694572,"Stenocereus chacalapensis","Oaxaca",-96.33387,15.748755,"Pacific Lowlands province","Stenocereus","Oaxaca"
2856521851,"Stenocereus chacalapensis","Oaxaca",-96.133376,15.750694,"Pacific Lowlands province","Stenocereus","Oaxaca"
3888721874,"Stenocereus chacalapensis","Oaxaca",-96.14881,15.750956,"Pacific Lowlands province","Stenocereus","Oaxaca"
3044657157,"Stenocereus chacalapensis","Oaxaca",-96.172198,15.751378,"Pacific Lowlands province","Stenocereus","Oaxaca"
2802914354,"Stenocereus chacalapensis","Oaxaca",-96.189401,15.75316,"Pacific Lowlands province","Stenocereus","Oaxaca"
4400186882,"Stenocereus chacalapensis","Oaxaca",-96.491453,15.753574,"Pacific Lowlands province","Stenocereus","Oaxaca"
2576499106,"Stenocereus chacalapensis","Oaxaca",-96.179436,15.754397,"Pacific Lowlands province","Stenocereus","Oaxaca"
2883179690,"Stenocereus chacalapensis","Oaxaca",-96.161537,15.756066,"Pacific Lowlands province","Stenocereus","Oaxaca"
2641313549,"Stenocereus chacalapensis","Oaxaca",-96.131786,15.758224,"Pacific Lowlands province","Stenocereus","Oaxaca"
3499708667,"Stenocereus chacalapensis","Oaxaca",-96.235435,15.758392,"Pacific Lowlands province","Stenocereus","Oaxaca"
2641508752,"Stenocereus chacalapensis","Oaxaca",-96.215008,15.758834,"Pacific Lowlands province","Stenocereus","Oaxaca"
3320975520,"Stenocereus chacalapensis","Oaxaca",-96.193874,15.759564,"Pacific Lowlands province","Stenocereus","Oaxaca"
2802537338,"Stenocereus chacalapensis","Oaxaca",-96.303932,15.761382,"Pacific Lowlands province","Stenocereus","Oaxaca"
3457194371,"Stenocereus chacalapensis","Oaxaca",-96.152546,15.762166,"Pacific Lowlands province","Stenocereus","Oaxaca"
4510326239,"Stenocereus chacalapensis","Oaxaca",-96.105278,15.763845,"Pacific Lowlands province","Stenocereus","Oaxaca"
2634010335,"Stenocereus chacalapensis","Oaxaca",-96.217716,15.764485,"Pacific Lowlands province","Stenocereus","Oaxaca"
3124691412,"Stenocereus chacalapensis","Oaxaca",-96.374382,15.765771,"Pacific Lowlands province","Stenocereus","Oaxaca"
4510159250,"Stenocereus chacalapensis","Oaxaca",-96.227889,15.76622,"Pacific Lowlands province","Stenocereus","Oaxaca"
1894553345,"Stenocereus chacalapensis","Oaxaca",-96.2514201,15.7677493,"Pacific Lowlands province","Stenocereus","Oaxaca"
2634133921,"Stenocereus chacalapensis","Oaxaca",-96.103652,15.768954,"Pacific Lowlands province","Stenocereus","Oaxaca"
2634012335,"Stenocereus chacalapensis","Oaxaca",-96.192841,15.769202,"Pacific Lowlands province","Stenocereus","Oaxaca"
3915411373,"Stenocereus chacalapensis","Oaxaca",-96.159182,15.769464,"Pacific Lowlands province","Stenocereus","Oaxaca"
2634006365,"Stenocereus chacalapensis","Oaxaca",-96.352801,15.771243,"Pacific Lowlands province","Stenocereus","Oaxaca"
3772564971,"Stenocereus chacalapensis","Oaxaca",-96.388192,15.772879,"Pacific Lowlands province","Stenocereus","Oaxaca"
2802605383,"Stenocereus chacalapensis","Oaxaca",-96.086369,15.773451,"Pacific Lowlands province","Stenocereus","Oaxaca"
2814128830,"Stenocereus chacalapensis","Oaxaca",-96.134037,15.775053,"Pacific Lowlands province","Stenocereus","Oaxaca"
2862358264,"Stenocereus chacalapensis","Oaxaca",-96.328413,15.775419,"Pacific Lowlands province","Stenocereus","Oaxaca"
3044959640,"Stenocereus chacalapensis","Oaxaca",-96.164263,15.775814,"Pacific Lowlands province","Stenocereus","Oaxaca"
2883146704,"Stenocereus chacalapensis","Oaxaca",-96.119025,15.776001,"Pacific Lowlands province","Stenocereus","Oaxaca"
2814338649,"Stenocereus chacalapensis","Oaxaca",-96.074848,15.776723,"Pacific Lowlands province","Stenocereus","Oaxaca"
2634094324,"Stenocereus chacalapensis","Oaxaca",-96.092181,15.780089,"Pacific Lowlands province","Stenocereus","Oaxaca"
3760202504,"Stenocereus chacalapensis","Oaxaca",-96.346606,15.780186,"Pacific Lowlands province","Stenocereus","Oaxaca"
2634326513,"Stenocereus chacalapensis","Oaxaca",-96.081846,15.780309,"Pacific Lowlands province","Stenocereus","Oaxaca"
3468724746,"Stenocereus chacalapensis","Oaxaca",-96.102569,15.781238,"Pacific Lowlands province","Stenocereus","Oaxaca"
2634000336,"Stenocereus chacalapensis","Oaxaca",-96.168982,15.781243,"Pacific Lowlands province","Stenocereus","Oaxaca"
3773480053,"Stenocereus chacalapensis","Oaxaca",-96.478031,15.78125,"Pacific Lowlands province","Stenocereus","Oaxaca"
3032133527,"Stenocereus chacalapensis","Oaxaca",-96.228945,15.781259,"Pacific Lowlands province","Stenocereus","Oaxaca"
2634217615,"Stenocereus chacalapensis","Oaxaca",-96.151973,15.783182,"Pacific Lowlands province","Stenocereus","Oaxaca"
4022226800,"Stenocereus chacalapensis","Oaxaca",-96.132561,15.784697,"Pacific Lowlands province","Stenocereus","Oaxaca"
3859386181,"Stenocereus chacalapensis","Oaxaca",-96.089796,15.784862,"Pacific Lowlands province","Stenocereus","Oaxaca"
2634015382,"Stenocereus chacalapensis","Oaxaca",-96.178969,15.786175,"Pacific Lowlands province","Stenocereus","Oaxaca"
3903541635,"Stenocereus chacalapensis","Oaxaca",-96.346119,15.786197,"Pacific Lowlands province","Stenocereus","Oaxaca"
3915285480,"Stenocereus chacalapensis","Oaxaca",-96.111415,15.787114,"Pacific Lowlands province","Stenocereus","Oaxaca"
2802586344,"Stenocereus chacalapensis","Oaxaca",-96.333758,15.787736,"Pacific Lowlands province","Stenocereus","Oaxaca"
3335516495,"Stenocereus chacalapensis","Oaxaca",-96.073365,15.788552,"Pacific Lowlands province","Stenocereus","Oaxaca"
3499673049,"Stenocereus chacalapensis","Oaxaca",-96.139349,15.788578,"Pacific Lowlands province","Stenocereus","Oaxaca"
4400111582,"Stenocereus chacalapensis","Oaxaca",-96.571184,15.788962,"Pacific Lowlands province","Stenocereus","Oaxaca"
4162075764,"Stenocereus chacalapensis","Oaxaca",-96.142509,15.789777,"Pacific Lowlands province","Stenocereus","Oaxaca"
3044892091,"Stenocereus chacalapensis","Oaxaca",-96.184534,15.790275,"Pacific Lowlands province","Stenocereus","Oaxaca"
3759982034,"Stenocereus chacalapensis","Oaxaca",-96.500021,15.791068,"Pacific Lowlands province","Stenocereus","Oaxaca"
2813891743,"Stenocereus chacalapensis","Oaxaca",-96.069952,15.792184,"Pacific Lowlands province","Stenocereus","Oaxaca"
3456202719,"Stenocereus chacalapensis","Oaxaca",-96.038247,15.792743,"Pacific Lowlands province","Stenocereus","Oaxaca"
3044728070,"Stenocereus chacalapensis","Oaxaca",-96.109995,15.79373,"Pacific Lowlands province","Stenocereus","Oaxaca"
3903542595,"Stenocereus chacalapensis","Oaxaca",-96.107974,15.794029,"Pacific Lowlands province","Stenocereus","Oaxaca"
2634141557,"Stenocereus chacalapensis","Oaxaca",-96.086939,15.794322,"Pacific Lowlands province","Stenocereus","Oaxaca"
3888771181,"Stenocereus chacalapensis","Oaxaca",-96.141894,15.794458,"Pacific Lowlands province","Stenocereus","Oaxaca"
3985627144,"Stenocereus chacalapensis","Oaxaca",-96.11712,15.794578,"Pacific Lowlands province","Stenocereus","Oaxaca"
4440626524,"Stenocereus chacalapensis","Oaxaca",-96.031675,15.795247,"Pacific Lowlands province","Stenocereus","Oaxaca"
4413528650,"Stenocereus chacalapensis","Oaxaca",-96.181374,15.795572,"Pacific Lowlands province","Stenocereus","Oaxaca"
2802649420,"Stenocereus chacalapensis","Oaxaca",-96.218621,15.796286,"Pacific Lowlands province","Stenocereus","Oaxaca"
3915349472,"Stenocereus chacalapensis","Oaxaca",-96.056359,15.79642,"Pacific Lowlands province","Stenocereus","Oaxaca"
2999170578,"Stenocereus chacalapensis","Oaxaca",-96.060928,15.796922,"Pacific Lowlands province","Stenocereus","Oaxaca"
3124824681,"Stenocereus chacalapensis","Oaxaca",-96.250268,15.797354,"Pacific Lowlands province","Stenocereus","Oaxaca"
3335577453,"Stenocereus chacalapensis","Oaxaca",-96.1935,15.79818,"Pacific Lowlands province","Stenocereus","Oaxaca"
3915357353,"Stenocereus chacalapensis","Oaxaca",-96.052952,15.831525,"Pacific Lowlands province","Stenocereus","Oaxaca"
2988619779,"Stenocereus chacalapensis","Oaxaca",-95.942481,15.836812,"Pacific Lowlands province","Stenocereus","Oaxaca"
1894553334,"Stenocereus chacalapensis","Oaxaca",-96.2533645,15.8882993,"Pacific Lowlands province","Stenocereus","Oaxaca"
2999040614,"Stenocereus chacalapensis","Oaxaca",-95.894186,15.889656,"Pacific Lowlands province","Stenocereus","Oaxaca"
3947265319,"Stenocereus chacalapensis","Oaxaca",-96.005006,15.891186,"Pacific Lowlands province","Stenocereus","Oaxaca"
3892427281,"Stenocereus chacalapensis","Oaxaca",-97.146989,15.908526,"Pacific Lowlands province","Stenocereus","Oaxaca"
4011867873,"Stenocereus chacalapensis","Oaxaca",-95.778099,15.916068,"Pacific Lowlands province","Stenocereus","Oaxaca"
3985960884,"Stenocereus chacalapensis","Oaxaca",-97.056134,15.92165,"Pacific Lowlands province","Stenocereus","Oaxaca"
2557721321,"Stenocereus chacalapensis","Oaxaca",-96.066979,15.926777,"Pacific Lowlands province","Stenocereus","Oaxaca"
4458596726,"Stenocereus chacalapensis","Oaxaca",-97.120824,15.943392,"Pacific Lowlands province","Stenocereus","Oaxaca"
3465911084,"Stenocereus chacalapensis","Oaxaca",-96.169689,15.949942,"Sierra Madre del Sur province","Stenocereus","Oaxaca"
3994069129,"Stenocereus chacalapensis","Oaxaca",-97.155372,15.952341,"Pacific Lowlands province","Stenocereus","Oaxaca"
2883021595,"Stenocereus chacalapensis","Oaxaca",-95.871211,15.956827,"Pacific Lowlands province","Stenocereus","Oaxaca"
4011636845,"Stenocereus chacalapensis","Oaxaca",-95.7828,15.969075,"Pacific Lowlands province","Stenocereus","Oaxaca"
3466249595,"Stenocereus chacalapensis","Oaxaca",-96.11666,15.999962,"Sierra Madre del Sur province","Stenocereus","Oaxaca"
3067933483,"Stenocereus chacalapensis","Oaxaca",-95.332409,16.095756,"Pacific Lowlands province","Stenocereus","Oaxaca"
3067795552,"Stenocereus chacalapensis","Oaxaca",-95.337288,16.117814,"Pacific Lowlands province","Stenocereus","Oaxaca"
4507731183,"Stenocereus chacalapensis","Oaxaca",-95.306609,16.185536,"Pacific Lowlands province","Stenocereus","Oaxaca"
3307656107,"Stenocereus chacalapensis","Oaxaca",-97.093611,16.368056,"Sierra Madre del Sur province","Stenocereus","Oaxaca"
4424207455,"Stenocereus chacalapensis","Oaxaca",-95.108101,16.383545,"Pacific Lowlands province","Stenocereus","Oaxaca"
2634021341,"Stenocereus chacalapensis","Oaxaca",-95.167309,16.57173,"Pacific Lowlands province","Stenocereus","Oaxaca"
4440619835,"Stenocereus pruinosus","Oaxaca",-96.125307,15.742517,"Pacific Lowlands province","Stenocereus","No"
1897572545,"Stenocereus pruinosus","Oaxaca",-95.993055,15.844722,"Pacific Lowlands province","Stenocereus","No"
3308706480,"Stenocereus pruinosus","Oaxaca",-95.83742,15.86819,"Pacific Lowlands province","Stenocereus","No"
4440613136,"Stenocereus pruinosus","Oaxaca",-95.776978,15.874414,"Pacific Lowlands province","Stenocereus","No"
3308695685,"Stenocereus pruinosus","Oaxaca",-95.57653,15.95589,"Pacific Lowlands province","Stenocereus","No"
3915361368,"Stenocereus pruinosus","Oaxaca",-95.232983,16.292579,"Pacific Lowlands province","Stenocereus","No"
3408029207,"Stenocereus pruinosus","Oaxaca",-96.630513,16.304463,"Sierra Madre del Sur province","Stenocereus","No"
4424490620,"Stenocereus pruinosus","Oaxaca",-95.01669,16.335177,"Pacific Lowlands province","Stenocereus","No"
1895223650,"Stenocereus pruinosus","Oaxaca",-95.608333,16.408333,"Pacific Lowlands province","Stenocereus","No"
3307654577,"Stenocereus pruinosus","Oaxaca",-95.7984553,16.4110627,"Pacific Lowlands province","Stenocereus","No"
3947174549,"Stenocereus pruinosus","Oaxaca",-96.67903,16.418567,"Balsas Basin province","Stenocereus","No"
4407359689,"Stenocereus pruinosus","Oaxaca",-94.891158,16.458614,"Pacific Lowlands province","Stenocereus","No"
1836618165,"Stenocereus pruinosus","Oaxaca",-95.160484,16.459957,"Pacific Lowlands province","Stenocereus","No"
2634234397,"Stenocereus pruinosus","Oaxaca",-94.915658,16.479337,"Pacific Lowlands province","Stenocereus","No"
4424362441,"Stenocereus pruinosus","Oaxaca",-95.077647,16.479454,"Pacific Lowlands province","Stenocereus","No"
4510059315,"Stenocereus pruinosus","Oaxaca",-94.934287,16.512625,"Pacific Lowlands province","Stenocereus","No"
3109253356,"Stenocereus pruinosus","Oaxaca",-96.358836,16.546419,"Sierra Madre del Sur province","Stenocereus","No"
2901592573,"Stenocereus pruinosus","Oaxaca",-96.362308,16.574662,"Sierra Madre del Sur province","Stenocereus","No"
2901739572,"Stenocereus pruinosus","Oaxaca",-96.356845,16.578746,"Sierra Madre del Sur province","Stenocereus","No"
4424249512,"Stenocereus pruinosus","Oaxaca",-94.873753,16.5861,"Pacific Lowlands province","Stenocereus","No"
3308389031,"Stenocereus pruinosus","Oaxaca",-96.348889,16.608056,"Sierra Madre del Sur province","Stenocereus","No"
3307802842,"Stenocereus pruinosus","Oaxaca",-95.285278,16.661944,"Pacific Lowlands province","Stenocereus","No"
2634258516,"Stenocereus pruinosus","Oaxaca",-96.305765,16.670507,"Pacific Lowlands province","Stenocereus","No"
1805406050,"Stenocereus pruinosus","Oaxaca",-96.233247,16.682919,"Sierra Madre del Sur province","Stenocereus","No"
2984536532,"Stenocereus pruinosus","Oaxaca",-96.170303,16.686133,"Pacific Lowlands province","Stenocereus","No"
3306199690,"Stenocereus pruinosus","Oaxaca",-96.319167,16.715472,"Sierra Madre del Sur province","Stenocereus","No"
3308687526,"Stenocereus pruinosus","Oaxaca",-96.14517,16.72772,"Sierra Madre del Sur province","Stenocereus","No"
1805406026,"Stenocereus pruinosus","Oaxaca",-96.322556,16.727731,"Sierra Madre del Sur province","Stenocereus","No"
3308200297,"Stenocereus pruinosus","Oaxaca",-96.3504794,16.7740133,"Sierra Madre del Sur province","Stenocereus","No"
1894553232,"Stenocereus pruinosus","Oaxaca",-96.6669881,16.8513067,"Balsas Basin province","Stenocereus","No"
4137643017,"Stenocereus pruinosus","Oaxaca",-96.656675,16.853519,"Balsas Basin province","Stenocereus","No"
1990601026,"Stenocereus pruinosus","Oaxaca",-96.27737,16.863895,"Sierra Madre del Sur province","Stenocereus","No"
4011907214,"Stenocereus pruinosus","Oaxaca",-96.322376,16.93357,"Balsas Basin province","Stenocereus","No"
1837057313,"Stenocereus pruinosus","Oaxaca",-96.366934,16.940379,"Balsas Basin province","Stenocereus","No"
1837760027,"Stenocereus pruinosus","Oaxaca",-96.445651,16.945567,"Balsas Basin province","Stenocereus","No"
4424601566,"Stenocereus pruinosus","Oaxaca",-96.451944,16.956553,"Balsas Basin province","Stenocereus","No"
2579379549,"Stenocereus pruinosus","Oaxaca",-96.446549,16.957469,"Balsas Basin province","Stenocereus","No"
3455932460,"Stenocereus pruinosus","Oaxaca",-96.562147,16.972712,"Balsas Basin province","Stenocereus","No"
3307131444,"Stenocereus pruinosus","Oaxaca",-96.570148,16.995849,"Balsas Basin province","Stenocereus","No"
4424436717,"Stenocereus pruinosus","Oaxaca",-96.462307,16.997938,"Balsas Basin province","Stenocereus","No"
1920799264,"Stenocereus pruinosus","Oaxaca",-96.744791,17.143344,"Sierra Madre del Sur province","Stenocereus","No"
3307603014,"Stenocereus pruinosus","Oaxaca",-96.876611,17.276556,"Sierra Madre del Sur province","Stenocereus","No"
1805419232,"Stenocereus pruinosus","Oaxaca",-96.576027,17.394516,"Balsas Basin province","Stenocereus","No"
3881386343,"Stenocereus pruinosus","Oaxaca",-98.045832,17.547478,"Balsas Basin province","Stenocereus","No"
1897351653,"Stenocereus pruinosus","Oaxaca",-96.951111,17.714167,"Balsas Basin province","Stenocereus","No"
4413508808,"Stenocereus pruinosus","Oaxaca",-96.926619,17.721936,"Balsas Basin province","Stenocereus","No"
3772912369,"Stenocereus pruinosus","Oaxaca",-96.944504,17.790098,"Balsas Basin province","Stenocereus","No"
3912060394,"Stenocereus pruinosus","Oaxaca",-96.958656,17.793447,"Balsas Basin province","Stenocereus","No"
1640073186,"Stenocereus pruinosus","Oaxaca",-96.961211,17.817032,"Balsas Basin province","Stenocereus","No"
3912049456,"Stenocereus pruinosus","Oaxaca",-97.773496,17.817347,"Balsas Basin province","Stenocereus","No"
4424153360,"Stenocereus pruinosus","Oaxaca",-96.881486,17.843268,"Sierra Madre del Sur province","Stenocereus","No"
1893725659,"Stenocereus pruinosus","Oaxaca",-96.896722,17.848078,"Sierra Madre del Sur province","Stenocereus","No"
2596195061,"Stenocereus pruinosus","Oaxaca",-96.967386,17.897394,"Balsas Basin province","Stenocereus","No"
2851220339,"Stenocereus pruinosus","Oaxaca",-96.964687,17.900877,"Balsas Basin province","Stenocereus","No"
3308659601,"Stenocereus pruinosus","Oaxaca",-96.980056,17.902917,"Balsas Basin province","Stenocereus","No"
3923223725,"Stenocereus pruinosus","Oaxaca",-97.6769,17.92853,"Balsas Basin province","Stenocereus","No"
3902207398,"Stenocereus pruinosus","Oaxaca",-97.428436,17.929635,"Sierra Madre del Sur province","Stenocereus","No"
2851138399,"Stenocereus pruinosus","Oaxaca",-98.044444,17.953889,"Balsas Basin province","Stenocereus","No"
4522636931,"Stenocereus pruinosus","Oaxaca",-97.034614,17.983619,"Balsas Basin province","Stenocereus","No"
3858160413,"Stenocereus pruinosus","Oaxaca",-97.658882,18.015207,"Balsas Basin province","Stenocereus","No"
3986304636,"Stenocereus pruinosus","Oaxaca",-97.452538,18.045279,"Balsas Basin province","Stenocereus","No"
3308674770,"Stenocereus pruinosus","Oaxaca",-97.06761,18.06603,"Balsas Basin province","Stenocereus","No"
3308530286,"Stenocereus pruinosus","Oaxaca",-97.083,18.067,"Balsas Basin province","Stenocereus","No"
2634354482,"Stenocereus pruinosus","Oaxaca",-97.799721,18.076876,"Balsas Basin province","Stenocereus","No"
3308370378,"Stenocereus pruinosus","Oaxaca",-97.060194,18.149056,"Balsas Basin province","Stenocereus","No"
2634221377,"Stenocereus pruinosus","Oaxaca",-97.748316,18.162451,"Balsas Basin province","Stenocereus","No"
3118432447,"Stenocereus pruinosus","Oaxaca",-97.689753,18.216952,"Balsas Basin province","Stenocereus","No"
4516415818,"Stenocereus stellatus","Oaxaca",-96.678375,16.418037,"Balsas Basin province","Stenocereus","Mexico"
4138322271,"Stenocereus stellatus","Oaxaca",-96.673496,16.857611,"Balsas Basin province","Stenocereus","Mexico"
4522803703,"Stenocereus stellatus","Oaxaca",-96.277086,16.866178,"Sierra Madre del Sur province","Stenocereus","Mexico"
4516406301,"Stenocereus stellatus","Oaxaca",-96.277245,16.866787,"Sierra Madre del Sur province","Stenocereus","Mexico"
4522776769,"Stenocereus stellatus","Oaxaca",-96.260911,16.898561,"Pacific Lowlands province","Stenocereus","Mexico"
3307689822,"Stenocereus stellatus","Oaxaca",-96.353611,16.911944,"Balsas Basin province","Stenocereus","Mexico"
4458434129,"Stenocereus stellatus","Oaxaca",-96.766883,17.04479,"Balsas Basin province","Stenocereus","Mexico"
3308356030,"Stenocereus stellatus","Oaxaca",-96.725,17.108333,"Balsas Basin province","Stenocereus","Mexico"
1897606504,"Stenocereus stellatus","Oaxaca",-97.035267,17.35525,"Sierra Madre del Sur province","Stenocereus","Mexico"
3308412199,"Stenocereus stellatus","Oaxaca",-97.0423,17.4366,"Sierra Madre del Sur province","Stenocereus","Mexico"
2859949350,"Stenocereus stellatus","Oaxaca",-98.027017,17.508263,"Balsas Basin province","Stenocereus","Mexico"
1212004825,"Stenocereus stellatus","Oaxaca",-97.322216,17.552145,"Sierra Madre del Sur province","Stenocereus","Mexico"
3308668535,"Stenocereus stellatus","Oaxaca",-96.94286,17.70158,"Balsas Basin province","Stenocereus","Mexico"
1846505344,"Stenocereus stellatus","Oaxaca",-96.95396,17.768124,"Balsas Basin province","Stenocereus","Mexico"
4413871690,"Stenocereus stellatus","Oaxaca",-96.961242,17.823747,"Balsas Basin province","Stenocereus","Mexico"
3902197508,"Stenocereus stellatus","Oaxaca",-96.97825,17.829722,"Balsas Basin province","Stenocereus","Mexico"
4130142525,"Stenocereus stellatus","Oaxaca",-97.933166,17.899079,"Balsas Basin province","Stenocereus","Mexico"
3307678264,"Stenocereus stellatus","Oaxaca",-97.686111,17.901161,"Balsas Basin province","Stenocereus","Mexico"
3308368503,"Stenocereus stellatus","Oaxaca",-97.0841,17.9019,"Balsas Basin province","Stenocereus","Mexico"
3306202251,"Stenocereus stellatus","Oaxaca",-96.966389,17.905194,"Balsas Basin province","Stenocereus","Mexico"
2818739513,"Stenocereus stellatus","Oaxaca",-98.043016,17.947228,"Balsas Basin province","Stenocereus","Mexico"
1895767851,"Stenocereus stellatus","Oaxaca",-97.023333,17.950278,"Balsas Basin province","Stenocereus","Mexico"
4522702877,"Stenocereus stellatus","Oaxaca",-97.035178,17.983661,"Balsas Basin province","Stenocereus","Mexico"
3902112429,"Stenocereus stellatus","Oaxaca",-97.654195,18.012108,"Balsas Basin province","Stenocereus","Mexico"
3124896847,"Stenocereus stellatus","Oaxaca",-97.110981,18.045296,"Balsas Basin province","Stenocereus","Mexico"
1894568166,"Stenocereus stellatus","Oaxaca",-97.058,18.147583,"Balsas Basin province","Stenocereus","Mexico"
2006040320,"Stenocereus stellatus","Oaxaca",-97.758844,18.168685,"Balsas Basin province","Stenocereus","Mexico"
3118425476,"Stenocereus stellatus","Oaxaca",-97.689805,18.216722,"Balsas Basin province","Stenocereus","Mexico"
4430877117,"Stenocereus treleasei","Oaxaca",-96.630347,16.292121,"Sierra Madre del Sur province","Stenocereus","Oaxaca"
3963263477,"Stenocereus treleasei","Oaxaca",-96.643136,16.316115,"Sierra Madre del Sur province","Stenocereus","Oaxaca"
4416646327,"Stenocereus treleasei","Oaxaca",-96.670957,16.416016,"Balsas Basin province","Stenocereus","Oaxaca"
4507808325,"Stenocereus treleasei","Oaxaca",-96.684998,16.423056,"Balsas Basin province","Stenocereus","Oaxaca"
4516885205,"Stenocereus treleasei","Oaxaca",-96.548737,16.563931,"Balsas Basin province","Stenocereus","Oaxaca"
2901574603,"Stenocereus treleasei","Oaxaca",-96.348491,16.568947,"Pacific Lowlands province","Stenocereus","Oaxaca"
4519096975,"Stenocereus treleasei","Oaxaca",-96.58021,16.575498,"Balsas Basin province","Stenocereus","Oaxaca"
2901584611,"Stenocereus treleasei","Oaxaca",-96.365163,16.581955,"Sierra Madre del Sur province","Stenocereus","Oaxaca"
4420901625,"Stenocereus treleasei","Oaxaca",-96.700087,16.718331,"Balsas Basin province","Stenocereus","Oaxaca"
1894553388,"Stenocereus treleasei","Oaxaca",-96.6872662,16.7193681,"Balsas Basin province","Stenocereus","Oaxaca"
2984552799,"Stenocereus treleasei","Oaxaca",-96.627639,16.796134,"Balsas Basin province","Stenocereus","Oaxaca"
4510055308,"Stenocereus treleasei","Oaxaca",-96.277083,16.865317,"Sierra Madre del Sur province","Stenocereus","Oaxaca"
2557737504,"Stenocereus treleasei","Oaxaca",-96.275703,16.868664,"Sierra Madre del Sur province","Stenocereus","Oaxaca"
3455745357,"Stenocereus treleasei","Oaxaca",-96.85007,16.88046,"Sierra Madre del Sur province","Stenocereus","Oaxaca"
3308083839,"Stenocereus treleasei","Oaxaca",-96.79919,16.91125,"Balsas Basin province","Stenocereus","Oaxaca"
1895768100,"Stenocereus treleasei","Oaxaca",-96.3815946,16.921923,"Balsas Basin province","Stenocereus","Oaxaca"
3903396996,"Stenocereus treleasei","Oaxaca",-96.322857,16.931424,"Balsas Basin province","Stenocereus","Oaxaca"
3383964376,"Stenocereus treleasei","Oaxaca",-96.341354,16.939556,"Balsas Basin province","Stenocereus","Oaxaca"
2626378377,"Stenocereus treleasei","Oaxaca",-96.439801,16.955426,"Balsas Basin province","Stenocereus","Oaxaca"
4430901067,"Stenocereus treleasei","Oaxaca",-96.451872,16.9565,"Balsas Basin province","Stenocereus","Oaxaca"
2579266454,"Stenocereus treleasei","Oaxaca",-96.447778,16.958056,"Balsas Basin province","Stenocereus","Oaxaca"
3888887338,"Stenocereus treleasei","Oaxaca",-96.454442,16.958579,"Balsas Basin province","Stenocereus","Oaxaca"
3888773351,"Stenocereus treleasei","Oaxaca",-96.569346,16.99626,"Balsas Basin province","Stenocereus","Oaxaca"
3306200749,"Stenocereus treleasei","Oaxaca",-96.441389,16.996389,"Balsas Basin province","Stenocereus","Oaxaca"
1227740758,"Stenocereus treleasei","Oaxaca",-96.742172,17.008202,"Balsas Basin province","Stenocereus","Oaxaca"
3391640572,"Stenocereus treleasei","Oaxaca",-96.767883,17.038703,"Balsas Basin province","Stenocereus","Oaxaca"
3344040533,"Stenocereus treleasei","Oaxaca",-96.516303,17.041478,"Balsas Basin province","Stenocereus","Oaxaca"
4416724658,"Stenocereus treleasei","Oaxaca",-96.734727,17.077957,"Balsas Basin province","Stenocereus","Oaxaca"
2873804981,"Stenocereus treleasei","Oaxaca",-96.898571,17.160447,"Balsas Basin province","Stenocereus","Oaxaca"
2626371385,"Stenocereus treleasei","Oaxaca",-96.841287,17.161976,"Balsas Basin province","Stenocereus","Oaxaca"
1453252623,"Stenocereus treleasei","Oaxaca",-96.802786,17.168217,"Balsas Basin province","Stenocereus","Oaxaca"
1896094351,"Stenocereus treleasei","Oaxaca",-96.801139,17.197778,"Balsas Basin province","Stenocereus","Oaxaca"
3888886344,"Stenocereus treleasei","Oaxaca",-96.820622,17.223737,"Balsas Basin province","Stenocereus","Oaxaca"
4430937659,"Stenocereus treleasei","Oaxaca",-96.822657,17.256063,"Sierra Madre del Sur province","Stenocereus","Oaxaca"
3308686390,"Stenocereus treleasei","Oaxaca",-97.02092,17.41931,"Sierra Madre del Sur province","Stenocereus","Oaxaca"
1981508088,"Stenocereus treleasei","Oaxaca",-96.771146,18.161572,"Sierra Madre del Sur province","Stenocereus","Oaxaca"
3308190871,"Isolatocereus dumortieri","Oaxaca",-95.90579,16.50045,"Pacific Lowlands province","Isolatocereus","Mexico"
3307649436,"Isolatocereus dumortieri","Oaxaca",-96.171944,16.684444,"Pacific Lowlands province","Isolatocereus","Mexico"
1895768490,"Isolatocereus dumortieri","Oaxaca",-95.983333,16.633333,"Pacific Lowlands province","Isolatocereus","Mexico"
5936031191,"Selenicereus purpusii","Oaxaca",-96.1292,15.910925,"Pacific Lowlands province","Selenicereus","Mexico"
6499261017,"Cephalocereus nudus","Oaxaca",-96.160469,15.7269,"Pacific Lowlands province","Cephalocereus","Mexico"
6320839085,"Cephalocereus nudus","Oaxaca",-96.145633,15.738259,"Pacific Lowlands province","Cephalocereus","Mexico"
6130267175,"Cephalocereus nudus","Oaxaca",-95.595078,15.978082,"Pacific Lowlands province","Cephalocereus","Mexico"
5890315470,"Cephalocereus nudus","Oaxaca",-95.884552,15.849292,"Pacific Lowlands province","Cephalocereus","Mexico"
5231650556,"Cephalocereus nudus","Oaxaca",-96.274501,16.868775,"Pacific Lowlands province","Cephalocereus","Mexico"
5087192185,"Cephalocereus nudus","Oaxaca",-96.276886,16.513168,"Pacific Lowlands province","Cephalocereus","Mexico"
4901321930,"Cephalocereus nudus","Oaxaca",-96.138847,16.668475,"Pacific Lowlands province","Cephalocereus","Mexico"
4607386473,"Cephalocereus nudus","Oaxaca",-95.581008,15.964762,"Pacific Lowlands province","Cephalocereus","Mexico"
4512196190,"Cephalocereus nudus","Oaxaca",-96.15779,15.730642,"Pacific Lowlands province","Cephalocereus","Mexico"
4453798318,"Cephalocereus nudus","Oaxaca",-96.057823,15.79635,"Pacific Lowlands province","Cephalocereus","Mexico"
4453723645,"Cephalocereus nudus","Oaxaca",-96.20134,15.75851,"Pacific Lowlands province","Cephalocereus","Mexico"
4153594656,"Cephalocereus nudus","Oaxaca",-96.159576,15.734646,"Pacific Lowlands province","Cephalocereus","Mexico"
3398681561,"Cephalocereus nudus","Oaxaca",-96.001137,15.87185,"Pacific Lowlands province","Cephalocereus","Mexico"
3308741337,"Cephalocereus nudus","Oaxaca",-96.16519,15.72317,"Pacific Lowlands province","Cephalocereus","Mexico"
3308718310,"Cephalocereus nudus","Oaxaca",-96.14167,15.75167,"Pacific Lowlands province","Cephalocereus","Mexico"
3308689676,"Cephalocereus nudus","Oaxaca",-95.61314,15.98033,"Pacific Lowlands province","Cephalocereus","Mexico"
3308177749,"Cephalocereus nudus","Oaxaca",-95.348522,16.382905,"Pacific Lowlands province","Cephalocereus","Mexico"
3308154128,"Cephalocereus nudus","Oaxaca",-95.2268,16.42244,"Pacific Lowlands province","Cephalocereus","Mexico"
3308125845,"Cephalocereus nudus","Oaxaca",-95.3135,16.38208,"Pacific Lowlands province","Cephalocereus","Mexico"
3308124227,"Cephalocereus nudus","Oaxaca",-95.8727,16.43394,"Pacific Lowlands province","Cephalocereus","Mexico"
3070284166,"Cephalocereus nudus","Oaxaca",-96.015774,16.554626,"Pacific Lowlands province","Cephalocereus","Mexico"
2901521573,"Cephalocereus nudus","Oaxaca",-96.330487,16.587508,"Pacific Lowlands province","Cephalocereus","Mexico"
2898414063,"Cephalocereus nudus","Oaxaca",-96.338171,16.575386,"Pacific Lowlands province","Cephalocereus","Mexico"
2814189474,"Cephalocereus nudus","Oaxaca",-96.074425,15.811898,"Pacific Lowlands province","Cephalocereus","Mexico"
2813942357,"Cephalocereus nudus","Oaxaca",-96.167435,15.722217,"Pacific Lowlands province","Cephalocereus","Mexico"
2634615390,"Cephalocereus nudus","Oaxaca",-96.132241,15.776324,"Pacific Lowlands province","Cephalocereus","Mexico"
2619957562,"Cephalocereus nudus","Oaxaca",-96.130919,15.759169,"Pacific Lowlands province","Cephalocereus","Mexico"
1895767629,"Cephalocereus nudus","Oaxaca",-95.341667,16.391667,"Pacific Lowlands province","Cephalocereus","Mexico"
2236837915,"Cephalocereus nudus","Oaxaca",-96.1298819999999,15.7377439999999,"Pacific Lowlands province","Cephalocereus","Mexico"
3058702732,"Cephalocereus nudus","Oaxaca",-96.1256329999999,15.7533259999999,"Pacific Lowlands province","Cephalocereus","Mexico"
4607427939,"Isolatocereus dumortieri","Oaxaca",-97.200951,17.641263,"Sierra Madre del Sur province","Isolatocereus","Mexico"
4607030003,"Isolatocereus dumortieri","Oaxaca",-97.14561,17.64466,"Sierra Madre del Sur province","Isolatocereus","Mexico"
3859675795,"Isolatocereus dumortieri","Oaxaca",-97.350107,17.655951,"Sierra Madre del Sur province","Isolatocereus","Mexico"
3859600774,"Isolatocereus dumortieri","Oaxaca",-97.361427,17.939473,"Sierra Madre del Sur province","Isolatocereus","Mexico"
3344079036,"Isolatocereus dumortieri","Oaxaca",-97.34269,17.889382,"Sierra Madre del Sur province","Isolatocereus","Mexico"
3308470652,"Isolatocereus dumortieri","Oaxaca",-97.67086,17.724,"Sierra Madre del Sur province","Isolatocereus","Mexico"
3308190670,"Isolatocereus dumortieri","Oaxaca",-97.371917,17.546953,"Sierra Madre del Sur province","Isolatocereus","Mexico"
3308175374,"Isolatocereus dumortieri","Oaxaca",-97.582361,17.680278,"Sierra Madre del Sur province","Isolatocereus","Mexico"
3308052644,"Isolatocereus dumortieri","Oaxaca",-97.59292,17.71292,"Sierra Madre del Sur province","Isolatocereus","Mexico"
3307687862,"Isolatocereus dumortieri","Oaxaca",-96.9295,17.283778,"Sierra Madre del Sur province","Isolatocereus","Mexico"
1896092851,"Isolatocereus dumortieri","Oaxaca",-97.640167,17.700472,"Sierra Madre del Sur province","Isolatocereus","Mexico"
1895768667,"Isolatocereus dumortieri","Oaxaca",-96.075,17.058333,"Sierra Madre del Sur province","Isolatocereus","Mexico"
1894563004,"Isolatocereus dumortieri","Oaxaca",-96.905639,17.722639,"Sierra Madre del Sur province","Isolatocereus","Mexico"
1893437991,"Isolatocereus dumortieri","Oaxaca",-97.575,17.675,"Sierra Madre del Sur province","Isolatocereus","Mexico"
5935803208,"Selenicereus purpusii","Oaxaca",-96.644051,16.303058,"Sierra Madre del Sur province","Selenicereus","Mexico"
5935273557,"Selenicereus purpusii","Oaxaca",-96.343004,15.878373,"Sierra Madre del Sur province","Selenicereus","Mexico"
3308721272,"Selenicereus purpusii","Oaxaca",-96.10567,15.98969,"Sierra Madre del Sur province","Selenicereus","Mexico"
3308712574,"Selenicereus purpusii","Oaxaca",-96.901806,17.919861,"Sierra Madre del Sur province","Selenicereus","Mexico"
3308690286,"Selenicereus purpusii","Oaxaca",-96.91967,17.92641,"Sierra Madre del Sur province","Selenicereus","Mexico"
3308661771,"Selenicereus purpusii","Oaxaca",-96.953889,17.911139,"Sierra Madre del Sur province","Selenicereus","Mexico"
3308100250,"Selenicereus purpusii","Oaxaca",-96.919306,17.91525,"Sierra Madre del Sur province","Selenicereus","Mexico"
3308099815,"Selenicereus purpusii","Oaxaca",-97.01892,17.51633,"Sierra Madre del Sur province","Selenicereus","Mexico"
3308080711,"Selenicereus purpusii","Oaxaca",-96.94056,17.92583,"Sierra Madre del Sur province","Selenicereus","Mexico"
5909001346,"Cephalocereus nudus","Oaxaca",-96.275585,16.867252,"Sierra Madre del Sur province","Cephalocereus","Mexico"
5844223820,"Cephalocereus nudus","Oaxaca",-96.276838,16.863108,"Sierra Madre del Sur province","Cephalocereus","Mexico"
3915471305,"Cephalocereus nudus","Oaxaca",-96.252182,16.672298,"Sierra Madre del Sur province","Cephalocereus","Mexico"
3465967925,"Cephalocereus nudus","Oaxaca",-96.253774,16.666248,"Sierra Madre del Sur province","Cephalocereus","Mexico"
2397492695,"Cephalocereus nudus","Oaxaca",-96.285723,16.675827,"Sierra Madre del Sur province","Cephalocereus","Mexico"
6131348407,"Isolatocereus dumortieri","Oaxaca",-97.019756,17.869281,"Balsas Basin province","Isolatocereus","Mexico"
3308658201,"Isolatocereus dumortieri","Oaxaca",-97.06133,17.47861,"Balsas Basin province","Isolatocereus","Mexico"
3308569392,"Isolatocereus dumortieri","Oaxaca",-96.94806,17.69694,"Balsas Basin province","Isolatocereus","Mexico"
3308510273,"Isolatocereus dumortieri","Oaxaca",-97.021861,17.523917,"Balsas Basin province","Isolatocereus","Mexico"
3308076984,"Isolatocereus dumortieri","Oaxaca",-97.053194,17.496111,"Balsas Basin province","Isolatocereus","Mexico"
3307792643,"Isolatocereus dumortieri","Oaxaca",-97.0602,18.1491,"Balsas Basin province","Isolatocereus","Mexico"
3306205013,"Isolatocereus dumortieri","Oaxaca",-97.057722,18.151806,"Balsas Basin province","Isolatocereus","Mexico"
2803094870,"Isolatocereus dumortieri","Oaxaca",-98.045098,17.63791,"Balsas Basin province","Isolatocereus","Mexico"
2629787718,"Isolatocereus dumortieri","Oaxaca",-97.990959,17.642262,"Balsas Basin province","Isolatocereus","Mexico"
2596422210,"Isolatocereus dumortieri","Oaxaca",-97.093894,17.779625,"Balsas Basin province","Isolatocereus","Mexico"
1894567367,"Isolatocereus dumortieri","Oaxaca",-96.974306,17.956778,"Balsas Basin province","Isolatocereus","Mexico"
1894567355,"Isolatocereus dumortieri","Oaxaca",-96.982722,17.9535,"Balsas Basin province","Isolatocereus","Mexico"
1894563022,"Isolatocereus dumortieri","Oaxaca",-96.934556,17.686278,"Balsas Basin province","Isolatocereus","Mexico"
1894553341,"Isolatocereus dumortieri","Oaxaca",-96.96584,17.903891,"Balsas Basin province","Isolatocereus","Mexico"
1839274755,"Isolatocereus dumortieri","Oaxaca",-97.72525,18.222455,"Balsas Basin province","Isolatocereus","Mexico"
1668840249,"Isolatocereus dumortieri","Oaxaca",-97.68734,17.776478,"Balsas Basin province","Isolatocereus","Mexico"
1453361672,"Isolatocereus dumortieri","Oaxaca",-97.425127,18.067992,"Balsas Basin province","Isolatocereus","Mexico"
1249289502,"Isolatocereus dumortieri","Oaxaca",-97.033616,18.079172,"Balsas Basin province","Isolatocereus","Mexico"
3308652263,"Selenicereus purpusii","Oaxaca",-97.053194,17.496111,"Balsas Basin province","Selenicereus","Mexico"
3308590241,"Selenicereus purpusii","Oaxaca",-96.9215,17.71822,"Balsas Basin province","Selenicereus","Mexico"
3308490444,"Selenicereus purpusii","Oaxaca",-96.960417,17.932417,"Balsas Basin province","Selenicereus","Mexico"
3308107438,"Selenicereus purpusii","Oaxaca",-97.0302,17.5098,"Balsas Basin province","Selenicereus","Mexico"
3308054448,"Selenicereus purpusii","Oaxaca",-96.9539,17.92539,"Balsas Basin province","Selenicereus","Mexico"
3759408334,"Cephalocereus nudus","Oaxaca",-96.639499,17.016357,"Balsas Basin province","Cephalocereus","Mexico"
