"Species","lon","lat","Province","Genus","Endemismo","bio_07","bio_10","bio_14","bio_18","tpi","roughness"
"Aporocactus flagelliformis",-97.066667,18.116667,"Balsas Basin province","Aporocactus","Mexico",26.6000003814697,27.2333335876465,13,241,3.11565399169922,22.651611328125
"Cephalocereus parvispinus",-97.416667,17.183333,"Sierra Madre del Sur province","Cephalocereus","Mexico",21.1000003814697,21.5499992370605,5,305,1.45974731445312,5.2266845703125
"Coryphantha pycnacantha",-97.225,17.475,"Sierra Madre del Sur province","Coryphantha","Mexico",21.9000015258789,18.783332824707,2,221,-0.83905029296875,1.9658203125
"Coryphantha pycnacantha",-97.218583,17.485361,"Sierra Madre del Sur province","Coryphantha","Mexico",21.6999988555908,18.4333324432373,2,215,-1.35321044921875,9.5166015625
"Cylindropuntia leptocaulis",-97.004167,17.723056,"Balsas Basin province","Cylindropuntia","No",24.0000019073486,27.3166675567627,12,254,-1.35565185546875,6.566162109375
"Cylindropuntia leptocaulis",-96.998889,17.893333,"Balsas Basin province","Cylindropuntia","No",23.9000015258789,28.9333343505859,5,157,-2.12841796875,50.0645141601562
"Disocactus macranthus",-94.267,16.667,"Chiapas Highlands province","Disocactus","Mexico",15.0000009536743,21.7999992370605,8,380,-2.53848266601562,73.0235595703125
"Disocactus macranthus",-94.233,16.683,"Chiapas Highlands province","Disocactus","Mexico",14.7000007629395,19.8999996185303,20,430,-2.8680419921875,47.0169677734375
"Disocactus macranthus",-94.133,16.717,"Chiapas Highlands province","Disocactus","Mexico",16.2999992370605,23.6666660308838,18,215,3.26607513427734,20.401123046875
"Disocactus macranthus",-94.19167,16.725,"Veracruzan province","Disocactus","Mexico",15.3999996185303,20.6666660308838,21,418,-3.06588745117188,15.233642578125
"Disocactus macranthus",-94.183,16.733,"Veracruzan province","Disocactus","Mexico",16,21.966667175293,20,247,-1.32818603515625,63.9593505859375
"Disocactus macranthus",-94.196111,16.736556,"Veracruzan province","Disocactus","Mexico",15.4000005722046,21.0499992370605,21,406,4.38194274902344,11.7080078125
"Disocactus macranthus",-96.865833,17.731417,"Sierra Madre del Sur province","Disocactus","Mexico",19.3999996185303,20.3666667938232,13,306,-1.40335083007812,37.205322265625
"Echinocereus pulchellus",-97.492222,17.831389,"Sierra Madre del Sur province","Echinocereus","Mexico",21.5,17.3333339691162,7,239,0.825347900390625,6.56884765625
"Echinocereus pulchellus",-97.496139,17.839173,"Sierra Madre del Sur province","Echinocereus","Mexico",21.6000003814697,17.716667175293,7,237,-1.17037963867188,18.394775390625
"Echinocereus pulchellus",-97.453042,17.911913,"Sierra Madre del Sur province","Echinocereus","Mexico",21.5999984741211,17.8500003814697,6,232,1.24349975585938,7.773193359375
"Echinocereus pulchellus",-97.452679,17.914063,"Sierra Madre del Sur province","Echinocereus","Mexico",21.5999984741211,17.8500003814697,6,232,0.680389404296875,12.693603515625
"Epiphyllum anguliger",-96.12369,15.98903,"Sierra Madre del Sur province","Epiphyllum","Mexico",13.1000003814697,22.966667175293,8,476,-3.58462524414062,19.710205078125
"Epiphyllum anguliger",-96.11888,16.00333,"Sierra Madre del Sur province","Epiphyllum","Mexico",12.8000001907349,22.3833332061768,9,460,-0.677261352539062,35.8135986328125
"Epiphyllum anguliger",-96.10983,16.00336,"Sierra Madre del Sur province","Epiphyllum","Mexico",13.1999998092651,22.8166656494141,8,457,0.96978759765625,7.569091796875
"Epiphyllum anguliger",-96.11014,16.01089,"Sierra Madre del Sur province","Epiphyllum","Mexico",12.7000007629395,22.1000003814697,9,435,1.22230529785156,38.684814453125
"Epiphyllum anguliger",-96.983,16.183,"Sierra Madre del Sur province","Epiphyllum","Mexico",14.9000005722046,21.283332824707,7,456,-1.40768432617188,34.092041015625
"Epiphyllum anguliger",-97.075583,16.388083,"Sierra Madre del Sur province","Epiphyllum","Mexico",19.2999992370605,23.8666667938232,4,475,0.481163024902344,28.596435546875
"Epiphyllum anguliger",-97.831118,17.070586,"Sierra Madre del Sur province","Epiphyllum","Mexico",19.5999984741211,22.216667175293,10,448,3.76811218261719,21.946533203125
"Epiphyllum anguliger",-97.836123,17.072445,"Sierra Madre del Sur province","Epiphyllum","Mexico",20.1000003814697,23.2666664123535,9,508,0.09014892578125,45.5130615234375
"Epiphyllum anguliger",-96.8102,17.1727,"Balsas Basin province","Epiphyllum","Mexico",23.5,23.6166667938232,3,249,0.644668579101562,3.741455078125
"Epiphyllum crenatum",-95.583,16.267,"Pacific Lowlands province","Epiphyllum","Mexico",15,23.6333332061768,1,275,0.877426147460938,60.66015625
"Epiphyllum crenatum",-95.9164,16.2711,"Sierra Madre del Sur province","Epiphyllum","Mexico",15.8999996185303,23.2999992370605,4,282,5.6239013671875,32.963623046875
"Epiphyllum oxypetalum",-96.616069,16.77877,"Balsas Basin province","Epiphyllum","No",21.9000015258789,22.716667175293,2,275,0.554946899414062,6.701904296875
"Epiphyllum oxypetalum",-96.616886,16.779496,"Balsas Basin province","Epiphyllum","No",22.0999984741211,22.8166656494141,2,275,-0.296096801757812,3.84033203125
"Epiphyllum oxypetalum",-94.352222,17.160556,"Veracruzan province","Epiphyllum","No",16.0999984741211,26.8833332061768,65,890,-0.888019561767578,19.8014221191406
"Epiphyllum oxypetalum",-96.428401,17.644974,"Sierra Madre del Sur province","Epiphyllum","No",19.2000007629395,24.783332824707,57,555,0.286079406738281,41.8418579101562
"Epiphyllum oxypetalum",-96.314714,17.719578,"Veracruzan province","Epiphyllum","No",18.6000003814697,25.6333332061768,64,647,3.40659332275391,45.5130615234375
"Epiphyllum oxypetalum",-96.599472,17.955417,"Veracruzan province","Epiphyllum","No",20.2000007629395,24.5,90,782,0.0144805908203125,23.2476806640625
"Epiphyllum oxypetalum",-96.642167,18.048667,"Veracruzan province","Epiphyllum","No",20.2000007629395,25.9166660308838,80,791,-0.469738006591797,21.2173767089844
"Epiphyllum oxypetalum",-96.604244,18.11442,"Veracruzan province","Epiphyllum","No",20.3000011444092,24.033332824707,109,928,-5.27926635742188,39.1566162109375
"Epiphyllum phyllanthus",-96.1005,15.97083,"Pacific Lowlands province","Epiphyllum","No",12.5,23.1666660308838,9,482,0.234588623046875,27.2626953125
"Epiphyllum phyllanthus",-94.979417,16.741777,"Pacific Lowlands province","Epiphyllum","No",16.5999984741211,27.5166664123535,16,285,-1.4766960144043,10.2344360351562
"Epiphyllum phyllanthus",-94.97942,16.74178,"Pacific Lowlands province","Epiphyllum","No",16.5999984741211,27.5166664123535,16,285,-1.4766960144043,10.2344360351562
"Epiphyllum phyllanthus",-94.976667,16.743861,"Pacific Lowlands province","Epiphyllum","No",16.5999984741211,27.5166664123535,16,285,8.47012329101562,30.8887634277344
"Epiphyllum phyllanthus",-96.27944,17.52306,"Sierra Madre del Sur province","Epiphyllum","No",19.1999988555908,26.2666664123535,42,569,4.04632949829102,61.0021362304688
"Epiphyllum phyllanthus",-96.279481,17.523775,"Sierra Madre del Sur province","Epiphyllum","No",19.1999988555908,26.2666664123535,42,569,5.54724884033203,18.0904541015625
"Epiphyllum phyllanthus",-96.29028,17.52806,"Veracruzan province","Epiphyllum","No",19.0000019073486,25.466667175293,45,525,1.84976196289062,31.8135986328125
"Epiphyllum phyllanthus",-96.2903153,17.5287747,"Veracruzan province","Epiphyllum","No",19.0000019073486,25.466667175293,45,525,0.2724609375,52.08984375
"Epiphyllum pumilum",-94.763333,16.846667,"Veracruzan province","Epiphyllum","No",15.5,26.9500007629395,36,616,-0.613367080688477,3.50819396972656
"Epiphyllum pumilum",-94.733,16.867,"Veracruzan province","Epiphyllum","No",15.5,26.7333335876465,39,635,-0.211299896240234,25.4478149414062
"Epiphyllum pumilum",-95.8182349,17.1246597,"Sierra Madre del Sur province","Epiphyllum","No",16.8999996185303,23.3833332061768,52,600,0.977935791015625,7.8197021484375
"Lemaireocereus hollianus",-97.00986,17.83475,"Balsas Basin province","Lemaireocereus","Mexico",23.8999977111816,28.6999988555908,3,144,-1.66561126708984,7.81097412109375
"Lemaireocereus hollianus",-97.045326,17.862324,"Balsas Basin province","Lemaireocereus","Mexico",24.5000019073486,28.0166664123535,9,203,1.53209686279297,26.8644409179688
"Lemaireocereus hollianus",-97.042603,17.862328,"Balsas Basin province","Lemaireocereus","Mexico",24.5000019073486,28.0166664123535,9,203,-3.96053314208984,21.5745239257812
"Lemaireocereus hollianus",-97.037254,17.864012,"Balsas Basin province","Lemaireocereus","Mexico",24.1999988555908,28.3999996185303,6,182,2.96782684326172,42.5413208007812
"Lemaireocereus hollianus",-97.037972,17.864057,"Balsas Basin province","Lemaireocereus","Mexico",24.1999988555908,28.3999996185303,6,182,1.20611572265625,35.796630859375
"Lemaireocereus hollianus",-97.037109,17.86408,"Balsas Basin province","Lemaireocereus","Mexico",24.1999988555908,28.3999996185303,6,182,2.66928100585938,31.9014282226562
"Lemaireocereus hollianus",-97.017814,17.8745,"Balsas Basin province","Lemaireocereus","Mexico",24,28.75,4,152,-6.08061218261719,31.9945678710938
"Lemaireocereus hollianus",-96.972648,17.896423,"Balsas Basin province","Lemaireocereus","Mexico",23.7999992370605,28.1666660308838,7,194,-0.644126892089844,6.13739013671875
"Lemaireocereus hollianus",-97.06211,18.09275,"Balsas Basin province","Lemaireocereus","Mexico",26.2999992370605,27.1333332061768,13,248,2.99935913085938,25.03955078125
"Mammillaria beneckei",-95.313261,16.380804,"Pacific Lowlands province","Mammillaria","Mexico",16.5,28.6166667938232,1,219,1.14325332641602,7.83743286132812
"Mammillaria beneckei",-95.31333,16.38111,"Pacific Lowlands province","Mammillaria","Mexico",16.5,28.6166667938232,1,219,-1.87920761108398,16.555908203125
"Mammillaria beneckei",-95.3074,16.38211,"Pacific Lowlands province","Mammillaria","Mexico",16.7000007629395,29.0666675567627,1,248,4.47038459777832,39.0383148193359
"Mammillaria beneckei",-95.3225,16.385833,"Pacific Lowlands province","Mammillaria","Mexico",16.3000011444092,28.033332824707,0,196,-1.56171417236328,18.3949890136719
"Mammillaria beneckei",-95.367,16.417,"Pacific Lowlands province","Mammillaria","Mexico",16.1999988555908,27.8999996185303,0,183,2.51919174194336,40.205322265625
"Mammillaria discolor",-97.54361,17.49388,"Sierra Madre del Sur province","Mammillaria","Mexico",21.8999996185303,17.7000007629395,4,260,-1.87710571289062,30.54638671875
"Mammillaria discolor",-97.07086,17.70155,"Sierra Madre del Sur province","Mammillaria","Mexico",23.6000022888184,24.0666675567627,14,262,-0.563156127929688,49.2042236328125
"Mammillaria discolor",-96.865472,17.718667,"Sierra Madre del Sur province","Mammillaria","Mexico",19.5,20.4833335876465,13,299,1.43487548828125,26.8858642578125
"Mammillaria discolor",-97.376972,17.724028,"Sierra Madre del Sur province","Mammillaria","Mexico",22.6999988555908,19.1666660308838,5,215,-0.965423583984375,4.697021484375
"Mammillaria discolor",-97.367891,17.835694,"Sierra Madre del Sur province","Mammillaria","Mexico",23.4000015258789,19.0833339691162,4,200,-0.830169677734375,6.698486328125
"Mammillaria discolor",-97.496141,17.839275,"Sierra Madre del Sur province","Mammillaria","Mexico",21.6000003814697,17.716667175293,7,237,-1.17037963867188,18.394775390625
"Mammillaria discolor",-97.48805,17.84944,"Sierra Madre del Sur province","Mammillaria","Mexico",21.7000007629395,17.6499996185303,6,236,0.72528076171875,17.917724609375
"Mammillaria duoformis",-97.645405,17.610519,"Sierra Madre del Sur province","Mammillaria","Mexico",23,21.75,5,233,1.51206970214844,22.300048828125
"Mammillaria duoformis",-97.78333,17.76666,"Balsas Basin province","Mammillaria","Mexico",23.7999992370605,23.6833343505859,4,232,0.0371856689453125,3.197998046875
"Mammillaria duoformis",-97.79181,17.77411,"Balsas Basin province","Mammillaria","Mexico",23.6000022888184,23.5500011444092,5,231,-1.04231262207031,29.6053466796875
"Mammillaria duoformis",-97.796555,17.822166,"Balsas Basin province","Mammillaria","Mexico",23.5,23.3333339691162,5,223,-0.412353515625,7.2833251953125
"Mammillaria duoformis",-97.793222,17.847083,"Balsas Basin province","Mammillaria","Mexico",23.1000003814697,22.8500003814697,5,228,0.263168334960938,16.152099609375
"Mammillaria duoformis",-97.732743,18.050146,"Balsas Basin province","Mammillaria","Mexico",20.5999984741211,21.3999996185303,5,229,0.239944458007812,35.75634765625
"Mammillaria duoformis",-97.756555,18.109096,"Balsas Basin province","Mammillaria","Mexico",20.5999984741211,22.6666660308838,5,202,0.612640380859375,3.247314453125
"Mammillaria duoformis",-97.768242,18.169516,"Balsas Basin province","Mammillaria","Mexico",21.3999996185303,24,5,147,5.494384765625,12.5540771484375
"Mammillaria duoformis",-97.708997,18.261224,"Balsas Basin province","Mammillaria","Mexico",20.5999984741211,22.3166656494141,3,204,0.432662963867188,45.7490234375
"Mammillaria oteroi",-97.4465,17.67836,"Sierra Madre del Sur province","Mammillaria","Oaxaca",22.0999984741211,18.2999992370605,5,230,4.73068237304688,33.498291015625
"Mammillaria oteroi",-97.4062,17.8764,"Sierra Madre del Sur province","Mammillaria","Oaxaca",23.6999988555908,19.1499996185303,4,208,0.63421630859375,6.58984375
"Mammillaria tepexicensis",-97.584722,17.684444,"Sierra Madre del Sur province","Mammillaria","Oaxaca",23.5,20.7000007629395,4,229,-0.219650268554688,5.8333740234375
"Mammillaria tepexicensis",-97.5333,17.7833,"Sierra Madre del Sur province","Mammillaria","Oaxaca",22.2000007629395,18.5499992370605,3,240,-1.10052490234375,12.15966796875
"Mammillaria tonalensis",-98.167378,17.594105,"Balsas Basin province","Mammillaria","Oaxaca",21.6000022888184,23.4333343505859,5,280,1.65316772460938,9.6873779296875
"Mammillaria tonalensis",-97.81518,17.626725,"Balsas Basin province","Mammillaria","Oaxaca",23.6000003814697,23.2999992370605,4,239,0.245330810546875,6.9791259765625
"Mammillaria tonalensis",-97.961289,17.645167,"Sierra Madre del Sur province","Mammillaria","Oaxaca",22.3000011444092,23.1833343505859,4,241,-4.35401916503906,38.0299072265625
"Mammillaria tonalensis",-97.835656,17.68679,"Balsas Basin province","Mammillaria","Oaxaca",23.6000022888184,24,3,238,0.0206298828125,3.94140625
"Mammillaria tonalensis",-97.867149,17.723665,"Balsas Basin province","Mammillaria","Oaxaca",23.2999992370605,23.466667175293,4,239,-0.303375244140625,12.34130859375
"Mammillaria tonalensis",-97.925865,17.793682,"Balsas Basin province","Mammillaria","Oaxaca",21.7000007629395,22.2000007629395,7,257,1.5462646484375,58.9510498046875
"Mammillaria uncinata",-97.455361,17.854667,"Sierra Madre del Sur province","Mammillaria","Mexico",22.2000007629395,17.8333339691162,5,231,-2.45870971679688,22.165771484375
"Mammillaria uncinata",-97.303542,17.870352,"Sierra Madre del Sur province","Mammillaria","Mexico",21.7000007629395,17.9333343505859,5,200,-4.01910400390625,35.3681640625
"Mammillaria uncinata",-97.343,17.87375,"Sierra Madre del Sur province","Mammillaria","Mexico",23.5,19.533332824707,5,186,0.111419677734375,3.4541015625
"Mammillaria uncinata",-97.41331,17.882797,"Sierra Madre del Sur province","Mammillaria","Mexico",23.6000003814697,19.1000003814697,4,210,0.334930419921875,2.210693359375
"Mammillaria uncinata",-97.412086,17.952807,"Sierra Madre del Sur province","Mammillaria","Mexico",22.3999996185303,18.6499996185303,6,227,0.295928955078125,2.7626953125
"Mammillaria uncinata",-97.325504,17.980758,"Sierra Madre del Sur province","Mammillaria","Mexico",20.5999984741211,16.8166656494141,5,219,0.92388916015625,20.7294921875
"Mitrocereus militaris",-96.375,16.875,"Balsas Basin province","Mitrocereus","Mexico",20.1999988555908,21.4333324432373,2,260,-1.44952392578125,21.072998046875
"Mitrocereus militaris",-96.394722,16.896389,"Balsas Basin province","Mitrocereus","Mexico",21.1999988555908,22.033332824707,2,270,0.256546020507812,9.8162841796875
"Neobuxbaumia laui",-97.75011,16.98436,"Sierra Madre del Sur province","Neobuxbaumia","Oaxaca",19.6999988555908,22.0499992370605,12,490,0.313980102539062,35.7479248046875
"Neobuxbaumia laui",-97.752222,16.985556,"Sierra Madre del Sur province","Neobuxbaumia","Oaxaca",19.6999988555908,22.0499992370605,12,490,2.10733032226562,44.51513671875
"Neobuxbaumia laui",-97.75222,16.98556,"Sierra Madre del Sur province","Neobuxbaumia","Oaxaca",19.6999988555908,22.0499992370605,12,490,2.10733032226562,44.51513671875
"Neobuxbaumia mezcalaensis",-96.276495,16.864644,"Sierra Madre del Sur province","Neobuxbaumia","Mexico",19.7000007629395,22.1000003814697,3,276,-0.996734619140625,38.8455810546875
"Neobuxbaumia mezcalaensis",-97.234444,17.248055,"Sierra Madre del Sur province","Neobuxbaumia","Mexico",20.7999992370605,19.9833335876465,5,261,0.097381591796875,5.037841796875
"Neobuxbaumia mezcalaensis",-98.047288,17.634897,"Balsas Basin province","Neobuxbaumia","Mexico",22.3999977111816,24.8333339691162,4,260,0.180862426757812,43.3848876953125
"Neobuxbaumia mezcalaensis",-97.932819,17.697911,"Balsas Basin province","Neobuxbaumia","Mexico",22.5999984741211,23.7000007629395,4,243,-6.22744750976562,17.0887451171875
"Neobuxbaumia mezcalaensis",-97.903496,17.708823,"Balsas Basin province","Neobuxbaumia","Mexico",22.0999984741211,22.6000003814697,5,247,-1.90626525878906,31.790771484375
"Neobuxbaumia mezcalaensis",-97.814381,17.724243,"Balsas Basin province","Neobuxbaumia","Mexico",23.1000003814697,23.5500011444092,4,244,1.85659790039062,6.6981201171875
"Neobuxbaumia mezcalaensis",-97.683144,18.119458,"Balsas Basin province","Neobuxbaumia","Mexico",20.8999996185303,21.8666667938232,4,213,-2.67349243164062,23.3848876953125
"Neobuxbaumia mezcalaensis",-97.683445,18.200854,"Balsas Basin province","Neobuxbaumia","Mexico",20.8999996185303,22.75,5,193,0.651931762695312,7.2772216796875
"Neobuxbaumia mezcalaensis",-97.649722,18.272694,"Balsas Basin province","Neobuxbaumia","Mexico",21.2999992370605,21.966667175293,4,200,0.229263305664062,10.4169921875
"Neobuxbaumia scoparia",-96.4175348,15.704975,"Pacific Lowlands province","Neobuxbaumia","Mexico",14.2000007629395,27.2666664123535,5,452,2.70696353912354,7.51795196533203
"Neobuxbaumia scoparia",-95.63897,15.97608,"Pacific Lowlands province","Neobuxbaumia","Mexico",14.7000007629395,28.6666660308838,2,297,-0.265832424163818,5.64406204223633
"Neobuxbaumia scoparia",-94.8872233,16.5677144,"Pacific Lowlands province","Neobuxbaumia","Mexico",15.2999992370605,28.3999996185303,3,298,-0.0948879718780518,3.50627708435059
"Neobuxbaumia scoparia",-95.2167,16.581842,"Pacific Lowlands province","Neobuxbaumia","Mexico",16.2000007629395,28.2666664123535,1,184,0.877706527709961,37.3930206298828
"Neobuxbaumia scoparia",-94.9144,16.59944,"Pacific Lowlands province","Neobuxbaumia","Mexico",15.0999984741211,27.6499996185303,7,274,1.6404914855957,38.6814880371094
"Neobuxbaumia scoparia",-94.95817,16.61219,"Pacific Lowlands province","Neobuxbaumia","Mexico",15.5,27.9500007629395,7,274,2.92752838134766,32.0059356689453
"Neobuxbaumia scoparia",-95.007816,16.666466,"Pacific Lowlands province","Neobuxbaumia","Mexico",15.3000011444092,27.716667175293,6,280,3.9578857421875,20.1262969970703
"Opuntia chiangiana",-96.975,17.902778,"Balsas Basin province","Opuntia","Oaxaca",23.7999992370605,28.1499996185303,7,198,-0.168647766113281,39.9976196289062
"Opuntia hyptiacantha",-96.227662,15.699255,"Pacific Lowlands province","Opuntia","Mexico",13.3000011444092,27.9500007629395,4,355,-1.60035538673401,9.55831718444824
"Opuntia hyptiacantha",-96.402444,16.900167,"Balsas Basin province","Opuntia","Mexico",21.5,22.2666664123535,2,272,-0.364669799804688,1.43701171875
"Opuntia hyptiacantha",-97.033,17.433,"Sierra Madre del Sur province","Opuntia","Mexico",21.6999988555908,22.3999996185303,5,249,-3.40574645996094,26.0501708984375
"Opuntia hyptiacantha",-97.4812,17.50989,"Sierra Madre del Sur province","Opuntia","Mexico",21.5,17.0166664123535,5,251,-0.7117919921875,16.993896484375
"Opuntia hyptiacantha",-97.346308,17.527821,"Sierra Madre del Sur province","Opuntia","Mexico",22.0999984741211,18.4166660308838,3,229,-0.0853271484375,1.4912109375
"Opuntia hyptiacantha",-97.346428,17.528275,"Sierra Madre del Sur province","Opuntia","Mexico",22.0999984741211,18.4166660308838,3,229,0.165863037109375,1.962646484375
"Opuntia hyptiacantha",-97.368611,17.700556,"Sierra Madre del Sur province","Opuntia","Mexico",22.2000007629395,18.1166667938232,4,214,0.3692626953125,17.421875
"Opuntia hyptiacantha",-97.035756,18.07576,"Balsas Basin province","Opuntia","Mexico",24.5999984741211,26.7666664123535,18,319,-1.28115844726562,36.2691650390625
"Opuntia stricta",-96.300835,16.300278,"Pacific Lowlands province","Opuntia","Oaxaca",17.3999996185303,20.9500007629395,6,246,0.331130981445312,37.0977783203125
"Opuntia stricta",-96.8844,16.58883,"Balsas Basin province","Opuntia","Oaxaca",20.1000003814697,21.8333339691162,3,327,1.52777099609375,14.54345703125
"Opuntia stricta",-97.5977,16.91156,"Sierra Madre del Sur province","Opuntia","Oaxaca",18.4000015258789,17.75,7,366,1.45166015625,30.833740234375
"Opuntia stricta",-97.6524,17.26169,"Sierra Madre del Sur province","Opuntia","Oaxaca",20.7999992370605,18.966667175293,5,286,-0.01898193359375,20.831298828125
"Opuntia parviclada",-97.1525,17.826389,"Sierra Madre del Sur province","Opuntia","Mexico",22.1000003814697,21.7666664123535,6,198,-7.04933166503906,21.084716796875
"Opuntia parviclada",-97.15247,17.82642,"Sierra Madre del Sur province","Opuntia","Mexico",22.1000003814697,21.7666664123535,6,198,-6.37771606445312,31.22998046875
"Opuntia parviclada",-96.962488,17.826489,"Balsas Basin province","Opuntia","Mexico",23.8999996185303,27.75,12,240,1.20205688476562,6.0198974609375
"Opuntia parviclada",-97.346649,17.883524,"Sierra Madre del Sur province","Opuntia","Mexico",23.9000015258789,20.216667175293,4,176,1.26263427734375,13.730712890625
"Opuntia parviclada",-97.0142,17.9278,"Balsas Basin province","Opuntia","Mexico",24.1000022888184,28.8500003814697,5,170,-0.389366149902344,2.24591064453125
"Opuntia tehuantepecana",-96.164917,15.724139,"Pacific Lowlands province","Opuntia","Oaxaca",13.5,28.1666660308838,4,359,-0.60662430524826,2.41215467453003
"Opuntia tehuantepecana",-95.71325,15.97447,"Pacific Lowlands province","Opuntia","Oaxaca",14.8999977111816,28.7333335876465,2,306,0.0710601806640625,2.40634536743164
"Opuntia tehuantepecana",-95.123439,16.559239,"Pacific Lowlands province","Opuntia","Oaxaca",15.9000015258789,29.0666675567627,3,250,-0.204261779785156,1.10259246826172
"Opuntia tehuantepecana",-96.1231207,16.6660092,"Pacific Lowlands province","Opuntia","Oaxaca",20.8999977111816,25.6499996185303,4,240,-2.25865936279297,47.367919921875
"Opuntia tehuantepecana",-97.514444,17.752778,"Sierra Madre del Sur province","Opuntia","Oaxaca",22.7000007629395,18.9500007629395,3,234,-0.1021728515625,2.67919921875
"Opuntia tehuantepecana",-96.986861,17.954278,"Balsas Basin province","Opuntia","Oaxaca",24.2000007629395,28,12,252,-0.217483520507812,11.8773803710938
"Ortegocactus macdougallii",-96.334861,16.378639,"Pacific Lowlands province","Ortegocactus","Oaxaca",18.7999992370605,22.75,2,111,1.02291870117188,9.491455078125
"Ortegocactus macdougallii",-96.333007,16.383001,"Pacific Lowlands province","Ortegocactus","Oaxaca",18.6000003814697,22.716667175293,3,126,-4.29745483398438,12.05224609375
"Pachycereus grandis",-95.341667,16.353333,"Pacific Lowlands province","Pachycereus","Mexico",16.3999996185303,28.5166664123535,1,237,0.518647193908691,7.41365051269531
"Pachycereus grandis",-97.013361,17.628085,"Balsas Basin province","Pachycereus","Mexico",24,25.3666667938232,13,259,5.83126831054688,27.2696533203125
"Pachycereus grandis",-96.940114,17.881241,"Sierra Madre del Sur province","Pachycereus","Mexico",24,26.533332824707,24,361,1.37886047363281,25.873779296875
"Pachycereus grandis",-96.940758,17.913575,"Sierra Madre del Sur province","Pachycereus","Mexico",23.0000019073486,25.8833332061768,24,384,2.34162902832031,58.33544921875
"Pachycereus grandis",-96.94058,17.91972,"Sierra Madre del Sur province","Pachycereus","Mexico",23.6000003814697,26.3999996185303,25,383,-1.2122802734375,16.866455078125
"Pachycereus grandis",-96.9425539,17.9226429,"Sierra Madre del Sur province","Pachycereus","Mexico",23.5,26.4500007629395,24,377,0.747116088867188,16.93212890625
"Pachycereus grandis",-96.907294,17.978714,"Balsas Basin province","Pachycereus","Mexico",23.5,27.7333335876465,16,301,-1.41505813598633,30.5165100097656
"Peniocereus serpentinus",-96.568655,15.6903,"Pacific Lowlands province","Peniocereus","Mexico",15.5,27.033332824707,4,395,3.28830480575562,17.6446495056152
"Peniocereus serpentinus",-97.3224,18.1268,"Sierra Madre del Sur province","Peniocereus","Mexico",22.7000007629395,23.1833343505859,5,203,0.19287109375,31.0960693359375
"Polaskia chende",-97.05168,17.53416,"Sierra Madre del Sur province","Polaskia","Mexico",18.1000003814697,17.7000007629395,2,197,0.567718505859375,27.125732421875
"Polaskia chende",-97.094446,17.887515,"Balsas Basin province","Polaskia","Mexico",24.2999992370605,25.6833324432373,13,261,-3.71797180175781,38.129638671875
"Polaskia chende",-96.940417,17.922361,"Sierra Madre del Sur province","Polaskia","Mexico",23.6000003814697,26.3999996185303,25,383,0.17279052734375,19.0142822265625
"Polaskia chende",-96.9477,17.9257,"Balsas Basin province","Polaskia","Mexico",24.5000019073486,27.1000003814697,21,332,3.57467651367188,58.3594970703125
"Polaskia chende",-97.426672,17.930784,"Sierra Madre del Sur province","Polaskia","Mexico",22.2000007629395,18.3500003814697,6,228,0.315338134765625,2.352294921875
"Polaskia chende",-96.84944,17.95028,"Sierra Madre del Sur province","Polaskia","Mexico",20.7000007629395,22,24,454,-3.20645141601562,24.9891357421875
"Polaskia chende",-97.420911,17.966845,"Sierra Madre del Sur province","Polaskia","Mexico",22.2000007629395,18.8166656494141,5,230,1.30874633789062,13.972412109375
"Polaskia chende",-97.425127,18.067992,"Balsas Basin province","Polaskia","Mexico",24.1000003814697,24.9500007629395,5,160,-5.78129577636719,12.6414794921875
"Polaskia chichipe",-97.66408,17.61772,"Sierra Madre del Sur province","Polaskia","Mexico",22.8999996185303,22.283332824707,5,233,4.66226196289062,28.125244140625
"Polaskia chichipe",-97.502444,17.667625,"Sierra Madre del Sur province","Polaskia","Mexico",23.2999992370605,19.6666660308838,5,229,-0.26654052734375,6.1162109375
"Polaskia chichipe",-97.74975,17.736833,"Balsas Basin province","Polaskia","Mexico",23.2999992370605,23.216667175293,3,232,-0.8629150390625,11.4197998046875
"Polaskia chichipe",-97.74653,17.76483,"Balsas Basin province","Polaskia","Mexico",23.1999988555908,23.1166667938232,4,233,0.548980712890625,29.3551025390625
"Polaskia chichipe",-97.347872,17.876805,"Sierra Madre del Sur province","Polaskia","Mexico",23.6999988555908,19.8833332061768,5,180,0.09173583984375,5.52685546875
"Polaskia chichipe",-97.357148,17.904972,"Sierra Madre del Sur province","Polaskia","Mexico",23.5999984741211,19.25,5,199,0.19683837890625,3.724365234375
"Polaskia chichipe",-97.416947,17.967197,"Sierra Madre del Sur province","Polaskia","Mexico",22.2000007629395,18.8166656494141,5,230,-0.480682373046875,21.815185546875
"Polaskia chichipe",-97.648376,18.010632,"Balsas Basin province","Polaskia","Mexico",20.8999996185303,19.2666664123535,4,243,0.976776123046875,24.46435546875
"Polaskia chichipe",-97.647653,18.231075,"Balsas Basin province","Polaskia","Mexico",21.2000007629395,21.5499992370605,4,210,1.53684997558594,12.877685546875
"Selenicereus alliodorus",-96.107222,16.003056,"Sierra Madre del Sur province","Selenicereus","Oaxaca",13.1999998092651,22.8333339691162,7,446,-1.90635681152344,13.7364501953125
"Selenicereus anthonyanus",-97.880688,17.144456,"Sierra Madre del Sur province","Selenicereus","Mexico",19.7999992370605,21.5,11,367,-0.827072143554688,13.4923095703125
"Selenicereus anthonyanus",-96.74779,17.185063,"Sierra Madre del Sur province","Selenicereus","Mexico",19.8999996185303,20.1666660308838,4,257,-3.55976867675781,21.837158203125
"Selenicereus chontalensis",-95.470834,16.678362,"Sierra Madre del Sur province","Selenicereus","No",16.5,24.0166664123535,3,205,-0.0050201416015625,28.976318359375
"Selenicereus testudo",-95.336549,16.581029,"Pacific Lowlands province","Selenicereus","No",17.1000003814697,27.466667175293,1,141,1.44622421264648,7.59982299804688
"Selenicereus testudo",-95.0072264,16.6654863,"Pacific Lowlands province","Selenicereus","No",15.3000011444092,27.716667175293,6,280,-1.41652870178223,44.6714019775391
"Selenicereus testudo",-95.014399,16.675123,"Pacific Lowlands province","Selenicereus","No",15.2999992370605,27.4499988555908,6,276,0.172626495361328,37.8987731933594
"Selenicereus testudo",-95.011678,16.680733,"Pacific Lowlands province","Selenicereus","No",15.2999992370605,27.4499988555908,6,276,-1.16189575195312,13.4976043701172
"Selenicereus vagans",-95.130278,16.385833,"Pacific Lowlands province","Selenicereus","No",15.8999996185303,29.25,2,279,-0.246012568473816,1.66031265258789
"Selenicereus grandiflorus",-95.01389,16.67306,"Pacific Lowlands province","Selenicereus","No",15.3000011444092,27.7000007629395,5,281,1.16251277923584,27.4619522094727
"Selenicereus grandiflorus",-96.152116,15.904812,"Pacific Lowlands province","Selenicereus","No",14.0000019073486,26.8500003814697,3,423,-3.83234786987305,28.4289093017578
"Selenicereus grandiflorus",-95.921111,15.894444,"Pacific Lowlands province","Selenicereus","No",14.3000011444092,27.8166656494141,3,360,-0.853937149047852,11.7509002685547
"Selenicereus grandiflorus",-95.220567,16.161672,"Pacific Lowlands province","Selenicereus","No",15.5,29.1499996185303,1,277,-0.129458636045456,0.475313425064087
"Selenicereus grandiflorus",-95.01388,16.67305,"Pacific Lowlands province","Selenicereus","No",15.3000011444092,27.7000007629395,5,281,1.16251277923584,27.4619522094727
"Selenicereus grandiflorus",-96.269531,18.006515,"Veracruzan province","Selenicereus","No",17,27.8000011444092,58,714,-3.77044868469238,62.1477432250977
"Acanthocereus tetragonus",-96.578502,15.671115,"Pacific Lowlands province","Acanthocereus","No",15.2999992370605,27.1333332061768,4,389,-0.663035750389099,1.80893421173096
"Acanthocereus tetragonus",-96.523304,15.673507,"Pacific Lowlands province","Acanthocereus","No",15.1000003814697,27.1000003814697,5,397,2.21902775764465,25.267972946167
"Acanthocereus tetragonus",-96.286039,15.686254,"Pacific Lowlands province","Acanthocereus","No",13.8000011444092,27.9500007629395,5,338,-2.34995150566101,24.7374076843262
"Acanthocereus tetragonus",-96.197185,15.708673,"Pacific Lowlands province","Acanthocereus","No",13.5,28.1166667938232,4,364,-1.38769471645355,22.6902122497559
"Acanthocereus tetragonus",-96.167973,15.720447,"Pacific Lowlands province","Acanthocereus","No",13.4000015258789,28.0833339691162,4,370,6.74912405014038,28.6136856079102
"Acanthocereus tetragonus",-96.204796,15.72223,"Pacific Lowlands province","Acanthocereus","No",13.6000003814697,28.1000003814697,5,362,-2.61973834037781,13.5983505249023
"Acanthocereus tetragonus",-96.165413,15.724556,"Pacific Lowlands province","Acanthocereus","No",13.5,28.1666660308838,4,359,-0.43983119726181,4.72242403030396
"Acanthocereus tetragonus",-96.161629,15.725038,"Pacific Lowlands province","Acanthocereus","No",13.5,28.1333332061768,4,362,0.392801702022552,5.97310638427734
"Acanthocereus tetragonus",-96.156792,15.729614,"Pacific Lowlands province","Acanthocereus","No",13.4000015258789,28.0833339691162,4,370,-1.47840261459351,9.83420944213867
"Acanthocereus tetragonus",-96.473104,15.732754,"Pacific Lowlands province","Acanthocereus","No",15.3999977111816,27.216667175293,6,321,0.892299652099609,10.333984375
"Acanthocereus tetragonus",-96.158689,15.733379,"Pacific Lowlands province","Acanthocereus","No",13.4000015258789,28.0666675567627,4,373,-2.57088255882263,11.8459720611572
"Acanthocereus tetragonus",-96.158226,15.733583,"Pacific Lowlands province","Acanthocereus","No",13.4000015258789,28.0499992370605,4,374,0.312136888504028,15.6612615585327
"Acanthocereus tetragonus",-96.169418,15.734691,"Pacific Lowlands province","Acanthocereus","No",13.5,28.1000003814697,4,367,-0.0795241594314575,4.28552150726318
"Acanthocereus tetragonus",-96.202141,15.737664,"Pacific Lowlands province","Acanthocereus","No",13.5,28.0833339691162,5,375,-2.72727012634277,9.49171829223633
"Acanthocereus tetragonus",-96.146027,15.738073,"Pacific Lowlands province","Acanthocereus","No",13.4000015258789,28.0833339691162,4,369,0.757481098175049,4.85662937164307
"Acanthocereus tetragonus",-96.15108,15.745,"Pacific Lowlands province","Acanthocereus","No",13.4000015258789,28.0499992370605,4,378,0.800360679626465,10.3043212890625
"Acanthocereus tetragonus",-96.203557,15.748823,"Pacific Lowlands province","Acanthocereus","No",13.5,28.0833339691162,5,381,0.14340877532959,11.8374938964844
"Acanthocereus tetragonus",-96.170265,15.751058,"Pacific Lowlands province","Acanthocereus","No",13.5999984741211,28.1499996185303,4,372,1.17497253417969,8.74292373657227
"Acanthocereus tetragonus",-96.125167,15.751728,"Pacific Lowlands province","Acanthocereus","No",13.4999980926514,28.2333335876465,4,368,4.39617872238159,23.8392333984375
"Acanthocereus tetragonus",-96.188072,15.753491,"Pacific Lowlands province","Acanthocereus","No",13.5,28.1000003814697,4,378,-2.39736223220825,16.5763092041016
"Acanthocereus tetragonus",-96.148239,15.754444,"Pacific Lowlands province","Acanthocereus","No",13.3000011444092,28.0666675567627,4,381,-1.8726110458374,5.97417831420898
"Acanthocereus tetragonus",-96.150726,15.754865,"Pacific Lowlands province","Acanthocereus","No",13.3999996185303,28.1000003814697,4,380,-2.37414455413818,6.87522888183594
"Acanthocereus tetragonus",-96.166283,15.755914,"Pacific Lowlands province","Acanthocereus","No",13.5,28.1166667938232,4,374,-0.260256290435791,6.35111999511719
"Acanthocereus tetragonus",-96.130965,15.759769,"Pacific Lowlands province","Acanthocereus","No",13.6000003814697,28.2666664123535,4,368,-0.138175010681152,26.8240432739258
"Acanthocereus tetragonus",-96.179311,15.760018,"Pacific Lowlands province","Acanthocereus","No",13.6999988555908,28.1333332061768,4,378,-0.936194896697998,6.73233795166016
"Acanthocereus tetragonus",-96.18547,15.76083,"Pacific Lowlands province","Acanthocereus","No",13.6999988555908,28.1333332061768,4,382,0.277349472045898,7.34279632568359
"Acanthocereus tetragonus",-96.193148,15.76436,"Pacific Lowlands province","Acanthocereus","No",13.6999988555908,28.1333332061768,5,382,-1.82274723052979,5.28273773193359
"Acanthocereus tetragonus",-96.170366,15.765419,"Pacific Lowlands province","Acanthocereus","No",13.5999984741211,28.1666660308838,4,375,-1.43972015380859,13.2791900634766
"Acanthocereus tetragonus",-96.134268,15.768629,"Pacific Lowlands province","Acanthocereus","No",13.6999988555908,28.283332824707,4,371,2.71182155609131,6.53842926025391
"Acanthocereus tetragonus",-96.231125,15.775396,"Pacific Lowlands province","Acanthocereus","No",14,28.1833324432373,5,385,-2.45986747741699,19.8117294311523
"Acanthocereus tetragonus",-96.175153,15.776834,"Pacific Lowlands province","Acanthocereus","No",13.8000011444092,28.1666660308838,4,386,-2.8940224647522,7.16142654418945
"Acanthocereus tetragonus",-96.127059,15.77714,"Pacific Lowlands province","Acanthocereus","No",13.5999984741211,28.25,4,380,3.40034294128418,8.94067764282227
"Acanthocereus tetragonus",-96.208885,15.777441,"Pacific Lowlands province","Acanthocereus","No",13.9000015258789,28.1499996185303,5,387,-0.080108642578125,3.00261688232422
"Acanthocereus tetragonus",-96.184952,15.778478,"Pacific Lowlands province","Acanthocereus","No",13.6999988555908,28.0999984741211,4,395,-1.11782741546631,9.2679443359375
"Acanthocereus tetragonus",-96.17453,15.778506,"Pacific Lowlands province","Acanthocereus","No",13.7000007629395,28.1666660308838,4,387,-2.64071178436279,4.47359466552734
"Acanthocereus tetragonus",-96.071533,15.779065,"Pacific Lowlands province","Acanthocereus","No",13.6000003814697,28.2666664123535,3,368,1.6557639837265,6.60765981674194
"Acanthocereus tetragonus",-96.16082,15.78068,"Pacific Lowlands province","Acanthocereus","No",13.7000007629395,28.1666660308838,4,387,1.89730167388916,4.39797210693359
"Acanthocereus tetragonus",-96.199654,15.78087,"Pacific Lowlands province","Acanthocereus","No",13.6999988555908,28.0999984741211,4,393,1.5940990447998,4.00128173828125
"Acanthocereus tetragonus",-96.059694,15.783467,"Pacific Lowlands province","Acanthocereus","No",13.4999980926514,28.1666660308838,3,376,-0.932954788208008,11.2475128173828
"Acanthocereus tetragonus",-96.9402,15.788,"Pacific Lowlands province","Acanthocereus","No",13.6999988555908,27.4333343505859,4,367,0.241948843002319,1.54061317443848
"Acanthocereus tetragonus",-96.051437,15.788591,"Pacific Lowlands province","Acanthocereus","No",13.7000007629395,28.216667175293,3,369,8.11660194396973,31.1784763336182
"Acanthocereus tetragonus",-96.113342,15.794909,"Pacific Lowlands province","Acanthocereus","No",13.5999984741211,28.3166656494141,3,376,1.54474592208862,6.38036918640137
"Acanthocereus tetragonus",-96.372292,15.795114,"Pacific Lowlands province","Acanthocereus","No",15.4000015258789,27.5166664123535,6,363,1.68239402770996,8.44918823242188
"Acanthocereus tetragonus",-96.075005,15.809147,"Pacific Lowlands province","Acanthocereus","No",13.6000003814697,28.1166667938232,4,393,-1.53598117828369,3.76915740966797
"Acanthocereus tetragonus",-96.0749,15.811181,"Pacific Lowlands province","Acanthocereus","No",13.6000003814697,28.1666660308838,4,384,0.540780067443848,27.5736694335938
"Acanthocereus tetragonus",-96.48168,15.819453,"Pacific Lowlands province","Acanthocereus","No",16,26.9166660308838,5,331,-0.579139709472656,45.1036071777344
"Acanthocereus tetragonus",-96.464657,15.828089,"Pacific Lowlands province","Acanthocereus","No",15.6999988555908,26.7666664123535,4,342,-1.68007659912109,10.9820098876953
"Acanthocereus tetragonus",-95.980278,15.841667,"Pacific Lowlands province","Acanthocereus","No",13.8999996185303,28.1833324432373,4,364,5.24472904205322,22.5644149780273
"Acanthocereus tetragonus",-96.231874,15.863165,"Pacific Lowlands province","Acanthocereus","No",14.2000007629395,26.6166667938232,4,407,-1.23393249511719,9.44894409179688
"Acanthocereus tetragonus",-97.090356,15.867261,"Pacific Lowlands province","Acanthocereus","No",12.6999988555908,27.533332824707,3,349,1.17814922332764,5.82750129699707
"Acanthocereus tetragonus",-97.104717,15.871403,"Pacific Lowlands province","Acanthocereus","No",12.7999992370605,27.7000007629395,2,358,0.90527081489563,6.66235971450806
"Acanthocereus tetragonus",-95.583798,15.946956,"Pacific Lowlands province","Acanthocereus","No",14.6000022888184,28.7000007629395,1,300,-1.24723935127258,4.83259677886963
"Acanthocereus tetragonus",-97.669067,15.976547,"Pacific Lowlands province","Acanthocereus","No",14.1000003814697,27.8833332061768,1,457,0.83124566078186,1.49540424346924
"Acanthocereus tetragonus",-95.71058,16.03086,"Pacific Lowlands province","Acanthocereus","No",15.1000003814697,28.1000003814697,1,291,0.182216644287109,12.6954803466797
"Acanthocereus tetragonus",-95.204617,16.1636,"Pacific Lowlands province","Acanthocereus","No",15.5999984741211,29.1833324432373,1,275,-1.07942724227905,19.0331764221191
"Acanthocereus tetragonus",-95.210053,16.254412,"Pacific Lowlands province","Acanthocereus","No",16.3999996185303,29.4500007629395,2,270,-0.201359272003174,2.09386444091797
"Acanthocereus tetragonus",-97.815163,16.262092,"Pacific Lowlands province","Acanthocereus","No",17.6999988555908,27.1499996185303,2,316,1.25160598754883,9.84197998046875
"Acanthocereus tetragonus",-95.458333,16.291667,"Pacific Lowlands province","Acanthocereus","No",16.5999984741211,26,3,213,-5.28927612304688,60.7476196289062
"Acanthocereus tetragonus",-95.153836,16.375408,"Pacific Lowlands province","Acanthocereus","No",16.1000003814697,29.283332824707,2,275,0.562686204910278,1.20088768005371
"Acanthocereus tetragonus",-95.309017,16.381476,"Pacific Lowlands province","Acanthocereus","No",16.5,28.6166667938232,1,219,2.50993728637695,37.0640258789062
"Acanthocereus tetragonus",-94.977894,16.441267,"Pacific Lowlands province","Acanthocereus","No",15.3999977111816,28.8500003814697,3,295,-0.146875381469727,1.17323684692383
"Acanthocereus tetragonus",-95.077987,16.47682,"Pacific Lowlands province","Acanthocereus","No",15.6000003814697,29.0166664123535,1,283,-0.105830669403076,0.633604049682617
"Acanthocereus tetragonus",-94.96861,16.51472,"Pacific Lowlands province","Acanthocereus","No",15.3999996185303,28.7333335876465,3,293,-0.0463657379150391,1.99875259399414
"Acanthocereus tetragonus",-94.962778,16.525556,"Pacific Lowlands province","Acanthocereus","No",15.3999996185303,28.75,3,293,0.42494010925293,1.34312629699707
"Acanthocereus tetragonus",-96.337363,16.545653,"Sierra Madre del Sur province","Acanthocereus","No",19.7999992370605,24.8333320617676,2,266,-3.08126831054688,19.3548583984375
"Acanthocereus tetragonus",-96.372928,16.561146,"Sierra Madre del Sur province","Acanthocereus","No",19.5,24.5833339691162,2,258,4.88764953613281,10.2464599609375
"Acanthocereus tetragonus",-96.344511,16.566026,"Pacific Lowlands province","Acanthocereus","No",20,25.0666656494141,2,267,2.91543579101562,26.3551025390625
"Acanthocereus tetragonus",-94.866903,16.573331,"Pacific Lowlands province","Acanthocereus","No",15.2999992370605,28.4166660308838,3,299,-0.153685092926025,1.0007495880127
"Acanthocereus tetragonus",-95.98914,16.57658,"Pacific Lowlands province","Acanthocereus","No",21,26.1000003814697,1,205,-3.29312896728516,35.9552001953125
"Acanthocereus tetragonus",-96.358079,16.582879,"Sierra Madre del Sur province","Acanthocereus","No",19.7999992370605,24.783332824707,2,266,-0.112075805664062,43.403076171875
"Acanthocereus tetragonus",-94.9517,16.615,"Pacific Lowlands province","Acanthocereus","No",15.5,27.9500007629395,7,274,-6.62393379211426,41.3704833984375
"Acanthocereus tetragonus",-94.96972,16.61861,"Pacific Lowlands province","Acanthocereus","No",15.5000019073486,28.033332824707,5,277,-0.335556983947754,21.2311477661133
"Acanthocereus tetragonus",-94.96508,16.62031,"Pacific Lowlands province","Acanthocereus","No",15.4999980926514,27.7000007629395,7,263,1.45790863037109,38.90185546875
"Acanthocereus tetragonus",-95.233391,16.620949,"Pacific Lowlands province","Acanthocereus","No",16.2999992370605,28.2666664123535,1,175,-0.807554244995117,4.119873046875
"Acanthocereus tetragonus",-95.0075,16.641667,"Pacific Lowlands province","Acanthocereus","No",15.3000011444092,27.9500007629395,4,279,0.520999908447266,13.4414596557617
"Acanthocereus tetragonus",-94.94722,16.64167,"Pacific Lowlands province","Acanthocereus","No",15.5000019073486,27.6000003814697,10,281,3.83676147460938,53.5175170898438
"Acanthocereus tetragonus",-94.98639,16.6625,"Pacific Lowlands province","Acanthocereus","No",15.6999988555908,27.3999996185303,9,258,-0.424905776977539,48.7694091796875
"Acanthocereus tetragonus",-95.00722,16.66472,"Pacific Lowlands province","Acanthocereus","No",15.3000011444092,27.716667175293,6,280,0.768178939819336,19.3751220703125
"Acanthocereus tetragonus",-95.01397,16.75286,"Pacific Lowlands province","Acanthocereus","No",16.3000011444092,27.5499992370605,15,289,0.121482849121094,13.7505798339844
"Acanthocereus tetragonus",-95.853425,16.778134,"Pacific Lowlands province","Acanthocereus","No",20.7999992370605,26.216667175293,9,259,0.172618865966797,56.5556640625
"Acanthocereus tetragonus",-95.09972,16.96611,"Veracruzan province","Acanthocereus","No",16.3999996185303,27.1833324432373,27,331,1.80019760131836,6.24453735351562
"Acanthocereus tetragonus",-94.762442,17.179077,"Veracruzan province","Acanthocereus","No",16.6999988555908,27.5666656494141,52,519,-3.06039333343506,7.38718414306641
"Acanthocereus tetragonus",-96.841667,17.491667,"Balsas Basin province","Acanthocereus","No",23.4999980926514,26.2000007629395,12,270,2.83071899414062,11.0296630859375
"Acanthocereus tetragonus",-97.0307,17.515,"Balsas Basin province","Acanthocereus","No",23.3999977111816,24.2333335876465,8,256,1.85784912109375,45.6959228515625
"Acanthocereus tetragonus",-97.017,17.517,"Sierra Madre del Sur province","Acanthocereus","No",23.2000007629395,23.9166660308838,9,259,1.84613037109375,33.294677734375
"Acanthocereus tetragonus",-96.297199,17.824021,"Veracruzan province","Acanthocereus","No",18.3999996185303,26.9500007629395,62,699,2.98905181884766,45.0101623535156
"Acanthocereus tetragonus",-97.112168,18.097811,"Balsas Basin province","Acanthocereus","No",25.1999988555908,28.1833343505859,8,215,-0.0934066772460938,5.31005859375
"Acanthocereus tetragonus",-97.0874,18.1362,"Balsas Basin province","Acanthocereus","No",26.4000015258789,27.6833343505859,11,228,1.29579925537109,14.8179931640625
"Aporocactus martianus",-96.739555,16.202132,"Sierra Madre del Sur province","Aporocactus","Oaxaca",15.5999994277954,19.783332824707,5,337,-0.651718139648438,41.714111328125
"Aporocactus martianus",-96.647702,16.261827,"Sierra Madre del Sur province","Aporocactus","Oaxaca",16.7999992370605,19.5499992370605,11,304,-1.91909790039062,59.0340576171875
"Aporocactus martianus",-96.617651,16.268913,"Sierra Madre del Sur province","Aporocactus","Oaxaca",17.7000007629395,20.8333339691162,8,263,0.352615356445312,20.7559814453125
"Aporocactus martianus",-96.665191,16.271115,"Sierra Madre del Sur province","Aporocactus","Oaxaca",16.8999996185303,19.3333339691162,11,309,1.17147827148438,47.22509765625
"Aporocactus martianus",-96.30111,16.30222,"Pacific Lowlands province","Aporocactus","Oaxaca",17.3999996185303,20.9500007629395,6,246,1.51274108886719,40.8282470703125
"Aporocactus martianus",-96.605751,16.313143,"Sierra Madre del Sur province","Aporocactus","Oaxaca",19.3999996185303,22.3166656494141,3,225,-0.137481689453125,14.81884765625
"Aporocactus martianus",-95.378333,16.358611,"Pacific Lowlands province","Aporocactus","Oaxaca",16.4000015258789,28.1333332061768,0,209,-0.856084823608398,11.0175170898438
"Aporocactus martianus",-96.655545,16.374139,"Balsas Basin province","Aporocactus","Oaxaca",20.2999992370605,22.9166660308838,2,257,-0.1243896484375,12.1641845703125
"Aporocactus martianus",-96.730596,16.385148,"Balsas Basin province","Aporocactus","Oaxaca",19.7999992370605,22.4333324432373,3,270,-0.06646728515625,4.1463623046875
"Aporocactus martianus",-96.610379,16.392294,"Balsas Basin province","Aporocactus","Oaxaca",20,22.6666660308838,1,213,-0.0221710205078125,6.6253662109375
"Aporocactus martianus",-96.365286,16.541306,"Sierra Madre del Sur province","Aporocactus","Oaxaca",19.0999984741211,24.25,2,235,-4.71195983886719,9.748779296875
"Aporocactus martianus",-96.263114,16.549,"Pacific Lowlands province","Aporocactus","Oaxaca",19.2999992370605,23.3500003814697,3,193,-0.940383911132812,7.790771484375
"Aporocactus martianus",-96.304352,16.896375,"Sierra Madre del Sur province","Aporocactus","Oaxaca",16.5,18.7000007629395,2,103,-0.925201416015625,46.619873046875
"Aporocactus martianus",-97.62383,16.91047,"Sierra Madre del Sur province","Aporocactus","Oaxaca",18.5,17.5,8,362,0.359954833984375,18.710693359375
"Aporocactus martianus",-97.536012,16.922226,"Sierra Madre del Sur province","Aporocactus","Oaxaca",17.2999992370605,16.216667175293,7,335,3.76025390625,49.732177734375
"Aporocactus martianus",-96.213144,16.925371,"Pacific Lowlands province","Aporocactus","Oaxaca",20.0999984741211,23.1833324432373,9,345,-6.01358032226562,36.3555908203125
"Aporocactus martianus",-96.543623,17.061169,"Sierra Madre del Sur province","Aporocactus","Oaxaca",17.2999992370605,18.6333332061768,5,103,1.05975341796875,60.910400390625
"Aporocactus martianus",-96.436057,17.077964,"Sierra Madre del Sur province","Aporocactus","Oaxaca",15.2000007629395,14.8333339691162,6,298,2.01351928710938,24.007568359375
"Aporocactus martianus",-96.725,17.091667,"Balsas Basin province","Aporocactus","Oaxaca",22.1000003814697,22.8666667938232,3,245,-0.605606079101562,31.85986328125
"Aporocactus martianus",-96.543534,17.095468,"Sierra Madre del Sur province","Aporocactus","Oaxaca",16.5,17.6666660308838,6,100,-4.05963134765625,31.384033203125
"Aporocactus martianus",-96.6775,17.133611,"Sierra Madre del Sur province","Aporocactus","Oaxaca",14.8999996185303,15.75,6,257,4.3292236328125,25.02001953125
"Aporocactus martianus",-96.554157,17.137384,"Sierra Madre del Sur province","Aporocactus","Oaxaca",14.5,15.1166667938232,9,276,-0.683563232421875,28.868896484375
"Aporocactus martianus",-96.666695,17.143763,"Sierra Madre del Sur province","Aporocactus","Oaxaca",13.8999996185303,14.0833330154419,6,296,-1.16058349609375,56.2158203125
"Aporocactus martianus",-96.411774,17.14656,"Sierra Madre del Sur province","Aporocactus","Oaxaca",13.8999996185303,12.25,10,361,-0.471038818359375,2.6279296875
"Aporocactus martianus",-96.570302,17.148112,"Sierra Madre del Sur province","Aporocactus","Oaxaca",14.5,15.0166664123535,9,280,0.90966796875,42.389404296875
"Aporocactus martianus",-96.714444,17.156667,"Sierra Madre del Sur province","Aporocactus","Oaxaca",15.6999998092651,16.3333339691162,6,109,2.81881713867188,62.118408203125
"Aporocactus martianus",-96.408904,17.179836,"Sierra Madre del Sur province","Aporocactus","Oaxaca",13.6999998092651,12.8833332061768,10,355,1.39312744140625,41.689697265625
"Aporocactus martianus",-96.555157,17.184963,"Sierra Madre del Sur province","Aporocactus","Oaxaca",16.3000011444092,16.7666664123535,9,248,0.998992919921875,31.818359375
"Aporocactus martianus",-96.796159,17.191931,"Balsas Basin province","Aporocactus","Oaxaca",23.1999988555908,23.4333324432373,3,249,-0.2227783203125,1.4937744140625
"Aporocactus martianus",-96.43278,17.20778,"Sierra Madre del Sur province","Aporocactus","Oaxaca",14.7999992370605,14.8999996185303,13,285,-2.43524169921875,29.776123046875
"Aporocactus martianus",-96.42583,17.22778,"Sierra Madre del Sur province","Aporocactus","Oaxaca",17.1000003814697,17.4166660308838,12,289,-1.73155212402344,24.8631591796875
"Aporocactus martianus",-96.542849,17.248497,"Balsas Basin province","Aporocactus","Oaxaca",18.4000015258789,18.0666675567627,10,257,1.22125244140625,40.383544921875
"Aporocactus martianus",-96.522593,17.249272,"Sierra Madre del Sur province","Aporocactus","Oaxaca",18.4000015258789,18.0166664123535,9,103,0.232818603515625,20.48486328125
"Aporocactus martianus",-96.452721,17.292492,"Balsas Basin province","Aporocactus","Oaxaca",19.5999984741211,19.5833339691162,19,364,-3.6077880859375,20.2784423828125
"Aporocactus martianus",-96.44253,17.30033,"Balsas Basin province","Aporocactus","Oaxaca",18,18.0666656494141,15,321,2.03607177734375,24.772216796875
"Aporocactus martianus",-96.48472,17.325,"Balsas Basin province","Aporocactus","Oaxaca",20.1000003814697,20.0500011444092,20,361,-1.14479064941406,10.755615234375
"Aporocactus martianus",-96.577517,17.340417,"Balsas Basin province","Aporocactus","Oaxaca",20.5,20.3166675567627,17,335,-0.82293701171875,26.06494140625
"Aporocactus martianus",-96.416667,17.366667,"Sierra Madre del Sur province","Aporocactus","Oaxaca",13.8999996185303,14.4833335876465,20,307,-4.70223999023438,64.513671875
"Aporocactus martianus",-96.51712,17.376885,"Sierra Madre del Sur province","Aporocactus","Oaxaca",17.6000003814697,17.6166667938232,12,107,-2.28811645507812,31.875244140625
"Aporocactus martianus",-96.54446,17.390081,"Sierra Madre del Sur province","Aporocactus","Oaxaca",20.1000003814697,20.3500003814697,20,142,-7.12216186523438,38.2989501953125
"Aporocactus martianus",-96.53833,17.42667,"Balsas Basin province","Aporocactus","Oaxaca",19.1000003814697,19.25,19,129,-0.368072509765625,28.856689453125
"Aporocactus martianus",-96.938417,17.457972,"Sierra Madre del Sur province","Aporocactus","Oaxaca",18.7000007629395,18.3333339691162,4,227,-4.35662841796875,27.80126953125
"Aporocactus martianus",-96.93861,17.46667,"Sierra Madre del Sur province","Aporocactus","Oaxaca",18.6999988555908,18.2000007629395,4,224,0.0960693359375,12.309814453125
"Aporocactus martianus",-96.9479,17.47028,"Sierra Madre del Sur province","Aporocactus","Oaxaca",18.6999988555908,18.2333335876465,3,222,-0.595367431640625,21.297607421875
"Aporocactus martianus",-96.82756,17.85894,"Sierra Madre del Sur province","Aporocactus","Oaxaca",16.7999992370605,15.0666666030884,9,261,-5.84521484375,43.32421875
"Aporocactus martianus",-96.807361,17.902861,"Sierra Madre del Sur province","Aporocactus","Oaxaca",16.1000003814697,15.0500001907349,14,280,3.56680297851562,13.813720703125
"Aporocactus martianus",-96.802582,18.035412,"Sierra Madre del Sur province","Aporocactus","Oaxaca",22.6000003814697,26.6333332061768,47,606,-0.71484375,29.6477661132812
"Aporocactus martianus",-96.754805,18.065222,"Sierra Madre del Sur province","Aporocactus","Oaxaca",16.8999996185303,18.3999996185303,24,421,-3.22976684570312,22.6044921875
"Aporocactus martianus",-96.937055,18.123222,"Sierra Madre del Sur province","Aporocactus","Oaxaca",16.6999988555908,16.0833339691162,15,317,1.93817138671875,8.188720703125
"Aporocactus martianus",-96.963389,18.1355,"Sierra Madre del Sur province","Aporocactus","Oaxaca",16.4000015258789,14.8833332061768,14,304,0.65802001953125,46.327880859375
"Aporocactus martianus",-96.998333,18.164167,"Sierra Madre del Sur province","Aporocactus","Oaxaca",17.1000003814697,15.1666669845581,13,306,2.91384887695312,19.919921875
"Aporocactus martianus",-97.017,18.167,"Sierra Madre del Sur province","Aporocactus","Oaxaca",19.3000011444092,18.75,13,330,1.3836669921875,65.1890869140625
"Aporocactus martianus",-96.874509,18.168351,"Sierra Madre del Sur province","Aporocactus","Oaxaca",21.3999996185303,23.8333339691162,40,535,-2.50221252441406,38.7178955078125
"Cephalocereus apicicephalium",-95.458333,16.325,"Pacific Lowlands province","Cephalocereus","Mexico",16.9000015258789,26.75,2,204,-2.32526016235352,44.6199951171875
"Cephalocereus apicicephalium",-96.3667,16.3267,"Sierra Madre del Sur province","Cephalocereus","Mexico",16.9000015258789,19.3333339691162,8,126,0.06988525390625,37.126708984375
"Cephalocereus apicicephalium",-95.375,16.358333,"Pacific Lowlands province","Cephalocereus","Mexico",16.5,28.2333335876465,0,218,-0.197887420654297,7.34867858886719
"Cephalocereus apicicephalium",-95.3485016,16.3699179,"Pacific Lowlands province","Cephalocereus","Mexico",16.1000003814697,26.4500007629395,2,208,1.21636962890625,11.759033203125
"Cephalocereus apicicephalium",-95.3025105,16.3705,"Pacific Lowlands province","Cephalocereus","Mexico",16.6999988555908,29.1666660308838,1,251,0.661411285400391,2.29517364501953
"Cephalocereus apicicephalium",-95.375,16.375,"Pacific Lowlands province","Cephalocereus","Mexico",16.5,28,0,199,0.321601867675781,29.5787963867188
"Cephalocereus apicicephalium",-95.316944,16.381111,"Pacific Lowlands province","Cephalocereus","Mexico",16.3999996185303,28.1000003814697,0,198,-0.575893402099609,13.1726684570312
"Cephalocereus apicicephalium",-95.341667,16.391667,"Pacific Lowlands province","Cephalocereus","Mexico",16.2000007629395,26.6499996185303,3,205,3.40972900390625,67.8452758789062
"Cephalocereus apicicephalium",-95.227222,16.4225,"Pacific Lowlands province","Cephalocereus","Mexico",15.8999996185303,28.6999988555908,2,242,-1.68453216552734,7.22791290283203
"Cephalocereus apicicephalium",-95.545914,16.424224,"Pacific Lowlands province","Cephalocereus","Mexico",18.1000022888184,28.783332824707,1,183,-0.991069793701172,18.0240173339844
"Cephalocereus apicicephalium",-95.86633,16.43633,"Pacific Lowlands province","Cephalocereus","Mexico",19.5,26.0166664123535,1,202,-1.38706207275391,8.4932861328125
"Cephalocereus apicicephalium",-95.360988,16.44286,"Pacific Lowlands province","Cephalocereus","Mexico",16.4000015258789,28.5,1,229,-0.0686845779418945,10.8955841064453
"Cephalocereus apicicephalium",-95.292501,16.442891,"Pacific Lowlands province","Cephalocereus","Mexico",15.9999980926514,28,0,209,0.0681877136230469,6.72567749023438
"Cephalocereus apicicephalium",-95.212222,16.450278,"Pacific Lowlands province","Cephalocereus","Mexico",16.0000019073486,27.6333332061768,1,197,-2.27668190002441,49.5124359130859
"Cephalocereus apicicephalium",-95.976756,16.451293,"Pacific Lowlands province","Cephalocereus","Mexico",18.2000007629395,24.3500003814697,1,245,-2.00808715820312,13.1021728515625
"Cephalocereus apicicephalium",-94.886667,16.458333,"Pacific Lowlands province","Cephalocereus","Mexico",15.5999984741211,28.9499988555908,4,288,-0.77396023273468,3.4239809513092
"Cephalocereus apicicephalium",-94.922156,16.461564,"Pacific Lowlands province","Cephalocereus","Mexico",15.4999980926514,28.8333320617676,3,291,0.107995986938477,1.89756393432617
"Cephalocereus apicicephalium",-96.231565,16.480214,"Sierra Madre del Sur province","Cephalocereus","Mexico",18.2000007629395,22.6166667938232,4,154,3.570556640625,26.1536865234375
"Cephalocereus apicicephalium",-95.205505,16.481912,"Pacific Lowlands province","Cephalocereus","Mexico",15.7999992370605,28.5166664123535,1,227,-0.912665367126465,2.79118347167969
"Cephalocereus apicicephalium",-96.393571,16.486687,"Sierra Madre del Sur province","Cephalocereus","Mexico",19.3999977111816,24.3999996185303,2,263,0.0586395263671875,37.8692626953125
"Cephalocereus apicicephalium",-96.387575,16.53453,"Sierra Madre del Sur province","Cephalocereus","Mexico",19.7999992370605,24.8500003814697,2,271,0.626327514648438,14.074951171875
"Cephalocereus apicicephalium",-94.940848,16.541097,"Pacific Lowlands province","Cephalocereus","Mexico",15.4999980926514,28.7999992370605,3,295,-0.120759725570679,1.30261611938477
"Cephalocereus apicicephalium",-94.941667,16.558333,"Pacific Lowlands province","Cephalocereus","Mexico",15.4999980926514,28.75,3,294,-0.544456720352173,2.71647644042969
"Cephalocereus apicicephalium",-95.25974,16.5643,"Pacific Lowlands province","Cephalocereus","Mexico",15.7999992370605,25.0499992370605,6,204,2.40176391601562,44.374755859375
"Cephalocereus apicicephalium",-96.204355,16.57803,"Sierra Madre del Sur province","Cephalocereus","Mexico",18.7000007629395,23.5666675567627,3,198,0.138900756835938,4.871337890625
"Cephalocereus apicicephalium",-95.25717,16.579985,"Pacific Lowlands province","Cephalocereus","Mexico",16.3999996185303,27.4333343505859,2,152,0.702423095703125,33.898681640625
"Cephalocereus apicicephalium",-95.459535,16.580393,"Pacific Lowlands province","Cephalocereus","Mexico",17.7999992370605,28.0666675567627,0,155,-2.75424957275391,20.3249816894531
"Cephalocereus apicicephalium",-94.995246,16.581287,"Pacific Lowlands province","Cephalocereus","Mexico",15.4999980926514,28.7000007629395,3,286,-0.0159339904785156,0.864326477050781
"Cephalocereus apicicephalium",-94.874018,16.587354,"Pacific Lowlands province","Cephalocereus","Mexico",15.1000022888184,27.8333339691162,6,287,-0.140875816345215,18.5148696899414
"Cephalocereus apicicephalium",-96.0375286,16.6215967,"Pacific Lowlands province","Cephalocereus","Mexico",21.3000011444092,26.0166664123535,3,210,-0.220832824707031,21.1019287109375
"Cephalocereus apicicephalium",-95.983333,16.633333,"Pacific Lowlands province","Cephalocereus","Mexico",22,26.6666660308838,2,200,-0.102745056152344,1.949462890625
"Cephalocereus apicicephalium",-96.076702,16.640603,"Pacific Lowlands province","Cephalocereus","Mexico",20.8000011444092,25.5666675567627,3,226,-3.5439453125,39.249755859375
"Cephalocereus apicicephalium",-95.134699,16.640954,"Pacific Lowlands province","Cephalocereus","Mexico",15.3999996185303,28.1499996185303,2,218,-0.955617904663086,10.1980590820312
"Cephalocereus apicicephalium",-96.189776,16.647563,"Sierra Madre del Sur province","Cephalocereus","Mexico",20.4000015258789,25.8666667938232,3,253,1.10214996337891,32.5498657226562
"Cephalocereus apicicephalium",-96.258333,16.658333,"Sierra Madre del Sur province","Cephalocereus","Mexico",20.7000007629395,25.8333320617676,3,259,-3.68975067138672,35.7781982421875
"Cephalocereus apicicephalium",-95.011944,16.670556,"Pacific Lowlands province","Cephalocereus","Mexico",15.3000011444092,27.7000007629395,5,281,-0.194791793823242,38.3852310180664
"Cephalocereus apicicephalium",-95.668261,16.671383,"Pacific Lowlands province","Cephalocereus","Mexico",19,26.1833343505859,9,215,-0.345771789550781,45.2936401367188
"Cephalocereus apicicephalium",-97.091667,16.675,"Sierra Madre del Sur province","Cephalocereus","Mexico",16,17.966667175293,6,312,3.11123657226562,47.6650390625
"Cephalocereus apicicephalium",-96.127313,16.676255,"Pacific Lowlands province","Cephalocereus","Mexico",18.8999996185303,24.6166667938232,5,269,4.34031677246094,32.456787109375
"Cephalocereus apicicephalium",-94.930282,16.683912,"Pacific Lowlands province","Cephalocereus","Mexico",16.4000015258789,27.5666675567627,15,287,6.95599746704102,25.7332763671875
"Cephalocereus apicicephalium",-94.826848,16.684169,"Pacific Lowlands province","Cephalocereus","Mexico",16.7000007629395,27.9166679382324,18,306,-2.34174728393555,15.6412963867188
"Cephalocereus apicicephalium",-96.15946,16.702005,"Pacific Lowlands province","Cephalocereus","Mexico",20.3999996185303,25.5166664123535,4,274,3.94638061523438,22.1220092773438
"Cephalocereus apicicephalium",-95.149417,16.725101,"Pacific Lowlands province","Cephalocereus","Mexico",16.1000022888184,26.3666667938232,9,193,0.301734924316406,29.08935546875
"Cephalocereus apicicephalium",-97.105969,16.733427,"Sierra Madre del Sur province","Cephalocereus","Mexico",14.0000009536743,14.6000003814697,6,307,-3.69598388671875,17.8564453125
"Cephalocereus apicicephalium",-96.393706,16.735186,"Sierra Madre del Sur province","Cephalocereus","Mexico",19.5999984741211,22.1333332061768,1,231,-0.0370941162109375,20.5462646484375
"Cephalocereus apicicephalium",-96.054525,16.740233,"Sierra Madre del Sur province","Cephalocereus","Mexico",16.3999996185303,20.8500003814697,1,221,0.869094848632812,61.1395263671875
"Cephalocereus apicicephalium",-96.016546,16.769487,"Pacific Lowlands province","Cephalocereus","Mexico",17.2000007629395,21.9166660308838,4,270,0.88623046875,44.8154296875
"Cephalocereus apicicephalium",-94.833914,16.779829,"Veracruzan province","Cephalocereus","Mexico",16,27.0666656494141,29,334,-0.712543487548828,25.3224487304688
"Cephalocereus apicicephalium",-97.054693,16.788498,"Sierra Madre del Sur province","Cephalocereus","Mexico",15.3999996185303,16.3333339691162,5,287,-1.302978515625,76.200927734375
"Cephalocereus apicicephalium",-95.185173,16.793152,"Sierra Madre del Sur province","Cephalocereus","Mexico",15.8000001907349,24.4166660308838,18,223,-2.30156707763672,24.03857421875
"Cephalocereus columna-trajani",-97.010417,17.723139,"Balsas Basin province","Cephalocereus","Mexico",23.4000015258789,26.5833339691162,14,279,-3.92141723632812,47.0401611328125
"Cephalocereus columna-trajani",-96.993028,17.728528,"Balsas Basin province","Cephalocereus","Mexico",24.0999984741211,27.6666660308838,11,244,-5.56654357910156,50.297119140625
"Cephalocereus columna-trajani",-96.988694,17.729778,"Balsas Basin province","Cephalocereus","Mexico",23.8999996185303,27.966667175293,8,208,-0.613273620605469,16.0507202148438
"Cephalocereus columna-trajani",-96.9575,17.7575,"Balsas Basin province","Cephalocereus","Mexico",23.2000007629395,28.283332824707,5,162,-4.74744415283203,35.9942016601562
"Cephalocereus columna-trajani",-97.028083,17.80025,"Balsas Basin province","Cephalocereus","Mexico",24.2000007629395,27.216667175293,14,270,-0.584808349609375,22.31005859375
"Cephalocereus columna-trajani",-96.970194,17.806583,"Balsas Basin province","Cephalocereus","Mexico",23.5,28.2333335876465,5,166,3.80907440185547,32.1148071289062
"Cephalocereus columna-trajani",-97.01725,17.808611,"Balsas Basin province","Cephalocereus","Mexico",24.5,27.8833332061768,9,216,3.12307739257812,16.9619750976562
"Cephalocereus columna-trajani",-97.002403,17.815114,"Balsas Basin province","Cephalocereus","Mexico",23.9000015258789,28.4833335876465,5,158,2.13274383544922,23.9912719726562
"Cephalocereus columna-trajani",-97.050383,17.857761,"Balsas Basin province","Cephalocereus","Mexico",24.8000011444092,27.4500007629395,11,232,-6.17774963378906,37.4815063476562
"Cephalocereus columna-trajani",-97.050065,17.858345,"Balsas Basin province","Cephalocereus","Mexico",24.6999988555908,27.7000007629395,8,199,-7.09944152832031,36.0543823242188
"Cephalocereus columna-trajani",-97.049787,17.858785,"Balsas Basin province","Cephalocereus","Mexico",24.5000019073486,28.0166664123535,9,203,-5.68257141113281,25.2772827148438
"Cephalocereus columna-trajani",-97.092233,17.861194,"Balsas Basin province","Cephalocereus","Mexico",22.5,23.7999992370605,11,263,-0.19427490234375,12.6778564453125
"Cephalocereus columna-trajani",-97.040087,17.86244,"Balsas Basin province","Cephalocereus","Mexico",24.1999988555908,28.3999996185303,6,182,-3.65316772460938,18.4080810546875
"Cephalocereus columna-trajani",-97.093363,17.876126,"Balsas Basin province","Cephalocereus","Mexico",23.3999996185303,24.8666667938232,13,271,4.05816650390625,12.08740234375
"Cephalocereus columna-trajani",-97.086962,17.892891,"Balsas Basin province","Cephalocereus","Mexico",24.7999992370605,26.1333332061768,13,250,1.54866027832031,27.3092041015625
"Cephalocereus columna-trajani",-97.073714,17.903464,"Balsas Basin province","Cephalocereus","Mexico",25.2000007629395,26.9833335876465,11,230,-0.440444946289062,44.3900146484375
"Cephalocereus columna-trajani",-97.351083,18.083889,"Sierra Madre del Sur province","Cephalocereus","Mexico",23.0999984741211,23.8833332061768,6,189,-1.77055358886719,26.1546630859375
"Cephalocereus columna-trajani",-97.088056,18.095,"Balsas Basin province","Cephalocereus","Mexico",25.7000007629395,28,10,228,-2.36454010009766,25.9938354492188
"Cephalocereus columna-trajani",-97.336972,18.1045,"Sierra Madre del Sur province","Cephalocereus","Mexico",22.5,23.216667175293,5,199,-4.51620483398438,22.532958984375
"Cephalocereus columna-trajani",-97.330948,18.125912,"Sierra Madre del Sur province","Cephalocereus","Mexico",23.5999984741211,24.3333320617676,5,184,-1.03582763671875,8.0640869140625
"Cephalocereus columna-trajani",-97.306111,18.145278,"Balsas Basin province","Cephalocereus","Mexico",24.2999992370605,24.9500007629395,4,171,-5.79324340820312,16.5848388671875
"Cephalocereus columna-trajani",-97.290312,18.152276,"Balsas Basin province","Cephalocereus","Mexico",25.3999977111816,26.0833320617676,2,124,-1.11347961425781,51.896240234375
"Cephalocereus columna-trajani",-97.673693,18.195339,"Balsas Basin province","Cephalocereus","Mexico",20.8999996185303,22.3999996185303,4,201,0.500991821289062,5.0428466796875
"Cephalocereus fulviceps",-96.429411,16.413958,"Sierra Madre del Sur province","Cephalocereus","Mexico",18.7999992370605,23.5666675567627,3,239,-3.25787353515625,13.400634765625
"Cephalocereus fulviceps",-95.903284,16.464543,"Pacific Lowlands province","Cephalocereus","Mexico",20,25.7000007629395,1,199,-0.182220458984375,2.08135986328125
"Cephalocereus fulviceps",-96.312798,16.471405,"Pacific Lowlands province","Cephalocereus","Mexico",18.2000007629395,23.2666664123535,3,162,0.372787475585938,23.9947509765625
"Cephalocereus fulviceps",-96.574828,17.215242,"Sierra Madre del Sur province","Cephalocereus","Mexico",16.2000007629395,16.466667175293,10,250,2.43072509765625,35.109375
"Cephalocereus fulviceps",-96.571878,17.473401,"Balsas Basin province","Cephalocereus","Mexico",21.2999992370605,21.8833332061768,25,393,0.355972290039062,37.865234375
"Cephalocereus fulviceps",-96.965607,17.594395,"Balsas Basin province","Cephalocereus","Mexico",19.7999992370605,21.75,8,244,-5.30732727050781,30.9686279296875
"Cephalocereus fulviceps",-96.948556,17.605694,"Balsas Basin province","Cephalocereus","Mexico",22.7000007629395,25.3666667938232,14,288,3.64938354492188,41.3790283203125
"Cephalocereus fulviceps",-96.933056,17.606944,"Balsas Basin province","Cephalocereus","Mexico",23.2000007629395,26.1666660308838,13,283,0.315185546875,57.80712890625
"Cephalocereus fulviceps",-96.965278,17.6775,"Balsas Basin province","Cephalocereus","Mexico",23.7000007629395,27.033332824707,13,270,-2.49942016601562,31.231689453125
"Cephalocereus fulviceps",-96.827953,17.684023,"Balsas Basin province","Cephalocereus","Mexico",23,25.3500003814697,25,359,1.25071716308594,26.9388427734375
"Cephalocereus fulviceps",-97.031083,17.701917,"Balsas Basin province","Cephalocereus","Mexico",23.2000007629395,25.716667175293,13,276,-0.0093841552734375,40.017578125
"Cephalocereus fulviceps",-97.170554,17.800835,"Sierra Madre del Sur province","Cephalocereus","Mexico",22.2999992370605,21.6833324432373,6,202,1.009033203125,39.7330322265625
"Cephalocereus fulviceps",-97.0922,17.8761,"Balsas Basin province","Cephalocereus","Mexico",23.3999996185303,24.8666667938232,13,271,-0.03857421875,27.8551025390625
"Cephalocereus fulviceps",-97.0892,17.892,"Balsas Basin province","Cephalocereus","Mexico",24.7999992370605,26.1333332061768,13,250,1.81462097167969,31.359375
"Cephalocereus fulviceps",-97.145109,17.949837,"Sierra Madre del Sur province","Cephalocereus","Mexico",22.2000007629395,23.2000007629395,9,249,-0.58538818359375,10.0438232421875
"Cephalocereus fulviceps",-97.146644,17.963125,"Sierra Madre del Sur province","Cephalocereus","Mexico",22.5,23.8833332061768,9,255,1.12265014648438,38.38330078125
"Cephalocereus fulviceps",-97.071695,17.990742,"Balsas Basin province","Cephalocereus","Mexico",24.7000007629395,28,7,203,-2.67829132080078,29.9461669921875
"Cephalocereus fulviceps",-97.065841,17.995222,"Balsas Basin province","Cephalocereus","Mexico",24.3999996185303,28.2666664123535,7,199,1.46884155273438,8.69012451171875
"Cephalocereus fulviceps",-97.326957,18.02201,"Sierra Madre del Sur province","Cephalocereus","Mexico",19.7999992370605,16.7333335876465,5,222,-5.18228149414062,17.6875
"Coryphantha elephantidens",-96.63064,16.289287,"Sierra Madre del Sur province","Coryphantha","Mexico",18,20.8999996185303,7,261,0.630783081054688,43.0281982421875
"Coryphantha elephantidens",-96.30167,16.29333,"Pacific Lowlands province","Coryphantha","Mexico",17.2999992370605,20.7999992370605,7,253,-0.775909423828125,20.7415771484375
"Coryphantha elephantidens",-96.637695,16.317307,"Sierra Madre del Sur province","Coryphantha","Mexico",19.0999984741211,21.7666664123535,5,241,-0.334487915039062,14.897216796875
"Coryphantha elephantidens",-96.331691,16.579887,"Pacific Lowlands province","Coryphantha","Mexico",20,24.9833335876465,2,265,-2.54498291015625,31.391357421875
"Coryphantha elephantidens",-96.24336,16.67583,"Sierra Madre del Sur province","Coryphantha","Mexico",19.8999996185303,24.7999992370605,4,272,-1.06019592285156,24.77783203125
"Coryphantha elephantidens",-96.321434,16.686548,"Sierra Madre del Sur province","Coryphantha","Mexico",20.8999996185303,25.5,3,275,-0.26690673828125,5.527587890625
"Coryphantha elephantidens",-96.210964,16.689065,"Sierra Madre del Sur province","Coryphantha","Mexico",19.6999988555908,24.716667175293,4,273,3.401611328125,16.139404296875
"Coryphantha elephantidens",-96.693192,16.785751,"Balsas Basin province","Coryphantha","Mexico",22.8999996185303,22.966667175293,2,290,1.41355895996094,12.15966796875
"Coryphantha elephantidens",-96.69475,16.792137,"Balsas Basin province","Coryphantha","Mexico",23.1999988555908,23.1666660308838,2,295,-0.766464233398438,4.194580078125
"Coryphantha elephantidens",-95.911189,16.796272,"Pacific Lowlands province","Coryphantha","Mexico",20.3999996185303,25.7333335876465,9,310,-2.82300567626953,14.1130981445312
"Coryphantha elephantidens",-96.625379,16.803381,"Balsas Basin province","Coryphantha","Mexico",21.5999984741211,22.3999996185303,3,280,-1.02584838867188,19.626708984375
"Coryphantha elephantidens",-96.667743,16.806098,"Balsas Basin province","Coryphantha","Mexico",23,23.1000003814697,2,288,-0.093017578125,0.8826904296875
"Coryphantha elephantidens",-96.637854,16.810581,"Balsas Basin province","Coryphantha","Mexico",21.2999992370605,22.283332824707,2,279,-1.65682983398438,22.5567626953125
"Coryphantha elephantidens",-96.700949,16.814818,"Balsas Basin province","Coryphantha","Mexico",23.5999984741211,23.2666664123535,2,298,-0.451416015625,2.052734375
"Coryphantha elephantidens",-96.674636,16.857029,"Balsas Basin province","Coryphantha","Mexico",23.4000015258789,22.966667175293,2,275,0.742645263671875,13.2474365234375
"Coryphantha elephantidens",-96.275896,16.866325,"Sierra Madre del Sur province","Coryphantha","Mexico",19.7000007629395,22.1000003814697,3,276,-1.13279724121094,19.0972900390625
"Coryphantha elephantidens",-96.275971,16.868662,"Sierra Madre del Sur province","Coryphantha","Mexico",18.2999992370605,20.966667175293,2,255,-0.22991943359375,2.3538818359375
"Coryphantha elephantidens",-96.602213,16.875183,"Balsas Basin province","Coryphantha","Mexico",21.2000007629395,21.5666675567627,1,270,-0.457626342773438,10.9569091796875
"Coryphantha elephantidens",-96.399306,16.921604,"Balsas Basin province","Coryphantha","Mexico",21.5,22.283332824707,2,276,0.04998779296875,1.9095458984375
"Coryphantha elephantidens",-96.598056,17.040661,"Balsas Basin province","Coryphantha","Mexico",22.2999992370605,22.5166664123535,3,251,1.23590087890625,8.0518798828125
"Coryphantha elephantidens",-96.870064,17.040997,"Sierra Madre del Sur province","Coryphantha","Mexico",19.7999992370605,20.5166664123535,3,258,4.26565551757812,27.011474609375
"Coryphantha elephantidens",-96.889051,17.073407,"Balsas Basin province","Coryphantha","Mexico",21.3000011444092,21.75,3,263,3.22146606445312,13.9674072265625
"Coryphantha elephantidens",-96.783674,17.078514,"Balsas Basin province","Coryphantha","Mexico",22.3000011444092,22.7000007629395,3,254,1.46255493164062,9.7421875
"Coryphantha elephantidens",-96.735698,17.08436,"Balsas Basin province","Coryphantha","Mexico",22.0999984741211,22.966667175293,3,248,-2.04379272460938,30.04931640625
"Coryphantha elephantidens",-96.697464,17.115774,"Sierra Madre del Sur province","Coryphantha","Mexico",20.2999992370605,21,4,257,-0.146804809570312,30.9306640625
"Coryphantha elephantidens",-96.662232,17.130775,"Sierra Madre del Sur province","Coryphantha","Mexico",17.3999996185303,18.1000003814697,5,251,3.46347045898438,75.44580078125
"Coryphantha elephantidens",-96.744445,17.144103,"Sierra Madre del Sur province","Coryphantha","Mexico",22.1999988555908,22.5,3,250,-3.82846069335938,21.2489013671875
"Coryphantha elephantidens",-96.786889,17.147033,"Balsas Basin province","Coryphantha","Mexico",23.5,23.6000003814697,2,246,0.277114868164062,2.0693359375
"Coryphantha elephantidens",-96.72471,17.215037,"Sierra Madre del Sur province","Coryphantha","Mexico",17,17.3666667938232,4,248,-1.73458862304688,32.31201171875
"Coryphantha elephantidens",-96.808828,17.219033,"Balsas Basin province","Coryphantha","Mexico",23.2999992370605,23.5833320617676,3,251,0.0381927490234375,3.8414306640625
"Coryphantha elephantidens",-96.869459,17.263218,"Balsas Basin province","Coryphantha","Mexico",22.7000007629395,23,4,256,-1.29583740234375,27.4456787109375
"Coryphantha elephantidens",-96.932031,17.405322,"Sierra Madre del Sur province","Coryphantha","Mexico",19.2000007629395,18.5166664123535,4,237,2.71188354492188,6.1220703125
"Coryphantha elephantidens",-98.024168,17.50384,"Balsas Basin province","Coryphantha","Mexico",22.1000003814697,21.466667175293,6,279,0.616912841796875,19.701416015625
"Coryphantha elephantidens",-96.845453,17.57514,"Balsas Basin province","Coryphantha","Mexico",23.1000003814697,26.8166656494141,13,268,-4.01162719726562,16.395751953125
"Coryphantha elephantidens",-97.854405,17.602746,"Balsas Basin province","Coryphantha","Mexico",23.0999984741211,22.6166667938232,4,239,-0.9310302734375,14.4552001953125
"Coryphantha elephantidens",-97.12131,17.646915,"Sierra Madre del Sur province","Coryphantha","Mexico",21.0999984741211,18.9833335876465,4,180,1.010498046875,52.23779296875
"Coryphantha elephantidens",-97.123705,17.667874,"Sierra Madre del Sur province","Coryphantha","Mexico",22.2999992370605,20.3666667938232,5,199,0.0880584716796875,71.070556640625
"Coryphantha elephantidens",-97.899377,17.704941,"Balsas Basin province","Coryphantha","Mexico",22.3999996185303,22.8666667938232,5,240,0.5908203125,46.4368896484375
"Coryphantha elephantidens",-97.8903,17.712683,"Balsas Basin province","Coryphantha","Mexico",22.8000011444092,23.0666656494141,5,240,-2.75418090820312,52.8406982421875
"Coryphantha elephantidens",-98.158665,17.762689,"Balsas Basin province","Coryphantha","Mexico",22.8000011444092,26.4166679382324,4,251,0.318496704101562,9.7396240234375
"Coryphantha elephantidens",-97.824849,17.777994,"Balsas Basin province","Coryphantha","Mexico",23.2999992370605,23.3166656494141,5,231,-0.332489013671875,16.19775390625
"Coryphantha pallida",-96.629982,16.29399,"Sierra Madre del Sur province","Coryphantha","Mexico",17.5999984741211,20.466667175293,9,284,0.937637329101562,7.388671875
"Coryphantha pallida",-96.64267,16.31694,"Sierra Madre del Sur province","Coryphantha","Mexico",18.7999992370605,21.3666667938232,6,255,0.0169830322265625,11.1195068359375
"Coryphantha pallida",-96.637847,16.318675,"Sierra Madre del Sur province","Coryphantha","Mexico",19.0999984741211,21.7666664123535,5,241,0.170928955078125,16.0361328125
"Coryphantha pallida",-96.277092,16.866794,"Sierra Madre del Sur province","Coryphantha","Mexico",18.2999992370605,20.966667175293,2,255,3.20692443847656,18.2286376953125
"Coryphantha pallida",-97.217483,17.319028,"Sierra Madre del Sur province","Coryphantha","Mexico",21.7999992370605,20.0666675567627,3,254,-1.64949035644531,19.8890380859375
"Coryphantha pallida",-97.117917,17.32525,"Sierra Madre del Sur province","Coryphantha","Mexico",20.1000003814697,18.8166656494141,3,244,-0.648345947265625,32.455810546875
"Coryphantha pallida",-97.25172,17.32564,"Sierra Madre del Sur province","Coryphantha","Mexico",21.3999996185303,19.6000003814697,3,255,-1.41877746582031,11.710693359375
"Coryphantha pallida",-97.21692,17.33337,"Sierra Madre del Sur province","Coryphantha","Mexico",21.5,19.6000003814697,2,252,-0.20440673828125,2.388671875
"Coryphantha pallida",-97.171361,17.360722,"Sierra Madre del Sur province","Coryphantha","Mexico",20.5,18.2999992370605,3,242,1.32794189453125,19.123046875
"Coryphantha pallida",-97.15251,17.36381,"Sierra Madre del Sur province","Coryphantha","Mexico",21,19.1833324432373,3,240,1.54766845703125,21.532958984375
"Coryphantha pallida",-97.19389,17.37333,"Sierra Madre del Sur province","Coryphantha","Mexico",20.9000015258789,18.5499992370605,4,241,0.84033203125,2.329833984375
"Coryphantha pallida",-97.18535,17.38428,"Sierra Madre del Sur province","Coryphantha","Mexico",21.3999996185303,19.1333332061768,3,239,-2.5164794921875,22.10791015625
"Coryphantha pallida",-97.022583,17.412861,"Sierra Madre del Sur province","Coryphantha","Mexico",22.5999984741211,23.1333332061768,5,255,-3.40469360351562,15.6370849609375
"Coryphantha pallida",-97.3275,17.41747,"Sierra Madre del Sur province","Coryphantha","Mexico",21.2000007629395,18.033332824707,4,246,0.120330810546875,12.0703125
"Coryphantha pallida",-97.13103,17.41961,"Sierra Madre del Sur province","Coryphantha","Mexico",20.5,18.5666675567627,2,225,-1.80361938476562,32.413818359375
"Coryphantha pallida",-97.03527,17.43858,"Sierra Madre del Sur province","Coryphantha","Mexico",20.5,21.0499992370605,5,234,4.8876953125,25.6544189453125
"Coryphantha pallida",-97.1761,17.4594,"Sierra Madre del Sur province","Coryphantha","Mexico",21.2000007629395,18.1666660308838,2,216,0.717803955078125,6.33544921875
"Coryphantha pallida",-97.06133,17.46744,"Sierra Madre del Sur province","Coryphantha","Mexico",22,22.033332824707,5,246,2.91546630859375,30.8759765625
"Coryphantha pallida",-97.2012,17.47719,"Sierra Madre del Sur province","Coryphantha","Mexico",21.2999992370605,18.0166664123535,2,214,0.764801025390625,23.3310546875
"Coryphantha pallida",-97.217472,17.4905,"Sierra Madre del Sur province","Coryphantha","Mexico",21.6999988555908,18.4333324432373,2,215,-0.394805908203125,15.03173828125
"Coryphantha pallida",-97.45733,17.50042,"Sierra Madre del Sur province","Coryphantha","Mexico",21.7000007629395,17.75,5,247,-1.07723999023438,15.956298828125
"Coryphantha pallida",-97.459191,17.504962,"Sierra Madre del Sur province","Coryphantha","Mexico",21.7000007629395,17.5499992370605,5,248,0.47674560546875,6.593017578125
"Coryphantha pallida",-97.15243,17.51784,"Sierra Madre del Sur province","Coryphantha","Mexico",19.6000003814697,16.4166660308838,2,212,2.13601684570312,11.52685546875
"Coryphantha pallida",-97.32988,17.54942,"Sierra Madre del Sur province","Coryphantha","Mexico",21.7999992370605,17.5833339691162,3,221,3.40994262695312,19.966552734375
"Coryphantha pallida",-97.320982,17.551613,"Sierra Madre del Sur province","Coryphantha","Mexico",21.5999984741211,17.4833335876465,4,218,2.30224609375,10.7021484375
"Coryphantha pallida",-98.042082,17.552005,"Balsas Basin province","Coryphantha","Mexico",22.5999984741211,23.5499992370605,3,243,2.45285034179688,12.824462890625
"Coryphantha pallida",-97.277264,17.55546,"Sierra Madre del Sur province","Coryphantha","Mexico",21.7999992370605,18.283332824707,3,210,-0.4537353515625,9.920166015625
"Coryphantha pallida",-97.513139,17.559778,"Sierra Madre del Sur province","Coryphantha","Mexico",21.2999992370605,16.7999992370605,5,258,-1.90478515625,18.232666015625
"Coryphantha pallida",-97.470667,17.563333,"Sierra Madre del Sur province","Coryphantha","Mexico",21.1000003814697,16.466667175293,5,252,0.049530029296875,7.928466796875
"Coryphantha pallida",-97.187972,17.576194,"Sierra Madre del Sur province","Coryphantha","Mexico",20,16.6000003814697,2,185,-1.83673095703125,14.802734375
"Coryphantha pallida",-97.05275,17.58317,"Sierra Madre del Sur province","Coryphantha","Mexico",19.5,18.7000007629395,3,185,-3.38760375976562,13.01611328125
"Coryphantha pallida",-97.343561,17.602205,"Sierra Madre del Sur province","Coryphantha","Mexico",20.1000003814697,15.75,5,241,0.2147216796875,16.090576171875
"Coryphantha pallida",-96.925194,17.609336,"Balsas Basin province","Coryphantha","Mexico",23.5,26.6500015258789,12,269,1.52581787109375,16.80712890625
"Coryphantha pallida",-96.924249,17.609399,"Balsas Basin province","Coryphantha","Mexico",23.3999996185303,26.6833343505859,12,273,-0.680374145507812,15.101806640625
"Coryphantha pallida",-96.903676,17.611329,"Balsas Basin province","Coryphantha","Mexico",23.2000007629395,27.1333332061768,11,248,-5.32797241210938,71.8167114257812
"Coryphantha pallida",-96.911049,17.644899,"Balsas Basin province","Coryphantha","Mexico",22.7999992370605,27.8666667938232,5,173,-0.264793395996094,18.1064453125
"Coryphantha pallida",-96.937909,17.658761,"Balsas Basin province","Coryphantha","Mexico",23.0999984741211,27.9333324432373,4,173,1.87528991699219,7.26287841796875
"Coryphantha pallida",-97.25885,17.664607,"Sierra Madre del Sur province","Coryphantha","Mexico",19.5,15.1666669845581,5,233,0.53448486328125,9.942626953125
"Coryphantha pallida",-97.532528,17.66875,"Sierra Madre del Sur province","Coryphantha","Mexico",23.5,19.8999996185303,5,230,-0.712478637695312,13.8583984375
"Coryphantha pallida",-97.928009,17.668938,"Sierra Madre del Sur province","Coryphantha","Mexico",21.4000015258789,22.6000003814697,4,252,5.98094177246094,57.0672607421875
"Coryphantha pallida",-97.43075,17.67267,"Sierra Madre del Sur province","Coryphantha","Mexico",21.7000007629395,17.4500007629395,5,232,-3.76223754882812,27.072021484375
"Coryphantha pallida",-97.553781,17.677348,"Sierra Madre del Sur province","Coryphantha","Mexico",23.6000003814697,20.1166667938232,4,232,2.14682006835938,5.543701171875
"Coryphantha pallida",-96.95639,17.68306,"Balsas Basin province","Coryphantha","Mexico",23.7000007629395,27.5166664123535,11,240,0.451019287109375,14.5672607421875
"Coryphantha pallida",-96.958912,17.683569,"Balsas Basin province","Coryphantha","Mexico",23.7000007629395,27.0833339691162,14,275,1.59359741210938,16.7235107421875
"Coryphantha pallida",-97.4355,17.684972,"Sierra Madre del Sur province","Coryphantha","Mexico",22,17.9333343505859,5,230,-0.573455810546875,11.557861328125
"Coryphantha pallida",-96.957254,17.688544,"Balsas Basin province","Coryphantha","Mexico",23.7000007629395,27.4333343505859,12,253,-0.991836547851562,48.9173583984375
"Coryphantha pallida",-97.407055,17.691917,"Sierra Madre del Sur province","Coryphantha","Mexico",21.2000007629395,16.7999992370605,6,229,-0.994781494140625,14.469970703125
"Coryphantha pallida",-96.931702,17.695768,"Balsas Basin province","Coryphantha","Mexico",22.9000015258789,28.0499992370605,4,161,-0.268112182617188,13.4955444335938
"Coryphantha pallida",-97.245742,17.702177,"Sierra Madre del Sur province","Coryphantha","Mexico",19.1000003814697,14.8833332061768,5,240,0.0462646484375,14.163818359375
"Coryphantha pallida",-97.582377,17.703575,"Sierra Madre del Sur province","Coryphantha","Mexico",23.3000011444092,20.2666664123535,4,233,-0.426254272460938,25.476806640625
"Coryphantha pallida",-97.259231,17.705408,"Sierra Madre del Sur province","Coryphantha","Mexico",20.2999992370605,15.8499994277954,3,219,-0.153594970703125,40.612060546875
"Coryphantha pallida",-96.95572,17.70567,"Balsas Basin province","Coryphantha","Mexico",23.7000007629395,27.716667175293,11,238,-2.48086547851562,18.4719848632812
"Coryphantha pallida",-97.383333,17.716667,"Sierra Madre del Sur province","Coryphantha","Mexico",22.6999988555908,19.1666660308838,5,215,-1.03521728515625,7.73779296875
"Coryphantha pallida",-97.391667,17.725,"Sierra Madre del Sur province","Coryphantha","Mexico",22.2999992370605,18.1499996185303,6,219,2.31201171875,8.277587890625
"Coryphantha pallida",-96.98797,17.735455,"Balsas Basin province","Coryphantha","Mexico",23.6999988555908,28.1499996185303,6,181,1.55580902099609,6.2271728515625
"Coryphantha pallida",-97.52694,17.73972,"Sierra Madre del Sur province","Coryphantha","Mexico",23.0999984741211,19.5166664123535,4,232,2.31179809570312,12.1923828125
"Coryphantha pallida",-97.295507,17.743196,"Sierra Madre del Sur province","Coryphantha","Mexico",22,17.8166675567627,4,194,1.40304565429688,11.203857421875
"Coryphantha pallida",-96.983889,17.746111,"Balsas Basin province","Coryphantha","Mexico",23.6000003814697,28.3166656494141,4,164,1.22576904296875,3.21649169921875
"Coryphantha pallida",-96.9775,17.746667,"Balsas Basin province","Coryphantha","Mexico",23.6000003814697,28.3166675567627,4,162,-1.30436706542969,29.6549682617188
"Coryphantha pallida",-96.962854,17.758424,"Balsas Basin province","Coryphantha","Mexico",23.2999992370605,28.3500003814697,4,159,0.249519348144531,27.25341796875
"Coryphantha pallida",-97.399927,17.762446,"Sierra Madre del Sur province","Coryphantha","Mexico",23,19.6166667938232,5,206,-0.671600341796875,11.090576171875
"Coryphantha pallida",-97.270306,17.764722,"Sierra Madre del Sur province","Coryphantha","Mexico",22.2999992370605,18.3666667938232,4,185,0.803466796875,14.46728515625
"Coryphantha pallida",-97.094752,17.780115,"Balsas Basin province","Coryphantha","Mexico",21.6000003814697,21.533332824707,6,213,-0.651138305664062,13.4593505859375
"Coryphantha pallida",-97.292554,17.780446,"Sierra Madre del Sur province","Coryphantha","Mexico",22.7000007629395,19.2333335876465,4,188,1.21249389648438,20.424560546875
"Coryphantha pallida",-97.055278,17.785,"Sierra Madre del Sur province","Coryphantha","Mexico",21,23.2000007629395,10,245,0.781845092773438,36.114990234375
"Coryphantha pallida",-97.029444,17.795556,"Balsas Basin province","Coryphantha","Mexico",23.6999988555908,26.8333339691162,15,284,1.218994140625,38.002197265625
"Coryphantha pallida",-97.040278,17.796111,"Balsas Basin province","Coryphantha","Mexico",22.3999977111816,25.6333332061768,14,289,1.4808349609375,11.7999267578125
"Coryphantha pallida",-97.138694,17.802083,"Sierra Madre del Sur province","Coryphantha","Mexico",24.0999984741211,24.0666656494141,10,247,0.655227661132812,10.1092529296875
"Coryphantha pallida",-96.976819,17.803182,"Balsas Basin province","Coryphantha","Mexico",23.6000003814697,28.4500007629395,4,156,-0.306404113769531,9.42431640625
"Coryphantha pallida",-97.303,17.804,"Sierra Madre del Sur province","Coryphantha","Mexico",23.7000007629395,21.3333339691162,3,167,-1.29878234863281,6.7225341796875
"Coryphantha pallida",-97.49286,17.80439,"Sierra Madre del Sur province","Coryphantha","Mexico",21.3999996185303,16.9833335876465,6,242,0.506805419921875,8.574951171875
"Coryphantha pallida",-97.457553,17.80722,"Sierra Madre del Sur province","Coryphantha","Mexico",22.5,18.4166660308838,5,227,0.476318359375,11.112060546875
"Coryphantha pallida",-96.991111,17.808333,"Balsas Basin province","Coryphantha","Mexico",23.7000007629395,28.5833339691162,4,151,-1.19351196289062,2.51605224609375
"Coryphantha pallida",-96.989444,17.809444,"Balsas Basin province","Coryphantha","Mexico",23.7000007629395,28.5833339691162,4,152,0.337165832519531,1.9688720703125
"Coryphantha pallida",-97.01469,17.81163,"Balsas Basin province","Coryphantha","Mexico",24.0999984741211,28.1666679382324,6,185,1.54853057861328,20.6943359375
"Coryphantha pallida",-97.000961,17.813289,"Balsas Basin province","Coryphantha","Mexico",23.9000015258789,28.4833335876465,5,158,1.53186798095703,23.5980834960938
"Coryphantha pallida",-96.996467,17.815436,"Balsas Basin province","Coryphantha","Mexico",23.7000007629395,28.7000007629395,4,150,0.527992248535156,14.1547241210938
"Coryphantha pallida",-97.48333,17.81667,"Sierra Madre del Sur province","Coryphantha","Mexico",22.2999992370605,18.3333339691162,4,232,1.40420532226562,22.63330078125
"Coryphantha pallida",-97.340432,17.822431,"Sierra Madre del Sur province","Coryphantha","Mexico",22.9000015258789,18.6833343505859,5,200,1.31085205078125,11.3818359375
"Coryphantha pallida",-96.941028,17.832389,"Sierra Madre del Sur province","Coryphantha","Mexico",24.1000022888184,26.8500003814697,21,320,4.57833862304688,17.01318359375
"Coryphantha pallida",-97.49528,17.83333,"Sierra Madre del Sur province","Coryphantha","Mexico",21.5,17.3333339691162,7,239,0.0281982421875,16.33154296875
"Coryphantha pallida",-97.022805,17.835886,"Balsas Basin province","Coryphantha","Mexico",24,28.4500007629395,5,159,1.03946685791016,23.2957763671875
"Coryphantha pallida",-97.231389,17.838333,"Sierra Madre del Sur province","Coryphantha","Mexico",22,19.3500003814697,5,175,1.63021850585938,10.5029296875
"Coryphantha pallida",-97.018293,17.848501,"Balsas Basin province","Coryphantha","Mexico",23.8999977111816,28.6333332061768,3,146,-0.148185729980469,9.54974365234375
"Coryphantha pallida",-97.234361,17.849861,"Sierra Madre del Sur province","Coryphantha","Mexico",21.0999984741211,17.716667175293,5,188,0.51763916015625,19.56982421875
"Coryphantha pallida",-97.023056,17.850556,"Balsas Basin province","Coryphantha","Mexico",23.9000015258789,28.75,3,144,-2.13555908203125,25.3572387695312
"Coryphantha pallida",-97.357721,17.853698,"Sierra Madre del Sur province","Coryphantha","Mexico",22.5,17.9333324432373,4,211,2.9456787109375,55.599853515625
"Coryphantha pallida",-97.264154,17.856084,"Sierra Madre del Sur province","Coryphantha","Mexico",23.5,22.1166667938232,3,155,-3.29812622070312,42.319091796875
"Coryphantha pallida",-97.065398,17.856271,"Balsas Basin province","Coryphantha","Mexico",24.8000011444092,27.3333339691162,8,198,-3.33261871337891,29.41650390625
"Coryphantha pallida",-97.043633,17.861384,"Balsas Basin province","Coryphantha","Mexico",24.5000019073486,28.0166664123535,9,203,-2.54666137695312,29.7626342773438
"Coryphantha pallida",-97.038047,17.862087,"Balsas Basin province","Coryphantha","Mexico",24.1999988555908,28.3999996185303,6,182,1.64637756347656,35.2714233398438
"Coryphantha pallida",-97.03256,17.865236,"Balsas Basin province","Coryphantha","Mexico",24,28.5833339691162,4,162,-2.16375732421875,29.6646118164062
"Coryphantha pallida",-97.037047,17.867225,"Balsas Basin province","Coryphantha","Mexico",24.2000007629395,28.4500007629395,6,180,2.80974578857422,20.470947265625
"Coryphantha pallida",-97.026322,17.868599,"Balsas Basin province","Coryphantha","Mexico",24,28.6499996185303,4,157,3.15499877929688,36.847412109375
"Coryphantha pallida",-97.023507,17.868803,"Balsas Basin province","Coryphantha","Mexico",24,28.75,4,152,-1.27733612060547,45.4617309570312
"Coryphantha pallida",-97.353651,17.873157,"Sierra Madre del Sur province","Coryphantha","Mexico",23.7000007629395,19.5833339691162,4,188,-0.039794921875,6.798828125
"Coryphantha pallida",-97.263336,17.8876,"Sierra Madre del Sur province","Coryphantha","Mexico",21.8999996185303,20.6166667938232,3,163,-0.443283081054688,40.5357666015625
"Coryphantha pallida",-96.982434,17.893419,"Balsas Basin province","Coryphantha","Mexico",23.9000015258789,28.466667175293,6,174,0.0149688720703125,24.4622192382812
"Coryphantha pallida",-96.966619,17.902269,"Balsas Basin province","Coryphantha","Mexico",23.8999996185303,27.7999992370605,10,233,-2.10543823242188,23.5784912109375
"Coryphantha pallida",-97.352555,17.902603,"Sierra Madre del Sur province","Coryphantha","Mexico",23.5999984741211,19.25,5,199,-0.0150146484375,2.7646484375
"Coryphantha pallida",-96.970153,17.904733,"Balsas Basin province","Coryphantha","Mexico",23.7999992370605,28.1499996185303,7,198,1.52812194824219,9.346923828125
"Coryphantha pallida",-97.468704,17.904863,"Sierra Madre del Sur province","Coryphantha","Mexico",21.4000015258789,17.7999992370605,6,234,0.90740966796875,37.80810546875
"Coryphantha pallida",-97.453279,17.91443,"Sierra Madre del Sur province","Coryphantha","Mexico",21.5999984741211,17.8500003814697,6,232,0.683319091796875,6.47900390625
"Coryphantha pallida",-97.418282,17.917166,"Sierra Madre del Sur province","Coryphantha","Mexico",22.5999984741211,18.5499992370605,6,225,0.11566162109375,7.028564453125
"Coryphantha pallida",-97.009911,17.938669,"Balsas Basin province","Coryphantha","Mexico",24.0999984741211,28.75,6,179,0.411293029785156,3.6453857421875
"Coryphantha pallida",-97.36877,17.942429,"Sierra Madre del Sur province","Coryphantha","Mexico",23.4000015258789,19.0666656494141,5,216,0.041717529296875,22.16650390625
"Coryphantha pallida",-97.014603,17.979898,"Balsas Basin province","Coryphantha","Mexico",24.5000019073486,28.1000003814697,10,236,-2.10186004638672,25.1203002929688
"Coryphantha pallida",-97.470403,18.004478,"Sierra Madre del Sur province","Coryphantha","Mexico",23.3000011444092,23.1166667938232,6,179,-0.605545043945312,29.9365234375
"Coryphantha pallida",-97.052222,18.007778,"Balsas Basin province","Coryphantha","Mexico",24.4999980926514,28.283332824707,8,210,-0.328964233398438,5.17144775390625
"Coryphantha pallida",-97.653069,18.009418,"Balsas Basin province","Coryphantha","Mexico",21.2000007629395,20.5,4,229,-0.004486083984375,27.768310546875
"Coryphantha pallida",-97.683144,18.027174,"Balsas Basin province","Coryphantha","Mexico",20.8999996185303,20.2999992370605,5,236,-2.247314453125,13.8892822265625
"Coryphantha pallida",-97.024667,18.028833,"Balsas Basin province","Coryphantha","Mexico",24,26.7666664123535,19,335,-3.6015625,42.4571533203125
"Coryphantha pallida",-97.116158,18.048411,"Balsas Basin province","Coryphantha","Mexico",24.6999988555908,28.2333335876465,7,199,-0.272697448730469,6.4942626953125
"Coryphantha pallida",-97.04788,18.05105,"Balsas Basin province","Coryphantha","Mexico",25.6000003814697,27.1499996185303,14,262,-4.7020263671875,18.6162719726562
"Coryphantha pallida",-97.080556,18.072222,"Balsas Basin province","Coryphantha","Mexico",25.4000015258789,27.9333343505859,10,231,-1.57859039306641,10.3135986328125
"Coryphantha pallida",-97.167,18.083,"Balsas Basin province","Coryphantha","Mexico",25.4000015258789,27.5166664123535,5,166,-0.196037292480469,14.0509033203125
"Coryphantha pallida",-97.016616,18.090218,"Sierra Madre del Sur province","Coryphantha","Mexico",21.3999996185303,22.5,15,358,-2.70672607421875,37.8568115234375
"Coryphantha pallida",-97.623889,18.103333,"Balsas Basin province","Coryphantha","Mexico",21,20.2333335876465,4,226,2.55430603027344,21.56005859375
"Coryphantha pallida",-97.163558,18.124172,"Balsas Basin province","Coryphantha","Mexico",25.7000007629395,27.8999996185303,6,177,3.16049194335938,29.15234375
"Coryphantha pallida",-97.058888,18.129999,"Balsas Basin province","Coryphantha","Mexico",26.5,26.8333339691162,15,254,0.0771026611328125,32.642333984375
"Coryphantha pallida",-97.166497,18.167147,"Balsas Basin province","Coryphantha","Mexico",26.2000007629395,27.6166667938232,4,162,-0.0299911499023438,5.458740234375
"Coryphantha retusa",-96.586652,16.186773,"Sierra Madre del Sur province","Coryphantha","Mexico",14.9000005722046,18.5833339691162,5,148,0.341705322265625,41.83251953125
"Coryphantha retusa",-96.729281,16.208367,"Sierra Madre del Sur province","Coryphantha","Mexico",16.3999996185303,20.4499988555908,4,323,6.0352783203125,18.468505859375
"Coryphantha retusa",-96.473454,16.20954,"Sierra Madre del Sur province","Coryphantha","Mexico",15.5000009536743,18.8333339691162,9,325,-1.61798095703125,42.841064453125
"Coryphantha retusa",-96.689381,16.21969,"Sierra Madre del Sur province","Coryphantha","Mexico",14.8000011444092,17.3666667938232,8,351,-0.419158935546875,22.76123046875
"Coryphantha retusa",-96.779069,16.226694,"Sierra Madre del Sur province","Coryphantha","Mexico",18,21.9333343505859,4,374,-2.700439453125,29.68798828125
"Coryphantha retusa",-96.762657,16.236555,"Sierra Madre del Sur province","Coryphantha","Mexico",18,21.716667175293,3,336,4.6116943359375,25.2757568359375
"Coryphantha retusa",-96.713027,16.244274,"Sierra Madre del Sur province","Coryphantha","Mexico",16.6000003814697,19.4500007629395,7,324,1.22805786132812,28.304931640625
"Coryphantha retusa",-96.765612,16.248773,"Sierra Madre del Sur province","Coryphantha","Mexico",17.9000015258789,21.5166664123535,3,324,-3.15066528320312,43.3441162109375
"Coryphantha retusa",-96.678957,16.254835,"Sierra Madre del Sur province","Coryphantha","Mexico",16.5,18.7999992370605,10,322,-1.8656005859375,21.312255859375
"Coryphantha retusa",-96.634426,16.262185,"Sierra Madre del Sur province","Coryphantha","Mexico",16.7999992370605,19.6333332061768,11,301,-3.89712524414062,33.185791015625
"Coryphantha retusa",-96.600389,16.264666,"Sierra Madre del Sur province","Coryphantha","Mexico",17.3999996185303,20.6166667938232,9,279,0.555633544921875,23.1268310546875
"Coryphantha retusa",-96.75059,16.274029,"Sierra Madre del Sur province","Coryphantha","Mexico",17.9000015258789,20.9333343505859,3,309,3.70115661621094,41.330322265625
"Coryphantha retusa",-96.750986,16.280339,"Sierra Madre del Sur province","Coryphantha","Mexico",18,20.8666667938232,4,307,-2.26434326171875,39.3052978515625
"Coryphantha retusa",-96.668955,16.296019,"Sierra Madre del Sur province","Coryphantha","Mexico",17.2999992370605,19.4500007629395,9,308,2.83737182617188,39.467041015625
"Coryphantha retusa",-96.68197,16.296925,"Sierra Madre del Sur province","Coryphantha","Mexico",17.2999992370605,19.2999992370605,9,311,-4.29354858398438,18.60107421875
"Coryphantha retusa",-96.705809,16.302235,"Sierra Madre del Sur province","Coryphantha","Mexico",17.5999984741211,19.8333320617676,8,302,-4.12283325195312,17.470703125
"Coryphantha retusa",-96.784673,16.304107,"Sierra Madre del Sur province","Coryphantha","Mexico",18.9000015258789,22.0666656494141,3,324,0.0986175537109375,13.6590576171875
"Coryphantha retusa",-96.674658,16.304718,"Sierra Madre del Sur province","Coryphantha","Mexico",17.7000007629395,19.9333324432373,8,297,1.55551147460938,11.4156494140625
"Coryphantha retusa",-96.763569,16.343695,"Sierra Madre del Sur province","Coryphantha","Mexico",17.7000007629395,20.2333335876465,6,125,0.2587890625,15.0361328125
"Coryphantha retusa",-96.747113,16.343882,"Sierra Madre del Sur province","Coryphantha","Mexico",18.8999996185303,21.25,4,282,0.419601440429688,13.46826171875
"Coryphantha retusa",-96.669294,16.345911,"Balsas Basin province","Coryphantha","Mexico",19.5999984741211,22.0833339691162,3,248,0.3828125,9.0567626953125
"Coryphantha retusa",-96.696139,16.348196,"Sierra Madre del Sur province","Coryphantha","Mexico",19,21.4500007629395,4,263,0.752090454101562,22.7403564453125
"Coryphantha retusa",-96.734461,16.348572,"Balsas Basin province","Coryphantha","Mexico",19.1000003814697,21.5,4,278,-0.713592529296875,8.0948486328125
"Coryphantha retusa",-96.52955,16.35797,"Balsas Basin province","Coryphantha","Mexico",20.2999992370605,23.2000007629395,1,198,0.333343505859375,5.9512939453125
"Coryphantha retusa",-96.644094,16.36533,"Balsas Basin province","Coryphantha","Mexico",20.2000007629395,22.783332824707,2,248,-0.0954437255859375,9.8939208984375
"Coryphantha retusa",-96.730836,16.366378,"Balsas Basin province","Coryphantha","Mexico",19.6999988555908,21.9833335876465,3,272,0.204025268554688,3.0408935546875
"Coryphantha retusa",-96.793307,16.385185,"Sierra Madre del Sur province","Coryphantha","Mexico",17.5,20.3166675567627,4,124,0.65325927734375,30.8603515625
"Coryphantha retusa",-96.774484,16.388843,"Sierra Madre del Sur province","Coryphantha","Mexico",18,20.5833339691162,5,291,1.76864624023438,29.92138671875
"Coryphantha retusa",-96.671,16.390363,"Balsas Basin province","Coryphantha","Mexico",20.2000007629395,22.8833332061768,1,260,0.201461791992188,6.447509765625
"Coryphantha retusa",-96.676417,16.39522,"Balsas Basin province","Coryphantha","Mexico",20.2000007629395,22.8833332061768,1,263,0.281600952148438,5.304931640625
"Coryphantha retusa",-96.798903,16.398957,"Sierra Madre del Sur province","Coryphantha","Mexico",17.2000007629395,20.1333332061768,5,124,-1.93548583984375,40.61767578125
"Coryphantha retusa",-96.395811,16.404557,"Pacific Lowlands province","Coryphantha","Mexico",18.8000011444092,23.1833343505859,3,171,0.24822998046875,16.87744140625
"Coryphantha retusa",-96.387367,16.420578,"Sierra Madre del Sur province","Coryphantha","Mexico",18.7999992370605,23.5499992370605,3,191,-3.13340759277344,26.500244140625
"Coryphantha retusa",-96.668726,16.473221,"Balsas Basin province","Coryphantha","Mexico",19.8999996185303,22.3333320617676,1,237,2.16192626953125,21.16748046875
"Coryphantha retusa",-95.564298,16.481942,"Pacific Lowlands province","Coryphantha","Mexico",17.6999988555908,27.9166660308838,0,173,-3.27633285522461,9.68057250976562
"Coryphantha retusa",-96.442042,16.584968,"Balsas Basin province","Coryphantha","Mexico",20.1999988555908,23.8833332061768,3,257,-0.671295166015625,20.2574462890625
"Coryphantha retusa",-96.922822,16.728566,"Sierra Madre del Sur province","Coryphantha","Mexico",16.5,18.6666660308838,5,280,-0.892547607421875,56.615966796875
"Coryphantha retusa",-96.582395,16.806049,"Balsas Basin province","Coryphantha","Mexico",18.4000015258789,20.283332824707,4,107,-2.45704650878906,30.093994140625
"Coryphantha retusa",-96.258311,16.836327,"Sierra Madre del Sur province","Coryphantha","Mexico",18.5,21.3166656494141,3,252,-7.28018188476562,53.1368408203125
"Coryphantha retusa",-96.36525,16.83638,"Sierra Madre del Sur province","Coryphantha","Mexico",19.2000007629395,20.6499996185303,1,242,0.654647827148438,13.63427734375
"Coryphantha retusa",-96.328638,16.839375,"Sierra Madre del Sur province","Coryphantha","Mexico",16.6000003814697,18.8166656494141,2,104,-5.30252075195312,22.32470703125
"Coryphantha retusa",-96.311414,16.840153,"Sierra Madre del Sur province","Coryphantha","Mexico",18.6000003814697,20.716667175293,1,244,-0.547683715820312,50.4608154296875
"Coryphantha retusa",-96.277268,16.864492,"Sierra Madre del Sur province","Coryphantha","Mexico",19.7000007629395,22.1000003814697,3,276,2.4488525390625,33.9161376953125
"Coryphantha retusa",-96.593995,16.882629,"Balsas Basin province","Coryphantha","Mexico",20.3999996185303,21.1000003814697,2,264,0.815109252929688,25.9287109375
"Coryphantha retusa",-96.413092,16.892427,"Balsas Basin province","Coryphantha","Mexico",21.6000003814697,22.2000007629395,2,268,-0.08245849609375,4.268310546875
"Coryphantha retusa",-96.596576,16.899499,"Balsas Basin province","Coryphantha","Mexico",20.5999984741211,21.2999992370605,1,261,2.09309387207031,26.18701171875
"Coryphantha retusa",-96.331555,16.922417,"Balsas Basin province","Coryphantha","Mexico",19.8999996185303,21.216667175293,2,274,0.322128295898438,7.760986328125
"Coryphantha retusa",-96.39914,16.93433,"Sierra Madre del Sur province","Coryphantha","Mexico",21,21.9500007629395,2,277,0.616561889648438,6.3028564453125
"Coryphantha retusa",-96.40061,16.93942,"Sierra Madre del Sur province","Coryphantha","Mexico",20.4000015258789,21.466667175293,2,268,-0.650283813476562,21.1241455078125
"Coryphantha retusa",-96.44144,16.99644,"Balsas Basin province","Coryphantha","Mexico",20.7000007629395,21.3333320617676,3,283,0.0957794189453125,2.2005615234375
"Coryphantha retusa",-96.516889,17.041194,"Balsas Basin province","Coryphantha","Mexico",20.5,21.1499996185303,2,272,-3.24150085449219,11.0401611328125
"Coryphantha retusa",-96.95657,17.192402,"Sierra Madre del Sur province","Coryphantha","Mexico",18.6000003814697,19.3500003814697,4,253,1.4197998046875,39.183837890625
"Coryphantha retusa",-96.976846,17.374084,"Sierra Madre del Sur province","Coryphantha","Mexico",21.3999996185303,21.5166664123535,5,250,-3.1104736328125,24.1280517578125
"Coryphantha retusa",-97.457032,17.43368,"Sierra Madre del Sur province","Coryphantha","Mexico",18.6000003814697,15.1666669845581,6,272,0.6612548828125,12.191650390625
"Coryphantha retusa",-97.221056,17.47375,"Sierra Madre del Sur province","Coryphantha","Mexico",22,18.8999996185303,1,223,-2.11309814453125,4.0302734375
"Coryphantha retusa",-97.861972,17.633357,"Balsas Basin province","Coryphantha","Mexico",23.0999984741211,22.8333320617676,4,237,-0.725875854492188,14.7777099609375
"Coryphantha retusa",-97.821575,17.634339,"Balsas Basin province","Coryphantha","Mexico",23.9999980926514,23.5499992370605,3,244,0.590011596679688,5.55517578125
"Coryphantha retusa",-97.631421,17.679703,"Sierra Madre del Sur province","Coryphantha","Mexico",21.7999992370605,19.7333335876465,3,246,2.11428833007812,14.2177734375
"Coryphantha retusa",-97.838108,17.686627,"Balsas Basin province","Coryphantha","Mexico",23.6000022888184,24,3,238,0.0136566162109375,1.25634765625
"Coryphantha retusa",-97.774907,17.704439,"Balsas Basin province","Coryphantha","Mexico",23,23.1833324432373,4,236,-2.7269287109375,22.2183837890625
"Coryphantha retusa",-97.646472,17.709694,"Sierra Madre del Sur province","Coryphantha","Mexico",21.7999992370605,20.0499992370605,4,246,-8.04925537109375,25.863525390625
"Coryphantha retusa",-97.497462,17.726874,"Sierra Madre del Sur province","Coryphantha","Mexico",22.3999996185303,18.2999992370605,4,239,-1.13211059570312,7.410888671875
"Coryphantha retusa",-97.637199,17.75247,"Sierra Madre del Sur province","Coryphantha","Mexico",21.2000007629395,19.5166664123535,3,247,1.6671142578125,25.921630859375
"Coryphantha retusa",-97.204134,17.757392,"Sierra Madre del Sur province","Coryphantha","Mexico",18,14.2999992370605,8,242,-0.222503662109375,11.677978515625
"Coryphantha retusa",-97.936522,17.787316,"Balsas Basin province","Coryphantha","Mexico",21.7000007629395,22.3166675567627,7,258,0.28179931640625,39.0523681640625
"Coryphantha retusa",-97.757694,17.80997,"Balsas Basin province","Coryphantha","Mexico",23.8000011444092,23.7999992370605,5,216,-0.24530029296875,0.9976806640625
"Coryphantha retusa",-97.483333,17.816667,"Sierra Madre del Sur province","Coryphantha","Mexico",22.2999992370605,18.3333339691162,4,232,1.40420532226562,22.63330078125
"Coryphantha retusa",-97.79655,17.82216,"Balsas Basin province","Coryphantha","Mexico",23.5,23.3333339691162,5,223,-0.412353515625,7.2833251953125
"Coryphantha retusa",-97.270286,17.842921,"Sierra Madre del Sur province","Coryphantha","Mexico",23.1000003814697,21.0166664123535,4,161,0.0508880615234375,4.88037109375
"Coryphantha retusa",-97.797944,17.852417,"Balsas Basin province","Coryphantha","Mexico",23,22.75,5,226,-2.64248657226562,13.3353271484375
"Coryphantha retusa",-97.451119,17.865837,"Sierra Madre del Sur province","Coryphantha","Mexico",22.3000011444092,18.033332824707,7,230,-1.1036376953125,18.6572265625
"Coryphantha retusa",-97.523096,17.887979,"Sierra Madre del Sur province","Coryphantha","Mexico",19,14.9499998092651,8,254,-0.544769287109375,37.9453125
"Coryphantha retusa",-97.606674,17.899794,"Sierra Madre del Sur province","Coryphantha","Mexico",20.1999988555908,17.4500007629395,3,250,1.64862060546875,51.868896484375
"Coryphantha retusa",-98.012046,17.906906,"Balsas Basin province","Coryphantha","Mexico",22.5000019073486,24.4500007629395,6,221,1.66819763183594,7.1900634765625
"Coryphantha retusa",-97.660942,17.911767,"Sierra Madre del Sur province","Coryphantha","Mexico",21.9000015258789,20.6833324432373,4,240,-6.125244140625,74.374755859375
"Coryphantha retusa",-98.16772,17.936586,"Balsas Basin province","Coryphantha","Mexico",23.1000003814697,26.5666675567627,2,230,4.42591857910156,49.7772216796875
"Coryphantha retusa",-97.563416,17.942117,"Sierra Madre del Sur province","Coryphantha","Mexico",19.4000015258789,16.2000007629395,3,246,-1.51254272460938,48.9375
"Coryphantha retusa",-97.446491,17.942188,"Sierra Madre del Sur province","Coryphantha","Mexico",22.1999988555908,19.3500003814697,5,223,-2.80621337890625,60.109130859375
"Coryphantha retusa",-97.634523,17.947183,"Sierra Madre del Sur province","Coryphantha","Mexico",21.2999992370605,20.6833343505859,3,224,-0.1549072265625,40.79833984375
"Coryphantha retusa",-97.399666,17.988563,"Sierra Madre del Sur province","Coryphantha","Mexico",23.6000003814697,21.3500003814697,4,191,-0.532424926757812,35.3541259765625
"Coryphantha retusa",-97.257065,18.008094,"Sierra Madre del Sur province","Coryphantha","Mexico",25,24.7666664123535,7,179,4.41358947753906,39.962158203125
"Coryphantha retusa",-97.650602,18.023779,"Balsas Basin province","Coryphantha","Mexico",21,19.7333335876465,4,239,-0.187042236328125,35.6788330078125
"Coryphantha retusa",-97.692833,18.05925,"Balsas Basin province","Coryphantha","Mexico",20.7999992370605,21.3999996185303,5,220,-1.43399047851562,6.7279052734375
"Coryphantha retusa",-97.728674,18.078117,"Balsas Basin province","Coryphantha","Mexico",20.7000007629395,21.6499996185303,4,226,0.153778076171875,6.594482421875
"Coryphantha retusa",-97.623198,18.096336,"Balsas Basin province","Coryphantha","Mexico",21.1000003814697,20.4333324432373,3,223,2.0745849609375,11.2030029296875
"Coryphantha retusa",-97.796463,18.106955,"Balsas Basin province","Coryphantha","Mexico",21,23.4333343505859,5,180,0.710479736328125,25.1373291015625
"Coryphantha retusa",-97.645804,18.143345,"Balsas Basin province","Coryphantha","Mexico",20.8000011444092,20.6833343505859,4,227,1.05426025390625,27.24560546875
"Coryphantha retusa",-97.6625,18.203083,"Balsas Basin province","Coryphantha","Mexico",20.6000003814697,21.283332824707,4,223,-0.197555541992188,10.04541015625
"Coryphantha retusa",-97.658611,18.20875,"Balsas Basin province","Coryphantha","Mexico",20.7000007629395,21.2666664123535,4,223,0.179336547851562,31.455322265625
"Disocactus ackermannii",-95.528055,16.684167,"Pacific Lowlands province","Disocactus","Mexico",17.8999996185303,25.1833343505859,6,210,3.6658935546875,25.0865478515625
"Disocactus ackermannii",-97.620699,17.046725,"Sierra Madre del Sur province","Disocactus","Mexico",19.3999996185303,16.3333339691162,7,332,-0.404327392578125,13.74853515625
"Disocactus ackermannii",-96.083,17.233,"Sierra Madre del Sur province","Disocactus","Mexico",14.4000005722046,16.8666667938232,23,359,2.61932373046875,26.092529296875
"Disocactus ackermannii",-96.553333,17.533333,"Sierra Madre del Sur province","Disocactus","Mexico",19.2000007629395,19.6499996185303,27,498,-4.13143920898438,21.061767578125
"Disocactus ackermannii",-96.38444,17.53917,"Sierra Madre del Sur province","Disocactus","Mexico",16.6000003814697,18.8833332061768,44,604,5.06379699707031,42.806884765625
"Disocactus ackermannii",-96.947222,17.592778,"Balsas Basin province","Disocactus","Mexico",22.5999984741211,25.1333332061768,13,287,-3.2430419921875,58.0211181640625
"Disocactus ackermannii",-96.5438,17.61517,"Sierra Madre del Sur province","Disocactus","Mexico",15,14.7666664123535,17,319,-4.89126586914062,27.7919921875
"Disocactus ackermannii",-96.5389,17.63267,"Sierra Madre del Sur province","Disocactus","Mexico",14.6999988555908,14.8000001907349,17,325,0.626953125,25.1171875
"Disocactus ackermannii",-96.55667,17.665,"Sierra Madre del Sur province","Disocactus","Mexico",14.8999996185303,15.4333333969116,20,338,2.83978271484375,11.79443359375
"Disocactus ackermannii",-96.55277,17.66944,"Sierra Madre del Sur province","Disocactus","Mexico",15.6000003814697,16.5833339691162,25,408,0.419281005859375,41.815673828125
"Disocactus ackermannii",-96.67639,17.73944,"Sierra Madre del Sur province","Disocactus","Mexico",15.5000009536743,16.6666660308838,17,329,4.68820190429688,11.43505859375
"Disocactus ackermannii",-96.67361,17.74028,"Sierra Madre del Sur province","Disocactus","Mexico",16.0999984741211,17.783332824707,23,394,2.39932250976562,20.241455078125
"Disocactus ackermannii",-96.92778,17.90833,"Sierra Madre del Sur province","Disocactus","Mexico",21.3999977111816,24.0166664123535,18,377,-2.02491760253906,40.457763671875
"Disocactus ackermannii",-96.9252,17.91097,"Sierra Madre del Sur province","Disocactus","Mexico",22.1999988555908,24.7999992370605,22,390,4.51588439941406,34.518798828125
"Disocactus ackermannii",-96.799522,17.925444,"Sierra Madre del Sur province","Disocactus","Mexico",19.0999984741211,19.783332824707,23,428,-1.16764831542969,26.991943359375
"Disocactus ackermannii",-96.952833,17.993167,"Sierra Madre del Sur province","Disocactus","Mexico",19.2999992370605,21.216667175293,12,309,-1.19563293457031,25.775390625
"Disocactus ackermannii",-96.7548,18.06578,"Sierra Madre del Sur province","Disocactus","Mexico",16.8999996185303,18.3999996185303,24,421,2.54925537109375,16.82177734375
"Disocactus ackermannii",-96.935333,18.121611,"Sierra Madre del Sur province","Disocactus","Mexico",16.6999988555908,16.0833339691162,15,317,4.32476806640625,19.58837890625
"Disocactus ackermannii",-96.958333,18.141667,"Sierra Madre del Sur province","Disocactus","Mexico",18,17.6000003814697,16,341,5.462646484375,39.25927734375
"Disocactus ackermannii",-96.998049,18.1656841,"Sierra Madre del Sur province","Disocactus","Mexico",17.1000003814697,15.1666669845581,13,306,1.50387573242188,13.578369140625
"Disocactus speciosus",-96.374366,15.900916,"Sierra Madre del Sur province","Disocactus","No",14.2000007629395,25.2000007629395,4,538,-2.22708892822266,26.8215637207031
"Disocactus speciosus",-96.375023,15.901246,"Sierra Madre del Sur province","Disocactus","No",14.2000007629395,25.1000003814697,4,540,-5.25291061401367,12.2291564941406
"Disocactus speciosus",-96.12469,16.00864,"Sierra Madre del Sur province","Disocactus","No",12.6999998092651,21.783332824707,9,429,-1.88748168945312,47.1427001953125
"Disocactus speciosus",-96.11289,16.01386,"Sierra Madre del Sur province","Disocactus","No",12.7000007629395,22.1000003814697,9,435,-0.771011352539062,46.0106201171875
"Disocactus speciosus",-96.5058,16.06139,"Sierra Madre del Sur province","Disocactus","No",13.5000009536743,18.6666660308838,6,383,-3.78326416015625,32.62255859375
"Disocactus speciosus",-96.511694,16.069806,"Sierra Madre del Sur province","Disocactus","No",13.1999988555908,17.8999996185303,6,381,1.12274169921875,40.52734375
"Disocactus speciosus",-96.47802,16.0852,"Sierra Madre del Sur province","Disocactus","No",13.6999998092651,17.8333339691162,7,377,-0.611480712890625,23.88134765625
"Disocactus speciosus",-96.487783,16.091922,"Sierra Madre del Sur province","Disocactus","No",13.3000001907349,17.0499992370605,7,376,-1.8201904296875,25.58642578125
"Disocactus speciosus",-96.23806,16.1345,"Sierra Madre del Sur province","Disocactus","No",13.4000005722046,17.4333343505859,4,378,-3.00830078125,41.431884765625
"Disocactus speciosus",-96.440201,16.1383,"Sierra Madre del Sur province","Disocactus","No",14.6000003814697,17.9333343505859,4,364,-1.90679931640625,40.16064453125
"Disocactus speciosus",-96.500345,16.178687,"Sierra Madre del Sur province","Disocactus","No",13.8999996185303,16.9333343505859,8,366,1.29940795898438,15.956298828125
"Disocactus speciosus",-96.515358,16.186245,"Sierra Madre del Sur province","Disocactus","No",14.3999996185303,17.8333339691162,9,352,1.8865966796875,19.96923828125
"Disocactus speciosus",-96.505806,16.197107,"Sierra Madre del Sur province","Disocactus","No",14.9000005722046,18.2999992370605,11,343,1.87277221679688,22.0234375
"Disocactus speciosus",-96.675666,16.24845,"Sierra Madre del Sur province","Disocactus","No",16.2000007629395,18.4500007629395,10,329,0.861083984375,9.26513671875
"Disocactus speciosus",-96.65715,16.253721,"Sierra Madre del Sur province","Disocactus","No",16.0999984741211,18.6000003814697,12,326,1.9154052734375,32.553955078125
"Disocactus speciosus",-96.659042,16.254196,"Sierra Madre del Sur province","Disocactus","No",15.8999996185303,18.216667175293,12,332,-2.6470947265625,36.083984375
"Disocactus speciosus",-96.657033,16.2715,"Sierra Madre del Sur province","Disocactus","No",16.7000007629395,19.2000007629395,11,313,-0.9967041015625,57.443603515625
"Disocactus speciosus",-95.591667,16.275,"Pacific Lowlands province","Disocactus","No",14.8999996185303,23.4500007629395,2,286,2.8822021484375,34.0150146484375
"Disocactus speciosus",-96.684761,16.279995,"Sierra Madre del Sur province","Disocactus","No",16.8999996185303,18.783332824707,10,320,-5.43942260742188,14.71728515625
"Disocactus speciosus",-95.91561,16.29819,"Sierra Madre del Sur province","Disocactus","No",16,23.4166679382324,4,276,-5.30557250976562,35.056884765625
"Disocactus speciosus",-97.066591,16.529858,"Sierra Madre del Sur province","Disocactus","No",15.7999992370605,18.25,6,322,0.899078369140625,22.02685546875
"Disocactus speciosus",-97.21733,16.70392,"Sierra Madre del Sur province","Disocactus","No",14.9999990463257,16.3166675567627,9,318,-2.66619873046875,31.531494140625
"Disocactus speciosus",-97.138353,16.713644,"Sierra Madre del Sur province","Disocactus","No",14.7000007629395,15.8999996185303,10,306,6.1455078125,33.7470703125
"Disocactus speciosus",-97.21936,16.72867,"Sierra Madre del Sur province","Disocactus","No",15.0000009536743,15.6999998092651,7,316,0.20599365234375,10.536865234375
"Disocactus speciosus",-97.62944,16.75556,"Sierra Madre del Sur province","Disocactus","No",15.8000001907349,16.6166667938232,10,372,1.4215087890625,16.097900390625
"Disocactus speciosus",-97.2976,16.78356,"Sierra Madre del Sur province","Disocactus","No",15.6000003814697,17.3333339691162,8,325,1.410888671875,43.51513671875
"Disocactus speciosus",-97.31217,16.78475,"Sierra Madre del Sur province","Disocactus","No",15.3000001907349,16.8999996185303,8,323,-2.00262451171875,70.945068359375
"Disocactus speciosus",-97.208515,16.819534,"Sierra Madre del Sur province","Disocactus","No",17.2999992370605,19.0166664123535,7,328,-0.41363525390625,32.693603515625
"Disocactus speciosus",-97.580789,16.849748,"Sierra Madre del Sur province","Disocactus","No",18.1000003814697,20.1166667938232,8,409,-0.452407836914062,1.7220458984375
"Disocactus speciosus",-97.62353,16.91486,"Sierra Madre del Sur province","Disocactus","No",18.5,17.5,8,362,1.05841064453125,16.66845703125
"Disocactus speciosus",-97.78042,17.03347,"Sierra Madre del Sur province","Disocactus","No",17.1000003814697,17.4166660308838,10,354,-0.5107421875,7.791015625
"Disocactus speciosus",-96.768621,17.069038,"Balsas Basin province","Disocactus","No",23.1000003814697,23.3166656494141,3,247,0.2703857421875,11.5594482421875
"Disocactus speciosus",-98.046111,17.263611,"Sierra Madre del Sur province","Disocactus","No",19.2999992370605,18.6833324432373,7,336,1.93014526367188,12.38720703125
"Disocactus speciosus",-97.497694,17.832806,"Sierra Madre del Sur province","Disocactus","No",21.5,17.3333339691162,7,239,-1.3299560546875,20.573486328125
"Echinocactus platyacanthus",-96.39259,16.813726,"Balsas Basin province","Echinocactus","Mexico",20.5,21.6000003814697,2,248,-2.02922058105469,15.9508056640625
"Echinocactus platyacanthus",-96.355803,16.905252,"Balsas Basin province","Echinocactus","Mexico",20.1000003814697,21.4500007629395,2,269,-0.04949951171875,7.3486328125
"Echinocactus platyacanthus",-96.355264,16.9484,"Sierra Madre del Sur province","Echinocactus","Mexico",18.7999992370605,20.3833332061768,2,117,3.76101684570312,37.75
"Echinocactus platyacanthus",-96.350874,16.971713,"Sierra Madre del Sur province","Echinocactus","Mexico",17.1000003814697,18.4166679382324,3,105,-1.11898803710938,50.280517578125
"Echinocactus platyacanthus",-96.375434,16.976659,"Sierra Madre del Sur province","Echinocactus","Mexico",16.2999992370605,17.2666664123535,3,118,0.367523193359375,6.680908203125
"Echinocactus platyacanthus",-96.676595,17.092677,"Balsas Basin province","Echinocactus","Mexico",21.7000007629395,22.2666664123535,4,244,0.333755493164062,15.1893310546875
"Echinocactus platyacanthus",-96.794554,17.098586,"Balsas Basin province","Echinocactus","Mexico",23.5,23.533332824707,3,249,-0.892105102539062,5.1112060546875
"Echinocactus platyacanthus",-96.713138,17.12146,"Sierra Madre del Sur province","Echinocactus","Mexico",20.5,21.1833343505859,4,256,1.117431640625,11.445556640625
"Echinocactus platyacanthus",-96.644152,17.195402,"Sierra Madre del Sur province","Echinocactus","Mexico",13.6000003814697,12.4499998092651,11,330,4.52951049804688,14.67041015625
"Echinocactus platyacanthus",-97.20622,17.753643,"Sierra Madre del Sur province","Echinocactus","Mexico",18,14.2999992370605,8,242,0.413970947265625,7.841796875
"Echinocactus platyacanthus",-96.943362,17.79516,"Balsas Basin province","Echinocactus","Mexico",23.8999996185303,27.2666664123535,17,277,-3.47509765625,24.923095703125
"Echinocactus platyacanthus",-96.848498,17.924003,"Sierra Madre del Sur province","Echinocactus","Mexico",16.2000007629395,15.3000001907349,12,271,1.28793334960938,30.228271484375
"Echinocactus platyacanthus",-97.404272,17.925257,"Sierra Madre del Sur province","Echinocactus","Mexico",22.7999992370605,18.5166664123535,5,223,-0.530487060546875,33.079345703125
"Echinocactus platyacanthus",-97.65943,18.001363,"Balsas Basin province","Echinocactus","Mexico",21.1000003814697,19.8999996185303,4,240,0.0560760498046875,10.4744873046875
"Echinocactus platyacanthus",-97.265518,18.00435,"Sierra Madre del Sur province","Echinocactus","Mexico",22.5999984741211,22.3999996185303,8,210,-0.853958129882812,66.3489990234375
"Echinocactus platyacanthus",-97.666203,18.010948,"Balsas Basin province","Echinocactus","Mexico",21.1999988555908,20.0833339691162,5,237,1.59988403320312,32.584716796875
"Echinocactus platyacanthus",-97.229687,18.014696,"Balsas Basin province","Echinocactus","Mexico",25.6000003814697,25.9333343505859,6,147,2.36012268066406,44.775634765625
"Echinocactus platyacanthus",-97.683953,18.030295,"Balsas Basin province","Echinocactus","Mexico",20.8000011444092,20.1499996185303,4,239,-2.44329833984375,17.2061767578125
"Echinocactus platyacanthus",-97.741841,18.059716,"Balsas Basin province","Echinocactus","Mexico",20.5,20.7999992370605,4,245,-0.0257415771484375,33.2918701171875
"Echinocactus platyacanthus",-97.654546,18.063092,"Balsas Basin province","Echinocactus","Mexico",20.8000011444092,19.1333332061768,4,244,0.014739990234375,5.968505859375
"Echinocactus platyacanthus",-97.262042,18.090382,"Balsas Basin province","Echinocactus","Mexico",24.1000003814697,24.6166667938232,8,196,1.858642578125,14.865234375
"Echinocactus platyacanthus",-97.640102,18.102923,"Balsas Basin province","Echinocactus","Mexico",21.2000007629395,21.3333339691162,4,209,0.860794067382812,42.3978271484375
"Echinocactus platyacanthus",-97.338889,18.116111,"Sierra Madre del Sur province","Echinocactus","Mexico",21.8999996185303,22.7000007629395,5,201,-2.21539306640625,39.21435546875
"Echinocactus platyacanthus",-97.638596,18.11974,"Balsas Basin province","Echinocactus","Mexico",20.7999992370605,20.4833335876465,4,228,1.83131408691406,16.082275390625
"Echinocactus platyacanthus",-97.707223,18.191151,"Balsas Basin province","Echinocactus","Mexico",21,23.0833339691162,5,185,-1.67608642578125,27.8848876953125
"Echinocactus platyacanthus",-97.663889,18.202778,"Balsas Basin province","Echinocactus","Mexico",20.6000003814697,21.283332824707,4,223,0.32489013671875,4.09033203125
"Echinocactus platyacanthus",-97.65517,18.20525,"Balsas Basin province","Echinocactus","Mexico",20.9000015258789,21.2000007629395,4,222,-0.0214385986328125,13.010986328125
"Echinocactus platyacanthus",-97.652433,18.211533,"Balsas Basin province","Echinocactus","Mexico",20.8999996185303,20.9500007629395,4,226,-0.44561767578125,30.504150390625
"Echinocactus platyacanthus",-97.658333,18.225,"Balsas Basin province","Echinocactus","Mexico",21,21.783332824707,4,209,-4.36930847167969,14.6966552734375
"Echinocactus platyacanthus",-97.675,18.258333,"Balsas Basin province","Echinocactus","Mexico",21.2000007629395,22.6499996185303,4,185,0.505783081054688,10.34423828125
"Epiphyllum hookeri",-94.98528,16.65389,"Pacific Lowlands province","Epiphyllum","No",15.5,27.7333335876465,6,280,1.466872215271,26.9651107788086
"Epiphyllum hookeri",-95.007222,16.664722,"Pacific Lowlands province","Epiphyllum","No",15.3000011444092,27.716667175293,6,280,0.768178939819336,19.3751220703125
"Epiphyllum hookeri",-94.978889,16.742972,"Pacific Lowlands province","Epiphyllum","No",16.5999984741211,27.5166664123535,16,285,1.39923858642578,46.273681640625
"Epiphyllum hookeri",-95.599609,17.296775,"Veracruzan province","Epiphyllum","No",17.6000003814697,26.8166675567627,33,517,0.474044799804688,3.32839965820312
"Epiphyllum hookeri",-95.683333,17.333333,"Veracruzan province","Epiphyllum","No",17.9000015258789,26.716667175293,32,534,0.602603912353516,10.831298828125
"Epiphyllum hookeri",-96.250839,17.466136,"Sierra Madre del Sur province","Epiphyllum","No",19.5999984741211,25.6000003814697,37,500,1.3245735168457,46.4501037597656
"Epiphyllum hookeri",-96.279444,17.523056,"Sierra Madre del Sur province","Epiphyllum","No",19.1999988555908,26.2666664123535,42,569,4.04632949829102,61.0021362304688
"Epiphyllum hookeri",-96.5454664,17.5728339,"Sierra Madre del Sur province","Epiphyllum","No",19.1000003814697,19.4833335876465,32,572,-6.94647216796875,36.2880859375
"Epiphyllum hookeri",-96.24817,17.720727,"Veracruzan province","Epiphyllum","No",18.6000022888184,27.3666667938232,74,841,3.76832008361816,40.9884033203125
"Epiphyllum hookeri",-96.390266,17.729394,"Veracruzan province","Epiphyllum","No",18.6999988555908,26.6499996185303,55,617,7.06970977783203,20.76708984375
"Epiphyllum hookeri",-96.555067,17.761444,"Sierra Madre del Sur province","Epiphyllum","No",19.6000022888184,25.8666667938232,47,516,-0.571182250976562,47.4501953125
"Epiphyllum hookeri",-96.63325,18.00019,"Sierra Madre del Sur province","Epiphyllum","No",20.2999992370605,25.716667175293,74,728,2.08448028564453,35.6188354492188
"Escontria chiotilla",-96.527778,16.313056,"Balsas Basin province","Escontria","Mexico",19.7000007629395,22.716667175293,4,203,0.57550048828125,10.4620361328125
"Escontria chiotilla",-94.596667,16.459444,"Pacific Lowlands province","Escontria","Mexico",17.7999992370605,29.4833335876465,2,312,0.58327054977417,1.17149353027344
"Escontria chiotilla",-96.363183,16.567855,"Sierra Madre del Sur province","Escontria","Mexico",19.9000015258789,24.9500007629395,2,269,-0.1044921875,33.7896728515625
"Escontria chiotilla",-96.363702,16.577624,"Sierra Madre del Sur province","Escontria","Mexico",19.7999992370605,24.783332824707,2,266,-0.8326416015625,32.4381103515625
"Escontria chiotilla",-96.322775,16.584764,"Pacific Lowlands province","Escontria","Mexico",19.7000007629395,24.7333335876465,2,261,2.37838745117188,18.563720703125
"Escontria chiotilla",-96.364209,16.585192,"Sierra Madre del Sur province","Escontria","Mexico",19.9000015258789,24.6333332061768,2,263,4.39414978027344,38.325439453125
"Escontria chiotilla",-96.3375,16.591111,"Pacific Lowlands province","Escontria","Mexico",20.3999977111816,25.2666664123535,2,266,3.43529510498047,28.2219848632812
"Escontria chiotilla",-96.356111,16.598889,"Sierra Madre del Sur province","Escontria","Mexico",19,23.8833332061768,2,225,1.70443725585938,10.114013671875
"Escontria chiotilla",-96.330566,16.602033,"Sierra Madre del Sur province","Escontria","Mexico",20.2999992370605,25.2000007629395,2,266,-1.78779602050781,16.5270385742188
"Escontria chiotilla",-96.273945,16.6666,"Sierra Madre del Sur province","Escontria","Mexico",20.8999996185303,25.8499984741211,3,262,-0.412979125976562,2.96331787109375
"Escontria chiotilla",-96.308333,16.673333,"Pacific Lowlands province","Escontria","Mexico",20.7999992370605,25.6333332061768,3,269,-1.47640991210938,10.4921875
"Escontria chiotilla",-96.317869,16.681801,"Sierra Madre del Sur province","Escontria","Mexico",20.7999992370605,25.5166664123535,3,273,-0.233345031738281,10.6570434570312
"Escontria chiotilla",-96.196632,16.729007,"Pacific Lowlands province","Escontria","Mexico",20.1999988555908,25.0499992370605,4,288,-1.81361389160156,25.259521484375
"Escontria chiotilla",-96.415,16.916667,"Balsas Basin province","Escontria","Mexico",21.9000015258789,22.4500007629395,3,275,0.0305023193359375,5.5123291015625
"Escontria chiotilla",-96.075,17.058333,"Sierra Madre del Sur province","Escontria","Mexico",16.2000007629395,18.6666660308838,15,328,-1.84095764160156,26.0792236328125
"Escontria chiotilla",-96.521389,17.306389,"Balsas Basin province","Escontria","Mexico",22.0999984741211,22.0499992370605,14,311,0.284866333007812,41.083251953125
"Escontria chiotilla",-96.546944,17.313333,"Balsas Basin province","Escontria","Mexico",21.3000011444092,21.1666660308838,16,333,4.41508483886719,55.2864990234375
"Escontria chiotilla",-96.83333,17.48333,"Balsas Basin province","Escontria","Mexico",23.3999996185303,25.6000003814697,13,283,-2.14614868164062,11.810791015625
"Escontria chiotilla",-98.04266,17.551314,"Balsas Basin province","Escontria","Mexico",22.5999984741211,23.5499992370605,3,243,2.03413391113281,13.434326171875
"Escontria chiotilla",-96.92518,17.609335,"Balsas Basin province","Escontria","Mexico",23.5,26.6500015258789,12,269,1.52581787109375,16.80712890625
"Escontria chiotilla",-97.66408,17.6175,"Sierra Madre del Sur province","Escontria","Mexico",22.8999996185303,22.283332824707,5,233,2.98011779785156,36.654296875
"Escontria chiotilla",-96.912919,17.635536,"Balsas Basin province","Escontria","Mexico",23.0000019073486,27.6833343505859,7,197,1.59320068359375,13.5367431640625
"Escontria chiotilla",-96.929389,17.651402,"Balsas Basin province","Escontria","Mexico",22.8999977111816,27.9333324432373,4,166,0.0339736938476562,3.13397216796875
"Escontria chiotilla",-96.939518,17.661729,"Balsas Basin province","Escontria","Mexico",23.0999984741211,27.9333324432373,4,173,-0.0133056640625,12.099853515625
"Escontria chiotilla",-97.582361,17.680278,"Sierra Madre del Sur province","Escontria","Mexico",23.5999984741211,20.4333343505859,5,233,-0.2713623046875,21.9532470703125
"Escontria chiotilla",-96.934556,17.686278,"Balsas Basin province","Escontria","Mexico",23,28.0166664123535,5,169,-3.94408416748047,6.90740966796875
"Escontria chiotilla",-96.941111,17.710278,"Balsas Basin province","Escontria","Mexico",23.0999984741211,28.1499996185303,4,162,2.70834350585938,21.3563842773438
"Escontria chiotilla",-96.92942,17.713748,"Balsas Basin province","Escontria","Mexico",22.9999980926514,27.9666652679443,5,164,-3.24514770507812,24.9509887695312
"Escontria chiotilla",-96.903167,17.721083,"Sierra Madre del Sur province","Escontria","Mexico",23.6000003814697,26.6333332061768,17,285,2.14999389648438,39.3404541015625
"Escontria chiotilla",-96.969,17.723,"Balsas Basin province","Escontria","Mexico",23.3999977111816,28.25,4,165,-2.94532012939453,30.1199951171875
"Escontria chiotilla",-96.935111,17.728,"Balsas Basin province","Escontria","Mexico",23.1000003814697,28.0833339691162,5,165,-2.46687316894531,26.2196044921875
"Escontria chiotilla",-96.958333,17.741667,"Balsas Basin province","Escontria","Mexico",23.2000007629395,28.2999992370605,5,162,6.33972930908203,15.2023315429688
"Escontria chiotilla",-97.740233,17.743417,"Balsas Basin province","Escontria","Mexico",23.1999988555908,23.0166664123535,3,234,-0.0930633544921875,6.6151123046875
"Escontria chiotilla",-97.708611,17.747694,"Balsas Basin province","Escontria","Mexico",22.7999992370605,22.25,4,238,-3.91755676269531,9.4248046875
"Escontria chiotilla",-96.93333,17.74917,"Balsas Basin province","Escontria","Mexico",23.5,27.3500003814697,10,221,1.50440979003906,31.8546752929688
"Escontria chiotilla",-96.944691,17.771439,"Balsas Basin province","Escontria","Mexico",23.1999988555908,27.9166660308838,7,178,-2.70948028564453,11.8948364257812
"Escontria chiotilla",-96.946923,17.780103,"Balsas Basin province","Escontria","Mexico",23.2999992370605,27.8000011444092,8,191,2.20603942871094,39.685791015625
"Escontria chiotilla",-96.94376,17.789341,"Balsas Basin province","Escontria","Mexico",23.5,27.6499996185303,10,210,-4.25575256347656,33.739501953125
"Escontria chiotilla",-96.991667,17.794722,"Balsas Basin province","Escontria","Mexico",23.7999992370605,28.6000003814697,4,154,-3.65621948242188,14.3338623046875
"Escontria chiotilla",-96.934443,17.797954,"Balsas Basin province","Escontria","Mexico",23.7999992370605,26.6666660308838,22,323,-1.83773803710938,45.4652099609375
"Escontria chiotilla",-96.890941,17.799036,"Sierra Madre del Sur province","Escontria","Mexico",18.2000007629395,18.6833324432373,8,214,0.04180908203125,16.744140625
"Escontria chiotilla",-96.901333,17.811639,"Sierra Madre del Sur province","Escontria","Mexico",20.2000007629395,21.6333332061768,13,310,6.04086303710938,28.699951171875
"Escontria chiotilla",-97.108055,17.814722,"Balsas Basin province","Escontria","Mexico",24.5,25.2000007629395,12,257,1.15960693359375,23.1124267578125
"Escontria chiotilla",-96.961111,17.815,"Balsas Basin province","Escontria","Mexico",23.3999996185303,28.0666656494141,6,173,-0.796173095703125,20.5408935546875
"Escontria chiotilla",-96.959917,17.824111,"Balsas Basin province","Escontria","Mexico",23.6999988555908,27.8833332061768,9,209,2.93392181396484,28.6918334960938
"Escontria chiotilla",-96.966694,17.825333,"Balsas Basin province","Escontria","Mexico",23.7999992370605,28,9,214,1.98153686523438,9.5833740234375
"Escontria chiotilla",-97.751177,17.827483,"Balsas Basin province","Escontria","Mexico",23.5,23.4833335876465,4,217,0.108291625976562,7.1375732421875
"Escontria chiotilla",-96.982389,17.861583,"Balsas Basin province","Escontria","Mexico",23.8000011444092,28.4333343505859,5,178,-4.01100921630859,30.31396484375
"Escontria chiotilla",-96.990352,17.8719,"Balsas Basin province","Escontria","Mexico",23.8999977111816,28.6166667938232,5,169,1.15813446044922,7.8885498046875
"Escontria chiotilla",-97.707778,17.874445,"Balsas Basin province","Escontria","Mexico",23.5,23.2666664123535,4,207,-2.82681274414062,19.7176513671875
"Escontria chiotilla",-96.968333,17.902639,"Balsas Basin province","Escontria","Mexico",23.7999992370605,28.1499996185303,7,198,-2.22608947753906,23.3450927734375
"Escontria chiotilla",-97.009,17.923917,"Balsas Basin province","Escontria","Mexico",24.1000022888184,28.8000011444092,5,170,0.00904083251953125,1.41021728515625
"Escontria chiotilla",-97.974518,17.926326,"Balsas Basin province","Escontria","Mexico",23.5,24.6666660308838,6,201,0.943511962890625,11.81494140625
"Escontria chiotilla",-97.011667,17.943333,"Balsas Basin province","Escontria","Mexico",24.1999988555908,28.6666660308838,7,191,-2.48028564453125,17.5012817382812
"Escontria chiotilla",-97.035697,17.982481,"Balsas Basin province","Escontria","Mexico",24.5000019073486,28.6166667938232,7,207,-0.697372436523438,18.1392211914062
"Escontria chiotilla",-97.035989,17.984006,"Balsas Basin province","Escontria","Mexico",24.5000019073486,28.5833339691162,7,209,0.427757263183594,6.697509765625
"Escontria chiotilla",-97.708333,17.991667,"Balsas Basin province","Escontria","Mexico",20.7999992370605,21.1000003814697,4,226,-3.87701416015625,28.8907470703125
"Escontria chiotilla",-97.051944,18.010278,"Balsas Basin province","Escontria","Mexico",24.6000003814697,28.1166667938232,9,220,-1.10525512695312,5.6949462890625
"Escontria chiotilla",-97.64814,18.010803,"Balsas Basin province","Escontria","Mexico",20.8999996185303,19.2666664123535,4,243,0.59588623046875,19.165771484375
"Escontria chiotilla",-97.657043,18.01137,"Balsas Basin province","Escontria","Mexico",21.2000007629395,20.5,4,229,-1.49249267578125,28.6593017578125
"Escontria chiotilla",-97.052778,18.018639,"Balsas Basin province","Escontria","Mexico",24.7000007629395,28,9,228,-0.428672790527344,25.1590576171875
"Escontria chiotilla",-97.036861,18.026167,"Balsas Basin province","Escontria","Mexico",25.4000015258789,27.4166679382324,13,265,0.333000183105469,19.335205078125
"Escontria chiotilla",-97.073056,18.067222,"Balsas Basin province","Escontria","Mexico",25.5,27.6833343505859,10,237,-3.16234588623047,17.2495727539062
"Escontria chiotilla",-97.084167,18.075,"Balsas Basin province","Escontria","Mexico",25.3000011444092,28.1666660308838,10,224,0.412010192871094,5.1064453125
"Escontria chiotilla",-97.085833,18.076667,"Balsas Basin province","Escontria","Mexico",25.3000011444092,28.1666679382324,10,227,-0.241157531738281,9.39178466796875
"Escontria chiotilla",-97.055833,18.118056,"Balsas Basin province","Escontria","Mexico",24.8999977111816,26.9500007629395,18,310,1.4835205078125,33.1551513671875
"Escontria chiotilla",-97.765331,18.167634,"Balsas Basin province","Escontria","Mexico",21.0000019073486,23.7333335876465,5,158,1.58956909179688,11.0345458984375
"Escontria chiotilla",-97.682611,18.17725,"Balsas Basin province","Escontria","Mexico",21.3000011444092,23.033332824707,4,184,-1.74700927734375,9.4046630859375
"Escontria chiotilla",-97.65243,18.21153,"Balsas Basin province","Escontria","Mexico",20.8999996185303,20.9500007629395,4,226,-0.44561767578125,30.504150390625
"Escontria chiotilla",-97.721071,18.230224,"Balsas Basin province","Escontria","Mexico",21.5,23.5666675567627,4,161,-3.36904907226562,34.1080322265625
"Escontria chiotilla",-97.647636,18.231042,"Balsas Basin province","Escontria","Mexico",21.2000007629395,21.5499992370605,4,210,1.53684997558594,12.877685546875
"Ferocactus flavovirens",-97.649186,17.655652,"Sierra Madre del Sur province","Ferocactus","Mexico",21.7000007629395,19.7999992370605,4,253,3.395263671875,26.083984375
"Ferocactus flavovirens",-97.322107,17.694859,"Sierra Madre del Sur province","Ferocactus","Mexico",22.3000011444092,18.6499996185303,2,204,-0.142608642578125,7.630615234375
"Ferocactus flavovirens",-97.184485,17.95855,"Sierra Madre del Sur province","Ferocactus","Mexico",21,21.3500003814697,6,202,0.301025390625,22.22265625
"Ferocactus flavovirens",-97.375409,18.016223,"Balsas Basin province","Ferocactus","Mexico",23.7999992370605,22.783332824707,5,189,0.446380615234375,45.14697265625
"Ferocactus flavovirens",-97.388092,18.055417,"Balsas Basin province","Ferocactus","Mexico",23.2000007629395,23.5,5,189,-1.69535827636719,39.9951171875
"Ferocactus flavovirens",-97.788623,18.086335,"Balsas Basin province","Ferocactus","Mexico",20.6000003814697,23.0666675567627,5,200,0.95947265625,24.912109375
"Ferocactus flavovirens",-97.66667,18.11667,"Balsas Basin province","Ferocactus","Mexico",20.7999992370605,21.5499992370605,4,217,-2.53823852539062,27.5286865234375
"Ferocactus flavovirens",-97.708333,18.125,"Balsas Basin province","Ferocactus","Mexico",21.2999992370605,22.6166667938232,4,197,1.648681640625,20.452880859375
"Ferocactus flavovirens",-97.297361,18.154222,"Balsas Basin province","Ferocactus","Mexico",25.3000011444092,25.8833332061768,2,126,-0.479965209960938,25.2451171875
"Ferocactus flavovirens",-97.656278,18.203528,"Balsas Basin province","Ferocactus","Mexico",20.9000015258789,21.2000007629395,4,222,0.776138305664062,13.5479736328125
"Ferocactus macrodiscus",-96.769219,16.633286,"Balsas Basin province","Ferocactus","Mexico",22.7000007629395,23.4833335876465,3,299,-0.437820434570312,2.2410888671875
"Ferocactus macrodiscus",-96.116476,16.80778,"Sierra Madre del Sur province","Ferocactus","Mexico",18.2999992370605,22.283332824707,6,268,-1.5714111328125,35.424072265625
"Ferocactus macrodiscus",-96.217378,16.815997,"Sierra Madre del Sur province","Ferocactus","Mexico",16.6000003814697,20.1000003814697,2,231,-0.230606079101562,31.9364013671875
"Ferocactus macrodiscus",-96.73439,16.828511,"Balsas Basin province","Ferocactus","Mexico",24,23.3333339691162,3,311,0.03338623046875,1.7337646484375
"Ferocactus macrodiscus",-96.937632,17.003319,"Sierra Madre del Sur province","Ferocactus","Mexico",15.5,15.1666669845581,4,277,-0.63861083984375,22.3681640625
"Ferocactus macrodiscus",-96.467752,17.089017,"Sierra Madre del Sur province","Ferocactus","Mexico",14.7000007629395,14.5666666030884,7,299,0.825775146484375,21.085693359375
"Ferocactus macrodiscus",-96.779976,17.093252,"Balsas Basin province","Ferocactus","Mexico",23.1999988555908,23.4166660308838,3,248,0.466201782226562,17.671630859375
"Ferocactus macrodiscus",-96.536299,17.093487,"Sierra Madre del Sur province","Ferocactus","Mexico",15.8999996185303,17.1000003814697,6,101,-0.520721435546875,34.836669921875
"Ferocactus macrodiscus",-96.670924,17.106642,"Balsas Basin province","Ferocactus","Mexico",20.8999996185303,21.5,4,252,0.644149780273438,21.6658935546875
"Ferocactus macrodiscus",-96.981828,17.111382,"Sierra Madre del Sur province","Ferocactus","Mexico",16.5,17.033332824707,4,260,3.0029296875,35.351318359375
"Ferocactus macrodiscus",-96.967634,17.115977,"Sierra Madre del Sur province","Ferocactus","Mexico",16.6000003814697,17.3333339691162,5,258,-1.70297241210938,39.318115234375
"Ferocactus macrodiscus",-96.605259,17.141294,"Sierra Madre del Sur province","Ferocactus","Mexico",15.9000005722046,16.7333335876465,5,246,1.1578369140625,44.2421875
"Ferocactus macrodiscus",-96.90013,17.14825,"Sierra Madre del Sur province","Ferocactus","Mexico",22,22.2333335876465,3,259,-2.21040344238281,14.515869140625
"Ferocactus macrodiscus",-97.22307,17.16078,"Sierra Madre del Sur province","Ferocactus","Mexico",18.9000015258789,19.3500003814697,4,269,-0.90899658203125,12.590576171875
"Ferocactus macrodiscus",-97.171111,17.175861,"Sierra Madre del Sur province","Ferocactus","Mexico",20.2999992370605,20.5,4,270,4.14869689941406,13.06982421875
"Ferocactus macrodiscus",-96.828063,17.179924,"Balsas Basin province","Ferocactus","Mexico",23.5,23.6000003814697,3,250,-0.032135009765625,1.654541015625
"Ferocactus macrodiscus",-96.686564,17.18008,"Sierra Madre del Sur province","Ferocactus","Mexico",13.6999998092651,13.1666669845581,8,318,2.10784912109375,15.95166015625
"Ferocactus macrodiscus",-96.842971,17.182935,"Balsas Basin province","Ferocactus","Mexico",23.3000011444092,23.5166664123535,3,252,-0.11773681640625,1.740478515625
"Ferocactus macrodiscus",-97.16812,17.21308,"Sierra Madre del Sur province","Ferocactus","Mexico",22.3999996185303,22.033332824707,5,277,-3.93476867675781,15.0257568359375
"Ferocactus macrodiscus",-97.18591,17.21787,"Sierra Madre del Sur province","Ferocactus","Mexico",21.4000015258789,20.9166679382324,4,267,1.41566467285156,19.013427734375
"Ferocactus macrodiscus",-97.07058,17.24758,"Sierra Madre del Sur province","Ferocactus","Mexico",19.3999996185303,18.9166660308838,4,253,7.3634033203125,14.728271484375
"Ferocactus macrodiscus",-97.083913,17.249938,"Sierra Madre del Sur province","Ferocactus","Mexico",20.5,20,4,253,-3.9864501953125,33.559814453125
"Ferocactus macrodiscus",-97.2993,17.25259,"Sierra Madre del Sur province","Ferocactus","Mexico",20,18.9833335876465,5,262,1.18887329101562,34.240478515625
"Ferocactus macrodiscus",-97.31047,17.26035,"Sierra Madre del Sur province","Ferocactus","Mexico",20.2000007629395,19.25,5,261,-1.13446044921875,25.1243896484375
"Ferocactus macrodiscus",-97.37297,17.2661,"Sierra Madre del Sur province","Ferocactus","Mexico",18.6000003814697,15.9166669845581,6,282,1.718017578125,21.601806640625
"Ferocactus macrodiscus",-96.41672,17.29269,"Sierra Madre del Sur province","Ferocactus","Mexico",17.3999996185303,17.5833339691162,16,328,0.018157958984375,20.953857421875
"Ferocactus macrodiscus",-97.360189,17.339949,"Sierra Madre del Sur province","Ferocactus","Mexico",20,17.2000007629395,5,270,1.44943237304688,3.611083984375
"Ferocactus macrodiscus",-97.368567,17.352001,"Sierra Madre del Sur province","Ferocactus","Mexico",19.8000011444092,16.716667175293,5,272,0.784088134765625,23.12744140625
"Ferocactus macrodiscus",-96.436308,17.394638,"Sierra Madre del Sur province","Ferocactus","Mexico",13,13.0166664123535,19,344,-0.228729248046875,35.880126953125
"Ferocactus macrodiscus",-96.959028,17.403559,"Sierra Madre del Sur province","Ferocactus","Mexico",20.1000003814697,19.7000007629395,4,233,-0.940826416015625,24.58984375
"Ferocactus macrodiscus",-97.292783,17.419705,"Sierra Madre del Sur province","Ferocactus","Mexico",21.8999996185303,18.8833332061768,4,246,-0.94769287109375,8.06689453125
"Ferocactus macrodiscus",-97.355256,17.425469,"Sierra Madre del Sur province","Ferocactus","Mexico",20.7000007629395,17.7000007629395,4,249,-0.27777099609375,5.892578125
"Ferocactus macrodiscus",-97.362004,17.435042,"Sierra Madre del Sur province","Ferocactus","Mexico",20.1999988555908,17.2333335876465,4,251,-2.5045166015625,21.7578125
"Ferocactus macrodiscus",-97.384861,17.449479,"Sierra Madre del Sur province","Ferocactus","Mexico",18.2000007629395,14.9833326339722,6,267,1.13528442382812,30.865966796875
"Ferocactus macrodiscus",-97.418393,17.450064,"Sierra Madre del Sur province","Ferocactus","Mexico",19.0999984741211,15.7333335876465,5,260,4.25442504882812,47.047607421875
"Ferocactus macrodiscus",-97.341672,17.461898,"Sierra Madre del Sur province","Ferocactus","Mexico",21.1000003814697,18.2333335876465,5,241,-0.466522216796875,1.823974609375
"Ferocactus macrodiscus",-97.372475,17.468747,"Sierra Madre del Sur province","Ferocactus","Mexico",20.2000007629395,17.0166664123535,4,246,-1.2232666015625,35.88427734375
"Ferocactus macrodiscus",-96.941112,17.521775,"Balsas Basin province","Ferocactus","Mexico",19.6000003814697,19.1666660308838,6,203,-1.44581604003906,36.090087890625
"Ferocactus macrodiscus",-97.1638,17.5237,"Sierra Madre del Sur province","Ferocactus","Mexico",19.6000003814697,16.3999996185303,2,213,0.764739990234375,10.349365234375
"Ferocactus macrodiscus",-97.364901,17.526648,"Sierra Madre del Sur province","Ferocactus","Mexico",21.7999992370605,18.033332824707,5,231,0.259521484375,6.20068359375
"Ferocactus macrodiscus",-96.812428,17.531501,"Balsas Basin province","Ferocactus","Mexico",23.3999977111816,26.1833324432373,16,291,1.19761657714844,8.877197265625
"Ferocactus macrodiscus",-97.304931,17.534383,"Sierra Madre del Sur province","Ferocactus","Mexico",21.6000003814697,17.5666675567627,3,218,-3.39273071289062,15.6494140625
"Ferocactus macrodiscus",-97.213193,17.542459,"Sierra Madre del Sur province","Ferocactus","Mexico",20.6000003814697,17.1166667938232,2,197,-4.50595092773438,20.178466796875
"Ferocactus macrodiscus",-97.135833,17.545278,"Sierra Madre del Sur province","Ferocactus","Mexico",19,15.9833335876465,2,214,0.1673583984375,5.215087890625
"Ferocactus macrodiscus",-96.441667,17.558333,"Sierra Madre del Sur province","Ferocactus","Mexico",13.0999994277954,13.3666667938232,22,343,-0.702056884765625,36.8779296875
"Ferocactus macrodiscus",-97.240539,17.567241,"Sierra Madre del Sur province","Ferocactus","Mexico",20.5999984741211,16.9500007629395,1,195,-0.233367919921875,12.003662109375
"Ferocactus macrodiscus",-97.432444,17.573361,"Sierra Madre del Sur province","Ferocactus","Mexico",21.2999992370605,16.783332824707,5,242,-0.21881103515625,19.294677734375
"Ferocactus macrodiscus",-97.196028,17.574111,"Sierra Madre del Sur province","Ferocactus","Mexico",20.0999984741211,16.75,2,187,0.546173095703125,7.60009765625
"Ferocactus macrodiscus",-97.093667,17.578083,"Sierra Madre del Sur province","Ferocactus","Mexico",18.2000007629395,15.0166664123535,5,236,0.2220458984375,17.802001953125
"Ferocactus macrodiscus",-97.418167,17.581889,"Sierra Madre del Sur province","Ferocactus","Mexico",20.7999992370605,16.3833332061768,5,244,-0.180908203125,37.73876953125
"Ferocactus macrodiscus",-97.38463,17.58503,"Sierra Madre del Sur province","Ferocactus","Mexico",20.4000015258789,16.1499996185303,5,238,-1.085205078125,29.236572265625
"Ferocactus macrodiscus",-97.006834,17.60118,"Sierra Madre del Sur province","Ferocactus","Mexico",23.3999977111816,24.8499984741211,14,266,3.901611328125,33.45947265625
"Ferocactus macrodiscus",-97.125451,17.61077,"Sierra Madre del Sur province","Ferocactus","Mexico",19.2000007629395,16.1833324432373,3,198,0.56488037109375,9.829833984375
"Ferocactus macrodiscus",-97.007027,17.616268,"Balsas Basin province","Ferocactus","Mexico",23.7999992370605,25.2333335876465,14,259,-5.68061828613281,13.619384765625
"Ferocactus macrodiscus",-97.334522,17.628706,"Sierra Madre del Sur province","Ferocactus","Mexico",21.2999992370605,17.0666656494141,3,213,0.207977294921875,9.966552734375
"Ferocactus macrodiscus",-97.301259,17.629204,"Sierra Madre del Sur province","Ferocactus","Mexico",20.7000007629395,16.3500003814697,5,219,-2.10107421875,18.8408203125
"Ferocactus macrodiscus",-97.215936,17.634783,"Sierra Madre del Sur province","Ferocactus","Mexico",19.8999996185303,16.216667175293,4,187,-0.36395263671875,20.040283203125
"Ferocactus macrodiscus",-97.302411,17.646128,"Sierra Madre del Sur province","Ferocactus","Mexico",21.0999984741211,16.6833324432373,4,209,-0.060546875,16.003662109375
"Ferocactus macrodiscus",-97.260334,17.659585,"Sierra Madre del Sur province","Ferocactus","Mexico",19.5,15.1666669845581,5,233,-1.07821655273438,10.22802734375
"Ferocactus macrodiscus",-97.1494,17.6605,"Sierra Madre del Sur province","Ferocactus","Mexico",20.6000003814697,17.0166664123535,3,167,1.0706787109375,8.80029296875
"Ferocactus macrodiscus",-97.2085,17.660694,"Sierra Madre del Sur province","Ferocactus","Mexico",19.5999984741211,15.8166666030884,4,194,-0.304443359375,4.31787109375
"Ferocactus macrodiscus",-97.383123,17.671248,"Sierra Madre del Sur province","Ferocactus","Mexico",21.2000007629395,16.8666667938232,6,221,0.10626220703125,16.8125
"Ferocactus macrodiscus",-97.158325,17.671705,"Sierra Madre del Sur province","Ferocactus","Mexico",20.7000007629395,16.966667175293,3,167,-2.01858520507812,35.3271484375
"Ferocactus macrodiscus",-97.4465,17.6784,"Sierra Madre del Sur province","Ferocactus","Mexico",22.0999984741211,18.2999992370605,5,230,4.73068237304688,33.498291015625
"Ferocactus macrodiscus",-97.231866,17.682651,"Sierra Madre del Sur province","Ferocactus","Mexico",19.1000003814697,15.1833333969116,5,217,-0.021575927734375,27.953369140625
"Ferocactus macrodiscus",-97.197142,17.687484,"Sierra Madre del Sur province","Ferocactus","Mexico",20.1000003814697,16.4166660308838,4,175,-0.653839111328125,2.522216796875
"Ferocactus macrodiscus",-97.40861,17.69056,"Sierra Madre del Sur province","Ferocactus","Mexico",21.0999984741211,16.6499996185303,6,233,0.46575927734375,13.344482421875
"Ferocactus macrodiscus",-97.231101,17.697847,"Sierra Madre del Sur province","Ferocactus","Mexico",18.9000015258789,14.9166669845581,5,229,-0.76641845703125,11.929443359375
"Ferocactus macrodiscus",-97.167443,17.718406,"Sierra Madre del Sur province","Ferocactus","Mexico",19.6000003814697,16.2999992370605,5,174,0.348907470703125,14.120849609375
"Ferocactus macrodiscus",-97.3077,17.72567,"Sierra Madre del Sur province","Ferocactus","Mexico",22.2000007629395,18,2,196,-0.80712890625,17.650146484375
"Ferocactus macrodiscus",-97.182938,17.727353,"Sierra Madre del Sur province","Ferocactus","Mexico",19,15.6666660308838,5,189,0.042022705078125,27.71533203125
"Ferocactus macrodiscus",-97.262027,17.742503,"Sierra Madre del Sur province","Ferocactus","Mexico",21.7999992370605,17.6499996185303,3,186,-0.2301025390625,15.8251953125
"Ferocactus macrodiscus",-97.382777,17.743118,"Sierra Madre del Sur province","Ferocactus","Mexico",22.7999992370605,18.8333339691162,4,213,0.2100830078125,14.7451171875
"Ferocactus macrodiscus",-97.232392,17.758759,"Sierra Madre del Sur province","Ferocactus","Mexico",19.3999996185303,15.3833332061768,6,222,0.1485595703125,10.892578125
"Ferocactus macrodiscus",-97.182869,17.764231,"Sierra Madre del Sur province","Ferocactus","Mexico",18,14.9499998092651,6,205,0.0501708984375,37.49365234375
"Ferocactus macrodiscus",-97.457679,17.772998,"Sierra Madre del Sur province","Ferocactus","Mexico",21.8000011444092,17.6499996185303,6,232,0.07928466796875,18.70654296875
"Ferocactus macrodiscus",-97.109567,17.785076,"Balsas Basin province","Ferocactus","Mexico",21.5999984741211,21.716667175293,5,209,-5.16851806640625,36.687255859375
"Ferocactus macrodiscus",-97.095776,17.893621,"Balsas Basin province","Ferocactus","Mexico",24.2999992370605,25.6999988555908,13,262,-0.804595947265625,20.7349853515625
"Ferocactus macrodiscus",-97.430568,17.897583,"Sierra Madre del Sur province","Ferocactus","Mexico",22.7000007629395,18.3000011444092,6,227,-0.111083984375,22.15625
"Ferocactus macrodiscus",-97.309703,17.913969,"Sierra Madre del Sur province","Ferocactus","Mexico",21,17.2666664123535,5,209,0.170074462890625,21.01123046875
"Ferocactus macrodiscus",-97.134768,17.917546,"Balsas Basin province","Ferocactus","Mexico",22.7000007629395,23.6166667938232,9,254,-1.36654663085938,26.9635009765625
"Ferocactus macrodiscus",-97.477842,17.941163,"Sierra Madre del Sur province","Ferocactus","Mexico",22.6000003814697,21.75,6,190,-4.00553894042969,35.97998046875
"Ferocactus macrodiscus",-97.674089,18.013011,"Balsas Basin province","Ferocactus","Mexico",21.2000007629395,20.1666660308838,4,238,0.954452514648438,12.73193359375
"Ferocactus macrodiscus",-97.6833,18.13197,"Balsas Basin province","Ferocactus","Mexico",21.1000003814697,22.4333343505859,4,198,-3.70736694335938,19.802001953125
"Ferocactus macrodiscus",-97.262019,18.135567,"Balsas Basin province","Ferocactus","Mexico",24.3000011444092,25.6833343505859,5,177,2.24974060058594,19.9207763671875
"Ferocactus recurvus",-96.323802,16.570386,"Pacific Lowlands province","Ferocactus","Mexico",19.2000007629395,24.2000007629395,2,242,0.820465087890625,48.4925537109375
"Ferocactus recurvus",-96.334784,16.571909,"Pacific Lowlands province","Ferocactus","Mexico",19.8999977111816,24.8499984741211,3,264,1.20481872558594,36.226806640625
"Ferocactus recurvus",-96.574392,16.574729,"Balsas Basin province","Ferocactus","Mexico",19.2000007629395,21.4166660308838,1,222,0.490371704101562,17.0958251953125
"Ferocactus recurvus",-96.572262,16.576722,"Balsas Basin province","Ferocactus","Mexico",18,20.4166660308838,2,229,0.601242065429688,38.4774169921875
"Ferocactus recurvus",-96.379183,16.625304,"Sierra Madre del Sur province","Ferocactus","Mexico",18.9000015258789,22.7333335876465,1,204,6.72811889648438,28.483154296875
"Ferocactus recurvus",-96.473349,16.649191,"Balsas Basin province","Ferocactus","Mexico",20.4000015258789,22.8000011444092,2,239,0.613479614257812,27.734130859375
"Ferocactus recurvus",-96.555556,16.679167,"Balsas Basin province","Ferocactus","Mexico",19.8000011444092,21.5,1,260,0.229904174804688,30.3226318359375
"Ferocactus recurvus",-96.484214,16.689039,"Balsas Basin province","Ferocactus","Mexico",20.6000003814697,22.6666660308838,1,238,0.610260009765625,5.5216064453125
"Ferocactus recurvus",-96.742813,16.700788,"Balsas Basin province","Ferocactus","Mexico",22.6999988555908,23.0666656494141,2,284,-0.155487060546875,3.9932861328125
"Ferocactus recurvus",-96.19167,16.70528,"Pacific Lowlands province","Ferocactus","Mexico",20.1000022888184,25.1833343505859,4,280,-1.84011077880859,27.3806762695312
"Ferocactus recurvus",-96.35081,16.721219,"Sierra Madre del Sur province","Ferocactus","Mexico",19.7999992370605,23.283332824707,2,242,0.0359649658203125,28.240966796875
"Ferocactus recurvus",-96.343344,16.802284,"Sierra Madre del Sur province","Ferocactus","Mexico",19.2000007629395,21.1000003814697,1,235,1.3094482421875,25.3577880859375
"Ferocactus recurvus",-96.275757,16.866427,"Sierra Madre del Sur province","Ferocactus","Mexico",19.7000007629395,22.1000003814697,3,276,-1.13279724121094,19.0972900390625
"Ferocactus recurvus",-96.27676,16.867085,"Sierra Madre del Sur province","Ferocactus","Mexico",18.2999992370605,20.966667175293,2,255,2.9132080078125,15.267578125
"Ferocactus recurvus",-96.3819,16.91353,"Balsas Basin province","Ferocactus","Mexico",20.9000015258789,21.966667175293,2,274,-0.03778076171875,10.9395751953125
"Ferocactus recurvus",-96.399134,16.921173,"Balsas Basin province","Ferocactus","Mexico",21.5,22.283332824707,2,276,-0.13421630859375,3.119384765625
"Ferocactus recurvus",-96.328036,16.932317,"Balsas Basin province","Ferocactus","Mexico",19.6999988555908,21.1000003814697,3,274,-0.243270874023438,22.03125
"Ferocactus recurvus",-96.323822,16.933867,"Sierra Madre del Sur province","Ferocactus","Mexico",19.2000007629395,20.6166667938232,2,267,-1.50209045410156,33.3082275390625
"Ferocactus recurvus",-96.305319,16.934922,"Balsas Basin province","Ferocactus","Mexico",18.6000003814697,20.283332824707,2,266,0.17022705078125,14.18505859375
"Ferocactus recurvus",-96.311466,16.94265,"Sierra Madre del Sur province","Ferocactus","Mexico",18.7000007629395,20.2666664123535,2,265,-1.20388793945312,11.293212890625
"Ferocactus recurvus",-96.438667,16.956373,"Balsas Basin province","Ferocactus","Mexico",21.5,22.216667175293,3,277,1.55598449707031,26.01416015625
"Ferocactus recurvus",-96.521315,16.992413,"Balsas Basin province","Ferocactus","Mexico",22.8000011444092,22.8666667938232,2,265,-0.154296875,1.042236328125
"Ferocactus recurvus",-96.517656,17.042619,"Balsas Basin province","Ferocactus","Mexico",19.3999996185303,20.3666667938232,3,270,0.409072875976562,26.3013916015625
"Ferocactus recurvus",-97.171362,17.18548,"Sierra Madre del Sur province","Ferocactus","Mexico",21.3999996185303,21.3833332061768,4,276,1.72285461425781,24.310791015625
"Ferocactus recurvus",-97.17611,17.21331,"Sierra Madre del Sur province","Ferocactus","Mexico",22,21.6333332061768,4,273,1.89274597167969,23.133056640625
"Ferocactus recurvus",-97.234444,17.248054,"Sierra Madre del Sur province","Ferocactus","Mexico",20.7999992370605,19.9833335876465,5,261,0.097381591796875,5.037841796875
"Ferocactus recurvus",-96.493569,17.249394,"Sierra Madre del Sur province","Ferocactus","Mexico",18.7000007629395,18.2333335876465,10,264,1.59324645996094,56.114013671875
"Ferocactus recurvus",-97.161024,17.297467,"Sierra Madre del Sur province","Ferocactus","Mexico",21,19.7333335876465,3,251,0.04443359375,42.2071533203125
"Ferocactus recurvus",-97.158803,17.300056,"Sierra Madre del Sur province","Ferocactus","Mexico",20.6000003814697,19.1000003814697,3,250,3.27243041992188,18.453369140625
"Ferocactus recurvus",-96.926,17.312806,"Balsas Basin province","Ferocactus","Mexico",22,22.1499996185303,4,254,0.0481719970703125,32.337646484375
"Ferocactus recurvus",-97.148052,17.328515,"Sierra Madre del Sur province","Ferocactus","Mexico",20.2000007629395,18.5,3,247,3.73406982421875,13.8359375
"Ferocactus recurvus",-97.02763,17.42982,"Sierra Madre del Sur province","Ferocactus","Mexico",21.6999988555908,22.3999996185303,5,249,3.08567810058594,6.9949951171875
"Ferocactus recurvus",-97.31511,17.508602,"Sierra Madre del Sur province","Ferocactus","Mexico",22.1999988555908,18.1666660308838,3,225,0.04620361328125,5.627197265625
"Ferocactus recurvus",-97.342979,17.527099,"Sierra Madre del Sur province","Ferocactus","Mexico",22.0999984741211,18.4166660308838,3,229,2.5728759765625,7.15087890625
"Ferocactus recurvus",-98.042989,17.530839,"Balsas Basin province","Ferocactus","Mexico",22.6000003814697,22.7333335876465,4,248,1.03077697753906,17.6688232421875
"Ferocactus recurvus",-98.047481,17.546846,"Balsas Basin province","Ferocactus","Mexico",22.6999988555908,23.2999992370605,4,239,-0.745834350585938,26.9488525390625
"Ferocactus recurvus",-97.316506,17.547775,"Sierra Madre del Sur province","Ferocactus","Mexico",21.5,17.2999992370605,3,219,0.12518310546875,20.4873046875
"Ferocactus recurvus",-97.322481,17.55065,"Sierra Madre del Sur province","Ferocactus","Mexico",21.5999984741211,17.4833335876465,4,218,1.72296142578125,9.997802734375
"Ferocactus recurvus",-98.042629,17.55412,"Balsas Basin province","Ferocactus","Mexico",22.5999984741211,23.5499992370605,3,243,-0.0942535400390625,22.0296630859375
"Ferocactus recurvus",-97.48275,17.56032,"Sierra Madre del Sur province","Ferocactus","Mexico",20.8999996185303,16.3833332061768,5,255,0.500579833984375,9.1064453125
"Ferocactus recurvus",-97.407056,17.567722,"Sierra Madre del Sur province","Ferocactus","Mexico",20.5999984741211,16.2999992370605,5,242,3.10794067382812,22.104248046875
"Ferocactus recurvus",-97.830576,17.568636,"Balsas Basin province","Ferocactus","Mexico",22.8999996185303,22.1666660308838,5,242,0.5137939453125,11.5076904296875
"Ferocactus recurvus",-96.837997,17.578774,"Balsas Basin province","Ferocactus","Mexico",23.1000003814697,26.2999992370605,16,299,-1.93368530273438,12.593505859375
"Ferocactus recurvus",-98.02605,17.602138,"Balsas Basin province","Ferocactus","Mexico",22.2000007629395,24.3333339691162,3,255,-3.01875305175781,41.9088134765625
"Ferocactus recurvus",-96.9335,17.60769,"Balsas Basin province","Ferocactus","Mexico",23,25.8500003814697,13,286,0.996185302734375,31.2423095703125
"Ferocactus recurvus",-98.047279,17.632106,"Balsas Basin province","Ferocactus","Mexico",22.5999984741211,25.3500003814697,4,262,1.18528747558594,15.2633056640625
"Ferocactus recurvus",-96.913881,17.636019,"Balsas Basin province","Ferocactus","Mexico",23.0000019073486,27.6833343505859,7,197,-0.27679443359375,14.8706665039062
"Ferocactus recurvus",-98.04642,17.636334,"Balsas Basin province","Ferocactus","Mexico",22.3999977111816,24.8333339691162,4,260,0.0146331787109375,48.1298828125
"Ferocactus recurvus",-96.919045,17.638667,"Balsas Basin province","Ferocactus","Mexico",23.2000007629395,27.6333332061768,7,200,6.11724090576172,21.4707641601562
"Ferocactus recurvus",-96.937804,17.65191,"Balsas Basin province","Ferocactus","Mexico",23.1999988555908,27.7999992370605,5,181,-2.11996459960938,11.1140747070312
"Ferocactus recurvus",-97.442499,17.655692,"Sierra Madre del Sur province","Ferocactus","Mexico",21.8999996185303,17.7666664123535,4,236,-2.42172241210938,6.42236328125
"Ferocactus recurvus",-97.457525,17.66105,"Sierra Madre del Sur province","Ferocactus","Mexico",22.1999988555908,18.2000007629395,5,235,0.0413818359375,6.04052734375
"Ferocactus recurvus",-97.715431,17.668625,"Sierra Madre del Sur province","Ferocactus","Mexico",23.8000011444092,23.6000003814697,4,235,-2.6300048828125,44.06689453125
"Ferocactus recurvus",-97.557732,17.689355,"Sierra Madre del Sur province","Ferocactus","Mexico",23.5,20.0499992370605,5,232,1.24198913574219,6.276611328125
"Ferocactus recurvus",-96.935592,17.690307,"Balsas Basin province","Ferocactus","Mexico",23,28.0166664123535,5,169,-3.19906616210938,33.6375732421875
"Ferocactus recurvus",-96.952492,17.694117,"Balsas Basin province","Ferocactus","Mexico",23.7000007629395,27.7000007629395,10,232,-2.07827758789062,41.341796875
"Ferocactus recurvus",-96.940055,17.706905,"Balsas Basin province","Ferocactus","Mexico",23.1000003814697,28.0499992370605,5,167,4.34239959716797,18.6052856445312
"Ferocactus recurvus",-97.780317,17.741705,"Balsas Basin province","Ferocactus","Mexico",23.5,23.5,4,233,0.362625122070312,7.8306884765625
"Ferocactus recurvus",-96.934369,17.74283,"Balsas Basin province","Ferocactus","Mexico",23.1999988555908,27.9333324432373,5,168,-1.54219818115234,7.71624755859375
"Ferocactus recurvus",-97.183833,17.744472,"Sierra Madre del Sur province","Ferocactus","Mexico",18.2999992370605,14.8666667938232,6,214,-1.64486694335938,7.904296875
"Ferocactus recurvus",-98.158494,17.76085,"Balsas Basin province","Ferocactus","Mexico",22.8000011444092,26.4166679382324,4,251,0.514785766601562,19.6202392578125
"Ferocactus recurvus",-97.680645,17.765852,"Sierra Madre del Sur province","Ferocactus","Mexico",22.6000003814697,22.1000003814697,4,230,-2.02870178222656,21.4268798828125
"Ferocactus recurvus",-97.685452,17.766997,"Sierra Madre del Sur province","Ferocactus","Mexico",22.9000015258789,22.5500011444092,4,227,-1.56497192382812,18.8240966796875
"Ferocactus recurvus",-96.99361,17.76942,"Balsas Basin province","Ferocactus","Mexico",24,28.466667175293,5,168,1.80924987792969,29.192138671875
"Ferocactus recurvus",-97.094237,17.77987,"Balsas Basin province","Ferocactus","Mexico",21.6000003814697,21.533332824707,6,213,0.585281372070312,13.5301513671875
"Ferocactus recurvus",-96.945151,17.789428,"Balsas Basin province","Ferocactus","Mexico",23.5,27.6499996185303,10,210,2.03799438476562,14.441162109375
"Ferocactus recurvus",-97.729829,17.793064,"Balsas Basin province","Ferocactus","Mexico",22.5,22.1166667938232,4,241,4.55743408203125,40.975341796875
"Ferocactus recurvus",-97.430254,17.796314,"Sierra Madre del Sur province","Ferocactus","Mexico",22,17.6666660308838,5,228,0.285858154296875,38.123046875
"Ferocactus recurvus",-96.904027,17.7968,"Sierra Madre del Sur province","Ferocactus","Mexico",20.8999996185303,22.5833339691162,16,338,0.741561889648438,38.18408203125
"Ferocactus recurvus",-97.3436,17.7976,"Sierra Madre del Sur province","Ferocactus","Mexico",23.6999988555908,20.3500003814697,4,183,-0.132888793945312,5.4368896484375
"Ferocactus recurvus",-96.953788,17.801078,"Balsas Basin province","Ferocactus","Mexico",23.4999980926514,27.7666664123535,10,210,-0.26202392578125,38.7478637695312
"Ferocactus recurvus",-97.492861,17.804389,"Sierra Madre del Sur province","Ferocactus","Mexico",21.3999996185303,16.9833335876465,6,242,0.506805419921875,8.574951171875
"Ferocactus recurvus",-97.47111,17.80667,"Sierra Madre del Sur province","Ferocactus","Mexico",22.3999996185303,18.3666667938232,5,230,-0.133056640625,3.141357421875
"Ferocactus recurvus",-97.001786,17.813478,"Balsas Basin province","Ferocactus","Mexico",23.9000015258789,28.4833335876465,5,158,0.195304870605469,19.6644287109375
"Ferocactus recurvus",-97.249028,17.815722,"Sierra Madre del Sur province","Ferocactus","Mexico",21.5999984741211,18.0666656494141,5,184,0.056427001953125,5.87646484375
"Ferocactus recurvus",-97.549994,17.817531,"Sierra Madre del Sur province","Ferocactus","Mexico",21.2000007629395,17.8666667938232,5,243,0.336151123046875,16.563232421875
"Ferocactus recurvus",-97.550025,17.817942,"Sierra Madre del Sur province","Ferocactus","Mexico",20.4000015258789,16.6499996185303,5,250,0.272735595703125,20.495849609375
"Ferocactus recurvus",-96.971209,17.82118,"Balsas Basin province","Ferocactus","Mexico",23.6999988555908,28.2333335876465,5,172,-0.713768005371094,9.1737060546875
"Ferocactus recurvus",-97.340412,17.822452,"Sierra Madre del Sur province","Ferocactus","Mexico",22.9000015258789,18.6833343505859,5,200,1.31085205078125,11.3818359375
"Ferocactus recurvus",-96.96472,17.82845,"Balsas Basin province","Ferocactus","Mexico",23.8999996185303,27.75,12,240,1.71728515625,20.6436767578125
"Ferocactus recurvus",-97.236139,17.831578,"Sierra Madre del Sur province","Ferocactus","Mexico",21.5,18.1499996185303,5,183,0.422210693359375,10.0546875
"Ferocactus recurvus",-97.732554,17.833341,"Balsas Basin province","Ferocactus","Mexico",23.7999992370605,23.5,5,213,-0.34039306640625,3.9609375
"Ferocactus recurvus",-97.229972,17.839306,"Sierra Madre del Sur province","Ferocactus","Mexico",22,19.3500003814697,5,175,0.220916748046875,28.478515625
"Ferocactus recurvus",-96.974639,17.839861,"Balsas Basin province","Ferocactus","Mexico",23.8999977111816,28.033332824707,8,214,-0.214698791503906,14.5859985351562
"Ferocactus recurvus",-97.016538,17.843522,"Balsas Basin province","Ferocactus","Mexico",23.7999992370605,28.7333335876465,3,143,-2.38359069824219,14.4762573242188
"Ferocactus recurvus",-97.496757,17.850148,"Sierra Madre del Sur province","Ferocactus","Mexico",21.2999992370605,17.283332824707,6,238,-0.4892578125,6.2060546875
"Ferocactus recurvus",-97.35689,17.852849,"Sierra Madre del Sur province","Ferocactus","Mexico",22.5,17.9333324432373,4,211,0.304840087890625,58.670166015625
"Ferocactus recurvus",-97.36238,17.858719,"Sierra Madre del Sur province","Ferocactus","Mexico",23.2999992370605,18.8833332061768,4,202,1.12313842773438,39.449462890625
"Ferocactus recurvus",-97.040364,17.860454,"Balsas Basin province","Ferocactus","Mexico",24.1999988555908,28.3999996185303,6,182,0.886123657226562,13.690185546875
"Ferocactus recurvus",-97.046059,17.861927,"Balsas Basin province","Ferocactus","Mexico",24.5000019073486,28.0166664123535,9,203,1.57766723632812,33.7092895507812
"Ferocactus recurvus",-97.566105,17.865222,"Sierra Madre del Sur province","Ferocactus","Mexico",18.8000011444092,14.5833330154419,5,267,1.330322265625,39.5859375
"Ferocactus recurvus",-96.023889,17.867778,"Veracruzan province","Ferocactus","Mexico",18.3999977111816,28.1333332061768,53,640,-1.17365169525146,6.00897216796875
"Ferocactus recurvus",-97.02482,17.868905,"Balsas Basin province","Ferocactus","Mexico",24,28.75,4,152,-1.12949371337891,35.4562377929688
"Ferocactus recurvus",-97.352654,17.872938,"Sierra Madre del Sur province","Ferocactus","Mexico",23.7000007629395,19.5833339691162,4,188,-1.65328979492188,8.532958984375
"Ferocactus recurvus",-96.990802,17.873133,"Balsas Basin province","Ferocactus","Mexico",23.8999977111816,28.6166667938232,5,169,-4.52081298828125,25.1119384765625
"Ferocactus recurvus",-97.347357,17.874354,"Sierra Madre del Sur province","Ferocactus","Mexico",23.5,19.533332824707,5,186,0.068572998046875,4.84912109375
"Ferocactus recurvus",-97.341,17.874389,"Sierra Madre del Sur province","Ferocactus","Mexico",23.3999996185303,19.4833335876465,5,186,-0.061187744140625,5.40869140625
"Ferocactus recurvus",-97.316458,17.879582,"Sierra Madre del Sur province","Ferocactus","Mexico",21.3999996185303,17.5166664123535,5,207,-0.261444091796875,13.4814453125
"Ferocactus recurvus",-97.190669,17.883137,"Sierra Madre del Sur province","Ferocactus","Mexico",20.7000007629395,18.4166660308838,5,183,-1.15054321289062,10.232666015625
"Ferocactus recurvus",-97.346692,17.883494,"Sierra Madre del Sur province","Ferocactus","Mexico",23.9000015258789,20.216667175293,4,176,1.26263427734375,13.730712890625
"Ferocactus recurvus",-96.97348,17.88916,"Balsas Basin province","Ferocactus","Mexico",23.7999992370605,28.1499996185303,7,198,-3.03105163574219,21.4845581054688
"Ferocactus recurvus",-96.997322,17.893211,"Balsas Basin province","Ferocactus","Mexico",23.9000015258789,28.9333343505859,5,157,0.965469360351562,35.5709228515625
"Ferocactus recurvus",-97.349368,17.900482,"Sierra Madre del Sur province","Ferocactus","Mexico",23.3000011444092,19.3333339691162,4,194,1.0875244140625,11.891845703125
"Ferocactus recurvus",-96.994127,17.900707,"Balsas Basin province","Ferocactus","Mexico",24.0000019073486,28.9333343505859,5,160,-0.149581909179688,17.1541748046875
"Ferocactus recurvus",-96.968925,17.903281,"Balsas Basin province","Ferocactus","Mexico",23.7999992370605,28.1499996185303,7,198,-0.897933959960938,9.4940185546875
"Ferocactus recurvus",-97.429171,17.907967,"Sierra Madre del Sur province","Ferocactus","Mexico",22.3999996185303,18.0499992370605,6,228,-3.54855346679688,7.534912109375
"Ferocactus recurvus",-97.452861,17.912123,"Sierra Madre del Sur province","Ferocactus","Mexico",21.5999984741211,17.8500003814697,6,232,-1.13406372070312,14.361328125
"Ferocactus recurvus",-97.339804,17.912253,"Sierra Madre del Sur province","Ferocactus","Mexico",22.2999992370605,18.1666660308838,5,208,-0.337371826171875,20.855712890625
"Ferocactus recurvus",-97.415245,17.930958,"Sierra Madre del Sur province","Ferocactus","Mexico",23,18.8166656494141,5,224,1.05908203125,15.16796875
"Ferocactus recurvus",-97.51743,17.933182,"Sierra Madre del Sur province","Ferocactus","Mexico",19.4000015258789,16.0499992370605,5,243,3.42266845703125,60.11669921875
"Ferocactus recurvus",-97.414888,17.93373,"Sierra Madre del Sur province","Ferocactus","Mexico",22.8000011444092,18.8166656494141,5,225,0.14984130859375,5.412353515625
"Ferocactus recurvus",-97.044181,17.934611,"Balsas Basin province","Ferocactus","Mexico",24.6000022888184,28.6000003814697,7,183,-0.259414672851562,3.5853271484375
"Ferocactus recurvus",-97.413545,17.949296,"Sierra Madre del Sur province","Ferocactus","Mexico",22.7999992370605,18.8999996185303,6,226,-0.90472412109375,24.01806640625
"Ferocactus recurvus",-96.974306,17.956778,"Balsas Basin province","Ferocactus","Mexico",24.8000011444092,27.3833332061768,19,325,-2.98524475097656,29.522216796875
"Ferocactus recurvus",-97.421255,17.964886,"Sierra Madre del Sur province","Ferocactus","Mexico",22.5,19.0166664123535,5,229,-1.52008056640625,9.916259765625
"Ferocactus recurvus",-97.431366,17.98439,"Sierra Madre del Sur province","Ferocactus","Mexico",22.2000007629395,19.466667175293,5,226,1.43087768554688,19.702392578125
"Ferocactus recurvus",-97.398155,18.012647,"Sierra Madre del Sur province","Ferocactus","Mexico",23.2999992370605,21.8333339691162,5,189,0.7135009765625,13.5283203125
"Ferocactus recurvus",-97.566667,18.016667,"Sierra Madre del Sur province","Ferocactus","Mexico",19,15.6166667938232,3,248,0.639617919921875,58.193359375
"Ferocactus recurvus",-97.056389,18.017222,"Balsas Basin province","Ferocactus","Mexico",24.7000007629395,28,9,228,-1.07905578613281,10.9266967773438
"Ferocactus recurvus",-97.575,18.025,"Sierra Madre del Sur province","Ferocactus","Mexico",19.0999984741211,15.8000001907349,2,247,-0.377197265625,39.31884765625
"Ferocactus recurvus",-97.382469,18.03123,"Balsas Basin province","Ferocactus","Mexico",23.3000011444092,22.6833343505859,5,189,-0.165847778320312,41.248291015625
"Ferocactus recurvus",-97.550917,18.032306,"Sierra Madre del Sur province","Ferocactus","Mexico",19.9000015258789,16.9833335876465,3,241,1.70773315429688,39.400390625
"Ferocactus recurvus",-97.428045,18.067828,"Balsas Basin province","Ferocactus","Mexico",24.1000003814697,24.9500007629395,5,160,-1.31617736816406,15.2442626953125
"Ferocactus recurvus",-97.016101,18.08879,"Sierra Madre del Sur province","Ferocactus","Mexico",21.3999996185303,22.5,15,358,0.028839111328125,23.718017578125
"Ferocactus recurvus",-97.68811,18.093452,"Balsas Basin province","Ferocactus","Mexico",20.9000015258789,21.6666679382324,4,217,-1.06977844238281,12.060546875
"Ferocactus recurvus",-97.624416,18.122171,"Balsas Basin province","Ferocactus","Mexico",20.7000007629395,19.1666660308838,3,238,-0.179840087890625,53.294189453125
"Ferocactus recurvus",-97.080344,18.145103,"Balsas Basin province","Ferocactus","Mexico",26.5,27.2333335876465,12,233,-0.366455078125,6.5299072265625
"Ferocactus recurvus",-97.204077,18.145747,"Balsas Basin province","Ferocactus","Mexico",25.7000007629395,27.4166679382324,3,145,-3.53924560546875,24.8262939453125
"Ferocactus recurvus",-97.79607,18.147499,"Balsas Basin province","Ferocactus","Mexico",19.7999992370605,22.8999996185303,5,203,1.09260559082031,45.598876953125
"Ferocactus recurvus",-97.242737,18.156291,"Balsas Basin province","Ferocactus","Mexico",24.8999996185303,26.7000007629395,4,151,2.22459411621094,17.114990234375
"Ferocactus recurvus",-97.171678,18.169738,"Balsas Basin province","Ferocactus","Mexico",26.3999996185303,27.6333332061768,4,154,0.101051330566406,2.486572265625
"Ferocactus recurvus",-97.18943,18.170278,"Balsas Basin province","Ferocactus","Mexico",26.1999988555908,27.5166664123535,4,141,0.239524841308594,5.402099609375
"Ferocactus recurvus",-97.656178,18.177647,"Balsas Basin province","Ferocactus","Mexico",21.4000015258789,22.3999996185303,4,193,0.45025634765625,11.6981201171875
"Ferocactus recurvus",-97.739195,18.180999,"Balsas Basin province","Ferocactus","Mexico",21.4999980926514,23.8333320617676,5,153,1.36054992675781,9.3563232421875
"Ferocactus recurvus",-97.689854,18.216741,"Balsas Basin province","Ferocactus","Mexico",20.2999992370605,21.7333335876465,4,220,-0.068603515625,25.9957275390625
"Ferocactus recurvus",-97.72525,18.222455,"Balsas Basin province","Ferocactus","Mexico",20.0999984741211,22.5666656494141,4,208,-2.75682067871094,34.723388671875
"Mammillaria albilanata",-96.093055,15.961389,"Pacific Lowlands province","Mammillaria","No",13,23.7333335876465,6,443,-1.28276824951172,36.6287231445312
"Mammillaria albilanata",-96.516667,16.233333,"Sierra Madre del Sur province","Mammillaria","No",15.4000005722046,18.6666660308838,11,331,1.24655151367188,19.443359375
"Mammillaria albilanata",-96.678974,16.250303,"Sierra Madre del Sur province","Mammillaria","No",16.5,18.7999992370605,10,322,0.45892333984375,4.71337890625
"Mammillaria albilanata",-96.670288,16.251638,"Sierra Madre del Sur province","Mammillaria","No",16.3999996185303,18.6666679382324,11,324,-1.01348876953125,12.189208984375
"Mammillaria albilanata",-96.660983,16.253325,"Sierra Madre del Sur province","Mammillaria","No",15.8999996185303,18.216667175293,12,332,-0.6885986328125,28.364013671875
"Mammillaria albilanata",-96.657249,16.253635,"Sierra Madre del Sur province","Mammillaria","No",16.0999984741211,18.6000003814697,12,326,1.9154052734375,32.553955078125
"Mammillaria albilanata",-96.687816,16.255014,"Sierra Madre del Sur province","Mammillaria","No",16.5,18.8333339691162,10,324,0.104461669921875,13.40234375
"Mammillaria albilanata",-96.669934,16.264524,"Sierra Madre del Sur province","Mammillaria","No",16.7000007629395,18.9500007629395,11,318,-2.58621215820312,14.978759765625
"Mammillaria albilanata",-96.652127,16.267007,"Sierra Madre del Sur province","Mammillaria","No",16.7000007629395,19.2000007629395,11,313,1.68034362792969,27.85302734375
"Mammillaria albilanata",-96.674121,16.267515,"Sierra Madre del Sur province","Mammillaria","No",17.1000003814697,19.3833332061768,11,307,3.98974609375,6.145263671875
"Mammillaria albilanata",-96.665338,16.268282,"Sierra Madre del Sur province","Mammillaria","No",16.8999996185303,19.3333339691162,11,309,-6.9136962890625,19.587890625
"Mammillaria albilanata",-96.681172,16.278677,"Sierra Madre del Sur province","Mammillaria","No",17.5,19.5166664123535,10,302,-4.08334350585938,31.7913818359375
"Mammillaria albilanata",-96.683802,16.279485,"Sierra Madre del Sur province","Mammillaria","No",16.8999996185303,18.783332824707,10,320,-4.37847900390625,54.897705078125
"Mammillaria albilanata",-96.643573,16.279684,"Sierra Madre del Sur province","Mammillaria","No",17.5,20.2000007629395,9,283,-4.90577697753906,68.5328369140625
"Mammillaria albilanata",-96.638686,16.280263,"Sierra Madre del Sur province","Mammillaria","No",17.7000007629395,20.6333332061768,8,266,0.835357666015625,33.785888671875
"Mammillaria albilanata",-96.638625,16.283429,"Sierra Madre del Sur province","Mammillaria","No",17.7999992370605,20.6499996185303,8,269,-0.103469848632812,13.321533203125
"Mammillaria albilanata",-96.656454,16.284091,"Sierra Madre del Sur province","Mammillaria","No",17.8999996185303,20.4500007629395,9,274,0.461715698242188,36.9173583984375
"Mammillaria albilanata",-96.649412,16.288151,"Sierra Madre del Sur province","Mammillaria","No",17.6999988555908,20.3833332061768,9,279,-0.091583251953125,18.2620849609375
"Mammillaria albilanata",-96.630206,16.289134,"Sierra Madre del Sur province","Mammillaria","No",18,20.8999996185303,7,261,-0.431961059570312,18.3662109375
"Mammillaria albilanata",-96.630062,16.291824,"Sierra Madre del Sur province","Mammillaria","No",17.5999984741211,20.466667175293,9,284,5.42716979980469,39.32666015625
"Mammillaria albilanata",-96.640106,16.292374,"Sierra Madre del Sur province","Mammillaria","No",18,20.8333339691162,8,265,0.826553344726562,34.434326171875
"Mammillaria albilanata",-96.646242,16.298342,"Sierra Madre del Sur province","Mammillaria","No",17.8999996185303,20.4833335876465,8,279,1.17283630371094,9.8116455078125
"Mammillaria albilanata",-96.6483,16.300303,"Sierra Madre del Sur province","Mammillaria","No",18.2999992370605,20.9166679382324,7,265,-0.231124877929688,35.302734375
"Mammillaria albilanata",-96.63131,16.300983,"Sierra Madre del Sur province","Mammillaria","No",18.2000007629395,21.033332824707,7,263,2.11485290527344,18.66259765625
"Mammillaria albilanata",-96.628676,16.308656,"Sierra Madre del Sur province","Mammillaria","No",18.9000015258789,21.6666660308838,5,241,1.57908630371094,19.216064453125
"Mammillaria albilanata",-96.624425,16.309883,"Sierra Madre del Sur province","Mammillaria","No",19.0999984741211,21.8500003814697,4,236,-0.302352905273438,24.7935791015625
"Mammillaria albilanata",-96.638351,16.315689,"Sierra Madre del Sur province","Mammillaria","No",18.8999996185303,21.5666656494141,5,246,-0.1456298828125,10.83740234375
"Mammillaria albilanata",-96.643021,16.316338,"Sierra Madre del Sur province","Mammillaria","No",18.5,21.1333332061768,6,261,0.5511474609375,12.041015625
"Mammillaria albilanata",-96.637662,16.316951,"Sierra Madre del Sur province","Mammillaria","No",19.0999984741211,21.7666664123535,5,241,-0.42144775390625,14.644287109375
"Mammillaria albilanata",-96.546576,16.318611,"Balsas Basin province","Mammillaria","No",19.7999992370605,22.6333332061768,5,209,-0.644149780273438,31.03076171875
"Mammillaria albilanata",-95.199418,16.349385,"Pacific Lowlands province","Mammillaria","No",16.5,29.3333339691162,2,268,-0.050363302230835,0.522829055786133
"Mammillaria albilanata",-96.466667,16.383333,"Balsas Basin province","Mammillaria","No",19.5,23.1333332061768,2,202,-0.2493896484375,10.8709716796875
"Mammillaria albilanata",-96.665653,16.384904,"Balsas Basin province","Mammillaria","No",20.1999988555908,22.8500003814697,1,251,0.852645874023438,2.982666015625
"Mammillaria albilanata",-96.479649,16.398246,"Balsas Basin province","Mammillaria","No",18.7999992370605,22.783332824707,2,163,-0.492279052734375,10.6077880859375
"Mammillaria albilanata",-96.475975,16.400503,"Balsas Basin province","Mammillaria","No",18.2999992370605,22.5166664123535,2,168,-0.62548828125,33.911865234375
"Mammillaria albilanata",-95.452778,16.403333,"Pacific Lowlands province","Mammillaria","No",17.4999980926514,27.783332824707,1,185,-3.60424041748047,29.0775756835938
"Mammillaria albilanata",-96.96342,16.44116,"Sierra Madre del Sur province","Mammillaria","No",18.7000007629395,21.2999992370605,3,359,0.73797607421875,9.550048828125
"Mammillaria albilanata",-96.21666,16.476667,"Sierra Madre del Sur province","Mammillaria","No",17.5,22.283332824707,4,181,5.0361328125,12.871337890625
"Mammillaria albilanata",-96.350351,16.535162,"Sierra Madre del Sur province","Mammillaria","No",18.6000003814697,23.7999992370605,1,200,-0.97003173828125,36.419189453125
"Mammillaria albilanata",-97.0775,16.541389,"Sierra Madre del Sur province","Mammillaria","No",17,19.5,6,341,1.79824829101562,31.06640625
"Mammillaria albilanata",-96.338711,16.561306,"Pacific Lowlands province","Mammillaria","No",19.7999992370605,24.8166656494141,3,265,-7.20628356933594,22.5482177734375
"Mammillaria albilanata",-94.891953,16.569186,"Pacific Lowlands province","Mammillaria","No",15.2999992370605,28.4166660308838,3,298,0.19927716255188,28.5188331604004
"Mammillaria albilanata",-96.364425,16.572323,"Sierra Madre del Sur province","Mammillaria","No",19.9000015258789,24.9500007629395,2,269,-2.3787841796875,23.661865234375
"Mammillaria albilanata",-94.833,16.583,"Pacific Lowlands province","Mammillaria","No",15.4999980926514,28.4166660308838,4,300,0.160499572753906,2.39838981628418
"Mammillaria albilanata",-96.355743,16.62639,"Sierra Madre del Sur province","Mammillaria","No",19.2000007629395,23.6333332061768,2,224,-0.427398681640625,34.5601806640625
"Mammillaria albilanata",-95.015737,16.65247,"Pacific Lowlands province","Mammillaria","No",15.3000011444092,28.0166664123535,4,283,-0.645090103149414,20.6599349975586
"Mammillaria albilanata",-96.984925,16.657309,"Sierra Madre del Sur province","Mammillaria","No",18.2000007629395,19.5166664123535,4,308,-0.285354614257812,24.855224609375
"Mammillaria albilanata",-96.10027,16.66166,"Pacific Lowlands province","Mammillaria","No",20.8999996185303,25.5666656494141,4,238,-0.0520782470703125,42.2166137695312
"Mammillaria albilanata",-96.138669,16.668536,"Pacific Lowlands province","Mammillaria","No",20.5,25.6499996185303,4,251,-0.294677734375,34.01513671875
"Mammillaria albilanata",-96.993575,16.689411,"Sierra Madre del Sur province","Mammillaria","No",17.2000007629395,18.3500003814697,5,294,0.613525390625,15.216552734375
"Mammillaria albilanata",-95.792406,16.752653,"Pacific Lowlands province","Mammillaria","No",20.2000007629395,26.4000015258789,10,240,4.12741851806641,22.8953857421875
"Mammillaria albilanata",-96.746341,16.841354,"Balsas Basin province","Mammillaria","No",24.1000003814697,23.3166675567627,2,313,-0.0859832763671875,1.3035888671875
"Mammillaria albilanata",-96.344801,16.843431,"Sierra Madre del Sur province","Mammillaria","No",17.7000007629395,19.6499996185303,1,237,2.07159423828125,27.650390625
"Mammillaria albilanata",-97.58569,16.84397,"Sierra Madre del Sur province","Mammillaria","No",17.9000015258789,19.716667175293,8,401,-0.03125,28.3712158203125
"Mammillaria albilanata",-97.580435,16.845628,"Sierra Madre del Sur province","Mammillaria","No",18.1000003814697,20.1166667938232,8,409,-5.02317810058594,31.067626953125
"Mammillaria albilanata",-96.277162,16.862888,"Sierra Madre del Sur province","Mammillaria","No",19.7000007629395,22.1000003814697,3,276,1.48654174804688,37.0006103515625
"Mammillaria albilanata",-96.275822,16.866719,"Sierra Madre del Sur province","Mammillaria","No",18.2999992370605,20.966667175293,2,255,-0.543487548828125,28.9619140625
"Mammillaria albilanata",-96.27442,16.868589,"Pacific Lowlands province","Mammillaria","No",18.7999992370605,21.5166664123535,3,266,-0.0080413818359375,27.2037353515625
"Mammillaria albilanata",-96.443442,16.900447,"Balsas Basin province","Mammillaria","No",21.7000007629395,22.1833343505859,2,271,0.364578247070312,5.578125
"Mammillaria albilanata",-96.386142,16.945717,"Sierra Madre del Sur province","Mammillaria","No",19.7999992370605,21.0833339691162,2,126,-0.374786376953125,29.554931640625
"Mammillaria albilanata",-97.232244,16.996368,"Sierra Madre del Sur province","Mammillaria","No",20.3999996185303,21.6166667938232,5,329,0.339401245117188,16.6031494140625
"Mammillaria albilanata",-97.387779,17.002486,"Sierra Madre del Sur province","Mammillaria","No",22.5000019073486,24.2666664123535,6,431,0.451309204101562,56.4449462890625
"Mammillaria albilanata",-96.869026,17.043375,"Sierra Madre del Sur province","Mammillaria","No",20.8000011444092,21.3333339691162,3,262,-1.69091796875,21.8232421875
"Mammillaria albilanata",-96.90965,17.053715,"Sierra Madre del Sur province","Mammillaria","No",18.7000007629395,19.6000003814697,4,258,-0.913925170898438,40.771240234375
"Mammillaria albilanata",-96.103081,17.079132,"Sierra Madre del Sur province","Mammillaria","No",16.2000007629395,19.1666660308838,17,337,6.99617004394531,27.8216552734375
"Mammillaria albilanata",-96.108489,17.082073,"Sierra Madre del Sur province","Mammillaria","No",16.7000007629395,19.6166667938232,18,346,-7.3721923828125,26.97607421875
"Mammillaria albilanata",-96.784221,17.086953,"Balsas Basin province","Mammillaria","No",22.8999996185303,23.1499996185303,2,252,-2.85574340820312,38.345458984375
"Mammillaria albilanata",-96.806959,17.08768,"Balsas Basin province","Mammillaria","No",23.5999984741211,23.466667175293,3,251,0.061187744140625,9.3031005859375
"Mammillaria albilanata",-96.797708,17.090509,"Balsas Basin province","Mammillaria","No",23.5,23.5,3,250,0.216033935546875,1.294921875
"Mammillaria albilanata",-96.457908,17.129224,"Sierra Madre del Sur province","Mammillaria","No",14.0999994277954,11.8999996185303,10,362,-3.11614990234375,21.593994140625
"Mammillaria albilanata",-97.52947,17.13155,"Sierra Madre del Sur province","Mammillaria","No",20.1000003814697,20.7666664123535,6,305,-2.50962829589844,22.9012451171875
"Mammillaria albilanata",-96.782398,17.190781,"Balsas Basin province","Mammillaria","No",22.8999996185303,23.216667175293,3,250,0.0874481201171875,3.43505859375
"Mammillaria albilanata",-97.28994,17.21913,"Sierra Madre del Sur province","Mammillaria","No",19.4000015258789,18.8833332061768,6,266,-0.1876220703125,36.478515625
"Mammillaria albilanata",-96.492465,17.254225,"Sierra Madre del Sur province","Mammillaria","No",18.7000007629395,18.283332824707,10,105,2.60028076171875,48.2047119140625
"Mammillaria albilanata",-96.490591,17.255614,"Sierra Madre del Sur province","Mammillaria","No",19,18.6000003814697,12,283,4.2181396484375,48.330078125
"Mammillaria albilanata",-96.477634,17.258099,"Sierra Madre del Sur province","Mammillaria","No",17.6999988555908,17.4833335876465,10,259,-1.07254028320312,13.88134765625
"Mammillaria albilanata",-96.474113,17.258873,"Balsas Basin province","Mammillaria","No",17.3999996185303,17.2999992370605,10,263,0.933197021484375,31.18359375
"Mammillaria albilanata",-96.48803,17.259864,"Sierra Madre del Sur province","Mammillaria","No",19.2000007629395,18.8000011444092,13,288,-2.44828796386719,28.628662109375
"Mammillaria albilanata",-96.526597,17.304963,"Balsas Basin province","Mammillaria","No",22.2000007629395,22.1333332061768,13,299,-2.00718688964844,7.045166015625
"Mammillaria albilanata",-97.1992,17.312833,"Sierra Madre del Sur province","Mammillaria","No",21,19.25,3,251,1.55612182617188,20.7275390625
"Mammillaria albilanata",-96.44444,17.32028,"Sierra Madre del Sur province","Mammillaria","No",17.7000007629395,17.8833332061768,17,330,-1.37496948242188,39.3896484375
"Mammillaria albilanata",-97.130273,17.335774,"Sierra Madre del Sur province","Mammillaria","No",19.9000015258789,18.3999996185303,3,244,1.7132568359375,18.876953125
"Mammillaria albilanata",-96.92516,17.370764,"Sierra Madre del Sur province","Mammillaria","No",18.7999992370605,18.3833332061768,5,251,-2.96450805664062,12.8837890625
"Mammillaria albilanata",-96.930951,17.439065,"Sierra Madre del Sur province","Mammillaria","No",18.3999996185303,17.9500007629395,5,243,3.71047973632812,17.2666015625
"Mammillaria albilanata",-96.448337,17.453772,"Sierra Madre del Sur province","Mammillaria","No",14.3000001907349,14.4833335876465,19,315,1.81198120117188,62.141357421875
"Mammillaria albilanata",-96.935967,17.456464,"Sierra Madre del Sur province","Mammillaria","No",18.7000007629395,18.3333339691162,4,227,1.02767944335938,36.60205078125
"Mammillaria albilanata",-97.0855,17.462142,"Sierra Madre del Sur province","Mammillaria","No",19.8999996185303,18.6499996185303,3,215,0.61669921875,11.740966796875
"Mammillaria albilanata",-97.085307,17.469148,"Sierra Madre del Sur province","Mammillaria","No",21.5,20.7000007629395,5,235,-0.735687255859375,52.8021240234375
"Mammillaria albilanata",-96.940127,17.484824,"Sierra Madre del Sur province","Mammillaria","No",18.6999988555908,18.1833343505859,6,221,-2.8245849609375,35.287353515625
"Mammillaria albilanata",-97.858769,17.50065,"Sierra Madre del Sur province","Mammillaria","No",21.2000007629395,20.0666675567627,5,273,0.894683837890625,21.87939453125
"Mammillaria albilanata",-96.912193,17.5163,"Balsas Basin province","Mammillaria","No",19.7000007629395,19.533332824707,7,212,-2.39356994628906,20.556396484375
"Mammillaria albilanata",-97.981396,17.5241,"Sierra Madre del Sur province","Mammillaria","No",22.3999996185303,22.5833320617676,4,236,4.54115295410156,42.8284912109375
"Mammillaria albilanata",-97.521944,17.533778,"Sierra Madre del Sur province","Mammillaria","No",21.1999988555908,16.8999996185303,4,258,0.69342041015625,12.30517578125
"Mammillaria albilanata",-96.95139,17.53406,"Sierra Madre del Sur province","Mammillaria","No",20.1000003814697,19.5833339691162,6,216,-0.55474853515625,19.163818359375
"Mammillaria albilanata",-96.908361,17.543712,"Balsas Basin province","Mammillaria","No",20.0999984741211,20.216667175293,7,223,0.875045776367188,52.8143310546875
"Mammillaria albilanata",-97.314864,17.549328,"Sierra Madre del Sur province","Mammillaria","No",21.5,17.2999992370605,3,219,-0.59295654296875,27.485595703125
"Mammillaria albilanata",-96.947067,17.550083,"Balsas Basin province","Mammillaria","No",20.6000003814697,20.9833335876465,9,245,-0.039154052734375,47.2454833984375
"Mammillaria albilanata",-96.945556,17.567528,"Balsas Basin province","Mammillaria","No",21.7000007629395,23.25,13,278,3.77958679199219,25.5792236328125
"Mammillaria albilanata",-97.468667,17.56825,"Sierra Madre del Sur province","Mammillaria","No",20.7000007629395,16.1833324432373,5,254,-0.30908203125,27.35107421875
"Mammillaria albilanata",-97.070358,17.576097,"Sierra Madre del Sur province","Mammillaria","No",19.3999996185303,17.6000003814697,3,178,5.7867431640625,21.573486328125
"Mammillaria albilanata",-97.433,17.583,"Sierra Madre del Sur province","Mammillaria","No",21.5,17.0666656494141,5,240,-0.153350830078125,6.869873046875
"Mammillaria albilanata",-96.949806,17.585442,"Balsas Basin province","Mammillaria","No",22.2000007629395,24.6499996185303,13,285,-1.80473327636719,26.7994384765625
"Mammillaria albilanata",-96.952951,17.588672,"Balsas Basin province","Mammillaria","No",20.5,22.7333335876465,11,268,0.098602294921875,36.64599609375
"Mammillaria albilanata",-96.94778,17.59306,"Balsas Basin province","Mammillaria","No",22.5999984741211,25.1333332061768,13,287,2.51377868652344,46.9052734375
"Mammillaria albilanata",-96.93347,17.60772,"Balsas Basin province","Mammillaria","No",23,25.8500003814697,13,286,0.996185302734375,31.2423095703125
"Mammillaria albilanata",-98.295177,17.631219,"Balsas Basin province","Mammillaria","No",22.2999992370605,24.7000007629395,3,293,2.70341491699219,31.2664794921875
"Mammillaria albilanata",-97.285972,17.63498,"Sierra Madre del Sur province","Mammillaria","No",20.7000007629395,16.3166675567627,4,213,-1.90066528320312,4.27734375
"Mammillaria albilanata",-98.04599,17.636128,"Balsas Basin province","Mammillaria","No",22.3999977111816,24.8333339691162,4,260,-1.69403076171875,37.1123046875
"Mammillaria albilanata",-98.017745,17.643565,"Balsas Basin province","Mammillaria","No",22.8000011444092,24.8333339691162,4,258,2.62619018554688,27.26318359375
"Mammillaria albilanata",-97.9622,17.65678,"Sierra Madre del Sur province","Mammillaria","No",22.3999996185303,23.3999996185303,4,241,-3.04434204101562,28.5693359375
"Mammillaria albilanata",-96.931343,17.662179,"Balsas Basin province","Mammillaria","No",22.8999977111816,27.966667175293,4,165,0.173637390136719,19.3931884765625
"Mammillaria albilanata",-97.25417,17.669766,"Sierra Madre del Sur province","Mammillaria","No",19,14.8000001907349,6,241,0.972991943359375,11.3662109375
"Mammillaria albilanata",-97.035,17.676028,"Sierra Madre del Sur province","Mammillaria","No",20.6000003814697,21.9333324432373,7,221,-1.06610107421875,23.390869140625
"Mammillaria albilanata",-97.243358,17.683636,"Sierra Madre del Sur province","Mammillaria","No",19,14.7833337783813,6,240,-1.74160766601562,19.53076171875
"Mammillaria albilanata",-97.271806,17.6855,"Sierra Madre del Sur province","Mammillaria","No",20.2999992370605,15.9666662216187,3,214,-0.258697509765625,18.63671875
"Mammillaria albilanata",-97.942945,17.687084,"Sierra Madre del Sur province","Mammillaria","No",22.6999988555908,24.466667175293,5,243,-4.07647705078125,59.34326171875
"Mammillaria albilanata",-97.199203,17.693317,"Sierra Madre del Sur province","Mammillaria","No",19.8999996185303,16.2666664123535,4,178,-0.126190185546875,9.72314453125
"Mammillaria albilanata",-97.245097,17.695323,"Sierra Madre del Sur province","Mammillaria","No",19.1000003814697,14.9166660308838,5,237,-0.636199951171875,38.9521484375
"Mammillaria albilanata",-97.200278,17.696443,"Sierra Madre del Sur province","Mammillaria","No",19.5999984741211,15.9333333969116,4,188,0.625823974609375,8.123779296875
"Mammillaria albilanata",-97.944283,17.70238,"Balsas Basin province","Mammillaria","No",22.1000003814697,23.0666675567627,5,243,2.7337646484375,63.0682373046875
"Mammillaria albilanata",-97.903748,17.710107,"Balsas Basin province","Mammillaria","No",22.0999984741211,22.6000003814697,5,247,1.17695617675781,34.42041015625
"Mammillaria albilanata",-96.943221,17.713413,"Balsas Basin province","Mammillaria","No",23.4000015258789,28.0666675567627,6,184,1.01615905761719,20.26611328125
"Mammillaria albilanata",-97.154975,17.720646,"Sierra Madre del Sur province","Mammillaria","No",20.5999984741211,17.6333332061768,4,162,-6.29519653320312,21.13525390625
"Mammillaria albilanata",-97.320934,17.725252,"Sierra Madre del Sur province","Mammillaria","No",22.5,18.7666664123535,3,200,-0.135589599609375,12.33203125
"Mammillaria albilanata",-96.953961,17.77116,"Balsas Basin province","Mammillaria","No",23.1999988555908,28.2000007629395,5,165,-2.84033203125,18.4391479492188
"Mammillaria albilanata",-97.113333,17.791694,"Balsas Basin province","Mammillaria","No",23,23.283332824707,9,243,-2.80259704589844,32.79248046875
"Mammillaria albilanata",-97.180833,17.822222,"Sierra Madre del Sur province","Mammillaria","No",22.7999992370605,22.033332824707,7,204,-0.48297119140625,15.5556640625
"Mammillaria albilanata",-97.812778,17.838889,"Balsas Basin province","Mammillaria","No",22.7000007629395,22.4333343505859,5,242,1.86418151855469,20.872802734375
"Mammillaria albilanata",-97.234609,17.846767,"Sierra Madre del Sur province","Mammillaria","No",21.0999984741211,17.716667175293,5,188,0.56048583984375,14.986572265625
"Mammillaria albilanata",-96.979894,17.898263,"Balsas Basin province","Mammillaria","No",23.9000015258789,28.466667175293,6,174,0.858512878417969,3.13800048828125
"Mammillaria albilanata",-97.166549,17.94072,"Sierra Madre del Sur province","Mammillaria","No",22.1000003814697,22.5166664123535,8,234,-5.0908203125,30.5198974609375
"Mammillaria albilanata",-98.041745,17.949431,"Balsas Basin province","Mammillaria","No",22.3999996185303,24.9333324432373,5,206,4.94770812988281,21.326416015625
"Mammillaria albilanata",-96.692643,18.042115,"Sierra Madre del Sur province","Mammillaria","No",21.5999984741211,25.2999992370605,89,809,2.13880920410156,17.4766235351562
"Mammillaria carnea",-97.064944,17.376278,"Sierra Madre del Sur province","Mammillaria","Mexico",22.2999992370605,22.1833324432373,4,248,-0.147750854492188,9.461181640625
"Mammillaria carnea",-96.837267,17.580984,"Balsas Basin province","Mammillaria","Mexico",23.1000003814697,26.2999992370605,16,299,-2.00274658203125,15.6214599609375
"Mammillaria carnea",-96.848999,17.588819,"Balsas Basin province","Mammillaria","Mexico",23.1000003814697,26.7666664123535,14,275,3.79453277587891,18.7747192382812
"Mammillaria carnea",-96.92072,17.62681,"Balsas Basin province","Mammillaria","Mexico",23.2999992370605,27.4333324432373,8,222,-1.95172882080078,13.9183349609375
"Mammillaria carnea",-96.913051,17.635109,"Balsas Basin province","Mammillaria","Mexico",23.0000019073486,27.6833343505859,7,197,0.526329040527344,8.34649658203125
"Mammillaria carnea",-96.916742,17.637662,"Balsas Basin province","Mammillaria","Mexico",23.2000007629395,27.6333332061768,7,200,-1.70281982421875,10.3565063476562
"Mammillaria carnea",-96.94672,17.64444,"Balsas Basin province","Mammillaria","Mexico",23.5999984741211,27.3999996185303,9,227,-9.03436279296875,29.5806274414062
"Mammillaria carnea",-96.929958,17.651322,"Balsas Basin province","Mammillaria","Mexico",22.8999977111816,27.9333324432373,4,166,0.042205810546875,2.629150390625
"Mammillaria carnea",-96.941129,17.655421,"Balsas Basin province","Mammillaria","Mexico",23.1999988555908,27.7999992370605,5,181,1.22666931152344,12.155029296875
"Mammillaria carnea",-97.06396,17.712662,"Sierra Madre del Sur province","Mammillaria","Mexico",23.8999996185303,24.9166679382324,15,262,-0.614089965820312,32.2127685546875
"Mammillaria carnea",-97.318703,17.721327,"Sierra Madre del Sur province","Mammillaria","Mexico",22.6000003814697,19.1000003814697,3,202,0.40679931640625,16.07666015625
"Mammillaria carnea",-96.907806,17.722639,"Sierra Madre del Sur province","Mammillaria","Mexico",23.6000003814697,26.6333332061768,17,285,5.73067474365234,35.0538330078125
"Mammillaria carnea",-96.921688,17.723519,"Balsas Basin province","Mammillaria","Mexico",23.1000022888184,27.7000007629395,6,173,-0.971755981445312,37.5731201171875
"Mammillaria carnea",-96.940555,17.749167,"Balsas Basin province","Mammillaria","Mexico",23.1999988555908,27.9333324432373,5,168,0.296623229980469,9.63848876953125
"Mammillaria carnea",-96.962961,17.758271,"Balsas Basin province","Mammillaria","Mexico",23.2999992370605,28.3333339691162,5,159,0.249519348144531,27.25341796875
"Mammillaria carnea",-96.945197,17.789337,"Balsas Basin province","Mammillaria","Mexico",23.5,27.6499996185303,10,210,2.03799438476562,14.441162109375
"Mammillaria carnea",-96.867003,17.798025,"Sierra Madre del Sur province","Mammillaria","Mexico",17.1000003814697,16.0833339691162,9,235,-1.11819458007812,34.181884765625
"Mammillaria carnea",-96.890941,17.798587,"Sierra Madre del Sur province","Mammillaria","Mexico",18.2000007629395,18.6833324432373,8,214,0.83172607421875,17.38525390625
"Mammillaria carnea",-96.988828,17.802308,"Balsas Basin province","Mammillaria","Mexico",23.7000007629395,28.5833339691162,4,151,1.64654541015625,21.6102905273438
"Mammillaria carnea",-96.956749,17.803611,"Balsas Basin province","Mammillaria","Mexico",23.4999980926514,27.7666664123535,10,210,-2.91178131103516,13.3658447265625
"Mammillaria carnea",-96.995,17.808889,"Balsas Basin province","Mammillaria","Mexico",23.7000007629395,28.7000007629395,4,150,-1.20046997070312,2.8309326171875
"Mammillaria carnea",-96.9603,17.81658,"Balsas Basin province","Mammillaria","Mexico",23.3999996185303,28.0666656494141,6,173,-4.24059295654297,35.4454956054688
"Mammillaria carnea",-96.940933,17.827142,"Sierra Madre del Sur province","Mammillaria","Mexico",24.1000022888184,26.8500003814697,21,320,0.7752685546875,11.864501953125
"Mammillaria carnea",-96.962317,17.828777,"Balsas Basin province","Mammillaria","Mexico",23.8999996185303,27.75,12,240,1.58615112304688,16.59423828125
"Mammillaria carnea",-97.069372,17.847683,"Balsas Basin province","Mammillaria","Mexico",25,26.783332824707,11,226,2.21686553955078,23.9910888671875
"Mammillaria carnea",-97.038631,17.859989,"Balsas Basin province","Mammillaria","Mexico",24.1999988555908,28.3999996185303,6,182,0.427413940429688,28.7293090820312
"Mammillaria carnea",-97.046304,17.861754,"Balsas Basin province","Mammillaria","Mexico",24.5000019073486,28.0166664123535,9,203,2.19085693359375,30.7255249023438
"Mammillaria carnea",-97.050819,17.863094,"Balsas Basin province","Mammillaria","Mexico",24.6999988555908,27.7000007629395,8,199,-3.4844970703125,33.8571166992188
"Mammillaria carnea",-97.030158,17.86489,"Balsas Basin province","Mammillaria","Mexico",24,28.5833339691162,4,162,-6.06011962890625,21.803955078125
"Mammillaria carnea",-97.016667,17.866667,"Balsas Basin province","Mammillaria","Mexico",24,28.75,4,152,2.31129455566406,34.8101806640625
"Mammillaria carnea",-97.026751,17.868558,"Balsas Basin province","Mammillaria","Mexico",24,28.6499996185303,4,157,1.29190063476562,41.8019409179688
"Mammillaria carnea",-97.005278,17.896389,"Balsas Basin province","Mammillaria","Mexico",24.0000019073486,28.8666667938232,5,164,-1.97826385498047,23.1989135742188
"Mammillaria carnea",-96.9673,17.898047,"Balsas Basin province","Mammillaria","Mexico",23.7999992370605,28.1666660308838,7,194,-6.70246124267578,27.975830078125
"Mammillaria carnea",-97.008294,17.906836,"Balsas Basin province","Mammillaria","Mexico",24.0000019073486,28.8333339691162,5,169,-1.19355773925781,23.15625
"Mammillaria carnea",-96.988035,17.908037,"Balsas Basin province","Mammillaria","Mexico",23.7999992370605,28.75,5,164,0.215087890625,16.8655395507812
"Mammillaria carnea",-97.06833,17.90819,"Balsas Basin province","Mammillaria","Mexico",25.2000007629395,26.9833335876465,11,230,-0.15972900390625,13.2437744140625
"Mammillaria carnea",-96.971114,17.909169,"Balsas Basin province","Mammillaria","Mexico",23.7999992370605,28.25,6,183,0.783775329589844,42.5364379882812
"Mammillaria carnea",-96.979758,17.913047,"Balsas Basin province","Mammillaria","Mexico",23.8999996185303,28.3666667938232,7,192,2.37090301513672,32.5321044921875
"Mammillaria carnea",-97.319298,17.934969,"Sierra Madre del Sur province","Mammillaria","Mexico",21.9000015258789,18.2333335876465,4,204,-1.62847900390625,49.52392578125
"Mammillaria carnea",-97.032168,17.935339,"Balsas Basin province","Mammillaria","Mexico",24.2999992370605,28.8500003814697,6,173,-0.493606567382812,18.1708374023438
"Mammillaria carnea",-97.009406,17.938469,"Balsas Basin province","Mammillaria","Mexico",24.0999984741211,28.75,6,179,0.920478820800781,7.68939208984375
"Mammillaria carnea",-97.266667,17.946111,"Sierra Madre del Sur province","Mammillaria","Mexico",21.7000007629395,20.966667175293,4,172,-1.011962890625,32.0028076171875
"Mammillaria carnea",-97.421941,17.965049,"Sierra Madre del Sur province","Mammillaria","Mexico",22.5,19.0166664123535,5,229,-0.772216796875,18.276611328125
"Mammillaria carnea",-97.034836,17.98365,"Balsas Basin province","Mammillaria","Mexico",24.5000019073486,28.5833339691162,7,209,0.555397033691406,19.2256469726562
"Mammillaria carnea",-97.05833,18.04611,"Balsas Basin province","Mammillaria","Mexico",25.3999996185303,27.4833335876465,12,249,-2.39498901367188,8.50872802734375
"Mammillaria carnea",-97.361612,18.053173,"Balsas Basin province","Mammillaria","Mexico",23.8000011444092,23.9333343505859,6,186,-0.421966552734375,34.6572265625
"Mammillaria carnea",-97.112194,18.119528,"Balsas Basin province","Mammillaria","Mexico",25.6000022888184,28.0833339691162,9,220,1.12150573730469,9.45513916015625
"Mammillaria carnea",-97.14297,18.149569,"Balsas Basin province","Mammillaria","Mexico",26,27.783332824707,6,182,-1.4393310546875,23.4627685546875
"Mammillaria carnea",-97.165833,18.180104,"Balsas Basin province","Mammillaria","Mexico",26.2000007629395,27.6333332061768,5,170,0.08624267578125,40.9032592773438
"Mammillaria carnea",-97.688153,18.210714,"Balsas Basin province","Mammillaria","Mexico",20.5999984741211,22.4500007629395,5,202,0.131546020507812,11.7093505859375
"Mammillaria crucigera",-97.989926,17.884451,"Balsas Basin province","Mammillaria","Mexico",22.1000003814697,23.75,5,236,-0.0493011474609375,32.6455078125
"Mammillaria crucigera",-97.190052,17.902261,"Sierra Madre del Sur province","Mammillaria","Mexico",20.2000007629395,18.2000007629395,6,187,-1.02542114257812,22.29248046875
"Mammillaria crucigera",-97.060167,17.912667,"Balsas Basin province","Mammillaria","Mexico",24.9999980926514,27.5666656494141,9,205,2.28495025634766,17.5106811523438
"Mammillaria crucigera",-97.044,17.957222,"Balsas Basin province","Mammillaria","Mexico",24.6000022888184,28.5499992370605,7,196,-7.39351654052734,27.3128051757812
"Mammillaria crucigera",-97.05001,18.033003,"Balsas Basin province","Mammillaria","Mexico",24.9000015258789,27.8500003814697,10,237,3.1497802734375,20.6961669921875
"Mammillaria crucigera",-97.0676,18.066,"Balsas Basin province","Mammillaria","Mexico",25.3999996185303,27.75,10,235,-0.380760192871094,14.3241577148438
"Mammillaria crucigera",-97.067183,18.081817,"Balsas Basin province","Mammillaria","Mexico",25.7000007629395,27.5666656494141,11,238,-0.393218994140625,8.65228271484375
"Mammillaria crucigera",-97.086417,18.091,"Balsas Basin province","Mammillaria","Mexico",25.4000015258789,28.1333332061768,10,229,11.763298034668,30.6403198242188
"Mammillaria crucigera",-97.073917,18.09575,"Balsas Basin province","Mammillaria","Mexico",26.2999992370605,27.3500003814697,12,240,4.05192565917969,68.602783203125
"Mammillaria crucigera",-97.073067,18.111267,"Balsas Basin province","Mammillaria","Mexico",26.3999996185303,27.3166656494141,12,241,-0.256576538085938,27.4036865234375
"Mammillaria crucigera",-97.100005,18.133002,"Balsas Basin province","Mammillaria","Mexico",26.0000019073486,27.8999996185303,9,221,-1.53664398193359,6.9456787109375
"Mammillaria crucigera",-97.082,18.135167,"Balsas Basin province","Mammillaria","Mexico",26.4999980926514,27.3333320617676,12,232,5.62066650390625,10.70458984375
"Mammillaria deherdtiana",-96.213138,16.919448,"Pacific Lowlands province","Mammillaria","Oaxaca",19.7999992370605,22.9833335876465,8,330,0.622116088867188,14.7935791015625
"Mammillaria deherdtiana",-96.592431,17.012985,"Balsas Basin province","Mammillaria","Oaxaca",23,22.783332824707,2,249,0.0421142578125,1.0472412109375
"Mammillaria deherdtiana",-96.557038,17.023991,"Balsas Basin province","Mammillaria","Oaxaca",21.9000015258789,22.1833343505859,2,261,-0.639724731445312,15.68212890625
"Mammillaria deherdtiana",-96.736755,17.079267,"Balsas Basin province","Mammillaria","Oaxaca",22.2000007629395,23.1166667938232,3,246,-0.503509521484375,54.7869873046875
"Mammillaria deherdtiana",-96.251634,17.086208,"Sierra Madre del Sur province","Mammillaria","Oaxaca",17.8999996185303,19.716667175293,17,338,3.70716857910156,28.1524658203125
"Mammillaria deherdtiana",-96.571557,17.089785,"Sierra Madre del Sur province","Mammillaria","Oaxaca",19.5,20.3833332061768,5,268,-0.151199340820312,17.898681640625
"Mammillaria deherdtiana",-96.470025,17.093449,"Sierra Madre del Sur province","Mammillaria","Oaxaca",14.3000001907349,13.7333335876465,7,333,1.195556640625,25.728515625
"Mammillaria deherdtiana",-96.345112,17.110546,"Sierra Madre del Sur province","Mammillaria","Oaxaca",13.6999998092651,13.8833332061768,12,344,-2.91839599609375,49.39599609375
"Mammillaria deherdtiana",-96.3555,17.116222,"Sierra Madre del Sur province","Mammillaria","Oaxaca",13.5999994277954,13.7333335876465,10,346,4.75711059570312,45.2255859375
"Mammillaria deherdtiana",-96.470364,17.118208,"Sierra Madre del Sur province","Mammillaria","Oaxaca",14.4000005722046,13.2666673660278,10,345,2.3131103515625,17.67333984375
"Mammillaria deherdtiana",-96.471211,17.14368,"Sierra Madre del Sur province","Mammillaria","Oaxaca",14.5000009536743,13.25,10,345,-2.57308959960938,28.367431640625
"Mammillaria deherdtiana",-96.378444,17.152278,"Sierra Madre del Sur province","Mammillaria","Oaxaca",12.8999996185303,11.3833332061768,13,376,1.9036865234375,33.857421875
"Mammillaria deherdtiana",-96.410907,17.15378,"Sierra Madre del Sur province","Mammillaria","Oaxaca",13.6000003814697,11.8833332061768,11,367,-3.98028564453125,18.0986328125
"Mammillaria deherdtiana",-96.585921,17.166299,"Sierra Madre del Sur province","Mammillaria","Oaxaca",14.5999994277954,14.9833335876465,10,273,2.95578002929688,38.22119140625
"Mammillaria deherdtiana",-96.307672,17.170442,"Sierra Madre del Sur province","Mammillaria","Oaxaca",14.8999996185303,17.033332824707,17,285,0.51702880859375,45.45751953125
"Mammillaria deherdtiana",-96.572486,17.171208,"Sierra Madre del Sur province","Mammillaria","Oaxaca",15,15.5166664123535,10,261,2.27767944335938,23.07275390625
"Mammillaria deherdtiana",-96.38306,17.17139,"Sierra Madre del Sur province","Mammillaria","Oaxaca",12.8999996185303,11.5833339691162,13,374,1.79794311523438,35.357421875
"Mammillaria deherdtiana",-96.401963,17.181277,"Sierra Madre del Sur province","Mammillaria","Oaxaca",14.0999994277954,13.716667175293,11,323,-1.60482788085938,28.900634765625
"Mammillaria deherdtiana",-96.558217,17.195073,"Sierra Madre del Sur province","Mammillaria","Oaxaca",16.8000011444092,17.0833339691162,9,249,-0.96014404296875,25.15576171875
"Mammillaria deherdtiana",-96.477902,17.287379,"Balsas Basin province","Mammillaria","Oaxaca",21,20.8833332061768,18,344,-5.35014343261719,27.0333251953125
"Mammillaria dixanthocentron",-97.0568,17.4713,"Sierra Madre del Sur province","Mammillaria","Mexico",22,22.3166656494141,5,247,4.57521057128906,17.0379638671875
"Mammillaria dixanthocentron",-97.086889,17.585417,"Sierra Madre del Sur province","Mammillaria","Mexico",18,14.716667175293,6,242,0.960693359375,22.631103515625
"Mammillaria dixanthocentron",-96.99703,17.632893,"Sierra Madre del Sur province","Mammillaria","Mexico",21.5999984741211,23.283332824707,12,272,-0.2244873046875,54.8265380859375
"Mammillaria dixanthocentron",-97.15351,17.653123,"Sierra Madre del Sur province","Mammillaria","Mexico",20.6000003814697,17.0499992370605,3,164,0.884552001953125,23.263671875
"Mammillaria dixanthocentron",-97.946944,17.685833,"Sierra Madre del Sur province","Mammillaria","Mexico",22.6999988555908,24.466667175293,5,243,0.511611938476562,25.2515869140625
"Mammillaria dixanthocentron",-97.414083,17.693694,"Sierra Madre del Sur province","Mammillaria","Mexico",20.7000007629395,16.1833324432373,6,239,-2.3465576171875,27.49462890625
"Mammillaria dixanthocentron",-96.965,17.705111,"Balsas Basin province","Mammillaria","Mexico",23.7000007629395,27.783332824707,9,220,-0.918075561523438,40.435302734375
"Mammillaria dixanthocentron",-97.162647,17.709869,"Sierra Madre del Sur province","Mammillaria","Mexico",20.2999992370605,17.1000003814697,4,161,-1.28329467773438,11.736572265625
"Mammillaria dixanthocentron",-96.96425,17.755889,"Balsas Basin province","Mammillaria","Mexico",23.2999992370605,28.3333339691162,5,159,-0.304710388183594,10.4047241210938
"Mammillaria dixanthocentron",-96.987389,17.759021,"Balsas Basin province","Mammillaria","Mexico",23.6999988555908,28.3999996185303,5,167,2.29286193847656,24.8687133789062
"Mammillaria dixanthocentron",-96.991861,17.769417,"Balsas Basin province","Mammillaria","Mexico",24,28.466667175293,5,168,-4.72237396240234,16.5478515625
"Mammillaria dixanthocentron",-97.867917,17.777062,"Balsas Basin province","Mammillaria","Mexico",21.9000015258789,21.8166675567627,5,255,3.20912170410156,38.8638916015625
"Mammillaria dixanthocentron",-96.973062,17.787804,"Balsas Basin province","Mammillaria","Mexico",23.3999977111816,28.3999996185303,5,158,0.271133422851562,4.034912109375
"Mammillaria dixanthocentron",-96.964699,17.798284,"Balsas Basin province","Mammillaria","Mexico",23.4000015258789,28.2333335876465,5,163,1.75078582763672,24.3973388671875
"Mammillaria dixanthocentron",-97.017141,17.807377,"Balsas Basin province","Mammillaria","Mexico",24.5,27.6833343505859,12,239,-0.940841674804688,31.37353515625
"Mammillaria dixanthocentron",-97.119961,17.809307,"Balsas Basin province","Mammillaria","Mexico",24.1999988555908,24.533332824707,11,253,-3.46505737304688,52.3111572265625
"Mammillaria dixanthocentron",-97.018694,17.809778,"Balsas Basin province","Mammillaria","Mexico",24.5,27.8833332061768,9,216,0.222015380859375,35.0575561523438
"Mammillaria dixanthocentron",-97.19253,17.810754,"Sierra Madre del Sur province","Mammillaria","Mexico",20.2000007629395,17.25,5,180,-0.03265380859375,18.977783203125
"Mammillaria dixanthocentron",-97.16205,17.818836,"Sierra Madre del Sur province","Mammillaria","Mexico",23.0999984741211,22.6166667938232,8,221,0.08837890625,32.974365234375
"Mammillaria dixanthocentron",-97.157239,17.81912,"Sierra Madre del Sur province","Mammillaria","Mexico",22.9000015258789,22.5666675567627,8,221,1.33287048339844,20.67724609375
"Mammillaria dixanthocentron",-96.978412,17.819129,"Balsas Basin province","Mammillaria","Mexico",23.6000003814697,28.4500007629395,4,157,0.363494873046875,4.29193115234375
"Mammillaria dixanthocentron",-97.093378,17.834332,"Balsas Basin province","Mammillaria","Mexico",24.9000015258789,25.7000007629395,13,250,-4.86571502685547,26.08642578125
"Mammillaria dixanthocentron",-97.176789,17.834704,"Sierra Madre del Sur province","Mammillaria","Mexico",23.2999992370605,22.4833335876465,7,211,-0.002838134765625,39.88623046875
"Mammillaria dixanthocentron",-97.035981,17.837008,"Balsas Basin province","Mammillaria","Mexico",24.4000015258789,27.6000003814697,13,262,-2.35658264160156,22.0723876953125
"Mammillaria dixanthocentron",-96.912389,17.838278,"Sierra Madre del Sur province","Mammillaria","Mexico",21.7000007629395,23.6000003814697,19,365,-0.40948486328125,38.214111328125
"Mammillaria dixanthocentron",-97.01666,17.845,"Balsas Basin province","Mammillaria","Mexico",23.7999992370605,28.7333335876465,3,143,-1.84477233886719,7.5643310546875
"Mammillaria dixanthocentron",-97.017877,17.846427,"Balsas Basin province","Mammillaria","Mexico",23.8999977111816,28.6333332061768,3,146,0.890251159667969,5.2137451171875
"Mammillaria dixanthocentron",-96.88802,17.847653,"Sierra Madre del Sur province","Mammillaria","Mexico",18.7999992370605,19.3333339691162,10,242,0.21435546875,54.4267578125
"Mammillaria dixanthocentron",-97.182941,17.855698,"Sierra Madre del Sur province","Mammillaria","Mexico",21.8999996185303,20.3999996185303,5,175,0.928131103515625,50.70263671875
"Mammillaria dixanthocentron",-97.027845,17.856896,"Balsas Basin province","Mammillaria","Mexico",23.9999980926514,28.5166664123535,5,163,-4.82110595703125,23.5921630859375
"Mammillaria dixanthocentron",-97.035637,17.859579,"Balsas Basin province","Mammillaria","Mexico",24.1999988555908,28.3999996185303,6,182,1.84405517578125,31.8218994140625
"Mammillaria dixanthocentron",-97.171596,17.859997,"Sierra Madre del Sur province","Mammillaria","Mexico",21.3000011444092,19.8166675567627,4,178,-0.803390502929688,23.1885986328125
"Mammillaria dixanthocentron",-96.894416,17.863044,"Sierra Madre del Sur province","Mammillaria","Mexico",21.2999992370605,22.6000003814697,16,370,-2.35379028320312,27.762451171875
"Mammillaria dixanthocentron",-97.164977,17.866196,"Sierra Madre del Sur province","Mammillaria","Mexico",20.0999984741211,18.1833343505859,5,182,0.18292236328125,20.198974609375
"Mammillaria dixanthocentron",-97.091555,17.86703,"Balsas Basin province","Mammillaria","Mexico",22.6999988555908,24.3666667938232,12,274,-5.75050354003906,51.2994384765625
"Mammillaria dixanthocentron",-97.136337,17.868189,"Balsas Basin province","Mammillaria","Mexico",21.7000007629395,21.8333339691162,6,210,-1.61302185058594,27.7679443359375
"Mammillaria dixanthocentron",-97.016667,17.86833,"Balsas Basin province","Mammillaria","Mexico",24,28.75,4,152,-2.76287078857422,23.149658203125
"Mammillaria dixanthocentron",-97.074105,17.868621,"Balsas Basin province","Mammillaria","Mexico",23.6000003814697,25.9166660308838,14,280,0.6522216796875,14.0533447265625
"Mammillaria dixanthocentron",-97.460472,17.869222,"Sierra Madre del Sur province","Mammillaria","Mexico",21.7000007629395,17.3666667938232,7,234,1.861083984375,47.10400390625
"Mammillaria dixanthocentron",-97.066063,17.870441,"Balsas Basin province","Mammillaria","Mexico",24.3999996185303,26.8500003814697,14,266,-5.65028381347656,35.9068603515625
"Mammillaria dixanthocentron",-96.96725,17.87125,"Balsas Basin province","Mammillaria","Mexico",23.9000015258789,28.1499996185303,7,205,-2.68287658691406,39.149169921875
"Mammillaria dixanthocentron",-97.130076,17.876378,"Balsas Basin province","Mammillaria","Mexico",22.7000007629395,23.25,9,248,-1.53411865234375,44.4564208984375
"Mammillaria dixanthocentron",-97.07178,17.883313,"Balsas Basin province","Mammillaria","Mexico",24.2999992370605,26.5,14,268,0.96160888671875,15.908447265625
"Mammillaria dixanthocentron",-97.11667,17.88333,"Balsas Basin province","Mammillaria","Mexico",23.1999988555908,24.033332824707,11,258,-2.79354858398438,27.2760009765625
"Mammillaria dixanthocentron",-97.007,17.885,"Balsas Basin province","Mammillaria","Mexico",24.0000019073486,28.8500003814697,5,164,1.39235687255859,34.6033325195312
"Mammillaria dixanthocentron",-97.179589,17.889802,"Sierra Madre del Sur province","Mammillaria","Mexico",20.8000011444092,19,5,181,1.7864990234375,21.937255859375
"Mammillaria dixanthocentron",-97.008717,17.893283,"Balsas Basin province","Mammillaria","Mexico",24.1000022888184,28.783332824707,5,171,-4.69821929931641,25.2750244140625
"Mammillaria dixanthocentron",-97.416667,17.895611,"Sierra Madre del Sur province","Mammillaria","Mexico",22.8999996185303,18.5499992370605,5,222,1.08749389648438,37.129638671875
"Mammillaria dixanthocentron",-97.133436,17.898089,"Balsas Basin province","Mammillaria","Mexico",22.6000003814697,23.3166675567627,10,247,-1.84832763671875,21.9737548828125
"Mammillaria dixanthocentron",-97.156141,17.899157,"Sierra Madre del Sur province","Mammillaria","Mexico",22.5,22.5666656494141,8,228,-0.435409545898438,31.0042724609375
"Mammillaria dixanthocentron",-97.170617,17.8992,"Sierra Madre del Sur province","Mammillaria","Mexico",21.7999992370605,21.1499996185303,5,189,2.29974365234375,39.9161376953125
"Mammillaria dixanthocentron",-97.094432,17.901498,"Balsas Basin province","Mammillaria","Mexico",24.3000011444092,25.7666664123535,13,262,-5.57928466796875,33.246826171875
"Mammillaria dixanthocentron",-97.085613,17.902298,"Balsas Basin province","Mammillaria","Mexico",24.4999980926514,26.1166648864746,14,258,-4.82939147949219,17.3812255859375
"Mammillaria dixanthocentron",-97.045681,17.903033,"Balsas Basin province","Mammillaria","Mexico",24.7000007629395,28.2000007629395,9,207,-3.35232543945312,21.1184692382812
"Mammillaria dixanthocentron",-97.075046,17.904026,"Balsas Basin province","Mammillaria","Mexico",24.8000011444092,26.5,13,252,-4.53044128417969,18.8524169921875
"Mammillaria dixanthocentron",-97.070917,17.904667,"Balsas Basin province","Mammillaria","Mexico",25.2000007629395,26.9833335876465,11,230,1.63455200195312,49.1243896484375
"Mammillaria dixanthocentron",-97.008933,17.9096,"Balsas Basin province","Mammillaria","Mexico",24.1000022888184,28.7666664123535,6,173,-3.28260803222656,27.4759521484375
"Mammillaria dixanthocentron",-97.449222,17.910333,"Sierra Madre del Sur province","Mammillaria","Mexico",21.9000015258789,17.9833335876465,6,231,0.829315185546875,38.2314453125
"Mammillaria dixanthocentron",-97.06724,17.910348,"Balsas Basin province","Mammillaria","Mexico",25.3000011444092,27.0833339691162,11,224,0.262809753417969,8.54522705078125
"Mammillaria dixanthocentron",-97.07661,17.910636,"Balsas Basin province","Mammillaria","Mexico",24.9000015258789,26.6000003814697,13,247,-4.97064208984375,40.2354736328125
"Mammillaria dixanthocentron",-97.190748,17.914144,"Sierra Madre del Sur province","Mammillaria","Mexico",20.1000003814697,18.1666660308838,5,188,-1.3690185546875,25.701171875
"Mammillaria dixanthocentron",-97.112979,17.921293,"Balsas Basin province","Mammillaria","Mexico",23.1999988555908,24.75,11,268,0.527908325195312,19.766845703125
"Mammillaria dixanthocentron",-97.059806,17.923036,"Balsas Basin province","Mammillaria","Mexico",24.8999977111816,27.6666660308838,8,200,3.36654663085938,48.3674926757812
"Mammillaria dixanthocentron",-97.027448,17.929044,"Balsas Basin province","Mammillaria","Mexico",24.2999992370605,28.8166675567627,6,173,-1.36466979980469,13.5453491210938
"Mammillaria dixanthocentron",-97.156601,17.930772,"Sierra Madre del Sur province","Mammillaria","Mexico",21.9000015258789,22.466667175293,7,232,2.13236999511719,15.4796142578125
"Mammillaria dixanthocentron",-97.078202,17.93243,"Balsas Basin province","Mammillaria","Mexico",25.3999996185303,26.9000015258789,10,221,0.508987426757812,26.0438842773438
"Mammillaria dixanthocentron",-97.099135,17.936414,"Balsas Basin province","Mammillaria","Mexico",24.7999992370605,26.3166675567627,12,250,-0.32720947265625,16.687255859375
"Mammillaria dixanthocentron",-97.142996,17.943961,"Sierra Madre del Sur province","Mammillaria","Mexico",22.2000007629395,23.2000007629395,9,249,2.2142333984375,18.9169921875
"Mammillaria dixanthocentron",-97.029644,17.94834,"Balsas Basin province","Mammillaria","Mexico",24.2999992370605,28.8666667938232,6,177,-0.910629272460938,6.03240966796875
"Mammillaria dixanthocentron",-97.076309,17.95603,"Balsas Basin province","Mammillaria","Mexico",25.3000011444092,27.1000003814697,11,228,-0.362655639648438,9.9163818359375
"Mammillaria dixanthocentron",-97.152776,17.956184,"Sierra Madre del Sur province","Mammillaria","Mexico",22.9000015258789,23.75,9,252,-0.150833129882812,13.8045654296875
"Mammillaria dixanthocentron",-97.100383,17.956712,"Balsas Basin province","Mammillaria","Mexico",24.3999996185303,26.283332824707,12,254,5.09611511230469,44.652099609375
"Mammillaria dixanthocentron",-97.116298,17.95977,"Balsas Basin province","Mammillaria","Mexico",24.1000022888184,26.0666675567627,12,258,1.33978271484375,9.5914306640625
"Mammillaria dixanthocentron",-97.036025,17.965747,"Balsas Basin province","Mammillaria","Mexico",24.2999992370605,28.8166675567627,6,185,-0.4893798828125,1.10546875
"Mammillaria dixanthocentron",-97.01844,17.965758,"Balsas Basin province","Mammillaria","Mexico",24.3000011444092,28.5166664123535,7,200,0.291328430175781,2.5299072265625
"Mammillaria dixanthocentron",-97.037488,17.968193,"Balsas Basin province","Mammillaria","Mexico",24.5,28.75,6,194,0.02154541015625,3.4149169921875
"Mammillaria dixanthocentron",-97.197833,17.971214,"Sierra Madre del Sur province","Mammillaria","Mexico",21,21.4333343505859,6,200,-0.188720703125,46.813720703125
"Mammillaria dixanthocentron",-97.149342,17.979359,"Balsas Basin province","Mammillaria","Mexico",23,24.8333339691162,10,256,3.36709594726562,42.6414794921875
"Mammillaria dixanthocentron",-97.141938,17.986863,"Balsas Basin province","Mammillaria","Mexico",23.3000011444092,25.3333339691162,10,253,-6.06028747558594,49.4490966796875
"Mammillaria dixanthocentron",-97.149943,17.992816,"Balsas Basin province","Mammillaria","Mexico",24.3000011444092,26.2666664123535,9,231,-0.284347534179688,51.089111328125
"Mammillaria dixanthocentron",-97.158583,17.996859,"Balsas Basin province","Mammillaria","Mexico",24.2000007629395,25.8333339691162,10,228,2.53147888183594,27.13525390625
"Mammillaria dixanthocentron",-97.075429,17.99716,"Balsas Basin province","Mammillaria","Mexico",25.0000019073486,27.8166675567627,7,208,2.48659515380859,19.8386840820312
"Mammillaria dixanthocentron",-97.087222,18.005556,"Balsas Basin province","Mammillaria","Mexico",24.9000015258789,27.8999996185303,6,202,-0.503860473632812,19.453369140625
"Mammillaria dixanthocentron",-97.054167,18.018556,"Balsas Basin province","Mammillaria","Mexico",24.7000007629395,28,9,228,-3.24324035644531,14.478271484375
"Mammillaria dixanthocentron",-97.094242,18.025749,"Balsas Basin province","Mammillaria","Mexico",24.8000011444092,28.25,7,203,-1.31771087646484,39.7935791015625
"Mammillaria dixanthocentron",-97.0500598,18.0336933,"Balsas Basin province","Mammillaria","Mexico",25.1999988555908,27.6333332061768,11,245,3.37297821044922,25.2687377929688
"Mammillaria dixanthocentron",-97.055778,18.048694,"Balsas Basin province","Mammillaria","Mexico",25.3999996185303,27.4833335876465,12,249,-1.14873504638672,15.2914428710938
"Mammillaria dixanthocentron",-97.126627,18.049873,"Balsas Basin province","Mammillaria","Mexico",24.8999996185303,28.0499992370605,6,190,-3.54449462890625,14.7001953125
"Mammillaria dixanthocentron",-97.066194,18.059472,"Balsas Basin province","Mammillaria","Mexico",25.5,27.4833335876465,12,244,4.10213470458984,23.4808349609375
"Mammillaria dixanthocentron",-97.067611,18.066028,"Balsas Basin province","Mammillaria","Mexico",25.3999996185303,27.75,10,235,-0.380760192871094,14.3241577148438
"Mammillaria dixanthocentron",-97.062222,18.068333,"Balsas Basin province","Mammillaria","Mexico",25.5999984741211,27.4166660308838,12,247,-1.41598510742188,36.7403564453125
"Mammillaria dixanthocentron",-97.045,18.070389,"Balsas Basin province","Mammillaria","Mexico",25.7000007629395,26.9166660308838,15,272,4.68341064453125,23.934326171875
"Mammillaria dixanthocentron",-97.074117,18.075133,"Balsas Basin province","Mammillaria","Mexico",25.7000007629395,27.5666656494141,11,238,-0.534698486328125,32.86572265625
"Mammillaria dixanthocentron",-97.065972,18.085844,"Balsas Basin province","Mammillaria","Mexico",25.9000015258789,27.216667175293,12,248,-2.18423461914062,16.8574829101562
"Mammillaria dixanthocentron",-97.087417,18.136167,"Balsas Basin province","Mammillaria","Mexico",26.4000015258789,27.6833343505859,11,228,2.02192687988281,14.255126953125
"Mammillaria flavicentra",-97.31839,17.12058,"Sierra Madre del Sur province","Mammillaria","Mexico",22.2000007629395,23.25,4,351,-1.14402770996094,11.544921875
"Mammillaria flavicentra",-97.172278,17.173639,"Sierra Madre del Sur province","Mammillaria","Mexico",19.7999992370605,19.9833335876465,4,268,-0.443344116210938,28.276611328125
"Mammillaria flavicentra",-97.292917,17.265556,"Sierra Madre del Sur province","Mammillaria","Mexico",19.8000011444092,18.5833339691162,5,263,0.514739990234375,5.38720703125
"Mammillaria flavicentra",-97.3668,17.28599,"Sierra Madre del Sur province","Mammillaria","Mexico",19.2000007629395,17.1499996185303,7,271,1.71493530273438,14.342041015625
"Mammillaria flavicentra",-97.3351,17.36938,"Sierra Madre del Sur province","Mammillaria","Mexico",20.2999992370605,16.7666664123535,5,264,0.41876220703125,7.945556640625
"Mammillaria flavicentra",-97.03527,17.43386,"Sierra Madre del Sur province","Mammillaria","Mexico",20.5,21.0499992370605,5,234,1.87826538085938,26.19189453125
"Mammillaria flavicentra",-97.46611,17.46419,"Sierra Madre del Sur province","Mammillaria","Mexico",19.2000007629395,15.4833335876465,4,269,-0.516998291015625,9.77685546875
"Mammillaria flavicentra",-97.16823,17.46575,"Sierra Madre del Sur province","Mammillaria","Mexico",20.8999996185303,17.8500003814697,2,216,-0.45318603515625,16.0107421875
"Mammillaria flavicentra",-97.2013,17.46772,"Sierra Madre del Sur province","Mammillaria","Mexico",21.2999992370605,18.1166667938232,2,217,0.84619140625,12.89013671875
"Mammillaria flavicentra",-97.06133,17.46786,"Sierra Madre del Sur province","Mammillaria","Mexico",22,22.033332824707,5,246,3.70747375488281,38.0028076171875
"Mammillaria flavicentra",-97.217,17.483,"Sierra Madre del Sur province","Mammillaria","Mexico",21.9000015258789,18.783332824707,2,221,-0.971832275390625,14.5673828125
"Mammillaria flavicentra",-97.31887,17.53601,"Sierra Madre del Sur province","Mammillaria","Mexico",21.8000011444092,17.6499996185303,3,221,-2.1728515625,14.977783203125
"Mammillaria flavicentra",-97.05275,17.56748,"Sierra Madre del Sur province","Mammillaria","Mexico",19.5,18.8999996185303,3,188,2.1356201171875,21.240966796875
"Mammillaria flavicentra",-97.34664,17.601723,"Sierra Madre del Sur province","Mammillaria","Mexico",20.1000003814697,15.75,5,241,3.52545166015625,17.11767578125
"Mammillaria flavicentra",-97.198,17.60393,"Sierra Madre del Sur province","Mammillaria","Mexico",19.8999996185303,16.3333339691162,3,190,-1.11126708984375,13.197509765625
"Mammillaria flavicentra",-97.038333,17.650833,"Sierra Madre del Sur province","Mammillaria","Mexico",19.5,19.9166660308838,4,183,0.457061767578125,40.214111328125
"Mammillaria flavicentra",-97.133346,17.655841,"Sierra Madre del Sur province","Mammillaria","Mexico",21.3999996185303,18.8666667938232,5,178,-0.778396606445312,28.029296875
"Mammillaria flavicentra",-97.26541,17.666093,"Sierra Madre del Sur province","Mammillaria","Mexico",19.5,15.1666669845581,5,233,0.412200927734375,6.699951171875
"Mammillaria flavicentra",-97.251363,17.668231,"Sierra Madre del Sur province","Mammillaria","Mexico",19,14.8000001907349,6,241,-0.827545166015625,13.08056640625
"Mammillaria flavicentra",-97.459694,17.675861,"Sierra Madre del Sur province","Mammillaria","Mexico",22.5,18.6833324432373,5,233,7.73513793945312,16.21435546875
"Mammillaria flavicentra",-97.44861,17.68889,"Sierra Madre del Sur province","Mammillaria","Mexico",22.1000003814697,18.0666675567627,4,232,0.222930908203125,5.68896484375
"Mammillaria flavicentra",-97.261264,17.693223,"Sierra Madre del Sur province","Mammillaria","Mexico",19.8999996185303,15.5166664123535,4,225,0.9923095703125,35.4228515625
"Mammillaria flavicentra",-97.162444,17.709861,"Sierra Madre del Sur province","Mammillaria","Mexico",20.2999992370605,17.1000003814697,4,161,-1.92691040039062,12.576416015625
"Mammillaria flavicentra",-96.901917,17.803556,"Sierra Madre del Sur province","Mammillaria","Mexico",20.2000007629395,21.7666664123535,14,313,0.292816162109375,29.5113525390625
"Mammillaria flavicentra",-96.884072,17.803693,"Sierra Madre del Sur province","Mammillaria","Mexico",18,18.216667175293,7,213,2.5673828125,34.478271484375
"Mammillaria flavicentra",-97.4929,17.8044,"Sierra Madre del Sur province","Mammillaria","Mexico",21.3999996185303,16.9833335876465,6,242,0.506805419921875,8.574951171875
"Mammillaria flavicentra",-96.880407,17.824343,"Sierra Madre del Sur province","Mammillaria","Mexico",23.5000019073486,24.1666679382324,24,395,-2.58103942871094,11.7149658203125
"Mammillaria flavicentra",-96.932417,17.835278,"Sierra Madre del Sur province","Mammillaria","Mexico",24.2999992370605,26.5166664123535,24,342,2.40849304199219,36.721435546875
"Mammillaria flavicentra",-96.893059,17.844088,"Sierra Madre del Sur province","Mammillaria","Mexico",18.5999984741211,19.3333339691162,9,232,1.5904541015625,42.853271484375
"Mammillaria flavicentra",-97.496757,17.846226,"Sierra Madre del Sur province","Mammillaria","Mexico",21.7000007629395,17.75,6,237,-0.601837158203125,8.208251953125
"Mammillaria flavicentra",-97.326931,17.846999,"Sierra Madre del Sur province","Mammillaria","Mexico",23.2000007629395,19.3166656494141,5,189,-0.164703369140625,19.274658203125
"Mammillaria flavicentra",-97.203278,17.847694,"Sierra Madre del Sur province","Mammillaria","Mexico",23.1000003814697,21.8666667938232,5,180,0.31390380859375,13.1617431640625
"Mammillaria flavicentra",-96.901431,17.863853,"Sierra Madre del Sur province","Mammillaria","Mexico",20.7000007629395,22.1333332061768,14,344,2.01600646972656,28.72265625
"Mammillaria flavicentra",-97.34436,17.867959,"Sierra Madre del Sur province","Mammillaria","Mexico",23.5,19.533332824707,5,186,0.1600341796875,6.657958984375
"Mammillaria flavicentra",-97.406167,17.876417,"Sierra Madre del Sur province","Mammillaria","Mexico",23.6999988555908,19.1499996185303,4,208,0.63421630859375,6.58984375
"Mammillaria flavicentra",-97.346655,17.883589,"Sierra Madre del Sur province","Mammillaria","Mexico",23.9000015258789,20.216667175293,4,176,1.26263427734375,13.730712890625
"Mammillaria flavicentra",-96.887898,17.886373,"Sierra Madre del Sur province","Mammillaria","Mexico",20.6000003814697,21.8833332061768,16,368,-0.70166015625,27.7977294921875
"Mammillaria flavicentra",-97.437684,17.887936,"Sierra Madre del Sur province","Mammillaria","Mexico",23.0999984741211,18.9500007629395,5,219,0.2691650390625,6.296142578125
"Mammillaria flavicentra",-97.43143,17.898511,"Sierra Madre del Sur province","Mammillaria","Mexico",22.7000007629395,18.3000011444092,6,227,1.80538940429688,16.6484375
"Mammillaria flavicentra",-97.341559,17.95606,"Sierra Madre del Sur province","Mammillaria","Mexico",21.7000007629395,17.533332824707,5,215,0.221099853515625,10.014404296875
"Mammillaria flavicentra",-97.431316,17.962425,"Sierra Madre del Sur province","Mammillaria","Mexico",21.7999992370605,18.3999996185303,5,229,2.32736206054688,34.796142578125
"Mammillaria flavicentra",-97.451012,18.0455,"Balsas Basin province","Mammillaria","Mexico",23.8999996185303,24.0499992370605,5,170,-3.44891357421875,43.0225830078125
"Mammillaria flavicentra",-97.003444,18.054361,"Sierra Madre del Sur province","Mammillaria","Mexico",19.6000003814697,20.7999992370605,11,304,-2.35157775878906,53.0284423828125
"Mammillaria flavicentra",-97.005672,18.061333,"Sierra Madre del Sur province","Mammillaria","Mexico",20.6999988555908,21.9166660308838,13,339,0.667251586914062,53.4765625
"Mammillaria flavicentra",-97.31667,18.06667,"Sierra Madre del Sur province","Mammillaria","Mexico",18.5,15.0833330154419,6,235,-0.344940185546875,38.04248046875
"Mammillaria flavicentra",-96.964774,18.071615,"Sierra Madre del Sur province","Mammillaria","Mexico",18.7999992370605,19.5,13,314,0.191864013671875,26.826904296875
"Mammillaria flavicentra",-97.014341,18.088831,"Sierra Madre del Sur province","Mammillaria","Mexico",21.3999996185303,22.5,15,358,1.32376098632812,43.47265625
"Mammillaria haageana",-96.559472,16.257278,"Sierra Madre del Sur province","Mammillaria","Mexico",17.5,20.8999996185303,8,262,1.07867431640625,14.736083984375
"Mammillaria haageana",-96.643096,16.279638,"Sierra Madre del Sur province","Mammillaria","Mexico",17.5,20.2000007629395,9,283,-7.16950988769531,52.4697265625
"Mammillaria haageana",-96.63121,16.289905,"Sierra Madre del Sur province","Mammillaria","Mexico",18,20.8999996185303,7,261,0.716445922851562,54.6177978515625
"Mammillaria haageana",-96.467848,16.402959,"Balsas Basin province","Mammillaria","Mexico",17.7999992370605,22.1833343505859,2,193,-2.11740112304688,57.2030029296875
"Mammillaria haageana",-97.58125,16.90128,"Sierra Madre del Sur province","Mammillaria","Mexico",17.8999996185303,17.3500003814697,8,359,0.749359130859375,33.802490234375
"Mammillaria haageana",-96.9162,17.03131,"Sierra Madre del Sur province","Mammillaria","Mexico",17.6000003814697,18.6166667938232,5,255,-1.72549438476562,31.986572265625
"Mammillaria haageana",-96.9151,17.04683,"Sierra Madre del Sur province","Mammillaria","Mexico",18.5,19.466667175293,4,258,-6.99394226074219,24.7862548828125
"Mammillaria haageana",-96.897417,17.049306,"Sierra Madre del Sur province","Mammillaria","Mexico",19.7000007629395,20.5,3,260,-3.01190185546875,14.09228515625
"Mammillaria haageana",-96.9132,17.05483,"Sierra Madre del Sur province","Mammillaria","Mexico",18.7000007629395,19.6000003814697,4,258,3.75225830078125,29.335205078125
"Mammillaria haageana",-96.895139,17.070111,"Sierra Madre del Sur province","Mammillaria","Mexico",20.3999996185303,21.1499996185303,3,262,-1.51954650878906,25.0994873046875
"Mammillaria haageana",-96.8446,17.07019,"Balsas Basin province","Mammillaria","Mexico",22.6999988555908,22.783332824707,2,259,0.279342651367188,23.1851806640625
"Mammillaria haageana",-96.889028,17.0715,"Balsas Basin province","Mammillaria","Mexico",21.3000011444092,21.75,3,263,-5.57044982910156,16.2054443359375
"Mammillaria haageana",-96.864822,17.083977,"Balsas Basin province","Mammillaria","Mexico",22.6000003814697,22.7000007629395,3,259,3.57058715820312,23.4625244140625
"Mammillaria haageana",-97.304583,17.182383,"Sierra Madre del Sur province","Mammillaria","Mexico",18.2999992370605,17.6666660308838,3,276,0.853271484375,4.140380859375
"Mammillaria haageana",-96.490646,17.255394,"Sierra Madre del Sur province","Mammillaria","Mexico",19,18.6000003814697,12,283,-1.2498779296875,45.487548828125
"Mammillaria haageana",-96.908333,17.291667,"Balsas Basin province","Mammillaria","Mexico",22.5999984741211,22.8500003814697,4,256,-0.154205322265625,1.8939208984375
"Mammillaria haageana",-97.246391,17.320177,"Sierra Madre del Sur province","Mammillaria","Mexico",21,19.1000003814697,3,254,-0.1900634765625,8.073974609375
"Mammillaria haageana",-97.152511,17.363806,"Sierra Madre del Sur province","Mammillaria","Mexico",21,19.1833324432373,3,240,1.54766845703125,21.532958984375
"Mammillaria haageana",-97.95178,17.45153,"Sierra Madre del Sur province","Mammillaria","Mexico",23.5,23.1833343505859,3,229,5.75839233398438,25.9405517578125
"Mammillaria haageana",-97.38642,17.55453,"Sierra Madre del Sur province","Mammillaria","Mexico",20.5999984741211,16.3999996185303,5,240,2.69244384765625,23.359130859375
"Mammillaria haageana",-97.319894,17.637726,"Sierra Madre del Sur province","Mammillaria","Mexico",21.2000007629395,16.8833332061768,3,209,-3.90615844726562,15.66748046875
"Mammillaria haageana",-97.247971,17.664737,"Sierra Madre del Sur province","Mammillaria","Mexico",19.3999996185303,15.2833337783813,5,223,0.735565185546875,20.26123046875
"Mammillaria haageana",-97.123362,17.667557,"Sierra Madre del Sur province","Mammillaria","Mexico",22.2999992370605,20.3666667938232,5,199,-2.26318359375,78.7462158203125
"Mammillaria haageana",-97.25784,17.668652,"Sierra Madre del Sur province","Mammillaria","Mexico",19,14.8000001907349,6,241,-0.8018798828125,13.504638671875
"Mammillaria haageana",-97.55881,17.67122,"Sierra Madre del Sur province","Mammillaria","Mexico",23.6000003814697,20.2333335876465,5,233,1.94422912597656,20.5106201171875
"Mammillaria haageana",-97.24785,17.675247,"Sierra Madre del Sur province","Mammillaria","Mexico",19.3999996185303,15.2833337783813,5,222,0.076324462890625,27.524169921875
"Mammillaria haageana",-97.233056,17.677361,"Sierra Madre del Sur province","Mammillaria","Mexico",19.1000003814697,15.1833333969116,5,217,0.12298583984375,5.765625
"Mammillaria haageana",-97.256457,17.691261,"Sierra Madre del Sur province","Mammillaria","Mexico",19.1999988555908,14.8666667938232,5,242,-1.89501953125,14.56787109375
"Mammillaria haageana",-97.0334,17.6918,"Balsas Basin province","Mammillaria","Mexico",22.3000011444092,24.4500007629395,11,269,-1.60813903808594,41.6470947265625
"Mammillaria haageana",-97.267639,17.692722,"Sierra Madre del Sur province","Mammillaria","Mexico",20.3999996185303,16.0166664123535,3,215,-0.0595703125,5.515625
"Mammillaria haageana",-97.935156,17.693797,"Balsas Basin province","Mammillaria","Mexico",22.3999996185303,23.466667175293,4,242,0.16217041015625,66.53271484375
"Mammillaria haageana",-97.319549,17.707729,"Sierra Madre del Sur province","Mammillaria","Mexico",22.3999996185303,18.966667175293,3,205,-0.29949951171875,2.634521484375
"Mammillaria haageana",-97.320419,17.725088,"Sierra Madre del Sur province","Mammillaria","Mexico",22.5,18.7666664123535,3,200,0.193878173828125,13.101318359375
"Mammillaria haageana",-96.96845,17.726052,"Balsas Basin province","Mammillaria","Mexico",23.3999977111816,28.3166675567627,4,157,0.187225341796875,37.328125
"Mammillaria haageana",-97.298286,17.736653,"Sierra Madre del Sur province","Mammillaria","Mexico",21.9000015258789,17.5499992370605,2,196,0.504669189453125,14.196533203125
"Mammillaria haageana",-97.071211,17.751385,"Sierra Madre del Sur province","Mammillaria","Mexico",19.7000007629395,19.8500003814697,5,188,0.0894775390625,24.361328125
"Mammillaria haageana",-97.318047,17.762786,"Sierra Madre del Sur province","Mammillaria","Mexico",22.7000007629395,18.7999992370605,3,197,0.20843505859375,14.336669921875
"Mammillaria haageana",-97.680817,17.768631,"Balsas Basin province","Mammillaria","Mexico",22.3000011444092,21.7000007629395,4,235,-0.4300537109375,57.9261474609375
"Mammillaria haageana",-97.687168,17.778603,"Balsas Basin province","Mammillaria","Mexico",23.2000007629395,22.9333324432373,4,221,2.71543884277344,31.800537109375
"Mammillaria haageana",-97.20449,17.77886,"Sierra Madre del Sur province","Mammillaria","Mexico",18.5,14.8166666030884,7,231,0.243438720703125,14.697021484375
"Mammillaria haageana",-97.439945,17.788182,"Sierra Madre del Sur province","Mammillaria","Mexico",21.2000007629395,16.5,6,237,1.19927978515625,57.743896484375
"Mammillaria haageana",-97.442626,17.788323,"Sierra Madre del Sur province","Mammillaria","Mexico",21.5,16.9333324432373,6,234,0.848785400390625,47.043701171875
"Mammillaria haageana",-97.446026,17.796682,"Sierra Madre del Sur province","Mammillaria","Mexico",21.6999988555908,17.2999992370605,5,233,1.30105590820312,28.044189453125
"Mammillaria haageana",-97.320833,17.817528,"Sierra Madre del Sur province","Mammillaria","Mexico",23.5,20.216667175293,4,178,-0.269546508789062,12.1392822265625
"Mammillaria haageana",-97.34041,17.822419,"Sierra Madre del Sur province","Mammillaria","Mexico",22.9000015258789,18.6833343505859,5,200,1.31085205078125,11.3818359375
"Mammillaria haageana",-97.513714,17.846937,"Sierra Madre del Sur province","Mammillaria","Mexico",20.1000003814697,15.6999998092651,7,251,-1.53408813476562,37.7109375
"Mammillaria haageana",-97.1851,17.85249,"Sierra Madre del Sur province","Mammillaria","Mexico",22.6000003814697,21.5,5,178,0.60687255859375,44.2591552734375
"Mammillaria haageana",-97.511787,17.852792,"Sierra Madre del Sur province","Mammillaria","Mexico",20.1000003814697,15.6000003814697,8,250,2.58920288085938,14.9716796875
"Mammillaria haageana",-97.356222,17.853157,"Sierra Madre del Sur province","Mammillaria","Mexico",22.5,17.9333324432373,4,211,6.7982177734375,33.7705078125
"Mammillaria haageana",-97.323871,17.856039,"Sierra Madre del Sur province","Mammillaria","Mexico",23.2999992370605,19.6333332061768,5,183,-0.3310546875,6.386962890625
"Mammillaria haageana",-97.239814,17.856468,"Sierra Madre del Sur province","Mammillaria","Mexico",20.7000007629395,17.0833339691162,5,196,1.39468383789062,7.797119140625
"Mammillaria haageana",-97.357827,17.860157,"Sierra Madre del Sur province","Mammillaria","Mexico",23.4000015258789,19.1166667938232,4,197,0.636993408203125,24.948486328125
"Mammillaria haageana",-97.331908,17.871992,"Sierra Madre del Sur province","Mammillaria","Mexico",22.8999996185303,19.1666660308838,5,191,0.301605224609375,5.64501953125
"Mammillaria haageana",-97.84087,17.87829,"Balsas Basin province","Mammillaria","Mexico",22.5,22.4500007629395,5,241,0.20294189453125,5.97216796875
"Mammillaria haageana",-97.412778,17.880833,"Sierra Madre del Sur province","Mammillaria","Mexico",23.6000003814697,19.1000003814697,4,210,0.416839599609375,4.868408203125
"Mammillaria haageana",-97.439257,17.928038,"Sierra Madre del Sur province","Mammillaria","Mexico",21.9000015258789,18.1333332061768,6,230,-0.3740234375,23.541015625
"Mammillaria haageana",-97.295528,17.934361,"Sierra Madre del Sur province","Mammillaria","Mexico",21.5,18.9333324432373,4,190,-4.94808959960938,38.44189453125
"Mammillaria haageana",-97.426174,17.969638,"Sierra Madre del Sur province","Mammillaria","Mexico",21.7000007629395,18.5,5,230,-0.2255859375,58.972900390625
"Mammillaria haageana",-97.373889,17.976389,"Sierra Madre del Sur province","Mammillaria","Mexico",23.6000003814697,21.283332824707,4,187,0.290191650390625,2.66552734375
"Mammillaria haageana",-97.343132,17.978656,"Sierra Madre del Sur province","Mammillaria","Mexico",22.4000015258789,19.1666660308838,4,209,0.56884765625,31.684814453125
"Mammillaria haageana",-97.680924,18.002938,"Balsas Basin province","Mammillaria","Mexico",21,20.25,5,238,0.53839111328125,28.906982421875
"Mammillaria haageana",-97.655172,18.009776,"Balsas Basin province","Mammillaria","Mexico",21.2000007629395,20.5,4,229,-0.12298583984375,28.1888427734375
"Mammillaria haageana",-97.659088,18.015682,"Balsas Basin province","Mammillaria","Mexico",21.1999988555908,20.0833339691162,5,237,-0.94927978515625,19.423583984375
"Mammillaria haageana",-97.683,18.017,"Balsas Basin province","Mammillaria","Mexico",21.1000003814697,20.5499992370605,5,232,0.127777099609375,11.3785400390625
"Mammillaria haageana",-97.69344,18.03202,"Balsas Basin province","Mammillaria","Mexico",20.6000003814697,20,4,242,0.73980712890625,14.01611328125
"Mammillaria haageana",-97.343604,18.057471,"Sierra Madre del Sur province","Mammillaria","Mexico",19.6999988555908,17.25,6,225,-0.12481689453125,30.331787109375
"Mammillaria haageana",-97.366667,18.066667,"Balsas Basin province","Mammillaria","Mexico",23.3000011444092,23.9166660308838,6,186,5.97676086425781,56.5333251953125
"Mammillaria haageana",-97.719335,18.067345,"Balsas Basin province","Mammillaria","Mexico",20.7999992370605,21.9499988555908,4,212,-0.011322021484375,11.710205078125
"Mammillaria haageana",-97.309745,18.067554,"Sierra Madre del Sur province","Mammillaria","Mexico",17.7999992370605,13.8666667938232,8,254,0.36138916015625,29.571044921875
"Mammillaria haageana",-97.305983,18.073063,"Sierra Madre del Sur province","Mammillaria","Mexico",17.6999988555908,13.8166666030884,10,254,0.71783447265625,36.508544921875
"Mammillaria haageana",-97.32272,18.07442,"Sierra Madre del Sur province","Mammillaria","Mexico",18.5,15.0833330154419,6,235,-1.38046264648438,30.734619140625
"Mammillaria haageana",-97.33333,18.08333,"Sierra Madre del Sur province","Mammillaria","Mexico",20,17.6333332061768,5,223,-2.10218811035156,54.569580078125
"Mammillaria haageana",-97.678773,18.13755,"Balsas Basin province","Mammillaria","Mexico",21.2999992370605,22.6666660308838,4,191,-1.55715942382812,14.3768310546875
"Mammillaria haageana",-97.73333,18.16667,"Balsas Basin province","Mammillaria","Mexico",21.3999996185303,23.716667175293,5,159,4.39558410644531,18.49609375
"Mammillaria haageana",-97.656208,18.178061,"Balsas Basin province","Mammillaria","Mexico",21.4000015258789,22.3999996185303,4,193,0.36126708984375,10.013427734375
"Mammillaria haageana",-97.665723,18.198978,"Balsas Basin province","Mammillaria","Mexico",20.7000007629395,21.5499992370605,5,218,-0.47174072265625,25.24853515625
"Mammillaria haageana",-97.64891,18.21291,"Balsas Basin province","Mammillaria","Mexico",21.2000007629395,21,4,223,-0.56793212890625,11.3494873046875
"Mammillaria hernandezii",-97.558228,17.839439,"Sierra Madre del Sur province","Mammillaria","Oaxaca",19.7000007629395,15.6499996185303,5,256,-4.3994140625,19.21923828125
"Mammillaria hernandezii",-97.280855,17.891899,"Sierra Madre del Sur province","Mammillaria","Oaxaca",20.6000003814697,17.7999992370605,5,198,-0.101715087890625,25.829833984375
"Mammillaria hernandezii",-97.208197,17.892175,"Sierra Madre del Sur province","Mammillaria","Oaxaca",20.2000007629395,17.6166667938232,5,189,-1.88726806640625,19.0693359375
"Mammillaria hernandezii",-97.426667,17.892778,"Sierra Madre del Sur province","Mammillaria","Oaxaca",22.7000007629395,18.3000011444092,6,227,-0.155364990234375,19.89697265625
"Mammillaria hernandezii",-97.424183,17.9026,"Sierra Madre del Sur province","Mammillaria","Oaxaca",22.7999992370605,18.4833335876465,5,224,0.819610595703125,4.117919921875
"Mammillaria hernandezii",-97.430033,17.905533,"Sierra Madre del Sur province","Mammillaria","Oaxaca",22.3999996185303,18.0499992370605,6,228,1.4432373046875,12.423095703125
"Mammillaria hernandezii",-97.455583,17.905694,"Sierra Madre del Sur province","Mammillaria","Oaxaca",21.6000003814697,17.716667175293,6,232,-0.846771240234375,36.787841796875
"Mammillaria hernandezii",-97.486733,17.909486,"Sierra Madre del Sur province","Mammillaria","Oaxaca",21.2999992370605,18.4333324432373,6,232,8.117431640625,49.617431640625
"Mammillaria hernandezii",-97.418861,17.916806,"Sierra Madre del Sur province","Mammillaria","Oaxaca",22.5999984741211,18.5499992370605,6,225,0.139312744140625,8.55517578125
"Mammillaria hernandezii",-97.443278,17.919361,"Sierra Madre del Sur province","Mammillaria","Oaxaca",21.7000007629395,17.9166660308838,6,231,-1.1016845703125,8.792236328125
"Mammillaria hernandezii",-97.409778,17.919583,"Sierra Madre del Sur province","Mammillaria","Oaxaca",22.7999992370605,18.5499992370605,5,224,0.4150390625,3.174072265625
"Mammillaria hernandezii",-97.43668,17.92516,"Sierra Madre del Sur province","Mammillaria","Oaxaca",21.9000015258789,18.1333332061768,6,230,0.662139892578125,10.748046875
"Mammillaria hernandezii",-97.548197,17.925783,"Sierra Madre del Sur province","Mammillaria","Oaxaca",18.3999996185303,14.783332824707,5,257,-0.2703857421875,18.28515625
"Mammillaria hernandezii",-97.221176,17.934955,"Sierra Madre del Sur province","Mammillaria","Oaxaca",18.2999992370605,15.2166662216187,7,219,0.759033203125,16.83203125
"Mammillaria hernandezii",-97.37167,17.935156,"Sierra Madre del Sur province","Mammillaria","Oaxaca",23.7000007629395,19.4833335876465,5,207,-1.38351440429688,3.455810546875
"Mammillaria hernandezii",-97.412717,17.940933,"Sierra Madre del Sur province","Mammillaria","Oaxaca",22.8000011444092,18.8166656494141,5,225,0.85479736328125,13.50634765625
"Mammillaria hernandezii",-97.41165,17.95245,"Sierra Madre del Sur province","Mammillaria","Oaxaca",22.3999996185303,18.6499996185303,6,227,-0.194580078125,2.45458984375
"Mammillaria hernandezii",-97.549195,17.993693,"Sierra Madre del Sur province","Mammillaria","Oaxaca",18.7999992370605,15.4333333969116,4,247,1.12738037109375,46.616455078125
"Mammillaria hernandezii",-97.512086,17.995061,"Sierra Madre del Sur province","Mammillaria","Oaxaca",19.7000007629395,17.0666656494141,7,238,3.03640747070312,15.53076171875
"Mammillaria huitzilopochtli",-96.865111,17.265444,"Sierra Madre del Sur province","Mammillaria","Oaxaca",22.5999984741211,22.9166660308838,4,256,-1.74778747558594,23.3543701171875
"Mammillaria huitzilopochtli",-96.849685,17.649511,"Balsas Basin province","Mammillaria","Oaxaca",23,26.8500003814697,13,278,-0.042724609375,27.602783203125
"Mammillaria huitzilopochtli",-96.971977,17.649792,"Balsas Basin province","Mammillaria","Oaxaca",20.7999992370605,23.4166660308838,10,272,-0.934310913085938,36.8924560546875
"Mammillaria huitzilopochtli",-96.869578,17.671668,"Balsas Basin province","Mammillaria","Oaxaca",22.7999992370605,26.3833332061768,20,324,2.30943298339844,37.0982666015625
"Mammillaria huitzilopochtli",-96.8191,17.690502,"Balsas Basin province","Mammillaria","Oaxaca",22.2000007629395,24.3166675567627,24,372,1.73941040039062,44.639892578125
"Mammillaria huitzilopochtli",-96.929833,17.71925,"Balsas Basin province","Mammillaria","Oaxaca",23.0999984741211,27.9499988555908,5,166,-1.57320404052734,16.002197265625
"Mammillaria huitzilopochtli",-96.871878,17.728208,"Sierra Madre del Sur province","Mammillaria","Oaxaca",21.2999992370605,22.6166667938232,19,354,-5.28604125976562,18.746337890625
"Mammillaria huitzilopochtli",-96.831425,17.768792,"Sierra Madre del Sur province","Mammillaria","Oaxaca",14.9999990463257,12.8666667938232,12,292,-3.06259155273438,34.162109375
"Mammillaria huitzilopochtli",-96.950556,17.788028,"Balsas Basin province","Mammillaria","Oaxaca",23.2999992370605,28.1333332061768,6,166,1.48297882080078,24.9620971679688
"Mammillaria huitzilopochtli",-96.950004,17.800002,"Balsas Basin province","Mammillaria","Oaxaca",23.4999980926514,27.7666664123535,10,210,11.6734085083008,87.3387451171875
"Mammillaria huitzilopochtli",-97.031656,17.801149,"Balsas Basin province","Mammillaria","Oaxaca",24.2000007629395,27.216667175293,14,270,3.30140686035156,70.70849609375
"Mammillaria huitzilopochtli",-96.961889,17.806556,"Balsas Basin province","Mammillaria","Oaxaca",23.5000019073486,28.1333332061768,5,168,0.735145568847656,5.6778564453125
"Mammillaria huitzilopochtli",-96.963917,17.809917,"Balsas Basin province","Mammillaria","Oaxaca",23.3999996185303,28.0666656494141,6,173,1.82444000244141,16.8005981445312
"Mammillaria huitzilopochtli",-96.960683,17.816683,"Balsas Basin province","Mammillaria","Oaxaca",23.6999988555908,27.8833332061768,9,209,2.43017578125,33.7728881835938
"Mammillaria huitzilopochtli",-96.959917,17.826583,"Balsas Basin province","Mammillaria","Oaxaca",23.8999996185303,27.75,12,240,4.70655822753906,39.0410766601562
"Mammillaria huitzilopochtli",-96.941,17.8272,"Sierra Madre del Sur province","Mammillaria","Oaxaca",24.1000022888184,26.8500003814697,21,320,0.7752685546875,11.864501953125
"Mammillaria huitzilopochtli",-96.825755,17.837442,"Sierra Madre del Sur province","Mammillaria","Oaxaca",17.2000007629395,15.5833330154419,9,252,0.683990478515625,23.968505859375
"Mammillaria huitzilopochtli",-96.969722,17.850639,"Balsas Basin province","Mammillaria","Oaxaca",23.8000011444092,28.2333335876465,6,192,2.90822601318359,39.2026977539062
"Mammillaria huitzilopochtli",-96.993139,17.852278,"Balsas Basin province","Mammillaria","Oaxaca",23.9000015258789,28.7000007629395,5,170,-0.239761352539062,20.0313110351562
"Mammillaria huitzilopochtli",-96.984944,17.854833,"Balsas Basin province","Mammillaria","Oaxaca",23.8999977111816,28.533332824707,6,179,-2.89975738525391,13.9901733398438
"Mammillaria huitzilopochtli",-96.984333,17.862806,"Balsas Basin province","Mammillaria","Oaxaca",23.8999977111816,28.5999984741211,5,170,-2.31694030761719,16.728759765625
"Mammillaria huitzilopochtli",-96.998778,17.863194,"Balsas Basin province","Mammillaria","Oaxaca",23.8999996185303,28.783332824707,4,165,-4.74697113037109,31.0065307617188
"Mammillaria huitzilopochtli",-96.990417,17.867111,"Balsas Basin province","Mammillaria","Oaxaca",23.8999977111816,28.6166667938232,5,169,0.5362548828125,35.9846801757812
"Mammillaria huitzilopochtli",-96.989444,17.879167,"Balsas Basin province","Mammillaria","Oaxaca",23.8999977111816,28.6666660308838,4,161,-1.26087188720703,40.9178466796875
"Mammillaria huitzilopochtli",-96.967,17.883,"Balsas Basin province","Mammillaria","Oaxaca",23.7999992370605,28.1333332061768,7,202,-0.59173583984375,64.736328125
"Mammillaria huitzilopochtli",-96.967667,17.885556,"Balsas Basin province","Mammillaria","Oaxaca",23.7999992370605,28.1499996185303,7,198,-3.35368347167969,55.3919677734375
"Mammillaria huitzilopochtli",-96.862665,17.890587,"Sierra Madre del Sur province","Mammillaria","Oaxaca",20.3999996185303,21.0833339691162,16,374,-0.439422607421875,52.600830078125
"Mammillaria huitzilopochtli",-96.996414,17.906664,"Balsas Basin province","Mammillaria","Oaxaca",24.0000019073486,28.9333343505859,5,160,0.180068969726562,29.7318115234375
"Mammillaria huitzilopochtli",-96.970944,17.906944,"Balsas Basin province","Mammillaria","Oaxaca",23.7999992370605,28.1499996185303,7,198,0.58197021484375,29.0878295898438
"Mammillaria huitzilopochtli",-96.970417,17.9085,"Balsas Basin province","Mammillaria","Oaxaca",23.7999992370605,28.25,6,183,1.11122131347656,22.9634399414062
"Mammillaria huitzilopochtli",-96.912779,17.912034,"Sierra Madre del Sur province","Mammillaria","Oaxaca",23.7000007629395,25.783332824707,29,403,-3.3065185546875,31.84228515625
"Mammillaria huitzilopochtli",-96.9667,17.9167,"Balsas Basin province","Mammillaria","Oaxaca",23.7999992370605,28.25,6,187,-3.03474426269531,41.0965576171875
"Mammillaria huitzilopochtli",-96.991833,17.929333,"Balsas Basin province","Mammillaria","Oaxaca",23.9000015258789,28.7666664123535,6,178,-0.18231201171875,7.80780029296875
"Mammillaria huitzilopochtli",-96.989197,17.940039,"Balsas Basin province","Mammillaria","Oaxaca",24.0000019073486,28.283332824707,9,227,-5.51084899902344,21.68408203125
"Mammillaria huitzilopochtli",-96.994194,17.956056,"Balsas Basin province","Mammillaria","Oaxaca",24.1000022888184,28.283332824707,10,225,-0.129486083984375,10.7293701171875
"Mammillaria huitzilopochtli",-96.981783,17.956683,"Balsas Basin province","Mammillaria","Oaxaca",24.4999980926514,27.7000007629395,14,285,3.50711059570312,24.353515625
"Mammillaria huitzilopochtli",-96.992404,17.960169,"Balsas Basin province","Mammillaria","Oaxaca",24.2999992370605,28.0666656494141,10,241,-0.0914688110351562,6.67510986328125
"Mammillaria huitzilopochtli",-96.829737,17.971066,"Sierra Madre del Sur province","Mammillaria","Oaxaca",20.7000007629395,22.3500003814697,25,480,0.363006591796875,26.7105712890625
"Mammillaria huitzilopochtli",-96.810577,17.981171,"Sierra Madre del Sur province","Mammillaria","Oaxaca",20.3999996185303,22.2666664123535,26,498,-0.708480834960938,24.1434326171875
"Mammillaria huitzilopochtli",-96.859233,17.983756,"Sierra Madre del Sur province","Mammillaria","Oaxaca",24.5999984741211,26.5666656494141,39,488,-2.3209228515625,29.8734741210938
"Mammillaria huitzilopochtli",-97.031917,17.988056,"Balsas Basin province","Mammillaria","Oaxaca",24.7000007629395,28.25,9,233,3.28861999511719,29.5127563476562
"Mammillaria huitzilopochtli",-97.028722,18.013917,"Balsas Basin province","Mammillaria","Oaxaca",25.2999992370605,27.5499992370605,13,267,-4.63933563232422,23.8033447265625
"Mammillaria karwinskiana",-96.073388,15.810043,"Pacific Lowlands province","Mammillaria","Mexico",13.6000003814697,28.1666660308838,4,384,5.06248092651367,18.11865234375
"Mammillaria karwinskiana",-96.001137,15.87185,"Pacific Lowlands province","Mammillaria","Mexico",14.1000003814697,28,3,374,1.55590724945068,5.82024765014648
"Mammillaria karwinskiana",-95.863722,15.898333,"Pacific Lowlands province","Mammillaria","Mexico",14.5,28.4166660308838,2,342,2.54774951934814,14.2507934570312
"Mammillaria karwinskiana",-96.791001,16.218691,"Sierra Madre del Sur province","Mammillaria","Mexico",17.6000003814697,21.6833324432373,4,372,-0.521636962890625,42.009765625
"Mammillaria karwinskiana",-96.718347,16.234465,"Sierra Madre del Sur province","Mammillaria","Mexico",17.1000003814697,20.4333343505859,4,314,-6.35923767089844,66.729248046875
"Mammillaria karwinskiana",-96.653403,16.265112,"Sierra Madre del Sur province","Mammillaria","Mexico",16.6000003814697,19.1666679382324,11,313,-6.834228515625,20.1724853515625
"Mammillaria karwinskiana",-96.670313,16.281288,"Sierra Madre del Sur province","Mammillaria","Mexico",17.6000003814697,19.8500003814697,10,292,0.185394287109375,24.071044921875
"Mammillaria karwinskiana",-96.516809,16.282026,"Balsas Basin province","Mammillaria","Mexico",18.7999992370605,21.9500007629395,6,225,0.792266845703125,5.2305908203125
"Mammillaria karwinskiana",-96.660722,16.285495,"Sierra Madre del Sur province","Mammillaria","Mexico",17.8999996185303,20.3333320617676,9,280,-3.52593994140625,33.39404296875
"Mammillaria karwinskiana",-96.514536,16.285821,"Balsas Basin province","Mammillaria","Mexico",19.0999984741211,22.216667175293,5,213,-0.308624267578125,6.1324462890625
"Mammillaria karwinskiana",-96.649608,16.287885,"Sierra Madre del Sur province","Mammillaria","Mexico",17.6999988555908,20.3833332061768,9,279,0.8309326171875,22.482177734375
"Mammillaria karwinskiana",-96.653249,16.288327,"Sierra Madre del Sur province","Mammillaria","Mexico",17.8999996185303,20.4500007629395,9,274,-1.71810913085938,28.92724609375
"Mammillaria karwinskiana",-96.635383,16.290306,"Sierra Madre del Sur province","Mammillaria","Mexico",17.7999992370605,20.6499996185303,8,269,3.09884643554688,28.2447509765625
"Mammillaria karwinskiana",-96.631081,16.290516,"Sierra Madre del Sur province","Mammillaria","Mexico",18,20.8999996185303,7,261,3.89263916015625,47.18701171875
"Mammillaria karwinskiana",-96.643257,16.291733,"Sierra Madre del Sur province","Mammillaria","Mexico",17.8999996185303,20.4833335876465,8,279,0.839981079101562,12.336669921875
"Mammillaria karwinskiana",-96.63963,16.292413,"Sierra Madre del Sur province","Mammillaria","Mexico",18,20.8333339691162,8,265,1.52871704101562,36.7645263671875
"Mammillaria karwinskiana",-96.632603,16.300923,"Sierra Madre del Sur province","Mammillaria","Mexico",18.2000007629395,21.033332824707,7,263,-0.716720581054688,40.9918212890625
"Mammillaria karwinskiana",-96.633633,16.30147,"Sierra Madre del Sur province","Mammillaria","Mexico",18.5,21.2666664123535,6,252,-0.539993286132812,33.9959716796875
"Mammillaria karwinskiana",-96.71088,16.308585,"Sierra Madre del Sur province","Mammillaria","Mexico",18.1000003814697,20.3833332061768,6,288,-0.2752685546875,34.83837890625
"Mammillaria karwinskiana",-96.773492,16.318319,"Sierra Madre del Sur province","Mammillaria","Mexico",18.2999992370605,21.0499992370605,3,302,-0.0137481689453125,15.6043701171875
"Mammillaria karwinskiana",-95.73333,16.40527,"Pacific Lowlands province","Mammillaria","Mexico",18.8000011444092,26.1833343505859,3,199,-2.55377197265625,25.5784912109375
"Mammillaria karwinskiana",-96.466682,16.412748,"Sierra Madre del Sur province","Mammillaria","Mexico",17.1000003814697,21.8000011444092,3,91,3.02265930175781,33.524169921875
"Mammillaria karwinskiana",-96.466705,16.416836,"Sierra Madre del Sur province","Mammillaria","Mexico",17.5999984741211,22.2999992370605,2,182,4.9259033203125,8.708984375
"Mammillaria karwinskiana",-96.13156,16.50919,"Pacific Lowlands province","Mammillaria","Mexico",20.1000022888184,25.0833339691162,3,231,-4.48507690429688,21.2266235351562
"Mammillaria karwinskiana",-95.966667,16.516667,"Sierra Madre del Sur province","Mammillaria","Mexico",18.1000003814697,24.3833332061768,0,239,3.76179504394531,47.1375732421875
"Mammillaria karwinskiana",-96.04597,16.54113,"Pacific Lowlands province","Mammillaria","Mexico",19.5,25.2333335876465,1,218,-2.53062438964844,19.6381225585938
"Mammillaria karwinskiana",-95.241667,16.575,"Pacific Lowlands province","Mammillaria","Mexico",16.3000011444092,27.3833332061768,2,157,-1.20632934570312,18.3490905761719
"Mammillaria karwinskiana",-96.350054,16.599558,"Sierra Madre del Sur province","Mammillaria","Mexico",19,23.8833332061768,2,225,2.20002746582031,28.1912841796875
"Mammillaria karwinskiana",-95.979722,16.611111,"Pacific Lowlands province","Mammillaria","Mexico",21.9000015258789,26.6333332061768,2,198,-0.215492248535156,1.54010009765625
"Mammillaria karwinskiana",-94.9522,16.61444,"Pacific Lowlands province","Mammillaria","Mexico",15.5,27.9500007629395,7,274,7.20169830322266,50.7398834228516
"Mammillaria karwinskiana",-96.033333,16.616667,"Pacific Lowlands province","Mammillaria","Mexico",21.4999980926514,26.2000007629395,3,207,0.0176544189453125,2.1273193359375
"Mammillaria karwinskiana",-96.051361,16.632197,"Pacific Lowlands province","Mammillaria","Mexico",19.9000015258789,25.3333339691162,3,238,-2.43507385253906,38.5614013671875
"Mammillaria karwinskiana",-95.89594,16.65608,"Pacific Lowlands province","Mammillaria","Mexico",20.3999996185303,25.5,3,235,-8.22529602050781,24.6121215820312
"Mammillaria karwinskiana",-96.264781,16.670547,"Sierra Madre del Sur province","Mammillaria","Mexico",20.4000015258789,25.3666667938232,4,270,-1.27602386474609,37.0899047851562
"Mammillaria karwinskiana",-97.012555,16.674041,"Sierra Madre del Sur province","Mammillaria","Mexico",18.5,19.6333332061768,4,316,-0.439239501953125,46.2581787109375
"Mammillaria karwinskiana",-96.269416,16.676467,"Sierra Madre del Sur province","Mammillaria","Mexico",20.7999992370605,25.6666660308838,4,269,2.69466400146484,37.5626220703125
"Mammillaria karwinskiana",-96.324614,16.702431,"Sierra Madre del Sur province","Mammillaria","Mexico",20.7000007629395,24.8500003814697,3,276,-1.87785339355469,9.31103515625
"Mammillaria karwinskiana",-96.753194,16.706056,"Balsas Basin province","Mammillaria","Mexico",22.4999980926514,22.8833332061768,2,281,0.258880615234375,6.781982421875
"Mammillaria karwinskiana",-96.33344,16.72127,"Sierra Madre del Sur province","Mammillaria","Mexico",20.6000003814697,24.25,3,272,-0.661102294921875,5.9208984375
"Mammillaria karwinskiana",-96.201205,16.722853,"Pacific Lowlands province","Mammillaria","Mexico",20.3000011444092,24.9500007629395,4,284,-0.96417236328125,28.0145263671875
"Mammillaria karwinskiana",-96.3235,16.73555,"Sierra Madre del Sur province","Mammillaria","Mexico",20,23.216667175293,2,245,-4.95223999023438,30.8419189453125
"Mammillaria karwinskiana",-95.78877,16.750442,"Pacific Lowlands province","Mammillaria","Mexico",20.2000007629395,26.4500007629395,10,239,-2.29081726074219,32.2320861816406
"Mammillaria karwinskiana",-96.342933,16.754925,"Sierra Madre del Sur province","Mammillaria","Mexico",20.5,22.9833335876465,1,245,-1.33161926269531,27.931640625
"Mammillaria karwinskiana",-95.773163,16.787465,"Sierra Madre del Sur province","Mammillaria","Mexico",20.1999988555908,26.033332824707,13,262,3.99494934082031,36.1808471679688
"Mammillaria karwinskiana",-96.563524,16.791593,"Balsas Basin province","Mammillaria","Mexico",19.1000003814697,20.8833332061768,3,112,0.131927490234375,39.600830078125
"Mammillaria karwinskiana",-95.932738,16.808173,"Pacific Lowlands province","Mammillaria","Mexico",20.1000003814697,25.2999992370605,9,331,1.28645324707031,19.266845703125
"Mammillaria karwinskiana",-96.658992,16.851978,"Balsas Basin province","Mammillaria","Mexico",23.1000003814697,22.8333339691162,2,272,-0.181869506835938,4.8472900390625
"Mammillaria karwinskiana",-96.64853,16.85522,"Balsas Basin province","Mammillaria","Mexico",21.2000007629395,21.966667175293,2,271,-4.62890625,32.8392333984375
"Mammillaria karwinskiana",-96.674789,16.857048,"Balsas Basin province","Mammillaria","Mexico",23.4000015258789,22.966667175293,2,275,-0.187469482421875,15.0234375
"Mammillaria karwinskiana",-96.277088,16.864705,"Sierra Madre del Sur province","Mammillaria","Mexico",19.7000007629395,22.1000003814697,3,276,4.54093933105469,30.5074462890625
"Mammillaria karwinskiana",-96.277031,16.866836,"Sierra Madre del Sur province","Mammillaria","Mexico",18.2999992370605,20.966667175293,2,255,2.51383972167969,13.7752685546875
"Mammillaria karwinskiana",-96.329746,16.872105,"Sierra Madre del Sur province","Mammillaria","Mexico",17.0999984741211,19.0499992370605,2,241,-1.71673583984375,34.3995361328125
"Mammillaria karwinskiana",-96.301633,16.914692,"Sierra Madre del Sur province","Mammillaria","Mexico",18.3999996185303,20.1333332061768,2,255,5.98419189453125,31.896728515625
"Mammillaria karwinskiana",-96.399544,16.922145,"Balsas Basin province","Mammillaria","Mexico",21.5,22.283332824707,2,276,-0.27996826171875,1.074951171875
"Mammillaria karwinskiana",-96.660806,16.923478,"Balsas Basin province","Mammillaria","Mexico",19.7000007629395,20.8333339691162,3,251,-1.68856811523438,10.487060546875
"Mammillaria karwinskiana",-96.323547,16.931783,"Balsas Basin province","Mammillaria","Mexico",19.3999996185303,20.7666664123535,2,268,2.74656677246094,39.1380615234375
"Mammillaria karwinskiana",-96.322806,16.933593,"Balsas Basin province","Mammillaria","Mexico",19.2000007629395,20.6166667938232,2,267,-6.04266357421875,49.5028076171875
"Mammillaria karwinskiana",-96.407076,16.941172,"Sierra Madre del Sur province","Mammillaria","Mexico",20.4000015258789,21.466667175293,2,268,-0.0526580810546875,8.463623046875
"Mammillaria karwinskiana",-96.7217,16.9467,"Balsas Basin province","Mammillaria","Mexico",24.4000015258789,23.2666664123535,2,251,-0.09228515625,0.198974609375
"Mammillaria karwinskiana",-96.449339,16.94959,"Balsas Basin province","Mammillaria","Mexico",22.1000003814697,22.5,3,274,-2.49237060546875,21.1749267578125
"Mammillaria karwinskiana",-96.440538,16.95413,"Balsas Basin province","Mammillaria","Mexico",21.5,22.216667175293,3,277,0.0401458740234375,5.4229736328125
"Mammillaria karwinskiana",-96.413269,16.955665,"Balsas Basin province","Mammillaria","Mexico",19.9000015258789,21.1333332061768,2,126,0.14697265625,2.7978515625
"Mammillaria karwinskiana",-96.653561,16.957423,"Balsas Basin province","Mammillaria","Mexico",21.0999984741211,21.6833324432373,2,260,-0.736892700195312,18.2205810546875
"Mammillaria karwinskiana",-96.447303,16.958267,"Balsas Basin province","Mammillaria","Mexico",22.1000003814697,22.5666656494141,3,277,9.26243591308594,37.5853271484375
"Mammillaria karwinskiana",-96.448975,16.958358,"Balsas Basin province","Mammillaria","Mexico",21.8999996185303,22.3833332061768,2,277,-1.43333435058594,18.2308349609375
"Mammillaria karwinskiana",-96.513793,16.971397,"Balsas Basin province","Mammillaria","Mexico",23.3999996185303,23.1666660308838,2,265,-0.0055084228515625,0.2427978515625
"Mammillaria karwinskiana",-96.561439,16.974925,"Balsas Basin province","Mammillaria","Mexico",23.5,23.1333332061768,2,257,2.83258056640625,19.9180908203125
"Mammillaria karwinskiana",-96.56098,16.975159,"Balsas Basin province","Mammillaria","Mexico",23.2999992370605,23.0666675567627,2,256,2.0279541015625,10.9521484375
"Mammillaria karwinskiana",-96.400673,16.995038,"Balsas Basin province","Mammillaria","Mexico",18,18.966667175293,3,107,-0.196685791015625,5.40234375
"Mammillaria karwinskiana",-96.683881,16.996066,"Balsas Basin province","Mammillaria","Mexico",20.2999992370605,21.2666664123535,2,257,2.99124145507812,21.0504150390625
"Mammillaria karwinskiana",-96.568308,16.997218,"Balsas Basin province","Mammillaria","Mexico",22.9999980926514,22.8333320617676,2,255,0.101272583007812,5.69384765625
"Mammillaria karwinskiana",-96.657801,17.023467,"Balsas Basin province","Mammillaria","Mexico",19.6000003814697,20.6833343505859,2,253,0.185745239257812,25.765625
"Mammillaria karwinskiana",-96.670074,17.023836,"Balsas Basin province","Mammillaria","Mexico",19.2999992370605,20.6333332061768,2,250,-4.6796875,22.25048828125
"Mammillaria karwinskiana",-96.478157,17.033479,"Sierra Madre del Sur province","Mammillaria","Mexico",17.7999992370605,18.8500003814697,3,105,-4.50270080566406,16.722900390625
"Mammillaria karwinskiana",-96.524987,17.036451,"Balsas Basin province","Mammillaria","Mexico",20.5,21.1499996185303,2,272,1.8975830078125,34.817626953125
"Mammillaria karwinskiana",-96.871746,17.039019,"Sierra Madre del Sur province","Mammillaria","Mexico",19.7999992370605,20.5166664123535,3,258,5.02450561523438,21.3076171875
"Mammillaria karwinskiana",-96.766737,17.040521,"Balsas Basin province","Mammillaria","Mexico",21.8999996185303,22.466667175293,3,257,-0.353515625,28.6861572265625
"Mammillaria karwinskiana",-96.513847,17.04145,"Balsas Basin province","Mammillaria","Mexico",20.3999996185303,21.0833339691162,3,273,-1.64358520507812,14.4459228515625
"Mammillaria karwinskiana",-96.514205,17.041695,"Balsas Basin province","Mammillaria","Mexico",20.1000003814697,20.8666667938232,4,274,-2.31047058105469,11.76708984375
"Mammillaria karwinskiana",-96.517983,17.042361,"Balsas Basin province","Mammillaria","Mexico",19.3999996185303,20.3666667938232,3,270,-0.0338134765625,29.7476806640625
"Mammillaria karwinskiana",-96.672613,17.044665,"Balsas Basin province","Mammillaria","Mexico",22.5,23.033332824707,2,242,3.44871520996094,34.4317626953125
"Mammillaria karwinskiana",-96.843587,17.046417,"Sierra Madre del Sur province","Mammillaria","Mexico",22.5,22.4833335876465,2,262,2.54835510253906,17.0469970703125
"Mammillaria karwinskiana",-96.515778,17.057622,"Sierra Madre del Sur province","Mammillaria","Mexico",19.5,20.3500003814697,4,274,0.479888916015625,6.7449951171875
"Mammillaria karwinskiana",-96.858333,17.060278,"Sierra Madre del Sur province","Mammillaria","Mexico",22.5,22.5499992370605,2,260,3.21517944335938,26.7337646484375
"Mammillaria karwinskiana",-96.859444,17.061944,"Sierra Madre del Sur province","Mammillaria","Mexico",21.7999992370605,22.0666656494141,3,262,1.26182556152344,15.6441650390625
"Mammillaria karwinskiana",-96.51482,17.066739,"Sierra Madre del Sur province","Mammillaria","Mexico",18.2999992370605,19.216667175293,5,269,-4.86772155761719,28.7431640625
"Mammillaria karwinskiana",-96.736556,17.083047,"Balsas Basin province","Mammillaria","Mexico",22.2000007629395,23.1166667938232,3,246,3.23715209960938,31.9923095703125
"Mammillaria karwinskiana",-96.516667,17.083333,"Sierra Madre del Sur province","Mammillaria","Mexico",17,18.1000003814697,5,250,3.662109375,21.295654296875
"Mammillaria karwinskiana",-96.735441,17.084196,"Balsas Basin province","Mammillaria","Mexico",22.0999984741211,22.966667175293,3,248,0.4366455078125,31.3839111328125
"Mammillaria karwinskiana",-96.881289,17.106569,"Balsas Basin province","Mammillaria","Mexico",22.2999992370605,22.5666656494141,3,260,1.15618896484375,21.8646240234375
"Mammillaria karwinskiana",-96.812952,17.106631,"Balsas Basin province","Mammillaria","Mexico",22.9000015258789,23.1000003814697,3,252,-2.73709106445312,13.97998046875
"Mammillaria karwinskiana",-96.4525,17.118889,"Sierra Madre del Sur province","Mammillaria","Mexico",14.0000009536743,11.8166666030884,11,366,-0.438262939453125,8.122802734375
"Mammillaria karwinskiana",-96.658941,17.121574,"Sierra Madre del Sur province","Mammillaria","Mexico",18.6000003814697,19.283332824707,4,259,-0.559722900390625,44.599853515625
"Mammillaria karwinskiana",-96.757429,17.150816,"Balsas Basin province","Mammillaria","Mexico",22.4000015258789,22.7333335876465,3,250,1.24568176269531,10.0672607421875
"Mammillaria karwinskiana",-96.84266,17.161874,"Balsas Basin province","Mammillaria","Mexico",22.9000015258789,23.1666660308838,3,254,-1.69891357421875,12.3193359375
"Mammillaria karwinskiana",-96.688333,17.162222,"Sierra Madre del Sur province","Mammillaria","Mexico",13.7000007629395,13.3666667938232,6,318,2.30233764648438,38.872314453125
"Mammillaria karwinskiana",-96.170916,17.176442,"Sierra Madre del Sur province","Mammillaria","Mexico",18.8999996185303,22.3833332061768,37,479,-0.91802978515625,23.3974609375
"Mammillaria karwinskiana",-96.743611,17.1775,"Sierra Madre del Sur province","Mammillaria","Mexico",20.7000007629395,21.033332824707,3,260,3.85035705566406,21.8739013671875
"Mammillaria karwinskiana",-96.737738,17.1788,"Sierra Madre del Sur province","Mammillaria","Mexico",19.6000003814697,19.966667175293,4,255,1.58798217773438,44.2763671875
"Mammillaria karwinskiana",-97.12111,17.21886,"Sierra Madre del Sur province","Mammillaria","Mexico",21.5,21.1999988555908,4,262,-2.25004577636719,26.0926513671875
"Mammillaria karwinskiana",-96.241182,17.221912,"Sierra Madre del Sur province","Mammillaria","Mexico",19.2000007629395,22.1666660308838,39,458,-0.176727294921875,16.1942138671875
"Mammillaria karwinskiana",-96.901708,17.234991,"Balsas Basin province","Mammillaria","Mexico",22.5,22.8500003814697,4,256,0.196990966796875,1.52001953125
"Mammillaria karwinskiana",-97.09744,17.24064,"Sierra Madre del Sur province","Mammillaria","Mexico",21.4000015258789,21,5,257,2.06747436523438,27.3770751953125
"Mammillaria karwinskiana",-96.888936,17.250145,"Balsas Basin province","Mammillaria","Mexico",22.5999984741211,22.8999996185303,3,255,-0.238937377929688,14.9984130859375
"Mammillaria karwinskiana",-96.41968,17.250994,"Sierra Madre del Sur province","Mammillaria","Mexico",17,17.1000003814697,10,278,-0.400115966796875,48.97412109375
"Mammillaria karwinskiana",-96.490919,17.255527,"Sierra Madre del Sur province","Mammillaria","Mexico",19,18.6000003814697,12,283,-0.0568084716796875,52.43701171875
"Mammillaria karwinskiana",-96.479297,17.259995,"Sierra Madre del Sur province","Mammillaria","Mexico",17.7999992370605,17.5499992370605,10,261,1.60549926757812,32.357666015625
"Mammillaria karwinskiana",-96.487928,17.260167,"Sierra Madre del Sur province","Mammillaria","Mexico",19.2000007629395,18.8000011444092,13,288,-1.31251525878906,32.8660888671875
"Mammillaria karwinskiana",-96.47267,17.267494,"Balsas Basin province","Mammillaria","Mexico",18.8000011444092,18.5,12,286,1.72509765625,17.0458984375
"Mammillaria karwinskiana",-96.45576,17.271169,"Sierra Madre del Sur province","Mammillaria","Mexico",18.8000011444092,18.6666660308838,15,320,6.40582275390625,13.749755859375
"Mammillaria karwinskiana",-97.159254,17.29841,"Sierra Madre del Sur province","Mammillaria","Mexico",21,19.7333335876465,3,251,2.374267578125,22.7109375
"Mammillaria karwinskiana",-97.2316,17.3336,"Sierra Madre del Sur province","Mammillaria","Mexico",21.2000007629395,19.1833324432373,2,250,-3.37173461914062,20.559814453125
"Mammillaria karwinskiana",-96.577087,17.394596,"Balsas Basin province","Mammillaria","Mexico",22.8000011444092,23.2999992370605,12,296,9.92097473144531,37.7239990234375
"Mammillaria karwinskiana",-96.565472,17.408306,"Balsas Basin province","Mammillaria","Mexico",21.7000007629395,22.2333335876465,19,345,-0.694076538085938,32.9952392578125
"Mammillaria karwinskiana",-96.831583,17.721415,"Balsas Basin province","Mammillaria","Mexico",19,19.5,13,306,-0.114227294921875,19.6512451171875
"Mammillaria kraehenbuehlii",-97.223056,17.160778,"Sierra Madre del Sur province","Mammillaria","Oaxaca",18.9000015258789,19.3500003814697,4,269,-0.90899658203125,12.590576171875
"Mammillaria kraehenbuehlii",-97.30966,17.30154,"Sierra Madre del Sur province","Mammillaria","Oaxaca",19.7999992370605,17.7999992370605,4,266,-3.81735229492188,33.595458984375
"Mammillaria kraehenbuehlii",-97.16704,17.49087,"Sierra Madre del Sur province","Mammillaria","Oaxaca",20.2000007629395,16.966667175293,2,216,1.08432006835938,15.431640625
"Mammillaria kraehenbuehlii",-97.548155,17.636673,"Sierra Madre del Sur province","Mammillaria","Oaxaca",22.3000011444092,18.1833343505859,4,251,-0.970611572265625,5.256103515625
"Mammillaria kraehenbuehlii",-97.551917,17.656028,"Sierra Madre del Sur province","Mammillaria","Oaxaca",22.6000003814697,18.3833332061768,5,253,-0.0740966796875,17.395751953125
"Mammillaria kraehenbuehlii",-97.56425,17.661,"Sierra Madre del Sur province","Mammillaria","Oaxaca",23,19.2000007629395,5,244,0.67852783203125,19.57275390625
"Mammillaria kraehenbuehlii",-97.492389,17.662111,"Sierra Madre del Sur province","Mammillaria","Oaxaca",22.7999992370605,19.0499992370605,4,235,1.78744506835938,17.435546875
"Mammillaria kraehenbuehlii",-97.566861,17.66225,"Sierra Madre del Sur province","Mammillaria","Oaxaca",23.1000003814697,19.7000007629395,5,240,-0.085693359375,16.16259765625
"Mammillaria kraehenbuehlii",-97.558806,17.671222,"Sierra Madre del Sur province","Mammillaria","Oaxaca",23.6000003814697,20.2333335876465,5,233,1.94422912597656,20.5106201171875
"Mammillaria kraehenbuehlii",-97.55675,17.678111,"Sierra Madre del Sur province","Mammillaria","Oaxaca",23.6000003814697,20.1166667938232,4,232,0.9766845703125,14.419921875
"Mammillaria kraehenbuehlii",-97.446241,17.708487,"Sierra Madre del Sur province","Mammillaria","Oaxaca",20.7999992370605,16.2666664123535,5,243,-4.57968139648438,35.8046875
"Mammillaria kraehenbuehlii",-97.480473,17.713882,"Sierra Madre del Sur province","Mammillaria","Oaxaca",22.2000007629395,17.966667175293,4,238,-2.67666625976562,7.293701171875
"Mammillaria kraehenbuehlii",-97.567383,17.733049,"Sierra Madre del Sur province","Mammillaria","Oaxaca",22.5,19.1000003814697,4,244,-0.7265625,29.416259765625
"Mammillaria kraehenbuehlii",-97.540306,17.747944,"Sierra Madre del Sur province","Mammillaria","Oaxaca",23,19.4333324432373,4,234,1.14990234375,17.107666015625
"Mammillaria kraehenbuehlii",-97.309661,17.784872,"Sierra Madre del Sur province","Mammillaria","Oaxaca",23.3999996185303,20.6499996185303,3,178,-2.25625610351562,14.589111328125
"Mammillaria kraehenbuehlii",-97.362758,17.794707,"Sierra Madre del Sur province","Mammillaria","Oaxaca",24,20.5666656494141,3,184,-0.011962890625,1.4769287109375
"Mammillaria kraehenbuehlii",-97.31049,17.80062,"Sierra Madre del Sur province","Mammillaria","Oaxaca",23.8999996185303,21.6833343505859,3,168,0.146438598632812,18.923828125
"Mammillaria kraehenbuehlii",-97.30386,17.80791,"Sierra Madre del Sur province","Mammillaria","Oaxaca",23.7000007629395,21.3333339691162,3,167,0.46624755859375,14.366455078125
"Mammillaria kraehenbuehlii",-97.31502,17.80873,"Sierra Madre del Sur province","Mammillaria","Oaxaca",24,21.6166667938232,3,165,1.06185913085938,13.418212890625
"Mammillaria kraehenbuehlii",-97.32528,17.81028,"Sierra Madre del Sur province","Mammillaria","Oaxaca",23.0999984741211,19.3999996185303,5,192,3.10330200195312,23.34423828125
"Mammillaria kraehenbuehlii",-97.321742,17.810298,"Sierra Madre del Sur province","Mammillaria","Oaxaca",23.7999992370605,20.8833332061768,4,172,0.963760375976562,12.9058837890625
"Mammillaria kraehenbuehlii",-97.27558,17.81514,"Sierra Madre del Sur province","Mammillaria","Oaxaca",23.1999988555908,20.7000007629395,4,169,-0.81707763671875,6.263427734375
"Mammillaria kraehenbuehlii",-97.27271,17.81535,"Sierra Madre del Sur province","Mammillaria","Oaxaca",23.5,21.2666664123535,3,164,-0.17095947265625,26.916015625
"Mammillaria kraehenbuehlii",-97.246194,17.816889,"Sierra Madre del Sur province","Mammillaria","Oaxaca",21.5999984741211,17.9833335876465,5,185,1.06857299804688,2.8818359375
"Mammillaria kraehenbuehlii",-97.27828,17.81806,"Sierra Madre del Sur province","Mammillaria","Oaxaca",23.7000007629395,21.7666664123535,3,159,-0.0954437255859375,19.4588623046875
"Mammillaria kraehenbuehlii",-97.2963,17.82419,"Sierra Madre del Sur province","Mammillaria","Oaxaca",24.0999984741211,22.1166667938232,3,164,0.769851684570312,4.312255859375
"Mammillaria kraehenbuehlii",-97.27829,17.83232,"Sierra Madre del Sur province","Mammillaria","Oaxaca",23.7999992370605,21.9500007629395,3,156,-6.87643432617188,20.17333984375
"Mammillaria kraehenbuehlii",-97.27809,17.83368,"Sierra Madre del Sur province","Mammillaria","Oaxaca",23.7000007629395,22.0166664123535,3,154,1.88467407226562,31.9957275390625
"Mammillaria kraehenbuehlii",-97.23544,17.839044,"Sierra Madre del Sur province","Mammillaria","Oaxaca",21.5,18.1499996185303,5,184,0.242889404296875,10.4951171875
"Mammillaria kraehenbuehlii",-97.306375,17.848454,"Sierra Madre del Sur province","Mammillaria","Oaxaca",24,21.783332824707,3,155,1.08854675292969,7.23583984375
"Mammillaria kraehenbuehlii",-97.296445,17.861608,"Sierra Madre del Sur province","Mammillaria","Oaxaca",23.2999992370605,21.0499992370605,3,159,1.44854736328125,14.602294921875
"Mammillaria kraehenbuehlii",-97.207362,17.885797,"Sierra Madre del Sur province","Mammillaria","Oaxaca",20.2999992370605,17.6666660308838,5,188,-0.050506591796875,8.759033203125
"Mammillaria kraehenbuehlii",-97.38097,17.886533,"Sierra Madre del Sur province","Mammillaria","Oaxaca",23.7999992370605,19.3999996185303,4,198,0.78350830078125,8.1669921875
"Mammillaria kraehenbuehlii",-97.352861,17.890694,"Sierra Madre del Sur province","Mammillaria","Oaxaca",24.1000003814697,20.1000003814697,4,179,0.110305786132812,6.52392578125
"Mammillaria kraehenbuehlii",-97.271993,17.891104,"Sierra Madre del Sur province","Mammillaria","Oaxaca",22.5999984741211,21.7666664123535,3,156,-1.84111022949219,45.130615234375
"Mammillaria kraehenbuehlii",-97.389833,17.8955,"Sierra Madre del Sur province","Mammillaria","Oaxaca",23.5,19.0166664123535,4,209,0.0775146484375,4.8095703125
"Mammillaria kraehenbuehlii",-97.343403,17.897221,"Sierra Madre del Sur province","Mammillaria","Oaxaca",23.6999988555908,19.7999992370605,4,183,2.191650390625,27.1514892578125
"Mammillaria kraehenbuehlii",-97.312914,17.902594,"Sierra Madre del Sur province","Mammillaria","Oaxaca",22.8999996185303,20.5166664123535,3,166,-6.69215393066406,18.77392578125
"Mammillaria kraehenbuehlii",-97.338993,17.903043,"Sierra Madre del Sur province","Mammillaria","Oaxaca",23.2999992370605,19.6333332061768,4,186,0.11309814453125,22.209228515625
"Mammillaria kraehenbuehlii",-97.388764,17.909471,"Sierra Madre del Sur province","Mammillaria","Oaxaca",23.1999988555908,18.7333335876465,4,216,0.457427978515625,21.377685546875
"Mammillaria kraehenbuehlii",-97.37995,17.989721,"Sierra Madre del Sur province","Mammillaria","Oaxaca",23.7000007629395,21.7333335876465,4,186,-7.96084594726562,40.723876953125
"Mammillaria kraehenbuehlii",-97.223199,18.01533,"Balsas Basin province","Mammillaria","Oaxaca",25.2000007629395,26.0666656494141,7,163,-1.2825927734375,19.2825927734375
"Mammillaria kraehenbuehlii",-97.347333,18.028056,"Sierra Madre del Sur province","Mammillaria","Oaxaca",21.3000011444092,19.2666664123535,4,211,2.92373657226562,66.5684814453125
"Mammillaria kraehenbuehlii",-97.34492,18.05725,"Sierra Madre del Sur province","Mammillaria","Oaxaca",19.6999988555908,17.25,6,225,0.46112060546875,39.353271484375
"Mammillaria mystax",-96.490678,17.255555,"Sierra Madre del Sur province","Mammillaria","Mexico",19,18.6000003814697,12,283,-0.0568084716796875,52.43701171875
"Mammillaria mystax",-96.443428,17.301123,"Balsas Basin province","Mammillaria","Mexico",18,18.0666656494141,15,321,3.82858276367188,14.41259765625
"Mammillaria mystax",-97.656944,17.355277,"Sierra Madre del Sur province","Mammillaria","Mexico",21.0999984741211,19.1666660308838,4,271,-0.563995361328125,2.9593505859375
"Mammillaria mystax",-97.811361,17.536538,"Sierra Madre del Sur province","Mammillaria","Mexico",22.1000003814697,20.6166667938232,5,258,-3.76480102539062,23.5374755859375
"Mammillaria mystax",-97.321237,17.54788,"Sierra Madre del Sur province","Mammillaria","Mexico",21.5999984741211,17.3999996185303,3,221,-0.1998291015625,5.925537109375
"Mammillaria mystax",-97.322148,17.55088,"Sierra Madre del Sur province","Mammillaria","Mexico",21.5999984741211,17.4833335876465,4,218,0.927154541015625,9.425048828125
"Mammillaria mystax",-97.392847,17.611491,"Sierra Madre del Sur province","Mammillaria","Mexico",20.5,16.0166664123535,6,243,2.93557739257812,14.1923828125
"Mammillaria mystax",-97.41666,17.68333,"Sierra Madre del Sur province","Mammillaria","Mexico",20.9000015258789,16.5,5,235,-4.04229736328125,20.6962890625
"Mammillaria mystax",-97.41819,17.69047,"Sierra Madre del Sur province","Mammillaria","Mexico",21.3999996185303,16.9333324432373,5,233,-0.271575927734375,39.1240234375
"Mammillaria mystax",-97.474056,17.691,"Sierra Madre del Sur province","Mammillaria","Mexico",22.5999984741211,18.5499992370605,5,235,1.363525390625,34.1259765625
"Mammillaria mystax",-97.40278,17.7025,"Sierra Madre del Sur province","Mammillaria","Mexico",21.6999988555908,17.3666667938232,6,225,-0.453155517578125,32.59912109375
"Mammillaria mystax",-97.316965,17.705271,"Sierra Madre del Sur province","Mammillaria","Mexico",22.3999996185303,18.966667175293,3,205,-0.722900390625,8.227783203125
"Mammillaria mystax",-97.385278,17.720167,"Sierra Madre del Sur province","Mammillaria","Mexico",22.3999996185303,18.716667175293,5,217,1.12362670898438,4.04736328125
"Mammillaria mystax",-97.779738,17.740252,"Balsas Basin province","Mammillaria","Mexico",23.3000011444092,23.466667175293,4,234,0.0123291015625,12.1954345703125
"Mammillaria mystax",-97.508641,17.837583,"Sierra Madre del Sur province","Mammillaria","Mexico",20.5,16.1166667938232,7,247,0.6343994140625,20.485595703125
"Mammillaria mystax",-97.520868,17.852189,"Sierra Madre del Sur province","Mammillaria","Mexico",19.7000007629395,15.2333335876465,8,254,-1.78460693359375,36.1611328125
"Mammillaria mystax",-97.510556,17.8525,"Sierra Madre del Sur province","Mammillaria","Mexico",20.1000003814697,15.6000003814697,8,250,0.063323974609375,17.575927734375
"Mammillaria mystax",-97.35698,17.85293,"Sierra Madre del Sur province","Mammillaria","Mexico",22.5,17.9333324432373,4,211,2.54656982421875,48.73828125
"Mammillaria mystax",-97.505889,17.860633,"Sierra Madre del Sur province","Mammillaria","Mexico",20.2000007629395,15.8999996185303,8,246,1.44412231445312,17.70166015625
"Mammillaria mystax",-97.572079,17.864689,"Sierra Madre del Sur province","Mammillaria","Mexico",20.2000007629395,16.2999992370605,4,251,0.3807373046875,20.993896484375
"Mammillaria mystax",-97.34253,17.8735,"Sierra Madre del Sur province","Mammillaria","Mexico",23.5,19.533332824707,5,186,0.234710693359375,3.179931640625
"Mammillaria mystax",-97.346621,17.883542,"Sierra Madre del Sur province","Mammillaria","Mexico",23.9000015258789,20.216667175293,4,176,1.26263427734375,13.730712890625
"Mammillaria mystax",-97.426306,17.889667,"Sierra Madre del Sur province","Mammillaria","Mexico",23.0999984741211,18.8500003814697,5,219,0.36767578125,7.966796875
"Mammillaria mystax",-97.37587,17.899901,"Sierra Madre del Sur province","Mammillaria","Mexico",23.5999984741211,19.2333335876465,4,204,-0.0823974609375,4.5986328125
"Mammillaria mystax",-97.35715,17.904954,"Sierra Madre del Sur province","Mammillaria","Mexico",23.5999984741211,19.25,5,199,0.19683837890625,3.724365234375
"Mammillaria mystax",-97.424133,17.90778,"Sierra Madre del Sur province","Mammillaria","Mexico",22.7999992370605,18.4833335876465,5,224,1.03753662109375,19.825927734375
"Mammillaria mystax",-97.265833,17.946389,"Sierra Madre del Sur province","Mammillaria","Mexico",22.5,22.2333335876465,6,201,-1.41624450683594,26.9227294921875
"Mammillaria mystax",-98.042263,17.955617,"Balsas Basin province","Mammillaria","Mexico",21.7999992370605,24.3833332061768,5,214,-0.773529052734375,16.9676513671875
"Mammillaria mystax",-97.696611,17.989611,"Balsas Basin province","Mammillaria","Mexico",21,21.2000007629395,4,225,0.002532958984375,29.4285888671875
"Mammillaria mystax",-97.655295,18.010289,"Balsas Basin province","Mammillaria","Mexico",21.2000007629395,20.5,4,229,0.289337158203125,41.40185546875
"Mammillaria mystax",-97.332026,18.083715,"Sierra Madre del Sur province","Mammillaria","Mexico",20.7000007629395,19.25,4,213,3.35806274414062,54.6644287109375
"Mammillaria mystax",-97.76883,18.095303,"Balsas Basin province","Mammillaria","Mexico",20.3999996185303,22.7333335876465,5,205,-2.02780151367188,15.213134765625
"Mammillaria mystax",-97.66556,18.130998,"Balsas Basin province","Mammillaria","Mexico",21.4000015258789,22.5,4,191,-1.05007934570312,11.993896484375
"Mammillaria mystax",-97.6838,18.17803,"Balsas Basin province","Mammillaria","Mexico",21,22.9166660308838,4,189,-0.810043334960938,13.4193115234375
"Mammillaria mystax",-97.738023,18.188976,"Balsas Basin province","Mammillaria","Mexico",21.3000011444092,23.6666679382324,5,162,0.948135375976562,27.080810546875
"Mammillaria polyedra",-96.45886,17.30289,"Balsas Basin province","Mammillaria","Mexico",20.1000003814697,20.25,19,364,-3.83802795410156,19.8480224609375
"Mammillaria polyedra",-97.14692,17.328704,"Sierra Madre del Sur province","Mammillaria","Mexico",20.2000007629395,18.5,3,247,-0.977783203125,23.582275390625
"Mammillaria polyedra",-97.05692,17.4669,"Sierra Madre del Sur province","Mammillaria","Mexico",22,22.3166656494141,5,247,2.52122497558594,23.294189453125
"Mammillaria polyedra",-96.838889,17.509139,"Balsas Basin province","Mammillaria","Mexico",23.5,26.3999996185303,13,268,-2.09349822998047,21.814697265625
"Mammillaria polyedra",-97.982512,17.516018,"Sierra Madre del Sur province","Mammillaria","Mexico",23,23.2333335876465,3,230,0.991790771484375,41.8779296875
"Mammillaria polyedra",-98.039784,17.546384,"Balsas Basin province","Mammillaria","Mexico",22.8999996185303,23.4333324432373,4,239,1.59295654296875,23.8565673828125
"Mammillaria polyedra",-97.05026,17.5527,"Sierra Madre del Sur province","Mammillaria","Mexico",18.7000007629395,18.2999992370605,2,187,-3.24606323242188,32.798828125
"Mammillaria polyedra",-96.92717,17.61147,"Balsas Basin province","Mammillaria","Mexico",23.5,26.6500015258789,12,269,-7.68168640136719,34.270263671875
"Mammillaria polyedra",-98.046284,17.637654,"Balsas Basin province","Mammillaria","Mexico",22.3999977111816,24.8333339691162,4,260,-0.518753051757812,53.6279296875
"Mammillaria polyedra",-98.015122,17.64243,"Balsas Basin province","Mammillaria","Mexico",22.9000015258789,24.783332824707,4,257,1.6395263671875,35.52734375
"Mammillaria polyedra",-97.140404,17.648826,"Sierra Madre del Sur province","Mammillaria","Mexico",21.7000007629395,19.5666675567627,5,191,-0.50616455078125,4.718017578125
"Mammillaria polyedra",-97.134507,17.653808,"Sierra Madre del Sur province","Mammillaria","Mexico",21.3999996185303,18.8666667938232,5,178,-4.92929077148438,42.6187744140625
"Mammillaria polyedra",-98.054061,17.680657,"Balsas Basin province","Mammillaria","Mexico",22.1999988555908,23.7999992370605,4,254,-3.82640075683594,38.1378173828125
"Mammillaria polyedra",-97.007611,17.693333,"Balsas Basin province","Mammillaria","Mexico",24.2000007629395,27.1166667938232,10,232,-4.36125183105469,37.4320678710938
"Mammillaria polyedra",-96.86667,17.71667,"Sierra Madre del Sur province","Mammillaria","Mexico",21.1000003814697,22.5166664123535,18,345,0.966506958007812,33.2047119140625
"Mammillaria polyedra",-96.917306,17.840917,"Sierra Madre del Sur province","Mammillaria","Mexico",23.4000015258789,25.533332824707,24,370,-2.55950927734375,32.7647705078125
"Mammillaria polyedra",-96.863704,17.874268,"Sierra Madre del Sur province","Mammillaria","Mexico",22.2000007629395,22.75,22,417,-6.00372314453125,26.392822265625
"Mammillaria polyedra",-96.912557,17.875854,"Sierra Madre del Sur province","Mammillaria","Mexico",24.1000003814697,25.8333339691162,26,386,-1.49266052246094,56.2127685546875
"Mammillaria polyedra",-96.94058,17.92142,"Sierra Madre del Sur province","Mammillaria","Mexico",23.6000003814697,26.3999996185303,25,383,1.31657409667969,23.5703125
"Mammillaria polyedra",-96.94972,17.92444,"Balsas Basin province","Mammillaria","Mexico",23.5,26.4500007629395,24,377,-1.0848388671875,51.1636962890625
"Mammillaria polyedra",-98.02474,17.974106,"Balsas Basin province","Mammillaria","Mexico",20.8999996185303,23.1000003814697,5,253,-0.0042724609375,19.662109375
"Mammillaria polyedra",-96.965053,18.071484,"Sierra Madre del Sur province","Mammillaria","Mexico",18.7999992370605,19.5,13,314,-1.9405517578125,23.45556640625
"Mammillaria rekoi",-96.304116,16.509701,"Sierra Madre del Sur province","Mammillaria","Oaxaca",18.5,23.4333343505859,3,183,-6.26678466796875,21.423095703125
"Mammillaria rekoi",-95.95258,16.54683,"Sierra Madre del Sur province","Mammillaria","Oaxaca",17.8999996185303,24.4333343505859,1,240,4.41322326660156,33.6497802734375
"Mammillaria rekoi",-96.355271,16.581956,"Sierra Madre del Sur province","Mammillaria","Oaxaca",19.7999992370605,24.783332824707,2,266,1.72918701171875,12.9932861328125
"Mammillaria rekoi",-96.362517,16.583059,"Sierra Madre del Sur province","Mammillaria","Oaxaca",19.7999992370605,24.783332824707,2,266,2.55337524414062,44.19775390625
"Mammillaria rekoi",-96.357168,16.585226,"Sierra Madre del Sur province","Mammillaria","Oaxaca",19.4000015258789,24.2666664123535,2,248,-1.15907287597656,45.7391357421875
"Mammillaria rekoi",-96.587616,16.59149,"Balsas Basin province","Mammillaria","Oaxaca",16.5,19.0166664123535,3,244,-4.30606079101562,57.20556640625
"Mammillaria rekoi",-97.661667,16.703333,"Sierra Madre del Sur province","Mammillaria","Oaxaca",18.8999996185303,25.1000003814697,4,403,-0.398612976074219,9.07232666015625
"Mammillaria rekoi",-96.264091,16.787701,"Sierra Madre del Sur province","Mammillaria","Oaxaca",17.3999996185303,20.466667175293,1,226,1.25949096679688,22.595947265625
"Mammillaria rekoi",-96.21933,16.809789,"Sierra Madre del Sur province","Mammillaria","Oaxaca",16.6000003814697,20.1000003814697,2,231,-2.12179565429688,12.92724609375
"Mammillaria rekoi",-96.30111,16.882007,"Sierra Madre del Sur province","Mammillaria","Oaxaca",16.2999992370605,18.5833339691162,2,104,-0.502960205078125,28.52783203125
"Mammillaria rekoi",-96.301344,16.888061,"Sierra Madre del Sur province","Mammillaria","Oaxaca",16.5,18.716667175293,3,104,-2.11575317382812,61.827392578125
"Mammillaria rekoi",-96.305535,16.950008,"Sierra Madre del Sur province","Mammillaria","Oaxaca",17.5999984741211,19.3166656494141,2,109,-3.18014526367188,6.9669189453125
"Mammillaria rekoi",-96.388113,16.969534,"Sierra Madre del Sur province","Mammillaria","Oaxaca",16.9000015258789,18.283332824707,3,109,-0.023345947265625,43.67822265625
"Mammillaria rekoi",-96.319897,16.971685,"Sierra Madre del Sur province","Mammillaria","Oaxaca",16.9000015258789,18.3999996185303,5,107,-1.51217651367188,36.500244140625
"Mammillaria rekoi",-96.408838,16.996367,"Balsas Basin province","Mammillaria","Oaxaca",19.3999996185303,20.1499996185303,3,267,0.58441162109375,18.78955078125
"Mammillaria rekoi",-96.407651,16.996627,"Balsas Basin province","Mammillaria","Oaxaca",18,18.966667175293,3,107,0.386322021484375,32.510009765625
"Mammillaria rekoi",-96.670375,17.024883,"Balsas Basin province","Mammillaria","Oaxaca",19.2999992370605,20.6333332061768,2,250,-4.08807373046875,23.3533935546875
"Mammillaria rekoi",-96.49867,17.08486,"Sierra Madre del Sur province","Mammillaria","Oaxaca",15,16,6,256,1.27816772460938,21.45458984375
"Mammillaria rekoi",-96.508255,17.090164,"Sierra Madre del Sur province","Mammillaria","Oaxaca",15.7999992370605,16.9166660308838,5,247,-6.41873168945312,27.958740234375
"Mammillaria rekoi",-96.507305,17.092137,"Sierra Madre del Sur province","Mammillaria","Oaxaca",14.4999990463257,15.3666667938232,7,274,1.2017822265625,52.383056640625
"Mammillaria rekoi",-96.491197,17.094707,"Sierra Madre del Sur province","Mammillaria","Oaxaca",14.8999996185303,15.3833332061768,7,267,-0.910400390625,43.7216796875
"Mammillaria rekoi",-96.058021,17.100122,"Sierra Madre del Sur province","Mammillaria","Oaxaca",15.0000009536743,16.6666660308838,16,322,-2.69110107421875,25.0703125
"Mammillaria rekoi",-96.468917,17.100611,"Sierra Madre del Sur province","Mammillaria","Oaxaca",14.1000003814697,13.1000003814697,9,347,-1.57528686523438,30.87109375
"Mammillaria rekoi",-96.682365,17.125614,"Sierra Madre del Sur province","Mammillaria","Oaxaca",16.2999992370605,17.216667175293,6,245,3.75454711914062,47.413818359375
"Mammillaria rekoi",-96.422459,17.129552,"Sierra Madre del Sur province","Mammillaria","Oaxaca",14.2999992370605,12.9499998092651,9,354,-3.6109619140625,24.1845703125
"Mammillaria rekoi",-96.692216,17.131097,"Sierra Madre del Sur province","Mammillaria","Oaxaca",18,18.7333335876465,5,250,2.31661987304688,30.49365234375
"Mammillaria rekoi",-96.732257,17.217169,"Sierra Madre del Sur province","Mammillaria","Oaxaca",15.8999996185303,16.2999992370605,4,257,-1.13580322265625,56.103515625
"Mammillaria rekoi",-96.453983,17.239694,"Sierra Madre del Sur province","Mammillaria","Oaxaca",15.1999998092651,15.2666664123535,13,290,0.644195556640625,20.63623046875
"Mammillaria rekoi",-96.502506,17.239862,"Sierra Madre del Sur province","Mammillaria","Oaxaca",18.2999992370605,17.9333343505859,10,256,3.77606201171875,18.27880859375
"Mammillaria rekoi",-96.494564,17.243888,"Sierra Madre del Sur province","Mammillaria","Oaxaca",18.7000007629395,18.2333335876465,10,264,-5.04037475585938,29.1514892578125
"Mammillaria rekoi",-96.490817,17.25519,"Sierra Madre del Sur province","Mammillaria","Oaxaca",19,18.6000003814697,12,283,-2.49029541015625,42.921630859375
"Mammillaria rekoi",-96.480932,17.269154,"Sierra Madre del Sur province","Mammillaria","Oaxaca",19.2000007629395,18.8500003814697,14,297,1.68582153320312,21.814697265625
"Mammillaria rekoi",-96.525428,17.309913,"Balsas Basin province","Mammillaria","Oaxaca",22.6000003814697,22.6333332061768,9,274,-0.161941528320312,0.84033203125
"Mammillaria rekoi",-96.473418,17.328131,"Sierra Madre del Sur province","Mammillaria","Oaxaca",17.1000003814697,17.2666664123535,11,276,-0.133697509765625,22.8876953125
"Mammillaria solisioides",-97.817956,17.807744,"Balsas Basin province","Mammillaria","Mexico",23.0999984741211,23.0666656494141,5,235,-0.203598022460938,9.3143310546875
"Mammillaria solisioides",-97.713725,17.815845,"Balsas Basin province","Mammillaria","Mexico",23.7000007629395,23.4833335876465,5,216,1.01708984375,13.89013671875
"Mammillaria solisioides",-97.7887,17.83089,"Balsas Basin province","Mammillaria","Mexico",23.3999977111816,23.2999992370605,5,221,0.568634033203125,18.8079833984375
"Mammillaria solisioides",-97.778639,17.84175,"Balsas Basin province","Mammillaria","Mexico",23.1999988555908,23.0999984741211,5,221,1.47979736328125,9.54931640625
"Mammillaria solisioides",-97.775028,17.851361,"Balsas Basin province","Mammillaria","Mexico",23.0999984741211,22.9166660308838,5,222,-0.63446044921875,8.9775390625
"Mammillaria solisioides",-97.775028,17.8585,"Balsas Basin province","Mammillaria","Mexico",23.1000003814697,22.9500007629395,5,220,-0.9129638671875,10.457275390625
"Mammillaria solisioides",-97.681053,17.899515,"Balsas Basin province","Mammillaria","Mexico",23.2999992370605,23.0833339691162,4,207,0.646438598632812,34.1287841796875
"Mammillaria solisioides",-97.804333,17.93375,"Balsas Basin province","Mammillaria","Mexico",22.2999992370605,23.0666656494141,6,209,3.20030212402344,14.5968017578125
"Mammillaria solisioides",-97.661603,17.934147,"Balsas Basin province","Mammillaria","Mexico",21.7000007629395,21.4833335876465,4,223,3.12843322753906,67.8656005859375
"Mammillaria solisioides",-97.789806,17.938583,"Balsas Basin province","Mammillaria","Mexico",22.2999992370605,23.0833320617676,6,206,0.289993286132812,16.63623046875
"Mammillaria sphacelata",-96.949806,17.585444,"Balsas Basin province","Mammillaria","Mexico",22.2000007629395,24.6499996185303,13,285,-1.80473327636719,26.7994384765625
"Mammillaria sphacelata",-96.959387,17.682975,"Balsas Basin province","Mammillaria","Mexico",23.7000007629395,27.033332824707,13,270,1.23951721191406,17.400146484375
"Mammillaria sphacelata",-96.965,17.70511,"Balsas Basin province","Mammillaria","Mexico",23.7000007629395,27.783332824707,9,220,-0.918075561523438,40.435302734375
"Mammillaria sphacelata",-96.94056,17.74361,"Balsas Basin province","Mammillaria","Mexico",23.1999988555908,27.9333324432373,5,168,1.37744140625,7.4619140625
"Mammillaria sphacelata",-97.2033,17.8477,"Sierra Madre del Sur province","Mammillaria","Mexico",23.1000003814697,21.8666667938232,5,180,0.31390380859375,13.1617431640625
"Mammillaria sphacelata",-97.221624,17.849202,"Sierra Madre del Sur province","Mammillaria","Mexico",22.4000015258789,20.3333339691162,4,168,0.03790283203125,16.160888671875
"Mammillaria sphacelata",-97.191667,17.858333,"Sierra Madre del Sur province","Mammillaria","Mexico",23.0999984741211,22.0499992370605,6,187,-0.0613250732421875,35.253173828125
"Mammillaria sphacelata",-97.205,17.858611,"Sierra Madre del Sur province","Mammillaria","Mexico",22.8999996185303,21.75,5,179,-0.058013916015625,6.31494140625
"Mammillaria sphacelata",-97.337222,17.872778,"Sierra Madre del Sur province","Mammillaria","Mexico",23.3999996185303,19.4833335876465,5,186,-0.30206298828125,5.00537109375
"Mammillaria sphacelata",-97.073917,17.902083,"Balsas Basin province","Mammillaria","Mexico",25.2000007629395,26.9833335876465,11,230,5.63279724121094,74.2017822265625
"Mammillaria sphacelata",-96.96361,17.93394,"Balsas Basin province","Mammillaria","Mexico",24.0000019073486,27.8666667938232,10,240,-5.53540420532227,31.0453796386719
"Mammillaria sphacelata",-97.279972,17.943306,"Sierra Madre del Sur province","Mammillaria","Mexico",21.6000003814697,20.283332824707,4,175,0.03021240234375,48.447265625
"Mammillaria sphacelata",-97.263122,17.954342,"Sierra Madre del Sur province","Mammillaria","Mexico",22.6000003814697,22.283332824707,6,204,-5.142333984375,13.5299072265625
"Mammillaria sphacelata",-97.34183,18.08999,"Sierra Madre del Sur province","Mammillaria","Mexico",21.7000007629395,21.8166675567627,5,198,-0.970687866210938,101.742797851562
"Mammillaria sphacelata",-97.33717,18.09725,"Sierra Madre del Sur province","Mammillaria","Mexico",22.0999984741211,22.533332824707,5,200,0.0817108154296875,21.3817138671875
"Mammillaria sphacelata",-97.32222,18.13194,"Sierra Madre del Sur province","Mammillaria","Mexico",22.7000007629395,23.1833343505859,5,203,-3.4693603515625,32.5968017578125
"Mammillaria sphacelata",-97.286111,18.153333,"Balsas Basin province","Mammillaria","Mexico",25.3999977111816,26.0833320617676,2,124,6.26568603515625,53.5731201171875
"Mammillaria sphacelata",-97.664981,18.199492,"Balsas Basin province","Mammillaria","Mexico",20.7000007629395,21.5499992370605,5,218,4.57612609863281,20.6180419921875
"Mammillaria supertexta",-97.632906,17.700783,"Sierra Madre del Sur province","Mammillaria","Mexico",22.2999992370605,20.5166664123535,4,234,0.499664306640625,29.885009765625
"Mammillaria supertexta",-97.139108,17.801656,"Sierra Madre del Sur province","Mammillaria","Mexico",24.0999984741211,24.0666656494141,10,247,1.50083923339844,7.1917724609375
"Mammillaria supertexta",-96.971333,17.828417,"Balsas Basin province","Mammillaria","Mexico",23.7999992370605,28,9,214,1.64685821533203,9.25506591796875
"Mammillaria supertexta",-96.97861,17.85583,"Balsas Basin province","Mammillaria","Mexico",23.9000015258789,28.3500003814697,6,190,2.7255859375,35.6034545898438
"Mammillaria supertexta",-96.997189,17.859649,"Balsas Basin province","Mammillaria","Mexico",23.8999996185303,28.783332824707,4,165,-5.15869140625,23.9710083007812
"Mammillaria supertexta",-97.094778,17.869389,"Balsas Basin province","Mammillaria","Mexico",22.6000022888184,24.0333347320557,11,268,1.06591796875,21.6009521484375
"Mammillaria supertexta",-96.987389,17.870722,"Balsas Basin province","Mammillaria","Mexico",23.8999977111816,28.6166667938232,5,169,4.6334228515625,28.7464599609375
"Mammillaria supertexta",-96.98194,17.88833,"Balsas Basin province","Mammillaria","Mexico",23.9000015258789,28.4000015258789,6,183,5.55989837646484,25.1480712890625
"Mammillaria supertexta",-97.0065,17.909667,"Balsas Basin province","Mammillaria","Mexico",24.1000022888184,28.8000011444092,6,172,2.81417846679688,42.3591918945312
"Mammillaria supertexta",-96.852959,17.916881,"Sierra Madre del Sur province","Mammillaria","Mexico",17.2000007629395,17.1666660308838,11,264,-1.62289428710938,39.7216796875
"Mammillaria supertexta",-96.935145,17.924306,"Sierra Madre del Sur province","Mammillaria","Mexico",23.6000003814697,26.3999996185303,25,383,2.75770568847656,36.96923828125
"Mammillaria supertexta",-97.032389,18.026861,"Balsas Basin province","Mammillaria","Mexico",25.2999992370605,27.1666660308838,16,291,-4.48630523681641,23.231201171875
"Mammillaria supertexta",-97.276384,18.037856,"Sierra Madre del Sur province","Mammillaria","Mexico",18.8000011444092,15.9499998092651,8,225,-1.20648193359375,28.599853515625
"Mammillaria supertexta",-97.055833,18.0385,"Balsas Basin province","Mammillaria","Mexico",25.1999988555908,27.6333332061768,11,245,-0.343467712402344,31.1824340820312
"Mammillaria supertexta",-97.044861,18.053528,"Balsas Basin province","Mammillaria","Mexico",25.6000003814697,27.1499996185303,14,262,-3.38742065429688,12.2991333007812
"Mammillaria supertexta",-97.337861,18.088556,"Sierra Madre del Sur province","Mammillaria","Mexico",21.7000007629395,21.6000003814697,5,199,-0.424453735351562,43.0572509765625
"Mammillaria supertexta",-97.329388,18.124471,"Sierra Madre del Sur province","Mammillaria","Mexico",22.2999992370605,22.966667175293,5,202,-1.59208679199219,23.289794921875
"Mammillaria voburnensis",-96.160601,15.751419,"Pacific Lowlands province","Mammillaria","Mexico",13.5,28.1166667938232,4,374,1.73769474029541,8.59748077392578
"Mammillaria voburnensis",-96.103026,15.785691,"Pacific Lowlands province","Mammillaria","Mexico",13.5,28.216667175293,4,388,-0.433614730834961,17.0483779907227
"Mammillaria voburnensis",-96.504557,15.786465,"Pacific Lowlands province","Mammillaria","Mexico",16.7999992370605,27.2666664123535,5,303,-3.97903347015381,21.9417190551758
"Mammillaria voburnensis",-96.041342,15.79339,"Pacific Lowlands province","Mammillaria","Mexico",13.6000003814697,28.216667175293,3,373,-0.751314640045166,5.72096252441406
"Mammillaria voburnensis",-96.154502,15.871225,"Pacific Lowlands province","Mammillaria","Mexico",14.2000007629395,27.1666660308838,4,416,-2.44283676147461,31.6311340332031
"Mammillaria voburnensis",-95.863722,15.931667,"Pacific Lowlands province","Mammillaria","Mexico",14.7000007629395,28.2999992370605,2,338,0.644451141357422,9.57699584960938
"Mammillaria voburnensis",-96.048973,15.948116,"Pacific Lowlands province","Mammillaria","Mexico",14.6000003814697,26.9833335876465,3,380,-2.46528244018555,21.6456298828125
"Mammillaria voburnensis",-95.9444,15.9511,"Pacific Lowlands province","Mammillaria","Mexico",14.8999996185303,27.1333332061768,2,352,0.156429290771484,7.36384582519531
"Mammillaria voburnensis",-95.346533,16.142742,"Pacific Lowlands province","Mammillaria","Mexico",15.6999988555908,28.3333320617676,0,244,1.21147155761719,21.5376586914062
"Mammillaria voburnensis",-95.333599,16.185722,"Pacific Lowlands province","Mammillaria","Mexico",15.3999996185303,28,0,239,-2.48206901550293,13.1114044189453
"Mammillaria voburnensis",-95.252143,16.225023,"Pacific Lowlands province","Mammillaria","Mexico",16.1000003814697,28.6833343505859,1,244,0.553300857543945,25.2304382324219
"Mammillaria voburnensis",-95.288079,16.231194,"Pacific Lowlands province","Mammillaria","Mexico",16.0999984741211,28.9166660308838,2,257,-0.774838447570801,5.40357971191406
"Mammillaria voburnensis",-95.848181,16.236609,"Sierra Madre del Sur province","Mammillaria","Mexico",16,24.533332824707,2,287,0.53363037109375,44.2625732421875
"Mammillaria voburnensis",-95.20147,16.243082,"Pacific Lowlands province","Mammillaria","Mexico",16.2999992370605,29.5,3,272,-0.173446178436279,1.31767082214355
"Mammillaria voburnensis",-95.383086,16.287148,"Pacific Lowlands province","Mammillaria","Mexico",16.0999984741211,26.2666664123535,2,216,-1.12095642089844,46.7926025390625
"Mammillaria voburnensis",-95.398816,16.332732,"Pacific Lowlands province","Mammillaria","Mexico",16.4999980926514,27.8166656494141,1,206,-1.81388854980469,24.2613830566406
"Mammillaria voburnensis",-95.385329,16.357631,"Pacific Lowlands province","Mammillaria","Mexico",16.5000019073486,28.1000003814697,0,210,0.997213363647461,8.03990173339844
"Mammillaria voburnensis",-95.218313,16.382747,"Pacific Lowlands province","Mammillaria","Mexico",16.4000015258789,29.1833343505859,2,263,0.051764965057373,0.791549682617188
"Mammillaria voburnensis",-95.0978,16.39444,"Pacific Lowlands province","Mammillaria","Mexico",15.6999988555908,29.1333332061768,2,285,-0.424729466438293,1.42228889465332
"Mammillaria voburnensis",-95.376074,16.399632,"Pacific Lowlands province","Mammillaria","Mexico",16.3999996185303,27.6666679382324,0,190,-0.876682281494141,19.7013549804688
"Mammillaria voburnensis",-95.370979,16.401074,"Pacific Lowlands province","Mammillaria","Mexico",16.2999992370605,27.1333332061768,2,201,-1.93888854980469,42.9161376953125
"Mammillaria voburnensis",-95.972892,16.403185,"Pacific Lowlands province","Mammillaria","Mexico",18.6999988555908,24.9500007629395,1,225,0.178375244140625,6.388671875
"Mammillaria voburnensis",-95.45278,16.40333,"Pacific Lowlands province","Mammillaria","Mexico",17.4999980926514,27.783332824707,1,185,-3.60424041748047,29.0775756835938
"Mammillaria voburnensis",-94.967216,16.430018,"Pacific Lowlands province","Mammillaria","Mexico",15.5,28.8833332061768,2,294,-0.03753662109375,0.326703071594238
"Mammillaria voburnensis",-95.311862,16.430698,"Pacific Lowlands province","Mammillaria","Mexico",16.2999992370605,27.6666660308838,1,190,-0.255706787109375,23.6597290039062
"Mammillaria voburnensis",-95.372354,16.432452,"Pacific Lowlands province","Mammillaria","Mexico",16.2999992370605,28.3166675567627,1,205,1.48118209838867,39.0617370605469
"Mammillaria voburnensis",-95.85278,16.44417,"Pacific Lowlands province","Mammillaria","Mexico",19.0999984741211,25.6499996185303,1,210,1.77092742919922,17.90185546875
"Mammillaria voburnensis",-94.955027,16.46101,"Pacific Lowlands province","Mammillaria","Mexico",15.3999996185303,28.783332824707,3,293,0.168763518333435,1.17891407012939
"Mammillaria voburnensis",-95.077327,16.466133,"Pacific Lowlands province","Mammillaria","Mexico",15.7000007629395,29.0166664123535,2,284,0.108911991119385,1.27704620361328
"Mammillaria voburnensis",-94.941036,16.488657,"Pacific Lowlands province","Mammillaria","Mexico",15.3999996185303,28.783332824707,3,293,0.235640645027161,1.2187442779541
"Mammillaria voburnensis",-95.039789,16.499477,"Pacific Lowlands province","Mammillaria","Mexico",15.5,28.9166660308838,2,287,0.604907035827637,1.63153457641602
"Mammillaria voburnensis",-94.937044,16.503037,"Pacific Lowlands province","Mammillaria","Mexico",15.3999996185303,28.783332824707,3,294,0.0414203405380249,0.713977813720703
"Mammillaria voburnensis",-95.170997,16.512396,"Pacific Lowlands province","Mammillaria","Mexico",15.5999984741211,28.6833343505859,1,244,-0.274533271789551,1.75875091552734
"Mammillaria voburnensis",-95.230675,16.51585,"Pacific Lowlands province","Mammillaria","Mexico",15.6000022888184,27.4166679382324,0,174,-0.796329498291016,14.5653381347656
"Mammillaria voburnensis",-94.841371,16.533885,"Pacific Lowlands province","Mammillaria","Mexico",15.6000003814697,28.6833324432373,3,296,-0.0200126171112061,0.471586227416992
"Mammillaria voburnensis",-95.232075,16.538771,"Pacific Lowlands province","Mammillaria","Mexico",16,26.4499988555908,6,198,-4.76963043212891,55.0308227539062
"Mammillaria voburnensis",-95.238028,16.548944,"Pacific Lowlands province","Mammillaria","Mexico",16.0999984741211,26.4499988555908,6,197,0.136409759521484,22.2441101074219
"Mammillaria voburnensis",-95.443177,16.550796,"Pacific Lowlands province","Mammillaria","Mexico",17.7000007629395,28.3333339691162,0,162,-0.182950973510742,3.2911376953125
"Mammillaria voburnensis",-95.233,16.567,"Pacific Lowlands province","Mammillaria","Mexico",16.1000003814697,28.033332824707,1,173,2.0059986114502,15.9586029052734
"Mammillaria voburnensis",-94.891562,16.567078,"Pacific Lowlands province","Mammillaria","Mexico",15.2999992370605,28.3999996185303,3,298,0.322540760040283,27.007640838623
"Mammillaria voburnensis",-95.299543,16.567084,"Pacific Lowlands province","Mammillaria","Mexico",16.7000007629395,26.1666660308838,7,196,0.422470092773438,37.9820556640625
"Mammillaria voburnensis",-94.956474,16.580435,"Pacific Lowlands province","Mammillaria","Mexico",15.5,28.6166667938232,3,292,0.211658000946045,0.795139312744141
"Mammillaria voburnensis",-95.359388,16.598755,"Pacific Lowlands province","Mammillaria","Mexico",17.3000011444092,27.75,1,138,-2.46380615234375,10.6951293945312
"Mammillaria voburnensis",-94.95681,16.602,"Pacific Lowlands province","Mammillaria","Mexico",15.5,28.466667175293,5,294,0.0232744216918945,0.843879699707031
"Mammillaria voburnensis",-95.144334,16.617226,"Pacific Lowlands province","Mammillaria","Mexico",15.6000003814697,28.5166664123535,3,229,-0.179501533508301,1.36886596679688
"Mammillaria voburnensis",-94.964591,16.626333,"Pacific Lowlands province","Mammillaria","Mexico",15.5,27.8999996185303,6,279,-0.921112060546875,16.1556701660156
"Mammillaria voburnensis",-95.428623,16.639419,"Pacific Lowlands province","Mammillaria","Mexico",17.5000019073486,27.25,1,144,-1.81076049804688,36.0098571777344
"Mammillaria voburnensis",-95.01389,16.67306,"Pacific Lowlands province","Mammillaria","Mexico",15.3000011444092,27.7000007629395,5,281,1.16251277923584,27.4619522094727
"Mammillaria voburnensis",-95.099642,16.680165,"Pacific Lowlands province","Mammillaria","Mexico",15.3999996185303,27.2000007629395,1,213,-2.41011047363281,25.6331176757812
"Mammillaria voburnensis",-95.208895,16.687948,"Pacific Lowlands province","Mammillaria","Mexico",16.1000003814697,26.8833332061768,0,151,1.95072937011719,38.7420043945312
"Mammillaria voburnensis",-95.16826,16.693273,"Pacific Lowlands province","Mammillaria","Mexico",16,25.8333339691162,7,206,-1.17570495605469,44.894287109375
"Mammillaria voburnensis",-95.233619,16.698497,"Pacific Lowlands province","Mammillaria","Mexico",16.2999992370605,26.283332824707,5,187,-2.20076751708984,30.5379943847656
"Mammillaria voburnensis",-95.130375,16.758144,"Pacific Lowlands province","Mammillaria","Mexico",16.4000015258789,27,9,201,0.779026031494141,7.96926879882812
"Mammillaria voburnensis",-95.499391,16.758824,"Sierra Madre del Sur province","Mammillaria","Mexico",15.8000001907349,22.9166660308838,15,221,2.5267333984375,19.8988037109375
"Mammillaria voburnensis",-95.38275,16.759918,"Pacific Lowlands province","Mammillaria","Mexico",17.8000011444092,26.1000003814697,8,192,1.63710784912109,20.4313354492188
"Mammillaria voburnensis",-95.4861,16.802159,"Sierra Madre del Sur province","Mammillaria","Mexico",17.1000003814697,24.5166664123535,17,234,4.42481994628906,74.3455810546875
"Mammillaria zephyranthoides",-97.2078,17.473,"Sierra Madre del Sur province","Mammillaria","Mexico",21.2999992370605,18.1166667938232,2,217,1.072509765625,6.033935546875
"Mammillaria zephyranthoides",-97.2211,17.4738,"Sierra Madre del Sur province","Mammillaria","Mexico",22,18.8999996185303,1,223,-2.11309814453125,4.0302734375
"Mammillaria zephyranthoides",-97.404006,17.617797,"Sierra Madre del Sur province","Mammillaria","Mexico",21,16.3333339691162,5,239,2.2696533203125,48.576171875
"Mammillaria zephyranthoides",-97.56694,17.66833,"Sierra Madre del Sur province","Mammillaria","Mexico",23.5,20.1499996185303,5,235,-0.493377685546875,29.86181640625
"Mammillaria zephyranthoides",-97.5588,17.6712,"Sierra Madre del Sur province","Mammillaria","Mexico",23.6000003814697,20.2333335876465,5,233,1.94422912597656,20.5106201171875
"Mammillaria zephyranthoides",-97.5824,17.6803,"Sierra Madre del Sur province","Mammillaria","Mexico",23.5999984741211,20.4333343505859,5,233,-0.2713623046875,21.9532470703125
"Mammillaria zephyranthoides",-97.214534,17.696663,"Sierra Madre del Sur province","Mammillaria","Mexico",19.1999988555908,15.4666662216187,5,205,-0.595703125,26.60595703125
"Mammillaria zephyranthoides",-97.33033,17.72797,"Sierra Madre del Sur province","Mammillaria","Mexico",22.8000011444092,19.533332824707,3,202,-1.00991821289062,6.950927734375
"Mammillaria zephyranthoides",-97.47471,17.80444,"Sierra Madre del Sur province","Mammillaria","Mexico",22.3999996185303,18.3666667938232,5,230,1.35128784179688,5.45947265625
"Mammillaria zephyranthoides",-97.353944,17.842806,"Sierra Madre del Sur province","Mammillaria","Mexico",23,18.6833343505859,4,203,0.63543701171875,7.436767578125
"Mammillaria zephyranthoides",-97.584789,17.858692,"Sierra Madre del Sur province","Mammillaria","Mexico",19.2000007629395,15.3000001907349,4,261,-1.0941162109375,27.2998046875
"Mammillaria zephyranthoides",-97.349444,17.887722,"Sierra Madre del Sur province","Mammillaria","Mexico",23.9000015258789,20.216667175293,4,176,0.81353759765625,4.5107421875
"Mammillaria zephyranthoides",-97.381306,17.901056,"Sierra Madre del Sur province","Mammillaria","Mexico",23.6000003814697,19.0833339691162,4,208,0.05938720703125,3.92578125
"Mammillaria zephyranthoides",-97.338194,17.904889,"Sierra Madre del Sur province","Mammillaria","Mexico",23.2999992370605,19.6333332061768,4,186,1.64898681640625,17.343017578125
"Mammillaria zephyranthoides",-97.257284,17.926114,"Sierra Madre del Sur province","Mammillaria","Mexico",22.1000003814697,21.7000007629395,5,185,0.912277221679688,44.7821044921875
"Mammillaria zephyranthoides",-97.313519,17.941516,"Sierra Madre del Sur province","Mammillaria","Mexico",22,18.7000007629395,4,197,0.358245849609375,18.552001953125
"Mammillaria zephyranthoides",-97.3337,17.949938,"Sierra Madre del Sur province","Mammillaria","Mexico",21.7999992370605,17.4500007629395,5,215,-0.110809326171875,30.8564453125
"Mammillaria zephyranthoides",-97.317758,17.967155,"Sierra Madre del Sur province","Mammillaria","Mexico",19.7000007629395,15.5666666030884,6,228,0.303375244140625,16.16259765625
"Marginatocereus marginatus",-96.30028,16.30167,"Pacific Lowlands province","Marginatocereus","Mexico",17.3999996185303,20.9500007629395,6,246,3.21473693847656,31.1767578125
"Marginatocereus marginatus",-96.648998,16.301935,"Sierra Madre del Sur province","Marginatocereus","Mexico",18.2999992370605,20.9166679382324,7,265,-4.37657165527344,14.5531005859375
"Marginatocereus marginatus",-96.365402,16.583793,"Sierra Madre del Sur province","Marginatocereus","Mexico",19.9000015258789,24.6333332061768,2,263,3.70895385742188,42.653564453125
"Marginatocereus marginatus",-96.694369,16.717235,"Balsas Basin province","Marginatocereus","Mexico",22.7000007629395,23.0666675567627,2,282,0.444671630859375,2.1475830078125
"Marginatocereus marginatus",-96.449022,16.957703,"Balsas Basin province","Marginatocereus","Mexico",22.1000003814697,22.5666656494141,3,277,-1.39366149902344,11.775390625
"Marginatocereus marginatus",-96.734938,17.081295,"Balsas Basin province","Marginatocereus","Mexico",22.2000007629395,23.1166667938232,3,246,-1.70526123046875,38.326171875
"Marginatocereus marginatus",-97.479278,17.505833,"Sierra Madre del Sur province","Marginatocereus","Mexico",21.4000015258789,17.783332824707,5,249,-1.036865234375,7.2890625
"Marginatocereus marginatus",-97.340788,17.531695,"Sierra Madre del Sur province","Marginatocereus","Mexico",22.0999984741211,18.4333324432373,3,226,0.595123291015625,2.2353515625
"Marginatocereus marginatus",-97.133667,17.639468,"Sierra Madre del Sur province","Marginatocereus","Mexico",19.7999992370605,16.716667175293,4,180,4.5072021484375,92.560302734375
"Marginatocereus marginatus",-97.134149,17.655809,"Sierra Madre del Sur province","Marginatocereus","Mexico",21.3999996185303,18.8666667938232,5,178,3.27304077148438,26.6229248046875
"Marginatocereus marginatus",-96.948055,17.696944,"Balsas Basin province","Marginatocereus","Mexico",23.5,27.8000011444092,8,216,3.22254180908203,27.5484008789062
"Marginatocereus marginatus",-97.316381,17.706031,"Sierra Madre del Sur province","Marginatocereus","Mexico",22.4000015258789,18.5,2,200,0.31170654296875,8.000732421875
"Marginatocereus marginatus",-96.943893,17.790094,"Balsas Basin province","Marginatocereus","Mexico",23.5,27.6499996185303,10,210,-0.592903137207031,39.9735107421875
"Marginatocereus marginatus",-97.0325,17.8025,"Balsas Basin province","Marginatocereus","Mexico",24.2000007629395,27.216667175293,14,270,2.9937744140625,56.1907958984375
"Marginatocereus marginatus",-97.356431,17.853567,"Sierra Madre del Sur province","Marginatocereus","Mexico",22.5,17.9333324432373,4,211,6.75384521484375,29.245849609375
"Marginatocereus marginatus",-97.042572,17.862263,"Balsas Basin province","Marginatocereus","Mexico",24.5000019073486,28.0166664123535,9,203,-3.96053314208984,21.5745239257812
"Marginatocereus marginatus",-97.04129,17.863169,"Balsas Basin province","Marginatocereus","Mexico",24.1999988555908,28.3999996185303,6,182,1.76264953613281,18.33203125
"Marginatocereus marginatus",-96.912214,17.876181,"Sierra Madre del Sur province","Marginatocereus","Mexico",24.1000003814697,25.8333339691162,26,386,1.93063354492188,55.5386962890625
"Marginatocereus marginatus",-96.984337,17.89117,"Balsas Basin province","Marginatocereus","Mexico",23.8999977111816,28.6833324432373,5,162,2.88385772705078,37.5479736328125
"Marginatocereus marginatus",-96.98718,17.909862,"Balsas Basin province","Marginatocereus","Mexico",23.8999977111816,28.6666660308838,5,170,-2.51994323730469,8.33306884765625
"Marginatocereus marginatus",-97.974349,17.926206,"Balsas Basin province","Marginatocereus","Mexico",23.5,24.6666660308838,6,201,1.72673034667969,9.4615478515625
"Marginatocereus marginatus",-98.041875,17.951406,"Balsas Basin province","Marginatocereus","Mexico",21.7999992370605,24.3833332061768,5,214,-0.675888061523438,23.0274658203125
"Marginatocereus marginatus",-97.370833,18.014722,"Balsas Basin province","Marginatocereus","Mexico",23.0999984741211,21.8999996185303,4,188,0.0338897705078125,20.948974609375
"Marginatocereus marginatus",-97.0641,18.046093,"Balsas Basin province","Marginatocereus","Mexico",25.2000007629395,27.75,11,239,-0.716644287109375,2.361572265625
"Melocactus curvispinus",-96.154861,15.728,"Pacific Lowlands province","Melocactus","No",13.4000015258789,28.0833339691162,4,370,-2.17097187042236,20.554931640625
"Melocactus curvispinus",-95.632813,15.959996,"Pacific Lowlands province","Melocactus","No",14.6000022888184,28.7000007629395,2,300,-0.00436568260192871,0.372577667236328
"Melocactus curvispinus",-94.728638,16.418519,"Pacific Lowlands province","Melocactus","No",16.4000015258789,29.1666679382324,2,283,-0.282126665115356,0.530376434326172
"Melocactus curvispinus",-94.792969,16.4264,"Pacific Lowlands province","Melocactus","No",16,28.9500007629395,3,278,-0.134089112281799,10.8549461364746
"Melocactus curvispinus",-95.266667,16.433333,"Pacific Lowlands province","Melocactus","No",16,28.4166679382324,1,235,0.348896980285645,3.48661041259766
"Melocactus curvispinus",-95.408333,16.508333,"Pacific Lowlands province","Melocactus","No",17,27.5666675567627,1,172,-0.544868469238281,37.2870483398438
"Melocactus curvispinus",-95.216205,16.583455,"Pacific Lowlands province","Melocactus","No",16.2000007629395,28.4833335876465,1,203,1.4776496887207,6.21383666992188
"Melocactus curvispinus",-95.01111,16.63556,"Pacific Lowlands province","Melocactus","No",15.3000011444092,28.1666679382324,4,278,-1.42812824249268,18.9866790771484
"Melocactus curvispinus",-95.010643,16.660554,"Pacific Lowlands province","Melocactus","No",15.2999992370605,27.8999996185303,4,283,5.08458709716797,20.8499908447266
"Myrtillocactus geometrizans",-96.309958,15.685022,"Pacific Lowlands province","Myrtillocactus","Mexico",14.1000003814697,27.9333324432373,5,329,1.2577383518219,25.6066970825195
"Myrtillocactus geometrizans",-96.329831,16.591069,"Sierra Madre del Sur province","Myrtillocactus","Mexico",20.2000007629395,25.1333332061768,2,266,-0.793540954589844,12.144287109375
"Myrtillocactus geometrizans",-96.305804,16.670618,"Pacific Lowlands province","Myrtillocactus","Mexico",20.7999992370605,25.6333332061768,3,269,-0.02838134765625,2.8746337890625
"Myrtillocactus geometrizans",-96.319903,16.694106,"Sierra Madre del Sur province","Myrtillocactus","Mexico",20.8999996185303,25.283332824707,3,276,-1.57783508300781,6.3812255859375
"Myrtillocactus geometrizans",-96.323599,16.930446,"Balsas Basin province","Myrtillocactus","Mexico",19.3999996185303,20.7666664123535,2,268,-0.97930908203125,11.3984375
"Myrtillocactus geometrizans",-96.450818,16.955842,"Balsas Basin province","Myrtillocactus","Mexico",22.2999992370605,22.6666660308838,3,274,0.685287475585938,9.2742919921875
"Myrtillocactus geometrizans",-96.448023,16.958149,"Balsas Basin province","Myrtillocactus","Mexico",22.1000003814697,22.5666656494141,3,277,2.66584777832031,34.820068359375
"Myrtillocactus geometrizans",-96.69372,17.108558,"Balsas Basin province","Myrtillocactus","Mexico",20.2999992370605,21,4,257,0.7960205078125,15.258544921875
"Myrtillocactus geometrizans",-96.835889,17.536583,"Balsas Basin province","Myrtillocactus","Mexico",23.5999984741211,26.6333332061768,12,266,2.11416625976562,22.4463500976562
"Myrtillocactus geometrizans",-96.596389,17.597778,"Sierra Madre del Sur province","Myrtillocactus","Mexico",19.6999988555908,21,28,514,-2.86587524414062,33.6717529296875
"Myrtillocactus geometrizans",-97.324809,17.616991,"Sierra Madre del Sur province","Myrtillocactus","Mexico",21.2999992370605,17.0166664123535,3,211,-3.06085205078125,12.62353515625
"Myrtillocactus geometrizans",-96.94806,17.69694,"Balsas Basin province","Myrtillocactus","Mexico",23.5,27.8000011444092,8,216,3.22254180908203,27.5484008789062
"Myrtillocactus geometrizans",-97.014444,17.723333,"Balsas Basin province","Myrtillocactus","Mexico",23.4000015258789,26.5833339691162,14,279,4.18394470214844,40.1988525390625
"Myrtillocactus geometrizans",-96.957806,17.789639,"Balsas Basin province","Myrtillocactus","Mexico",23.2999992370605,28.1333332061768,6,166,0.44195556640625,4.55548095703125
"Myrtillocactus geometrizans",-97.000939,17.813419,"Balsas Basin province","Myrtillocactus","Mexico",23.9000015258789,28.4833335876465,5,158,1.58198547363281,13.488525390625
"Myrtillocactus geometrizans",-97.502778,17.857778,"Sierra Madre del Sur province","Myrtillocactus","Mexico",20.8000011444092,16.533332824707,7,242,1.92523193359375,46.68115234375
"Myrtillocactus geometrizans",-97.04533,17.862307,"Balsas Basin province","Myrtillocactus","Mexico",24.5000019073486,28.0166664123535,9,203,1.53209686279297,26.8644409179688
"Myrtillocactus geometrizans",-97.029679,17.868006,"Balsas Basin province","Myrtillocactus","Mexico",24,28.6499996185303,4,157,0.421966552734375,36.442626953125
"Myrtillocactus geometrizans",-96.994202,17.888666,"Balsas Basin province","Myrtillocactus","Mexico",24.0000019073486,28.9166679382324,4,156,1.48900604248047,10.59716796875
"Myrtillocactus geometrizans",-97.005403,17.900133,"Balsas Basin province","Myrtillocactus","Mexico",24.0000019073486,28.8333339691162,5,169,-1.33258819580078,15.0411987304688
"Myrtillocactus geometrizans",-96.976515,17.900721,"Balsas Basin province","Myrtillocactus","Mexico",23.8000011444092,28.5,5,169,1.22769927978516,23.6407470703125
"Myrtillocactus geometrizans",-97.010161,17.903964,"Balsas Basin province","Myrtillocactus","Mexico",24.1000022888184,28.75,6,178,-3.185302734375,17.2289428710938
"Myrtillocactus geometrizans",-97.005905,17.910123,"Balsas Basin province","Myrtillocactus","Mexico",24.1000022888184,28.8000011444092,6,172,3.64215850830078,26.9563598632812
"Myrtillocactus geometrizans",-96.98666,17.912743,"Balsas Basin province","Myrtillocactus","Mexico",23.8999977111816,28.6666660308838,5,170,2.12938690185547,13.2813110351562
"Myrtillocactus geometrizans",-97.035828,17.984,"Balsas Basin province","Myrtillocactus","Mexico",24.5000019073486,28.5833339691162,7,209,0.427757263183594,6.697509765625
"Myrtillocactus geometrizans",-97.566111,18.036667,"Sierra Madre del Sur province","Myrtillocactus","Mexico",20,17.1666660308838,2,240,-3.35781860351562,55.292236328125
"Myrtillocactus geometrizans",-97.338794,18.116948,"Balsas Basin province","Myrtillocactus","Mexico",23.2000007629395,24.2000007629395,6,190,-2.30184936523438,38.877197265625
"Myrtillocactus geometrizans",-97.055047,18.129464,"Balsas Basin province","Myrtillocactus","Mexico",25.5999984741211,26.7666664123535,17,280,1.35963439941406,39.2542724609375
"Myrtillocactus geometrizans",-97.328728,18.129903,"Balsas Basin province","Myrtillocactus","Mexico",23.5999984741211,24.3333320617676,5,184,-0.660934448242188,26.75048828125
"Myrtillocactus geometrizans",-97.17038,18.150911,"Balsas Basin province","Myrtillocactus","Mexico",26.1000003814697,27.6833343505859,4,160,0.259284973144531,4.71038818359375
"Myrtillocactus geometrizans",-97.758575,18.165318,"Balsas Basin province","Myrtillocactus","Mexico",21.2999992370605,23.8333339691162,5,151,-1.50669860839844,19.3931884765625
"Myrtillocactus geometrizans",-97.647111,18.167239,"Balsas Basin province","Myrtillocactus","Mexico",21.5,22.2999992370605,4,192,-0.720535278320312,13.357177734375
"Myrtillocactus geometrizans",-97.682244,18.180575,"Balsas Basin province","Myrtillocactus","Mexico",21.3000011444092,23.033332824707,4,184,0.307052612304688,4.045654296875
"Myrtillocactus geometrizans",-97.662639,18.2534,"Balsas Basin province","Myrtillocactus","Mexico",20.8999996185303,21.966667175293,4,204,0.794830322265625,5.12646484375
"Myrtillocactus schenckii",-95.376389,16.028333,"Pacific Lowlands province","Myrtillocactus","No",15.1999988555908,28.75,1,277,2.42754721641541,15.1040687561035
"Myrtillocactus schenckii",-96.677262,16.418092,"Balsas Basin province","Myrtillocactus","No",20.0999984741211,22.8333339691162,1,253,0.228546142578125,20.25732421875
"Myrtillocactus schenckii",-96.687905,16.42922,"Balsas Basin province","Myrtillocactus","No",20.0999984741211,22.8666667938232,1,260,0.408309936523438,13.21337890625
"Myrtillocactus schenckii",-95.93392,16.43056,"Pacific Lowlands province","Myrtillocactus","No",18.9000015258789,25.2000007629395,1,227,-0.372016906738281,27.929443359375
"Myrtillocactus schenckii",-95.932572,16.430668,"Pacific Lowlands province","Myrtillocactus","No",19.4000015258789,25.5666675567627,1,211,-1.77570343017578,19.3902587890625
"Myrtillocactus schenckii",-95.9843,16.43333,"Sierra Madre del Sur province","Myrtillocactus","No",18.4000015258789,24.5166664123535,1,236,1.40351867675781,20.4851684570312
"Myrtillocactus schenckii",-95.8575268,16.4481407,"Pacific Lowlands province","Myrtillocactus","No",19.0999984741211,25.6499996185303,1,210,-0.616958618164062,38.5989379882812
"Myrtillocactus schenckii",-96.574958,16.573268,"Balsas Basin province","Myrtillocactus","No",19.2000007629395,21.4166660308838,1,222,-1.20550537109375,30.76025390625
"Myrtillocactus schenckii",-96.334722,16.706944,"Sierra Madre del Sur province","Myrtillocactus","No",20.3999996185303,24.4500007629395,2,269,-2.18960571289062,20.11767578125
"Myrtillocactus schenckii",-96.228333,16.713333,"Sierra Madre del Sur province","Myrtillocactus","No",18,22.5166664123535,2,215,-0.472030639648438,26.7515869140625
"Myrtillocactus schenckii",-96.344247,16.754333,"Sierra Madre del Sur province","Myrtillocactus","No",20.5,22.9833335876465,1,245,2.21839904785156,17.3497314453125
"Myrtillocactus schenckii",-96.466872,16.877047,"Balsas Basin province","Myrtillocactus","No",18.8000011444092,19.966667175293,2,251,-0.19317626953125,20.8555908203125
"Myrtillocactus schenckii",-96.16049,16.880675,"Pacific Lowlands province","Myrtillocactus","No",20.6000003814697,24.3500003814697,8,359,-2.35392761230469,29.677001953125
"Myrtillocactus schenckii",-96.374489,16.908939,"Balsas Basin province","Myrtillocactus","No",20.7000007629395,21.8666667938232,2,274,-0.053924560546875,6.2869873046875
"Myrtillocactus schenckii",-96.41667,16.91667,"Balsas Basin province","Myrtillocactus","No",21.9000015258789,22.5,3,274,0.49285888671875,1.48486328125
"Myrtillocactus schenckii",-96.32357,16.932081,"Balsas Basin province","Myrtillocactus","No",19.3999996185303,20.7666664123535,2,268,2.41386413574219,30.4541015625
"Myrtillocactus schenckii",-96.451093,16.946733,"Balsas Basin province","Myrtillocactus","No",22.2999992370605,22.6666660308838,3,274,1.19169616699219,7.2022705078125
"Myrtillocactus schenckii",-96.447914,16.948119,"Balsas Basin province","Myrtillocactus","No",22.1000003814697,22.5,3,274,0.375,4.9483642578125
"Myrtillocactus schenckii",-96.594741,16.948184,"Balsas Basin province","Myrtillocactus","No",23.2000007629395,22.8500003814697,1,255,-0.400222778320312,1.3980712890625
"Myrtillocactus schenckii",-96.201361,16.954778,"Pacific Lowlands province","Myrtillocactus","No",19.3000011444092,22.3166675567627,8,336,-7.18533325195312,26.701904296875
"Myrtillocactus schenckii",-96.451225,16.954906,"Balsas Basin province","Myrtillocactus","No",22.2999992370605,22.6666660308838,3,274,0.5086669921875,7.3330078125
"Myrtillocactus schenckii",-96.44606,16.957173,"Balsas Basin province","Myrtillocactus","No",22.1000003814697,22.5666656494141,3,277,-3.34019470214844,18.298583984375
"Myrtillocactus schenckii",-96.449212,16.958362,"Balsas Basin province","Myrtillocactus","No",21.8999996185303,22.3833332061768,2,277,-0.636871337890625,12.3148193359375
"Myrtillocactus schenckii",-96.556154,16.961495,"Balsas Basin province","Myrtillocactus","No",23.5999984741211,23.2000007629395,2,258,0.237030029296875,1.5992431640625
"Myrtillocactus schenckii",-96.439304,16.965539,"Balsas Basin province","Myrtillocactus","No",21.2999992370605,22.0166664123535,2,278,-1.14414978027344,10.6015625
"Myrtillocactus schenckii",-96.566885,16.996276,"Balsas Basin province","Myrtillocactus","No",22.9999980926514,22.8333320617676,2,255,-0.0845489501953125,1.841064453125
"Myrtillocactus schenckii",-96.460638,16.999574,"Balsas Basin province","Myrtillocactus","No",21.0999984741211,21.6499996185303,2,279,-3.48793029785156,7.5787353515625
"Myrtillocactus schenckii",-96.544472,17.003422,"Balsas Basin province","Myrtillocactus","No",22.3000011444092,22.5833339691162,2,263,0.135940551757812,6.787109375
"Myrtillocactus schenckii",-96.51233,17.01456,"Balsas Basin province","Myrtillocactus","No",22.0999984741211,22.3500003814697,2,269,0.0003662109375,7.51171875
"Myrtillocactus schenckii",-96.508323,17.026421,"Balsas Basin province","Myrtillocactus","No",20.7999992370605,21.3666667938232,2,274,-0.218765258789062,6.278076171875
"Myrtillocactus schenckii",-96.516372,17.042353,"Balsas Basin province","Myrtillocactus","No",20.1000003814697,20.8666667938232,4,274,-3.21240234375,6.06689453125
"Myrtillocactus schenckii",-96.517862,17.042542,"Balsas Basin province","Myrtillocactus","No",19.3999996185303,20.3666667938232,3,270,-0.0567169189453125,26.8448486328125
"Myrtillocactus schenckii",-96.516921,17.056032,"Sierra Madre del Sur province","Myrtillocactus","No",19.4000015258789,20.2333335876465,4,271,-2.12861633300781,4.6236572265625
"Myrtillocactus schenckii",-97.05692,17.46897,"Sierra Madre del Sur province","Myrtillocactus","No",22,22.3166656494141,5,247,-5.19239807128906,29.6817626953125
"Myrtillocactus schenckii",-97.06133,17.47442,"Sierra Madre del Sur province","Myrtillocactus","No",22,22.033332824707,5,246,5.84600830078125,26.266357421875
"Myrtillocactus schenckii",-97.043278,17.685556,"Sierra Madre del Sur province","Myrtillocactus","No",21.7000007629395,23.216667175293,9,249,-1.61337280273438,23.06103515625
"Myrtillocactus schenckii",-96.938596,17.699142,"Balsas Basin province","Myrtillocactus","No",23.2000007629395,27.966667175293,5,178,-1.19834899902344,17.2583618164062
"Myrtillocactus schenckii",-96.94548,17.789532,"Balsas Basin province","Myrtillocactus","No",23.5,27.6499996185303,10,210,0.543876647949219,10.3966674804688
"Myrtillocactus schenckii",-96.933,17.795528,"Balsas Basin province","Myrtillocactus","No",23.6000003814697,26.1666679382324,23,341,7.94294738769531,36.5479736328125
"Myrtillocactus schenckii",-96.956667,17.819083,"Balsas Basin province","Myrtillocactus","No",24,27.3999996185303,17,279,-0.390113830566406,103.697692871094
"Myrtillocactus schenckii",-96.914758,17.834464,"Sierra Madre del Sur province","Myrtillocactus","No",21.7000007629395,23.6000003814697,19,365,0.592544555664062,52.9093017578125
"Myrtillocactus schenckii",-96.918583,17.859639,"Sierra Madre del Sur province","Myrtillocactus","No",23.5,25.6166667938232,24,380,-1.72958374023438,12.5439453125
"Myrtillocactus schenckii",-96.911785,17.876426,"Sierra Madre del Sur province","Myrtillocactus","No",24.1000003814697,25.8333339691162,26,386,-8.27433776855469,48.339599609375
"Myrtillocactus schenckii",-97.04362,18.072206,"Balsas Basin province","Myrtillocactus","No",25.7000007629395,26.9166660308838,15,272,-1.15644836425781,37.0787353515625
"Neobuxbaumia tetetzo",-96.161754,15.719112,"Pacific Lowlands province","Neobuxbaumia","Mexico",13.5,28.1666660308838,4,359,4.11558055877686,29.5786151885986
"Neobuxbaumia tetetzo",-96.167484,15.722182,"Pacific Lowlands province","Neobuxbaumia","Mexico",13.4000015258789,28.0833339691162,4,370,4.64452219009399,32.0481643676758
"Neobuxbaumia tetetzo",-96.16094,15.725652,"Pacific Lowlands province","Neobuxbaumia","Mexico",13.5,28.1333332061768,4,362,0.639577090740204,8.64350891113281
"Neobuxbaumia tetetzo",-96.159576,15.734646,"Pacific Lowlands province","Neobuxbaumia","Mexico",13.4000015258789,28.0666675567627,4,373,-1.43285501003265,10.1940059661865
"Neobuxbaumia tetetzo",-96.127968,15.738524,"Pacific Lowlands province","Neobuxbaumia","Mexico",13.4000015258789,28.1166667938232,4,365,5.34367799758911,22.522045135498
"Neobuxbaumia tetetzo",-96.146131,15.75502,"Pacific Lowlands province","Neobuxbaumia","Mexico",13.3000011444092,28.0666675567627,4,381,0.244266510009766,22.7912139892578
"Neobuxbaumia tetetzo",-96.20134,15.75851,"Pacific Lowlands province","Neobuxbaumia","Mexico",13.6999988555908,28.1333332061768,5,383,-1.01884269714355,4.72217559814453
"Neobuxbaumia tetetzo",-96.130919,15.759169,"Pacific Lowlands province","Neobuxbaumia","Mexico",13.6000003814697,28.2666664123535,4,368,3.04582214355469,34.4003486633301
"Neobuxbaumia tetetzo",-96.119736,15.765767,"Pacific Lowlands province","Neobuxbaumia","Mexico",13.6999988555908,28.2999992370605,4,365,-0.425701022148132,4.75466823577881
"Neobuxbaumia tetetzo",-96.132241,15.776324,"Pacific Lowlands province","Neobuxbaumia","Mexico",13.5999984741211,28.25,4,380,-0.76279354095459,7.20637512207031
"Neobuxbaumia tetetzo",-96.108345,15.784019,"Pacific Lowlands province","Neobuxbaumia","Mexico",13.7000007629395,28.3500003814697,4,373,-0.0776102542877197,11.6768360137939
"Neobuxbaumia tetetzo",-96.057823,15.79635,"Pacific Lowlands province","Neobuxbaumia","Mexico",13.6000003814697,28.2333335876465,4,369,-1.23356008529663,29.8757629394531
"Neobuxbaumia tetetzo",-96.074425,15.811898,"Pacific Lowlands province","Neobuxbaumia","Mexico",13.6000003814697,28.1666660308838,4,384,4.80503749847412,32.9199371337891
"Neobuxbaumia tetetzo",-95.908611,15.863889,"Pacific Lowlands province","Neobuxbaumia","Mexico",14.1999988555908,28.2333335876465,3,354,0.617373466491699,13.1519012451172
"Neobuxbaumia tetetzo",-95.226667,16.316667,"Pacific Lowlands province","Neobuxbaumia","Mexico",16.7999992370605,29.5666656494141,4,265,-0.302541494369507,1.36352920532227
"Neobuxbaumia tetetzo",-95.3135,16.38208,"Pacific Lowlands province","Neobuxbaumia","Mexico",16.5,28.6166667938232,1,219,-0.518722534179688,12.5730590820312
"Neobuxbaumia tetetzo",-95.3485266,16.3836802,"Pacific Lowlands province","Neobuxbaumia","Mexico",15.7999992370605,25.9833335876465,2,210,1.97848510742188,22.1557006835938
"Neobuxbaumia tetetzo",-95.2268,16.42244,"Pacific Lowlands province","Neobuxbaumia","Mexico",15.8999996185303,28.6999988555908,2,242,-1.2539005279541,11.547492980957
"Neobuxbaumia tetetzo",-95.8727,16.43394,"Pacific Lowlands province","Neobuxbaumia","Mexico",19.6000003814697,26.033332824707,1,202,-0.248558044433594,6.7412109375
"Neobuxbaumia tetetzo",-96.348934,16.567712,"Pacific Lowlands province","Neobuxbaumia","Mexico",20.2000007629395,25.1166667938232,2,267,1.29505920410156,12.39404296875
"Neobuxbaumia tetetzo",-96.338171,16.575386,"Pacific Lowlands province","Neobuxbaumia","Mexico",20.2999992370605,25.2000007629395,2,265,0.324554443359375,29.7691650390625
"Neobuxbaumia tetetzo",-96.34925,16.576934,"Pacific Lowlands province","Neobuxbaumia","Mexico",20.2999992370605,25.1666679382324,2,267,3.72897338867188,31.18408203125
"Neobuxbaumia tetetzo",-96.330487,16.587508,"Pacific Lowlands province","Neobuxbaumia","Mexico",20.2000007629395,25.1333332061768,2,266,-3.70500183105469,10.845947265625
"Neobuxbaumia tetetzo",-96.306667,16.663333,"Pacific Lowlands province","Neobuxbaumia","Mexico",21.0000019073486,25.8999996185303,3,266,-0.300857543945312,0.81207275390625
"Neobuxbaumia tetetzo",-96.253774,16.666248,"Sierra Madre del Sur province","Neobuxbaumia","Mexico",20.6999988555908,25.75,3,261,4.34190368652344,25.7095947265625
"Neobuxbaumia tetetzo",-96.138833,16.6685,"Pacific Lowlands province","Neobuxbaumia","Mexico",20.5,25.6499996185303,4,251,-0.62017822265625,22.6451416015625
"Neobuxbaumia tetetzo",-96.252182,16.672298,"Sierra Madre del Sur province","Neobuxbaumia","Mexico",20.2999992370605,25.3166656494141,4,270,-0.626388549804688,34.443359375
"Neobuxbaumia tetetzo",-96.285723,16.675827,"Sierra Madre del Sur province","Neobuxbaumia","Mexico",19.8999977111816,24.8333320617676,4,268,1.50883483886719,49.201416015625
"Neobuxbaumia tetetzo",-96.14597,16.67589,"Pacific Lowlands province","Neobuxbaumia","Mexico",20.7999992370605,25.8833332061768,4,249,0.67047119140625,15.7194213867188
"Neobuxbaumia tetetzo",-96.276944,16.729167,"Sierra Madre del Sur province","Neobuxbaumia","Mexico",20.2999992370605,24.2666664123535,3,277,-1.65988159179688,30.0057373046875
"Neobuxbaumia tetetzo",-96.276778,16.736222,"Sierra Madre del Sur province","Neobuxbaumia","Mexico",20.1000003814697,23.8666667938232,4,271,5.62863159179688,31.3074951171875
"Neobuxbaumia tetetzo",-96.276897,16.862776,"Sierra Madre del Sur province","Neobuxbaumia","Mexico",19.7000007629395,22.1000003814697,3,276,2.10287475585938,47.8348388671875
"Neobuxbaumia tetetzo",-96.275439,16.866981,"Sierra Madre del Sur province","Neobuxbaumia","Mexico",18.2999992370605,20.966667175293,2,255,-0.467727661132812,29.9278564453125
"Neobuxbaumia tetetzo",-97.062509,16.95758,"Sierra Madre del Sur province","Neobuxbaumia","Mexico",18.5,18.9333343505859,5,284,-1.547607421875,16.13671875
"Neobuxbaumia tetetzo",-96.557309,17.0039,"Balsas Basin province","Neobuxbaumia","Mexico",22.2999992370605,22.5,2,263,-0.0722503662109375,9.001708984375
"Neobuxbaumia tetetzo",-96.639499,17.016357,"Balsas Basin province","Neobuxbaumia","Mexico",20.8000011444092,21.3500003814697,2,259,-0.212814331054688,52.6553955078125
"Neobuxbaumia tetetzo",-97.815882,17.783955,"Balsas Basin province","Neobuxbaumia","Mexico",23.4000015258789,23.3666667938232,5,230,-3.08662414550781,37.681396484375
"Neobuxbaumia tetetzo",-97.0531,17.861257,"Balsas Basin province","Neobuxbaumia","Mexico",24.6999988555908,27.7000007629395,8,199,4.28427124023438,41.843505859375
"Neobuxbaumia tetetzo",-97.045961,17.861473,"Balsas Basin province","Neobuxbaumia","Mexico",24.5000019073486,28.0166664123535,9,203,-0.487518310546875,34.484130859375
"Neobuxbaumia tetetzo",-97.038451,17.863658,"Balsas Basin province","Neobuxbaumia","Mexico",24.1999988555908,28.3999996185303,6,182,1.20607757568359,26.5400390625
"Neobuxbaumia tetetzo",-97.03069,17.86531,"Balsas Basin province","Neobuxbaumia","Mexico",24,28.5833339691162,4,162,0.0736618041992188,19.25341796875
"Neobuxbaumia tetetzo",-97.02473,17.869886,"Balsas Basin province","Neobuxbaumia","Mexico",24,28.75,4,152,-2.93874359130859,31.7113647460938
"Neobuxbaumia tetetzo",-97.022238,17.883735,"Balsas Basin province","Neobuxbaumia","Mexico",24.0999984741211,28.6499996185303,6,180,-0.674163818359375,48.4085083007812
"Neobuxbaumia tetetzo",-96.980411,17.912907,"Balsas Basin province","Neobuxbaumia","Mexico",23.8999996185303,28.3666667938232,7,192,4.88346862792969,38.2171630859375
"Neobuxbaumia tetetzo",-97.062189,17.91408,"Balsas Basin province","Neobuxbaumia","Mexico",24.9999980926514,27.5666656494141,9,205,1.47633361816406,18.8739013671875
"Neobuxbaumia tetetzo",-96.9756,17.93447,"Balsas Basin province","Neobuxbaumia","Mexico",24.1999988555908,28.1000003814697,10,239,-3.24730682373047,18.0447387695312
"Neobuxbaumia tetetzo",-97.066956,17.972463,"Balsas Basin province","Neobuxbaumia","Mexico",25.4000015258789,27.4833335876465,11,236,-1.50830078125,30.6370849609375
"Neobuxbaumia tetetzo",-97.061667,18.026667,"Balsas Basin province","Neobuxbaumia","Mexico",24.8999996185303,27.966667175293,9,229,-1.83936309814453,6.87567138671875
"Neobuxbaumia tetetzo",-97.346883,18.076745,"Sierra Madre del Sur province","Neobuxbaumia","Mexico",20.2000007629395,18.6333332061768,5,221,0.9775390625,91.935791015625
"Opuntia auberi",-96.296951,15.692717,"Pacific Lowlands province","Opuntia","Mexico",13.8000011444092,27.9500007629395,5,336,0.8461092710495,3.26001119613647
"Opuntia auberi",-96.196587,15.709495,"Pacific Lowlands province","Opuntia","Mexico",13.5,28.1166667938232,4,364,-2.00523662567139,9.56804370880127
"Opuntia auberi",-96.16739,15.72122,"Pacific Lowlands province","Opuntia","Mexico",13.4000015258789,28.0833339691162,4,370,-0.538609504699707,25.2782917022705
"Opuntia auberi",-96.24278,15.73133,"Pacific Lowlands province","Opuntia","Mexico",13.7999992370605,28.1000003814697,5,354,0.660954475402832,21.3622398376465
"Opuntia auberi",-96.15917,15.73347,"Pacific Lowlands province","Opuntia","Mexico",13.4000015258789,28.0666675567627,4,373,-0.574395596981049,12.7471780776978
"Opuntia auberi",-96.16631,15.75503,"Pacific Lowlands province","Opuntia","Mexico",13.5,28.1166667938232,4,374,0.214690685272217,4.75046539306641
"Opuntia auberi",-96.19044,15.76522,"Pacific Lowlands province","Opuntia","Mexico",13.6999988555908,28.1333332061768,4,382,0.473834991455078,13.5979690551758
"Opuntia auberi",-96.124977,15.770162,"Pacific Lowlands province","Opuntia","Mexico",13.5999984741211,28.3166656494141,4,371,-2.96406698226929,10.2165718078613
"Opuntia auberi",-96.18409,15.770497,"Pacific Lowlands province","Opuntia","Mexico",13.6999988555908,28.1166667938232,4,388,-0.113584518432617,11.5405349731445
"Opuntia auberi",-96.167,15.783,"Pacific Lowlands province","Opuntia","Mexico",13.7000007629395,28.1666660308838,4,387,2.52531433105469,18.0854110717773
"Opuntia auberi",-95.908056,15.863056,"Pacific Lowlands province","Opuntia","Mexico",14.1999988555908,28.216667175293,3,356,0.69046688079834,12.7466659545898
"Opuntia auberi",-95.874722,15.888889,"Pacific Lowlands province","Opuntia","Mexico",14.3000011444092,28.4166679382324,2,345,-0.293654441833496,3.82509613037109
"Opuntia auberi",-95.934722,15.911944,"Pacific Lowlands province","Opuntia","Mexico",14.3999996185303,27.533332824707,3,362,-1.29666900634766,6.26516723632812
"Opuntia auberi",-97.185424,15.9461,"Pacific Lowlands province","Opuntia","Mexico",13.3999996185303,27.4500007629395,2,366,-1.59177839756012,5.57705020904541
"Opuntia auberi",-95.71556,15.96194,"Pacific Lowlands province","Opuntia","Mexico",14.8999996185303,28.5666656494141,2,307,-1.46391010284424,40.6751327514648
"Opuntia auberi",-95.52583,15.98361,"Pacific Lowlands province","Opuntia","Mexico",14.7000007629395,28.6833343505859,1,289,-0.0321965217590332,2.3201961517334
"Opuntia auberi",-95.013473,16.33423,"Pacific Lowlands province","Opuntia","Mexico",15,28.783332824707,2,287,0.282268583774567,2.70169711112976
"Opuntia auberi",-94.968063,16.363483,"Pacific Lowlands province","Opuntia","Mexico",15.1000003814697,28.7666664123535,2,287,0.195987820625305,1.42954349517822
"Opuntia auberi",-96.8019,16.479,"Sierra Madre del Sur province","Opuntia","Mexico",20.3000011444092,22.8999996185303,4,349,0.347412109375,13.3775634765625
"Opuntia auberi",-94.95861,16.61166,"Pacific Lowlands province","Opuntia","Mexico",15.5,28.1666660308838,5,282,0.999542236328125,35.3352661132812
"Opuntia auberi",-96.733047,16.617547,"Balsas Basin province","Opuntia","Mexico",22.2999992370605,23.1833343505859,3,279,0.159866333007812,1.616455078125
"Opuntia auberi",-96.962778,17.795278,"Balsas Basin province","Opuntia","Mexico",23.4000015258789,28.2333335876465,5,163,1.10295104980469,1.90362548828125
"Opuntia auberi",-96.166552,17.951438,"Veracruzan province","Opuntia","Mexico",18.5,28.2333335876465,56,673,-2.23719024658203,49.6976776123047
"Opuntia decumbens",-96.503296,15.666843,"Pacific Lowlands province","Opuntia","No",14.6999988555908,27.0166664123535,5,413,-2.76116228103638,20.1541290283203
"Opuntia decumbens",-96.493774,15.666952,"Pacific Lowlands province","Opuntia","No",14.5999984741211,27.0666656494141,5,408,-0.844439625740051,38.9138145446777
"Opuntia decumbens",-96.560566,15.674841,"Pacific Lowlands province","Opuntia","No",15.3999996185303,26.966667175293,4,410,3.9888858795166,9.26889038085938
"Opuntia decumbens",-96.513695,15.68387,"Pacific Lowlands province","Opuntia","No",15.1999988555908,27.0499992370605,5,420,-3.83070039749146,12.010440826416
"Opuntia decumbens",-96.309117,15.684378,"Pacific Lowlands province","Opuntia","No",14.1000003814697,27.9333324432373,5,329,-1.34424388408661,13.6892261505127
"Opuntia decumbens",-96.22222,15.70025,"Pacific Lowlands province","Opuntia","No",13.3999996185303,28,4,359,-0.150759935379028,11.0724201202393
"Opuntia decumbens",-96.196686,15.710631,"Pacific Lowlands province","Opuntia","No",13.5,28.1166667938232,4,364,-1.38623893260956,13.933198928833
"Opuntia decumbens",-96.16533,15.72411,"Pacific Lowlands province","Opuntia","No",13.5,28.1666660308838,4,359,0.877509415149689,2.70760297775269
"Opuntia decumbens",-96.161598,15.725081,"Pacific Lowlands province","Opuntia","No",13.5,28.1333332061768,4,362,0.392801702022552,5.97310638427734
"Opuntia decumbens",-96.157764,15.726525,"Pacific Lowlands province","Opuntia","No",13.4000015258789,28.0833339691162,4,370,-0.780158698558807,31.6718044281006
"Opuntia decumbens",-96.168609,15.728235,"Pacific Lowlands province","Opuntia","No",13.4000015258789,28.0833339691162,4,371,3.29737663269043,34.4911804199219
"Opuntia decumbens",-96.158671,15.733399,"Pacific Lowlands province","Opuntia","No",13.4000015258789,28.0666675567627,4,373,-2.57088255882263,11.8459720611572
"Opuntia decumbens",-96.154523,15.734272,"Pacific Lowlands province","Opuntia","No",13.4000015258789,28.0499992370605,4,374,-2.35774755477905,17.9587631225586
"Opuntia decumbens",-96.14596,15.738108,"Pacific Lowlands province","Opuntia","No",13.4000015258789,28.0833339691162,4,369,0.757481098175049,4.85662937164307
"Opuntia decumbens",-96.128441,15.738195,"Pacific Lowlands province","Opuntia","No",13.4000015258789,28.1166667938232,4,365,3.9926118850708,19.146312713623
"Opuntia decumbens",-96.140761,15.739808,"Pacific Lowlands province","Opuntia","No",13.4000015258789,28.0666675567627,4,370,2.26721572875977,17.4777297973633
"Opuntia decumbens",-96.1277,15.742915,"Pacific Lowlands province","Opuntia","No",13.3999996185303,28.1833324432373,4,370,-1.92303490638733,35.2618026733398
"Opuntia decumbens",-96.174089,15.742997,"Pacific Lowlands province","Opuntia","No",13.5,28.1166667938232,4,371,0.380378723144531,6.56881523132324
"Opuntia decumbens",-96.125356,15.75172,"Pacific Lowlands province","Opuntia","No",13.4999980926514,28.2333335876465,4,368,-3.70741415023804,23.8623542785645
"Opuntia decumbens",-96.169444,15.752778,"Pacific Lowlands province","Opuntia","No",13.5999984741211,28.1499996185303,4,372,-0.823742389678955,7.30358123779297
"Opuntia decumbens",-96.141372,15.753687,"Pacific Lowlands province","Opuntia","No",13.3999996185303,28.1666660308838,4,372,-5.30312299728394,11.5619068145752
"Opuntia decumbens",-96.189735,15.754305,"Pacific Lowlands province","Opuntia","No",13.5,28.1000003814697,4,378,-2.11851406097412,10.1026992797852
"Opuntia decumbens",-96.147522,15.754522,"Pacific Lowlands province","Opuntia","No",13.3000011444092,28.0666675567627,4,381,-0.724055290222168,4.53434753417969
"Opuntia decumbens",-96.151001,15.754957,"Pacific Lowlands province","Opuntia","No",13.3999996185303,28.1000003814697,4,380,-2.36734247207642,5.68546676635742
"Opuntia decumbens",-96.16576,15.755957,"Pacific Lowlands province","Opuntia","No",13.5,28.1166667938232,4,374,0.143393278121948,4.94368934631348
"Opuntia decumbens",-96.48222,15.758178,"Pacific Lowlands province","Opuntia","No",16.0000019073486,27.2999992370605,6,316,0.711731910705566,6.89462280273438
"Opuntia decumbens",-96.139206,15.76169,"Pacific Lowlands province","Opuntia","No",13.6000003814697,28.216667175293,4,373,4.051917552948,15.1987457275391
"Opuntia decumbens",-96.205009,15.76438,"Pacific Lowlands province","Opuntia","No",13.6999988555908,28.1333332061768,5,383,-0.770870208740234,2.36033630371094
"Opuntia decumbens",-96.133659,15.76697,"Pacific Lowlands province","Opuntia","No",13.6999988555908,28.283332824707,4,371,1.30887484550476,14.2075576782227
"Opuntia decumbens",-96.114433,15.767012,"Pacific Lowlands province","Opuntia","No",13.5,28.25,4,380,-0.16938304901123,5.4793872833252
"Opuntia decumbens",-96.120246,15.767143,"Pacific Lowlands province","Opuntia","No",13.5999984741211,28.3166656494141,4,371,-0.343993842601776,21.1629848480225
"Opuntia decumbens",-96.125113,15.768174,"Pacific Lowlands province","Opuntia","No",13.6999988555908,28.2999992370605,4,371,0.395473957061768,6.27433013916016
"Opuntia decumbens",-96.100211,15.768534,"Pacific Lowlands province","Opuntia","No",13.5,28.2666664123535,4,377,-2.78494834899902,21.6468677520752
"Opuntia decumbens",-96.193153,15.768781,"Pacific Lowlands province","Opuntia","No",13.6999988555908,28.1166667938232,5,387,-0.479440689086914,6.86647033691406
"Opuntia decumbens",-96.21389,15.76964,"Pacific Lowlands province","Opuntia","No",13.9000015258789,28.1666679382324,4,382,-0.553561210632324,6.49847412109375
"Opuntia decumbens",-96.443696,15.769925,"Pacific Lowlands province","Opuntia","No",15.6999988555908,27.3666667938232,6,330,-1.10505676269531,6.78097534179688
"Opuntia decumbens",-96.240415,15.772575,"Pacific Lowlands province","Opuntia","No",14,28.2000007629395,5,376,-1.24020481109619,10.7124633789062
"Opuntia decumbens",-96.20003,15.77351,"Pacific Lowlands province","Opuntia","No",13.6999988555908,28.0999984741211,5,388,1.07470989227295,8.11567687988281
"Opuntia decumbens",-96.125411,15.776012,"Pacific Lowlands province","Opuntia","No",13.5999984741211,28.25,4,380,0.747761726379395,5.28878211975098
"Opuntia decumbens",-96.091697,15.776283,"Pacific Lowlands province","Opuntia","No",13.4000015258789,28.25,4,380,1.30671119689941,12.503360748291
"Opuntia decumbens",-96.175423,15.776861,"Pacific Lowlands province","Opuntia","No",13.8000011444092,28.1666660308838,4,386,0.654557228088379,11.5975303649902
"Opuntia decumbens",-96.200493,15.777383,"Pacific Lowlands province","Opuntia","No",13.9000015258789,28.1499996185303,5,390,-1.58718109130859,3.84389495849609
"Opuntia decumbens",-96.174538,15.77849,"Pacific Lowlands province","Opuntia","No",13.7000007629395,28.1666660308838,4,387,-2.64071178436279,4.47359466552734
"Opuntia decumbens",-96.184982,15.778502,"Pacific Lowlands province","Opuntia","No",13.6999988555908,28.0999984741211,4,395,-1.11782741546631,9.2679443359375
"Opuntia decumbens",-96.166,15.77883,"Pacific Lowlands province","Opuntia","No",13.7000007629395,28.1666660308838,4,387,0.695697784423828,13.2157821655273
"Opuntia decumbens",-96.071695,15.779117,"Pacific Lowlands province","Opuntia","No",13.6000003814697,28.2666664123535,3,368,1.6557639837265,6.60765981674194
"Opuntia decumbens",-96.209129,15.780149,"Pacific Lowlands province","Opuntia","No",13.9000015258789,28.1499996185303,5,387,-0.555658340454102,6.025390625
"Opuntia decumbens",-96.199959,15.781453,"Pacific Lowlands province","Opuntia","No",13.6999988555908,28.0999984741211,4,393,-0.769447326660156,4.40607452392578
"Opuntia decumbens",-96.060869,15.782234,"Pacific Lowlands province","Opuntia","No",13.6000003814697,28.2666664123535,3,367,0.758274555206299,24.5595703125
"Opuntia decumbens",-96.059319,15.78379,"Pacific Lowlands province","Opuntia","No",13.4999980926514,28.1666660308838,3,376,-1.71617341041565,9.84905052185059
"Opuntia decumbens",-96.090192,15.790989,"Pacific Lowlands province","Opuntia","No",13.5,28.25,3,380,0.0492234230041504,9.83252334594727
"Opuntia decumbens",-96.077163,15.809286,"Pacific Lowlands province","Opuntia","No",13.6000003814697,28.1166667938232,4,393,1.10159587860107,12.031867980957
"Opuntia decumbens",-95.969444,15.81825,"Pacific Lowlands province","Opuntia","No",13.9000015258789,28.3000011444092,3,360,-2.48521137237549,19.2312450408936
"Opuntia decumbens",-96.069056,15.818696,"Pacific Lowlands province","Opuntia","No",13.8000011444092,28.283332824707,4,377,-2.7269983291626,24.2090587615967
"Opuntia decumbens",-96.321944,15.834167,"Pacific Lowlands province","Opuntia","No",15.1999988555908,27.4500007629395,5,387,0.210805892944336,3.80168151855469
"Opuntia decumbens",-95.953056,15.835833,"Pacific Lowlands province","Opuntia","No",13.9000015258789,28.25,3,357,-1.4413890838623,8.12866115570068
"Opuntia decumbens",-95.90694,15.86222,"Pacific Lowlands province","Opuntia","No",14.1999988555908,28.216667175293,3,356,0.856300354003906,17.2711563110352
"Opuntia decumbens",-95.954167,15.867778,"Pacific Lowlands province","Opuntia","No",14,28.0666656494141,3,363,4.00982904434204,27.2274932861328
"Opuntia decumbens",-97.090769,15.867855,"Pacific Lowlands province","Opuntia","No",12.6999988555908,27.533332824707,3,349,0.365245938301086,11.0578517913818
"Opuntia decumbens",-96.00417,15.87083,"Pacific Lowlands province","Opuntia","No",14.1000003814697,28,3,374,-4.00340175628662,19.1139068603516
"Opuntia decumbens",-96.01361,15.87361,"Pacific Lowlands province","Opuntia","No",13.8999996185303,27.6000003814697,3,387,-4.48165893554688,32.7901306152344
"Opuntia decumbens",-97.076327,15.916185,"Pacific Lowlands province","Opuntia","No",14.1000003814697,27.2000007629395,3,331,0.723719596862793,23.2541656494141
"Opuntia decumbens",-95.532043,15.979146,"Pacific Lowlands province","Opuntia","No",14.7000007629395,28.6833343505859,1,291,-1.94762873649597,10.5858163833618
"Opuntia decumbens",-95.620944,15.98275,"Pacific Lowlands province","Opuntia","No",14.5999984741211,28.6000003814697,2,296,-0.893837928771973,10.4384689331055
"Opuntia decumbens",-95.69911,16.00481,"Pacific Lowlands province","Opuntia","No",14.7000007629395,27.8500003814697,1,292,-1.42904615402222,17.3150024414062
"Opuntia decumbens",-95.401968,16.009911,"Pacific Lowlands province","Opuntia","No",15.2000007629395,28.9833335876465,1,284,-0.808467745780945,17.4448852539062
"Opuntia decumbens",-95.530119,16.092922,"Pacific Lowlands province","Opuntia","No",15.7000007629395,27.8500003814697,1,255,2.26125717163086,37.5619506835938
"Opuntia decumbens",-94.570999,16.239435,"Pacific Lowlands province","Opuntia","No",15.6999988555908,28.9333343505859,0,319,0.0113591700792313,3.40648412704468
"Opuntia decumbens",-95.233326,16.292389,"Pacific Lowlands province","Opuntia","No",16.7000007629395,29.466667175293,4,265,-0.476487636566162,0.922397613525391
"Opuntia decumbens",-95.238889,16.332778,"Pacific Lowlands province","Opuntia","No",16.9000015258789,29.6000003814697,3,263,0.514321327209473,4.1839656829834
"Opuntia decumbens",-95.246131,16.33284,"Pacific Lowlands province","Opuntia","No",16.8999977111816,29.5,3,254,-2.53861236572266,18.9605865478516
"Opuntia decumbens",-95.24536,16.333414,"Pacific Lowlands province","Opuntia","No",16.7999992370605,29.4833335876465,3,258,5.43615913391113,27.1861877441406
"Opuntia decumbens",-98.2095,16.34861,"Pacific Lowlands province","Opuntia","No",17.1000022888184,28.1666679382324,2,308,2.83453369140625,18.1575164794922
"Opuntia decumbens",-95.401389,16.350278,"Pacific Lowlands province","Opuntia","No",16.6000003814697,27.2333335876465,1,199,-3.59591674804688,25.5302734375
"Opuntia decumbens",-95.306944,16.381944,"Pacific Lowlands province","Opuntia","No",16.7000007629395,29.0666675567627,1,248,6.56654357910156,64.4782638549805
"Opuntia decumbens",-95.137344,16.383789,"Pacific Lowlands province","Opuntia","No",16.0000019073486,29.2666664123535,2,278,0.145398259162903,0.66447925567627
"Opuntia decumbens",-95.1225,16.390833,"Pacific Lowlands province","Opuntia","No",15.8999996185303,29.216667175293,2,281,0.523129940032959,1.66581535339355
"Opuntia decumbens",-94.824043,16.41057,"Pacific Lowlands province","Opuntia","No",15.6000003814697,28.8333339691162,3,280,0.115033432841301,0.245625734329224
"Opuntia decumbens",-95.66667,16.41667,"Pacific Lowlands province","Opuntia","No",18.3000011444092,27.2000007629395,1,189,-1.03669357299805,8.83270263671875
"Opuntia decumbens",-95.967805,16.428583,"Pacific Lowlands province","Opuntia","No",19.2000007629395,25.0166664123535,1,216,-0.752578735351562,8.1253662109375
"Opuntia decumbens",-94.891487,16.458528,"Pacific Lowlands province","Opuntia","No",15.7000007629395,28.9500007629395,4,289,-0.247651100158691,0.711520671844482
"Opuntia decumbens",-94.22203,16.462702,"Pacific Lowlands province","Opuntia","No",16.6999988555908,28.1166667938232,2,407,-1.63093376159668,8.33901977539062
"Opuntia decumbens",-95.8935538,16.4897995,"Pacific Lowlands province","Opuntia","No",19.7000007629395,25.1666679382324,1,208,-0.564971923828125,25.7527465820312
"Opuntia decumbens",-95.154817,16.489921,"Pacific Lowlands province","Opuntia","No",15.7999992370605,28.9166679382324,2,253,-0.509576797485352,2.59712219238281
"Opuntia decumbens",-95.201135,16.533169,"Pacific Lowlands province","Opuntia","No",15.7999992370605,28.033332824707,1,185,-0.118274688720703,5.45646667480469
"Opuntia decumbens",-95.000486,16.540149,"Pacific Lowlands province","Opuntia","No",15.4999980926514,28.783332824707,2,288,0.0116162300109863,0.568986892700195
"Opuntia decumbens",-95.466111,16.541556,"Pacific Lowlands province","Opuntia","No",18,28.783332824707,1,188,0.990451812744141,4.99885559082031
"Opuntia decumbens",-95.001303,16.542004,"Pacific Lowlands province","Opuntia","No",15.4999980926514,28.75,3,288,-0.0158295631408691,1.59214782714844
"Opuntia decumbens",-95.98158,16.54564,"Sierra Madre del Sur province","Opuntia","No",18.8000011444092,25.0166664123535,1,243,-0.368911743164062,15.5885009765625
"Opuntia decumbens",-96.355934,16.581687,"Sierra Madre del Sur province","Opuntia","No",19.7999992370605,24.783332824707,2,266,-1.51296997070312,25.9708251953125
"Opuntia decumbens",-94.870697,16.582768,"Pacific Lowlands province","Opuntia","No",15.3000011444092,28.283332824707,4,299,0.102584838867188,3.32451057434082
"Opuntia decumbens",-94.87133,16.584722,"Pacific Lowlands province","Opuntia","No",15.1000022888184,27.8333339691162,6,287,-2.27396821975708,9.99023056030273
"Opuntia decumbens",-95.98236,16.58661,"Pacific Lowlands province","Opuntia","No",20.9999980926514,26.1666660308838,1,205,-3.0223388671875,15.8621826171875
"Opuntia decumbens",-96.357399,16.592892,"Sierra Madre del Sur province","Opuntia","No",19,23.8833332061768,2,225,-1.76773071289062,41.50439453125
"Opuntia decumbens",-96.03861,16.60083,"Pacific Lowlands province","Opuntia","No",20.7999992370605,25.7666664123535,2,212,-0.240104675292969,4.60369873046875
"Opuntia decumbens",-94.955444,16.605278,"Pacific Lowlands province","Opuntia","No",15.5,28.466667175293,5,294,-0.81294059753418,2.04572296142578
"Opuntia decumbens",-95.01342,16.61367,"Pacific Lowlands province","Opuntia","No",15.5000019073486,28.5166664123535,3,283,-0.272937774658203,1.82991409301758
"Opuntia decumbens",-94.970625,16.621489,"Pacific Lowlands province","Opuntia","No",15.5000019073486,28.033332824707,5,277,0.0512485504150391,13.4035491943359
"Opuntia decumbens",-94.98528,16.62583,"Pacific Lowlands province","Opuntia","No",15.4000015258789,28.1666679382324,5,283,-0.692205429077148,9.19164276123047
"Opuntia decumbens",-96.052871,16.631123,"Pacific Lowlands province","Opuntia","No",19.9000015258789,25.3333339691162,3,238,-2.61824035644531,30.5819091796875
"Opuntia decumbens",-94.949444,16.633056,"Pacific Lowlands province","Opuntia","No",15.3999977111816,27.7999992370605,9,283,0.848562240600586,19.9900970458984
"Opuntia decumbens",-94.98597,16.64003,"Pacific Lowlands province","Opuntia","No",15.2999992370605,27.8666667938232,5,277,1.92617607116699,15.1516723632812
"Opuntia decumbens",-95.009184,16.65589,"Pacific Lowlands province","Opuntia","No",15.3000011444092,28.0166664123535,4,283,-3.61934471130371,13.1530227661133
"Opuntia decumbens",-95.90292,16.65714,"Pacific Lowlands province","Opuntia","No",20.7999992370605,25.9500007629395,3,222,-2.84236907958984,20.7723999023438
"Opuntia decumbens",-94.98078,16.65781,"Pacific Lowlands province","Opuntia","No",15.5,27.7333335876465,8,281,-0.796272277832031,4.7813720703125
"Opuntia decumbens",-95.00972,16.66722,"Pacific Lowlands province","Opuntia","No",15.3000011444092,27.7000007629395,5,281,-1.42398071289062,14.5228576660156
"Opuntia decumbens",-96.145692,16.675217,"Pacific Lowlands province","Opuntia","No",20.7999992370605,25.8833332061768,4,249,-3.03630065917969,17.3992309570312
"Opuntia decumbens",-96.319763,16.694188,"Sierra Madre del Sur province","Opuntia","No",20.8999996185303,25.283332824707,3,276,-1.365478515625,9.2464599609375
"Opuntia decumbens",-96.19167,16.72194,"Pacific Lowlands province","Opuntia","No",20.2999992370605,25.2333335876465,5,284,5.29446411132812,28.013427734375
"Opuntia decumbens",-94.986814,16.739698,"Pacific Lowlands province","Opuntia","No",16.5000019073486,27.6499996185303,15,294,-0.365756988525391,50.1985931396484
"Opuntia decumbens",-94.97889,16.74297,"Pacific Lowlands province","Opuntia","No",16.5999984741211,27.5166664123535,16,285,1.39923858642578,46.273681640625
"Opuntia decumbens",-96.341895,16.753837,"Sierra Madre del Sur province","Opuntia","No",20.5,22.9833335876465,1,245,3.20474243164062,46.0694580078125
"Opuntia decumbens",-95.088648,16.791897,"Pacific Lowlands province","Opuntia","No",16.7000007629395,27.533332824707,15,250,-1.49444580078125,10.0226440429688
"Opuntia decumbens",-96.251932,16.884802,"Pacific Lowlands province","Opuntia","No",19.5999984741211,22.2666664123535,5,292,1.6744384765625,10.0277099609375
"Opuntia decumbens",-97.68847,16.884975,"Sierra Madre del Sur province","Opuntia","No",16.3999996185303,19.533332824707,9,395,3.2681884765625,42.00732421875
"Opuntia decumbens",-97.208389,16.943286,"Sierra Madre del Sur province","Opuntia","No",21.5,22.7666664123535,5,387,-3.4295654296875,17.390869140625
"Opuntia decumbens",-96.041667,17.258333,"Sierra Madre del Sur province","Opuntia","No",15.3000001907349,17.8333339691162,36,458,0.871047973632812,17.193603515625
"Opuntia decumbens",-97.021861,17.523917,"Balsas Basin province","Opuntia","No",23.2000007629395,23.9166660308838,9,259,0.251174926757812,28.5694580078125
"Opuntia decumbens",-96.912911,17.635533,"Balsas Basin province","Opuntia","No",23.0000019073486,27.6833343505859,7,197,1.59320068359375,13.5367431640625
"Opuntia decumbens",-98.045766,17.637723,"Balsas Basin province","Opuntia","No",22.3999977111816,24.8333339691162,4,260,-0.465301513671875,53.2880859375
"Opuntia decumbens",-97.93481,17.68619,"Sierra Madre del Sur province","Opuntia","No",22.3999996185303,23.7666664123535,4,244,2.25398254394531,15.876220703125
"Opuntia decumbens",-97.041667,17.691667,"Sierra Madre del Sur province","Opuntia","No",22.3999977111816,24.1166667938232,10,264,0.2896728515625,10.518798828125
"Opuntia decumbens",-97.9426,17.695856,"Balsas Basin province","Opuntia","No",22.3999977111816,23.5,4,243,3.76838684082031,66.8316650390625
"Opuntia decumbens",-96.942028,17.710306,"Balsas Basin province","Opuntia","No",23.4000015258789,28.0666675567627,6,184,-4.04717254638672,16.0384521484375
"Opuntia decumbens",-96.95111,17.71417,"Balsas Basin province","Opuntia","No",23.5999984741211,27.8666667938232,9,224,-4.61639404296875,23.6356201171875
"Opuntia decumbens",-98.151389,17.716944,"Balsas Basin province","Opuntia","No",21.3999996185303,24.8666667938232,3,268,1.10775756835938,30.712890625
"Opuntia decumbens",-96.953389,17.766583,"Balsas Basin province","Opuntia","No",23.2000007629395,28.25,5,163,-0.567344665527344,27.145751953125
"Opuntia decumbens",-96.099444,17.783333,"Veracruzan province","Opuntia","No",17.7999992370605,26.2999992370605,62,663,-3.26558303833008,22.5367736816406
"Opuntia decumbens",-96.954444,17.783611,"Balsas Basin province","Opuntia","No",23.2999992370605,28.1333332061768,6,166,-0.827110290527344,2.37469482421875
"Opuntia decumbens",-97.028083,17.795083,"Balsas Basin province","Opuntia","No",23.6999988555908,26.8333339691162,15,284,-1.14862060546875,30.855712890625
"Opuntia decumbens",-96.963,17.7952,"Balsas Basin province","Opuntia","No",23.4000015258789,28.2333335876465,5,163,-0.0844039916992188,3.76409912109375
"Opuntia decumbens",-96.989889,17.803472,"Balsas Basin province","Opuntia","No",23.7000007629395,28.5833339691162,4,151,-0.059844970703125,26.54833984375
"Opuntia decumbens",-96.961389,17.8175,"Balsas Basin province","Opuntia","No",23.6999988555908,27.8833332061768,9,209,-4.50361633300781,38.0241088867188
"Opuntia decumbens",-96.941222,17.8215,"Sierra Madre del Sur province","Opuntia","No",24.0999984741211,27.033332824707,16,287,3.80191040039062,26.09619140625
"Opuntia decumbens",-96.941167,17.825611,"Sierra Madre del Sur province","Opuntia","No",24.1000022888184,26.8500003814697,21,320,-2.6690673828125,18.756591796875
"Opuntia decumbens",-96.964892,17.827797,"Balsas Basin province","Opuntia","No",23.8999996185303,27.75,12,240,1.65456390380859,11.661376953125
"Opuntia decumbens",-97.039393,17.863526,"Balsas Basin province","Opuntia","No",24.1999988555908,28.3999996185303,6,182,3.06452178955078,31.251708984375
"Opuntia decumbens",-97.811939,17.866152,"Balsas Basin province","Opuntia","No",22.5,22.283332824707,5,239,0.846099853515625,6.157470703125
"Opuntia decumbens",-96.912557,17.876834,"Sierra Madre del Sur province","Opuntia","No",24.1000003814697,25.8333339691162,26,386,-8.02821350097656,47.54736328125
"Opuntia decumbens",-96.973683,17.888909,"Balsas Basin province","Opuntia","No",23.7999992370605,28.1499996185303,7,198,-4.01970672607422,19.0890502929688
"Opuntia decumbens",-96.95081,17.90964,"Sierra Madre del Sur province","Opuntia","No",24.3999996185303,27.1499996185303,19,320,-7.26945495605469,40.4356689453125
"Opuntia decumbens",-96.979357,17.910082,"Balsas Basin province","Opuntia","No",23.8999996185303,28.3666667938232,7,192,5.56895446777344,26.2236328125
"Opuntia decumbens",-98.042263,17.948681,"Balsas Basin province","Opuntia","No",22.3999996185303,24.9333324432373,5,206,0.597183227539062,26.9591064453125
"Opuntia decumbens",-96.982722,17.9535,"Balsas Basin province","Opuntia","No",24.4999980926514,27.7000007629395,14,285,-2.36960601806641,23.6482543945312
"Opuntia decumbens",-97.035861,17.984583,"Balsas Basin province","Opuntia","No",24.5000019073486,28.5833339691162,7,209,0.11175537109375,7.3251953125
"Opuntia decumbens",-97.052139,18.014417,"Balsas Basin province","Opuntia","No",24.6000003814697,28.1166667938232,9,220,-0.658843994140625,6.9183349609375
"Opuntia decumbens",-97.05082,18.02339,"Balsas Basin province","Opuntia","No",24.7000007629395,28,9,228,-4.1107177734375,19.9248046875
"Opuntia decumbens",-97.038996,18.024486,"Balsas Basin province","Opuntia","No",25.0999984741211,27.6333332061768,12,257,-1.67090606689453,14.0673828125
"Opuntia decumbens",-97.021194,18.031278,"Balsas Basin province","Opuntia","No",24,26.7666664123535,19,335,0.165435791015625,64.9552001953125
"Opuntia decumbens",-97.085555,18.0425,"Balsas Basin province","Opuntia","No",25.3000011444092,28.1166667938232,9,218,1.88103485107422,12.339111328125
"Opuntia decumbens",-97.072092,18.052536,"Balsas Basin province","Opuntia","No",25.3999977111816,27.7999992370605,10,234,2.3355712890625,19.3460083007812
"Opuntia decumbens",-97.108333,18.058333,"Balsas Basin province","Opuntia","No",25.2999992370605,28.0666675567627,8,205,-4.07954406738281,16.5699462890625
"Opuntia decumbens",-97.783333,18.191389,"Balsas Basin province","Opuntia","No",20.7999992370605,23.6666660308838,4,169,-3.25216674804688,7.7265625
"Opuntia dejecta",-96.159167,15.733472,"Pacific Lowlands province","Opuntia","No",13.4000015258789,28.0666675567627,4,373,-0.574395596981049,12.7471780776978
"Opuntia dejecta",-96.157611,15.740111,"Pacific Lowlands province","Opuntia","No",13.4000015258789,28.0499992370605,4,374,-1.52608776092529,11.2489929199219
"Opuntia dejecta",-96.166306,15.755028,"Pacific Lowlands province","Opuntia","No",13.5,28.1166667938232,4,374,0.214690685272217,4.75046539306641
"Opuntia dejecta",-96.19395,15.76956,"Pacific Lowlands province","Opuntia","No",13.6999988555908,28.1166667938232,5,387,-2.10202884674072,8.33457946777344
"Opuntia dejecta",-96.213889,15.769639,"Pacific Lowlands province","Opuntia","No",13.9000015258789,28.1666679382324,4,382,-0.553561210632324,6.49847412109375
"Opuntia dejecta",-96.20319,15.77475,"Pacific Lowlands province","Opuntia","No",13.6999988555908,28.0999984741211,5,388,1.60538291931152,7.70909118652344
"Opuntia dejecta",-95.954167,15.866667,"Pacific Lowlands province","Opuntia","No",14,28.0666656494141,3,363,-1.00161266326904,18.5017585754395
"Opuntia dejecta",-96.01861,15.87444,"Pacific Lowlands province","Opuntia","No",13.8999977111816,27.3499984741211,3,390,-1.90360450744629,24.1502075195312
"Opuntia dejecta",-95.94417,15.91833,"Pacific Lowlands province","Opuntia","No",14.5,27.5666675567627,3,362,2.08036613464355,5.23316955566406
"Opuntia dejecta",-96.04167,15.93611,"Pacific Lowlands province","Opuntia","No",14.6000003814697,27.0166664123535,3,382,1.28666305541992,10.2937927246094
"Opuntia dejecta",-95.58028,15.96333,"Pacific Lowlands province","Opuntia","No",14.4000015258789,28.6166667938232,1,297,-0.166117429733276,4.35557651519775
"Opuntia dejecta",-96.30083,16.30194,"Pacific Lowlands province","Opuntia","No",17.3999996185303,20.9500007629395,6,246,-1.24662780761719,38.0069580078125
"Opuntia dejecta",-94.61111,16.38722,"Pacific Lowlands province","Opuntia","No",16.7999992370605,29.25,1,304,-0.32764732837677,1.27578449249268
"Opuntia dejecta",-95.00967,16.61581,"Pacific Lowlands province","Opuntia","No",15.5000019073486,28.5166664123535,3,283,-0.0275764465332031,1.24296569824219
"Opuntia dejecta",-95.00714,16.77972,"Pacific Lowlands province","Opuntia","No",16.5,27.5833320617676,17,296,3.56490707397461,27.2429351806641
"Opuntia dejecta",-96.495201,17.320784,"Balsas Basin province","Opuntia","No",20.8999996185303,21.0166664123535,20,361,1.52041625976562,12.653564453125
"Opuntia depressa",-96.767,17.045705,"Balsas Basin province","Opuntia","Mexico",21.2000007629395,22,3,257,1.29879760742188,11.2293701171875
"Opuntia depressa",-97.30295,17.065133,"Sierra Madre del Sur province","Opuntia","Mexico",22.8000011444092,24.533332824707,5,384,-2.11933898925781,26.020263671875
"Opuntia depressa",-96.940098,17.476907,"Sierra Madre del Sur province","Opuntia","Mexico",18.7999992370605,18.3666667938232,5,219,0.398040771484375,9.61376953125
"Opuntia depressa",-96.937222,17.505861,"Sierra Madre del Sur province","Opuntia","Mexico",19.6000003814697,19.1833343505859,6,208,-1.85090637207031,14.0279541015625
"Opuntia depressa",-96.925,17.508333,"Balsas Basin province","Opuntia","Mexico",19.3999996185303,18.9833335876465,6,206,0.252365112304688,33.7188720703125
"Opuntia depressa",-98.153056,17.631667,"Balsas Basin province","Opuntia","Mexico",22.5,25.2999992370605,4,270,-0.109130859375,17.8212890625
"Opuntia depressa",-96.913611,17.633889,"Balsas Basin province","Opuntia","Mexico",23.0000019073486,27.6833343505859,7,197,0.41754150390625,5.95941162109375
"Opuntia depressa",-96.913444,17.644389,"Balsas Basin province","Opuntia","Mexico",22.7999992370605,27.8666667938232,5,173,-6.04421997070312,14.9014282226562
"Opuntia depressa",-96.930162,17.645617,"Balsas Basin province","Opuntia","Mexico",23,27.8166656494141,5,173,-0.471298217773438,14.44873046875
"Opuntia depressa",-96.95722,17.69644,"Balsas Basin province","Opuntia","Mexico",23.7000007629395,27.7000007629395,10,232,-0.728706359863281,10.51611328125
"Opuntia depressa",-97.028889,17.805833,"Balsas Basin province","Opuntia","Mexico",24.2000007629395,27.216667175293,14,270,1.69137573242188,14.610107421875
"Opuntia depressa",-97.117,17.833,"Balsas Basin province","Opuntia","Mexico",22.5,22.9166660308838,8,236,-2.07582092285156,33.312255859375
"Opuntia depressa",-96.841667,17.836389,"Sierra Madre del Sur province","Opuntia","Mexico",18.5999984741211,18.0833339691162,9,249,-0.078338623046875,31.2073974609375
"Opuntia depressa",-96.97464,17.83986,"Balsas Basin province","Opuntia","Mexico",23.8999977111816,28.033332824707,8,214,-0.214698791503906,14.5859985351562
"Opuntia depressa",-97.005067,17.899906,"Balsas Basin province","Opuntia","Mexico",24.0000019073486,28.8666667938232,5,164,0.183013916015625,10.9932250976562
"Opuntia depressa",-97.06667,17.91667,"Balsas Basin province","Opuntia","Mexico",25.1999988555908,27.2666664123535,9,209,-2.35630035400391,29.2591552734375
"Opuntia depressa",-97.055444,17.923222,"Balsas Basin province","Opuntia","Mexico",24.7999992370605,28.0666656494141,8,195,-2.01042938232422,16.80419921875
"Opuntia depressa",-97.044917,17.932944,"Balsas Basin province","Opuntia","Mexico",24.6000022888184,28.5333347320557,7,183,-3.29238891601562,8.4794921875
"Opuntia depressa",-97.01328,17.94295,"Balsas Basin province","Opuntia","Mexico",24.1999988555908,28.6666660308838,7,191,2.01428985595703,19.510498046875
"Opuntia depressa",-97.328742,18.130028,"Balsas Basin province","Opuntia","Mexico",23.5999984741211,24.3333320617676,5,184,-0.660934448242188,26.75048828125
"Opuntia depressa",-97.257894,18.156395,"Balsas Basin province","Opuntia","Mexico",25.3999996185303,26.6666660308838,3,129,5.14717102050781,37.9903564453125
"Opuntia depressa",-97.716944,18.190833,"Balsas Basin province","Opuntia","Mexico",20.2000007629395,22.7000007629395,4,203,2.86050415039062,14.6690673828125
"Opuntia huajuapensis",-97.18534,17.25942,"Sierra Madre del Sur province","Opuntia","Mexico",21.4000015258789,20.283332824707,4,258,2.65261840820312,23.4478759765625
"Opuntia huajuapensis",-96.540723,17.274483,"Balsas Basin province","Opuntia","Mexico",19.7999992370605,19.1333332061768,11,282,-0.638290405273438,29.6171875
"Opuntia huajuapensis",-96.921222,17.385556,"Sierra Madre del Sur province","Opuntia","Mexico",18.7000007629395,18.1166667938232,5,252,-2.08026123046875,13.921875
"Opuntia huajuapensis",-97.46686,17.49592,"Sierra Madre del Sur province","Opuntia","Mexico",21.5,17.25,5,251,-0.709442138671875,10.93310546875
"Opuntia huajuapensis",-97.3211,17.545025,"Sierra Madre del Sur province","Opuntia","Mexico",21.5999984741211,17.3999996185303,3,221,-0.15960693359375,10.397216796875
"Opuntia huajuapensis",-97.513694,17.551694,"Sierra Madre del Sur province","Opuntia","Mexico",21.2000007629395,16.716667175293,5,258,-0.457916259765625,22.08544921875
"Opuntia huajuapensis",-97.503593,17.554424,"Sierra Madre del Sur province","Opuntia","Mexico",20.7000007629395,16.2666664123535,4,260,-1.88519287109375,22.183349609375
"Opuntia huajuapensis",-97.424722,17.573056,"Sierra Madre del Sur province","Opuntia","Mexico",21.2999992370605,16.7999992370605,5,241,0.12530517578125,4.828857421875
"Opuntia huajuapensis",-97.408778,17.588056,"Sierra Madre del Sur province","Opuntia","Mexico",19.3000011444092,15.0333337783813,6,265,1.10308837890625,32.97802734375
"Opuntia huajuapensis",-97.285677,17.600798,"Sierra Madre del Sur province","Opuntia","Mexico",20.5999984741211,16.3166675567627,4,217,0.58489990234375,9.290283203125
"Opuntia huajuapensis",-97.450611,17.616111,"Sierra Madre del Sur province","Opuntia","Mexico",21.2999992370605,16.8166675567627,5,245,-0.6309814453125,17.64013671875
"Opuntia huajuapensis",-97.395227,17.639996,"Sierra Madre del Sur province","Opuntia","Mexico",21.7000007629395,17.2333335876465,4,227,-0.00933837890625,7.507568359375
"Opuntia huajuapensis",-97.096218,17.649095,"Sierra Madre del Sur province","Opuntia","Mexico",20.5,18.75,3,173,4.9072265625,29.048095703125
"Opuntia huajuapensis",-97.13602,17.65175,"Sierra Madre del Sur province","Opuntia","Mexico",21.3999996185303,18.8666667938232,5,178,0.206436157226562,3.302001953125
"Opuntia huajuapensis",-97.217503,17.69996,"Sierra Madre del Sur province","Opuntia","Mexico",18.8999996185303,15.033332824707,5,220,-0.4671630859375,36.385986328125
"Opuntia huajuapensis",-97.3955,17.703417,"Sierra Madre del Sur province","Opuntia","Mexico",21.7999992370605,17.5666675567627,5,221,1.08370971679688,11.730712890625
"Opuntia huajuapensis",-97.316268,17.708457,"Sierra Madre del Sur province","Opuntia","Mexico",22.4000015258789,18.5499992370605,2,200,-0.791107177734375,11.146728515625
"Opuntia huajuapensis",-97.288485,17.70971,"Sierra Madre del Sur province","Opuntia","Mexico",21.6999988555908,17.3500003814697,2,193,-0.40478515625,6.224609375
"Opuntia huajuapensis",-97.15208,17.71642,"Sierra Madre del Sur province","Opuntia","Mexico",20.3999996185303,17.1499996185303,4,162,-0.57818603515625,14.606689453125
"Opuntia huajuapensis",-97.320591,17.723003,"Sierra Madre del Sur province","Opuntia","Mexico",22.6000003814697,19.1000003814697,3,202,0.05419921875,11.088134765625
"Opuntia huajuapensis",-97.334876,17.725217,"Sierra Madre del Sur province","Opuntia","Mexico",22.9000015258789,19.4500007629395,3,207,-1.85345458984375,7.901611328125
"Opuntia huajuapensis",-97.480556,17.784722,"Sierra Madre del Sur province","Opuntia","Mexico",22,18.0500011444092,5,237,1.33901977539062,8.911865234375
"Opuntia huajuapensis",-97.758333,17.799083,"Balsas Basin province","Opuntia","Mexico",23.7000007629395,23.6833343505859,5,222,-1.214599609375,2.6839599609375
"Opuntia huajuapensis",-97.136667,17.799722,"Sierra Madre del Sur province","Opuntia","Mexico",24.1000022888184,23.8833332061768,10,245,-0.847274780273438,9.875244140625
"Opuntia huajuapensis",-97.453468,17.804176,"Sierra Madre del Sur province","Opuntia","Mexico",22.5,18.4166660308838,5,227,0.36016845703125,9.08642578125
"Opuntia huajuapensis",-97.470833,17.806667,"Sierra Madre del Sur province","Opuntia","Mexico",22.3999996185303,18.3666667938232,5,230,0.2940673828125,3.2685546875
"Opuntia huajuapensis",-97.34045,17.822454,"Sierra Madre del Sur province","Opuntia","Mexico",22.9000015258789,18.6833343505859,5,200,1.31085205078125,11.3818359375
"Opuntia huajuapensis",-97.486389,17.8375,"Sierra Madre del Sur province","Opuntia","Mexico",22,18.1000003814697,6,234,0.560089111328125,12.494873046875
"Opuntia huajuapensis",-97.2275,17.842222,"Sierra Madre del Sur province","Opuntia","Mexico",21.6000003814697,18.4833335876465,5,182,1.828125,18.8974609375
"Opuntia huajuapensis",-97.510323,17.846705,"Sierra Madre del Sur province","Opuntia","Mexico",20.1000003814697,15.6999998092651,7,251,0.111236572265625,6.41357421875
"Opuntia huajuapensis",-97.21844,17.84986,"Sierra Madre del Sur province","Opuntia","Mexico",22.4000015258789,20.3333339691162,4,168,-0.462356567382812,41.1629638671875
"Opuntia huajuapensis",-97.359028,17.855667,"Sierra Madre del Sur province","Opuntia","Mexico",22.8999996185303,18.4166660308838,4,208,0.800048828125,15.111083984375
"Opuntia huajuapensis",-97.323699,17.855794,"Sierra Madre del Sur province","Opuntia","Mexico",23.2999992370605,19.6333332061768,5,183,-0.27374267578125,6.386962890625
"Opuntia huajuapensis",-97.391682,17.869657,"Sierra Madre del Sur province","Opuntia","Mexico",23.8999996185303,19.3500003814697,4,200,0.132080078125,4.41943359375
"Opuntia huajuapensis",-97.954256,17.870914,"Balsas Basin province","Opuntia","Mexico",22.0000019073486,23.3000011444092,5,240,1.41828918457031,10.1314697265625
"Opuntia huajuapensis",-97.313712,17.878888,"Sierra Madre del Sur province","Opuntia","Mexico",21.3999996185303,17.5166664123535,5,207,0.848785400390625,26.36767578125
"Opuntia huajuapensis",-97.429912,17.905079,"Sierra Madre del Sur province","Opuntia","Mexico",22.3999996185303,18.0499992370605,6,228,0.43731689453125,1.569091796875
"Opuntia huajuapensis",-97.437326,17.919263,"Sierra Madre del Sur province","Opuntia","Mexico",22.0999984741211,18.2666664123535,6,229,2.0699462890625,21.322509765625
"Opuntia huajuapensis",-97.392618,17.931572,"Sierra Madre del Sur province","Opuntia","Mexico",23.1000003814697,18.6166667938232,5,221,0.5970458984375,4.214111328125
"Opuntia huajuapensis",-97.418243,17.971377,"Sierra Madre del Sur province","Opuntia","Mexico",22.2000007629395,18.8166656494141,5,230,-0.54888916015625,14.80078125
"Opuntia karwinskiana",-96.217799,15.700451,"Pacific Lowlands province","Opuntia","Mexico",13.3999996185303,28,4,359,-0.653800547122955,2.82460832595825
"Opuntia karwinskiana",-96.568795,15.704558,"Pacific Lowlands province","Opuntia","Mexico",15.7999992370605,26.9833335876465,5,401,-1.65593862533569,6.38093185424805
"Opuntia karwinskiana",-96.196442,15.70953,"Pacific Lowlands province","Opuntia","Mexico",13.5,28.1166667938232,4,364,-2.00523662567139,9.56804370880127
"Opuntia karwinskiana",-96.202897,15.712537,"Pacific Lowlands province","Opuntia","Mexico",13.6000003814697,28.1166667938232,5,356,-0.574628412723541,5.28855514526367
"Opuntia karwinskiana",-96.167214,15.722938,"Pacific Lowlands province","Opuntia","Mexico",13.4000015258789,28.0833339691162,4,370,1.57354116439819,42.5460243225098
"Opuntia karwinskiana",-96.164689,15.723656,"Pacific Lowlands province","Opuntia","Mexico",13.5,28.1666660308838,4,359,0.965933382511139,6.92956495285034
"Opuntia karwinskiana",-96.164413,15.725561,"Pacific Lowlands province","Opuntia","Mexico",13.5,28.1333332061768,4,362,-0.419462203979492,2.10073566436768
"Opuntia karwinskiana",-96.24536,15.72653,"Pacific Lowlands province","Opuntia","Mexico",13.7999992370605,28.1000003814697,5,354,-2.15285921096802,15.2501983642578
"Opuntia karwinskiana",-96.15715,15.72679,"Pacific Lowlands province","Opuntia","Mexico",13.4000015258789,28.0833339691162,4,370,4.23521995544434,32.1581382751465
"Opuntia karwinskiana",-96.158778,15.733424,"Pacific Lowlands province","Opuntia","Mexico",13.4000015258789,28.0666675567627,4,373,-2.57088255882263,11.8459720611572
"Opuntia karwinskiana",-96.202156,15.737501,"Pacific Lowlands province","Opuntia","Mexico",13.5,28.0833339691162,5,375,-2.2249813079834,8.65914535522461
"Opuntia karwinskiana",-96.145974,15.738139,"Pacific Lowlands province","Opuntia","Mexico",13.4000015258789,28.0833339691162,4,369,0.757481098175049,4.85662937164307
"Opuntia karwinskiana",-96.149514,15.743374,"Pacific Lowlands province","Opuntia","Mexico",13.2999992370605,28.033332824707,4,378,-0.744427680969238,9.59513854980469
"Opuntia karwinskiana",-96.127367,15.743627,"Pacific Lowlands province","Opuntia","Mexico",13.3999996185303,28.1833324432373,4,370,-1.899045586586,10.9535665512085
"Opuntia karwinskiana",-96.17038,15.747602,"Pacific Lowlands province","Opuntia","Mexico",13.5,28.1166667938232,4,371,0.510811567306519,4.97317886352539
"Opuntia karwinskiana",-96.139059,15.750487,"Pacific Lowlands province","Opuntia","Mexico",13.3999996185303,28.1666660308838,4,372,-3.32064747810364,24.9391193389893
"Opuntia karwinskiana",-96.17073,15.75068,"Pacific Lowlands province","Opuntia","Mexico",13.5999984741211,28.1499996185303,4,372,0.209603071212769,3.30279922485352
"Opuntia karwinskiana",-96.148041,15.754222,"Pacific Lowlands province","Opuntia","Mexico",13.3000011444092,28.0666675567627,4,381,0.965130805969238,4.509521484375
"Opuntia karwinskiana",-96.150065,15.754837,"Pacific Lowlands province","Opuntia","Mexico",13.3999996185303,28.1000003814697,4,380,-2.12311887741089,9.57613754272461
"Opuntia karwinskiana",-96.16624,15.755948,"Pacific Lowlands province","Opuntia","Mexico",13.5,28.1166667938232,4,374,-0.260256290435791,6.35111999511719
"Opuntia karwinskiana",-96.179947,15.760185,"Pacific Lowlands province","Opuntia","Mexico",13.6999988555908,28.1333332061768,4,378,-0.0558419227600098,11.6878280639648
"Opuntia karwinskiana",-96.191267,15.760284,"Pacific Lowlands province","Opuntia","Mexico",13.6999988555908,28.1333332061768,4,382,-0.991156578063965,3.79029846191406
"Opuntia karwinskiana",-96.202799,15.760989,"Pacific Lowlands province","Opuntia","Mexico",13.6999988555908,28.1333332061768,5,383,-0.515863418579102,2.83316040039062
"Opuntia karwinskiana",-96.170712,15.766205,"Pacific Lowlands province","Opuntia","Mexico",13.5999984741211,28.1666660308838,4,375,-5.27211284637451,10.2124938964844
"Opuntia karwinskiana",-96.133901,15.767041,"Pacific Lowlands province","Opuntia","Mexico",13.6999988555908,28.283332824707,4,371,2.09463787078857,13.2091617584229
"Opuntia karwinskiana",-96.100258,15.768452,"Pacific Lowlands province","Opuntia","Mexico",13.5,28.2666664123535,4,377,-2.78494834899902,21.6468677520752
"Opuntia karwinskiana",-96.199409,15.768539,"Pacific Lowlands province","Opuntia","Mexico",13.6999988555908,28.1166667938232,5,387,-0.498733520507812,6.03023529052734
"Opuntia karwinskiana",-96.125052,15.768739,"Pacific Lowlands province","Opuntia","Mexico",13.6999988555908,28.2999992370605,4,371,-3.39420604705811,16.0365123748779
"Opuntia karwinskiana",-96.124993,15.770354,"Pacific Lowlands province","Opuntia","Mexico",13.5999984741211,28.3166656494141,4,371,-2.96406698226929,10.2165718078613
"Opuntia karwinskiana",-96.200967,15.771625,"Pacific Lowlands province","Opuntia","Mexico",13.6999988555908,28.0999984741211,5,388,0.652828216552734,7.07902526855469
"Opuntia karwinskiana",-96.237457,15.773922,"Pacific Lowlands province","Opuntia","Mexico",14,28.2000007629395,5,376,0.973479270935059,9.16861724853516
"Opuntia karwinskiana",-96.200966,15.775105,"Pacific Lowlands province","Opuntia","Mexico",13.9000015258789,28.1499996185303,5,390,0.701931953430176,6.49990844726562
"Opuntia karwinskiana",-96.225815,15.776644,"Pacific Lowlands province","Opuntia","Mexico",14,28.1833324432373,5,385,-0.79917049407959,17.4050674438477
"Opuntia karwinskiana",-96.175522,15.776931,"Pacific Lowlands province","Opuntia","Mexico",13.8000011444092,28.1666660308838,4,386,1.2362756729126,14.899055480957
"Opuntia karwinskiana",-96.20907,15.77754,"Pacific Lowlands province","Opuntia","Mexico",13.9000015258789,28.1499996185303,5,387,-0.482695579528809,6.24220275878906
"Opuntia karwinskiana",-96.107669,15.778047,"Pacific Lowlands province","Opuntia","Mexico",13.5999984741211,28.3166656494141,3,372,-1.06775665283203,6.45335578918457
"Opuntia karwinskiana",-96.174652,15.778559,"Pacific Lowlands province","Opuntia","Mexico",13.7000007629395,28.1666660308838,4,387,-0.131333351135254,8.2679443359375
"Opuntia karwinskiana",-96.127154,15.778668,"Pacific Lowlands province","Opuntia","Mexico",13.5999984741211,28.25,4,380,-2.17810726165771,12.0382766723633
"Opuntia karwinskiana",-96.198381,15.778715,"Pacific Lowlands province","Opuntia","Mexico",13.6999988555908,28.0999984741211,4,393,1.01378536224365,2.69107818603516
"Opuntia karwinskiana",-96.202679,15.783632,"Pacific Lowlands province","Opuntia","Mexico",13.9000015258789,28.1333332061768,5,393,-0.288700103759766,2.88238525390625
"Opuntia karwinskiana",-96.219177,15.786327,"Pacific Lowlands province","Opuntia","Mexico",14,28.1333332061768,5,394,-0.908448219299316,10.6792449951172
"Opuntia karwinskiana",-96.373726,15.792265,"Pacific Lowlands province","Opuntia","Mexico",15.4000015258789,27.5166664123535,6,363,-0.105096817016602,2.37994384765625
"Opuntia karwinskiana",-95.956389,15.846944,"Pacific Lowlands province","Opuntia","Mexico",13.8999996185303,28.1166648864746,3,363,3.52020478248596,21.765604019165
"Opuntia karwinskiana",-95.96144,15.865932,"Pacific Lowlands province","Opuntia","Mexico",13.8999996185303,28.1333332061768,3,360,-1.67126226425171,25.2665920257568
"Opuntia karwinskiana",-96.414902,15.933122,"Sierra Madre del Sur province","Opuntia","Mexico",12,22.2999992370605,18,686,2.00787353515625,25.3450927734375
"Opuntia karwinskiana",-95.58119,15.96503,"Pacific Lowlands province","Opuntia","Mexico",14.4000015258789,28.6166667938232,1,297,-1.79498445987701,12.3163080215454
"Opuntia karwinskiana",-95.52817,15.96817,"Pacific Lowlands province","Opuntia","Mexico",14.7000007629395,28.6833343505859,1,291,-1.58596563339233,7.45988464355469
"Opuntia karwinskiana",-95.725,15.99969,"Pacific Lowlands province","Opuntia","Mexico",14.8000011444092,28.0666656494141,2,299,-2.76416015625,19.2528686523438
"Opuntia karwinskiana",-95.69725,16.05161,"Pacific Lowlands province","Opuntia","Mexico",15.3999996185303,27.7333335876465,1,279,-0.869716644287109,28.18505859375
"Opuntia karwinskiana",-98.217,16.346,"Pacific Lowlands province","Opuntia","Mexico",17.1999988555908,28.283332824707,2,308,-0.137199401855469,7.0020751953125
"Opuntia karwinskiana",-96.6729,16.41636,"Balsas Basin province","Opuntia","Mexico",20,22.7999992370605,1,248,0.448638916015625,21.176025390625
"Opuntia karwinskiana",-95.01254,16.537954,"Pacific Lowlands province","Opuntia","Mexico",15.3999977111816,28.783332824707,2,287,0.268573522567749,2.34254455566406
"Opuntia karwinskiana",-94.99778,16.67694,"Pacific Lowlands province","Opuntia","Mexico",15.5,27.4500007629395,7,274,-1.64252090454102,11.3450317382812
"Opuntia karwinskiana",-96.230744,16.677694,"Sierra Madre del Sur province","Opuntia","Mexico",19.2999992370605,24.3166656494141,3,262,-2.84831237792969,21.47265625
"Opuntia karwinskiana",-94.744463,16.714806,"Pacific Lowlands province","Opuntia","Mexico",16.2999992370605,27.7999992370605,21,318,6.36190795898438,31.9554138183594
"Opuntia karwinskiana",-96.516172,17.062567,"Sierra Madre del Sur province","Opuntia","Mexico",19,19.8833332061768,4,274,0.614883422851562,23.1259765625
"Opuntia karwinskiana",-96.890539,17.796217,"Sierra Madre del Sur province","Opuntia","Mexico",18.2000007629395,18.6833324432373,8,214,3.71807861328125,34.532470703125
"Opuntia lasiacantha",-95.170028,16.566778,"Pacific Lowlands province","Opuntia","Mexico",15.9000015258789,28.6000003814697,1,207,-0.227697372436523,5.16127014160156
"Opuntia lasiacantha",-94.742055,16.714778,"Pacific Lowlands province","Opuntia","Mexico",16.2999992370605,27.7999992370605,21,318,5.20523452758789,28.3857116699219
"Opuntia lasiacantha",-96.277185,16.86525,"Sierra Madre del Sur province","Opuntia","Mexico",19.7000007629395,22.1000003814697,3,276,5.59324645996094,34.3536376953125
"Opuntia lasiacantha",-96.768794,17.046294,"Balsas Basin province","Opuntia","Mexico",21.2000007629395,22,3,257,1.1990966796875,10.8580322265625
"Opuntia lasiacantha",-96.73616,17.081188,"Balsas Basin province","Opuntia","Mexico",22.2000007629395,23.1166667938232,3,246,2.32550048828125,44.2237548828125
"Opuntia lasiacantha",-96.465176,17.083312,"Sierra Madre del Sur province","Opuntia","Mexico",15,14.6666660308838,7,306,2.51385498046875,13.7138671875
"Opuntia lasiacantha",-97.558333,17.341667,"Sierra Madre del Sur province","Opuntia","Mexico",20,18.7000007629395,4,261,-0.04296875,3.74365234375
"Opuntia lasiacantha",-96.5659,17.43247,"Balsas Basin province","Opuntia","Mexico",21.3999996185303,21.8166656494141,23,380,-1.56925964355469,11.488525390625
"Opuntia lasiacantha",-97.401695,17.491823,"Sierra Madre del Sur province","Opuntia","Mexico",18.6999988555908,15.1333332061768,5,263,-4.73153686523438,33.12646484375
"Opuntia lasiacantha",-97.46664,17.49403,"Sierra Madre del Sur province","Opuntia","Mexico",21.5,17.2000007629395,5,250,0.596923828125,7.8828125
"Opuntia lasiacantha",-97.26038,17.51128,"Sierra Madre del Sur province","Opuntia","Mexico",22.2000007629395,18.6499996185303,3,218,-0.23858642578125,26.016845703125
"Opuntia lasiacantha",-97.38194,17.59639,"Sierra Madre del Sur province","Opuntia","Mexico",20.1000003814697,15.8166666030884,6,244,5.85537719726562,25.0263671875
"Opuntia lasiacantha",-97.341468,17.640222,"Sierra Madre del Sur province","Opuntia","Mexico",21.4000015258789,17.3333339691162,3,210,2.0316162109375,8.6884765625
"Opuntia lasiacantha",-97.120624,17.644461,"Sierra Madre del Sur province","Opuntia","Mexico",21.0999984741211,18.9833335876465,4,180,5.08245849609375,48.4677734375
"Opuntia lasiacantha",-97.126942,17.654544,"Sierra Madre del Sur province","Opuntia","Mexico",23.1000003814697,21.3166675567627,7,216,0.849227905273438,10.455810546875
"Opuntia lasiacantha",-97.257383,17.671089,"Sierra Madre del Sur province","Opuntia","Mexico",19,14.8000001907349,6,241,0.6434326171875,10.15283203125
"Opuntia lasiacantha",-97.279472,17.719215,"Sierra Madre del Sur province","Opuntia","Mexico",21.8999996185303,17.8500003814697,2,188,-0.1314697265625,0.701904296875
"Opuntia lasiacantha",-97.517,17.733,"Sierra Madre del Sur province","Opuntia","Mexico",22.8999996185303,19.1499996185303,4,234,-0.45977783203125,14.93505859375
"Opuntia lasiacantha",-97.487778,17.836306,"Sierra Madre del Sur province","Opuntia","Mexico",22,18.1000003814697,6,234,-0.235443115234375,4.82568359375
"Opuntia lasiacantha",-96.86774,17.836939,"Sierra Madre del Sur province","Opuntia","Mexico",18.5,18.4500007629395,8,221,-3.7391357421875,30.863037109375
"Opuntia lasiacantha",-97.162972,17.850333,"Sierra Madre del Sur province","Opuntia","Mexico",21,19.5166664123535,5,178,0.5777587890625,9.954345703125
"Opuntia lasiacantha",-97.495277,17.850381,"Sierra Madre del Sur province","Opuntia","Mexico",21.2999992370605,17.283332824707,6,238,0.02996826171875,10.80419921875
"Opuntia lasiacantha",-97.167198,17.878359,"Sierra Madre del Sur province","Opuntia","Mexico",21.2999992370605,20.1333332061768,4,180,1.46954345703125,59.83056640625
"Opuntia lasiacantha",-98.036027,17.942021,"Balsas Basin province","Opuntia","Mexico",22.5,24.8666667938232,5,204,-1.20848083496094,21.9029541015625
"Opuntia pilifera",-96.567453,16.384344,"Balsas Basin province","Opuntia","Mexico",20.3000011444092,23.0833339691162,1,208,0.184249877929688,16.5467529296875
"Opuntia pilifera",-96.310666,16.560524,"Pacific Lowlands province","Opuntia","Mexico",19.2000007629395,23.9833335876465,2,233,-2.96713256835938,37.684814453125
"Opuntia pilifera",-96.338611,16.596667,"Sierra Madre del Sur province","Opuntia","Mexico",20.2000007629395,25.1166667938232,2,266,2.44970703125,37.1951904296875
"Opuntia pilifera",-95.88867,16.63572,"Pacific Lowlands province","Opuntia","Mexico",19.6999988555908,24.966667175293,3,247,-1.27513885498047,34.8567504882812
"Opuntia pilifera",-96.504407,16.906785,"Balsas Basin province","Opuntia","Mexico",20.2000007629395,20.8999996185303,1,265,4.56724548339844,8.927490234375
"Opuntia pilifera",-96.300954,16.914536,"Sierra Madre del Sur province","Opuntia","Mexico",18.3999996185303,20.1333332061768,2,255,-7.33901977539062,31.9324951171875
"Opuntia pilifera",-96.338056,16.923333,"Balsas Basin province","Opuntia","Mexico",20.2000007629395,21.4833335876465,3,277,-0.0111541748046875,2.9495849609375
"Opuntia pilifera",-96.4176205,16.9270626,"Balsas Basin province","Opuntia","Mexico",21.7999992370605,22.3999996185303,3,275,-0.114089965820312,0.4580078125
"Opuntia pilifera",-96.4293738,16.9336373,"Balsas Basin province","Opuntia","Mexico",21.7999992370605,22.4166660308838,3,275,-0.183990478515625,0.6885986328125
"Opuntia pilifera",-96.446135,16.948431,"Balsas Basin province","Opuntia","Mexico",22.1000003814697,22.5,3,274,0.289138793945312,4.2269287109375
"Opuntia pilifera",-96.448564,16.957219,"Balsas Basin province","Opuntia","Mexico",22.1000003814697,22.5666656494141,3,277,-0.505462646484375,22.605224609375
"Opuntia pilifera",-96.450455,16.958143,"Balsas Basin province","Opuntia","Mexico",22.2999992370605,22.6666660308838,3,274,1.06715393066406,10.090087890625
"Opuntia pilifera",-96.449668,16.958433,"Balsas Basin province","Opuntia","Mexico",21.8999996185303,22.3833332061768,2,277,0.080780029296875,10.351318359375
"Opuntia pilifera",-96.450203,16.959003,"Balsas Basin province","Opuntia","Mexico",21.8999996185303,22.3999996185303,2,276,1.70486450195312,11.626953125
"Opuntia pilifera",-96.199528,16.960639,"Pacific Lowlands province","Opuntia","Mexico",18.6999988555908,21.7000007629395,8,328,3.51361083984375,18.584228515625
"Opuntia pilifera",-96.548611,17.009722,"Balsas Basin province","Opuntia","Mexico",22.2000007629395,22.4500007629395,2,262,-0.216842651367188,3.580078125
"Opuntia pilifera",-96.50985,17.013589,"Balsas Basin province","Opuntia","Mexico",22.0999984741211,22.3500003814697,2,269,0.247390747070312,2.9036865234375
"Opuntia pilifera",-96.515554,17.04218,"Balsas Basin province","Opuntia","Mexico",20.1000003814697,20.8666667938232,4,274,1.10516357421875,13.4259033203125
"Opuntia pilifera",-96.866571,17.264514,"Sierra Madre del Sur province","Opuntia","Mexico",22.5999984741211,22.9166660308838,4,256,-0.874404907226562,12.6343994140625
"Opuntia pilifera",-96.574013,17.395069,"Balsas Basin province","Opuntia","Mexico",22.5,23.0499992370605,13,293,9.49790954589844,38.552001953125
"Opuntia pilifera",-97.027639,17.429806,"Sierra Madre del Sur province","Opuntia","Mexico",21.6999988555908,22.3999996185303,5,249,3.08567810058594,6.9949951171875
"Opuntia pilifera",-96.932725,17.455211,"Sierra Madre del Sur province","Opuntia","Mexico",17.7000007629395,17.2000007629395,5,236,-1.914306640625,37.15869140625
"Opuntia pilifera",-96.995007,17.624722,"Sierra Madre del Sur province","Opuntia","Mexico",21.5999984741211,23.283332824707,12,271,0.46588134765625,34.33984375
"Opuntia pilifera",-96.912742,17.635672,"Balsas Basin province","Opuntia","Mexico",23.0000019073486,27.6833343505859,7,197,1.69504547119141,7.0738525390625
"Opuntia pilifera",-96.927778,17.668667,"Balsas Basin province","Opuntia","Mexico",22.8000011444092,28.0666675567627,4,159,-1.23249816894531,6.07305908203125
"Opuntia pilifera",-96.92181,17.717,"Balsas Basin province","Opuntia","Mexico",23.1000022888184,27.7000007629395,6,173,8.30498504638672,20.1143798828125
"Opuntia pilifera",-97.670861,17.724,"Sierra Madre del Sur province","Opuntia","Mexico",22.4000015258789,21.3833332061768,4,238,0.294189453125,20.7037353515625
"Opuntia pilifera",-97.231278,17.732833,"Sierra Madre del Sur province","Opuntia","Mexico",19.2000007629395,15.1499996185303,5,224,-1.7467041015625,35.936767578125
"Opuntia pilifera",-96.968917,17.784639,"Balsas Basin province","Opuntia","Mexico",23.3999977111816,28.3999996185303,5,158,-1.15977478027344,6.80029296875
"Opuntia pilifera",-97.256694,17.791861,"Sierra Madre del Sur province","Opuntia","Mexico",22.2000007629395,18.7666664123535,4,181,-1.8538818359375,14.07470703125
"Opuntia pilifera",-96.9629,17.7953,"Balsas Basin province","Opuntia","Mexico",23.4000015258789,28.2333335876465,5,163,1.10295104980469,1.90362548828125
"Opuntia pilifera",-97.039917,17.796417,"Balsas Basin province","Opuntia","Mexico",22.3999977111816,25.6333332061768,14,289,-0.506057739257812,14.7271728515625
"Opuntia pilifera",-96.998472,17.815611,"Balsas Basin province","Opuntia","Mexico",23.7000007629395,28.7000007629395,4,150,-0.180038452148438,12.9459228515625
"Opuntia pilifera",-97.322412,17.856693,"Sierra Madre del Sur province","Opuntia","Mexico",23.2999992370605,19.6333332061768,5,183,0.431365966796875,17.751953125
"Opuntia pilifera",-97.00788,17.87933,"Balsas Basin province","Opuntia","Mexico",24,28.7666664123535,5,164,-1.25464630126953,6.40283203125
"Opuntia pilifera",-96.97331,17.89072,"Balsas Basin province","Opuntia","Mexico",23.7999992370605,28.1499996185303,7,198,-4.53418731689453,17.5309448242188
"Opuntia pilifera",-97.001166,17.895629,"Balsas Basin province","Opuntia","Mexico",24.0000019073486,28.8666667938232,5,164,-2.53577423095703,23.50341796875
"Opuntia pilifera",-96.967128,17.897884,"Balsas Basin province","Opuntia","Mexico",23.7999992370605,28.1666660308838,7,194,-5.88227081298828,18.0993041992188
"Opuntia pilifera",-96.970278,17.900556,"Balsas Basin province","Opuntia","Mexico",23.7999992370605,28.1499996185303,7,198,-1.91868591308594,25.5689697265625
"Opuntia pilifera",-96.982322,17.911513,"Balsas Basin province","Opuntia","Mexico",23.8999996185303,28.3666667938232,7,192,0.740013122558594,17.0693969726562
"Opuntia pilifera",-97.33864,18.01936,"Sierra Madre del Sur province","Opuntia","Mexico",20.9000015258789,18.3666667938232,4,216,-3.85577392578125,42.0234375
"Opuntia pilifera",-97.338611,18.027778,"Sierra Madre del Sur province","Opuntia","Mexico",20.7000007629395,18.2000007629395,4,217,2.31405639648438,37.90966796875
"Opuntia pilifera",-97.0612,18.03301,"Balsas Basin province","Opuntia","Mexico",24.8999996185303,27.966667175293,9,229,2.13121032714844,8.19500732421875
"Opuntia pilifera",-97.11633,18.04686,"Balsas Basin province","Opuntia","Mexico",24.6999988555908,28.2333335876465,7,199,0.0552902221679688,7.59735107421875
"Opuntia pilifera",-97.176757,18.083277,"Balsas Basin province","Opuntia","Mexico",25.6999988555908,27.2666664123535,5,156,-0.207832336425781,22.7987060546875
"Opuntia pilifera",-97.06494,18.10365,"Balsas Basin province","Opuntia","Mexico",26.3000011444092,27.0499992370605,13,249,0.036224365234375,7.5426025390625
"Opuntia pilifera",-97.64141,18.231846,"Balsas Basin province","Opuntia","Mexico",21.2999992370605,21.3333339691162,4,213,0.763015747070312,7.7674560546875
"Opuntia pubescens",-96.194023,15.76967,"Pacific Lowlands province","Opuntia","No",13.6999988555908,28.1166667938232,5,387,0.368321418762207,5.91078948974609
"Opuntia pubescens",-96.000238,16.000833,"Pacific Lowlands province","Opuntia","No",15.1000022888184,26.5833339691162,2,345,-2.52899169921875,9.21343994140625
"Opuntia pubescens",-96.5523,16.25189,"Sierra Madre del Sur province","Opuntia","No",17.4000015258789,20.8166675567627,8,265,0.436126708984375,9.0255126953125
"Opuntia pubescens",-96.627624,16.290209,"Sierra Madre del Sur province","Opuntia","No",18,20.8999996185303,7,261,-0.154205322265625,16.8543701171875
"Opuntia pubescens",-96.645056,16.290273,"Sierra Madre del Sur province","Opuntia","No",17.6999988555908,20.3833332061768,9,279,2.14311218261719,3.733642578125
"Opuntia pubescens",-96.63984,16.292453,"Sierra Madre del Sur province","Opuntia","No",18,20.8333339691162,8,265,1.52871704101562,36.7645263671875
"Opuntia pubescens",-96.30083,16.30028,"Pacific Lowlands province","Opuntia","No",17.3999996185303,20.9500007629395,6,246,0.331130981445312,37.0977783203125
"Opuntia pubescens",-96.28556,16.30056,"Sierra Madre del Sur province","Opuntia","No",16.8999996185303,20.25,6,288,2.59982299804688,41.072998046875
"Opuntia pubescens",-96.649574,16.300953,"Sierra Madre del Sur province","Opuntia","No",18.2999992370605,20.9166679382324,7,265,-4.21833801269531,15.5780029296875
"Opuntia pubescens",-96.631363,16.30252,"Sierra Madre del Sur province","Opuntia","No",18.2000007629395,21.033332824707,7,263,3.60243225097656,14.21923828125
"Opuntia pubescens",-96.63829,16.319902,"Sierra Madre del Sur province","Opuntia","No",19.0999984741211,21.7666664123535,5,241,-0.124603271484375,11.5411376953125
"Opuntia pubescens",-95.82611,16.32694,"Sierra Madre del Sur province","Opuntia","No",17.2999992370605,24.9166660308838,1,240,-3.11323547363281,30.751708984375
"Opuntia pubescens",-95.834167,16.436111,"Pacific Lowlands province","Opuntia","No",19.5,26.1166667938232,1,203,6.98180389404297,33.3321533203125
"Opuntia pubescens",-95.8833,16.44806,"Pacific Lowlands province","Opuntia","No",19.5,25.75,1,202,2.24233245849609,11.8531494140625
"Opuntia pubescens",-96.04453,16.50478,"Pacific Lowlands province","Opuntia","No",20.1000022888184,25.6166667938232,1,202,0.067047119140625,5.49139404296875
"Opuntia pubescens",-95.6581,16.50813,"Sierra Madre del Sur province","Opuntia","No",17.0999984741211,24.2333335876465,1,216,-0.275558471679688,16.14599609375
"Opuntia pubescens",-96.794074,16.597246,"Balsas Basin province","Opuntia","No",22.4000015258789,23.6000003814697,4,321,-0.201690673828125,5.94921875
"Opuntia pubescens",-96.328462,16.597709,"Sierra Madre del Sur province","Opuntia","No",20.2000007629395,25.2333335876465,2,266,2.4549560546875,10.6051025390625
"Opuntia pubescens",-95.9325,16.625278,"Pacific Lowlands province","Opuntia","No",21.4999980926514,26.5499992370605,1,201,0.566970825195312,8.20294189453125
"Opuntia pubescens",-96.391701,16.64583,"Sierra Madre del Sur province","Opuntia","No",17.1000003814697,20.75,2,212,2.80690002441406,37.0155029296875
"Opuntia pubescens",-96.170295,16.686108,"Pacific Lowlands province","Opuntia","No",20.7999992370605,25.9166660308838,4,253,1.92555999755859,27.963134765625
"Opuntia pubescens",-96.041667,16.791667,"Pacific Lowlands province","Opuntia","No",17.2000007629395,21.1499996185303,6,276,-1.20965576171875,65.796142578125
"Opuntia pubescens",-96.632562,16.803453,"Balsas Basin province","Opuntia","No",21.5999984741211,22.3999996185303,3,280,-0.365859985351562,10.58154296875
"Opuntia pubescens",-96.417278,16.805944,"Balsas Basin province","Opuntia","No",20.9000015258789,21.9166660308838,2,252,-0.290740966796875,6.2747802734375
"Opuntia pubescens",-97.048611,16.810833,"Sierra Madre del Sur province","Opuntia","No",17.8999996185303,18.8666667938232,5,302,4.23442077636719,41.89501953125
"Opuntia pubescens",-96.39036,16.93472,"Sierra Madre del Sur province","Opuntia","No",20.7000007629395,21.783332824707,2,277,-0.290603637695312,4.3624267578125
"Opuntia pubescens",-96.40136,16.94714,"Sierra Madre del Sur province","Opuntia","No",20.5,21.5499992370605,3,272,0.66888427734375,11.7125244140625
"Opuntia pubescens",-96.69611,16.99814,"Balsas Basin province","Opuntia","No",21.2999992370605,21.9500007629395,2,258,2.08676147460938,5.880126953125
"Opuntia pubescens",-96.676,17.033,"Balsas Basin province","Opuntia","No",20.8999996185303,22,2,258,-1.39089965820312,17.9495849609375
"Opuntia pubescens",-96.88568,17.045161,"Sierra Madre del Sur province","Opuntia","No",19.9000015258789,20.6833343505859,3,260,4.07476806640625,30.0511474609375
"Opuntia pubescens",-96.842852,17.046178,"Sierra Madre del Sur province","Opuntia","No",22.5,22.4833335876465,2,262,3.59016418457031,9.7813720703125
"Opuntia pubescens",-96.730195,17.073558,"Balsas Basin province","Opuntia","No",22.1999988555908,23.216667175293,3,245,1.56694030761719,31.712646484375
"Opuntia pubescens",-96.734787,17.080286,"Balsas Basin province","Opuntia","No",22.2000007629395,23.1166667938232,3,246,3.07034301757812,41.4134521484375
"Opuntia pubescens",-96.735011,17.083334,"Balsas Basin province","Opuntia","No",22.0999984741211,22.966667175293,3,248,1.36466979980469,41.120361328125
"Opuntia pubescens",-96.726639,17.090772,"Balsas Basin province","Opuntia","No",21.9000015258789,22.9166660308838,3,248,-1.59602355957031,22.657470703125
"Opuntia pubescens",-96.604244,17.102831,"Sierra Madre del Sur province","Opuntia","No",19.1999988555908,20.033332824707,4,266,1.47567749023438,46.736328125
"Opuntia pubescens",-96.497475,17.316837,"Balsas Basin province","Opuntia","No",20.8999996185303,21.0166664123535,20,361,-0.876724243164062,17.3363037109375
"Opuntia pubescens",-97.147581,17.330191,"Sierra Madre del Sur province","Opuntia","No",20.2000007629395,18.5,3,247,2.75323486328125,18.990966796875
"Opuntia pubescens",-96.99592,17.50014,"Sierra Madre del Sur province","Opuntia","No",17.9000015258789,17.2666664123535,4,217,-1.72698974609375,26.799560546875
"Opuntia pubescens",-97.208333,17.591667,"Sierra Madre del Sur province","Opuntia","No",19.4000015258789,15.7666664123535,4,209,-1.45834350585938,7.510986328125
"Opuntia pubescens",-97.200333,17.601778,"Sierra Madre del Sur province","Opuntia","No",19.4000015258789,15.6166667938232,4,214,0.01519775390625,14.505615234375
"Opuntia pubescens",-97.67181,17.61619,"Sierra Madre del Sur province","Opuntia","No",23.0999984741211,22.6499996185303,5,234,1.01663208007812,16.994384765625
"Opuntia pubescens",-97.609833,17.691111,"Sierra Madre del Sur province","Opuntia","No",22.8999996185303,20.8833332061768,4,229,0.437149047851562,38.1259765625
"Opuntia pubescens",-96.94047,17.70969,"Balsas Basin province","Opuntia","No",23.0999984741211,28.1499996185303,4,162,-5.3489990234375,10.2938232421875
"Opuntia pubescens",-97.747729,17.784218,"Balsas Basin province","Opuntia","No",23.3999977111816,23.3666667938232,4,226,-0.0075225830078125,19.6387939453125
"Opuntia pubescens",-96.944055,17.789984,"Balsas Basin province","Opuntia","No",23.5,27.6499996185303,10,210,4.27482604980469,29.3818969726562
"Opuntia pubescens",-97.148528,17.82575,"Sierra Madre del Sur province","Opuntia","No",21.2999992370605,20.8500003814697,5,186,0.886947631835938,25.2293701171875
"Opuntia pubescens",-97.1525,17.826111,"Sierra Madre del Sur province","Opuntia","No",22.1000003814697,21.7666664123535,6,198,-4.60749816894531,26.2750244140625
"Opuntia pubescens",-97.951928,17.861236,"Balsas Basin province","Opuntia","No",21.7000007629395,23,5,248,1.10964965820312,10.376953125
"Opuntia pubescens",-97.104028,17.864,"Balsas Basin province","Opuntia","No",22.3000011444092,23.3833332061768,11,255,1.35171508789062,21.9110107421875
"Opuntia pubescens",-96.90675,17.86425,"Sierra Madre del Sur province","Opuntia","No",20.7000007629395,22.1333332061768,14,344,-1.60494995117188,26.5458984375
"Opuntia pubescens",-97.71667,17.86667,"Balsas Basin province","Opuntia","No",22.8999996185303,22.6499996185303,4,224,-0.586990356445312,23.3734130859375
"Opuntia pubescens",-97.4255,17.928642,"Sierra Madre del Sur province","Opuntia","No",22.2000007629395,18.3500003814697,6,228,0.937164306640625,2.845947265625
"Opuntia pubescens",-97.274444,17.943611,"Sierra Madre del Sur province","Opuntia","No",21.7000007629395,20.966667175293,4,172,-0.4305419921875,73.284912109375
"Opuntia pubescens",-97.068832,17.955561,"Balsas Basin province","Opuntia","No",25.2000007629395,27.3166675567627,12,247,-0.63134765625,12.2100830078125
"Opuntia pubescens",-97.033535,18.079046,"Balsas Basin province","Opuntia","No",24.5999984741211,26.7666664123535,18,319,5.95150756835938,38.540771484375
"Opuntia pubescens",-97.74167,18.17833,"Balsas Basin province","Opuntia","No",21.7000007629395,24.033332824707,5,145,1.22380065917969,27.0914306640625
"Opuntia tehuacana",-96.913244,17.876753,"Sierra Madre del Sur province","Opuntia","Mexico",24.1000003814697,25.8333339691162,26,386,1.17393493652344,71.4407958984375
"Opuntia tehuacana",-96.980588,17.890013,"Balsas Basin province","Opuntia","Mexico",23.9000015258789,28.4000015258789,6,183,-4.07747650146484,30.781494140625
"Opuntia tehuacana",-97.004128,18.053581,"Sierra Madre del Sur province","Opuntia","Mexico",19.6000003814697,20.7999992370605,11,304,4.17497253417969,64.4654541015625
"Opuntia tehuacana",-97.033616,18.079172,"Balsas Basin province","Opuntia","Mexico",24.5999984741211,26.7666664123535,18,319,3.61186218261719,59.672607421875
"Opuntia tehuacana",-97.2705,17.750167,"Sierra Madre del Sur province","Opuntia","Mexico",22.4000015258789,18.5666675567627,4,184,-0.996856689453125,9.089111328125
"Opuntia tehuacana",-97.15236,17.83186,"Sierra Madre del Sur province","Opuntia","Mexico",22.1000003814697,21.7666664123535,6,198,-2.19697570800781,29.009765625
"Opuntia tehuacana",-96.966699,17.897802,"Balsas Basin province","Opuntia","Mexico",23.7999992370605,28.1666660308838,7,194,-0.787574768066406,42.548095703125
"Opuntia tehuacana",-96.982512,17.911027,"Balsas Basin province","Opuntia","Mexico",23.8999996185303,28.3666667938232,7,192,2.7269287109375,31.0012817382812
"Opuntia tehuacana",-97.003528,17.956306,"Balsas Basin province","Opuntia","Mexico",24.1000003814697,28.4333324432373,8,207,-0.269401550292969,3.7557373046875
"Opuntia tehuacana",-96.964989,18.077326,"Sierra Madre del Sur province","Opuntia","Mexico",17.6000003814697,17.4500007629395,12,290,-1.15579223632812,41.857177734375
"Opuntia tehuacana",-97.0503,18.0839,"Balsas Basin province","Opuntia","Mexico",26.1000003814697,26.9333324432373,14,259,2.40425109863281,26.9910888671875
"Opuntia tomentosa",-96.579751,15.670217,"Pacific Lowlands province","Opuntia","No",15.2999992370605,27.1333332061768,4,389,0.29706597328186,3.35531568527222
"Opuntia tomentosa",-96.651102,16.286667,"Sierra Madre del Sur province","Opuntia","No",17.8999996185303,20.4500007629395,9,274,1.15155029296875,40.8458251953125
"Opuntia tomentosa",-96.631014,16.289185,"Sierra Madre del Sur province","Opuntia","No",18,20.8999996185303,7,261,-1.90457153320312,45.309326171875
"Opuntia tomentosa",-96.66063,16.290869,"Sierra Madre del Sur province","Opuntia","No",17.8999996185303,20.3333320617676,9,280,0.4676513671875,7.075927734375
"Opuntia tomentosa",-96.661344,16.848586,"Balsas Basin province","Opuntia","No",23.1999988555908,22.9500007629395,2,277,-0.16485595703125,3.326904296875
"Opuntia tomentosa",-96.276192,16.863549,"Sierra Madre del Sur province","Opuntia","No",19.7000007629395,22.1000003814697,3,276,-0.568008422851562,46.8099365234375
"Opuntia tomentosa",-96.381698,16.903036,"Balsas Basin province","Opuntia","No",20.4000015258789,21.6166667938232,2,268,1.26602172851562,17.4697265625
"Opuntia tomentosa",-96.671157,17.032405,"Balsas Basin province","Opuntia","No",20.3999996185303,21.533332824707,2,257,-1.53108215332031,26.0867919921875
"Opuntia tomentosa",-96.767997,17.041183,"Balsas Basin province","Opuntia","No",21.8999996185303,22.466667175293,3,257,2.60090637207031,12.838623046875
"Opuntia tomentosa",-96.768111,17.043803,"Balsas Basin province","Opuntia","No",21.2000007629395,22,3,257,-0.822250366210938,1.575927734375
"Opuntia tomentosa",-96.763833,17.055431,"Balsas Basin province","Opuntia","No",21.6999988555908,22.4833335876465,3,256,3.59742736816406,14.232177734375
"Opuntia tomentosa",-96.730671,17.074015,"Balsas Basin province","Opuntia","No",22.1999988555908,23.216667175293,3,245,-3.2130126953125,26.0643310546875
"Opuntia tomentosa",-96.5945,17.075528,"Sierra Madre del Sur province","Opuntia","No",20.3999996185303,21.1666660308838,4,263,-1.41900634765625,21.0791015625
"Opuntia tomentosa",-96.780152,17.079307,"Balsas Basin province","Opuntia","No",22.1000003814697,22.5833339691162,3,255,1.32763671875,23.468017578125
"Opuntia tomentosa",-96.824692,17.10318,"Balsas Basin province","Opuntia","No",22.8999977111816,23.033332824707,3,254,2.22705078125,13.07275390625
"Opuntia tomentosa",-96.898915,17.160118,"Balsas Basin province","Opuntia","No",22.5,22.7999992370605,3,258,-1.76620483398438,8.2203369140625
"Opuntia tomentosa",-97.18363,17.20273,"Sierra Madre del Sur province","Opuntia","No",20.9000015258789,20.783332824707,4,269,-5.44615173339844,24.5675048828125
"Opuntia tomentosa",-97.458333,17.241667,"Sierra Madre del Sur province","Opuntia","No",21.2000007629395,20.966667175293,4,283,-4.38299560546875,19.786376953125
"Opuntia tomentosa",-97.689747,17.245814,"Sierra Madre del Sur province","Opuntia","No",21.0999984741211,19.6833324432373,6,290,0.05120849609375,0.9781494140625
"Opuntia tomentosa",-97.2522,17.3062,"Sierra Madre del Sur province","Opuntia","No",21.2000007629395,19.716667175293,3,256,-0.168716430664062,8.4283447265625
"Opuntia tomentosa",-96.516899,17.308361,"Balsas Basin province","Opuntia","No",22.3000011444092,22.3999996185303,12,295,-0.9493408203125,53.1158447265625
"Opuntia tomentosa",-97.86667,17.31667,"Sierra Madre del Sur province","Opuntia","No",20.7999992370605,19.4500007629395,7,302,-0.286590576171875,20.325927734375
"Opuntia tomentosa",-97.6661,17.35822,"Sierra Madre del Sur province","Opuntia","No",21.2999992370605,19.5499992370605,4,269,0.949142456054688,14.0220947265625
"Opuntia tomentosa",-97.133195,17.402947,"Sierra Madre del Sur province","Opuntia","No",20.8999996185303,19.466667175293,3,230,-4.27146911621094,30.567626953125
"Opuntia tomentosa",-97.47067,17.50083,"Sierra Madre del Sur province","Opuntia","No",21.5,17.466667175293,5,250,-0.262298583984375,27.564697265625
"Opuntia tomentosa",-97.05168,17.54156,"Sierra Madre del Sur province","Opuntia","No",18.1000003814697,17.7000007629395,2,197,-1.26251220703125,33.477294921875
"Opuntia tomentosa",-97.31977,17.543511,"Sierra Madre del Sur province","Opuntia","No",21.5999984741211,17.3999996185303,3,221,0.05206298828125,16.447021484375
"Opuntia tomentosa",-97.096666,17.551916,"Sierra Madre del Sur province","Opuntia","No",20.5,19.0833339691162,4,198,-5.3411865234375,28.679443359375
"Opuntia tomentosa",-97.426055,17.552228,"Sierra Madre del Sur province","Opuntia","No",21.3999996185303,16.7666664123535,5,244,0.238555908203125,11.1376953125
"Opuntia tomentosa",-97.202004,17.555399,"Sierra Madre del Sur province","Opuntia","No",20.2999992370605,16.8333339691162,2,195,-0.1455078125,4.093017578125
"Opuntia tomentosa",-97.42417,17.57278,"Sierra Madre del Sur province","Opuntia","No",21.2999992370605,16.7999992370605,5,241,0.192779541015625,10.019775390625
"Opuntia tomentosa",-96.949836,17.585481,"Balsas Basin province","Opuntia","No",22.2000007629395,24.6499996185303,13,285,-1.80473327636719,26.7994384765625
"Opuntia tomentosa",-98.025209,17.602446,"Balsas Basin province","Opuntia","No",22.2000007629395,24.3333339691162,3,255,-5.41845703125,79.8946533203125
"Opuntia tomentosa",-97.146432,17.644113,"Sierra Madre del Sur province","Opuntia","No",21.2000007629395,18.5166664123535,4,173,-4.73397827148438,12.005615234375
"Opuntia tomentosa",-97.096132,17.648277,"Sierra Madre del Sur province","Opuntia","No",20.5,18.75,3,173,-6.608642578125,40.865478515625
"Opuntia tomentosa",-97.13432,17.653792,"Sierra Madre del Sur province","Opuntia","No",21.3999996185303,18.8666667938232,5,178,-4.4334716796875,34.6611328125
"Opuntia tomentosa",-97.133842,17.659248,"Sierra Madre del Sur province","Opuntia","No",20.6000003814697,17.216667175293,3,161,1.16189575195312,29.0380859375
"Opuntia tomentosa",-97.263808,17.667577,"Sierra Madre del Sur province","Opuntia","No",19.1999988555908,14.8833332061768,5,241,-0.53411865234375,9.201904296875
"Opuntia tomentosa",-97.61717,17.686,"Sierra Madre del Sur province","Opuntia","No",22.7999992370605,21.0166664123535,4,230,1.10603332519531,12.813232421875
"Opuntia tomentosa",-97.418194,17.690472,"Sierra Madre del Sur province","Opuntia","No",21.3999996185303,16.9333324432373,5,233,-0.271575927734375,39.1240234375
"Opuntia tomentosa",-97.544498,17.696553,"Sierra Madre del Sur province","Opuntia","No",23.5,19.8833332061768,4,233,-0.033172607421875,4.62939453125
"Opuntia tomentosa",-97.031417,17.703861,"Balsas Basin province","Opuntia","No",23.2000007629395,25.716667175293,13,276,-2.42987060546875,20.8739013671875
"Opuntia tomentosa",-97.067328,17.712499,"Sierra Madre del Sur province","Opuntia","No",22.3999996185303,22.9166679382324,12,254,0.598342895507812,7.77294921875
"Opuntia tomentosa",-96.951389,17.758889,"Balsas Basin province","Opuntia","No",23.2000007629395,28.25,5,163,-0.411911010742188,20.236572265625
"Opuntia tomentosa",-97.340501,17.82242,"Sierra Madre del Sur province","Opuntia","No",22.9000015258789,18.6833343505859,5,200,1.31085205078125,11.3818359375
"Opuntia tomentosa",-97.491667,17.825,"Sierra Madre del Sur province","Opuntia","No",21.5999984741211,17.533332824707,6,238,0.51678466796875,21.105712890625
"Opuntia tomentosa",-96.896667,17.849167,"Sierra Madre del Sur province","Opuntia","No",18.5999984741211,19.3333339691162,9,232,1.12841796875,42.305908203125
"Opuntia tomentosa",-97.50985,17.860947,"Sierra Madre del Sur province","Opuntia","No",20.2999992370605,16.1166667938232,8,244,0.637451171875,18.7890625
"Opuntia tomentosa",-97.17174,17.903568,"Sierra Madre del Sur province","Opuntia","No",21.5,21,5,190,1.51666259765625,28.9774169921875
"Opuntia tomentosa",-96.9334,17.91689,"Sierra Madre del Sur province","Opuntia","No",23.6000003814697,26.3999996185303,25,383,-0.555099487304688,20.135986328125
"Opuntia tomentosa",-96.91753,17.92397,"Sierra Madre del Sur province","Opuntia","No",24.5,26.533332824707,29,386,-1.79484558105469,34.6370849609375
"Opuntia tomentosa",-97.01328,17.94294,"Balsas Basin province","Opuntia","No",24.1999988555908,28.6666660308838,7,191,2.01428985595703,19.510498046875
"Opuntia tomentosa",-97.05785,18.02309,"Balsas Basin province","Opuntia","No",24.7000007629395,28,9,228,2.87676239013672,26.8917846679688
"Opuntia velutina",-96.328056,16.606111,"Sierra Madre del Sur province","Opuntia","Mexico",20.2999992370605,25.2000007629395,2,266,-1.20329284667969,44.394775390625
"Opuntia velutina",-96.913789,17.635992,"Balsas Basin province","Opuntia","Mexico",23.0000019073486,27.6833343505859,7,197,-0.27679443359375,14.8706665039062
"Opuntia velutina",-98.041136,17.639965,"Balsas Basin province","Opuntia","Mexico",22.6999988555908,25.2666664123535,4,260,0.052276611328125,25.8468017578125
"Opuntia velutina",-96.921353,17.648823,"Balsas Basin province","Opuntia","Mexico",22.8999996185303,27.8166656494141,5,175,0.0503005981445312,9.62255859375
"Opuntia velutina",-97.943028,17.677,"Sierra Madre del Sur province","Opuntia","Mexico",22.4999980926514,24.033332824707,3,246,0.938491821289062,7.1619873046875
"Opuntia velutina",-96.933575,17.683561,"Balsas Basin province","Opuntia","Mexico",23,28.0166664123535,5,169,-0.297828674316406,0.9033203125
"Opuntia velutina",-96.95067,17.713,"Balsas Basin province","Opuntia","Mexico",23.5999984741211,27.8666667938232,9,224,1.11825561523438,18.16552734375
"Opuntia velutina",-97.740415,17.74826,"Balsas Basin province","Opuntia","Mexico",23.1999988555908,23.0166664123535,3,234,0.0507659912109375,6.755126953125
"Opuntia velutina",-97.028611,17.805556,"Balsas Basin province","Opuntia","Mexico",24.2000007629395,27.216667175293,14,270,-0.196014404296875,14.5174560546875
"Opuntia velutina",-96.816111,17.834722,"Sierra Madre del Sur province","Opuntia","Mexico",15.2999992370605,12.4499998092651,12,299,-0.31298828125,36.08935546875
"Opuntia velutina",-96.93417,17.91889,"Sierra Madre del Sur province","Opuntia","Mexico",23.6000003814697,26.3999996185303,25,383,-0.611236572265625,21.592041015625
"Opuntia velutina",-98.044784,17.94723,"Balsas Basin province","Opuntia","Mexico",22.3999996185303,24.9333324432373,5,206,-2.31330871582031,33.392822265625
"Opuntia velutina",-97.06136,18.03237,"Balsas Basin province","Opuntia","Mexico",24.8999996185303,27.966667175293,9,229,1.92015075683594,9.3800048828125
"Opuntia velutina",-97.653861,18.211111,"Balsas Basin province","Opuntia","Mexico",20.8999996185303,20.9500007629395,4,226,-0.697601318359375,24.459716796875
"Pachycereus pecten-aboriginum",-96.502525,15.66834,"Pacific Lowlands province","Pachycereus","Mexico",14.6999988555908,27.0166664123535,5,413,2.02001619338989,7.50746154785156
"Pachycereus pecten-aboriginum",-96.570407,15.672793,"Pacific Lowlands province","Pachycereus","Mexico",15.3999996185303,27.0499992370605,4,398,-0.506233930587769,19.5882663726807
"Pachycereus pecten-aboriginum",-96.196611,15.708582,"Pacific Lowlands province","Pachycereus","Mexico",13.5,28.1166667938232,4,364,1.16017436981201,26.41379737854
"Pachycereus pecten-aboriginum",-96.346959,15.709155,"Pacific Lowlands province","Pachycereus","Mexico",14.2000007629395,27.783332824707,5,342,-1.95852088928223,9.41324615478516
"Pachycereus pecten-aboriginum",-96.257446,15.71622,"Pacific Lowlands province","Pachycereus","Mexico",13.6000022888184,28.0166664123535,5,349,-0.0325121879577637,14.1636276245117
"Pachycereus pecten-aboriginum",-96.578138,15.716978,"Pacific Lowlands province","Pachycereus","Mexico",16.2999992370605,27.1833343505859,5,394,-0.715408325195312,5.33071136474609
"Pachycereus pecten-aboriginum",-96.557226,15.71822,"Pacific Lowlands province","Pachycereus","Mexico",16.5,27.1500015258789,5,401,3.64055633544922,8.54843902587891
"Pachycereus pecten-aboriginum",-96.162088,15.719079,"Pacific Lowlands province","Pachycereus","Mexico",13.5,28.1666660308838,4,359,-2.36580538749695,26.3474922180176
"Pachycereus pecten-aboriginum",-96.167488,15.722548,"Pacific Lowlands province","Pachycereus","Mexico",13.4000015258789,28.0833339691162,4,370,4.30196619033813,21.8019027709961
"Pachycereus pecten-aboriginum",-96.15682,15.725103,"Pacific Lowlands province","Pachycereus","Mexico",13.4000015258789,28.0833339691162,4,370,0.113048672676086,42.8110084533691
"Pachycereus pecten-aboriginum",-96.203227,15.725648,"Pacific Lowlands province","Pachycereus","Mexico",13.5,28.1000003814697,5,370,2.06207180023193,15.7775115966797
"Pachycereus pecten-aboriginum",-96.160447,15.726693,"Pacific Lowlands province","Pachycereus","Mexico",13.5,28.1333332061768,4,362,-0.157232880592346,0.730544567108154
"Pachycereus pecten-aboriginum",-96.179161,15.729148,"Pacific Lowlands province","Pachycereus","Mexico",13.3000011444092,28.0666675567627,4,379,-0.154276847839355,12.495059967041
"Pachycereus pecten-aboriginum",-96.185131,15.729554,"Pacific Lowlands province","Pachycereus","Mexico",13.3000011444092,28.0500011444092,5,383,4.61465644836426,10.0959930419922
"Pachycereus pecten-aboriginum",-96.158438,15.733358,"Pacific Lowlands province","Pachycereus","Mexico",13.4000015258789,28.0666675567627,4,373,-1.69965064525604,12.7764072418213
"Pachycereus pecten-aboriginum",-96.168789,15.736595,"Pacific Lowlands province","Pachycereus","Mexico",13.5,28.1000003814697,4,367,-0.701083719730377,13.7428073883057
"Pachycereus pecten-aboriginum",-96.202273,15.737717,"Pacific Lowlands province","Pachycereus","Mexico",13.5,28.0833339691162,5,375,-2.86092233657837,13.3587760925293
"Pachycereus pecten-aboriginum",-96.126837,15.74324,"Pacific Lowlands province","Pachycereus","Mexico",13.3999996185303,28.1833324432373,4,370,1.10317206382751,34.033031463623
"Pachycereus pecten-aboriginum",-96.202065,15.747,"Pacific Lowlands province","Pachycereus","Mexico",13.5,28.0833339691162,5,381,-0.188098907470703,11.4009094238281
"Pachycereus pecten-aboriginum",-96.169872,15.750636,"Pacific Lowlands province","Pachycereus","Mexico",13.5999984741211,28.1499996185303,4,372,-1.8784818649292,6.01072883605957
"Pachycereus pecten-aboriginum",-96.125114,15.751638,"Pacific Lowlands province","Pachycereus","Mexico",13.4999980926514,28.2333335876465,4,368,4.39617872238159,23.8392333984375
"Pachycereus pecten-aboriginum",-96.20385,15.752246,"Pacific Lowlands province","Pachycereus","Mexico",13.5,28.1000003814697,5,382,0.966953277587891,8.88344573974609
"Pachycereus pecten-aboriginum",-96.188187,15.753582,"Pacific Lowlands province","Pachycereus","Mexico",13.5,28.1000003814697,4,378,-4.54460287094116,10.6104736328125
"Pachycereus pecten-aboriginum",-96.147858,15.753911,"Pacific Lowlands province","Pachycereus","Mexico",13.3000011444092,28.0666675567627,4,381,-1.69516229629517,8.8367805480957
"Pachycereus pecten-aboriginum",-96.153557,15.75541,"Pacific Lowlands province","Pachycereus","Mexico",13.3999996185303,28.1000003814697,4,380,-1.86366271972656,10.1471786499023
"Pachycereus pecten-aboriginum",-96.165779,15.755838,"Pacific Lowlands province","Pachycereus","Mexico",13.5,28.1166667938232,4,374,0.143393278121948,4.94368934631348
"Pachycereus pecten-aboriginum",-96.133332,15.758595,"Pacific Lowlands province","Pachycereus","Mexico",13.6000003814697,28.2666664123535,4,368,-4.80452632904053,20.4037475585938
"Pachycereus pecten-aboriginum",-96.186264,15.76199,"Pacific Lowlands province","Pachycereus","Mexico",13.6999988555908,28.1333332061768,4,382,0.983242988586426,7.02607727050781
"Pachycereus pecten-aboriginum",-96.192877,15.763882,"Pacific Lowlands province","Pachycereus","Mexico",13.6999988555908,28.1333332061768,5,382,-1.21313762664795,8.66670227050781
"Pachycereus pecten-aboriginum",-96.158944,15.766373,"Pacific Lowlands province","Pachycereus","Mexico",13.5999984741211,28.1666660308838,4,375,2.37012672424316,18.886604309082
"Pachycereus pecten-aboriginum",-96.13561,15.76683,"Pacific Lowlands province","Pachycereus","Mexico",13.6999988555908,28.283332824707,4,371,-0.918693065643311,8.17105102539062
"Pachycereus pecten-aboriginum",-96.19151,15.767306,"Pacific Lowlands province","Pachycereus","Mexico",13.6999988555908,28.1166667938232,4,388,-1.93261623382568,9.17037963867188
"Pachycereus pecten-aboriginum",-96.191895,15.767425,"Pacific Lowlands province","Pachycereus","Mexico",13.6999988555908,28.1166667938232,5,387,-0.908679962158203,7.82387542724609
"Pachycereus pecten-aboriginum",-96.200002,15.769214,"Pacific Lowlands province","Pachycereus","Mexico",13.6999988555908,28.0999984741211,5,388,-1.22067928314209,8.55613708496094
"Pachycereus pecten-aboriginum",-96.320169,15.77041,"Pacific Lowlands province","Pachycereus","Mexico",14.3999996185303,27.9166660308838,6,367,-0.932290077209473,15.7377700805664
"Pachycereus pecten-aboriginum",-96.122278,15.770826,"Pacific Lowlands province","Pachycereus","Mexico",13.5999984741211,28.3166656494141,4,371,1.50309586524963,16.199728012085
"Pachycereus pecten-aboriginum",-96.247818,15.771052,"Pacific Lowlands province","Pachycereus","Mexico",13.8999996185303,28.1833343505859,5,383,-0.481847763061523,5.73598480224609
"Pachycereus pecten-aboriginum",-96.207497,15.77539,"Pacific Lowlands province","Pachycereus","Mexico",13.9000015258789,28.1499996185303,5,390,-1.03366661071777,3.92745208740234
"Pachycereus pecten-aboriginum",-96.175278,15.777328,"Pacific Lowlands province","Pachycereus","Mexico",13.8000011444092,28.1666660308838,4,386,-0.581044673919678,11.1819915771484
"Pachycereus pecten-aboriginum",-96.156509,15.778245,"Pacific Lowlands province","Pachycereus","Mexico",13.7999992370605,28.25,4,384,-0.838986396789551,4.80890655517578
"Pachycereus pecten-aboriginum",-96.174484,15.778628,"Pacific Lowlands province","Pachycereus","Mexico",13.7000007629395,28.1666660308838,4,387,-1.70003414154053,7.67979431152344
"Pachycereus pecten-aboriginum",-96.185287,15.778744,"Pacific Lowlands province","Pachycereus","Mexico",13.6999988555908,28.0999984741211,4,395,-1.15023040771484,15.4385147094727
"Pachycereus pecten-aboriginum",-96.199261,15.779328,"Pacific Lowlands province","Pachycereus","Mexico",13.6999988555908,28.0999984741211,4,393,0.327544212341309,2.9429931640625
"Pachycereus pecten-aboriginum",-96.211205,15.779988,"Pacific Lowlands province","Pachycereus","Mexico",13.9000015258789,28.1499996185303,5,387,2.25858116149902,6.15760803222656
"Pachycereus pecten-aboriginum",-96.268572,15.780217,"Pacific Lowlands province","Pachycereus","Mexico",14.0999984741211,28.0833339691162,6,387,3.67299652099609,10.7419738769531
"Pachycereus pecten-aboriginum",-96.071732,15.78056,"Pacific Lowlands province","Pachycereus","Mexico",13.6000003814697,28.2666664123535,3,368,-1.71008515357971,7.96062994003296
"Pachycereus pecten-aboriginum",-96.202105,15.783721,"Pacific Lowlands province","Pachycereus","Mexico",13.9000015258789,28.1333332061768,5,393,0.248475074768066,0.660552978515625
"Pachycereus pecten-aboriginum",-96.058418,15.785157,"Pacific Lowlands province","Pachycereus","Mexico",13.4999980926514,28.1666660308838,3,376,1.36978960037231,8.85592651367188
"Pachycereus pecten-aboriginum",-96.058159,15.785388,"Pacific Lowlands province","Pachycereus","Mexico",13.7000007629395,28.216667175293,3,369,0.995679140090942,16.779088973999
"Pachycereus pecten-aboriginum",-96.143387,15.786319,"Pacific Lowlands province","Pachycereus","Mexico",13.8000011444092,28.2999992370605,4,385,3.97925662994385,7.51726913452148
"Pachycereus pecten-aboriginum",-96.223432,15.786997,"Pacific Lowlands province","Pachycereus","Mexico",14,28.1333332061768,5,394,-0.524585723876953,4.81187438964844
"Pachycereus pecten-aboriginum",-96.22111,15.793119,"Pacific Lowlands province","Pachycereus","Mexico",14.0999984741211,28.0666656494141,5,400,0.788795471191406,13.5840301513672
"Pachycereus pecten-aboriginum",-96.115318,15.793687,"Pacific Lowlands province","Pachycereus","Mexico",13.5999984741211,28.3166656494141,3,376,-0.571793079376221,13.2121715545654
"Pachycereus pecten-aboriginum",-96.073735,15.809822,"Pacific Lowlands province","Pachycereus","Mexico",13.6000003814697,28.1666660308838,4,384,-0.184345245361328,27.8600387573242
"Pachycereus pecten-aboriginum",-96.076478,15.811008,"Pacific Lowlands province","Pachycereus","Mexico",13.6000003814697,28.1166667938232,4,393,0.182584762573242,12.9762420654297
"Pachycereus pecten-aboriginum",-96.194362,15.819713,"Pacific Lowlands province","Pachycereus","Mexico",14.2000007629395,27.8500003814697,4,415,-3.46144866943359,11.8444213867188
"Pachycereus pecten-aboriginum",-95.972861,15.844667,"Pacific Lowlands province","Pachycereus","Mexico",13.9000015258789,28.25,4,357,0.914478063583374,12.7767696380615
"Pachycereus pecten-aboriginum",-96.405567,15.85271,"Sierra Madre del Sur province","Pachycereus","Mexico",14.1000003814697,24.8833332061768,7,456,2.46401977539062,26.324462890625
"Pachycereus pecten-aboriginum",-97.05587,15.853563,"Pacific Lowlands province","Pachycereus","Mexico",12.7999992370605,27.5,2,356,0.440004110336304,9.28247833251953
"Pachycereus pecten-aboriginum",-95.91306,15.86722,"Pacific Lowlands province","Pachycereus","Mexico",14.2000007629395,28.1333332061768,3,357,2.17939186096191,10.7402572631836
"Pachycereus pecten-aboriginum",-96.938699,15.901448,"Pacific Lowlands province","Pachycereus","Mexico",14.9999980926514,26.8999996185303,3,226,-6.66353797912598,24.8699378967285
"Pachycereus pecten-aboriginum",-95.840709,15.913746,"Pacific Lowlands province","Pachycereus","Mexico",14.8000011444092,28.6499996185303,2,334,-0.0205469131469727,8.18055725097656
"Pachycereus pecten-aboriginum",-97.076584,15.916581,"Pacific Lowlands province","Pachycereus","Mexico",14.1000003814697,27.2000007629395,3,331,-3.07819557189941,20.9479827880859
"Pachycereus pecten-aboriginum",-95.583746,15.946931,"Pacific Lowlands province","Pachycereus","Mexico",14.6000022888184,28.7000007629395,1,300,-1.24723935127258,4.83259677886963
"Pachycereus pecten-aboriginum",-95.581242,15.950258,"Pacific Lowlands province","Pachycereus","Mexico",14.5,28.6333332061768,1,299,-1.37242949008942,9.00411319732666
"Pachycereus pecten-aboriginum",-95.6560087,15.9595434,"Pacific Lowlands province","Pachycereus","Mexico",14.7999992370605,28.7000007629395,2,301,-1.43606853485107,31.5047569274902
"Pachycereus pecten-aboriginum",-97.661094,15.978292,"Pacific Lowlands province","Pachycereus","Mexico",14.1000003814697,27.8833332061768,2,457,0.0512515306472778,1.06382846832275
"Pachycereus pecten-aboriginum",-95.664444,15.992778,"Pacific Lowlands province","Pachycereus","Mexico",14.7999992370605,28.2999992370605,1,293,-5.85067081451416,28.3683471679688
"Pachycereus pecten-aboriginum",-95.442108,16.006145,"Pacific Lowlands province","Pachycereus","Mexico",15.1000003814697,28.75,1,280,1.31600427627563,11.9979839324951
"Pachycereus pecten-aboriginum",-95.370308,16.024567,"Pacific Lowlands province","Pachycereus","Mexico",15.2999992370605,28.8833332061768,1,282,1.84446239471436,27.815559387207
"Pachycereus pecten-aboriginum",-95.379532,16.028295,"Pacific Lowlands province","Pachycereus","Mexico",15.1999988555908,28.75,1,277,3.17194271087646,23.3112373352051
"Pachycereus pecten-aboriginum",-95.414863,16.035256,"Pacific Lowlands province","Pachycereus","Mexico",15.2999992370605,28.5833320617676,1,270,-2.49365425109863,17.2767333984375
"Pachycereus pecten-aboriginum",-95.377075,16.0358,"Pacific Lowlands province","Pachycereus","Mexico",15.2999992370605,28.8666667938232,1,278,-2.79059338569641,25.0605163574219
"Pachycereus pecten-aboriginum",-95.295053,16.189463,"Pacific Lowlands province","Pachycereus","Mexico",15.5999984741211,28.75,1,261,2.62932014465332,18.1245346069336
"Pachycereus pecten-aboriginum",-94.084431,16.235186,"Pacific Lowlands province","Pachycereus","Mexico",16.8999977111816,29.4333343505859,1,456,0.531746745109558,2.4070291519165
"Pachycereus pecten-aboriginum",-95.229164,16.328558,"Pacific Lowlands province","Pachycereus","Mexico",16.8999977111816,29.5,3,261,3.23715782165527,21.1909713745117
"Pachycereus pecten-aboriginum",-95.299722,16.330505,"Pacific Lowlands province","Pachycereus","Mexico",16.7999992370605,29.25,2,248,0.258236885070801,6.24627685546875
"Pachycereus pecten-aboriginum",-95.016804,16.334043,"Pacific Lowlands province","Pachycereus","Mexico",15.1000022888184,28.8500003814697,2,287,-0.045297846198082,2.14207339286804
"Pachycereus pecten-aboriginum",-95.278056,16.335556,"Pacific Lowlands province","Pachycereus","Mexico",16.8999996185303,29.466667175293,4,255,-0.128086566925049,0.663825988769531
"Pachycereus pecten-aboriginum",-95.016609,16.335922,"Pacific Lowlands province","Pachycereus","Mexico",15,28.783332824707,2,287,-0.387213736772537,1.51239991188049
"Pachycereus pecten-aboriginum",-94.959728,16.366001,"Pacific Lowlands province","Pachycereus","Mexico",14.9999980926514,28.75,2,288,-0.497103989124298,1.49775576591492
"Pachycereus pecten-aboriginum",-95.019694,16.374753,"Pacific Lowlands province","Pachycereus","Mexico",15.5000019073486,29.0499992370605,2,291,-0.074144721031189,0.237147331237793
"Pachycereus pecten-aboriginum",-95.307818,16.381955,"Pacific Lowlands province","Pachycereus","Mexico",16.7000007629395,29.0666675567627,1,248,4.5978946685791,35.6277313232422
"Pachycereus pecten-aboriginum",-95.388275,16.392764,"Pacific Lowlands province","Pachycereus","Mexico",16.5,28.2666664123535,0,203,-2.30018997192383,20.9112396240234
"Pachycereus pecten-aboriginum",-95.438884,16.45898,"Pacific Lowlands province","Pachycereus","Mexico",15.6000003814697,27.966667175293,1,200,-0.138360977172852,7.96701049804688
"Pachycereus pecten-aboriginum",-95.094794,16.524707,"Pacific Lowlands province","Pachycereus","Mexico",15.8000011444092,29.0666656494141,1,261,0.220278739929199,17.7855987548828
"Pachycereus pecten-aboriginum",-95.094917,16.525118,"Pacific Lowlands province","Pachycereus","Mexico",15.7999992370605,28.966667175293,1,251,3.53133678436279,11.6406936645508
"Pachycereus pecten-aboriginum",-95.200804,16.53184,"Pacific Lowlands province","Pachycereus","Mexico",15.7999992370605,28.033332824707,1,185,-0.792596817016602,9.04054260253906
"Pachycereus pecten-aboriginum",-94.999783,16.539368,"Pacific Lowlands province","Pachycereus","Mexico",15.4999980926514,28.783332824707,3,291,0.0727884769439697,0.7042236328125
"Pachycereus pecten-aboriginum",-94.76532,16.55986,"Pacific Lowlands province","Pachycereus","Mexico",16.3999977111816,28.9500007629395,6,302,-0.113665103912354,0.219272613525391
"Pachycereus pecten-aboriginum",-94.902034,16.564511,"Pacific Lowlands province","Pachycereus","Mexico",15.2999992370605,28.5666675567627,3,295,0.370542049407959,15.9272804260254
"Pachycereus pecten-aboriginum",-95.485833,16.571944,"Pacific Lowlands province","Pachycereus","Mexico",17.9000015258789,28.4833335876465,0,171,-1.0114631652832,10.7467193603516
"Pachycereus pecten-aboriginum",-95.170583,16.574,"Pacific Lowlands province","Pachycereus","Mexico",15.9000015258789,28.6000003814697,1,207,-0.611125946044922,10.1505889892578
"Pachycereus pecten-aboriginum",-95.216578,16.581913,"Pacific Lowlands province","Pachycereus","Mexico",16.0999984741211,28.3999996185303,1,197,0.877706527709961,37.3930206298828
"Pachycereus pecten-aboriginum",-94.869778,16.582525,"Pacific Lowlands province","Pachycereus","Mexico",15.3000011444092,28.283332824707,4,299,-0.0806305408477783,3.20883750915527
"Pachycereus pecten-aboriginum",-94.871112,16.583995,"Pacific Lowlands province","Pachycereus","Mexico",15.1000022888184,27.8333339691162,6,287,-0.753372669219971,8.03988265991211
"Pachycereus pecten-aboriginum",-96.364976,16.585936,"Sierra Madre del Sur province","Pachycereus","Mexico",19.9000015258789,24.6333332061768,2,263,3.05384826660156,29.0421142578125
"Pachycereus pecten-aboriginum",-94.832474,16.59392,"Pacific Lowlands province","Pachycereus","Mexico",15.4000015258789,28.2333335876465,5,301,-0.0493102073669434,0.799606323242188
"Pachycereus pecten-aboriginum",-96.35961,16.594012,"Sierra Madre del Sur province","Pachycereus","Mexico",19.3999996185303,24.1499996185303,2,245,-1.06010437011719,23.80517578125
"Pachycereus pecten-aboriginum",-95.22995,16.599567,"Pacific Lowlands province","Pachycereus","Mexico",16.2999992370605,28.3333320617676,1,182,-2.60736846923828,14.2618408203125
"Pachycereus pecten-aboriginum",-96.330837,16.601207,"Sierra Madre del Sur province","Pachycereus","Mexico",20.2999992370605,25.2000007629395,2,266,-2.20547485351562,14.1861572265625
"Pachycereus pecten-aboriginum",-94.843333,16.603869,"Pacific Lowlands province","Pachycereus","Mexico",15.2999992370605,27.7000007629395,8,287,-1.62356567382812,21.8846740722656
"Pachycereus pecten-aboriginum",-94.79763,16.614767,"Pacific Lowlands province","Pachycereus","Mexico",16.0000019073486,28.4500007629395,8,301,-0.223513603210449,0.956504821777344
"Pachycereus pecten-aboriginum",-96.055318,16.617694,"Pacific Lowlands province","Pachycereus","Mexico",19.7999992370605,25.25,3,240,2.13814544677734,20.3583984375
"Pachycereus pecten-aboriginum",-94.971542,16.61875,"Pacific Lowlands province","Pachycereus","Mexico",15.5000019073486,28.033332824707,5,277,-0.95313835144043,15.7905349731445
"Pachycereus pecten-aboriginum",-95.233307,16.620865,"Pacific Lowlands province","Pachycereus","Mexico",16.2999992370605,28.3666667938232,1,191,-0.807554244995117,4.119873046875
"Pachycereus pecten-aboriginum",-94.992822,16.622461,"Pacific Lowlands province","Pachycereus","Mexico",15.5,28.4166679382324,4,287,-0.693187713623047,4.42961883544922
"Pachycereus pecten-aboriginum",-94.98748,16.628863,"Pacific Lowlands province","Pachycereus","Mexico",15.4000015258789,28.1666679382324,5,283,-0.711625099182129,15.8333129882812
"Pachycereus pecten-aboriginum",-95.01111,16.65806,"Pacific Lowlands province","Pachycereus","Mexico",15.3000011444092,28.0166664123535,4,283,1.52484321594238,17.1039886474609
"Pachycereus pecten-aboriginum",-96.2172,16.679297,"Sierra Madre del Sur province","Pachycereus","Mexico",19.6000003814697,24.6000003814697,3,269,-1.10435485839844,32.690185546875
"Pachycereus pecten-aboriginum",-94.98442,16.68278,"Pacific Lowlands province","Pachycereus","Mexico",15.6999988555908,27.4333324432373,9,272,-3.87173843383789,15.6719055175781
"Pachycereus pecten-aboriginum",-96.32035,16.693586,"Sierra Madre del Sur province","Pachycereus","Mexico",20.8999996185303,25.283332824707,3,276,-0.166122436523438,6.2703857421875
"Pachycereus pecten-aboriginum",-96.324635,16.702562,"Sierra Madre del Sur province","Pachycereus","Mexico",20.7000007629395,24.8500003814697,3,276,-2.20780944824219,21.494384765625
"Pachycereus pecten-aboriginum",-95.005633,16.706549,"Pacific Lowlands province","Pachycereus","Mexico",15.9000015258789,27.25,12,259,-2.59089660644531,26.3113708496094
"Pachycereus pecten-aboriginum",-95.441503,16.712959,"Pacific Lowlands province","Pachycereus","Mexico",17.3000011444092,25.4166679382324,7,200,3.10574340820312,27.517822265625
"Pachycereus pecten-aboriginum",-96.319222,16.727611,"Sierra Madre del Sur province","Pachycereus","Mexico",20.3000011444092,23.8000011444092,3,262,-1.69981384277344,23.3194580078125
"Pachycereus pecten-aboriginum",-96.325556,16.730278,"Sierra Madre del Sur province","Pachycereus","Mexico",20.6999988555908,24.1000003814697,3,272,0.178848266601562,23.609619140625
"Pachycereus pecten-aboriginum",-96.3409291,16.7566542,"Sierra Madre del Sur province","Pachycereus","Mexico",19.7999992370605,22.533332824707,1,235,-3.75506591796875,27.59423828125
"Pachycereus pecten-aboriginum",-95.850979,16.778684,"Pacific Lowlands province","Pachycereus","Mexico",20.7999992370605,26.216667175293,9,259,-6.18260955810547,15.109130859375
"Pachycereus pecten-aboriginum",-96.275297,16.863616,"Sierra Madre del Sur province","Pachycereus","Mexico",19.7000007629395,22.1000003814697,3,276,-1.47090148925781,42.6890869140625
"Pachycereus pecten-aboriginum",-96.268298,16.879593,"Pacific Lowlands province","Pachycereus","Mexico",18,20.75,2,255,3.09808349609375,28.5655517578125
"Pachycereus pecten-aboriginum",-96.413722,16.941056,"Sierra Madre del Sur province","Pachycereus","Mexico",19.8999996185303,21.0166664123535,2,118,3.95034790039062,23.628662109375
"Pachycereus pecten-aboriginum",-96.451077,16.954946,"Balsas Basin province","Pachycereus","Mexico",22.2999992370605,22.6666660308838,3,274,0.5086669921875,7.3330078125
"Pachycereus pecten-aboriginum",-96.767878,17.042444,"Balsas Basin province","Pachycereus","Mexico",21.2000007629395,22,3,257,-0.15960693359375,1.746826171875
"Pachycereus pecten-aboriginum",-96.803483,17.167242,"Balsas Basin province","Pachycereus","Mexico",23.5,23.5833339691162,2,248,1.73394775390625,8.62646484375
"Pachycereus pecten-aboriginum",-96.505844,17.303486,"Balsas Basin province","Pachycereus","Mexico",22.3999996185303,22.466667175293,12,302,-2.62796020507812,13.27294921875
"Pachycereus pecten-aboriginum",-96.525496,17.305059,"Balsas Basin province","Pachycereus","Mexico",22.2000007629395,22.1333332061768,13,299,-6.4461669921875,39.464599609375
"Pachycereus weberi",-96.766632,17.05666,"Balsas Basin province","Pachycereus","Mexico",21.6999988555908,22.4833335876465,3,256,-0.148849487304688,3.9864501953125
"Pachycereus weberi",-97.968951,17.481187,"Sierra Madre del Sur province","Pachycereus","Mexico",23.7000007629395,23.7333335876465,4,269,-4.18617248535156,21.12548828125
"Pachycereus weberi",-96.939417,17.488083,"Sierra Madre del Sur province","Pachycereus","Mexico",18.6999988555908,18.1833343505859,6,221,2.39871215820312,20.7822265625
"Pachycereus weberi",-96.839444,17.489528,"Balsas Basin province","Pachycereus","Mexico",23.5,26.0666656494141,13,271,1.88851928710938,17.7352294921875
"Pachycereus weberi",-96.8511,17.584134,"Balsas Basin province","Pachycereus","Mexico",22.8999996185303,27.1166667938232,11,249,5.89451599121094,16.4149780273438
"Pachycereus weberi",-96.924434,17.60969,"Balsas Basin province","Pachycereus","Mexico",23.3999996185303,26.6833343505859,12,273,-1.91348266601562,11.88427734375
"Pachycereus weberi",-96.913025,17.635589,"Balsas Basin province","Pachycereus","Mexico",23.0000019073486,27.6833343505859,7,197,1.59320068359375,13.5367431640625
"Pachycereus weberi",-96.929371,17.651083,"Balsas Basin province","Pachycereus","Mexico",22.8999977111816,27.9333324432373,4,166,-0.0851287841796875,3.13397216796875
"Pachycereus weberi",-96.954365,17.690865,"Balsas Basin province","Pachycereus","Mexico",23.7000007629395,27.4333343505859,12,253,-0.3828125,49.5516357421875
"Pachycereus weberi",-96.939205,17.70756,"Balsas Basin province","Pachycereus","Mexico",23.1000003814697,28.0499992370605,5,167,0.07958984375,31.031005859375
"Pachycereus weberi",-98.111667,17.776667,"Balsas Basin province","Pachycereus","Mexico",22.5,26.0499992370605,3,245,1.251220703125,15.005615234375
"Pachycereus weberi",-96.945196,17.789461,"Balsas Basin province","Pachycereus","Mexico",23.5,27.6499996185303,10,210,2.03799438476562,14.441162109375
"Pachycereus weberi",-96.843124,17.789932,"Sierra Madre del Sur province","Pachycereus","Mexico",15.9999990463257,14.0666666030884,10,268,-2.25570678710938,58.718505859375
"Pachycereus weberi",-96.9645,17.7986,"Balsas Basin province","Pachycereus","Mexico",23.4000015258789,28.2333335876465,5,163,-1.56186676025391,19.0242919921875
"Pachycereus weberi",-96.89107,17.799363,"Sierra Madre del Sur province","Pachycereus","Mexico",18.2000007629395,18.6833324432373,8,214,0.0294189453125,16.285888671875
"Pachycereus weberi",-96.840618,17.821008,"Sierra Madre del Sur province","Pachycereus","Mexico",17.3999996185303,16,8,243,-0.82171630859375,23.0849609375
"Pachycereus weberi",-96.961544,17.821123,"Balsas Basin province","Pachycereus","Mexico",23.6999988555908,27.8833332061768,9,209,2.05722045898438,27.9015502929688
"Pachycereus weberi",-98.137299,17.826139,"Balsas Basin province","Pachycereus","Mexico",23.9000015258789,26.966667175293,2,231,-0.218017578125,11.732177734375
"Pachycereus weberi",-96.9265,17.836696,"Sierra Madre del Sur province","Pachycereus","Mexico",24.2999992370605,26.5166664123535,24,342,0.421920776367188,29.4354248046875
"Pachycereus weberi",-97.823622,17.838499,"Balsas Basin province","Pachycereus","Mexico",22.4000015258789,22.1333332061768,5,247,2.772705078125,17.90380859375
"Pachycereus weberi",-97.017426,17.844163,"Balsas Basin province","Pachycereus","Mexico",23.8999977111816,28.6333332061768,3,146,-1.53606414794922,16.3318481445312
"Pachycereus weberi",-96.994186,17.888727,"Balsas Basin province","Pachycereus","Mexico",24.0000019073486,28.9166679382324,4,156,1.48900604248047,10.59716796875
"Pachycereus weberi",-96.973595,17.889118,"Balsas Basin province","Pachycereus","Mexico",23.7999992370605,28.1499996185303,7,198,-3.03105163574219,21.4845581054688
"Pachycereus weberi",-96.990908,17.894158,"Balsas Basin province","Pachycereus","Mexico",23.9000015258789,28.783332824707,4,156,-3.6923828125,10.68359375
"Pachycereus weberi",-96.972519,17.896301,"Balsas Basin province","Pachycereus","Mexico",23.7999992370605,28.1666660308838,7,194,-0.644126892089844,6.13739013671875
"Pachycereus weberi",-97.005433,17.900139,"Balsas Basin province","Pachycereus","Mexico",24.0000019073486,28.8333339691162,5,169,-1.15319061279297,13.9267578125
"Pachycereus weberi",-96.966856,17.90708,"Balsas Basin province","Pachycereus","Mexico",23.7999992370605,28.1499996185303,7,198,0.40777587890625,22.6801147460938
"Pachycereus weberi",-96.985738,17.912205,"Balsas Basin province","Pachycereus","Mexico",23.8999977111816,28.6666660308838,5,170,-0.852851867675781,19.669189453125
"Pachycereus weberi",-96.95361,17.92333,"Balsas Basin province","Pachycereus","Mexico",24.3999996185303,27.0499992370605,22,347,3.637939453125,18.9647216796875
"Pachycereus weberi",-96.993698,17.928935,"Balsas Basin province","Pachycereus","Mexico",23.9000015258789,28.7666664123535,6,178,-0.241683959960938,3.35467529296875
"Pachycereus weberi",-97.346931,17.971967,"Sierra Madre del Sur province","Pachycereus","Mexico",22.5,19.0166664123535,4,210,-0.22625732421875,12.493408203125
"Pachycereus weberi",-97.061611,18.002361,"Balsas Basin province","Pachycereus","Mexico",24.5,28.2333335876465,7,205,-1.76580810546875,14.1112670898438
"Pachycereus weberi",-97.033361,18.027,"Balsas Basin province","Pachycereus","Mexico",25.4000015258789,27.4166679382324,13,265,-0.0655593872070312,15.615234375
"Pachycereus weberi",-97.099619,18.0733,"Balsas Basin province","Pachycereus","Mexico",25.0999984741211,28.2000007629395,9,218,-1.28036499023438,13.8267822265625
"Pachycereus weberi",-97.099389,18.134861,"Balsas Basin province","Pachycereus","Mexico",26.0999984741211,27.716667175293,10,223,2.12335968017578,16.6114501953125
"Pachycereus weberi",-97.079111,18.148931,"Balsas Basin province","Pachycereus","Mexico",26.5,27.2333335876465,12,233,-0.854766845703125,9.62158203125
"Pachycereus weberi",-97.273056,18.154303,"Balsas Basin province","Pachycereus","Mexico",25.3000011444092,26.3999996185303,3,131,-3.59892272949219,31.0941162109375
"Pachycereus weberi",-97.178761,18.162682,"Balsas Basin province","Pachycereus","Mexico",26.2000007629395,27.6166667938232,4,151,0.172866821289062,1.010498046875
"Peniocereus fosterianus",-96.31056,15.71472,"Pacific Lowlands province","Peniocereus","Mexico",14.3000011444092,28,5,332,-1.94814515113831,10.0931758880615
"Peniocereus fosterianus",-96.178298,15.725217,"Pacific Lowlands province","Peniocereus","Mexico",13.3000011444092,28.0666675567627,4,379,1.25444030761719,25.7813415527344
"Peniocereus fosterianus",-96.38006,15.744204,"Pacific Lowlands province","Peniocereus","Mexico",14.9000015258789,27.6666660308838,5,338,-2.21377849578857,15.245361328125
"Peniocereus fosterianus",-96.1761,15.74603,"Pacific Lowlands province","Peniocereus","Mexico",13.5,28.1166667938232,5,374,1.09303569793701,9.1231689453125
"Peniocereus fosterianus",-96.142374,15.746419,"Pacific Lowlands province","Peniocereus","Mexico",13.2999992370605,28.033332824707,4,378,0.0282001495361328,22.6085815429688
"Peniocereus fosterianus",-96.158441,15.752296,"Pacific Lowlands province","Peniocereus","Mexico",13.5,28.1166667938232,4,374,2.77154588699341,7.33554077148438
"Peniocereus fosterianus",-96.170976,15.759411,"Pacific Lowlands province","Peniocereus","Mexico",13.5999984741211,28.1666660308838,4,375,-1.28370428085327,6.36706161499023
"Peniocereus fosterianus",-96.21606,15.77303,"Pacific Lowlands province","Peniocereus","Mexico",13.9000015258789,28.1666679382324,4,382,3.18323802947998,17.847526550293
"Peniocereus fosterianus",-96.116517,15.780474,"Pacific Lowlands province","Peniocereus","Mexico",13.5999984741211,28.2999992370605,4,377,-1.06648540496826,14.4331512451172
"Peniocereus fosterianus",-96.111231,15.787315,"Pacific Lowlands province","Peniocereus","Mexico",13.7000007629395,28.3500003814697,4,373,-1.12400341033936,6.41408920288086
"Peniocereus fosterianus",-96.080107,15.788935,"Pacific Lowlands province","Peniocereus","Mexico",13.5,28.2333335876465,4,377,2.94128942489624,14.313591003418
"Peniocereus fosterianus",-96.241407,15.790082,"Pacific Lowlands province","Peniocereus","Mexico",14.2000007629395,28.1833343505859,5,386,1.10890007019043,23.7652969360352
"Peniocereus fosterianus",-96.09122,15.792484,"Pacific Lowlands province","Peniocereus","Mexico",13.5,28.2000007629395,3,382,-2.67555522918701,6.82307434082031
"Peniocereus fosterianus",-96.172215,15.798376,"Pacific Lowlands province","Peniocereus","Mexico",13.7999992370605,28.0166664123535,4,409,0.462320327758789,41.1689605712891
"Peniocereus fosterianus",-96.083,15.817,"Pacific Lowlands province","Peniocereus","Mexico",13.6000003814697,28.0833320617676,4,398,-1.75895881652832,18.8013534545898
"Peniocereus fosterianus",-95.9825,15.840833,"Pacific Lowlands province","Peniocereus","Mexico",13.7999992370605,28.1666660308838,3,366,-0.407515525817871,28.0463485717773
"Peniocereus fosterianus",-96.001389,15.871944,"Pacific Lowlands province","Peniocereus","Mexico",14.1000003814697,28,3,374,0.854809761047363,5.8394889831543
"Peniocereus fosterianus",-95.87278,15.87222,"Pacific Lowlands province","Peniocereus","Mexico",14.2999992370605,28.6000003814697,2,342,-1.58684730529785,6.07637500762939
"Peniocereus fosterianus",-96.134793,15.915309,"Pacific Lowlands province","Peniocereus","Mexico",14,25.966667175293,3,393,1.5101318359375,13.91943359375
"Peniocereus fosterianus",-97.055062,15.91558,"Pacific Lowlands province","Peniocereus","Mexico",14.9000015258789,26.6333332061768,2,323,-1.61861038208008,24.2378845214844
"Peniocereus fosterianus",-95.26667,16.36667,"Pacific Lowlands province","Peniocereus","Mexico",16.7999992370605,29.3333339691162,2,255,0.203312873840332,2.62824249267578
"Peniocereus fosterianus",-95.02778,16.68083,"Pacific Lowlands province","Peniocereus","Mexico",15.2000007629395,27.3999996185303,4,267,-0.116756439208984,45.4154357910156
"Peniocereus oaxacensis",-96.38118,15.692791,"Pacific Lowlands province","Peniocereus","Oaxaca",14.2999992370605,27.6000003814697,4,315,-0.811890721321106,5.78976535797119
"Peniocereus oaxacensis",-96.342673,15.705358,"Pacific Lowlands province","Peniocereus","Oaxaca",14.1000022888184,27.75,5,336,0.596474647521973,9.92671966552734
"Peniocereus oaxacensis",-96.34162,15.710617,"Pacific Lowlands province","Peniocereus","Oaxaca",14.1000003814697,27.783332824707,5,346,0.406326293945312,7.90724182128906
"Peniocereus oaxacensis",-96.376493,15.710791,"Pacific Lowlands province","Peniocereus","Oaxaca",14.4000015258789,27.5666656494141,5,330,-3.446129322052,10.504508972168
"Peniocereus oaxacensis",-96.227569,15.710869,"Pacific Lowlands province","Peniocereus","Oaxaca",13.3999996185303,28,5,367,0.219505786895752,5.06571197509766
"Peniocereus oaxacensis",-96.368905,15.717229,"Pacific Lowlands province","Peniocereus","Oaxaca",14.5,27.6166667938232,5,339,-0.0343403816223145,27.3930473327637
"Peniocereus oaxacensis",-96.17999,15.721025,"Pacific Lowlands province","Peniocereus","Oaxaca",13.4000015258789,28.0666675567627,4,374,-0.202034950256348,6.99676513671875
"Peniocereus oaxacensis",-96.166882,15.723256,"Pacific Lowlands province","Peniocereus","Oaxaca",13.4000015258789,28.0833339691162,4,370,-4.42292451858521,22.8912334442139
"Peniocereus oaxacensis",-96.173991,15.725402,"Pacific Lowlands province","Peniocereus","Oaxaca",13.4000015258789,28.0833339691162,4,371,-2.2112340927124,8.50174713134766
"Peniocereus oaxacensis",-96.292879,15.726277,"Pacific Lowlands province","Peniocereus","Oaxaca",14,28.0666656494141,6,353,0.729100227355957,10.5887298583984
"Peniocereus oaxacensis",-96.329347,15.729654,"Pacific Lowlands province","Peniocereus","Oaxaca",14.2000007629395,27.9166660308838,6,354,-2.20963859558105,19.8228988647461
"Peniocereus oaxacensis",-96.157201,15.729986,"Pacific Lowlands province","Peniocereus","Oaxaca",13.4000015258789,28.0833339691162,4,370,-0.585568428039551,19.0231170654297
"Peniocereus oaxacensis",-96.247223,15.738665,"Pacific Lowlands province","Peniocereus","Oaxaca",13.9000015258789,28.1499996185303,5,357,-2.9768853187561,20.1089973449707
"Peniocereus oaxacensis",-96.161389,15.73922,"Pacific Lowlands province","Peniocereus","Oaxaca",13.4000015258789,28.0666675567627,4,373,-1.71528768539429,10.9251937866211
"Peniocereus oaxacensis",-96.26247,15.740707,"Pacific Lowlands province","Peniocereus","Oaxaca",13.6999988555908,28.1000003814697,5,369,0.317630767822266,13.6152496337891
"Peniocereus oaxacensis",-96.160165,15.74408,"Pacific Lowlands province","Peniocereus","Oaxaca",13.4000015258789,28.0666675567627,4,378,1.23716831207275,14.6818237304688
"Peniocereus oaxacensis",-96.198542,15.745148,"Pacific Lowlands province","Peniocereus","Oaxaca",13.5,28.0833339691162,5,380,0.341625213623047,8.98446655273438
"Peniocereus oaxacensis",-96.191113,15.749015,"Pacific Lowlands province","Peniocereus","Oaxaca",13.5,28.1166667938232,5,373,2.29304218292236,14.0359420776367
"Peniocereus oaxacensis",-96.311177,15.750962,"Pacific Lowlands province","Peniocereus","Oaxaca",14.4000015258789,28.0499992370605,6,354,-0.707828521728516,10.0208511352539
"Peniocereus oaxacensis",-96.536391,15.751528,"Pacific Lowlands province","Peniocereus","Oaxaca",17.2000007629395,27.283332824707,5,286,-0.596443176269531,20.1700630187988
"Peniocereus oaxacensis",-96.180641,15.751739,"Pacific Lowlands province","Peniocereus","Oaxaca",13.5,28.1333332061768,4,376,2.17349433898926,7.38438415527344
"Peniocereus oaxacensis",-96.14911,15.75389,"Pacific Lowlands province","Peniocereus","Oaxaca",13.3000011444092,28.0666675567627,4,381,3.28898334503174,7.07653427124023
"Peniocereus oaxacensis",-96.152219,15.754078,"Pacific Lowlands province","Peniocereus","Oaxaca",13.3999996185303,28.1000003814697,4,380,0.730657577514648,10.2477798461914
"Peniocereus oaxacensis",-96.280589,15.7543,"Pacific Lowlands province","Peniocereus","Oaxaca",13.8000011444092,28.1166667938232,6,373,0.300867080688477,8.33050537109375
"Peniocereus oaxacensis",-96.17839,15.75875,"Pacific Lowlands province","Peniocereus","Oaxaca",13.6999988555908,28.1333332061768,4,378,0.125733852386475,6.19064712524414
"Peniocereus oaxacensis",-96.246896,15.761838,"Pacific Lowlands province","Peniocereus","Oaxaca",13.9000015258789,28.1666679382324,5,375,-1.66637992858887,15.4155960083008
"Peniocereus oaxacensis",-96.196244,15.761865,"Pacific Lowlands province","Peniocereus","Oaxaca",13.6999988555908,28.1333332061768,5,382,0.266938209533691,6.30562591552734
"Peniocereus oaxacensis",-96.330845,15.764174,"Pacific Lowlands province","Peniocereus","Oaxaca",14.3000011444092,27.8500003814697,5,367,0.541530609130859,5.56660461425781
"Peniocereus oaxacensis",-96.119561,15.766478,"Pacific Lowlands province","Peniocereus","Oaxaca",13.6999988555908,28.2999992370605,4,365,3.63685131072998,8.04369258880615
"Peniocereus oaxacensis",-96.19289,15.76711,"Pacific Lowlands province","Peniocereus","Oaxaca",13.6999988555908,28.1166667938232,5,387,-1.39800834655762,3.86101531982422
"Peniocereus oaxacensis",-96.386014,15.767629,"Pacific Lowlands province","Peniocereus","Oaxaca",15.1000003814697,27.5166664123535,5,353,0.319309234619141,3.36065673828125
"Peniocereus oaxacensis",-96.122176,15.768673,"Pacific Lowlands province","Peniocereus","Oaxaca",13.5999984741211,28.3166656494141,4,371,-1.19157242774963,20.7162857055664
"Peniocereus oaxacensis",-96.133459,15.770267,"Pacific Lowlands province","Peniocereus","Oaxaca",13.6999988555908,28.283332824707,4,371,0.53299880027771,6.42229080200195
"Peniocereus oaxacensis",-96.246753,15.771036,"Pacific Lowlands province","Peniocereus","Oaxaca",13.8999996185303,28.1833343505859,5,383,3.5697135925293,12.4524078369141
"Peniocereus oaxacensis",-96.21681,15.77319,"Pacific Lowlands province","Peniocereus","Oaxaca",13.8000011444092,28.1666679382324,5,387,-0.106846809387207,15.9727935791016
"Peniocereus oaxacensis",-96.154104,15.773196,"Pacific Lowlands province","Peniocereus","Oaxaca",13.6000003814697,28.2000007629395,4,384,0.361503601074219,6.69850158691406
"Peniocereus oaxacensis",-96.166705,15.773854,"Pacific Lowlands province","Peniocereus","Oaxaca",13.7000007629395,28.1666679382324,4,381,-1.34675312042236,4.89609527587891
"Peniocereus oaxacensis",-96.110242,15.774541,"Pacific Lowlands province","Peniocereus","Oaxaca",13.5,28.25,4,380,3.68632984161377,9.74763488769531
"Peniocereus oaxacensis",-96.135074,15.77513,"Pacific Lowlands province","Peniocereus","Oaxaca",13.6999988555908,28.25,4,380,-0.696677684783936,32.1810913085938
"Peniocereus oaxacensis",-96.146583,15.776953,"Pacific Lowlands province","Peniocereus","Oaxaca",13.6999988555908,28.25,4,385,-1.83114051818848,26.8886337280273
"Peniocereus oaxacensis",-96.19911,15.77847,"Pacific Lowlands province","Peniocereus","Oaxaca",13.6999988555908,28.0999984741211,4,393,-0.454357147216797,4.12125396728516
"Peniocereus oaxacensis",-96.092836,15.779428,"Pacific Lowlands province","Peniocereus","Oaxaca",13.4000015258789,28.25,4,380,-1.26697301864624,20.3784446716309
"Peniocereus oaxacensis",-96.363482,15.77951,"Pacific Lowlands province","Peniocereus","Oaxaca",15.0999984741211,27.6000003814697,6,362,-0.0919437408447266,5.29689025878906
"Peniocereus oaxacensis",-96.127927,15.779649,"Pacific Lowlands province","Peniocereus","Oaxaca",13.5999984741211,28.25,4,380,-0.323342323303223,13.2625923156738
"Peniocereus oaxacensis",-96.085909,15.782166,"Pacific Lowlands province","Peniocereus","Oaxaca",13.3999977111816,28.216667175293,3,381,0.151158332824707,13.7889938354492
"Peniocereus oaxacensis",-96.118134,15.782554,"Pacific Lowlands province","Peniocereus","Oaxaca",13.5,28.216667175293,4,385,-0.089263916015625,22.5988922119141
"Peniocereus oaxacensis",-96.136687,15.783461,"Pacific Lowlands province","Peniocereus","Oaxaca",13.6999988555908,28.2666664123535,4,389,-2.65266227722168,18.104850769043
"Peniocereus oaxacensis",-96.143326,15.784491,"Pacific Lowlands province","Peniocereus","Oaxaca",13.8000011444092,28.2999992370605,4,385,-1.6861629486084,11.8806953430176
"Peniocereus oaxacensis",-96.13311,15.787887,"Pacific Lowlands province","Peniocereus","Oaxaca",13.5999984741211,28.283332824707,4,384,0.489041328430176,21.4792556762695
"Peniocereus oaxacensis",-96.08883,15.788281,"Pacific Lowlands province","Peniocereus","Oaxaca",13.5,28.25,3,380,1.46104860305786,14.4087028503418
"Peniocereus oaxacensis",-96.159777,15.788862,"Pacific Lowlands province","Peniocereus","Oaxaca",13.7999992370605,28.2000007629395,4,395,2.26528930664062,13.4339828491211
"Peniocereus oaxacensis",-96.169764,15.789017,"Pacific Lowlands province","Peniocereus","Oaxaca",13.8000011444092,28.1000003814697,4,402,2.64915466308594,13.3945159912109
"Peniocereus oaxacensis",-96.118906,15.790295,"Pacific Lowlands province","Peniocereus","Oaxaca",13.5999984741211,28.2666664123535,4,382,-1.02032375335693,5.84254837036133
"Peniocereus oaxacensis",-96.161124,15.791745,"Pacific Lowlands province","Peniocereus","Oaxaca",13.7000007629395,28.1499996185303,4,396,0.903478622436523,27.0665588378906
"Peniocereus oaxacensis",-96.036185,15.792293,"Pacific Lowlands province","Peniocereus","Oaxaca",13.6000003814697,28.216667175293,3,373,1.52633714675903,9.38209915161133
"Peniocereus oaxacensis",-96.09702,15.792302,"Pacific Lowlands province","Peniocereus","Oaxaca",13.5,28.216667175293,3,384,1.76860332489014,10.7192306518555
"Peniocereus oaxacensis",-96.083957,15.792379,"Pacific Lowlands province","Peniocereus","Oaxaca",13.5,28.2000007629395,3,382,0.275669574737549,8.71965789794922
"Peniocereus oaxacensis",-96.12856,15.792549,"Pacific Lowlands province","Peniocereus","Oaxaca",13.8000011444092,28.2999992370605,3,383,-2.37255620956421,14.0477256774902
"Peniocereus oaxacensis",-96.060179,15.792591,"Pacific Lowlands province","Peniocereus","Oaxaca",13.4999980926514,28.1666660308838,4,380,-3.09784841537476,8.71567535400391
"Peniocereus oaxacensis",-96.107702,15.792852,"Pacific Lowlands province","Peniocereus","Oaxaca",13.5,28.2333335876465,3,385,-3.03948783874512,15.8570556640625
"Peniocereus oaxacensis",-96.079374,15.793194,"Pacific Lowlands province","Peniocereus","Oaxaca",13.4999980926514,28.1833324432373,3,385,1.75004768371582,15.63671875
"Peniocereus oaxacensis",-96.071211,15.793403,"Pacific Lowlands province","Peniocereus","Oaxaca",13.4999980926514,28.1666660308838,3,382,2.8296480178833,7.62339019775391
"Peniocereus oaxacensis",-96.348415,15.794116,"Pacific Lowlands province","Peniocereus","Oaxaca",15,27.5833339691162,6,372,0.0768108367919922,8.61247253417969
"Peniocereus oaxacensis",-96.055825,15.794417,"Pacific Lowlands province","Peniocereus","Oaxaca",13.6000003814697,28.2333335876465,4,369,2.00088882446289,21.6748695373535
"Peniocereus oaxacensis",-96.179368,15.794983,"Pacific Lowlands province","Peniocereus","Oaxaca",13.7999992370605,28.0499992370605,5,403,-0.542547225952148,16.3765258789062
"Peniocereus oaxacensis",-96.155021,15.796599,"Pacific Lowlands province","Peniocereus","Oaxaca",13.7000007629395,28.1166667938232,4,399,1.93453216552734,13.7889556884766
"Peniocereus oaxacensis",-96.168843,15.7993,"Pacific Lowlands province","Peniocereus","Oaxaca",13.7999992370605,28.0166664123535,4,409,1.30861663818359,20.5735168457031
"Peniocereus oaxacensis",-96.119285,15.799707,"Pacific Lowlands province","Peniocereus","Oaxaca",13.5999984741211,28.283332824707,3,380,-1.82045364379883,19.0177040100098
"Peniocereus oaxacensis",-96.035142,15.808711,"Pacific Lowlands province","Peniocereus","Oaxaca",13.6999988555908,28.2666664123535,4,373,-1.51285934448242,7.81579399108887
"Peniocereus oaxacensis",-96.12729,15.822245,"Pacific Lowlands province","Peniocereus","Oaxaca",13.5999984741211,28,4,410,-3.26654815673828,23.6876831054688
"Peniocereus oaxacensis",-96.181044,15.846943,"Pacific Lowlands province","Peniocereus","Oaxaca",14.2999992370605,26.5499992370605,4,406,-1.28519058227539,48.6947326660156
"Peniocereus oaxacensis",-95.894167,15.856667,"Pacific Lowlands province","Peniocereus","Oaxaca",14.1999988555908,28.3999996185303,2,350,-3.03940773010254,11.1517028808594
"Peniocereus oaxacensis",-95.978333,15.861944,"Pacific Lowlands province","Peniocereus","Oaxaca",13.7999992370605,27.5833339691162,3,381,-1.7386474609375,30.2117919921875
"Peniocereus oaxacensis",-96.060551,15.862925,"Pacific Lowlands province","Peniocereus","Oaxaca",13.7000007629395,27.3166675567627,3,401,2.302978515625,27.1842041015625
"Peniocereus oaxacensis",-95.90861,15.86389,"Pacific Lowlands province","Peniocereus","Oaxaca",14.1999988555908,28.2333335876465,3,354,0.617373466491699,13.1519012451172
"Peniocereus oaxacensis",-96.06198,15.870731,"Pacific Lowlands province","Peniocereus","Oaxaca",13.8999996185303,26.9833335876465,3,396,-1.22850036621094,37.0057373046875
"Peniocereus oaxacensis",-96.004722,15.875278,"Pacific Lowlands province","Peniocereus","Oaxaca",14.0999984741211,27.8999996185303,3,377,-0.579124450683594,38.7078018188477
"Peniocereus oaxacensis",-96.139739,15.882561,"Pacific Lowlands province","Peniocereus","Oaxaca",14.1999988555908,27.283332824707,4,420,-1.66043090820312,40.0624694824219
"Peniocereus oaxacensis",-96.105697,15.954943,"Pacific Lowlands province","Peniocereus","Oaxaca",13.1000003814697,23.8666667938232,6,441,-1.88563537597656,18.19384765625
"Peniocereus oaxacensis",-95.58572,15.96969,"Pacific Lowlands province","Peniocereus","Oaxaca",14.5,28.5833339691162,2,296,-0.0179033279418945,1.95096969604492
"Peniocereus oaxacensis",-95.71717,15.98103,"Pacific Lowlands province","Peniocereus","Oaxaca",14.8000011444092,28.6000003814697,2,304,0.0641365051269531,1.39504241943359
"Peniocereus oaxacensis",-96.481113,16.080103,"Sierra Madre del Sur province","Peniocereus","Oaxaca",13.7000007629395,18.033332824707,6,379,-1.91754150390625,24.980224609375
"Peniocereus oaxacensis",-95.61806,16.10656,"Pacific Lowlands province","Peniocereus","Oaxaca",15.6000022888184,27.2333335876465,1,256,0.683998107910156,31.8507080078125
"Peniocereus oaxacensis",-95.29712,16.316267,"Pacific Lowlands province","Peniocereus","Oaxaca",16.6999988555908,29.1166667938232,1,243,-0.0877227783203125,23.3246078491211
"Peniocereus oaxacensis",-95.32556,16.365,"Pacific Lowlands province","Peniocereus","Oaxaca",16.4000015258789,28.6166667938232,1,240,0.306328773498535,4.33957672119141
"Peniocereus oaxacensis",-95.533,16.37006,"Pacific Lowlands province","Peniocereus","Oaxaca",17.3999996185303,26.5666675567627,2,201,2.06884002685547,20.6846923828125
"Peniocereus oaxacensis",-94.21472,16.38917,"Pacific Lowlands province","Peniocereus","Oaxaca",17.3999977111816,28.9500007629395,2,471,-0.72844409942627,5.47603607177734
"Peniocereus oaxacensis",-95.240118,16.421608,"Pacific Lowlands province","Peniocereus","Oaxaca",15.8000011444092,28.6499996185303,2,243,-0.14517879486084,2.74909973144531
"Peniocereus oaxacensis",-95.6453,16.43865,"Pacific Lowlands province","Peniocereus","Oaxaca",18.2000007629395,27.216667175293,1,186,-6.34840393066406,13.068359375
"Peniocereus oaxacensis",-95.6988,16.45575,"Pacific Lowlands province","Peniocereus","Oaxaca",18.3999977111816,25.5499992370605,4,201,0.367988586425781,12.2575073242188
"Peniocereus oaxacensis",-95.031423,16.51193,"Pacific Lowlands province","Peniocereus","Oaxaca",15.5,28.8666667938232,2,286,0.242114543914795,0.750076293945312
"Peniocereus oaxacensis",-94.9228,16.53028,"Pacific Lowlands province","Peniocereus","Oaxaca",15.4999980926514,28.7999992370605,3,295,0.369023203849792,3.03085136413574
"Peniocereus oaxacensis",-96.038611,16.600833,"Pacific Lowlands province","Peniocereus","Oaxaca",20.7999992370605,25.7666664123535,2,212,-0.240104675292969,4.60369873046875
"Peniocereus oaxacensis",-95.203928,16.699985,"Pacific Lowlands province","Peniocereus","Oaxaca",16.2000007629395,26.25,4,191,2.40730285644531,60.752685546875
"Peniocereus oaxacensis",-94.863203,16.707453,"Pacific Lowlands province","Peniocereus","Oaxaca",16.6999988555908,27.8166656494141,19,308,-0.0467987060546875,1.32147216796875
"Peniocereus occidentalis",-96.683329,15.71098,"Pacific Lowlands province","Peniocereus","Oaxaca",16.1999988555908,27.1999988555908,4,390,0.0660085678100586,1.74730205535889
"Peniocereus occidentalis",-96.169502,15.719423,"Pacific Lowlands province","Peniocereus","Oaxaca",13.4000015258789,28.0833339691162,4,370,0.331573486328125,12.1221046447754
"Peniocereus occidentalis",-96.186155,15.722193,"Pacific Lowlands province","Peniocereus","Oaxaca",13.4000015258789,28.0666675567627,4,374,-0.171505928039551,4.07235717773438
"Peniocereus occidentalis",-96.17966,15.725718,"Pacific Lowlands province","Peniocereus","Oaxaca",13.3000011444092,28.0666675567627,4,379,0.454444885253906,21.2724533081055
"Peniocereus occidentalis",-96.193867,15.731347,"Pacific Lowlands province","Peniocereus","Oaxaca",13.4000015258789,28.0666675567627,5,377,-3.81606101989746,14.3236389160156
"Peniocereus occidentalis",-96.19129,15.735611,"Pacific Lowlands province","Peniocereus","Oaxaca",13.5,28.1166667938232,4,370,-0.82561206817627,8.55188751220703
"Peniocereus occidentalis",-96.164297,15.741957,"Pacific Lowlands province","Peniocereus","Oaxaca",13.4000015258789,28.0666675567627,4,378,0.530834197998047,9.35715484619141
"Peniocereus occidentalis",-96.549688,15.750105,"Pacific Lowlands province","Peniocereus","Oaxaca",17.2000007629395,27.2666664123535,5,286,3.89008665084839,10.9062957763672
"Peniocereus occidentalis",-96.152901,15.76043,"Pacific Lowlands province","Peniocereus","Oaxaca",13.4999980926514,28.1499996185303,4,383,1.82084655761719,11.9514541625977
"Peniocereus occidentalis",-96.080592,15.784123,"Pacific Lowlands province","Peniocereus","Oaxaca",13.5,28.2333335876465,4,377,0.622130870819092,19.7238502502441
"Peniocereus occidentalis",-96.149103,15.785145,"Pacific Lowlands province","Peniocereus","Oaxaca",13.8000011444092,28.2999992370605,4,385,0.331318855285645,5.52710723876953
"Peniocereus occidentalis",-96.150288,15.792903,"Pacific Lowlands province","Peniocereus","Oaxaca",13.7000007629395,28.1166667938232,4,399,0.639915466308594,11.9171905517578
"Peniocereus occidentalis",-96.041943,15.792955,"Pacific Lowlands province","Peniocereus","Oaxaca",13.6999988555908,28.2666664123535,3,367,-0.0639678239822388,2.93395137786865
"Peniocereus occidentalis",-96.097698,15.794407,"Pacific Lowlands province","Peniocereus","Oaxaca",13.5,28.216667175293,3,384,0.149073600769043,3.71785736083984
"Peniocereus occidentalis",-96.127722,15.882182,"Pacific Lowlands province","Peniocereus","Oaxaca",14,27.5,4,412,1.29803848266602,45.6357269287109
"Peniocereus occidentalis",-96.000582,15.948012,"Pacific Lowlands province","Peniocereus","Oaxaca",15.1000003814697,27.2000007629395,3,369,0.511665344238281,16.0103759765625
"Peniocereus occidentalis",-97.112096,15.995623,"Pacific Lowlands province","Peniocereus","Oaxaca",16.1999988555908,25.6999988555908,2,361,0.123508453369141,25.5714416503906
"Pereskia lychnidiflora",-96.188889,15.713889,"Pacific Lowlands province","Pereskia","No",13.5,28.1333332061768,4,364,1.8434476852417,8.40289306640625
"Pereskia lychnidiflora",-96.1675,15.724444,"Pacific Lowlands province","Pereskia","No",13.4000015258789,28.0833339691162,4,370,0.023693323135376,25.4575328826904
"Pereskia lychnidiflora",-96.163134,15.725161,"Pacific Lowlands province","Pereskia","No",13.5,28.1333332061768,4,362,-0.340898931026459,4.98971796035767
"Pereskia lychnidiflora",-96.184197,15.727541,"Pacific Lowlands province","Pereskia","No",13.3000011444092,28.0500011444092,5,383,0.331731796264648,24.5078582763672
"Pereskia lychnidiflora",-96.182396,15.728244,"Pacific Lowlands province","Pereskia","No",13.3000011444092,28.0666675567627,4,379,3.18440818786621,25.1966705322266
"Pereskia lychnidiflora",-96.157365,15.732717,"Pacific Lowlands province","Pereskia","No",13.4000015258789,28.0833339691162,4,370,-0.573709607124329,7.47225189208984
"Pereskia lychnidiflora",-96.159302,15.73489,"Pacific Lowlands province","Pereskia","No",13.4000015258789,28.0666675567627,4,373,-1.64375615119934,14.5848579406738
"Pereskia lychnidiflora",-96.16892,15.74086,"Pacific Lowlands province","Pereskia","No",13.5,28.1000003814697,4,367,-2.51947689056396,6.67014694213867
"Pereskia lychnidiflora",-96.14167,15.74444,"Pacific Lowlands province","Pereskia","No",13.2999992370605,28.033332824707,4,378,1.05703067779541,11.5299530029297
"Pereskia lychnidiflora",-96.20197,15.746813,"Pacific Lowlands province","Pereskia","No",13.5,28.0833339691162,5,381,-0.932354927062988,10.3790893554688
"Pereskia lychnidiflora",-96.170601,15.749351,"Pacific Lowlands province","Pereskia","No",13.5,28.1166667938232,4,371,-0.902237892150879,7.36762237548828
"Pereskia lychnidiflora",-96.17062,15.7502,"Pacific Lowlands province","Pereskia","No",13.5999984741211,28.1499996185303,4,372,1.06309843063354,7.11361503601074
"Pereskia lychnidiflora",-96.143761,15.750541,"Pacific Lowlands province","Pereskia","No",13.3000011444092,28.0666675567627,4,381,-2.21652603149414,16.5153579711914
"Pereskia lychnidiflora",-96.203558,15.751268,"Pacific Lowlands province","Pereskia","No",13.5,28.1000003814697,5,382,0.747520446777344,8.30678558349609
"Pereskia lychnidiflora",-96.19998,15.755828,"Pacific Lowlands province","Pereskia","No",13.5,28.1000003814697,4,382,2.24980354309082,12.3093643188477
"Pereskia lychnidiflora",-96.166122,15.755835,"Pacific Lowlands province","Pereskia","No",13.5,28.1166667938232,4,374,-0.260256290435791,6.35111999511719
"Pereskia lychnidiflora",-96.130952,15.759158,"Pacific Lowlands province","Pereskia","No",13.6000003814697,28.2666664123535,4,368,3.04582214355469,34.4003486633301
"Pereskia lychnidiflora",-96.161453,15.76059,"Pacific Lowlands province","Pereskia","No",13.5999984741211,28.1666660308838,4,375,-0.78206729888916,7.64102554321289
"Pereskia lychnidiflora",-96.19346,15.76811,"Pacific Lowlands province","Pereskia","No",13.6999988555908,28.1166667938232,5,387,1.59399795532227,6.49903869628906
"Pereskia lychnidiflora",-96.1332,15.768462,"Pacific Lowlands province","Pereskia","No",13.6999988555908,28.2999992370605,4,371,-1.0460798740387,5.65052604675293
"Pereskia lychnidiflora",-96.121524,15.768745,"Pacific Lowlands province","Pereskia","No",13.5999984741211,28.3166656494141,4,371,-2.34295964241028,10.699836730957
"Pereskia lychnidiflora",-96.200218,15.772347,"Pacific Lowlands province","Pereskia","No",13.6999988555908,28.0999984741211,5,388,-0.97234058380127,2.56465911865234
"Pereskia lychnidiflora",-96.239754,15.772959,"Pacific Lowlands province","Pereskia","No",14,28.2000007629395,5,376,-2.48709392547607,7.6024169921875
"Pereskia lychnidiflora",-96.15958,15.77631,"Pacific Lowlands province","Pereskia","No",13.7000007629395,28.1666660308838,4,387,2.35466384887695,15.4727478027344
"Pereskia lychnidiflora",-96.210304,15.779168,"Pacific Lowlands province","Pereskia","No",13.9000015258789,28.1499996185303,5,387,1.04819679260254,11.4604263305664
"Pereskia lychnidiflora",-96.19961,15.779699,"Pacific Lowlands province","Pereskia","No",13.6999988555908,28.0999984741211,4,393,-0.0599966049194336,2.11006164550781
"Pereskia lychnidiflora",-96.155095,15.781602,"Pacific Lowlands province","Pereskia","No",13.7999992370605,28.25,4,384,-0.0298871994018555,3.83911895751953
"Pereskia lychnidiflora",-96.190162,15.78169,"Pacific Lowlands province","Pereskia","No",13.6999988555908,28.0999984741211,4,395,0.62281608581543,6.91464233398438
"Pereskia lychnidiflora",-96.060558,15.78311,"Pacific Lowlands province","Pereskia","No",13.6000003814697,28.2666664123535,3,367,0.723897695541382,19.9473438262939
"Pereskia lychnidiflora",-96.218185,15.783434,"Pacific Lowlands province","Pereskia","No",14,28.1333332061768,5,394,-1.19207572937012,4.71646118164062
"Pereskia lychnidiflora",-96.205779,15.783554,"Pacific Lowlands province","Pereskia","No",13.9000015258789,28.1333332061768,5,393,-0.1031494140625,13.9855728149414
"Pereskia lychnidiflora",-96.058701,15.784256,"Pacific Lowlands province","Pereskia","No",13.4999980926514,28.1666660308838,3,376,-1.13298273086548,6.55831909179688
"Pereskia lychnidiflora",-96.145918,15.784511,"Pacific Lowlands province","Pereskia","No",13.8000011444092,28.2999992370605,4,385,-0.633311748504639,21.0077362060547
"Pereskia lychnidiflora",-96.058319,15.785048,"Pacific Lowlands province","Pereskia","No",13.7000007629395,28.216667175293,3,369,1.36978960037231,8.85592651367188
"Pereskia lychnidiflora",-96.11515,15.79362,"Pacific Lowlands province","Pereskia","No",13.5999984741211,28.3166656494141,3,376,-1.48236608505249,6.12608909606934
"Pereskia lychnidiflora",-96.065,15.8075,"Pacific Lowlands province","Pereskia","No",13.6000003814697,28.2000007629395,4,380,-0.882107257843018,20.6831436157227
"Pereskia lychnidiflora",-95.98492,15.813888,"Pacific Lowlands province","Pereskia","No",13.8000011444092,28.3000011444092,3,362,-5.21830368041992,19.8495330810547
"Pereskia lychnidiflora",-95.96056,15.83472,"Pacific Lowlands province","Pereskia","No",13.9000015258789,28.2666664123535,3,356,-0.903581142425537,2.35271263122559
"Pereskia lychnidiflora",-95.95306,15.83583,"Pacific Lowlands province","Pereskia","No",13.9000015258789,28.25,3,357,-1.4413890838623,8.12866115570068
"Pereskia lychnidiflora",-96.32666,15.84361,"Pacific Lowlands province","Pereskia","No",15.1000022888184,27.1499996185303,5,386,-3.48011016845703,14.7982635498047
"Pereskia lychnidiflora",-95.913611,15.843889,"Pacific Lowlands province","Pereskia","No",14.2000007629395,28.3666667938232,2,351,-0.130256652832031,3.57528972625732
"Pereskia lychnidiflora",-95.837,15.86511,"Pacific Lowlands province","Pereskia","No",14.5,28.7000007629395,2,338,-0.926676392555237,9.56941413879395
"Pereskia lychnidiflora",-95.960641,15.866324,"Pacific Lowlands province","Pereskia","No",13.8999996185303,28.1333332061768,3,360,2.37843084335327,35.0931739807129
"Pereskia lychnidiflora",-95.95416,15.86666,"Pacific Lowlands province","Pereskia","No",13.8999996185303,28.1333332061768,3,360,-1.00161266326904,18.5017585754395
"Pereskia lychnidiflora",-95.810833,15.8925,"Pacific Lowlands province","Pereskia","No",14.7000007629395,28.7333335876465,2,330,-0.514931440353394,5.8718090057373
"Pereskia lychnidiflora",-95.93306,15.90472,"Pacific Lowlands province","Pereskia","No",14.3999996185303,27.5833339691162,3,360,-0.727687835693359,32.2819671630859
"Pereskia lychnidiflora",-95.856944,15.914167,"Pacific Lowlands province","Pereskia","No",14.6999988555908,28.6333332061768,2,335,0.228532552719116,2.82139587402344
"Pereskia lychnidiflora",-96.075,15.949167,"Pacific Lowlands province","Pereskia","No",14.1999988555908,26.0499992370605,3,376,-1.42555618286133,8.65399169921875
"Pereskia lychnidiflora",-95.16667,16.16667,"Pacific Lowlands province","Pereskia","No",15.3000011444092,28.9333324432373,1,269,-1.72196745872498,37.9358520507812
"Pereskia lychnidiflora",-95.132693,16.195862,"Pacific Lowlands province","Pereskia","No",15.2999992370605,29.0499992370605,1,278,-0.143293440341949,1.79146432876587
"Pereskia lychnidiflora",-95.141667,16.241667,"Pacific Lowlands province","Pereskia","No",15.7999992370605,29.1999988555908,2,273,0.95183277130127,25.7108917236328
"Pereskia lychnidiflora",-95.177222,16.244444,"Pacific Lowlands province","Pereskia","No",16.1000003814697,29.4500007629395,2,274,-0.424705624580383,3.04625129699707
"Pereskia lychnidiflora",-95.275,16.271944,"Pacific Lowlands province","Pereskia","No",16.7000007629395,29.2333335876465,1,259,-0.203163146972656,0.903343200683594
"Pereskia lychnidiflora",-95.44306,16.31528,"Pacific Lowlands province","Pereskia","No",16.8000011444092,27.0499992370605,1,202,-0.513767242431641,35.2152709960938
"Pereskia lychnidiflora",-95.099813,16.319511,"Pacific Lowlands province","Pereskia","No",15.6999988555908,29.1166667938232,2,282,0.7730593085289,4.20517015457153
"Pereskia lychnidiflora",-95.1413,16.32663,"Pacific Lowlands province","Pereskia","No",16.0000019073486,29.2333335876465,2,278,-0.106645107269287,0.45734691619873
"Pereskia lychnidiflora",-95.009013,16.333725,"Pacific Lowlands province","Pereskia","No",15,28.783332824707,2,287,0.419176757335663,1.90717017650604
"Pereskia lychnidiflora",-95.212264,16.346214,"Pacific Lowlands province","Pereskia","No",16.6999988555908,29.3833332061768,3,265,-0.283297538757324,2.23671722412109
"Pereskia lychnidiflora",-95.198642,16.353572,"Pacific Lowlands province","Pereskia","No",16.4999980926514,29.283332824707,2,268,0.00786709785461426,1.02935791015625
"Pereskia lychnidiflora",-95.178889,16.360278,"Pacific Lowlands province","Pereskia","No",16.2999992370605,29.283332824707,2,270,0.00963592529296875,0.558469772338867
"Pereskia lychnidiflora",-95.322254,16.362402,"Pacific Lowlands province","Pereskia","No",16.3999977111816,28.7999992370605,1,244,-0.372355461120605,4.07999420166016
"Pereskia lychnidiflora",-95.32694,16.36416,"Pacific Lowlands province","Pereskia","No",16.4000015258789,28.6166667938232,1,240,-0.0689668655395508,3.92827606201172
"Pereskia lychnidiflora",-95.366667,16.377778,"Pacific Lowlands province","Pereskia","No",16.3999996185303,27.3999996185303,1,199,-0.631500244140625,48.340087890625
"Pereskia lychnidiflora",-95.623889,16.386944,"Pacific Lowlands province","Pereskia","No",17.8999996185303,28.1499996185303,1,190,-0.0155735015869141,1.56932067871094
"Pereskia lychnidiflora",-95.105833,16.395278,"Pacific Lowlands province","Pereskia","No",15.8000011444092,29.1666679382324,2,284,-0.0514582395553589,0.202273368835449
"Pereskia lychnidiflora",-95.114431,16.3958,"Pacific Lowlands province","Pereskia","No",15.8000011444092,29.1833343505859,2,281,-0.036221981048584,0.581310272216797
"Pereskia lychnidiflora",-95.783611,16.395833,"Pacific Lowlands province","Pereskia","No",18.7999992370605,26.1999988555908,2,207,-1.02468872070312,12.812255859375
"Pereskia lychnidiflora",-95.092778,16.401944,"Pacific Lowlands province","Pereskia","No",15.6999988555908,29.1333332061768,2,285,0.000643372535705566,0.639290809631348
"Pereskia lychnidiflora",-95.3099,16.40295,"Pacific Lowlands province","Pereskia","No",16.3999977111816,28.7999992370605,2,243,-0.521932601928711,10.6105804443359
"Pereskia lychnidiflora",-95.577198,16.40748,"Pacific Lowlands province","Pereskia","No",17.9000015258789,28.4500007629395,0,184,-0.0574836730957031,2.12338256835938
"Pereskia lychnidiflora",-95.392344,16.409498,"Pacific Lowlands province","Pereskia","No",16.6000003814697,27.75,1,185,-3.06208992004395,30.4275207519531
"Pereskia lychnidiflora",-95.571361,16.410078,"Pacific Lowlands province","Pereskia","No",18,28.6500015258789,0,184,0.48286247253418,2.84014892578125
"Pereskia lychnidiflora",-95.560278,16.4125,"Pacific Lowlands province","Pereskia","No",18,28.6500015258789,0,184,-0.261758804321289,3.60298156738281
"Pereskia lychnidiflora",-95.331242,16.416844,"Pacific Lowlands province","Pereskia","No",16.4999980926514,28.8166656494141,1,246,0.00748300552368164,1.4032096862793
"Pereskia lychnidiflora",-95.3333444,16.4174426,"Pacific Lowlands province","Pereskia","No",16.3999996185303,28.7666664123535,1,242,0.907918930053711,3.92292785644531
"Pereskia lychnidiflora",-95.59111,16.42777,"Pacific Lowlands province","Pereskia","No",17.9999980926514,28.5833339691162,0,186,0.703620910644531,2.48725891113281
"Pereskia lychnidiflora",-95.182883,16.45309,"Pacific Lowlands province","Pereskia","No",16.0999984741211,29.0666656494141,1,254,-0.0986766815185547,1.34569549560547
"Pereskia lychnidiflora",-94.890985,16.458635,"Pacific Lowlands province","Pereskia","No",15.7000007629395,28.9500007629395,4,289,-0.251268565654755,1.36290121078491
"Pereskia lychnidiflora",-95.006629,16.467858,"Pacific Lowlands province","Pereskia","No",15.3999977111816,28.8166656494141,3,294,-0.0646059513092041,1.12114906311035
"Pereskia lychnidiflora",-94.498642,16.468244,"Pacific Lowlands province","Pereskia","No",19.2000007629395,29.5,1,339,-0.2154860496521,0.74870491027832
"Pereskia lychnidiflora",-95.517834,16.502135,"Pacific Lowlands province","Pereskia","No",17.8000011444092,28.4333343505859,0,175,0.883697509765625,7.48135375976562
"Pereskia lychnidiflora",-95.080741,16.519454,"Pacific Lowlands province","Pereskia","No",15.8000011444092,29.0833320617676,1,270,-0.100872039794922,1.96429061889648
"Pereskia lychnidiflora",-95.306168,16.529299,"Pacific Lowlands province","Pereskia","No",16.5,26.4333324432373,3,192,0.82281494140625,40.1067504882812
"Pereskia lychnidiflora",-95.020038,16.54663,"Pacific Lowlands province","Pereskia","No",15.3999977111816,28.783332824707,2,285,-0.118923664093018,1.44375610351562
"Pereskia lychnidiflora",-95.008214,16.54672,"Pacific Lowlands province","Pereskia","No",15.4999980926514,28.75,3,288,-0.074488639831543,1.51030731201172
"Pereskia lychnidiflora",-95.123394,16.556994,"Pacific Lowlands province","Pereskia","No",16,29.1166667938232,3,250,0.125569343566895,1.48146057128906
"Pereskia lychnidiflora",-95.136389,16.560833,"Pacific Lowlands province","Pereskia","No",15.7999992370605,28.9500007629395,2,243,0.0763463973999023,2.34238433837891
"Pereskia lychnidiflora",-94.94381,16.59894,"Pacific Lowlands province","Pereskia","No",15.3999996185303,28.5,5,295,-1.36094617843628,3.39300537109375
"Pereskia lychnidiflora",-96.038267,16.599256,"Pacific Lowlands province","Pereskia","No",21,25.8166675567627,2,209,-0.112525939941406,4.04901123046875
"Pereskia lychnidiflora",-95.50175,16.61372,"Pacific Lowlands province","Pereskia","No",17.9000015258789,27.9833335876465,0,160,3.61559104919434,20.1306457519531
"Pereskia lychnidiflora",-94.965166,16.622417,"Pacific Lowlands province","Pereskia","No",15.4999980926514,27.7000007629395,7,263,-2.11014556884766,8.80679321289062
"Pereskia lychnidiflora",-95.01472,16.64527,"Pacific Lowlands province","Pereskia","No",15.4000015258789,28.1333332061768,3,281,0.351768493652344,1.40966796875
"Pereskia lychnidiflora",-94.999466,16.662917,"Pacific Lowlands province","Pereskia","No",15.5999984741211,27.25,9,247,-0.656517028808594,63.8106079101562
"Pereskia lychnidiflora",-94.913611,16.885556,"Veracruzan province","Pereskia","No",16.1000022888184,27.5166664123535,32,372,-2.36075401306152,6.85208129882812
"Pereskiopsis diguetii",-96.141667,15.741667,"Pacific Lowlands province","Pereskiopsis","Mexico",13.2999992370605,28.033332824707,4,378,3.27674102783203,19.5982398986816
"Pereskiopsis diguetii",-96.14454,15.7552,"Pacific Lowlands province","Pereskiopsis","Mexico",13.3000011444092,28.0666675567627,4,381,-3.82696962356567,17.7621536254883
"Pereskiopsis diguetii",-95.6725,16.003333,"Pacific Lowlands province","Pereskiopsis","Mexico",14.9000015258789,28.4166679382324,1,294,-2.23189067840576,26.2378692626953
"Pereskiopsis diguetii",-95.375759,16.034812,"Pacific Lowlands province","Pereskiopsis","Mexico",15.2999992370605,28.8666667938232,1,278,-2.21259474754333,40.4776916503906
"Pereskiopsis diguetii",-95.65825,16.09361,"Pacific Lowlands province","Pereskiopsis","Mexico",15.5000019073486,27.8333339691162,1,266,0.0968265533447266,7.60176086425781
"Pereskiopsis diguetii",-95.38333,16.33333,"Pacific Lowlands province","Pereskiopsis","Mexico",16.5,28,1,213,0.159875869750977,3.10527038574219
"Pereskiopsis diguetii",-95.335278,16.349444,"Pacific Lowlands province","Pereskiopsis","Mexico",16.3999996185303,28.5166664123535,1,234,-0.283364295959473,6.14431762695312
"Pereskiopsis diguetii",-95.376389,16.355556,"Pacific Lowlands province","Pereskiopsis","Mexico",16.5,28.2333335876465,0,218,-0.745939254760742,2.65744018554688
"Pereskiopsis diguetii",-95.181298,17.089752,"Veracruzan province","Pereskiopsis","Mexico",16.3000011444092,27.1000003814697,31,398,-1.31565093994141,3.30961608886719
"Pereskiopsis diguetii",-97.943055,17.686667,"Sierra Madre del Sur province","Pereskiopsis","Mexico",22.6999988555908,24.466667175293,5,243,-2.607421875,64.123046875
"Pereskiopsis kellermanii",-96.305555,15.697222,"Pacific Lowlands province","Pereskiopsis","No",13.9000015258789,27.9166679382324,5,338,1.4556827545166,14.4588661193848
"Pereskiopsis kellermanii",-96.166745,15.723006,"Pacific Lowlands province","Pereskiopsis","No",13.4000015258789,28.0833339691162,4,370,-3.77211141586304,33.3407707214355
"Pereskiopsis kellermanii",-96.158808,15.733477,"Pacific Lowlands province","Pereskiopsis","No",13.4000015258789,28.0666675567627,4,373,1.9028457403183,15.1194362640381
"Pereskiopsis kellermanii",-96.203695,15.741372,"Pacific Lowlands province","Pereskiopsis","No",13.5,28.0833339691162,5,375,0.115277290344238,5.34040069580078
"Pereskiopsis kellermanii",-96.141667,15.744444,"Pacific Lowlands province","Pereskiopsis","No",13.2999992370605,28.033332824707,4,378,1.05703067779541,11.5299530029297
"Pereskiopsis kellermanii",-96.149111,15.753889,"Pacific Lowlands province","Pereskiopsis","No",13.3000011444092,28.0666675567627,4,381,3.28898334503174,7.07653427124023
"Pereskiopsis kellermanii",-96.150069,15.756533,"Pacific Lowlands province","Pereskiopsis","No",13.3999996185303,28.1000003814697,4,380,0.685480117797852,15.5877380371094
"Pereskiopsis kellermanii",-96.192222,15.757763,"Pacific Lowlands province","Pereskiopsis","No",13.5,28.1000003814697,4,382,-2.28364849090576,9.30056762695312
"Pereskiopsis kellermanii",-96.19149,15.759503,"Pacific Lowlands province","Pereskiopsis","No",13.6999988555908,28.1333332061768,4,382,0.143913269042969,6.64749908447266
"Pereskiopsis kellermanii",-96.203369,15.762681,"Pacific Lowlands province","Pereskiopsis","No",13.6999988555908,28.1333332061768,5,383,-0.0608406066894531,8.04294586181641
"Pereskiopsis kellermanii",-96.193139,15.764125,"Pacific Lowlands province","Pereskiopsis","No",13.6999988555908,28.1333332061768,5,382,-0.879173278808594,10.4221038818359
"Pereskiopsis kellermanii",-96.195787,15.767258,"Pacific Lowlands province","Pereskiopsis","No",13.6999988555908,28.1166667938232,5,387,-0.311837196350098,2.67840576171875
"Pereskiopsis kellermanii",-96.20002,15.77289,"Pacific Lowlands province","Pereskiopsis","No",13.6999988555908,28.0999984741211,5,388,-0.296276092529297,4.17952728271484
"Pereskiopsis kellermanii",-96.200777,15.775575,"Pacific Lowlands province","Pereskiopsis","No",13.9000015258789,28.1499996185303,5,390,-0.436347007751465,7.12029266357422
"Pereskiopsis kellermanii",-96.16323,15.776,"Pacific Lowlands province","Pereskiopsis","No",13.7000007629395,28.1666660308838,4,387,2.64186382293701,8.94613647460938
"Pereskiopsis kellermanii",-96.175293,15.777994,"Pacific Lowlands province","Pereskiopsis","No",13.8000011444092,28.1666660308838,4,386,0.0108442306518555,7.58269500732422
"Pereskiopsis kellermanii",-96.199387,15.778816,"Pacific Lowlands province","Pereskiopsis","No",13.6999988555908,28.0999984741211,4,393,0.999131202697754,2.38166809082031
"Pereskiopsis kellermanii",-96.067734,15.813722,"Pacific Lowlands province","Pereskiopsis","No",13.6000003814697,28.1666660308838,4,384,-2.78006935119629,23.6500244140625
"Pereskiopsis kellermanii",-95.72583,15.97306,"Pacific Lowlands province","Pereskiopsis","No",14.7999992370605,28.6166667938232,2,308,-0.266589164733887,28.4516677856445
"Pereskiopsis kellermanii",-95.286627,16.106171,"Pacific Lowlands province","Pereskiopsis","No",15.4000015258789,28.8666667938232,1,276,0.548535943031311,6.17836952209473
"Pereskiopsis kellermanii",-95.82361,16.34611,"Pacific Lowlands province","Pereskiopsis","No",18.4000015258789,26.1166667938232,1,213,3.54656219482422,17.4488525390625
"Pereskiopsis kellermanii",-95.623611,16.386667,"Pacific Lowlands province","Pereskiopsis","No",17.8999996185303,28.1499996185303,1,190,0.0176296234130859,1.43994140625
"Pereskiopsis kellermanii",-94.9317,16.57278,"Pacific Lowlands province","Pereskiopsis","No",15.3999996185303,28.533332824707,3,291,-0.409910678863525,2.28546142578125
"Pereskiopsis kellermanii",-96.312778,16.673056,"Pacific Lowlands province","Pereskiopsis","No",20.7999992370605,25.6499996185303,3,270,-1.86345672607422,15.1747436523438
"Pereskiopsis rotundifolia",-96.288356,15.689695,"Pacific Lowlands province","Pereskiopsis","Mexico",13.8000011444092,27.9500007629395,5,338,0.352666199207306,1.40911817550659
"Pereskiopsis rotundifolia",-96.287614,15.692299,"Pacific Lowlands province","Pereskiopsis","Mexico",13.5999984741211,27.9166660308838,5,339,0.979889810085297,6.3473048210144
"Pereskiopsis rotundifolia",-96.196847,15.708844,"Pacific Lowlands province","Pereskiopsis","Mexico",13.5,28.1166667938232,4,364,-1.71086871623993,19.9965515136719
"Pereskiopsis rotundifolia",-96.162929,15.725023,"Pacific Lowlands province","Pereskiopsis","Mexico",13.5,28.1333332061768,4,362,-0.340898931026459,4.98971796035767
"Pereskiopsis rotundifolia",-96.146,15.750139,"Pacific Lowlands province","Pereskiopsis","Mexico",13.3000011444092,28.0666675567627,4,381,-0.175702095031738,13.208984375
"Pereskiopsis rotundifolia",-96.205938,15.76089,"Pacific Lowlands province","Pereskiopsis","Mexico",13.6999988555908,28.1333332061768,5,383,-0.784758567810059,4.62351226806641
"Pereskiopsis rotundifolia",-96.194078,15.76977,"Pacific Lowlands province","Pereskiopsis","Mexico",13.6999988555908,28.1166667938232,5,387,0.368321418762207,5.91078948974609
"Pereskiopsis rotundifolia",-96.201584,15.770421,"Pacific Lowlands province","Pereskiopsis","Mexico",13.6999988555908,28.0999984741211,5,388,0.0308046340942383,4.08546447753906
"Pereskiopsis rotundifolia",-95.376228,16.032118,"Pacific Lowlands province","Pereskiopsis","Mexico",15.1999988555908,28.75,1,277,1.91123557090759,25.1085968017578
"Pereskiopsis rotundifolia",-96.362901,16.550334,"Sierra Madre del Sur province","Pereskiopsis","Mexico",20.0000019073486,25.1666679382324,2,269,0.380691528320312,49.059326171875
"Pereskiopsis rotundifolia",-96.810855,17.050491,"Balsas Basin province","Pereskiopsis","Mexico",23.6999988555908,23.1833324432373,3,255,0.287445068359375,7.471923828125
"Pereskiopsis rotundifolia",-98.118611,17.529722,"Balsas Basin province","Pereskiopsis","Mexico",22.8000011444092,23.7000007629395,4,272,-2.04753112792969,30.8856201171875
"Pereskiopsis rotundifolia",-97.6431,17.7018,"Sierra Madre del Sur province","Pereskiopsis","Mexico",22.4000015258789,21.1333332061768,4,233,3.14494323730469,9.4993896484375
"Pilosocereus chrysacanthus",-96.626029,16.311099,"Sierra Madre del Sur province","Pilosocereus","Mexico",18.9000015258789,21.6666660308838,5,241,0.20684814453125,18.873291015625
"Pilosocereus chrysacanthus",-96.340972,16.55203,"Pacific Lowlands province","Pilosocereus","Mexico",19.8999977111816,24.9166660308838,2,267,-1.529052734375,41.5106201171875
"Pilosocereus chrysacanthus",-96.336865,16.571458,"Pacific Lowlands province","Pilosocereus","Mexico",19.8999977111816,24.8499984741211,3,264,-2.49302673339844,26.9732666015625
"Pilosocereus chrysacanthus",-96.3652,16.579502,"Sierra Madre del Sur province","Pilosocereus","Mexico",19.7999992370605,24.783332824707,2,266,1.25569152832031,34.87548828125
"Pilosocereus chrysacanthus",-96.37083,16.740524,"Sierra Madre del Sur province","Pilosocereus","Mexico",19.5,22.4833335876465,1,230,0.58697509765625,55.193115234375
"Pilosocereus chrysacanthus",-96.609679,17.039839,"Balsas Basin province","Pilosocereus","Mexico",22.6999988555908,22.75,3,246,-0.133041381835938,3.48486328125
"Pilosocereus chrysacanthus",-96.488056,17.326389,"Balsas Basin province","Pilosocereus","Mexico",19.2999992370605,19.216667175293,19,342,1.29156494140625,16.3712158203125
"Pilosocereus chrysacanthus",-96.569667,17.401472,"Balsas Basin province","Pilosocereus","Mexico",22.7999992370605,23.3999996185303,15,308,4.26100158691406,30.25830078125
"Pilosocereus chrysacanthus",-97.01675,17.412444,"Sierra Madre del Sur province","Pilosocereus","Mexico",22.5999984741211,23.1333332061768,5,255,-1.47164916992188,40.0146484375
"Pilosocereus chrysacanthus",-97.01369,17.43914,"Sierra Madre del Sur province","Pilosocereus","Mexico",23,23.716667175293,6,257,-2.2813720703125,16.7352294921875
"Pilosocereus chrysacanthus",-96.944917,17.564472,"Balsas Basin province","Pilosocereus","Mexico",21.1000003814697,22.0833339691162,11,265,3.31651306152344,33.2977294921875
"Pilosocereus chrysacanthus",-96.924462,17.60963,"Balsas Basin province","Pilosocereus","Mexico",23.3999996185303,26.6833343505859,12,273,-1.92610168457031,9.56982421875
"Pilosocereus chrysacanthus",-96.939188,17.714188,"Balsas Basin province","Pilosocereus","Mexico",23.0999984741211,28.1499996185303,4,162,-1.43074035644531,29.0601196289062
"Pilosocereus chrysacanthus",-97.819679,17.765092,"Balsas Basin province","Pilosocereus","Mexico",23.1000003814697,23.2333335876465,5,233,0.49530029296875,8.94287109375
"Pilosocereus chrysacanthus",-96.944969,17.78969,"Balsas Basin province","Pilosocereus","Mexico",23.5,27.6499996185303,10,210,2.00316619873047,19.88916015625
"Pilosocereus chrysacanthus",-96.926667,17.844444,"Sierra Madre del Sur province","Pilosocereus","Mexico",24.2999992370605,26.5166664123535,24,347,3.29144287109375,23.7760009765625
"Pilosocereus chrysacanthus",-97.043373,17.86248,"Balsas Basin province","Pilosocereus","Mexico",24.5000019073486,28.0166664123535,9,203,1.64771270751953,23.834716796875
"Pilosocereus chrysacanthus",-97.038689,17.862927,"Balsas Basin province","Pilosocereus","Mexico",24.1999988555908,28.3999996185303,6,182,0.151725769042969,34.4074096679688
"Pilosocereus chrysacanthus",-97.026107,17.86866,"Balsas Basin province","Pilosocereus","Mexico",24,28.6499996185303,4,157,3.15499877929688,36.847412109375
"Pilosocereus chrysacanthus",-96.955278,17.916944,"Balsas Basin province","Pilosocereus","Mexico",24.3999996185303,27.0499992370605,22,347,3.547607421875,34.3072509765625
"Pilosocereus chrysacanthus",-97.262652,17.953818,"Sierra Madre del Sur province","Pilosocereus","Mexico",22.6000003814697,22.283332824707,6,204,-8.29820251464844,32.1485595703125
"Pilosocereus chrysacanthus",-98.033415,17.969802,"Balsas Basin province","Pilosocereus","Mexico",20.7999992370605,23.25,5,248,-0.162109375,22.073974609375
"Pilosocereus chrysacanthus",-97.0602,18.1491,"Balsas Basin province","Pilosocereus","Mexico",25.6999988555908,26.6333332061768,16,264,3.52983093261719,41.081787109375
"Pilosocereus chrysacanthus",-97.6836,18.1725,"Balsas Basin province","Pilosocereus","Mexico",20.8999996185303,22.7999992370605,4,194,-1.03024291992188,6.3817138671875
"Pilosocereus collinsii",-96.203367,15.71231,"Pacific Lowlands province","Pilosocereus","Mexico",13.6000003814697,28.1166667938232,5,356,0.861881256103516,6.46993541717529
"Pilosocereus collinsii",-96.167591,15.720808,"Pacific Lowlands province","Pilosocereus","Mexico",13.4000015258789,28.0833339691162,4,370,3.73524403572083,29.0290050506592
"Pilosocereus collinsii",-96.166642,15.723177,"Pacific Lowlands province","Pilosocereus","Mexico",13.5,28.1666660308838,4,359,-3.77211141586304,33.3407707214355
"Pilosocereus collinsii",-96.162738,15.725034,"Pacific Lowlands province","Pilosocereus","Mexico",13.5,28.1333332061768,4,362,-0.144287526607513,4.75976324081421
"Pilosocereus collinsii",-96.157779,15.726099,"Pacific Lowlands province","Pilosocereus","Mexico",13.4000015258789,28.0833339691162,4,370,-2.07467555999756,27.5750064849854
"Pilosocereus collinsii",-96.158854,15.733485,"Pacific Lowlands province","Pilosocereus","Mexico",13.4000015258789,28.0666675567627,4,373,1.9028457403183,15.1194362640381
"Pilosocereus collinsii",-96.154488,15.734325,"Pacific Lowlands province","Pilosocereus","Mexico",13.4000015258789,28.0499992370605,4,374,-2.35774755477905,17.9587631225586
"Pilosocereus collinsii",-96.202072,15.737508,"Pacific Lowlands province","Pilosocereus","Mexico",13.5,28.0833339691162,5,375,-2.2249813079834,8.65914535522461
"Pilosocereus collinsii",-96.202041,15.747006,"Pacific Lowlands province","Pilosocereus","Mexico",13.5,28.0833339691162,5,381,-0.188098907470703,11.4009094238281
"Pilosocereus collinsii",-96.125228,15.751558,"Pacific Lowlands province","Pilosocereus","Mexico",13.4999980926514,28.2333335876465,4,368,4.39617872238159,23.8392333984375
"Pilosocereus collinsii",-96.14167,15.75167,"Pacific Lowlands province","Pilosocereus","Mexico",13.3000011444092,28.0666675567627,4,381,-0.850419044494629,23.3923530578613
"Pilosocereus collinsii",-96.160044,15.755615,"Pacific Lowlands province","Pilosocereus","Mexico",13.5,28.1166667938232,4,374,-0.409502029418945,7.72363662719727
"Pilosocereus collinsii",-96.140155,15.761056,"Pacific Lowlands province","Pilosocereus","Mexico",13.6000003814697,28.216667175293,4,373,-2.14647388458252,12.4190254211426
"Pilosocereus collinsii",-96.167021,15.761445,"Pacific Lowlands province","Pilosocereus","Mexico",13.5999984741211,28.1666660308838,4,375,-3.98849725723267,8.69694900512695
"Pilosocereus collinsii",-96.188062,15.763233,"Pacific Lowlands province","Pilosocereus","Mexico",13.6999988555908,28.1333332061768,4,382,0.260259628295898,12.1148071289062
"Pilosocereus collinsii",-96.106631,15.764842,"Pacific Lowlands province","Pilosocereus","Mexico",13.4000015258789,28.3166656494141,3,373,-0.591253280639648,4.17627716064453
"Pilosocereus collinsii",-96.113441,15.76777,"Pacific Lowlands province","Pilosocereus","Mexico",13.5,28.25,4,380,-1.96394491195679,17.7902030944824
"Pilosocereus collinsii",-96.193086,15.768302,"Pacific Lowlands province","Pilosocereus","Mexico",13.6999988555908,28.1166667938232,5,387,-1.98967838287354,4.55320739746094
"Pilosocereus collinsii",-96.135081,15.76924,"Pacific Lowlands province","Pilosocereus","Mexico",13.6999988555908,28.283332824707,4,371,1.07025384902954,9.64530563354492
"Pilosocereus collinsii",-96.14756,15.772289,"Pacific Lowlands province","Pilosocereus","Mexico",13.6000003814697,28.2000007629395,4,377,0.425929069519043,19.6328277587891
"Pilosocereus collinsii",-96.200688,15.774351,"Pacific Lowlands province","Pilosocereus","Mexico",13.6999988555908,28.0999984741211,5,388,0.16309928894043,2.77651214599609
"Pilosocereus collinsii",-96.200452,15.777748,"Pacific Lowlands province","Pilosocereus","Mexico",13.9000015258789,28.1499996185303,5,390,-0.407008171081543,4.84666442871094
"Pilosocereus collinsii",-96.198652,15.778672,"Pacific Lowlands province","Pilosocereus","Mexico",13.6999988555908,28.0999984741211,4,393,0.36716365814209,6.56050872802734
"Pilosocereus collinsii",-96.210856,15.77946,"Pacific Lowlands province","Pilosocereus","Mexico",13.9000015258789,28.1499996185303,5,387,-1.0059986114502,7.97219085693359
"Pilosocereus collinsii",-96.060623,15.783007,"Pacific Lowlands province","Pilosocereus","Mexico",13.6000003814697,28.2666664123535,3,367,0.723897695541382,19.9473438262939
"Pilosocereus collinsii",-96.060334,15.783538,"Pacific Lowlands province","Pilosocereus","Mexico",13.4999980926514,28.1666660308838,3,376,-1.57520318031311,7.62198257446289
"Pilosocereus collinsii",-96.058311,15.785576,"Pacific Lowlands province","Pilosocereus","Mexico",13.7000007629395,28.216667175293,3,369,0.0497074127197266,14.3160762786865
"Pilosocereus collinsii",-96.063889,15.791667,"Pacific Lowlands province","Pilosocereus","Mexico",13.4999980926514,28.1666660308838,4,380,-2.03367042541504,11.1418075561523
"Pilosocereus collinsii",-95.22061,16.18913,"Pacific Lowlands province","Pilosocereus","Mexico",15.5,28.75,1,256,-3.82165336608887,24.3412475585938
"Pilosocereus collinsii",-95.314068,16.38081,"Pacific Lowlands province","Pilosocereus","Mexico",16.5,28.6166667938232,1,219,0.401485443115234,9.87527465820312
"Pilosocereus collinsii",-94.530503,16.528483,"Pacific Lowlands province","Pilosocereus","Mexico",18.6999988555908,29.25,4,350,0.0643181800842285,0.401832580566406
"Pilosocereus collinsii",-95.01241,16.538002,"Pacific Lowlands province","Pilosocereus","Mexico",15.3999977111816,28.783332824707,2,287,0.268573522567749,2.34254455566406
"Pilosocereus collinsii",-94.719977,16.538119,"Pacific Lowlands province","Pilosocereus","Mexico",16.6000022888184,29.1666679382324,5,305,-0.121776103973389,0.840763092041016
"Pilosocereus collinsii",-95.216616,16.582073,"Pacific Lowlands province","Pilosocereus","Mexico",16.0999984741211,28.3999996185303,1,197,1.12897872924805,35.0830230712891
"Pilosocereus collinsii",-95.229631,16.5988,"Pacific Lowlands province","Pilosocereus","Mexico",16.2999992370605,28.3333320617676,1,182,-3.88691139221191,8.51004028320312
"Pilosocereus collinsii",-95.231378,16.608172,"Pacific Lowlands province","Pilosocereus","Mexico",16.2999992370605,28.25,1,172,-1.91572761535645,13.3677978515625
"Pilosocereus collinsii",-95.01339,16.61131,"Pacific Lowlands province","Pilosocereus","Mexico",15.5000019073486,28.5166664123535,3,283,0.308795928955078,2.46568298339844
"Pilosocereus collinsii",-94.987096,16.739992,"Pacific Lowlands province","Pilosocereus","Mexico",16.5000019073486,27.6499996185303,15,294,0.774372100830078,50.0273895263672
"Pilosocereus leucocephalus",-96.626111,15.7075,"Pacific Lowlands province","Pilosocereus","No",15.4000015258789,26.9166679382324,4,392,-0.0860700607299805,4.98579025268555
"Pilosocereus leucocephalus",-96.160881,15.726055,"Pacific Lowlands province","Pilosocereus","No",13.5,28.1333332061768,4,362,-0.285272657871246,1.52323055267334
"Pilosocereus leucocephalus",-96.148579,15.754536,"Pacific Lowlands province","Pilosocereus","No",13.3000011444092,28.0666675567627,4,381,-3.20970439910889,11.4415512084961
"Pilosocereus leucocephalus",-96.122062,15.767756,"Pacific Lowlands province","Pilosocereus","No",13.5999984741211,28.3166656494141,4,371,-1.85690426826477,16.9726638793945
"Pilosocereus leucocephalus",-96.136519,15.76892,"Pacific Lowlands province","Pilosocereus","No",13.6999988555908,28.283332824707,4,371,2.63724613189697,10.7945823669434
"Pilosocereus leucocephalus",-96.446915,15.770696,"Pacific Lowlands province","Pilosocereus","No",15.6999988555908,27.3666667938232,6,330,5.89535713195801,10.4972381591797
"Pilosocereus leucocephalus",-95.094818,16.525324,"Pacific Lowlands province","Pilosocereus","No",15.7999992370605,28.966667175293,1,251,0.616862297058105,4.74913024902344
"Pilosocereus leucocephalus",-96.247945,16.674436,"Sierra Madre del Sur province","Pilosocereus","No",20.0999984741211,25.1000003814697,4,270,-3.08381652832031,29.438720703125
"Pilosocereus leucocephalus",-94.7421,16.71478,"Pacific Lowlands province","Pilosocereus","No",16.2999992370605,27.7999992370605,21,318,5.20523452758789,28.3857116699219
"Pilosocereus leucocephalus",-96.38055,16.9367,"Balsas Basin province","Pilosocereus","No",20.2999992370605,21.4833335876465,2,274,1.78265380859375,12.160400390625
"Pilosocereus leucocephalus",-96.573949,17.395102,"Balsas Basin province","Pilosocereus","No",22.5,23.0499992370605,13,293,9.49790954589844,38.552001953125
"Pilosocereus leucocephalus",-96.851828,17.576106,"Balsas Basin province","Pilosocereus","No",23,27.1166667938232,10,246,-5.27201080322266,16.6609497070312
"Pilosocereus leucocephalus",-97.163505,18.149814,"Balsas Basin province","Pilosocereus","No",26.0999984741211,27.75,5,168,-0.107192993164062,2.89141845703125
"Pilosocereus quadricentralis",-96.193975,15.754175,"Pacific Lowlands province","Pilosocereus","Mexico",13.5,28.1000003814697,4,382,5.28882598876953,12.7326202392578
"Pilosocereus quadricentralis",-95.985278,15.851944,"Pacific Lowlands province","Pilosocereus","Mexico",13.8999996185303,27.75,3,382,1.38791465759277,16.5393371582031
"Pilosocereus quadricentralis",-95.786,15.92272,"Pacific Lowlands province","Pilosocereus","Mexico",15.1000003814697,29.0166664123535,2,323,0.154021978378296,2.98172521591187
"Pilosocereus quadricentralis",-94.091944,16.238611,"Pacific Lowlands province","Pilosocereus","Mexico",16.8999977111816,29.4500007629395,1,455,0.538981318473816,1.31411457061768
"Pilosocereus quadricentralis",-96.2735173,16.6693587,"Sierra Madre del Sur province","Pilosocereus","Mexico",21,25.8333320617676,4,263,-1.44161987304688,7.88372802734375
"Pilosocereus quadricentralis",-96.221148,16.679759,"Sierra Madre del Sur province","Pilosocereus","Mexico",19.6000003814697,24.6000003814697,3,269,-0.82855224609375,59.279052734375
"Pilosocereus quadricentralis",-96.171944,16.684444,"Pacific Lowlands province","Pilosocereus","Mexico",20.7999992370605,25.9166660308838,4,253,2.12442779541016,24.6472778320312
"Pilosocereus quadricentralis",-95.835956,16.702203,"Sierra Madre del Sur province","Pilosocereus","Mexico",15.4000005722046,21.8166656494141,3,250,1.57929992675781,59.34814453125
"Pilosocereus quadricentralis",-95.662057,16.737251,"Sierra Madre del Sur province","Pilosocereus","Mexico",19.2000007629395,26.3999996185303,9,222,3.58015441894531,36.1670227050781
"Pilosocereus quadricentralis",-96.335829,16.7537544,"Sierra Madre del Sur province","Pilosocereus","Mexico",19.7999992370605,22.533332824707,1,235,0.348602294921875,63.5882568359375
"Pilosocereus quadricentralis",-96.209503,16.772334,"Sierra Madre del Sur province","Pilosocereus","Mexico",19.2000007629395,23.1333332061768,3,272,-3.17010498046875,71.2452392578125
"Pilosocereus quadricentralis",-96.368928,16.777671,"Balsas Basin province","Pilosocereus","Mexico",19.7999992370605,21.6666660308838,1,235,-2.0872802734375,17.296630859375
"Pilosocereus quadricentralis",-95.934517,16.782397,"Pacific Lowlands province","Pilosocereus","Mexico",20.1999988555908,25.3999996185303,7,310,1.40207672119141,24.504150390625
"Pilosocereus quadricentralis",-96.518387,17.394842,"Sierra Madre del Sur province","Pilosocereus","Mexico",17,16.966667175293,13,107,-0.021392822265625,40.582275390625
"Rhipsalis baccifera",-95.0425,16.703889,"Pacific Lowlands province","Rhipsalis","No",15.7999992370605,26.033332824707,14,224,3.22107696533203,65.5895385742188
"Rhipsalis baccifera",-95.516667,16.733333,"Sierra Madre del Sur province","Rhipsalis","No",15.8999996185303,22.7333335876465,10,224,-1.40386962890625,41.1058349609375
"Rhipsalis baccifera",-95.464389,16.7372,"Sierra Madre del Sur province","Rhipsalis","No",15.8999996185303,23.3166656494141,13,394,0.039642333984375,40.5067138671875
"Rhipsalis baccifera",-95.525,16.741667,"Sierra Madre del Sur province","Rhipsalis","No",16.5,23.2333335876465,12,221,-0.338043212890625,39.78662109375
"Rhipsalis baccifera",-95.299065,16.883904,"Sierra Madre del Sur province","Rhipsalis","No",15.9999990463257,25.4500007629395,15,489,0.693096160888672,16.23974609375
"Rhipsalis baccifera",-94.587778,17.073889,"Veracruzan province","Rhipsalis","No",15.0999994277954,24.9333343505859,35,586,0.894538879394531,44.8933715820312
"Rhipsalis baccifera",-94.061111,17.0775,"Veracruzan province","Rhipsalis","No",17,27.0666675567627,57,747,-3.7796459197998,34.4408416748047
"Rhipsalis baccifera",-97.866176,17.081275,"Sierra Madre del Sur province","Rhipsalis","No",19.8999996185303,24.466667175293,5,403,-1.35145568847656,21.94921875
"Rhipsalis baccifera",-95.567972,17.247556,"Veracruzan province","Rhipsalis","No",17.1999988555908,26.8666667938232,33,505,0.333305358886719,9.61001586914062
"Rhipsalis baccifera",-96.3235,17.43183,"Sierra Madre del Sur province","Rhipsalis","No",20,25.1833343505859,37,469,0.70318603515625,51.6102905273438
"Rhipsalis baccifera",-96.265333,17.441361,"Sierra Madre del Sur province","Rhipsalis","No",19.4999980926514,24.9500007629395,41,501,0.0573883056640625,35.7124633789062
"Rhipsalis baccifera",-95.773891,17.483739,"Veracruzan province","Rhipsalis","No",18.2000007629395,27.466667175293,47,584,0.816545486450195,36.0787506103516
"Rhipsalis baccifera",-96.428375,17.645535,"Sierra Madre del Sur province","Rhipsalis","No",19.2000007629395,24.783332824707,57,555,3.19251251220703,34.4306640625
"Rhipsalis baccifera",-96.54056,17.72667,"Sierra Madre del Sur province","Rhipsalis","No",19.8999977111816,25.0166664123535,53,538,2.92658996582031,36.7275390625
"Rhipsalis baccifera",-96.91744,17.91019,"Sierra Madre del Sur province","Rhipsalis","No",23,25.4833335876465,26,399,-0.64276123046875,36.052978515625
"Rhipsalis baccifera",-96.93944,17.91583,"Sierra Madre del Sur province","Rhipsalis","No",23.0000019073486,25.8833332061768,24,384,5.36335754394531,33.1744384765625
"Rhipsalis baccifera",-96.103889,17.925556,"Veracruzan province","Rhipsalis","No",17.9000015258789,27.5500011444092,56,673,0.712383270263672,45.0108642578125
"Rhipsalis baccifera",-96.65275,18.00522,"Sierra Madre del Sur province","Rhipsalis","No",21.1000003814697,25.3833332061768,82,812,0.0513381958007812,32.3614501953125
"Rhipsalis baccifera",-96.623611,18.012889,"Sierra Madre del Sur province","Rhipsalis","No",19.7999992370605,26.1999988555908,60,667,3.95521545410156,62.038330078125
"Rhipsalis baccifera",-96.683333,18.033333,"Sierra Madre del Sur province","Rhipsalis","No",20.3999996185303,26.6166667938232,56,630,6.0269775390625,40.1675415039062
"Rhipsalis baccifera",-96.851944,18.152778,"Sierra Madre del Sur province","Rhipsalis","No",22.7000007629395,24.716667175293,52,575,2.82406616210938,38.4793701171875
"Rhipsalis baccifera",-96.70167,18.2825,"Veracruzan province","Rhipsalis","No",18.0999984741211,27.75,44,658,2.19252777099609,8.37915802001953
"Stenocactus crispatus",-97.323611,17.554774,"Sierra Madre del Sur province","Stenocactus","Mexico",21.5999984741211,17.4833335876465,4,218,1.90982055664062,4.118896484375
"Stenocactus crispatus",-96.945625,17.567061,"Balsas Basin province","Stenocactus","Mexico",21.7000007629395,23.25,13,278,-1.11599731445312,31.459716796875
"Stenocactus crispatus",-97.48333,17.66667,"Sierra Madre del Sur province","Stenocactus","Mexico",22.9000015258789,19.25,4,231,-0.611572265625,2.4697265625
"Stenocactus crispatus",-97.561472,17.719414,"Sierra Madre del Sur province","Stenocactus","Mexico",22.7999992370605,19.1833343505859,4,242,2.273681640625,23.86572265625
"Stenocactus crispatus",-97.436816,17.790698,"Sierra Madre del Sur province","Stenocactus","Mexico",21.2000007629395,16.5,6,237,0.371124267578125,21.95703125
"Stenocactus crispatus",-97.34358,17.79764,"Sierra Madre del Sur province","Stenocactus","Mexico",23.6999988555908,20.3500003814697,4,183,-0.132888793945312,5.4368896484375
"Stenocactus crispatus",-97.480833,17.80075,"Sierra Madre del Sur province","Stenocactus","Mexico",21.8999996185303,17.8166656494141,5,236,-0.11553955078125,32.474853515625
"Stenocactus crispatus",-97.346788,17.883581,"Sierra Madre del Sur province","Stenocactus","Mexico",23.9000015258789,20.216667175293,4,176,0.102432250976562,14.8668212890625
"Stenocactus crispatus",-97.423257,17.895327,"Sierra Madre del Sur province","Stenocactus","Mexico",22.8999996185303,18.5499992370605,5,222,-0.0858154296875,8.958740234375
"Stenocactus crispatus",-97.431552,17.898707,"Sierra Madre del Sur province","Stenocactus","Mexico",22.7000007629395,18.3000011444092,6,227,2.59033203125,11.1904296875
"Stenocactus crispatus",-97.359897,17.901461,"Sierra Madre del Sur province","Stenocactus","Mexico",24,19.7999992370605,4,189,-0.12274169921875,6.961181640625
"Stenocactus crispatus",-97.429114,17.908085,"Sierra Madre del Sur province","Stenocactus","Mexico",22.3999996185303,18.0499992370605,6,228,-3.54855346679688,7.534912109375
"Stenocactus crispatus",-97.398262,17.927619,"Sierra Madre del Sur province","Stenocactus","Mexico",23.1000003814697,18.6166667938232,5,221,-0.599578857421875,17.75732421875
"Stenocactus crispatus",-97.435856,17.930722,"Sierra Madre del Sur province","Stenocactus","Mexico",21.9000015258789,18.1333332061768,6,230,-1.80343627929688,14.8642578125
"Stenocactus crispatus",-97.452993,17.936969,"Sierra Madre del Sur province","Stenocactus","Mexico",21.5,18.3333339691162,5,232,0.283538818359375,15.8427734375
"Stenocactus crispatus",-97.417577,17.950234,"Sierra Madre del Sur province","Stenocactus","Mexico",22.2999992370605,18.6000003814697,6,227,0.495391845703125,4.46875
"Stenocactus crispatus",-97.398659,18.013057,"Sierra Madre del Sur province","Stenocactus","Mexico",23.2999992370605,21.8333339691162,5,189,1.21719360351562,14.2222900390625
"Stenocereus chacalapensis",-96.48788,15.674921,"Pacific Lowlands province","Stenocereus","Oaxaca",14.7000007629395,27.1333332061768,5,405,-0.742994785308838,13.6862602233887
"Stenocereus chacalapensis",-96.258437,15.684454,"Pacific Lowlands province","Stenocereus","Oaxaca",13.5,27.966667175293,4,342,0.102946996688843,5.09119415283203
"Stenocereus chacalapensis",-96.384705,15.690876,"Pacific Lowlands province","Stenocereus","Oaxaca",14.2999992370605,27.6000003814697,4,432,-5.10649728775024,20.3158359527588
"Stenocereus chacalapensis",-96.238885,15.694773,"Pacific Lowlands province","Stenocereus","Oaxaca",13.3000011444092,27.9333343505859,5,354,0.156741976737976,18.879020690918
"Stenocereus chacalapensis",-96.34338,15.696137,"Pacific Lowlands province","Stenocereus","Oaxaca",14.1000022888184,27.75,5,332,-0.851277828216553,4.60374450683594
"Stenocereus chacalapensis",-96.31476,15.697889,"Pacific Lowlands province","Stenocereus","Oaxaca",14.1000003814697,27.9333324432373,5,330,-0.228570878505707,1.27599573135376
"Stenocereus chacalapensis",-96.297482,15.699102,"Pacific Lowlands province","Stenocereus","Oaxaca",13.8000011444092,27.9500007629395,5,336,1.01700568199158,8.06908988952637
"Stenocereus chacalapensis",-96.485721,15.700925,"Pacific Lowlands province","Stenocereus","Oaxaca",14.8999977111816,26.9833335876465,6,323,1.51250267028809,30.071044921875
"Stenocereus chacalapensis",-96.514468,15.703405,"Pacific Lowlands province","Stenocereus","Oaxaca",15.0999984741211,26.9166660308838,6,318,-2.15326309204102,24.4088592529297
"Stenocereus chacalapensis",-96.335128,15.704792,"Pacific Lowlands province","Stenocereus","Oaxaca",14.0000019073486,27.7666664123535,5,341,-0.960423469543457,7.61629486083984
"Stenocereus chacalapensis",-96.396623,15.706006,"Pacific Lowlands province","Stenocereus","Oaxaca",14.1999988555908,27.4166660308838,5,323,1.72920513153076,16.5973892211914
"Stenocereus chacalapensis",-96.327876,15.706203,"Pacific Lowlands province","Stenocereus","Oaxaca",14.2999992370605,27.8833332061768,5,334,-0.370898485183716,1.93181228637695
"Stenocereus chacalapensis",-96.247683,15.707062,"Pacific Lowlands province","Stenocereus","Oaxaca",13.3000011444092,27.9333343505859,5,358,2.43407511711121,30.9467067718506
"Stenocereus chacalapensis",-96.231154,15.712808,"Pacific Lowlands province","Stenocereus","Oaxaca",13.3999996185303,28,5,367,0.140069961547852,19.0601119995117
"Stenocereus chacalapensis",-96.258398,15.712824,"Pacific Lowlands province","Stenocereus","Oaxaca",13.3999996185303,27.966667175293,5,362,-0.142764091491699,7.28765106201172
"Stenocereus chacalapensis",-96.538137,15.715541,"Pacific Lowlands province","Stenocereus","Oaxaca",15.6999988555908,26.966667175293,6,436,-2.4194917678833,13.5917816162109
"Stenocereus chacalapensis",-96.183678,15.716547,"Pacific Lowlands province","Stenocereus","Oaxaca",13.5,28.1333332061768,4,364,-2.44356489181519,13.6640014648438
"Stenocereus chacalapensis",-96.182529,15.716892,"Pacific Lowlands province","Stenocereus","Oaxaca",13.4000015258789,28.0666675567627,4,374,0.205159187316895,21.4004173278809
"Stenocereus chacalapensis",-96.275543,15.720142,"Pacific Lowlands province","Stenocereus","Oaxaca",13.7999992370605,28.033332824707,5,351,-2.66903972625732,16.1387405395508
"Stenocereus chacalapensis",-96.239825,15.720978,"Pacific Lowlands province","Stenocereus","Oaxaca",13.5000019073486,28.0500011444092,5,364,2.43618440628052,21.2580032348633
"Stenocereus chacalapensis",-96.195589,15.721166,"Pacific Lowlands province","Stenocereus","Oaxaca",13.5,28.1166667938232,4,370,0.994729518890381,14.2331695556641
"Stenocereus chacalapensis",-96.16492,15.72414,"Pacific Lowlands province","Stenocereus","Oaxaca",13.5,28.1666660308838,4,359,-0.60662430524826,2.41215467453003
"Stenocereus chacalapensis",-96.193079,15.729572,"Pacific Lowlands province","Stenocereus","Oaxaca",13.4000015258789,28.0666675567627,5,377,0.165371894836426,16.7778549194336
"Stenocereus chacalapensis",-96.214357,15.730801,"Pacific Lowlands province","Stenocereus","Oaxaca",13.4000015258789,28.0666675567627,5,373,0.662132263183594,15.7107238769531
"Stenocereus chacalapensis",-96.165743,15.731536,"Pacific Lowlands province","Stenocereus","Oaxaca",13.5,28.1333332061768,4,362,0.155616283416748,1.69541263580322
"Stenocereus chacalapensis",-96.157984,15.731984,"Pacific Lowlands province","Stenocereus","Oaxaca",13.4000015258789,28.0833339691162,4,370,0.406763941049576,15.0724115371704
"Stenocereus chacalapensis",-96.187206,15.733169,"Pacific Lowlands province","Stenocereus","Oaxaca",13.3000011444092,28.0500011444092,5,383,-1.51512670516968,16.6228866577148
"Stenocereus chacalapensis",-96.341106,15.734154,"Pacific Lowlands province","Stenocereus","Oaxaca",14.3000011444092,27.8666667938232,6,356,1.84945678710938,19.2003173828125
"Stenocereus chacalapensis",-96.170475,15.734558,"Pacific Lowlands province","Stenocereus","Oaxaca",13.5,28.1000003814697,4,367,-0.567617297172546,3.04269409179688
"Stenocereus chacalapensis",-96.287919,15.734716,"Pacific Lowlands province","Stenocereus","Oaxaca",13.6999988555908,28.0666656494141,5,369,0.786679267883301,6.03653717041016
"Stenocereus chacalapensis",-96.210513,15.734848,"Pacific Lowlands province","Stenocereus","Oaxaca",13.4000015258789,28.0500011444092,5,380,-1.92241477966309,8.74237823486328
"Stenocereus chacalapensis",-96.151036,15.735313,"Pacific Lowlands province","Stenocereus","Oaxaca",13.4000015258789,28.0499992370605,4,374,2.4679913520813,30.687183380127
"Stenocereus chacalapensis",-96.178039,15.735403,"Pacific Lowlands province","Stenocereus","Oaxaca",13.5,28.1166667938232,4,366,-0.0650031566619873,2.47375297546387
"Stenocereus chacalapensis",-96.319482,15.73603,"Pacific Lowlands province","Stenocereus","Oaxaca",14.1000003814697,27.9333343505859,5,363,-0.213716506958008,6.16519165039062
"Stenocereus chacalapensis",-96.185293,15.738965,"Pacific Lowlands province","Stenocereus","Oaxaca",13.5,28.1166667938232,4,370,0.0170149803161621,13.5320243835449
"Stenocereus chacalapensis",-96.365623,15.74171,"Pacific Lowlands province","Stenocereus","Oaxaca",14.5999984741211,27.6833324432373,6,351,0.608610153198242,5.50755310058594
"Stenocereus chacalapensis",-96.193094,15.742073,"Pacific Lowlands province","Stenocereus","Oaxaca",13.5,28.0833339691162,5,380,-2.68411922454834,19.492919921875
"Stenocereus chacalapensis",-96.179616,15.742237,"Pacific Lowlands province","Stenocereus","Oaxaca",13.5,28.1166667938232,5,374,3.04644393920898,28.3013801574707
"Stenocereus chacalapensis",-96.157658,15.742932,"Pacific Lowlands province","Stenocereus","Oaxaca",13.4000015258789,28.0499992370605,4,378,-0.385404586791992,6.94785308837891
"Stenocereus chacalapensis",-96.187352,15.74415,"Pacific Lowlands province","Stenocereus","Oaxaca",13.5,28.1166667938232,5,373,-0.931984901428223,6.80603408813477
"Stenocereus chacalapensis",-96.170203,15.745697,"Pacific Lowlands province","Stenocereus","Oaxaca",13.5,28.1166667938232,4,371,5.45343542098999,12.5981025695801
"Stenocereus chacalapensis",-96.33387,15.748755,"Pacific Lowlands province","Stenocereus","Oaxaca",14.5,27.9166660308838,5,348,3.99255561828613,14.4427490234375
"Stenocereus chacalapensis",-96.133376,15.750694,"Pacific Lowlands province","Stenocereus","Oaxaca",13.3999996185303,28.1666660308838,4,372,2.48318147659302,19.1915626525879
"Stenocereus chacalapensis",-96.14881,15.750956,"Pacific Lowlands province","Stenocereus","Oaxaca",13.3000011444092,28.0666675567627,4,381,-1.6408576965332,13.0150833129883
"Stenocereus chacalapensis",-96.172198,15.751378,"Pacific Lowlands province","Stenocereus","Oaxaca",13.5999984741211,28.1499996185303,4,372,-0.329848766326904,29.6020584106445
"Stenocereus chacalapensis",-96.189401,15.75316,"Pacific Lowlands province","Stenocereus","Oaxaca",13.5,28.1000003814697,4,378,1.34235000610352,7.28736877441406
"Stenocereus chacalapensis",-96.491453,15.753574,"Pacific Lowlands province","Stenocereus","Oaxaca",16.2999992370605,27.3333320617676,6,308,-0.972216606140137,3.93180084228516
"Stenocereus chacalapensis",-96.179436,15.754397,"Pacific Lowlands province","Stenocereus","Oaxaca",13.5,28.1333332061768,4,376,-0.985066890716553,6.94626998901367
"Stenocereus chacalapensis",-96.161537,15.756066,"Pacific Lowlands province","Stenocereus","Oaxaca",13.5,28.1166667938232,4,374,-2.05642652511597,7.64269256591797
"Stenocereus chacalapensis",-96.131786,15.758224,"Pacific Lowlands province","Stenocereus","Oaxaca",13.4999980926514,28.2333335876465,4,368,5.19846153259277,34.7673225402832
"Stenocereus chacalapensis",-96.235435,15.758392,"Pacific Lowlands province","Stenocereus","Oaxaca",14,28.2000007629395,5,371,0.756167411804199,16.9544525146484
"Stenocereus chacalapensis",-96.215008,15.758834,"Pacific Lowlands province","Stenocereus","Oaxaca",13.8000011444092,28.1833343505859,5,379,-2.26850557327271,15.0231819152832
"Stenocereus chacalapensis",-96.193874,15.759564,"Pacific Lowlands province","Stenocereus","Oaxaca",13.6999988555908,28.1333332061768,5,382,-0.520329475402832,5.61505126953125
"Stenocereus chacalapensis",-96.303932,15.761382,"Pacific Lowlands province","Stenocereus","Oaxaca",14.4000015258789,28.1000003814697,6,352,-6.18673467636108,13.2986907958984
"Stenocereus chacalapensis",-96.152546,15.762166,"Pacific Lowlands province","Stenocereus","Oaxaca",13.4999980926514,28.1499996185303,4,383,2.91633319854736,9.08345031738281
"Stenocereus chacalapensis",-96.105278,15.763845,"Pacific Lowlands province","Stenocereus","Oaxaca",13.4000015258789,28.3166656494141,3,373,-0.100343704223633,10.7221488952637
"Stenocereus chacalapensis",-96.217716,15.764485,"Pacific Lowlands province","Stenocereus","Oaxaca",13.8000011444092,28.1833343505859,5,381,1.46390533447266,19.6021575927734
"Stenocereus chacalapensis",-96.374382,15.765771,"Pacific Lowlands province","Stenocereus","Oaxaca",14.9000015258789,27.6333332061768,5,351,3.45295524597168,7.90394592285156
"Stenocereus chacalapensis",-96.227889,15.76622,"Pacific Lowlands province","Stenocereus","Oaxaca",13.9000015258789,28.1833343505859,5,375,2.43536472320557,8.75852966308594
"Stenocereus chacalapensis",-96.2514201,15.7677493,"Pacific Lowlands province","Stenocereus","Oaxaca",13.8999996185303,28.1833343505859,6,383,0.546680450439453,9.30863952636719
"Stenocereus chacalapensis",-96.103652,15.768954,"Pacific Lowlands province","Stenocereus","Oaxaca",13.5,28.2666664123535,4,377,-0.442087173461914,27.6664009094238
"Stenocereus chacalapensis",-96.192841,15.769202,"Pacific Lowlands province","Stenocereus","Oaxaca",13.6999988555908,28.1166667938232,5,387,-1.46533203125,3.73760223388672
"Stenocereus chacalapensis",-96.159182,15.769464,"Pacific Lowlands province","Stenocereus","Oaxaca",13.7000007629395,28.2000007629395,4,381,-1.9925651550293,3.30327987670898
"Stenocereus chacalapensis",-96.352801,15.771243,"Pacific Lowlands province","Stenocereus","Oaxaca",14.8000011444092,27.6833343505859,5,362,1.09318161010742,7.23326110839844
"Stenocereus chacalapensis",-96.388192,15.772879,"Pacific Lowlands province","Stenocereus","Oaxaca",15.1000003814697,27.5166664123535,5,353,0.497177124023438,2.98463439941406
"Stenocereus chacalapensis",-96.086369,15.773451,"Pacific Lowlands province","Stenocereus","Oaxaca",13.5999984741211,28.3333320617676,3,370,0.377911567687988,9.83519744873047
"Stenocereus chacalapensis",-96.134037,15.775053,"Pacific Lowlands province","Stenocereus","Oaxaca",13.6999988555908,28.25,4,380,2.52122640609741,19.9159812927246
"Stenocereus chacalapensis",-96.328413,15.775419,"Pacific Lowlands province","Stenocereus","Oaxaca",14.5999984741211,27.8166656494141,6,368,0.918144226074219,8.5087890625
"Stenocereus chacalapensis",-96.164263,15.775814,"Pacific Lowlands province","Stenocereus","Oaxaca",13.7000007629395,28.1666660308838,4,387,-0.353662490844727,22.9066543579102
"Stenocereus chacalapensis",-96.119025,15.776001,"Pacific Lowlands province","Stenocereus","Oaxaca",13.5,28.216667175293,4,385,3.55747413635254,27.9337539672852
"Stenocereus chacalapensis",-96.074848,15.776723,"Pacific Lowlands province","Stenocereus","Oaxaca",13.6000003814697,28.2666664123535,3,368,0.854389905929565,17.0478610992432
"Stenocereus chacalapensis",-96.092181,15.780089,"Pacific Lowlands province","Stenocereus","Oaxaca",13.4000015258789,28.25,4,380,-3.6481294631958,17.5408935546875
"Stenocereus chacalapensis",-96.346606,15.780186,"Pacific Lowlands province","Stenocereus","Oaxaca",14.8999996185303,27.7000007629395,5,366,-1.14793586730957,6.20521545410156
"Stenocereus chacalapensis",-96.081846,15.780309,"Pacific Lowlands province","Stenocereus","Oaxaca",13.5,28.2666664123535,3,373,2.09612894058228,16.4612274169922
"Stenocereus chacalapensis",-96.102569,15.781238,"Pacific Lowlands province","Stenocereus","Oaxaca",13.5999984741211,28.3166656494141,3,372,3.11396789550781,19.1409378051758
"Stenocereus chacalapensis",-96.168982,15.781243,"Pacific Lowlands province","Stenocereus","Oaxaca",13.7000007629395,28.1666660308838,4,387,-2.41466808319092,11.4371566772461
"Stenocereus chacalapensis",-96.478031,15.78125,"Pacific Lowlands province","Stenocereus","Oaxaca",16,27.2000007629395,5,328,3.18394660949707,8.57894897460938
"Stenocereus chacalapensis",-96.228945,15.781259,"Pacific Lowlands province","Stenocereus","Oaxaca",14,28.1833324432373,5,385,2.42273426055908,7.8228759765625
"Stenocereus chacalapensis",-96.151973,15.783182,"Pacific Lowlands province","Stenocereus","Oaxaca",13.7999992370605,28.25,4,384,-0.734025955200195,17.1015853881836
"Stenocereus chacalapensis",-96.132561,15.784697,"Pacific Lowlands province","Stenocereus","Oaxaca",13.5999984741211,28.283332824707,4,384,1.81884288787842,15.1625518798828
"Stenocereus chacalapensis",-96.089796,15.784862,"Pacific Lowlands province","Stenocereus","Oaxaca",13.5,28.25,3,380,2.20818424224854,16.6371841430664
"Stenocereus chacalapensis",-96.178969,15.786175,"Pacific Lowlands province","Stenocereus","Oaxaca",13.8000011444092,28.1499996185303,4,393,7.09591484069824,35.2108459472656
"Stenocereus chacalapensis",-96.346119,15.786197,"Pacific Lowlands province","Stenocereus","Oaxaca",14.8999996185303,27.6833343505859,6,367,-0.0278091430664062,2.96524047851562
"Stenocereus chacalapensis",-96.111415,15.787114,"Pacific Lowlands province","Stenocereus","Oaxaca",13.7000007629395,28.3500003814697,4,373,-1.18577146530151,5.04895210266113
"Stenocereus chacalapensis",-96.333758,15.787736,"Pacific Lowlands province","Stenocereus","Oaxaca",14.7999992370605,27.7333335876465,6,369,1.92575263977051,7.31533813476562
"Stenocereus chacalapensis",-96.073365,15.788552,"Pacific Lowlands province","Stenocereus","Oaxaca",13.4999980926514,28.1833343505859,3,376,2.1408863067627,18.3886375427246
"Stenocereus chacalapensis",-96.139349,15.788578,"Pacific Lowlands province","Stenocereus","Oaxaca",13.6999988555908,28.2666664123535,4,389,-2.495436668396,12.6562271118164
"Stenocereus chacalapensis",-96.571184,15.788962,"Pacific Lowlands province","Stenocereus","Oaxaca",17.0000019073486,26.966667175293,5,293,-1.36189365386963,9.21456146240234
"Stenocereus chacalapensis",-96.142509,15.789777,"Pacific Lowlands province","Stenocereus","Oaxaca",13.8000011444092,28.2999992370605,4,385,-0.984386444091797,29.3449554443359
"Stenocereus chacalapensis",-96.184534,15.790275,"Pacific Lowlands province","Stenocereus","Oaxaca",13.9000015258789,28.0666656494141,5,400,-0.98814582824707,18.9012603759766
"Stenocereus chacalapensis",-96.500021,15.791068,"Pacific Lowlands province","Stenocereus","Oaxaca",16.7999992370605,27.2666664123535,5,303,4.99701595306396,9.68734741210938
"Stenocereus chacalapensis",-96.069952,15.792184,"Pacific Lowlands province","Stenocereus","Oaxaca",13.4999980926514,28.1666660308838,3,382,-3.65699815750122,12.1135444641113
"Stenocereus chacalapensis",-96.038247,15.792743,"Pacific Lowlands province","Stenocereus","Oaxaca",13.6000003814697,28.216667175293,3,373,-0.813655853271484,8.35898971557617
"Stenocereus chacalapensis",-96.109995,15.79373,"Pacific Lowlands province","Stenocereus","Oaxaca",13.5999984741211,28.3166656494141,3,376,-0.454376459121704,9.15563583374023
"Stenocereus chacalapensis",-96.107974,15.794029,"Pacific Lowlands province","Stenocereus","Oaxaca",13.5,28.2333335876465,3,385,-0.0396437644958496,31.6226654052734
"Stenocereus chacalapensis",-96.086939,15.794322,"Pacific Lowlands province","Stenocereus","Oaxaca",13.5,28.2000007629395,3,382,2.48496389389038,14.8038864135742
"Stenocereus chacalapensis",-96.141894,15.794458,"Pacific Lowlands province","Stenocereus","Oaxaca",13.6999988555908,28.216667175293,4,394,3.49335861206055,21.2219085693359
"Stenocereus chacalapensis",-96.11712,15.794578,"Pacific Lowlands province","Stenocereus","Oaxaca",13.5999984741211,28.283332824707,3,380,0.026298999786377,14.4468002319336
"Stenocereus chacalapensis",-96.031675,15.795247,"Pacific Lowlands province","Stenocereus","Oaxaca",13.6999988555908,28.25,3,369,0.919351100921631,10.2056922912598
"Stenocereus chacalapensis",-96.181374,15.795572,"Pacific Lowlands province","Stenocereus","Oaxaca",13.7999992370605,28.0499992370605,5,403,-2.56399726867676,14.1603851318359
"Stenocereus chacalapensis",-96.218621,15.796286,"Pacific Lowlands province","Stenocereus","Oaxaca",14.0999984741211,28.0666656494141,5,400,-1.38654899597168,5.45191955566406
"Stenocereus chacalapensis",-96.056359,15.79642,"Pacific Lowlands province","Stenocereus","Oaxaca",13.6000003814697,28.2333335876465,4,369,-1.84022831916809,13.1458415985107
"Stenocereus chacalapensis",-96.060928,15.796922,"Pacific Lowlands province","Stenocereus","Oaxaca",13.4999980926514,28.1666660308838,4,380,-1.1479959487915,5.93709564208984
"Stenocereus chacalapensis",-96.250268,15.797354,"Pacific Lowlands province","Stenocereus","Oaxaca",14.3000011444092,28.0833339691162,5,394,-2.36105728149414,8.32865905761719
"Stenocereus chacalapensis",-96.1935,15.79818,"Pacific Lowlands province","Stenocereus","Oaxaca",13.8999977111816,27.9666652679443,5,408,1.30124092102051,27.9655914306641
"Stenocereus chacalapensis",-96.052952,15.831525,"Pacific Lowlands province","Stenocereus","Oaxaca",13.6999988555908,28.1499996185303,4,390,-2.76072692871094,9.53782653808594
"Stenocereus chacalapensis",-95.942481,15.836812,"Pacific Lowlands province","Stenocereus","Oaxaca",14.0000019073486,28.216667175293,3,359,-3.81875276565552,18.4813842773438
"Stenocereus chacalapensis",-96.2533645,15.8882993,"Pacific Lowlands province","Stenocereus","Oaxaca",13.7999992370605,25.3833332061768,4,403,3.42247009277344,24.3309326171875
"Stenocereus chacalapensis",-95.894186,15.889656,"Pacific Lowlands province","Stenocereus","Oaxaca",14.2999992370605,28.033332824707,3,355,-1.18349647521973,37.2900085449219
"Stenocereus chacalapensis",-96.005006,15.891186,"Pacific Lowlands province","Stenocereus","Oaxaca",14.1999988555908,27.8333320617676,3,377,-3.87867164611816,17.7069549560547
"Stenocereus chacalapensis",-97.146989,15.908526,"Pacific Lowlands province","Stenocereus","Oaxaca",12.8999996185303,27.6166667938232,4,357,-0.175940990447998,0.696512699127197
"Stenocereus chacalapensis",-95.778099,15.916068,"Pacific Lowlands province","Stenocereus","Oaxaca",15.0000019073486,28.9833335876465,2,322,0.279473066329956,13.0305576324463
"Stenocereus chacalapensis",-97.056134,15.92165,"Pacific Lowlands province","Stenocereus","Oaxaca",15.2000007629395,26.4833335876465,2,320,1.61530113220215,22.7876434326172
"Stenocereus chacalapensis",-96.066979,15.926777,"Pacific Lowlands province","Stenocereus","Oaxaca",14.2999992370605,26.1833324432373,3,378,-2.00450897216797,6.01925659179688
"Stenocereus chacalapensis",-97.120824,15.943392,"Pacific Lowlands province","Stenocereus","Oaxaca",14.8999996185303,26.8333339691162,2,318,-2.22243499755859,14.379508972168
"Stenocereus chacalapensis",-96.169689,15.949942,"Sierra Madre del Sur province","Stenocereus","Oaxaca",13.8999996185303,24.6166667938232,4,412,2.81588745117188,67.4400634765625
"Stenocereus chacalapensis",-97.155372,15.952341,"Pacific Lowlands province","Stenocereus","Oaxaca",15.7999992370605,26.3500003814697,2,337,-0.876876831054688,38.1518859863281
"Stenocereus chacalapensis",-95.871211,15.956827,"Pacific Lowlands province","Stenocereus","Oaxaca",14.6000003814697,28.0166664123535,3,336,3.33113098144531,33.1846160888672
"Stenocereus chacalapensis",-95.7828,15.969075,"Pacific Lowlands province","Stenocereus","Oaxaca",14.6999988555908,28.2333335876465,2,314,0.740007400512695,32.7373199462891
"Stenocereus chacalapensis",-96.11666,15.999962,"Sierra Madre del Sur province","Stenocereus","Oaxaca",13.6000003814697,23.2333335876465,6,429,-1.23692321777344,21.5340576171875
"Stenocereus chacalapensis",-95.332409,16.095756,"Pacific Lowlands province","Stenocereus","Oaxaca",15.7999992370605,29.1333332061768,1,274,0.0960519313812256,6.83889770507812
"Stenocereus chacalapensis",-95.337288,16.117814,"Pacific Lowlands province","Stenocereus","Oaxaca",15.6000003814697,28.25,0,245,-0.694759368896484,20.5183410644531
"Stenocereus chacalapensis",-95.306609,16.185536,"Pacific Lowlands province","Stenocereus","Oaxaca",15.6000003814697,28.6666679382324,1,260,1.1298885345459,19.6066131591797
"Stenocereus chacalapensis",-97.093611,16.368056,"Sierra Madre del Sur province","Stenocereus","Oaxaca",19.4000015258789,24.2333335876465,4,475,2.09542846679688,21.918212890625
"Stenocereus chacalapensis",-95.108101,16.383545,"Pacific Lowlands province","Stenocereus","Oaxaca",15.8000011444092,29.1666679382324,2,283,0.146986484527588,0.74591064453125
"Stenocereus chacalapensis",-95.167309,16.57173,"Pacific Lowlands province","Stenocereus","Oaxaca",15.9000015258789,28.6000003814697,1,207,0.0444507598876953,23.3874053955078
"Stenocereus pruinosus",-96.125307,15.742517,"Pacific Lowlands province","Stenocereus","No",13.3999996185303,28.1833324432373,4,370,-4.17562055587769,30.2459545135498
"Stenocereus pruinosus",-95.993055,15.844722,"Pacific Lowlands province","Stenocereus","No",13.8999996185303,28.1666660308838,4,367,-0.855620384216309,14.6749610900879
"Stenocereus pruinosus",-95.83742,15.86819,"Pacific Lowlands province","Stenocereus","No",14.5,28.7000007629395,2,337,-0.313105821609497,24.4806842803955
"Stenocereus pruinosus",-95.57653,15.95589,"Pacific Lowlands province","Stenocereus","No",14.5,28.6333332061768,1,299,0.546645104885101,5.34812307357788
"Stenocereus pruinosus",-95.232983,16.292579,"Pacific Lowlands province","Stenocereus","No",16.7000007629395,29.466667175293,4,265,-0.323726177215576,1.32327270507812
"Stenocereus pruinosus",-96.630513,16.304463,"Sierra Madre del Sur province","Stenocereus","No",18.2000007629395,21.033332824707,7,263,3.88529968261719,35.101806640625
"Stenocereus pruinosus",-95.01669,16.335177,"Pacific Lowlands province","Stenocereus","No",15.1000022888184,28.8500003814697,2,287,0.115363880991936,1.08079135417938
"Stenocereus pruinosus",-95.608333,16.408333,"Pacific Lowlands province","Stenocereus","No",17.9000015258789,28.4833335876465,1,189,0.269479751586914,2.11515808105469
"Stenocereus pruinosus",-95.7984553,16.4110627,"Pacific Lowlands province","Stenocereus","No",19.3999996185303,26.3166656494141,2,203,2.35640716552734,5.14605712890625
"Stenocereus pruinosus",-96.67903,16.418567,"Balsas Basin province","Stenocereus","No",20.0999984741211,22.8333339691162,1,253,0.1060791015625,10.257568359375
"Stenocereus pruinosus",-94.891158,16.458614,"Pacific Lowlands province","Stenocereus","No",15.7000007629395,28.9500007629395,4,289,-0.251268565654755,1.36290121078491
"Stenocereus pruinosus",-95.160484,16.459957,"Pacific Lowlands province","Stenocereus","No",16.0999984741211,29.0999984741211,1,258,0.505350112915039,2.71643829345703
"Stenocereus pruinosus",-94.915658,16.479337,"Pacific Lowlands province","Stenocereus","No",15.4999980926514,28.8333320617676,3,291,0.603208065032959,3.09898662567139
"Stenocereus pruinosus",-95.077647,16.479454,"Pacific Lowlands province","Stenocereus","No",15.6000003814697,29.0166664123535,1,283,0.137839317321777,0.51399040222168
"Stenocereus pruinosus",-94.934287,16.512625,"Pacific Lowlands province","Stenocereus","No",15.4999980926514,28.783332824707,3,295,-0.0209653377532959,1.17832946777344
"Stenocereus pruinosus",-96.358836,16.546419,"Sierra Madre del Sur province","Stenocereus","No",19.2999992370605,24.5166664123535,2,252,3.57588195800781,24.2703857421875
"Stenocereus pruinosus",-96.362308,16.574662,"Sierra Madre del Sur province","Stenocereus","No",19.9000015258789,24.9500007629395,2,269,0.129470825195312,51.115234375
"Stenocereus pruinosus",-96.356845,16.578746,"Sierra Madre del Sur province","Stenocereus","No",19.7999992370605,24.783332824707,2,266,3.64955139160156,41.311279296875
"Stenocereus pruinosus",-94.873753,16.5861,"Pacific Lowlands province","Stenocereus","No",15.1000022888184,27.8333339691162,6,287,-3.02077436447144,11.724063873291
"Stenocereus pruinosus",-96.348889,16.608056,"Sierra Madre del Sur province","Stenocereus","No",20,24.7999992370605,2,265,-2.88047790527344,23.136962890625
"Stenocereus pruinosus",-95.285278,16.661944,"Pacific Lowlands province","Stenocereus","No",17,27.9500007629395,0,127,0.754495620727539,24.6305389404297
"Stenocereus pruinosus",-96.305765,16.670507,"Pacific Lowlands province","Stenocereus","No",20.7999992370605,25.6333332061768,3,269,-0.02838134765625,2.8746337890625
"Stenocereus pruinosus",-96.233247,16.682919,"Sierra Madre del Sur province","Stenocereus","No",19.2999992370605,24.3166656494141,3,262,-1.90583801269531,27.2034912109375
"Stenocereus pruinosus",-96.170303,16.686133,"Pacific Lowlands province","Stenocereus","No",20.7999992370605,25.9166660308838,4,253,1.92555999755859,27.963134765625
"Stenocereus pruinosus",-96.319167,16.715472,"Sierra Madre del Sur province","Stenocereus","No",20.2999992370605,24.1833324432373,3,263,2.18943786621094,33.9310302734375
"Stenocereus pruinosus",-96.14517,16.72772,"Sierra Madre del Sur province","Stenocereus","No",19.5,24.4333343505859,6,286,3.69534301757812,9.9945068359375
"Stenocereus pruinosus",-96.322556,16.727731,"Sierra Madre del Sur province","Stenocereus","No",20.3000011444092,23.8000011444092,3,262,-0.040313720703125,25.6162109375
"Stenocereus pruinosus",-96.3504794,16.7740133,"Sierra Madre del Sur province","Stenocereus","No",20,22.1333332061768,1,236,-0.785797119140625,22.8427734375
"Stenocereus pruinosus",-96.6669881,16.8513067,"Balsas Basin province","Stenocereus","No",23.4000015258789,22.966667175293,2,275,-0.327392578125,4.666748046875
"Stenocereus pruinosus",-96.656675,16.853519,"Balsas Basin province","Stenocereus","No",22.5,22.5166664123535,2,272,1.18670654296875,6.1231689453125
"Stenocereus pruinosus",-96.27737,16.863895,"Sierra Madre del Sur province","Stenocereus","No",19.7000007629395,22.1000003814697,3,276,-0.774093627929688,23.6639404296875
"Stenocereus pruinosus",-96.322376,16.93357,"Balsas Basin province","Stenocereus","No",19.2000007629395,20.6166667938232,2,267,-12.3196258544922,26.1788330078125
"Stenocereus pruinosus",-96.366934,16.940379,"Balsas Basin province","Stenocereus","No",20.2999992370605,21.533332824707,2,276,0.75726318359375,7.5675048828125
"Stenocereus pruinosus",-96.445651,16.945567,"Balsas Basin province","Stenocereus","No",22.1000003814697,22.5,3,274,-4.31324768066406,27.8797607421875
"Stenocereus pruinosus",-96.451944,16.956553,"Balsas Basin province","Stenocereus","No",22.2999992370605,22.6666660308838,3,274,-0.601898193359375,9.867431640625
"Stenocereus pruinosus",-96.446549,16.957469,"Balsas Basin province","Stenocereus","No",22.1000003814697,22.5666656494141,3,277,2.98635864257812,40.7147216796875
"Stenocereus pruinosus",-96.562147,16.972712,"Balsas Basin province","Stenocereus","No",23.5,23.1333332061768,2,257,0.09759521484375,0.80029296875
"Stenocereus pruinosus",-96.570148,16.995849,"Balsas Basin province","Stenocereus","No",22.9999980926514,22.8333320617676,2,255,0.331085205078125,14.4998779296875
"Stenocereus pruinosus",-96.462307,16.997938,"Balsas Basin province","Stenocereus","No",21.0999984741211,21.6499996185303,2,279,-0.0023651123046875,7.45947265625
"Stenocereus pruinosus",-96.744791,17.143344,"Sierra Madre del Sur province","Stenocereus","No",22.1999988555908,22.5,3,250,0.88525390625,19.3944091796875
"Stenocereus pruinosus",-96.876611,17.276556,"Sierra Madre del Sur province","Stenocereus","No",22.5999984741211,22.9333343505859,3,255,-1.70285034179688,11.4837646484375
"Stenocereus pruinosus",-96.576027,17.394516,"Balsas Basin province","Stenocereus","No",22.8000011444092,23.2999992370605,12,296,10.8952026367188,28.294677734375
"Stenocereus pruinosus",-98.045832,17.547478,"Balsas Basin province","Stenocereus","No",22.6999988555908,23.2999992370605,4,239,-4.54612731933594,14.778076171875
"Stenocereus pruinosus",-96.951111,17.714167,"Balsas Basin province","Stenocereus","No",23.5999984741211,27.8666667938232,9,224,-4.61639404296875,23.6356201171875
"Stenocereus pruinosus",-96.926619,17.721936,"Balsas Basin province","Stenocereus","No",23.0999984741211,27.9499988555908,5,166,-0.621513366699219,18.1193237304688
"Stenocereus pruinosus",-96.944504,17.790098,"Balsas Basin province","Stenocereus","No",23.5,27.6499996185303,10,210,0.213973999023438,30.2977905273438
"Stenocereus pruinosus",-96.958656,17.793447,"Balsas Basin province","Stenocereus","No",23.4000015258789,28.2333335876465,5,163,0.145919799804688,2.1654052734375
"Stenocereus pruinosus",-96.961211,17.817032,"Balsas Basin province","Stenocereus","No",23.6999988555908,27.8833332061768,9,209,1.7806396484375,46.8877563476562
"Stenocereus pruinosus",-97.773496,17.817347,"Balsas Basin province","Stenocereus","No",23.7999992370605,23.6833343505859,5,216,-0.433609008789062,20.517333984375
"Stenocereus pruinosus",-96.881486,17.843268,"Sierra Madre del Sur province","Stenocereus","No",19.3999996185303,19.8166656494141,11,275,-3.18557739257812,28.232177734375
"Stenocereus pruinosus",-96.896722,17.848078,"Sierra Madre del Sur province","Stenocereus","No",18.5999984741211,19.3333339691162,9,232,-1.3382568359375,32.871826171875
"Stenocereus pruinosus",-96.967386,17.897394,"Balsas Basin province","Stenocereus","No",23.7999992370605,28.1666660308838,7,194,-0.212425231933594,27.868896484375
"Stenocereus pruinosus",-96.964687,17.900877,"Balsas Basin province","Stenocereus","No",23.8999996185303,27.7999992370605,10,233,-2.42759704589844,15.432861328125
"Stenocereus pruinosus",-96.980056,17.902917,"Balsas Basin province","Stenocereus","No",23.8000011444092,28.5,5,169,2.29972839355469,25.4285278320312
"Stenocereus pruinosus",-97.6769,17.92853,"Balsas Basin province","Stenocereus","No",22.4000015258789,22.5499992370605,5,208,1.46040344238281,36.7645263671875
"Stenocereus pruinosus",-97.428436,17.929635,"Sierra Madre del Sur province","Stenocereus","No",22.2000007629395,18.3500003814697,6,228,-0.09033203125,17.6708984375
"Stenocereus pruinosus",-98.044444,17.953889,"Balsas Basin province","Stenocereus","No",21.7999992370605,24.3833332061768,5,214,-4.32884216308594,18.2086181640625
"Stenocereus pruinosus",-97.034614,17.983619,"Balsas Basin province","Stenocereus","No",24.5000019073486,28.5833339691162,7,209,-1.62766265869141,18.2926635742188
"Stenocereus pruinosus",-97.658882,18.015207,"Balsas Basin province","Stenocereus","No",21.1999988555908,20.0833339691162,5,237,-0.6187744140625,17.6134033203125
"Stenocereus pruinosus",-97.452538,18.045279,"Balsas Basin province","Stenocereus","No",23.8999996185303,24.0499992370605,5,170,-1.03672790527344,24.4407958984375
"Stenocereus pruinosus",-97.06761,18.06603,"Balsas Basin province","Stenocereus","No",25.3999996185303,27.75,10,235,-0.380760192871094,14.3241577148438
"Stenocereus pruinosus",-97.083,18.067,"Balsas Basin province","Stenocereus","No",25.4000015258789,27.9333343505859,10,231,-1.25534820556641,8.11260986328125
"Stenocereus pruinosus",-97.799721,18.076876,"Balsas Basin province","Stenocereus","No",22.0999984741211,23.9833335876465,5,160,-0.005767822265625,18.6024169921875
"Stenocereus pruinosus",-97.060194,18.149056,"Balsas Basin province","Stenocereus","No",25.6999988555908,26.6333332061768,16,264,3.52983093261719,41.081787109375
"Stenocereus pruinosus",-97.748316,18.162451,"Balsas Basin province","Stenocereus","No",21.3000011444092,23.6666660308838,5,160,-1.32615661621094,10.1143798828125
"Stenocereus pruinosus",-97.689753,18.216952,"Balsas Basin province","Stenocereus","No",20.2999992370605,21.7333335876465,4,220,-0.068603515625,25.9957275390625
"Stenocereus stellatus",-96.678375,16.418037,"Balsas Basin province","Stenocereus","Mexico",20.0999984741211,22.8333339691162,1,253,1.10850524902344,9.5506591796875
"Stenocereus stellatus",-96.673496,16.857611,"Balsas Basin province","Stenocereus","Mexico",23.4000015258789,22.966667175293,2,275,-1.27153015136719,25.6630859375
"Stenocereus stellatus",-96.277086,16.866178,"Sierra Madre del Sur province","Stenocereus","Mexico",19.7000007629395,22.1000003814697,3,276,4.3177490234375,19.3411865234375
"Stenocereus stellatus",-96.277245,16.866787,"Sierra Madre del Sur province","Stenocereus","Mexico",18.2999992370605,20.966667175293,2,255,3.86546325683594,33.5528564453125
"Stenocereus stellatus",-96.260911,16.898561,"Pacific Lowlands province","Stenocereus","Mexico",18,20.6333332061768,2,259,0.458038330078125,18.8817138671875
"Stenocereus stellatus",-96.353611,16.911944,"Balsas Basin province","Stenocereus","Mexico",20.4000015258789,21.6833343505859,2,274,-0.189544677734375,11.8094482421875
"Stenocereus stellatus",-96.766883,17.04479,"Balsas Basin province","Stenocereus","Mexico",21.2000007629395,22,3,257,0.406143188476562,18.0550537109375
"Stenocereus stellatus",-96.725,17.108333,"Balsas Basin province","Stenocereus","Mexico",21.7999992370605,22.6000003814697,4,246,-3.63520812988281,7.64208984375
"Stenocereus stellatus",-97.035267,17.35525,"Sierra Madre del Sur province","Stenocereus","Mexico",21.5,21.75,5,248,3.99420166015625,20.9249267578125
"Stenocereus stellatus",-97.0423,17.4366,"Sierra Madre del Sur province","Stenocereus","Mexico",20.5,20.8166675567627,4,231,-3.0048828125,38.23876953125
"Stenocereus stellatus",-98.027017,17.508263,"Balsas Basin province","Stenocereus","Mexico",22.2999992370605,21.4500007629395,5,280,1.12762451171875,17.788330078125
"Stenocereus stellatus",-97.322216,17.552145,"Sierra Madre del Sur province","Stenocereus","Mexico",21.5999984741211,17.4833335876465,4,218,3.11526489257812,35.96630859375
"Stenocereus stellatus",-96.94286,17.70158,"Balsas Basin province","Stenocereus","Mexico",23.5,27.9333324432373,7,200,1.26522064208984,14.0018920898438
"Stenocereus stellatus",-96.95396,17.768124,"Balsas Basin province","Stenocereus","Mexico",23.1999988555908,28.2000007629395,5,165,-1.60110473632812,14.0074462890625
"Stenocereus stellatus",-96.961242,17.823747,"Balsas Basin province","Stenocereus","Mexico",23.6999988555908,27.8833332061768,9,209,0.841201782226562,32.986083984375
"Stenocereus stellatus",-96.97825,17.829722,"Balsas Basin province","Stenocereus","Mexico",23.7999992370605,28.3500003814697,6,173,-2.84526062011719,51.9884033203125
"Stenocereus stellatus",-97.933166,17.899079,"Balsas Basin province","Stenocereus","Mexico",22.7000007629395,23.6000003814697,6,228,1.10020446777344,23.799072265625
"Stenocereus stellatus",-97.686111,17.901161,"Balsas Basin province","Stenocereus","Mexico",23.1000022888184,23.0166664123535,4,207,0.299758911132812,31.0615234375
"Stenocereus stellatus",-97.0841,17.9019,"Balsas Basin province","Stenocereus","Mexico",24.4999980926514,26.1166648864746,14,258,-2.61790466308594,12.759033203125
"Stenocereus stellatus",-96.966389,17.905194,"Balsas Basin province","Stenocereus","Mexico",23.8999996185303,27.7999992370605,10,233,1.77555847167969,21.8234252929688
"Stenocereus stellatus",-98.043016,17.947228,"Balsas Basin province","Stenocereus","Mexico",22.3999996185303,24.9333324432373,5,206,0.315231323242188,22.341796875
"Stenocereus stellatus",-97.023333,17.950278,"Balsas Basin province","Stenocereus","Mexico",24.1999988555908,28.6499996185303,7,191,-0.130828857421875,7.83135986328125
"Stenocereus stellatus",-97.035178,17.983661,"Balsas Basin province","Stenocereus","Mexico",24.5000019073486,28.5833339691162,7,209,1.58264923095703,15.9336547851562
"Stenocereus stellatus",-97.654195,18.012108,"Balsas Basin province","Stenocereus","Mexico",21.2000007629395,20.5,4,229,0.359588623046875,38.1802978515625
"Stenocereus stellatus",-97.110981,18.045296,"Balsas Basin province","Stenocereus","Mexico",24.6999988555908,28.2333335876465,7,199,-0.197357177734375,23.0777587890625
"Stenocereus stellatus",-97.058,18.147583,"Balsas Basin province","Stenocereus","Mexico",23.9000015258789,25.6000003814697,17,330,-1.63430786132812,33.4583740234375
"Stenocereus stellatus",-97.758844,18.168685,"Balsas Basin province","Stenocereus","Mexico",21.0000019073486,23.7333335876465,5,158,-0.932281494140625,21.488525390625
"Stenocereus stellatus",-97.689805,18.216722,"Balsas Basin province","Stenocereus","Mexico",20.2999992370605,21.7333335876465,4,220,-0.577529907226562,27.0648193359375
"Stenocereus treleasei",-96.630347,16.292121,"Sierra Madre del Sur province","Stenocereus","Oaxaca",17.5999984741211,20.466667175293,9,284,2.01979064941406,35.54833984375
"Stenocereus treleasei",-96.643136,16.316115,"Sierra Madre del Sur province","Stenocereus","Oaxaca",18.5,21.1333332061768,6,261,0.387542724609375,11.65673828125
"Stenocereus treleasei",-96.670957,16.416016,"Balsas Basin province","Stenocereus","Oaxaca",20,22.7999992370605,1,248,1.38052368164062,6.5787353515625
"Stenocereus treleasei",-96.684998,16.423056,"Balsas Basin province","Stenocereus","Oaxaca",20.2000007629395,22.9333343505859,1,262,-0.661483764648438,12.690673828125
"Stenocereus treleasei",-96.548737,16.563931,"Balsas Basin province","Stenocereus","Oaxaca",19.7000007629395,22.033332824707,1,212,0.726516723632812,13.54931640625
"Stenocereus treleasei",-96.348491,16.568947,"Pacific Lowlands province","Stenocereus","Oaxaca",20.2000007629395,25.1166667938232,2,267,1.52946472167969,25.2320556640625
"Stenocereus treleasei",-96.58021,16.575498,"Balsas Basin province","Stenocereus","Oaxaca",17.5,20.0166664123535,2,235,1.7547607421875,21.839111328125
"Stenocereus treleasei",-96.365163,16.581955,"Sierra Madre del Sur province","Stenocereus","Oaxaca",19.7999992370605,24.783332824707,2,266,2.54324340820312,36.6549072265625
"Stenocereus treleasei",-96.700087,16.718331,"Balsas Basin province","Stenocereus","Oaxaca",22.8000011444092,23.0833339691162,2,284,0.232528686523438,2.150146484375
"Stenocereus treleasei",-96.6872662,16.7193681,"Balsas Basin province","Stenocereus","Oaxaca",22.5999984741211,23.033332824707,2,281,0.209426879882812,1.9637451171875
"Stenocereus treleasei",-96.627639,16.796134,"Balsas Basin province","Stenocereus","Oaxaca",22,22.6499996185303,3,276,-0.6126708984375,10.5145263671875
"Stenocereus treleasei",-96.277083,16.865317,"Sierra Madre del Sur province","Stenocereus","Oaxaca",19.7000007629395,22.1000003814697,3,276,6.36329650878906,26.7047119140625
"Stenocereus treleasei",-96.275703,16.868664,"Sierra Madre del Sur province","Stenocereus","Oaxaca",18.2999992370605,20.966667175293,2,255,0.374008178710938,5.146240234375
"Stenocereus treleasei",-96.85007,16.88046,"Sierra Madre del Sur province","Stenocereus","Oaxaca",20.0999984741211,20.783332824707,2,279,-0.221435546875,14.892578125
"Stenocereus treleasei",-96.79919,16.91125,"Balsas Basin province","Stenocereus","Oaxaca",23.7999992370605,22.966667175293,2,279,2.78608703613281,10.4490966796875
"Stenocereus treleasei",-96.3815946,16.921923,"Balsas Basin province","Stenocereus","Oaxaca",21,22.0666675567627,2,277,-0.172592163085938,2.161376953125
"Stenocereus treleasei",-96.322857,16.931424,"Balsas Basin province","Stenocereus","Oaxaca",19.3999996185303,20.7666664123535,2,268,-0.87701416015625,24.2615966796875
"Stenocereus treleasei",-96.341354,16.939556,"Balsas Basin province","Stenocereus","Oaxaca",18.6000003814697,20.2000007629395,2,115,0.263229370117188,36.79248046875
"Stenocereus treleasei",-96.439801,16.955426,"Balsas Basin province","Stenocereus","Oaxaca",21.5,22.216667175293,3,277,-0.289688110351562,10.7418212890625
"Stenocereus treleasei",-96.451872,16.9565,"Balsas Basin province","Stenocereus","Oaxaca",22.2999992370605,22.6666660308838,3,274,-0.601898193359375,9.867431640625
"Stenocereus treleasei",-96.447778,16.958056,"Balsas Basin province","Stenocereus","Oaxaca",22.1000003814697,22.5666656494141,3,277,2.66584777832031,34.820068359375
"Stenocereus treleasei",-96.454442,16.958579,"Balsas Basin province","Stenocereus","Oaxaca",21.8999996185303,22.3999996185303,2,276,-0.298782348632812,4.101806640625
"Stenocereus treleasei",-96.569346,16.99626,"Balsas Basin province","Stenocereus","Oaxaca",22.9999980926514,22.8333320617676,2,255,-0.049041748046875,9.8380126953125
"Stenocereus treleasei",-96.441389,16.996389,"Balsas Basin province","Stenocereus","Oaxaca",20.7000007629395,21.3333320617676,3,283,0.150924682617188,2.0224609375
"Stenocereus treleasei",-96.742172,17.008202,"Balsas Basin province","Stenocereus","Oaxaca",23.7000007629395,23.3999996185303,3,246,-0.205062866210938,1.1007080078125
"Stenocereus treleasei",-96.767883,17.038703,"Balsas Basin province","Stenocereus","Oaxaca",21.8999996185303,22.466667175293,3,257,3.8343505859375,17.1502685546875
"Stenocereus treleasei",-96.516303,17.041478,"Balsas Basin province","Stenocereus","Oaxaca",20.3999996185303,21.0833339691162,3,273,-0.272293090820312,16.726318359375
"Stenocereus treleasei",-96.734727,17.077957,"Balsas Basin province","Stenocereus","Oaxaca",22.2000007629395,23.1166667938232,3,246,1.34751892089844,46.9007568359375
"Stenocereus treleasei",-96.898571,17.160447,"Balsas Basin province","Stenocereus","Oaxaca",22.5,22.7999992370605,3,258,-1.39100646972656,7.3409423828125
"Stenocereus treleasei",-96.841287,17.161976,"Balsas Basin province","Stenocereus","Oaxaca",23.1999988555908,23.4500007629395,3,252,0.447921752929688,18.1083984375
"Stenocereus treleasei",-96.802786,17.168217,"Balsas Basin province","Stenocereus","Oaxaca",23.5,23.5833339691162,2,248,-0.884674072265625,6.2191162109375
"Stenocereus treleasei",-96.801139,17.197778,"Balsas Basin province","Stenocereus","Oaxaca",23.3000011444092,23.533332824707,3,249,2.83480834960938,6.925537109375
"Stenocereus treleasei",-96.820622,17.223737,"Balsas Basin province","Stenocereus","Oaxaca",23.4000015258789,23.6333332061768,3,251,0.17138671875,0.73828125
"Stenocereus treleasei",-96.822657,17.256063,"Sierra Madre del Sur province","Stenocereus","Oaxaca",22.6999988555908,23.033332824707,3,254,-1.40554809570312,7.1556396484375
"Stenocereus treleasei",-97.02092,17.41931,"Sierra Madre del Sur province","Stenocereus","Oaxaca",22.8999996185303,23.4833335876465,5,255,-0.444442749023438,14.599853515625
"Stenocereus treleasei",-96.771146,18.161572,"Sierra Madre del Sur province","Stenocereus","Oaxaca",20.5999984741211,23.0833339691162,57,645,1.05699157714844,17.9410400390625
"Isolatocereus dumortieri",-95.90579,16.50045,"Pacific Lowlands province","Isolatocereus","Mexico",19.6999988555908,25.0166664123535,0,212,-0.226066589355469,29.819091796875
"Isolatocereus dumortieri",-96.171944,16.684444,"Pacific Lowlands province","Isolatocereus","Mexico",20.7999992370605,25.9166660308838,4,253,2.12442779541016,24.6472778320312
"Isolatocereus dumortieri",-95.983333,16.633333,"Pacific Lowlands province","Isolatocereus","Mexico",22,26.6666660308838,2,200,-0.102745056152344,1.949462890625
"Selenicereus purpusii",-96.1292,15.910925,"Pacific Lowlands province","Selenicereus","Mexico",14,25.966667175293,3,391,0.228763580322266,13.86279296875
"Cephalocereus nudus",-96.160469,15.7269,"Pacific Lowlands province","Cephalocereus","Mexico",13.5,28.1333332061768,4,362,-0.877400040626526,2.54215955734253
"Cephalocereus nudus",-95.595078,15.978082,"Pacific Lowlands province","Cephalocereus","Mexico",14.5000019073486,28.216667175293,1,290,-2.12461853027344,57.7041931152344
"Cephalocereus nudus",-95.884552,15.849292,"Pacific Lowlands province","Cephalocereus","Mexico",14.2000007629395,28.5499992370605,2,346,-0.799985408782959,20.711124420166
"Cephalocereus nudus",-96.274501,16.868775,"Pacific Lowlands province","Cephalocereus","Mexico",18.7999992370605,21.5166664123535,3,266,2.52381896972656,19.228515625
"Cephalocereus nudus",-96.276886,16.513168,"Pacific Lowlands province","Cephalocereus","Mexico",19.3999996185303,23.75,3,227,-5.80455017089844,26.469970703125
"Cephalocereus nudus",-96.138847,16.668475,"Pacific Lowlands province","Cephalocereus","Mexico",20.5,25.6499996185303,4,251,-0.62017822265625,22.6451416015625
"Cephalocereus nudus",-95.581008,15.964762,"Pacific Lowlands province","Cephalocereus","Mexico",14.4000015258789,28.6166667938232,1,297,-1.56008660793304,13.1182661056519
"Cephalocereus nudus",-96.15779,15.730642,"Pacific Lowlands province","Cephalocereus","Mexico",13.4000015258789,28.0833339691162,4,370,-3.29788279533386,24.2707424163818
"Cephalocereus nudus",-96.057823,15.79635,"Pacific Lowlands province","Cephalocereus","Mexico",13.6000003814697,28.2333335876465,4,369,-1.23356008529663,29.8757629394531
"Cephalocereus nudus",-96.20134,15.75851,"Pacific Lowlands province","Cephalocereus","Mexico",13.6999988555908,28.1333332061768,5,383,-1.01884269714355,4.72217559814453
"Cephalocereus nudus",-96.159576,15.734646,"Pacific Lowlands province","Cephalocereus","Mexico",13.4000015258789,28.0666675567627,4,373,-1.43285501003265,10.1940059661865
"Cephalocereus nudus",-96.001137,15.87185,"Pacific Lowlands province","Cephalocereus","Mexico",14.1000003814697,28,3,374,1.55590724945068,5.82024765014648
"Cephalocereus nudus",-96.14167,15.75167,"Pacific Lowlands province","Cephalocereus","Mexico",13.3000011444092,28.0666675567627,4,381,-0.850419044494629,23.3923530578613
"Cephalocereus nudus",-95.61314,15.98033,"Pacific Lowlands province","Cephalocereus","Mexico",14.6000003814697,28.4833335876465,2,294,-0.852847576141357,9.20712661743164
"Cephalocereus nudus",-95.348522,16.382905,"Pacific Lowlands province","Cephalocereus","Mexico",15.7999992370605,26.1166648864746,2,210,2.32801818847656,9.11993408203125
"Cephalocereus nudus",-95.2268,16.42244,"Pacific Lowlands province","Cephalocereus","Mexico",15.8999996185303,28.6999988555908,2,242,-1.2539005279541,11.547492980957
"Cephalocereus nudus",-95.3135,16.38208,"Pacific Lowlands province","Cephalocereus","Mexico",16.5,28.6166667938232,1,219,-0.518722534179688,12.5730590820312
"Cephalocereus nudus",-95.8727,16.43394,"Pacific Lowlands province","Cephalocereus","Mexico",19.6000003814697,26.033332824707,1,202,-0.248558044433594,6.7412109375
"Cephalocereus nudus",-96.015774,16.554626,"Pacific Lowlands province","Cephalocereus","Mexico",20.1000022888184,25.6166667938232,1,215,0.784034729003906,4.93304443359375
"Cephalocereus nudus",-96.330487,16.587508,"Pacific Lowlands province","Cephalocereus","Mexico",20.2000007629395,25.1333332061768,2,266,-3.70500183105469,10.845947265625
"Cephalocereus nudus",-96.338171,16.575386,"Pacific Lowlands province","Cephalocereus","Mexico",20.2999992370605,25.2000007629395,2,265,0.324554443359375,29.7691650390625
"Cephalocereus nudus",-96.074425,15.811898,"Pacific Lowlands province","Cephalocereus","Mexico",13.6000003814697,28.1666660308838,4,384,4.80503749847412,32.9199371337891
"Cephalocereus nudus",-96.167435,15.722217,"Pacific Lowlands province","Cephalocereus","Mexico",13.4000015258789,28.0833339691162,4,370,4.64452219009399,32.0481643676758
"Cephalocereus nudus",-96.132241,15.776324,"Pacific Lowlands province","Cephalocereus","Mexico",13.5999984741211,28.25,4,380,-0.76279354095459,7.20637512207031
"Cephalocereus nudus",-96.130919,15.759169,"Pacific Lowlands province","Cephalocereus","Mexico",13.6000003814697,28.2666664123535,4,368,3.04582214355469,34.4003486633301
"Cephalocereus nudus",-95.341667,16.391667,"Pacific Lowlands province","Cephalocereus","Mexico",16.2000007629395,26.6499996185303,3,205,3.40972900390625,67.8452758789062
"Cephalocereus nudus",-96.1256329999999,15.7533259999999,"Pacific Lowlands province","Cephalocereus","Mexico",13.4999980926514,28.2333335876465,4,368,-3.60397362709045,19.7168846130371
"Isolatocereus dumortieri",-97.200951,17.641263,"Sierra Madre del Sur province","Isolatocereus","Mexico",20.1999988555908,16.5499992370605,3,177,0.625885009765625,19.82080078125
"Isolatocereus dumortieri",-97.14561,17.64466,"Sierra Madre del Sur province","Isolatocereus","Mexico",21.2000007629395,18.5166664123535,4,173,-2.28729248046875,39.325927734375
"Isolatocereus dumortieri",-97.350107,17.655951,"Sierra Madre del Sur province","Isolatocereus","Mexico",20.7000007629395,16.3666667938232,6,226,1.63763427734375,20.228759765625
"Isolatocereus dumortieri",-97.361427,17.939473,"Sierra Madre del Sur province","Isolatocereus","Mexico",23.4000015258789,19.0166664123535,5,211,0.16412353515625,3.9365234375
"Isolatocereus dumortieri",-97.34269,17.889382,"Sierra Madre del Sur province","Isolatocereus","Mexico",23.9000015258789,20.216667175293,4,176,0.420501708984375,18.8858642578125
"Isolatocereus dumortieri",-97.67086,17.724,"Sierra Madre del Sur province","Isolatocereus","Mexico",22.4000015258789,21.3833332061768,4,238,0.294189453125,20.7037353515625
"Isolatocereus dumortieri",-97.371917,17.546953,"Sierra Madre del Sur province","Isolatocereus","Mexico",21.5,17.1333332061768,5,232,-4.58221435546875,13.17236328125
"Isolatocereus dumortieri",-97.582361,17.680278,"Sierra Madre del Sur province","Isolatocereus","Mexico",23.5999984741211,20.4333343505859,5,233,-0.2713623046875,21.9532470703125
"Isolatocereus dumortieri",-97.59292,17.71292,"Sierra Madre del Sur province","Isolatocereus","Mexico",23,20.5499992370605,5,230,1.33076477050781,22.673828125
"Isolatocereus dumortieri",-96.9295,17.283778,"Sierra Madre del Sur province","Isolatocereus","Mexico",21.7000007629395,21.9333324432373,4,254,3.66741943359375,17.7593994140625
"Isolatocereus dumortieri",-97.640167,17.700472,"Sierra Madre del Sur province","Isolatocereus","Mexico",22.2999992370605,20.783332824707,4,234,2.49331665039062,26.72412109375
"Isolatocereus dumortieri",-96.075,17.058333,"Sierra Madre del Sur province","Isolatocereus","Mexico",16.2000007629395,18.6666660308838,15,328,-1.84095764160156,26.0792236328125
"Isolatocereus dumortieri",-96.905639,17.722639,"Sierra Madre del Sur province","Isolatocereus","Mexico",23.6000003814697,26.6333332061768,17,285,0.757865905761719,32.06884765625
"Isolatocereus dumortieri",-97.575,17.675,"Sierra Madre del Sur province","Isolatocereus","Mexico",23.3999996185303,20.1499996185303,6,236,-0.330810546875,3.35107421875
"Selenicereus purpusii",-96.644051,16.303058,"Sierra Madre del Sur province","Selenicereus","Mexico",18.2999992370605,20.9166679382324,7,265,0.141754150390625,9.1739501953125
"Selenicereus purpusii",-96.343004,15.878373,"Sierra Madre del Sur province","Selenicereus","Mexico",14.1000003814697,25.3666667938232,4,400,2.0803337097168,14.087890625
"Selenicereus purpusii",-96.10567,15.98969,"Sierra Madre del Sur province","Selenicereus","Mexico",13.5999994277954,23.6666660308838,4,402,0.971702575683594,47.5038452148438
"Selenicereus purpusii",-96.901806,17.919861,"Sierra Madre del Sur province","Selenicereus","Mexico",24.4000015258789,26.1666660308838,31,407,-1.91802978515625,26.66357421875
"Selenicereus purpusii",-96.91967,17.92641,"Sierra Madre del Sur province","Selenicereus","Mexico",24.7000007629395,26.8833332061768,25,355,5.46671295166016,35.4926147460938
"Selenicereus purpusii",-96.953889,17.911139,"Sierra Madre del Sur province","Selenicereus","Mexico",24.3999996185303,27.1499996185303,19,320,-1.55550384521484,65.1058349609375
"Selenicereus purpusii",-96.919306,17.91525,"Sierra Madre del Sur province","Selenicereus","Mexico",23,25.4833335876465,26,399,1.478271484375,45.43896484375
"Selenicereus purpusii",-97.01892,17.51633,"Sierra Madre del Sur province","Selenicereus","Mexico",22.2999992370605,22.9500007629395,7,257,-2.71917724609375,37.7847900390625
"Selenicereus purpusii",-96.94056,17.92583,"Sierra Madre del Sur province","Selenicereus","Mexico",24.5999984741211,26.9833335876465,24,344,-4.13847351074219,31.149169921875
"Cephalocereus nudus",-96.275585,16.867252,"Sierra Madre del Sur province","Cephalocereus","Mexico",18.2999992370605,20.966667175293,2,255,-0.520278930664062,30.1978759765625
"Cephalocereus nudus",-96.276838,16.863108,"Sierra Madre del Sur province","Cephalocereus","Mexico",19.7000007629395,22.1000003814697,3,276,3.61190795898438,45.848876953125
"Cephalocereus nudus",-96.252182,16.672298,"Sierra Madre del Sur province","Cephalocereus","Mexico",20.2999992370605,25.3166656494141,4,270,-0.626388549804688,34.443359375
"Cephalocereus nudus",-96.253774,16.666248,"Sierra Madre del Sur province","Cephalocereus","Mexico",20.6999988555908,25.75,3,261,4.34190368652344,25.7095947265625
"Cephalocereus nudus",-96.285723,16.675827,"Sierra Madre del Sur province","Cephalocereus","Mexico",19.8999977111816,24.8333320617676,4,268,1.50883483886719,49.201416015625
"Isolatocereus dumortieri",-97.019756,17.869281,"Balsas Basin province","Isolatocereus","Mexico",24,28.75,4,152,-2.53230285644531,26.27294921875
"Isolatocereus dumortieri",-97.06133,17.47861,"Balsas Basin province","Isolatocereus","Mexico",23,23.1166667938232,6,252,-2.42216491699219,58.338134765625
"Isolatocereus dumortieri",-96.94806,17.69694,"Balsas Basin province","Isolatocereus","Mexico",23.5,27.8000011444092,8,216,3.22254180908203,27.5484008789062
"Isolatocereus dumortieri",-97.021861,17.523917,"Balsas Basin province","Isolatocereus","Mexico",23.2000007629395,23.9166660308838,9,259,0.251174926757812,28.5694580078125
"Isolatocereus dumortieri",-97.053194,17.496111,"Balsas Basin province","Isolatocereus","Mexico",22.2999992370605,22.8166675567627,6,250,-3.86909484863281,28.5010986328125
"Isolatocereus dumortieri",-97.0602,18.1491,"Balsas Basin province","Isolatocereus","Mexico",25.6999988555908,26.6333332061768,16,264,3.52983093261719,41.081787109375
"Isolatocereus dumortieri",-97.057722,18.151806,"Balsas Basin province","Isolatocereus","Mexico",24.1000022888184,25.6000003814697,18,327,-1.91996765136719,41.7459716796875
"Isolatocereus dumortieri",-98.045098,17.63791,"Balsas Basin province","Isolatocereus","Mexico",22.3999977111816,24.8333339691162,4,260,-1.26579284667969,46.843994140625
"Isolatocereus dumortieri",-97.990959,17.642262,"Balsas Basin province","Isolatocereus","Mexico",23.2000007629395,24.7666664123535,4,255,-4.86627197265625,24.917236328125
"Isolatocereus dumortieri",-97.093894,17.779625,"Balsas Basin province","Isolatocereus","Mexico",21.6000003814697,21.533332824707,6,213,0.973175048828125,11.7735595703125
"Isolatocereus dumortieri",-96.974306,17.956778,"Balsas Basin province","Isolatocereus","Mexico",24.8000011444092,27.3833332061768,19,325,-2.98524475097656,29.522216796875
"Isolatocereus dumortieri",-96.982722,17.9535,"Balsas Basin province","Isolatocereus","Mexico",24.4999980926514,27.7000007629395,14,285,-2.36960601806641,23.6482543945312
"Isolatocereus dumortieri",-96.934556,17.686278,"Balsas Basin province","Isolatocereus","Mexico",23,28.0166664123535,5,169,-3.94408416748047,6.90740966796875
"Isolatocereus dumortieri",-96.96584,17.903891,"Balsas Basin province","Isolatocereus","Mexico",23.8999996185303,27.7999992370605,10,233,0.761993408203125,17.3008422851562
"Isolatocereus dumortieri",-97.72525,18.222455,"Balsas Basin province","Isolatocereus","Mexico",20.0999984741211,22.5666656494141,4,208,-2.75682067871094,34.723388671875
"Isolatocereus dumortieri",-97.68734,17.776478,"Balsas Basin province","Isolatocereus","Mexico",23.2000007629395,22.9333324432373,4,221,-0.866226196289062,52.396484375
"Isolatocereus dumortieri",-97.425127,18.067992,"Balsas Basin province","Isolatocereus","Mexico",24.1000003814697,24.9500007629395,5,160,-5.78129577636719,12.6414794921875
"Isolatocereus dumortieri",-97.033616,18.079172,"Balsas Basin province","Isolatocereus","Mexico",24.5999984741211,26.7666664123535,18,319,3.61186218261719,59.672607421875
"Selenicereus purpusii",-97.053194,17.496111,"Balsas Basin province","Selenicereus","Mexico",22.2999992370605,22.8166675567627,6,250,-3.86909484863281,28.5010986328125
"Selenicereus purpusii",-96.9215,17.71822,"Balsas Basin province","Selenicereus","Mexico",23.1000022888184,27.7000007629395,6,173,-0.964927673339844,39.5416870117188
"Selenicereus purpusii",-96.960417,17.932417,"Balsas Basin province","Selenicereus","Mexico",24.1000022888184,27.783332824707,11,249,11.065185546875,43.2410888671875
"Selenicereus purpusii",-97.0302,17.5098,"Balsas Basin province","Selenicereus","Mexico",23.3999977111816,24.2333335876465,8,256,-0.0823211669921875,23.47412109375
"Selenicereus purpusii",-96.9539,17.92539,"Balsas Basin province","Selenicereus","Mexico",24.2999992370605,27.3333320617676,17,304,-3.70730590820312,36.19775390625
"Cephalocereus nudus",-96.639499,17.016357,"Balsas Basin province","Cephalocereus","Mexico",20.8000011444092,21.3500003814697,2,259,-0.212814331054688,52.6553955078125
