"Species","lon","lat","Province","Genus","Endemismo","bio_07","bio_11","bio_14","bio_15","bio_18","bio_19","slope","tpi"
"Aporocactus flagelliformis",-97.066667,18.116667,"Balsas Basin province","Aporocactus","Mexico",26.6000003814697,21.1666660308838,13,88.3094482421875,241,48,14.9403667449951,3.11565399169922
"Cephalocereus parvispinus",-97.416667,17.183333,"Sierra Madre del Sur province","Cephalocereus","Mexico",21.1000003814697,18.0499992370605,5,95.9455871582031,305,16,3.89831805229187,1.45974731445312
"Coryphantha pycnacantha",-97.225,17.475,"Sierra Madre del Sur province","Coryphantha","Mexico",21.9000015258789,15.0833330154419,2,93.8384857177734,221,16,1.41383719444275,-0.83905029296875
"Coryphantha pycnacantha",-97.218583,17.485361,"Sierra Madre del Sur province","Coryphantha","Mexico",21.6999988555908,14.7666664123535,2,94.1232604980469,215,16,6.93148469924927,-1.35321044921875
"Cylindropuntia leptocaulis",-97.004167,17.723056,"Balsas Basin province","Cylindropuntia","No",24.0000019073486,21.6000003814697,12,90.0678863525391,254,40,4.46495914459229,-1.35565185546875
"Cylindropuntia leptocaulis",-96.998889,17.893333,"Balsas Basin province","Cylindropuntia","No",23.9000015258789,22.6833324432373,5,99.732063293457,157,17,31.8477649688721,-2.12841796875
"Disocactus macranthus",-94.267,16.667,"Chiapas Highlands province","Disocactus","Mexico",15.0000009536743,19,8,91.1344528198242,380,36,42.5190696716309,-2.53848266601562
"Disocactus macranthus",-94.233,16.683,"Chiapas Highlands province","Disocactus","Mexico",14.7000007629395,17,20,79.6247634887695,430,78,31.7752990722656,-2.8680419921875
"Disocactus macranthus",-94.133,16.717,"Chiapas Highlands province","Disocactus","Mexico",16.2999992370605,19.9333343505859,18,63.6609687805176,215,122,15.382269859314,3.26607513427734
"Disocactus macranthus",-94.19167,16.725,"Veracruzan province","Disocactus","Mexico",15.3999996185303,17.6333332061768,21,76.0426483154297,418,91,9.92294597625732,-3.06588745117188
"Disocactus macranthus",-94.183,16.733,"Veracruzan province","Disocactus","Mexico",16,18.7333335876465,20,71.4688568115234,247,102,36.8942909240723,-1.32818603515625
"Disocactus macranthus",-94.196111,16.736556,"Veracruzan province","Disocactus","Mexico",15.4000005722046,17.9500007629395,21,74.7540054321289,406,95,6.44218444824219,4.38194274902344
"Disocactus macranthus",-96.865833,17.731417,"Sierra Madre del Sur province","Disocactus","Mexico",19.3999996185303,15.5666666030884,13,91.0051040649414,306,105,28.2028617858887,-1.40335083007812
"Echinocereus pulchellus",-97.492222,17.831389,"Sierra Madre del Sur province","Echinocereus","Mexico",21.5,13.4333333969116,7,89.1238174438477,239,32,4.08106994628906,0.825347900390625
"Echinocereus pulchellus",-97.496139,17.839173,"Sierra Madre del Sur province","Echinocereus","Mexico",21.6000003814697,13.7333335876465,7,87.4983139038086,237,33,13.258861541748,-1.17037963867188
"Echinocereus pulchellus",-97.453042,17.911913,"Sierra Madre del Sur province","Echinocereus","Mexico",21.5999984741211,13.8333330154419,6,91.3245010375977,232,26,3.55342721939087,1.24349975585938
"Echinocereus pulchellus",-97.452679,17.914063,"Sierra Madre del Sur province","Echinocereus","Mexico",21.5999984741211,13.8333330154419,6,91.3245010375977,232,26,9.18562030792236,0.680389404296875
"Epiphyllum anguliger",-96.12369,15.98903,"Sierra Madre del Sur province","Epiphyllum","Mexico",13.1000003814697,21.6000003814697,8,97.6109313964844,476,35,14.4345703125,-3.58462524414062
"Epiphyllum anguliger",-96.11888,16.00333,"Sierra Madre del Sur province","Epiphyllum","Mexico",12.8000001907349,21.1833343505859,9,94.5150985717773,460,41,25.1314449310303,-0.677261352539062
"Epiphyllum anguliger",-96.10983,16.00336,"Sierra Madre del Sur province","Epiphyllum","Mexico",13.1999998092651,21.3333339691162,8,95.8541793823242,457,37,5.68966770172119,0.96978759765625
"Epiphyllum anguliger",-96.11014,16.01089,"Sierra Madre del Sur province","Epiphyllum","Mexico",12.7000007629395,20.8833332061768,9,94.2445602416992,435,40,28.4190559387207,1.22230529785156
"Epiphyllum anguliger",-96.983,16.183,"Sierra Madre del Sur province","Epiphyllum","Mexico",14.9000005722046,19.033332824707,7,94.4186096191406,456,31,21.8814010620117,-1.40768432617188
"Epiphyllum anguliger",-97.075583,16.388083,"Sierra Madre del Sur province","Epiphyllum","Mexico",19.2999992370605,21.0499992370605,4,100.700393676758,475,20,19.226619720459,0.481163024902344
"Epiphyllum anguliger",-97.831118,17.070586,"Sierra Madre del Sur province","Epiphyllum","Mexico",19.5999984741211,18.7999992370605,10,98.9985809326172,448,36,10.7332401275635,3.76811218261719
"Epiphyllum anguliger",-97.836123,17.072445,"Sierra Madre del Sur province","Epiphyllum","Mexico",20.1000003814697,19.6166667938232,9,104.695129394531,508,32,34.4889030456543,0.09014892578125
"Epiphyllum anguliger",-96.8102,17.1727,"Balsas Basin province","Epiphyllum","Mexico",23.5,19.6000003814697,3,93.8649444580078,249,15,2.63247156143188,0.644668579101562
"Epiphyllum crenatum",-95.583,16.267,"Pacific Lowlands province","Epiphyllum","Mexico",15,21.6833343505859,1,103.444023132324,275,9,35.7497749328613,0.877426147460938
"Epiphyllum crenatum",-95.9164,16.2711,"Sierra Madre del Sur province","Epiphyllum","Mexico",15.8999996185303,20.9500007629395,4,102.401824951172,282,18,23.0098838806152,5.6239013671875
"Epiphyllum oxypetalum",-96.616069,16.77877,"Balsas Basin province","Epiphyllum","No",21.9000015258789,19.716667175293,2,92.8027801513672,275,17,3.99459218978882,0.554946899414062
"Epiphyllum oxypetalum",-96.616886,16.779496,"Balsas Basin province","Epiphyllum","No",22.0999984741211,19.8333339691162,2,93.1195907592773,275,16,2.50925993919373,-0.296096801757812
"Epiphyllum oxypetalum",-94.352222,17.160556,"Veracruzan province","Epiphyllum","No",16.0999984741211,21.6833343505859,65,58.7914123535156,890,473,16.5173263549805,-0.888019561767578
"Epiphyllum oxypetalum",-96.428401,17.644974,"Sierra Madre del Sur province","Epiphyllum","No",19.2000007629395,19.2666664123535,57,75.2037124633789,555,230,33.3896026611328,0.286079406738281
"Epiphyllum oxypetalum",-96.314714,17.719578,"Veracruzan province","Epiphyllum","No",18.6000003814697,20.1999988555908,64,77.1011123657227,647,268,28.5838661193848,3.40659332275391
"Epiphyllum oxypetalum",-96.599472,17.955417,"Veracruzan province","Epiphyllum","No",20.2000007629395,18.9500007629395,90,72.6934051513672,782,389,15.1974563598633,0.0144805908203125
"Epiphyllum oxypetalum",-96.642167,18.048667,"Veracruzan province","Epiphyllum","No",20.2000007629395,19.966667175293,80,76.0795364379883,791,330,17.400426864624,-0.469738006591797
"Epiphyllum oxypetalum",-96.604244,18.11442,"Veracruzan province","Epiphyllum","No",20.3000011444092,18.4166660308838,109,74.4672775268555,928,453,25.8568649291992,-5.27926635742188
"Epiphyllum phyllanthus",-96.1005,15.97083,"Pacific Lowlands province","Epiphyllum","No",12.5,21.9500007629395,9,97.6021118164062,482,36,21.2102298736572,0.234588623046875
"Epiphyllum phyllanthus",-94.979417,16.741777,"Pacific Lowlands province","Epiphyllum","No",16.5999984741211,23.0499992370605,16,87.867057800293,285,98,8.37602043151855,-1.4766960144043
"Epiphyllum phyllanthus",-94.97942,16.74178,"Pacific Lowlands province","Epiphyllum","No",16.5999984741211,23.0499992370605,16,87.867057800293,285,98,8.37602043151855,-1.4766960144043
"Epiphyllum phyllanthus",-94.976667,16.743861,"Pacific Lowlands province","Epiphyllum","No",16.5999984741211,23.0499992370605,16,87.867057800293,285,98,21.2989139556885,8.47012329101562
"Epiphyllum phyllanthus",-96.27944,17.52306,"Sierra Madre del Sur province","Epiphyllum","No",19.1999988555908,20.4333343505859,42,81.2220993041992,569,171,37.0798683166504,4.04632949829102
"Epiphyllum phyllanthus",-96.279481,17.523775,"Sierra Madre del Sur province","Epiphyllum","No",19.1999988555908,20.4333343505859,42,81.2220993041992,569,171,12.844762802124,5.54724884033203
"Epiphyllum phyllanthus",-96.29028,17.52806,"Veracruzan province","Epiphyllum","No",19.0000019073486,19.8500003814697,45,80.6712036132812,525,172,22.5441112518311,1.84976196289062
"Epiphyllum phyllanthus",-96.2903153,17.5287747,"Veracruzan province","Epiphyllum","No",19.0000019073486,19.8500003814697,45,80.6712036132812,525,172,33.1322746276855,0.2724609375
"Epiphyllum pumilum",-94.763333,16.846667,"Veracruzan province","Epiphyllum","No",15.5,22.2000007629395,36,68.6842956542969,616,282,2.76995992660522,-0.613367080688477
"Epiphyllum pumilum",-94.733,16.867,"Veracruzan province","Epiphyllum","No",15.5,22.0833339691162,39,65.17529296875,635,324,19.2755222320557,-0.211299896240234
"Epiphyllum pumilum",-95.8182349,17.1246597,"Sierra Madre del Sur province","Epiphyllum","No",16.8999996185303,19.6000003814697,52,86.4681549072266,600,180,5.16466045379639,0.977935791015625
"Lemaireocereus hollianus",-97.00986,17.83475,"Balsas Basin province","Lemaireocereus","Mexico",23.8999977111816,22.4166660308838,3,102.352096557617,144,13,3.25272631645203,-1.66561126708984
"Lemaireocereus hollianus",-97.045326,17.862324,"Balsas Basin province","Lemaireocereus","Mexico",24.5000019073486,22.0166664123535,9,93.3922119140625,203,31,18.5404071807861,1.53209686279297
"Lemaireocereus hollianus",-97.042603,17.862328,"Balsas Basin province","Lemaireocereus","Mexico",24.5000019073486,22.0166664123535,9,93.3922119140625,203,31,12.2079076766968,-3.96053314208984
"Lemaireocereus hollianus",-97.037254,17.864012,"Balsas Basin province","Lemaireocereus","Mexico",24.1999988555908,22.3166675567627,6,97.1952056884766,182,21,26.2102680206299,2.96782684326172
"Lemaireocereus hollianus",-97.037972,17.864057,"Balsas Basin province","Lemaireocereus","Mexico",24.1999988555908,22.3166675567627,6,97.1952056884766,182,21,21.9513454437256,1.20611572265625
"Lemaireocereus hollianus",-97.037109,17.86408,"Balsas Basin province","Lemaireocereus","Mexico",24.1999988555908,22.3166675567627,6,97.1952056884766,182,21,23.2116737365723,2.66928100585938
"Lemaireocereus hollianus",-97.017814,17.8745,"Balsas Basin province","Lemaireocereus","Mexico",24,22.533332824707,4,100.58415222168,152,16,23.3739547729492,-6.08061218261719
"Lemaireocereus hollianus",-96.972648,17.896423,"Balsas Basin province","Lemaireocereus","Mexico",23.7999992370605,21.8833332061768,7,96.7850570678711,194,26,3.82458329200745,-0.644126892089844
"Lemaireocereus hollianus",-97.06211,18.09275,"Balsas Basin province","Lemaireocereus","Mexico",26.2999992370605,21.1499996185303,13,88.7512588500977,248,47,17.0971622467041,2.99935913085938
"Mammillaria beneckei",-95.313261,16.380804,"Pacific Lowlands province","Mammillaria","Mexico",16.5,25.783332824707,1,119.938133239746,219,3,4.80040216445923,1.14325332641602
"Mammillaria beneckei",-95.31333,16.38111,"Pacific Lowlands province","Mammillaria","Mexico",16.5,25.783332824707,1,119.938133239746,219,3,11.7346467971802,-1.87920761108398
"Mammillaria beneckei",-95.3074,16.38211,"Pacific Lowlands province","Mammillaria","Mexico",16.7000007629395,26.1333332061768,1,119.765716552734,248,4,24.1152381896973,4.47038459777832
"Mammillaria beneckei",-95.3225,16.385833,"Pacific Lowlands province","Mammillaria","Mexico",16.3000011444092,25.3166656494141,0,118.528259277344,196,2,14.2140741348267,-1.56171417236328
"Mammillaria beneckei",-95.367,16.417,"Pacific Lowlands province","Mammillaria","Mexico",16.1999988555908,24.8500003814697,0,118.420867919922,183,2,26.5580348968506,2.51919174194336
"Mammillaria discolor",-97.54361,17.49388,"Sierra Madre del Sur province","Mammillaria","Mexico",21.8999996185303,14.033332824707,4,93.1241912841797,260,22,19.7607040405273,-1.87710571289062
"Mammillaria discolor",-97.07086,17.70155,"Sierra Madre del Sur province","Mammillaria","Mexico",23.6000022888184,18.3999996185303,14,86.9546508789062,262,71,29.4394760131836,-0.563156127929688
"Mammillaria discolor",-96.865472,17.718667,"Sierra Madre del Sur province","Mammillaria","Mexico",19.5,15.7333335876465,13,90.9266738891602,299,103,19.4543743133545,1.43487548828125
"Mammillaria discolor",-97.376972,17.724028,"Sierra Madre del Sur province","Mammillaria","Mexico",22.6999988555908,14.5999994277954,5,89.4400405883789,215,24,3.64919209480286,-0.965423583984375
"Mammillaria discolor",-97.367891,17.835694,"Sierra Madre del Sur province","Mammillaria","Mexico",23.4000015258789,14.5666666030884,4,92.3395919799805,200,18,4.70383262634277,-0.830169677734375
"Mammillaria discolor",-97.496141,17.839275,"Sierra Madre del Sur province","Mammillaria","Mexico",21.6000003814697,13.7333335876465,7,87.4983139038086,237,33,13.258861541748,-1.17037963867188
"Mammillaria discolor",-97.48805,17.84944,"Sierra Madre del Sur province","Mammillaria","Mexico",21.7000007629395,13.7166662216187,6,88.261360168457,236,32,12.8523807525635,0.72528076171875
"Mammillaria duoformis",-97.645405,17.610519,"Sierra Madre del Sur province","Mammillaria","Mexico",23,17.3666667938232,5,90.2157363891602,233,16,15.0140132904053,1.51206970214844
"Mammillaria duoformis",-97.78333,17.76666,"Balsas Basin province","Mammillaria","Mexico",23.7999992370605,19.0499992370605,4,96.8251571655273,232,15,2.04563808441162,0.0371856689453125
"Mammillaria duoformis",-97.79181,17.77411,"Balsas Basin province","Mammillaria","Mexico",23.6000022888184,18.9833335876465,5,95.2922286987305,231,27,21.0734748840332,-1.04231262207031
"Mammillaria duoformis",-97.796555,17.822166,"Balsas Basin province","Mammillaria","Mexico",23.5,18.7666664123535,5,94.1032409667969,223,28,5.36613464355469,-0.412353515625
"Mammillaria duoformis",-97.793222,17.847083,"Balsas Basin province","Mammillaria","Mexico",23.1000003814697,18.2000007629395,5,95.0231170654297,228,24,10.9105062484741,0.263168334960938
"Mammillaria duoformis",-97.732743,18.050146,"Balsas Basin province","Mammillaria","Mexico",20.5999984741211,17.033332824707,5,96.6496658325195,229,18,25.8307323455811,0.239944458007812
"Mammillaria duoformis",-97.756555,18.109096,"Balsas Basin province","Mammillaria","Mexico",20.5999984741211,18.3333339691162,5,95.9510803222656,202,19,1.40407717227936,0.612640380859375
"Mammillaria duoformis",-97.768242,18.169516,"Balsas Basin province","Mammillaria","Mexico",21.3999996185303,19.6000003814697,5,94.4282073974609,147,15,7.70862627029419,5.494384765625
"Mammillaria duoformis",-97.708997,18.261224,"Balsas Basin province","Mammillaria","Mexico",20.5999984741211,17.8833332061768,3,98.283576965332,204,12,29.6703052520752,0.432662963867188
"Mammillaria oteroi",-97.4465,17.67836,"Sierra Madre del Sur province","Mammillaria","Oaxaca",22.0999984741211,14.2833337783813,5,89.2430038452148,230,23,25.5719585418701,4.73068237304688
"Mammillaria oteroi",-97.4062,17.8764,"Sierra Madre del Sur province","Mammillaria","Oaxaca",23.6999988555908,14.783332824707,4,93.0721893310547,208,17,5.05392503738403,0.63421630859375
"Mammillaria tepexicensis",-97.584722,17.684444,"Sierra Madre del Sur province","Mammillaria","Oaxaca",23.5,16.3000011444092,4,90.3796005249023,229,15,3.89130568504333,-0.219650268554688
"Mammillaria tepexicensis",-97.5333,17.7833,"Sierra Madre del Sur province","Mammillaria","Oaxaca",22.2000007629395,14.6166667938232,3,92.735481262207,240,20,10.4446544647217,-1.10052490234375
"Mammillaria tonalensis",-98.167378,17.594105,"Balsas Basin province","Mammillaria","Oaxaca",21.6000022888184,19.6166667938232,5,100.351951599121,280,21,6.10360431671143,1.65316772460938
"Mammillaria tonalensis",-97.81518,17.626725,"Balsas Basin province","Mammillaria","Oaxaca",23.6000003814697,18.9333343505859,4,94.5841751098633,239,15,5.76543045043945,0.245330810546875
"Mammillaria tonalensis",-97.961289,17.645167,"Sierra Madre del Sur province","Mammillaria","Oaxaca",22.3000011444092,19.1666660308838,4,97.1550979614258,241,15,29.2402477264404,-4.35401916503906
"Mammillaria tonalensis",-97.835656,17.68679,"Balsas Basin province","Mammillaria","Oaxaca",23.6000022888184,19.4500007629395,3,95.2006072998047,238,14,3.05478358268738,0.0206298828125
"Mammillaria tonalensis",-97.867149,17.723665,"Balsas Basin province","Mammillaria","Oaxaca",23.2999992370605,19.0499992370605,4,95.0532455444336,239,27,9.16623210906982,-0.303375244140625
"Mammillaria tonalensis",-97.925865,17.793682,"Balsas Basin province","Mammillaria","Oaxaca",21.7000007629395,18,7,94.537956237793,257,27,35.03076171875,1.5462646484375
"Mammillaria uncinata",-97.455361,17.854667,"Sierra Madre del Sur province","Mammillaria","Mexico",22.2000007629395,13.8833332061768,5,91.1112670898438,231,26,15.5744485855103,-2.45870971679688
"Mammillaria uncinata",-97.303542,17.870352,"Sierra Madre del Sur province","Mammillaria","Mexico",21.7000007629395,13.716667175293,5,90.3856964111328,200,27,23.4139423370361,-4.01910400390625
"Mammillaria uncinata",-97.343,17.87375,"Sierra Madre del Sur province","Mammillaria","Mexico",23.5,14.8500003814697,5,90.7393112182617,186,18,2.59617805480957,0.111419677734375
"Mammillaria uncinata",-97.41331,17.882797,"Sierra Madre del Sur province","Mammillaria","Mexico",23.6000003814697,14.75,4,92.9564514160156,210,17,1.54030323028564,0.334930419921875
"Mammillaria uncinata",-97.412086,17.952807,"Sierra Madre del Sur province","Mammillaria","Mexico",22.3999996185303,14.4666662216187,6,91.6666641235352,227,24,1.94822025299072,0.295928955078125
"Mammillaria uncinata",-97.325504,17.980758,"Sierra Madre del Sur province","Mammillaria","Mexico",20.5999984741211,12.5,5,94.8352279663086,219,22,15.0742406845093,0.92388916015625
"Mitrocereus militaris",-96.375,16.875,"Balsas Basin province","Mitrocereus","Mexico",20.1999988555908,18.2000007629395,2,92.4807815551758,260,18,16.2667980194092,-1.44952392578125
"Mitrocereus militaris",-96.394722,16.896389,"Balsas Basin province","Mitrocereus","Mexico",21.1999988555908,18.7333335876465,2,92.4347305297852,270,19,7.76204395294189,0.256546020507812
"Neobuxbaumia laui",-97.75011,16.98436,"Sierra Madre del Sur province","Neobuxbaumia","Oaxaca",19.6999988555908,18.5833339691162,12,99.3136901855469,490,38,28.6233768463135,0.313980102539062
"Neobuxbaumia laui",-97.752222,16.985556,"Sierra Madre del Sur province","Neobuxbaumia","Oaxaca",19.6999988555908,18.5833339691162,12,99.3136901855469,490,38,31.2581596374512,2.10733032226562
"Neobuxbaumia laui",-97.75222,16.98556,"Sierra Madre del Sur province","Neobuxbaumia","Oaxaca",19.6999988555908,18.5833339691162,12,99.3136901855469,490,38,31.2581596374512,2.10733032226562
"Neobuxbaumia mezcalaensis",-96.276495,16.864644,"Sierra Madre del Sur province","Neobuxbaumia","Mexico",19.7000007629395,18.75,3,94.1548461914062,276,22,24.7831287384033,-0.996734619140625
"Neobuxbaumia mezcalaensis",-97.234444,17.248055,"Sierra Madre del Sur province","Neobuxbaumia","Mexico",20.7999992370605,16.4500007629395,5,92.0114135742188,261,19,3.39332437515259,0.097381591796875
"Neobuxbaumia mezcalaensis",-98.047288,17.634897,"Balsas Basin province","Neobuxbaumia","Mexico",22.3999977111816,21.0499992370605,4,96.6201477050781,260,24,34.875373840332,0.180862426757812
"Neobuxbaumia mezcalaensis",-97.932819,17.697911,"Balsas Basin province","Neobuxbaumia","Mexico",22.5999984741211,19.3833332061768,4,95.5462341308594,243,16,4.82706642150879,-6.22744750976562
"Neobuxbaumia mezcalaensis",-97.903496,17.708823,"Balsas Basin province","Neobuxbaumia","Mexico",22.0999984741211,18.25,5,96.1172790527344,247,23,24.5467700958252,-1.90626525878906
"Neobuxbaumia mezcalaensis",-97.814381,17.724243,"Balsas Basin province","Neobuxbaumia","Mexico",23.1000003814697,19.1499996185303,4,96.479736328125,244,16,1.96647977828979,1.85659790039062
"Neobuxbaumia mezcalaensis",-97.683144,18.119458,"Balsas Basin province","Neobuxbaumia","Mexico",20.8999996185303,17.283332824707,4,97.3864212036133,213,16,15.1750392913818,-2.67349243164062
"Neobuxbaumia mezcalaensis",-97.683445,18.200854,"Balsas Basin province","Neobuxbaumia","Mexico",20.8999996185303,18.1499996185303,5,95.1424942016602,193,15,4.89462089538574,0.651931762695312
"Neobuxbaumia mezcalaensis",-97.649722,18.272694,"Balsas Basin province","Neobuxbaumia","Mexico",21.2999992370605,17.0833320617676,4,96.7451095581055,200,13,8.11734199523926,0.229263305664062
"Neobuxbaumia scoparia",-96.4175348,15.704975,"Pacific Lowlands province","Neobuxbaumia","Mexico",14.2000007629395,25.0499992370605,5,104.304183959961,452,17,5.02293729782104,2.70696353912354
"Neobuxbaumia scoparia",-95.63897,15.97608,"Pacific Lowlands province","Neobuxbaumia","Mexico",14.7000007629395,26.6833324432373,2,112.125854492188,297,9,4.38588857650757,-0.265832424163818
"Neobuxbaumia scoparia",-94.8872233,16.5677144,"Pacific Lowlands province","Neobuxbaumia","Mexico",15.2999992370605,24.2666664123535,3,111.099830627441,298,11,2.17439651489258,-0.0948879718780518
"Neobuxbaumia scoparia",-95.2167,16.581842,"Pacific Lowlands province","Neobuxbaumia","Mexico",16.2000007629395,24.6166667938232,1,116.518173217773,184,5,23.9127426147461,0.877706527709961
"Neobuxbaumia scoparia",-94.9144,16.59944,"Pacific Lowlands province","Neobuxbaumia","Mexico",15.0999984741211,23.716667175293,7,105.388557434082,274,27,28.3994102478027,1.6404914855957
"Neobuxbaumia scoparia",-94.95817,16.61219,"Pacific Lowlands province","Neobuxbaumia","Mexico",15.5,23.9333324432373,7,107.173141479492,274,25,24.2022571563721,2.92752838134766
"Neobuxbaumia scoparia",-95.007816,16.666466,"Pacific Lowlands province","Neobuxbaumia","Mexico",15.3000011444092,23.4333343505859,6,108.724769592285,280,22,12.8050346374512,3.9578857421875
"Opuntia chiangiana",-96.975,17.902778,"Balsas Basin province","Opuntia","Oaxaca",23.7999992370605,21.8833332061768,7,96.5708618164062,198,27,26.7389907836914,-0.168647766113281
"Opuntia hyptiacantha",-96.227662,15.699255,"Pacific Lowlands province","Opuntia","Mexico",13.3000011444092,25.5,4,106.751281738281,355,15,5.56347322463989,-1.60035538673401
"Opuntia hyptiacantha",-96.402444,16.900167,"Balsas Basin province","Opuntia","Mexico",21.5,19.0166664123535,2,91.2955932617188,272,22,0.77527517080307,-0.364669799804688
"Opuntia hyptiacantha",-97.033,17.433,"Sierra Madre del Sur province","Opuntia","Mexico",21.6999988555908,17.8333339691162,5,93.6300048828125,249,30,16.4855709075928,-3.40574645996094
"Opuntia hyptiacantha",-97.4812,17.50989,"Sierra Madre del Sur province","Opuntia","Mexico",21.5,13.3166666030884,5,91.4594345092773,251,24,11.2352323532104,-0.7117919921875
"Opuntia hyptiacantha",-97.346308,17.527821,"Sierra Madre del Sur province","Opuntia","Mexico",22.0999984741211,14.6000003814697,3,91.4075012207031,229,20,1.10114729404449,-0.0853271484375
"Opuntia hyptiacantha",-97.346428,17.528275,"Sierra Madre del Sur province","Opuntia","Mexico",22.0999984741211,14.6000003814697,3,91.4075012207031,229,20,1.47233521938324,0.165863037109375
"Opuntia hyptiacantha",-97.368611,17.700556,"Sierra Madre del Sur province","Opuntia","Mexico",22.2000007629395,13.8833332061768,4,89.6898956298828,214,23,14.2048406600952,0.3692626953125
"Opuntia hyptiacantha",-97.035756,18.07576,"Balsas Basin province","Opuntia","Mexico",24.5999984741211,20.7000007629395,18,86.5052490234375,319,74,27.1547451019287,-1.28115844726562
"Opuntia stricta",-96.300835,16.300278,"Pacific Lowlands province","Opuntia","Oaxaca",17.3999996185303,18.0166664123535,6,94.1677856445312,246,29,29.3918075561523,0.331130981445312
"Opuntia stricta",-96.8844,16.58883,"Balsas Basin province","Opuntia","Oaxaca",20.1000003814697,18.6666660308838,3,94.4315490722656,327,20,9.53742122650146,1.52777099609375
"Opuntia stricta",-97.5977,16.91156,"Sierra Madre del Sur province","Opuntia","Oaxaca",18.4000015258789,14.5500001907349,7,103.471382141113,366,28,22.8262042999268,1.45166015625
"Opuntia stricta",-97.6524,17.26169,"Sierra Madre del Sur province","Opuntia","Oaxaca",20.7999992370605,15.5833330154419,5,95.4986724853516,286,18,14.2618741989136,-0.01898193359375
"Opuntia parviclada",-97.1525,17.826389,"Sierra Madre del Sur province","Opuntia","Mexico",22.1000003814697,16.1666660308838,6,91.0917892456055,198,51,10.8658151626587,-7.04933166503906
"Opuntia parviclada",-97.15247,17.82642,"Sierra Madre del Sur province","Opuntia","Mexico",22.1000003814697,16.1666660308838,6,91.0917892456055,198,51,16.9620819091797,-6.37771606445312
"Opuntia parviclada",-96.962488,17.826489,"Balsas Basin province","Opuntia","Mexico",23.8999996185303,21.75,12,90.9941101074219,240,40,3.42104148864746,1.20205688476562
"Opuntia parviclada",-97.346649,17.883524,"Sierra Madre del Sur province","Opuntia","Mexico",23.9000015258789,15.2833337783813,4,89.1032943725586,176,20,11.2423448562622,1.26263427734375
"Opuntia parviclada",-97.0142,17.9278,"Balsas Basin province","Opuntia","Mexico",24.1000022888184,22.6666660308838,5,98.6258392333984,170,21,1.79343855381012,-0.389366149902344
"Opuntia tehuantepecana",-96.164917,15.724139,"Pacific Lowlands province","Opuntia","Oaxaca",13.5,25.6833324432373,4,107.611480712891,359,14,1.93869662284851,-0.60662430524826
"Opuntia tehuantepecana",-95.71325,15.97447,"Pacific Lowlands province","Opuntia","Oaxaca",14.8999977111816,26.8999996185303,2,110.423828125,306,11,0.782810807228088,0.0710601806640625
"Opuntia tehuantepecana",-95.123439,16.559239,"Pacific Lowlands province","Opuntia","Oaxaca",15.9000015258789,25.466667175293,3,112.494003295898,250,13,0.620138585567474,-0.204261779785156
"Opuntia tehuantepecana",-96.1231207,16.6660092,"Pacific Lowlands province","Opuntia","Oaxaca",20.8999977111816,22.033332824707,4,98.1049728393555,240,15,29.201847076416,-2.25865936279297
"Opuntia tehuantepecana",-97.514444,17.752778,"Sierra Madre del Sur province","Opuntia","Oaxaca",22.7000007629395,14.7999992370605,3,93.1718444824219,234,19,2.22451400756836,-0.1021728515625
"Opuntia tehuantepecana",-96.986861,17.954278,"Balsas Basin province","Opuntia","Oaxaca",24.2000007629395,21.966667175293,12,92.2209777832031,252,43,8.49861145019531,-0.217483520507812
"Ortegocactus macdougallii",-96.334861,16.378639,"Pacific Lowlands province","Ortegocactus","Oaxaca",18.7999992370605,20.0166664123535,2,102.676361083984,111,10,6.22461032867432,1.02291870117188
"Ortegocactus macdougallii",-96.333007,16.383001,"Pacific Lowlands province","Ortegocactus","Oaxaca",18.6000003814697,20.033332824707,3,102.418853759766,126,10,5.33634185791016,-4.29745483398438
"Pachycereus grandis",-95.341667,16.353333,"Pacific Lowlands province","Pachycereus","Mexico",16.3999996185303,25.3666667938232,1,120.17943572998,237,4,6.5464973449707,0.518647193908691
"Pachycereus grandis",-97.013361,17.628085,"Balsas Basin province","Pachycereus","Mexico",24,19.5,13,87.4492111206055,259,66,19.0479755401611,5.83126831054688
"Pachycereus grandis",-96.940114,17.881241,"Sierra Madre del Sur province","Pachycereus","Mexico",24,20.5666656494141,24,86.311408996582,361,83,17.1158638000488,1.37886047363281
"Pachycereus grandis",-96.940758,17.913575,"Sierra Madre del Sur province","Pachycereus","Mexico",23.0000019073486,20.1000003814697,24,88.0947113037109,384,90,34.9444198608398,2.34162902832031
"Pachycereus grandis",-96.94058,17.91972,"Sierra Madre del Sur province","Pachycereus","Mexico",23.6000003814697,20.4833335876465,25,87.1156845092773,383,91,11.3442249298096,-1.2122802734375
"Pachycereus grandis",-96.9425539,17.9226429,"Sierra Madre del Sur province","Pachycereus","Mexico",23.5,20.6166667938232,24,88.0605392456055,377,83,10.5343952178955,0.747116088867188
"Pachycereus grandis",-96.907294,17.978714,"Balsas Basin province","Pachycereus","Mexico",23.5,21.2000007629395,16,91.132209777832,301,66,21.203031539917,-1.41505813598633
"Peniocereus serpentinus",-96.568655,15.6903,"Pacific Lowlands province","Peniocereus","Mexico",15.5,24.5666675567627,4,106.785255432129,395,14,13.85910987854,3.28830480575562
"Peniocereus serpentinus",-97.3224,18.1268,"Sierra Madre del Sur province","Peniocereus","Mexico",22.7000007629395,17.3333339691162,5,94.2072448730469,203,32,21.0509185791016,0.19287109375
"Polaskia chende",-97.05168,17.53416,"Sierra Madre del Sur province","Polaskia","Mexico",18.1000003814697,14,2,99.0512008666992,197,16,22.2586631774902,0.567718505859375
"Polaskia chende",-97.094446,17.887515,"Balsas Basin province","Polaskia","Mexico",24.2999992370605,19.6166667938232,13,88.6295166015625,261,50,25.3989582061768,-3.71797180175781
"Polaskia chende",-96.940417,17.922361,"Sierra Madre del Sur province","Polaskia","Mexico",23.6000003814697,20.4833335876465,25,87.1156845092773,383,91,12.5929040908813,0.17279052734375
"Polaskia chende",-96.9477,17.9257,"Balsas Basin province","Polaskia","Mexico",24.5000019073486,21,21,87.9473266601562,332,70,38.4917411804199,3.57467651367188
"Polaskia chende",-97.426672,17.930784,"Sierra Madre del Sur province","Polaskia","Mexico",22.2000007629395,14.25,6,90.4336013793945,228,26,1.83971750736237,0.315338134765625
"Polaskia chende",-96.84944,17.95028,"Sierra Madre del Sur province","Polaskia","Mexico",20.7000007629395,16.216667175293,24,89.4789657592773,454,121,16.1884174346924,-3.20645141601562
"Polaskia chende",-97.420911,17.966845,"Sierra Madre del Sur province","Polaskia","Mexico",22.2000007629395,14.5,5,93.3736038208008,230,22,9.13663196563721,1.30874633789062
"Polaskia chende",-97.425127,18.067992,"Balsas Basin province","Polaskia","Mexico",24.1000003814697,19.4333343505859,5,94.5602416992188,160,19,5.66151237487793,-5.78129577636719
"Polaskia chichipe",-97.66408,17.61772,"Sierra Madre del Sur province","Polaskia","Mexico",22.8999996185303,17.966667175293,5,90.9993209838867,233,16,14.2085361480713,4.66226196289062
"Polaskia chichipe",-97.502444,17.667625,"Sierra Madre del Sur province","Polaskia","Mexico",23.2999992370605,15.4666662216187,5,88.5478820800781,229,17,4.24082279205322,-0.26654052734375
"Polaskia chichipe",-97.74975,17.736833,"Balsas Basin province","Polaskia","Mexico",23.2999992370605,18.783332824707,3,97.1693725585938,232,11,8.62853908538818,-0.8629150390625
"Polaskia chichipe",-97.74653,17.76483,"Balsas Basin province","Polaskia","Mexico",23.1999988555908,18.6333332061768,4,95.7019958496094,233,13,20.6028289794922,0.548980712890625
"Polaskia chichipe",-97.347872,17.876805,"Sierra Madre del Sur province","Polaskia","Mexico",23.6999988555908,15.0666666030884,5,89.7147598266602,180,19,4.74947929382324,0.09173583984375
"Polaskia chichipe",-97.357148,17.904972,"Sierra Madre del Sur province","Polaskia","Mexico",23.5999984741211,14.7333335876465,5,92.0188903808594,199,19,3.28537011146545,0.19683837890625
"Polaskia chichipe",-97.416947,17.967197,"Sierra Madre del Sur province","Polaskia","Mexico",22.2000007629395,14.5,5,93.3736038208008,230,22,16.1481533050537,-0.480682373046875
"Polaskia chichipe",-97.648376,18.010632,"Balsas Basin province","Polaskia","Mexico",20.8999996185303,15.1666669845581,4,95.980598449707,243,17,17.8426265716553,0.976776123046875
"Polaskia chichipe",-97.647653,18.231075,"Balsas Basin province","Polaskia","Mexico",21.2000007629395,16.8166656494141,4,96.193244934082,210,13,7.79938888549805,1.53684997558594
"Selenicereus alliodorus",-96.107222,16.003056,"Sierra Madre del Sur province","Selenicereus","Oaxaca",13.1999998092651,21.2999992370605,7,96.7753219604492,446,32,9.88860702514648,-1.90635681152344
"Selenicereus anthonyanus",-97.880688,17.144456,"Sierra Madre del Sur province","Selenicereus","Mexico",19.7999992370605,18.1833324432373,11,94.9084091186523,367,36,6.09640455245972,-0.827072143554688
"Selenicereus anthonyanus",-96.74779,17.185063,"Sierra Madre del Sur province","Selenicereus","Mexico",19.8999996185303,16.5166664123535,4,91.2730941772461,257,33,15.1771545410156,-3.55976867675781
"Selenicereus chontalensis",-95.470834,16.678362,"Sierra Madre del Sur province","Selenicereus","No",16.5,21.9833335876465,3,96.8386611938477,205,21,20.9973888397217,-0.0050201416015625
"Selenicereus testudo",-95.336549,16.581029,"Pacific Lowlands province","Selenicereus","No",17.1000003814697,23.9333343505859,1,117.49275970459,141,3,6.05388784408569,1.44622421264648
"Selenicereus testudo",-95.0072264,16.6654863,"Pacific Lowlands province","Selenicereus","No",15.3000011444092,23.4333343505859,6,108.724769592285,280,22,30.5479621887207,-1.41652870178223
"Selenicereus testudo",-95.014399,16.675123,"Pacific Lowlands province","Selenicereus","No",15.2999992370605,23.1333332061768,6,107.880256652832,276,23,25.0073280334473,0.172626495361328
"Selenicereus testudo",-95.011678,16.680733,"Pacific Lowlands province","Selenicereus","No",15.2999992370605,23.1333332061768,6,107.880256652832,276,23,9.47941398620605,-1.16189575195312
"Selenicereus vagans",-95.130278,16.385833,"Pacific Lowlands province","Selenicereus","No",15.8999996185303,26.0166664123535,2,115.159423828125,279,8,1.12477481365204,-0.246012568473816
"Selenicereus grandiflorus",-95.01389,16.67306,"Pacific Lowlands province","Selenicereus","No",15.3000011444092,23.3666667938232,5,110.057983398438,281,18,18.6410942077637,1.16251277923584
"Selenicereus grandiflorus",-96.152116,15.904812,"Pacific Lowlands province","Selenicereus","No",14.0000019073486,24.4333324432373,3,106.938323974609,423,16,19.767162322998,-3.83234786987305
"Selenicereus grandiflorus",-95.921111,15.894444,"Pacific Lowlands province","Selenicereus","No",14.3000011444092,25.75,3,108.567054748535,360,12,6.12315654754639,-0.853937149047852
"Selenicereus grandiflorus",-95.220567,16.161672,"Pacific Lowlands province","Selenicereus","No",15.5,26.216667175293,1,118.605606079102,277,4,0.264618635177612,-0.129458636045456
"Selenicereus grandiflorus",-95.01388,16.67305,"Pacific Lowlands province","Selenicereus","No",15.3000011444092,23.3666667938232,5,110.057983398438,281,18,18.6410942077637,1.16251277923584
"Selenicereus grandiflorus",-96.269531,18.006515,"Veracruzan province","Selenicereus","No",17,22.1833343505859,58,86.3123779296875,714,228,38.7023773193359,-3.77044868469238
"Acanthocereus tetragonus",-96.578502,15.671115,"Pacific Lowlands province","Acanthocereus","No",15.2999992370605,24.6666679382324,4,106.701881408691,389,14,0.736476063728333,-0.663035750389099
"Acanthocereus tetragonus",-96.523304,15.673507,"Pacific Lowlands province","Acanthocereus","No",15.1000003814697,24.6833343505859,5,105.491790771484,397,16,18.4295864105225,2.21902775764465
"Acanthocereus tetragonus",-96.286039,15.686254,"Pacific Lowlands province","Acanthocereus","No",13.8000011444092,25.5499992370605,5,106.112640380859,338,15,19.7734889984131,-2.34995150566101
"Acanthocereus tetragonus",-96.197185,15.708673,"Pacific Lowlands province","Acanthocereus","No",13.5,25.6833324432373,4,106.814552307129,364,15,17.6853332519531,-1.38769471645355
"Acanthocereus tetragonus",-96.167973,15.720447,"Pacific Lowlands province","Acanthocereus","No",13.4000015258789,25.6499996185303,4,106.895240783691,370,15,17.8223571777344,6.74912405014038
"Acanthocereus tetragonus",-96.204796,15.72223,"Pacific Lowlands province","Acanthocereus","No",13.6000003814697,25.6499996185303,5,106.63387298584,362,16,9.05732822418213,-2.61973834037781
"Acanthocereus tetragonus",-96.165413,15.724556,"Pacific Lowlands province","Acanthocereus","No",13.5,25.6833324432373,4,107.611480712891,359,14,3.10296630859375,-0.43983119726181
"Acanthocereus tetragonus",-96.161629,15.725038,"Pacific Lowlands province","Acanthocereus","No",13.5,25.6666660308838,4,107.214950561523,362,14,2.59862542152405,0.392801702022552
"Acanthocereus tetragonus",-96.156792,15.729614,"Pacific Lowlands province","Acanthocereus","No",13.4000015258789,25.6333332061768,4,107.498657226562,370,14,4.74338245391846,-1.47840261459351
"Acanthocereus tetragonus",-96.473104,15.732754,"Pacific Lowlands province","Acanthocereus","No",15.3999977111816,25,6,102.620193481445,321,19,7.79044675827026,0.892299652099609
"Acanthocereus tetragonus",-96.158689,15.733379,"Pacific Lowlands province","Acanthocereus","No",13.4000015258789,25.6333332061768,4,106.962257385254,373,15,8.69880199432373,-2.57088255882263
"Acanthocereus tetragonus",-96.158226,15.733583,"Pacific Lowlands province","Acanthocereus","No",13.4000015258789,25.6000003814697,4,107.064102172852,374,15,10.4337272644043,0.312136888504028
"Acanthocereus tetragonus",-96.169418,15.734691,"Pacific Lowlands province","Acanthocereus","No",13.5,25.6666660308838,4,106.668212890625,367,15,1.13713431358337,-0.0795241594314575
"Acanthocereus tetragonus",-96.202141,15.737664,"Pacific Lowlands province","Acanthocereus","No",13.5,25.6833324432373,5,105.277610778809,375,18,5.3502721786499,-2.72727012634277
"Acanthocereus tetragonus",-96.146027,15.738073,"Pacific Lowlands province","Acanthocereus","No",13.4000015258789,25.6000003814697,4,107.568130493164,369,14,1.20068562030792,0.757481098175049
"Acanthocereus tetragonus",-96.15108,15.745,"Pacific Lowlands province","Acanthocereus","No",13.4000015258789,25.6166667938232,4,106.958267211914,378,15,7.21616888046265,0.800360679626465
"Acanthocereus tetragonus",-96.203557,15.748823,"Pacific Lowlands province","Acanthocereus","No",13.5,25.6833324432373,5,105.137985229492,381,18,9.33419799804688,0.14340877532959
"Acanthocereus tetragonus",-96.170265,15.751058,"Pacific Lowlands province","Acanthocereus","No",13.5999984741211,25.716667175293,4,106.270751953125,372,15,6.50344705581665,1.17497253417969
"Acanthocereus tetragonus",-96.125167,15.751728,"Pacific Lowlands province","Acanthocereus","No",13.4999980926514,25.8166675567627,4,106.832847595215,368,15,17.5491466522217,4.39617872238159
"Acanthocereus tetragonus",-96.188072,15.753491,"Pacific Lowlands province","Acanthocereus","No",13.5,25.6833324432373,4,105.670112609863,378,17,11.3974752426147,-2.39736223220825
"Acanthocereus tetragonus",-96.148239,15.754444,"Pacific Lowlands province","Acanthocereus","No",13.3000011444092,25.7000007629395,4,106.516403198242,381,16,3.13535284996033,-1.8726110458374
"Acanthocereus tetragonus",-96.150726,15.754865,"Pacific Lowlands province","Acanthocereus","No",13.3999996185303,25.6833324432373,4,106.541473388672,380,16,4.35487079620361,-2.37414455413818
"Acanthocereus tetragonus",-96.166283,15.755914,"Pacific Lowlands province","Acanthocereus","No",13.5,25.6833324432373,4,106.601623535156,374,15,4.94188070297241,-0.260256290435791
"Acanthocereus tetragonus",-96.130965,15.759769,"Pacific Lowlands province","Acanthocereus","No",13.6000003814697,25.8666667938232,4,105.97705078125,368,16,19.3883781433105,-0.138175010681152
"Acanthocereus tetragonus",-96.179311,15.760018,"Pacific Lowlands province","Acanthocereus","No",13.6999988555908,25.6833324432373,4,105.714080810547,378,17,4.90399885177612,-0.936194896697998
"Acanthocereus tetragonus",-96.18547,15.76083,"Pacific Lowlands province","Acanthocereus","No",13.6999988555908,25.6833324432373,4,105.540809631348,382,17,5.26843976974487,0.277349472045898
"Acanthocereus tetragonus",-96.193148,15.76436,"Pacific Lowlands province","Acanthocereus","No",13.6999988555908,25.7000007629395,5,105.341682434082,382,18,2.59187889099121,-1.82274723052979
"Acanthocereus tetragonus",-96.170366,15.765419,"Pacific Lowlands province","Acanthocereus","No",13.5999984741211,25.7333335876465,4,105.938705444336,375,16,8.1036376953125,-1.43972015380859
"Acanthocereus tetragonus",-96.134268,15.768629,"Pacific Lowlands province","Acanthocereus","No",13.6999988555908,25.8666667938232,4,105.176910400391,371,17,4.00206422805786,2.71182155609131
"Acanthocereus tetragonus",-96.231125,15.775396,"Pacific Lowlands province","Acanthocereus","No",14,25.716667175293,5,105.027938842773,385,18,13.6708335876465,-2.45986747741699
"Acanthocereus tetragonus",-96.175153,15.776834,"Pacific Lowlands province","Acanthocereus","No",13.8000011444092,25.75,4,105.661422729492,386,17,2.17388725280762,-2.8940224647522
"Acanthocereus tetragonus",-96.127059,15.77714,"Pacific Lowlands province","Acanthocereus","No",13.5999984741211,25.9500007629395,4,106.702934265137,380,16,6.117112159729,3.40034294128418
"Acanthocereus tetragonus",-96.208885,15.777441,"Pacific Lowlands province","Acanthocereus","No",13.9000015258789,25.716667175293,5,104.964866638184,387,18,0.719711899757385,-0.080108642578125
"Acanthocereus tetragonus",-96.184952,15.778478,"Pacific Lowlands province","Acanthocereus","No",13.6999988555908,25.6833324432373,4,105.384719848633,395,17,6.61007308959961,-1.11782741546631
"Acanthocereus tetragonus",-96.17453,15.778506,"Pacific Lowlands province","Acanthocereus","No",13.7000007629395,25.7666664123535,4,105.679016113281,387,18,1.18790853023529,-2.64071178436279
"Acanthocereus tetragonus",-96.071533,15.779065,"Pacific Lowlands province","Acanthocereus","No",13.6000003814697,25.9333343505859,3,108.626007080078,368,12,2.93978404998779,1.6557639837265
"Acanthocereus tetragonus",-96.16082,15.78068,"Pacific Lowlands province","Acanthocereus","No",13.7000007629395,25.7999992370605,4,105.689102172852,387,18,2.06114554405212,1.89730167388916
"Acanthocereus tetragonus",-96.199654,15.78087,"Pacific Lowlands province","Acanthocereus","No",13.6999988555908,25.716667175293,4,105.755226135254,393,16,2.62968301773071,1.5940990447998
"Acanthocereus tetragonus",-96.059694,15.783467,"Pacific Lowlands province","Acanthocereus","No",13.4999980926514,25.8833332061768,3,108.107391357422,376,14,7.75833988189697,-0.932954788208008
"Acanthocereus tetragonus",-96.9402,15.788,"Pacific Lowlands province","Acanthocereus","No",13.6999988555908,25.3166656494141,4,113.179763793945,367,16,0.747411489486694,0.241948843002319
"Acanthocereus tetragonus",-96.051437,15.788591,"Pacific Lowlands province","Acanthocereus","No",13.7000007629395,25.8500003814697,3,108.904991149902,369,12,24.2175216674805,8.11660194396973
"Acanthocereus tetragonus",-96.113342,15.794909,"Pacific Lowlands province","Acanthocereus","No",13.5999984741211,26.0166664123535,3,107.194808959961,376,14,5.2353401184082,1.54474592208862
"Acanthocereus tetragonus",-96.372292,15.795114,"Pacific Lowlands province","Acanthocereus","No",15.4000015258789,25.1833324432373,6,103.569213867188,363,21,5.45791625976562,1.68239402770996
"Acanthocereus tetragonus",-96.075005,15.809147,"Pacific Lowlands province","Acanthocereus","No",13.6000003814697,25.9500007629395,4,106.449493408203,393,17,1.46919691562653,-1.53598117828369
"Acanthocereus tetragonus",-96.0749,15.811181,"Pacific Lowlands province","Acanthocereus","No",13.6000003814697,25.9833335876465,4,106.951606750488,384,16,18.7225666046143,0.540780067443848
"Acanthocereus tetragonus",-96.48168,15.819453,"Pacific Lowlands province","Acanthocereus","No",16,24.6499996185303,5,104.987174987793,331,17,29.9292278289795,-0.579139709472656
"Acanthocereus tetragonus",-96.464657,15.828089,"Pacific Lowlands province","Acanthocereus","No",15.6999988555908,24.5666675567627,4,105.143180847168,342,17,6.63848972320557,-1.68007659912109
"Acanthocereus tetragonus",-95.980278,15.841667,"Pacific Lowlands province","Acanthocereus","No",13.8999996185303,25.9333343505859,4,108.592948913574,364,14,15.6381998062134,5.24472904205322
"Acanthocereus tetragonus",-96.231874,15.863165,"Pacific Lowlands province","Acanthocereus","No",14.2000007629395,24.3500003814697,4,104.768371582031,407,18,5.70414972305298,-1.23393249511719
"Acanthocereus tetragonus",-97.090356,15.867261,"Pacific Lowlands province","Acanthocereus","No",12.6999988555908,25.533332824707,3,115.902130126953,349,13,4.10690975189209,1.17814922332764
"Acanthocereus tetragonus",-97.104717,15.871403,"Pacific Lowlands province","Acanthocereus","No",12.7999992370605,25.6333332061768,2,118.086051940918,358,11,5.04909133911133,0.90527081489563
"Acanthocereus tetragonus",-95.583798,15.946956,"Pacific Lowlands province","Acanthocereus","No",14.6000022888184,26.6000003814697,1,115.40168762207,300,5,4.24229335784912,-1.24723935127258
"Acanthocereus tetragonus",-97.669067,15.976547,"Pacific Lowlands province","Acanthocereus","No",14.1000003814697,24.7666664123535,1,117.708198547363,457,12,1.09534430503845,0.83124566078186
"Acanthocereus tetragonus",-95.71058,16.03086,"Pacific Lowlands province","Acanthocereus","No",15.1000003814697,26.0500011444092,1,112.068000793457,291,7,9.91682815551758,0.182216644287109
"Acanthocereus tetragonus",-95.204617,16.1636,"Pacific Lowlands province","Acanthocereus","No",15.5999984741211,26.3833332061768,1,118.036987304688,275,4,12.6615648269653,-1.07942724227905
"Acanthocereus tetragonus",-95.210053,16.254412,"Pacific Lowlands province","Acanthocereus","No",16.3999996185303,26.6666679382324,2,115.014770507812,270,8,1.41838777065277,-0.201359272003174
"Acanthocereus tetragonus",-97.815163,16.262092,"Pacific Lowlands province","Acanthocereus","No",17.6999988555908,24.1499996185303,2,112.703422546387,316,14,6.38252305984497,1.25160598754883
"Acanthocereus tetragonus",-95.458333,16.291667,"Pacific Lowlands province","Acanthocereus","No",16.5999984741211,23.216667175293,3,105.141937255859,213,11,38.2697219848633,-5.28927612304688
"Acanthocereus tetragonus",-95.153836,16.375408,"Pacific Lowlands province","Acanthocereus","No",16.1000003814697,26.1166667938232,2,114.959754943848,275,7,0.203784435987473,0.562686204910278
"Acanthocereus tetragonus",-95.309017,16.381476,"Pacific Lowlands province","Acanthocereus","No",16.5,25.783332824707,1,119.938133239746,219,3,24.1195964813232,2.50993728637695
"Acanthocereus tetragonus",-94.977894,16.441267,"Pacific Lowlands province","Acanthocereus","No",15.3999977111816,25.216667175293,3,114.561721801758,295,11,0.820155024528503,-0.146875381469727
"Acanthocereus tetragonus",-95.077987,16.47682,"Pacific Lowlands province","Acanthocereus","No",15.6000003814697,25.533332824707,1,116.042373657227,283,7,0.28788834810257,-0.105830669403076
"Acanthocereus tetragonus",-94.96861,16.51472,"Pacific Lowlands province","Acanthocereus","No",15.3999996185303,24.8999996185303,3,112.621765136719,293,13,1.29256892204285,-0.0463657379150391
"Acanthocereus tetragonus",-94.962778,16.525556,"Pacific Lowlands province","Acanthocereus","No",15.3999996185303,24.8500003814697,3,111.131080627441,293,14,0.724311947822571,0.42494010925293
"Acanthocereus tetragonus",-96.337363,16.545653,"Sierra Madre del Sur province","Acanthocereus","No",19.7999992370605,21.6666660308838,2,99.3697891235352,266,11,12.0005216598511,-3.08126831054688
"Acanthocereus tetragonus",-96.372928,16.561146,"Sierra Madre del Sur province","Acanthocereus","No",19.5,21.7000007629395,2,98.4284973144531,258,11,5.84985828399658,4.88764953613281
"Acanthocereus tetragonus",-96.344511,16.566026,"Pacific Lowlands province","Acanthocereus","No",20,21.8166675567627,2,99.9942855834961,267,11,18.7574996948242,2.91543579101562
"Acanthocereus tetragonus",-94.866903,16.573331,"Pacific Lowlands province","Acanthocereus","No",15.2999992370605,24.25,3,111.043937683105,299,11,0.805004596710205,-0.153685092926025
"Acanthocereus tetragonus",-95.98914,16.57658,"Pacific Lowlands province","Acanthocereus","No",21,22.5666656494141,1,101.08911895752,205,6,22.8123035430908,-3.29312896728516
"Acanthocereus tetragonus",-96.358079,16.582879,"Sierra Madre del Sur province","Acanthocereus","No",19.7999992370605,21.6833324432373,2,99.4614791870117,266,11,29.8231792449951,-0.112075805664062
"Acanthocereus tetragonus",-94.9517,16.615,"Pacific Lowlands province","Acanthocereus","No",15.5,23.9333324432373,7,107.173141479492,274,25,27.1345748901367,-6.62393379211426
"Acanthocereus tetragonus",-94.96972,16.61861,"Pacific Lowlands province","Acanthocereus","No",15.5000019073486,23.966667175293,5,109.297431945801,277,20,14.2540693283081,-0.335556983947754
"Acanthocereus tetragonus",-94.96508,16.62031,"Pacific Lowlands province","Acanthocereus","No",15.4999980926514,23.783332824707,7,105.450569152832,263,26,27.0221538543701,1.45790863037109
"Acanthocereus tetragonus",-95.233391,16.620949,"Pacific Lowlands province","Acanthocereus","No",16.2999992370605,24.5499992370605,1,116.867942810059,175,5,3.00911402702332,-0.807554244995117
"Acanthocereus tetragonus",-95.0075,16.641667,"Pacific Lowlands province","Acanthocereus","No",15.3000011444092,23.75,4,111.134651184082,279,15,10.8051528930664,0.520999908447266
"Acanthocereus tetragonus",-94.94722,16.64167,"Pacific Lowlands province","Acanthocereus","No",15.5000019073486,23.3333339691162,10,96.6725616455078,281,57,32.6975708007812,3.83676147460938
"Acanthocereus tetragonus",-94.98639,16.6625,"Pacific Lowlands province","Acanthocereus","No",15.6999988555908,23.2999992370605,9,102.42741394043,258,35,30.870756149292,-0.424905776977539
"Acanthocereus tetragonus",-95.00722,16.66472,"Pacific Lowlands province","Acanthocereus","No",15.3000011444092,23.4333343505859,6,108.724769592285,280,22,9.78206920623779,0.768178939819336
"Acanthocereus tetragonus",-95.01397,16.75286,"Pacific Lowlands province","Acanthocereus","No",16.3000011444092,22.9333343505859,15,92.7300415039062,289,80,9.64164924621582,0.121482849121094
"Acanthocereus tetragonus",-95.853425,16.778134,"Pacific Lowlands province","Acanthocereus","No",20.7999992370605,22.2333335876465,9,95.7458572387695,259,32,40.5832862854004,0.172618865966797
"Acanthocereus tetragonus",-95.09972,16.96611,"Veracruzan province","Acanthocereus","No",16.3999996185303,22.4333343505859,27,95.1372909545898,331,131,4.3540825843811,1.80019760131836
"Acanthocereus tetragonus",-94.762442,17.179077,"Veracruzan province","Acanthocereus","No",16.6999988555908,22.0666675567627,52,72.1087646484375,519,397,4.23666477203369,-3.06039333343506
"Acanthocereus tetragonus",-96.841667,17.491667,"Balsas Basin province","Acanthocereus","No",23.4999980926514,20.5666675567627,12,90.5834121704102,270,39,5.54611396789551,2.83071899414062
"Acanthocereus tetragonus",-97.0307,17.515,"Balsas Basin province","Acanthocereus","No",23.3999977111816,19,8,91.5542984008789,256,43,31.0199165344238,1.85784912109375
"Acanthocereus tetragonus",-97.017,17.517,"Sierra Madre del Sur province","Acanthocereus","No",23.2000007629395,18.6499996185303,9,90.9225616455078,259,46,23.124927520752,1.84613037109375
"Acanthocereus tetragonus",-96.297199,17.824021,"Veracruzan province","Acanthocereus","No",18.3999996185303,21.1000003814697,62,79.1817398071289,699,267,30.1297359466553,2.98905181884766
"Acanthocereus tetragonus",-97.112168,18.097811,"Balsas Basin province","Acanthocereus","No",25.1999988555908,22.1166667938232,8,95.3303527832031,215,27,3.90597939491272,-0.0934066772460938
"Acanthocereus tetragonus",-97.0874,18.1362,"Balsas Basin province","Acanthocereus","No",26.4000015258789,21.6666660308838,11,90.4121322631836,228,38,10.2594614028931,1.29579925537109
"Aporocactus martianus",-96.739555,16.202132,"Sierra Madre del Sur province","Aporocactus","Oaxaca",15.5999994277954,17.3333339691162,5,94.2128295898438,337,30,28.2669925689697,-0.651718139648438
"Aporocactus martianus",-96.647702,16.261827,"Sierra Madre del Sur province","Aporocactus","Oaxaca",16.7999992370605,16.5,11,87.2119674682617,304,54,35.3366813659668,-1.91909790039062
"Aporocactus martianus",-96.617651,16.268913,"Sierra Madre del Sur province","Aporocactus","Oaxaca",17.7000007629395,17.7333335876465,8,87.7558517456055,263,38,14.5160875320435,0.352615356445312
"Aporocactus martianus",-96.665191,16.271115,"Sierra Madre del Sur province","Aporocactus","Oaxaca",16.8999996185303,16.2999992370605,11,87.9710083007812,309,52,29.6234912872314,1.17147827148438
"Aporocactus martianus",-96.30111,16.30222,"Pacific Lowlands province","Aporocactus","Oaxaca",17.3999996185303,18.0166664123535,6,94.1677856445312,246,29,27.5681247711182,1.51274108886719
"Aporocactus martianus",-96.605751,16.313143,"Sierra Madre del Sur province","Aporocactus","Oaxaca",19.3999996185303,19.3166656494141,3,90.5773620605469,225,20,12.3991765975952,-0.137481689453125
"Aporocactus martianus",-95.378333,16.358611,"Pacific Lowlands province","Aporocactus","Oaxaca",16.4000015258789,25.0166664123535,0,120.776542663574,209,2,8.1781005859375,-0.856084823608398
"Aporocactus martianus",-96.655545,16.374139,"Balsas Basin province","Aporocactus","Oaxaca",20.2999992370605,20.033332824707,2,94.1348342895508,257,13,9.29689121246338,-0.1243896484375
"Aporocactus martianus",-96.730596,16.385148,"Balsas Basin province","Aporocactus","Oaxaca",19.7999992370605,19.75,3,91.625373840332,270,20,2.91738772392273,-0.06646728515625
"Aporocactus martianus",-96.610379,16.392294,"Balsas Basin province","Aporocactus","Oaxaca",20,20.0499992370605,1,96.773567199707,213,7,5.83287906646729,-0.0221710205078125
"Aporocactus martianus",-96.365286,16.541306,"Sierra Madre del Sur province","Aporocactus","Oaxaca",19.0999984741211,21.533332824707,2,98.7002944946289,235,10,5.22672128677368,-4.71195983886719
"Aporocactus martianus",-96.263114,16.549,"Pacific Lowlands province","Aporocactus","Oaxaca",19.2999992370605,20.6000003814697,3,99.1972961425781,193,13,6.868727684021,-0.940383911132812
"Aporocactus martianus",-96.304352,16.896375,"Sierra Madre del Sur province","Aporocactus","Oaxaca",16.5,15.7666664123535,2,94.5414123535156,103,29,28.7959327697754,-0.925201416015625
"Aporocactus martianus",-97.62383,16.91047,"Sierra Madre del Sur province","Aporocactus","Oaxaca",18.5,14.3166666030884,8,103.034614562988,362,29,13.2801923751831,0.359954833984375
"Aporocactus martianus",-97.536012,16.922226,"Sierra Madre del Sur province","Aporocactus","Oaxaca",17.2999992370605,13.3333330154419,7,100.571792602539,335,36,31.0418262481689,3.76025390625
"Aporocactus martianus",-96.213144,16.925371,"Pacific Lowlands province","Aporocactus","Oaxaca",20.0999984741211,19.783332824707,9,92.9004898071289,345,47,22.0151519775391,-6.01358032226562
"Aporocactus martianus",-96.543623,17.061169,"Sierra Madre del Sur province","Aporocactus","Oaxaca",17.2999992370605,15.4166660308838,5,87.8239212036133,103,44,39.6222457885742,1.05975341796875
"Aporocactus martianus",-96.436057,17.077964,"Sierra Madre del Sur province","Aporocactus","Oaxaca",15.2000007629395,11.6333332061768,6,87.7713470458984,298,48,18.1180725097656,2.01351928710938
"Aporocactus martianus",-96.725,17.091667,"Balsas Basin province","Aporocactus","Oaxaca",22.1000003814697,19.2000007629395,3,91.5637054443359,245,21,20.9530582427979,-0.605606079101562
"Aporocactus martianus",-96.543534,17.095468,"Sierra Madre del Sur province","Aporocactus","Oaxaca",16.5,14.3166666030884,6,87.4460754394531,100,48,21.6172351837158,-4.05963134765625
"Aporocactus martianus",-96.6775,17.133611,"Sierra Madre del Sur province","Aporocactus","Oaxaca",14.8999996185303,12.5166664123535,6,85.6377334594727,257,56,14.4521913528442,4.3292236328125
"Aporocactus martianus",-96.554157,17.137384,"Sierra Madre del Sur province","Aporocactus","Oaxaca",14.5,11.783332824707,9,85.4913635253906,276,64,22.5090637207031,-0.683563232421875
"Aporocactus martianus",-96.666695,17.143763,"Sierra Madre del Sur province","Aporocactus","Oaxaca",13.8999996185303,11.1500005722046,6,85.6913375854492,296,50,38.1891784667969,-1.16058349609375
"Aporocactus martianus",-96.411774,17.14656,"Sierra Madre del Sur province","Aporocactus","Oaxaca",13.8999996185303,9.11666679382324,10,84.3309860229492,361,60,1.80650067329407,-0.471038818359375
"Aporocactus martianus",-96.570302,17.148112,"Sierra Madre del Sur province","Aporocactus","Oaxaca",14.5,11.783332824707,9,85.530876159668,280,62,27.842191696167,0.90966796875
"Aporocactus martianus",-96.714444,17.156667,"Sierra Madre del Sur province","Aporocactus","Oaxaca",15.6999998092651,13.2166662216187,6,87.5332336425781,109,52,36.7210235595703,2.81881713867188
"Aporocactus martianus",-96.408904,17.179836,"Sierra Madre del Sur province","Aporocactus","Oaxaca",13.6999998092651,9.51666641235352,10,82.9145660400391,355,71,31.6823329925537,1.39312744140625
"Aporocactus martianus",-96.555157,17.184963,"Sierra Madre del Sur province","Aporocactus","Oaxaca",16.3000011444092,12.8500003814697,9,83.4339065551758,248,72,20.4375457763672,0.998992919921875
"Aporocactus martianus",-96.796159,17.191931,"Balsas Basin province","Aporocactus","Oaxaca",23.1999988555908,19.3999996185303,3,92.7917251586914,249,16,1.02386021614075,-0.2227783203125
"Aporocactus martianus",-96.43278,17.20778,"Sierra Madre del Sur province","Aporocactus","Oaxaca",14.7999992370605,11.1833333969116,13,83.75634765625,285,86,20.0756568908691,-2.43524169921875
"Aporocactus martianus",-96.42583,17.22778,"Sierra Madre del Sur province","Aporocactus","Oaxaca",17.1000003814697,13.2333335876465,12,83.54541015625,289,93,17.8186225891113,-1.73155212402344
"Aporocactus martianus",-96.542849,17.248497,"Balsas Basin province","Aporocactus","Oaxaca",18.4000015258789,14,10,83.7914962768555,257,76,28.8459072113037,1.22125244140625
"Aporocactus martianus",-96.522593,17.249272,"Sierra Madre del Sur province","Aporocactus","Oaxaca",18.4000015258789,13.9666662216187,9,84.2407989501953,103,76,14.2956800460815,0.232818603515625
"Aporocactus martianus",-96.452721,17.292492,"Balsas Basin province","Aporocactus","Oaxaca",19.5999984741211,15.0500001907349,19,81.8533706665039,364,128,14.0838384628296,-3.6077880859375
"Aporocactus martianus",-96.44253,17.30033,"Balsas Basin province","Aporocactus","Oaxaca",18,13.8499994277954,15,83.0809097290039,321,120,15.7267646789551,2.03607177734375
"Aporocactus martianus",-96.48472,17.325,"Balsas Basin province","Aporocactus","Oaxaca",20.1000003814697,15.6499996185303,20,81.5994262695312,361,140,7.21797561645508,-1.14479064941406
"Aporocactus martianus",-96.577517,17.340417,"Balsas Basin province","Aporocactus","Oaxaca",20.5,16.033332824707,17,84.0471496582031,335,109,22.6997699737549,-0.82293701171875
"Aporocactus martianus",-96.416667,17.366667,"Sierra Madre del Sur province","Aporocactus","Oaxaca",13.8999996185303,10.9333333969116,20,77.30810546875,307,150,40.0626907348633,-4.70223999023438
"Aporocactus martianus",-96.51712,17.376885,"Sierra Madre del Sur province","Aporocactus","Oaxaca",17.6000003814697,13.6166667938232,12,82.9906768798828,107,106,20.5649280548096,-2.28811645507812
"Aporocactus martianus",-96.54446,17.390081,"Sierra Madre del Sur province","Aporocactus","Oaxaca",20.1000003814697,16.0666675567627,20,83.9331588745117,142,144,26.9288520812988,-7.12216186523438
"Aporocactus martianus",-96.53833,17.42667,"Balsas Basin province","Aporocactus","Oaxaca",19.1000003814697,15.0666666030884,19,82.8098983764648,129,145,18.9951839447021,-0.368072509765625
"Aporocactus martianus",-96.938417,17.457972,"Sierra Madre del Sur province","Aporocactus","Oaxaca",18.7000007629395,14.2166662216187,4,95.7119827270508,227,24,17.2500476837158,-4.35662841796875
"Aporocactus martianus",-96.93861,17.46667,"Sierra Madre del Sur province","Aporocactus","Oaxaca",18.6999988555908,14.1166667938232,4,95.9933624267578,224,23,8.5575532913208,0.0960693359375
"Aporocactus martianus",-96.9479,17.47028,"Sierra Madre del Sur province","Aporocactus","Oaxaca",18.6999988555908,14.1500005722046,3,97.3766174316406,222,20,14.3582534790039,-0.595367431640625
"Aporocactus martianus",-96.82756,17.85894,"Sierra Madre del Sur province","Aporocactus","Oaxaca",16.7999992370605,10.716667175293,9,94.0683517456055,261,75,28.3929882049561,-5.84521484375
"Aporocactus martianus",-96.807361,17.902861,"Sierra Madre del Sur province","Aporocactus","Oaxaca",16.1000003814697,10.7666664123535,14,89.2066192626953,280,114,7.04047536849976,3.56680297851562
"Aporocactus martianus",-96.802582,18.035412,"Sierra Madre del Sur province","Aporocactus","Oaxaca",22.6000003814697,20.3166675567627,47,81.7192001342773,606,202,19.0949840545654,-0.71484375
"Aporocactus martianus",-96.754805,18.065222,"Sierra Madre del Sur province","Aporocactus","Oaxaca",16.8999996185303,14,24,86.9051361083984,421,161,15.0693216323853,-3.22976684570312
"Aporocactus martianus",-96.937055,18.123222,"Sierra Madre del Sur province","Aporocactus","Oaxaca",16.6999988555908,11.7166662216187,15,87.7707214355469,317,154,6.20691108703613,1.93817138671875
"Aporocactus martianus",-96.963389,18.1355,"Sierra Madre del Sur province","Aporocactus","Oaxaca",16.4000015258789,10.6666669845581,14,86.9681549072266,304,140,34.0927658081055,0.65802001953125
"Aporocactus martianus",-96.998333,18.164167,"Sierra Madre del Sur province","Aporocactus","Oaxaca",17.1000003814697,10.7333335876465,13,88.9290008544922,306,131,14.7045936584473,2.91384887695312
"Aporocactus martianus",-97.017,18.167,"Sierra Madre del Sur province","Aporocactus","Oaxaca",19.3000011444092,13.6000003814697,13,92.5696868896484,330,113,37.8902893066406,1.3836669921875
"Aporocactus martianus",-96.874509,18.168351,"Sierra Madre del Sur province","Aporocactus","Oaxaca",21.3999996185303,17.9833335876465,40,82.4219818115234,535,183,28.6486358642578,-2.50221252441406
"Cephalocereus apicicephalium",-95.458333,16.325,"Pacific Lowlands province","Cephalocereus","Mexico",16.9000015258789,23.783332824707,2,108.906936645508,204,8,33.6253204345703,-2.32526016235352
"Cephalocereus apicicephalium",-96.3667,16.3267,"Sierra Madre del Sur province","Cephalocereus","Mexico",16.9000015258789,16.6000003814697,8,91.2125549316406,126,43,26.5014133453369,0.06988525390625
"Cephalocereus apicicephalium",-95.375,16.358333,"Pacific Lowlands province","Cephalocereus","Mexico",16.5,25.033332824707,0,120.361946105957,218,3,5.06617498397827,-0.197887420654297
"Cephalocereus apicicephalium",-95.3485016,16.3699179,"Pacific Lowlands province","Cephalocereus","Mexico",16.1000003814697,24.5666656494141,2,104.915771484375,208,11,7.73041486740112,1.21636962890625
"Cephalocereus apicicephalium",-95.3025105,16.3705,"Pacific Lowlands province","Cephalocereus","Mexico",16.6999988555908,26.2666664123535,1,119.229415893555,251,4,1.88955068588257,0.661411285400391
"Cephalocereus apicicephalium",-95.375,16.375,"Pacific Lowlands province","Cephalocereus","Mexico",16.5,24.966667175293,0,120.12264251709,199,1,20.31081199646,0.321601867675781
"Cephalocereus apicicephalium",-95.316944,16.381111,"Pacific Lowlands province","Cephalocereus","Mexico",16.3999996185303,25.3666667938232,0,119.152885437012,198,2,9.12748527526855,-0.575893402099609
"Cephalocereus apicicephalium",-95.341667,16.391667,"Pacific Lowlands province","Cephalocereus","Mexico",16.2000007629395,24.6499996185303,3,103.413803100586,205,13,43.9470748901367,3.40972900390625
"Cephalocereus apicicephalium",-95.227222,16.4225,"Pacific Lowlands province","Cephalocereus","Mexico",15.8999996185303,25.7000007629395,2,117.287330627441,242,6,3.38094735145569,-1.68453216552734
"Cephalocereus apicicephalium",-95.545914,16.424224,"Pacific Lowlands province","Cephalocereus","Mexico",18.1000022888184,25.7666664123535,1,112.999557495117,183,4,12.5196228027344,-0.991069793701172
"Cephalocereus apicicephalium",-95.86633,16.43633,"Pacific Lowlands province","Cephalocereus","Mexico",19.5,23.0666675567627,1,102.365844726562,202,7,4.17098045349121,-1.38706207275391
"Cephalocereus apicicephalium",-95.360988,16.44286,"Pacific Lowlands province","Cephalocereus","Mexico",16.4000015258789,25.1000003814697,1,119.296043395996,229,5,8.06040096282959,-0.0686845779418945
"Cephalocereus apicicephalium",-95.292501,16.442891,"Pacific Lowlands province","Cephalocereus","Mexico",15.9999980926514,24.75,0,120.322090148926,209,2,4.69818067550659,0.0681877136230469
"Cephalocereus apicicephalium",-95.212222,16.450278,"Pacific Lowlands province","Cephalocereus","Mexico",16.0000019073486,24.9333343505859,1,115.165496826172,197,5,30.3805465698242,-2.27668190002441
"Cephalocereus apicicephalium",-95.976756,16.451293,"Pacific Lowlands province","Cephalocereus","Mexico",18.2000007629395,21.6333332061768,1,103.268409729004,245,10,9.62899398803711,-2.00808715820312
"Cephalocereus apicicephalium",-94.886667,16.458333,"Pacific Lowlands province","Cephalocereus","Mexico",15.5999984741211,25.2000007629395,4,112.101913452148,288,13,2.18520736694336,-0.77396023273468
"Cephalocereus apicicephalium",-94.922156,16.461564,"Pacific Lowlands province","Cephalocereus","Mexico",15.4999980926514,25.033332824707,3,113.707862854004,291,11,1.25942778587341,0.107995986938477
"Cephalocereus apicicephalium",-96.231565,16.480214,"Sierra Madre del Sur province","Cephalocereus","Mexico",18.2000007629395,19.8999996185303,4,100.70336151123,154,13,18.4721183776855,3.570556640625
"Cephalocereus apicicephalium",-95.205505,16.481912,"Pacific Lowlands province","Cephalocereus","Mexico",15.7999992370605,25.283332824707,1,118.155914306641,227,5,1.14447736740112,-0.912665367126465
"Cephalocereus apicicephalium",-96.393571,16.486687,"Sierra Madre del Sur province","Cephalocereus","Mexico",19.3999977111816,21.6000003814697,2,97.750732421875,263,12,26.6194190979004,0.0586395263671875
"Cephalocereus apicicephalium",-96.387575,16.53453,"Sierra Madre del Sur province","Cephalocereus","Mexico",19.7999992370605,21.8666667938232,2,99.6577529907227,271,11,9.85690593719482,0.626327514648438
"Cephalocereus apicicephalium",-94.940848,16.541097,"Pacific Lowlands province","Cephalocereus","Mexico",15.4999980926514,24.8666667938232,3,109.925926208496,295,15,1.09710216522217,-0.120759725570679
"Cephalocereus apicicephalium",-94.941667,16.558333,"Pacific Lowlands province","Cephalocereus","Mexico",15.4999980926514,24.7999992370605,3,110.24787902832,294,15,2.11750102043152,-0.544456720352173
"Cephalocereus apicicephalium",-95.25974,16.5643,"Pacific Lowlands province","Cephalocereus","Mexico",15.7999992370605,23.1666660308838,6,92.5820007324219,204,30,33.7377166748047,2.40176391601562
"Cephalocereus apicicephalium",-96.204355,16.57803,"Sierra Madre del Sur province","Cephalocereus","Mexico",18.7000007629395,20.8000011444092,3,98.8078460693359,198,15,1.25238966941833,0.138900756835938
"Cephalocereus apicicephalium",-95.25717,16.579985,"Pacific Lowlands province","Cephalocereus","Mexico",16.3999996185303,24.1000003814697,2,112.008735656738,152,7,23.0828075408936,0.702423095703125
"Cephalocereus apicicephalium",-95.459535,16.580393,"Pacific Lowlands province","Cephalocereus","Mexico",17.7999992370605,24.783332824707,0,117.509727478027,155,1,14.6322755813599,-2.75424957275391
"Cephalocereus apicicephalium",-94.995246,16.581287,"Pacific Lowlands province","Cephalocereus","Mexico",15.4999980926514,24.7333335876465,3,113.3134765625,286,11,0.615712404251099,-0.0159339904785156
"Cephalocereus apicicephalium",-94.874018,16.587354,"Pacific Lowlands province","Cephalocereus","Mexico",15.1000022888184,23.6666660308838,6,107.020011901855,287,21,12.4084415435791,-0.140875816345215
"Cephalocereus apicicephalium",-96.0375286,16.6215967,"Pacific Lowlands province","Cephalocereus","Mexico",21.3000011444092,22.2333335876465,3,97.7331390380859,210,10,13.3626098632812,-0.220832824707031
"Cephalocereus apicicephalium",-95.983333,16.633333,"Pacific Lowlands province","Cephalocereus","Mexico",22,22.8500003814697,2,96.4924468994141,200,8,1.39529049396515,-0.102745056152344
"Cephalocereus apicicephalium",-96.076702,16.640603,"Pacific Lowlands province","Cephalocereus","Mexico",20.8000011444092,21.8833332061768,3,99.6012420654297,226,13,28.9646625518799,-3.5439453125
"Cephalocereus apicicephalium",-95.134699,16.640954,"Pacific Lowlands province","Cephalocereus","Mexico",15.3999996185303,24.2666664123535,2,114.873992919922,218,8,6.58365345001221,-0.955617904663086
"Cephalocereus apicicephalium",-96.189776,16.647563,"Sierra Madre del Sur province","Cephalocereus","Mexico",20.4000015258789,22.4333324432373,3,100.049736022949,253,13,22.0575618743896,1.10214996337891
"Cephalocereus apicicephalium",-96.258333,16.658333,"Sierra Madre del Sur province","Cephalocereus","Mexico",20.7000007629395,22.2666664123535,3,100.118316650391,259,13,27.6229133605957,-3.68975067138672
"Cephalocereus apicicephalium",-95.011944,16.670556,"Pacific Lowlands province","Cephalocereus","Mexico",15.3000011444092,23.3666667938232,5,110.057983398438,281,18,28.4680557250977,-0.194791793823242
"Cephalocereus apicicephalium",-95.668261,16.671383,"Pacific Lowlands province","Cephalocereus","Mexico",19,23.033332824707,9,95.8507461547852,215,33,28.9251327514648,-0.345771789550781
"Cephalocereus apicicephalium",-97.091667,16.675,"Sierra Madre del Sur province","Cephalocereus","Mexico",16,14.966667175293,6,95.9154357910156,312,51,34.5169448852539,3.11123657226562
"Cephalocereus apicicephalium",-96.127313,16.676255,"Pacific Lowlands province","Cephalocereus","Mexico",18.8999996185303,21.8500003814697,5,97.5817947387695,269,18,19.4391670227051,4.34031677246094
"Cephalocereus apicicephalium",-94.930282,16.683912,"Pacific Lowlands province","Cephalocereus","Mexico",16.4000015258789,23.1166667938232,15,88.7511596679688,287,90,20.3665237426758,6.95599746704102
"Cephalocereus apicicephalium",-94.826848,16.684169,"Pacific Lowlands province","Cephalocereus","Mexico",16.7000007629395,23.3833332061768,18,78.0694580078125,306,152,9.59045124053955,-2.34174728393555
"Cephalocereus apicicephalium",-96.15946,16.702005,"Pacific Lowlands province","Cephalocereus","Mexico",20.3999996185303,22.1833324432373,4,98.9613418579102,274,18,16.2840938568115,3.94638061523438
"Cephalocereus apicicephalium",-95.149417,16.725101,"Pacific Lowlands province","Cephalocereus","Mexico",16.1000022888184,22.466667175293,9,96.9971160888672,193,46,24.0576248168945,0.301734924316406
"Cephalocereus apicicephalium",-97.105969,16.733427,"Sierra Madre del Sur province","Cephalocereus","Mexico",14.0000009536743,11.6833333969116,6,93.4766464233398,307,44,10.4713926315308,-3.69598388671875
"Cephalocereus apicicephalium",-96.393706,16.735186,"Sierra Madre del Sur province","Cephalocereus","Mexico",19.5999984741211,19.25,1,97.3264312744141,231,11,13.2642707824707,-0.0370941162109375
"Cephalocereus apicicephalium",-96.054525,16.740233,"Sierra Madre del Sur province","Cephalocereus","Mexico",16.3999996185303,18.1000003814697,1,100.307754516602,221,21,37.4070930480957,0.869094848632812
"Cephalocereus apicicephalium",-96.016546,16.769487,"Pacific Lowlands province","Cephalocereus","Mexico",17.2000007629395,18.783332824707,4,98.8801345825195,270,22,31.9938449859619,0.88623046875
"Cephalocereus apicicephalium",-94.833914,16.779829,"Veracruzan province","Cephalocereus","Mexico",16,22.4166679382324,29,70.4313735961914,334,231,21.9110832214355,-0.712543487548828
"Cephalocereus apicicephalium",-97.054693,16.788498,"Sierra Madre del Sur province","Cephalocereus","Mexico",15.3999996185303,13.1333332061768,5,95.491096496582,287,53,43.3521842956543,-1.302978515625
"Cephalocereus apicicephalium",-95.185173,16.793152,"Sierra Madre del Sur province","Cephalocereus","Mexico",15.8000001907349,21.8166675567627,18,77.5089111328125,223,106,15.676061630249,-2.30156707763672
"Cephalocereus columna-trajani",-97.010417,17.723139,"Balsas Basin province","Cephalocereus","Mexico",23.4000015258789,21.0499992370605,14,89.5483016967773,279,47,35.1486740112305,-3.92141723632812
"Cephalocereus columna-trajani",-96.993028,17.728528,"Balsas Basin province","Cephalocereus","Mexico",24.0999984741211,21.8500003814697,11,90.8978118896484,244,37,30.8652725219727,-5.56654357910156
"Cephalocereus columna-trajani",-96.988694,17.729778,"Balsas Basin province","Cephalocereus","Mexico",23.8999996185303,22.0166664123535,8,92.8580093383789,208,28,11.5902881622314,-0.613273620605469
"Cephalocereus columna-trajani",-96.9575,17.7575,"Balsas Basin province","Cephalocereus","Mexico",23.2000007629395,22.1166667938232,5,97.0427551269531,162,19,24.85471534729,-4.74744415283203
"Cephalocereus columna-trajani",-97.028083,17.80025,"Balsas Basin province","Cephalocereus","Mexico",24.2000007629395,21.4500007629395,14,90.212028503418,270,46,15.6005392074585,-0.584808349609375
"Cephalocereus columna-trajani",-96.970194,17.806583,"Balsas Basin province","Cephalocereus","Mexico",23.5,22.0499992370605,5,97.7518997192383,166,19,20.3758239746094,3.80907440185547
"Cephalocereus columna-trajani",-97.01725,17.808611,"Balsas Basin province","Cephalocereus","Mexico",24.5,21.8666667938232,9,93.3450241088867,216,30,10.6459941864014,3.12307739257812
"Cephalocereus columna-trajani",-97.002403,17.815114,"Balsas Basin province","Cephalocereus","Mexico",23.9000015258789,22.2999992370605,5,99.1375198364258,158,16,15.9274349212646,2.13274383544922
"Cephalocereus columna-trajani",-97.050383,17.857761,"Balsas Basin province","Cephalocereus","Mexico",24.8000011444092,21.4500007629395,11,91.1475677490234,232,37,21.3175926208496,-6.17774963378906
"Cephalocereus columna-trajani",-97.050065,17.858345,"Balsas Basin province","Cephalocereus","Mexico",24.6999988555908,21.6166667938232,8,93.7766189575195,199,28,19.8344287872314,-7.09944152832031
"Cephalocereus columna-trajani",-97.049787,17.858785,"Balsas Basin province","Cephalocereus","Mexico",24.5000019073486,22.0166664123535,9,93.3922119140625,203,31,15.4603996276855,-5.68257141113281
"Cephalocereus columna-trajani",-97.092233,17.861194,"Balsas Basin province","Cephalocereus","Mexico",22.5,18.1000003814697,11,91.9317321777344,263,42,10.971095085144,-0.19427490234375
"Cephalocereus columna-trajani",-97.040087,17.86244,"Balsas Basin province","Cephalocereus","Mexico",24.1999988555908,22.3166675567627,6,97.1952056884766,182,21,7.95553064346313,-3.65316772460938
"Cephalocereus columna-trajani",-97.093363,17.876126,"Balsas Basin province","Cephalocereus","Mexico",23.3999996185303,18.966667175293,13,90.6967163085938,271,48,5.00169706344604,4.05816650390625
"Cephalocereus columna-trajani",-97.086962,17.892891,"Balsas Basin province","Cephalocereus","Mexico",24.7999992370605,20.0166664123535,13,89.0635681152344,250,46,17.6678447723389,1.54866027832031
"Cephalocereus columna-trajani",-97.073714,17.903464,"Balsas Basin province","Cephalocereus","Mexico",25.2000007629395,20.9333324432373,11,89.9701538085938,230,40,30.7503299713135,-0.440444946289062
"Cephalocereus columna-trajani",-97.351083,18.083889,"Sierra Madre del Sur province","Cephalocereus","Mexico",23.0999984741211,18.1833324432373,6,92.3416519165039,189,23,19.4135341644287,-1.77055358886719
"Cephalocereus columna-trajani",-97.088056,18.095,"Balsas Basin province","Cephalocereus","Mexico",25.7000007629395,22.0166664123535,10,91.417350769043,228,37,21.5306015014648,-2.36454010009766
"Cephalocereus columna-trajani",-97.336972,18.1045,"Sierra Madre del Sur province","Cephalocereus","Mexico",22.5,17.5166664123535,5,91.8686141967773,199,25,12.1369400024414,-4.51620483398438
"Cephalocereus columna-trajani",-97.330948,18.125912,"Sierra Madre del Sur province","Cephalocereus","Mexico",23.5999984741211,18.3999996185303,5,95.4708480834961,184,22,6.10602855682373,-1.03582763671875
"Cephalocereus columna-trajani",-97.306111,18.145278,"Balsas Basin province","Cephalocereus","Mexico",24.2999992370605,18.8500003814697,4,97.3213500976562,171,19,9.86824798583984,-5.79324340820312
"Cephalocereus columna-trajani",-97.290312,18.152276,"Balsas Basin province","Cephalocereus","Mexico",25.3999977111816,19.9833335876465,2,99.6646041870117,124,10,36.4868698120117,-1.11347961425781
"Cephalocereus columna-trajani",-97.673693,18.195339,"Balsas Basin province","Cephalocereus","Mexico",20.8999996185303,17.8333339691162,4,95.8821716308594,201,14,3.35931706428528,0.500991821289062
"Cephalocereus fulviceps",-96.429411,16.413958,"Sierra Madre del Sur province","Cephalocereus","Mexico",18.7999992370605,20.9333343505859,3,95.7558288574219,239,17,3.77931523323059,-3.25787353515625
"Cephalocereus fulviceps",-95.903284,16.464543,"Pacific Lowlands province","Cephalocereus","Mexico",20,22.466667175293,1,102.669593811035,199,6,1.61186909675598,-0.182220458984375
"Cephalocereus fulviceps",-96.312798,16.471405,"Pacific Lowlands province","Cephalocereus","Mexico",18.2000007629395,20.7999992370605,3,98.2815856933594,162,12,20.9400672912598,0.372787475585938
"Cephalocereus fulviceps",-96.574828,17.215242,"Sierra Madre del Sur province","Cephalocereus","Mexico",16.2000007629395,12.5500001907349,10,82.9726943969727,250,75,23.0692329406738,2.43072509765625
"Cephalocereus fulviceps",-96.571878,17.473401,"Balsas Basin province","Cephalocereus","Mexico",21.2999992370605,16.966667175293,25,83.4327163696289,393,145,25.837251663208,0.355972290039062
"Cephalocereus fulviceps",-96.965607,17.594395,"Balsas Basin province","Cephalocereus","Mexico",19.7999992370605,17.1333332061768,8,93.856071472168,244,28,20.5846138000488,-5.30732727050781
"Cephalocereus fulviceps",-96.948556,17.605694,"Balsas Basin province","Cephalocereus","Mexico",22.7000007629395,19.9333324432373,14,89.6138916015625,288,44,29.4445152282715,3.64938354492188
"Cephalocereus fulviceps",-96.933056,17.606944,"Balsas Basin province","Cephalocereus","Mexico",23.2000007629395,20.6000003814697,13,90.4172286987305,283,41,35.3250160217285,0.315185546875
"Cephalocereus fulviceps",-96.965278,17.6775,"Balsas Basin province","Cephalocereus","Mexico",23.7000007629395,21.3333339691162,13,89.5949325561523,270,44,21.1590137481689,-2.49942016601562
"Cephalocereus fulviceps",-96.827953,17.684023,"Balsas Basin province","Cephalocereus","Mexico",23,19.7999992370605,25,84.826171875,359,81,22.1097145080566,1.25071716308594
"Cephalocereus fulviceps",-97.031083,17.701917,"Balsas Basin province","Cephalocereus","Mexico",23.2000007629395,20.1666660308838,13,89.5714340209961,276,44,25.433443069458,-0.0093841552734375
"Cephalocereus fulviceps",-97.170554,17.800835,"Sierra Madre del Sur province","Cephalocereus","Mexico",22.2999992370605,15.8000001907349,6,90.271369934082,202,52,25.1655178070068,1.009033203125
"Cephalocereus fulviceps",-97.0922,17.8761,"Balsas Basin province","Cephalocereus","Mexico",23.3999996185303,18.966667175293,13,90.6967163085938,271,48,18.2991809844971,-0.03857421875
"Cephalocereus fulviceps",-97.0892,17.892,"Balsas Basin province","Cephalocereus","Mexico",24.7999992370605,20.0166664123535,13,89.0635681152344,250,46,18.5023345947266,1.81462097167969
"Cephalocereus fulviceps",-97.145109,17.949837,"Sierra Madre del Sur province","Cephalocereus","Mexico",22.2000007629395,17.4333324432373,9,92.7484359741211,249,36,7.08406639099121,-0.58538818359375
"Cephalocereus fulviceps",-97.146644,17.963125,"Sierra Madre del Sur province","Cephalocereus","Mexico",22.5,18.1000003814697,9,92.241828918457,255,39,25.3359394073486,1.12265014648438
"Cephalocereus fulviceps",-97.071695,17.990742,"Balsas Basin province","Cephalocereus","Mexico",24.7000007629395,21.8833332061768,7,95.2415161132812,203,27,21.4317588806152,-2.67829132080078
"Cephalocereus fulviceps",-97.065841,17.995222,"Balsas Basin province","Cephalocereus","Mexico",24.3999996185303,22.1666660308838,7,96.2038116455078,199,26,6.71075344085693,1.46884155273438
"Cephalocereus fulviceps",-97.326957,18.02201,"Sierra Madre del Sur province","Cephalocereus","Mexico",19.7999992370605,12.3166666030884,5,93.8051681518555,222,25,10.8243427276611,-5.18228149414062
"Coryphantha elephantidens",-96.63064,16.289287,"Sierra Madre del Sur province","Coryphantha","Mexico",18,17.8166656494141,7,88.2101364135742,261,36,27.2637844085693,0.630783081054688
"Coryphantha elephantidens",-96.30167,16.29333,"Pacific Lowlands province","Coryphantha","Mexico",17.2999992370605,17.7999992370605,7,93.7941970825195,253,30,16.2576599121094,-0.775909423828125
"Coryphantha elephantidens",-96.637695,16.317307,"Sierra Madre del Sur province","Coryphantha","Mexico",19.0999984741211,18.716667175293,5,90.4298477172852,241,23,13.4045867919922,-0.334487915039062
"Coryphantha elephantidens",-96.331691,16.579887,"Pacific Lowlands province","Coryphantha","Mexico",20,21.7000007629395,2,99.9563446044922,265,11,21.5198917388916,-2.54498291015625
"Coryphantha elephantidens",-96.24336,16.67583,"Sierra Madre del Sur province","Coryphantha","Mexico",19.8999996185303,21.7000007629395,4,99.1455764770508,272,15,14.6443748474121,-1.06019592285156
"Coryphantha elephantidens",-96.321434,16.686548,"Sierra Madre del Sur province","Coryphantha","Mexico",20.8999996185303,22.1000003814697,3,98.0358963012695,275,16,3.35490751266479,-0.26690673828125
"Coryphantha elephantidens",-96.210964,16.689065,"Sierra Madre del Sur province","Coryphantha","Mexico",19.6999988555908,21.7333335876465,4,99.8382339477539,273,15,11.1572322845459,3.401611328125
"Coryphantha elephantidens",-96.693192,16.785751,"Balsas Basin province","Coryphantha","Mexico",22.8999996185303,19.75,2,94.0164489746094,290,16,9.93802738189697,1.41355895996094
"Coryphantha elephantidens",-96.69475,16.792137,"Balsas Basin province","Coryphantha","Mexico",23.1999988555908,19.8666667938232,2,93.8231048583984,295,18,3.68175053596497,-0.766464233398438
"Coryphantha elephantidens",-95.911189,16.796272,"Pacific Lowlands province","Coryphantha","Mexico",20.3999996185303,22.283332824707,9,97.644905090332,310,38,4.44060516357422,-2.82300567626953
"Coryphantha elephantidens",-96.625379,16.803381,"Balsas Basin province","Coryphantha","Mexico",21.5999984741211,19.4833335876465,3,91.4822845458984,280,21,13.3988208770752,-1.02584838867188
"Coryphantha elephantidens",-96.667743,16.806098,"Balsas Basin province","Coryphantha","Mexico",23,19.8999996185303,2,94.4449081420898,288,18,0.717978298664093,-0.093017578125
"Coryphantha elephantidens",-96.637854,16.810581,"Balsas Basin province","Coryphantha","Mexico",21.2999992370605,19.4166660308838,2,92.5511474609375,279,21,14.8872499465942,-1.65682983398438
"Coryphantha elephantidens",-96.700949,16.814818,"Balsas Basin province","Coryphantha","Mexico",23.5999984741211,19.8833332061768,2,94.1156692504883,298,17,1.62560796737671,-0.451416015625
"Coryphantha elephantidens",-96.674636,16.857029,"Balsas Basin province","Coryphantha","Mexico",23.4000015258789,19.5833339691162,2,93.1794891357422,275,18,11.1780576705933,0.742645263671875
"Coryphantha elephantidens",-96.275896,16.866325,"Sierra Madre del Sur province","Coryphantha","Mexico",19.7000007629395,18.75,3,94.1548461914062,276,22,12.6441411972046,-1.13279724121094
"Coryphantha elephantidens",-96.275971,16.868662,"Sierra Madre del Sur province","Coryphantha","Mexico",18.2999992370605,17.8333339691162,2,95.2834625244141,255,19,1.91810953617096,-0.22991943359375
"Coryphantha elephantidens",-96.602213,16.875183,"Balsas Basin province","Coryphantha","Mexico",21.2000007629395,18.1666660308838,1,93.4261093139648,270,17,6.79891347885132,-0.457626342773438
"Coryphantha elephantidens",-96.399306,16.921604,"Balsas Basin province","Coryphantha","Mexico",21.5,19,2,91.4295883178711,276,22,1.27746534347534,0.04998779296875
"Coryphantha elephantidens",-96.598056,17.040661,"Balsas Basin province","Coryphantha","Mexico",22.2999992370605,18.8833332061768,3,90.7282333374023,251,20,6.14998579025269,1.23590087890625
"Coryphantha elephantidens",-96.870064,17.040997,"Sierra Madre del Sur province","Coryphantha","Mexico",19.7999992370605,17.1499996185303,3,92.8604888916016,258,28,19.3563041687012,4.26565551757812
"Coryphantha elephantidens",-96.889051,17.073407,"Balsas Basin province","Coryphantha","Mexico",21.3000011444092,18.1000003814697,3,92.4030838012695,263,22,8.75245475769043,3.22146606445312
"Coryphantha elephantidens",-96.783674,17.078514,"Balsas Basin province","Coryphantha","Mexico",22.3000011444092,19.1000003814697,3,92.2988128662109,254,23,6.00513505935669,1.46255493164062
"Coryphantha elephantidens",-96.735698,17.08436,"Balsas Basin province","Coryphantha","Mexico",22.0999984741211,19.3666667938232,3,91.4751510620117,248,22,22.4597339630127,-2.04379272460938
"Coryphantha elephantidens",-96.697464,17.115774,"Sierra Madre del Sur province","Coryphantha","Mexico",20.2999992370605,17.3833332061768,4,89.090690612793,257,30,22.7744884490967,-0.146804809570312
"Coryphantha elephantidens",-96.662232,17.130775,"Sierra Madre del Sur province","Coryphantha","Mexico",17.3999996185303,14.5500001907349,5,86.2043914794922,251,46,41.552433013916,3.46347045898438
"Coryphantha elephantidens",-96.744445,17.144103,"Sierra Madre del Sur province","Coryphantha","Mexico",22.1999988555908,18.5666675567627,3,90.2740936279297,250,25,12.6247730255127,-3.82846069335938
"Coryphantha elephantidens",-96.786889,17.147033,"Balsas Basin province","Coryphantha","Mexico",23.5,19.6000003814697,2,94.0289840698242,246,17,1.08259522914886,0.277114868164062
"Coryphantha elephantidens",-96.72471,17.215037,"Sierra Madre del Sur province","Coryphantha","Mexico",17,13.8166666030884,4,90.8955764770508,248,38,21.8386764526367,-1.73458862304688
"Coryphantha elephantidens",-96.808828,17.219033,"Balsas Basin province","Coryphantha","Mexico",23.2999992370605,19.5499992370605,3,93.1916122436523,251,20,3.07587623596191,0.0381927490234375
"Coryphantha elephantidens",-96.869459,17.263218,"Balsas Basin province","Coryphantha","Mexico",22.7000007629395,19.0166664123535,4,93.6358032226562,256,18,18.9890556335449,-1.29583740234375
"Coryphantha elephantidens",-96.932031,17.405322,"Sierra Madre del Sur province","Coryphantha","Mexico",19.2000007629395,14.3000001907349,4,94.8709869384766,237,27,3.16468906402588,2.71188354492188
"Coryphantha elephantidens",-98.024168,17.50384,"Balsas Basin province","Coryphantha","Mexico",22.1000003814697,17.8500003814697,6,96.3702163696289,279,21,13.0848388671875,0.616912841796875
"Coryphantha elephantidens",-96.845453,17.57514,"Balsas Basin province","Coryphantha","Mexico",23.1000003814697,21.0666656494141,13,91.1492462158203,268,40,10.1241312026978,-4.01162719726562
"Coryphantha elephantidens",-97.854405,17.602746,"Balsas Basin province","Coryphantha","Mexico",23.0999984741211,18.4833335876465,4,94.7752304077148,239,15,9.82342910766602,-0.9310302734375
"Coryphantha elephantidens",-97.12131,17.646915,"Sierra Madre del Sur province","Coryphantha","Mexico",21.0999984741211,14.3500003814697,4,93.9349670410156,180,29,35.9225273132324,1.010498046875
"Coryphantha elephantidens",-97.123705,17.667874,"Sierra Madre del Sur province","Coryphantha","Mexico",22.2999992370605,15.3333330154419,5,93.0621871948242,199,39,39.5905342102051,0.0880584716796875
"Coryphantha elephantidens",-97.899377,17.704941,"Balsas Basin province","Coryphantha","Mexico",22.3999996185303,18.466667175293,5,95.6965179443359,240,17,29.7798538208008,0.5908203125
"Coryphantha elephantidens",-97.8903,17.712683,"Balsas Basin province","Coryphantha","Mexico",22.8000011444092,18.6166667938232,5,95.398567199707,240,18,32.5667533874512,-2.75418090820312
"Coryphantha elephantidens",-98.158665,17.762689,"Balsas Basin province","Coryphantha","Mexico",22.8000011444092,22.0833339691162,4,99.6335220336914,251,18,6.5957145690918,0.318496704101562
"Coryphantha elephantidens",-97.824849,17.777994,"Balsas Basin province","Coryphantha","Mexico",23.2999992370605,18.7999992370605,5,96.1744842529297,231,24,13.886962890625,-0.332489013671875
"Coryphantha pallida",-96.629982,16.29399,"Sierra Madre del Sur province","Coryphantha","Mexico",17.5999984741211,17.533332824707,9,88.9160995483398,284,44,5.22959136962891,0.937637329101562
"Coryphantha pallida",-96.64267,16.31694,"Sierra Madre del Sur province","Coryphantha","Mexico",18.7999992370605,18.2999992370605,6,90.6856994628906,255,28,7.69354295730591,0.0169830322265625
"Coryphantha pallida",-96.637847,16.318675,"Sierra Madre del Sur province","Coryphantha","Mexico",19.0999984741211,18.716667175293,5,90.4298477172852,241,23,11.8534593582153,0.170928955078125
"Coryphantha pallida",-96.277092,16.866794,"Sierra Madre del Sur province","Coryphantha","Mexico",18.2999992370605,17.8333339691162,2,95.2834625244141,255,19,12.3413066864014,3.20692443847656
"Coryphantha pallida",-97.217483,17.319028,"Sierra Madre del Sur province","Coryphantha","Mexico",21.7999992370605,16.5666656494141,3,95.1310958862305,254,12,13.7629251480103,-1.64949035644531
"Coryphantha pallida",-97.117917,17.32525,"Sierra Madre del Sur province","Coryphantha","Mexico",20.1000003814697,15.2333335876465,3,94.3836822509766,244,22,21.0583591461182,-0.648345947265625
"Coryphantha pallida",-97.25172,17.32564,"Sierra Madre del Sur province","Coryphantha","Mexico",21.3999996185303,16.0833339691162,3,92.7695999145508,255,13,9.18385696411133,-1.41877746582031
"Coryphantha pallida",-97.21692,17.33337,"Sierra Madre del Sur province","Coryphantha","Mexico",21.5,16.1666660308838,2,95.5409469604492,252,10,1.82239961624146,-0.20440673828125
"Coryphantha pallida",-97.171361,17.360722,"Sierra Madre del Sur province","Coryphantha","Mexico",20.5,14.8666667938232,3,95.4496765136719,242,18,13.3544206619263,1.32794189453125
"Coryphantha pallida",-97.15251,17.36381,"Sierra Madre del Sur province","Coryphantha","Mexico",21,15.4833335876465,3,94.1892623901367,240,19,14.5159997940063,1.54766845703125
"Coryphantha pallida",-97.19389,17.37333,"Sierra Madre del Sur province","Coryphantha","Mexico",20.9000015258789,15.1166667938232,4,93.7350082397461,241,20,0.585800468921661,0.84033203125
"Coryphantha pallida",-97.18535,17.38428,"Sierra Madre del Sur province","Coryphantha","Mexico",21.3999996185303,15.5166664123535,3,95.1933746337891,239,16,14.0717878341675,-2.5164794921875
"Coryphantha pallida",-97.022583,17.412861,"Sierra Madre del Sur province","Coryphantha","Mexico",22.5999984741211,18.3500003814697,5,94.0132522583008,255,18,10.7909421920776,-3.40469360351562
"Coryphantha pallida",-97.3275,17.41747,"Sierra Madre del Sur province","Coryphantha","Mexico",21.2000007629395,14.1833333969116,4,89.9902420043945,246,25,8.72422790527344,0.120330810546875
"Coryphantha pallida",-97.13103,17.41961,"Sierra Madre del Sur province","Coryphantha","Mexico",20.5,14.9499998092651,2,96.7064514160156,225,14,23.0455322265625,-1.80361938476562
"Coryphantha pallida",-97.03527,17.43858,"Sierra Madre del Sur province","Coryphantha","Mexico",20.5,16.783332824707,5,94.2849655151367,234,26,19.073169708252,4.8876953125
"Coryphantha pallida",-97.1761,17.4594,"Sierra Madre del Sur province","Coryphantha","Mexico",21.2000007629395,14.6166667938232,2,95.2927398681641,216,15,4.75495100021362,0.717803955078125
"Coryphantha pallida",-97.06133,17.46744,"Sierra Madre del Sur province","Coryphantha","Mexico",22,17.3333339691162,5,93.4759063720703,246,33,20.4620208740234,2.91546630859375
"Coryphantha pallida",-97.2012,17.47719,"Sierra Madre del Sur province","Coryphantha","Mexico",21.2999992370605,14.4499998092651,2,94.4228897094727,214,16,15.7532157897949,0.764801025390625
"Coryphantha pallida",-97.217472,17.4905,"Sierra Madre del Sur province","Coryphantha","Mexico",21.6999988555908,14.7666664123535,2,94.1232604980469,215,16,11.9680233001709,-0.394805908203125
"Coryphantha pallida",-97.45733,17.50042,"Sierra Madre del Sur province","Coryphantha","Mexico",21.7000007629395,13.8999996185303,5,89.3889465332031,247,26,14.0140199661255,-1.07723999023438
"Coryphantha pallida",-97.459191,17.504962,"Sierra Madre del Sur province","Coryphantha","Mexico",21.7000007629395,13.6999998092651,5,89.8683166503906,248,26,4.42438840866089,0.47674560546875
"Coryphantha pallida",-97.15243,17.51784,"Sierra Madre del Sur province","Coryphantha","Mexico",19.6000003814697,12.716667175293,2,97.2812194824219,212,16,7.91596031188965,2.13601684570312
"Coryphantha pallida",-97.32988,17.54942,"Sierra Madre del Sur province","Coryphantha","Mexico",21.7999992370605,14.0166664123535,3,92.8074417114258,221,19,14.2914409637451,3.40994262695312
"Coryphantha pallida",-97.320982,17.551613,"Sierra Madre del Sur province","Coryphantha","Mexico",21.5999984741211,13.9166669845581,4,90.8073806762695,218,22,6.9447717666626,2.30224609375
"Coryphantha pallida",-98.042082,17.552005,"Balsas Basin province","Coryphantha","Mexico",22.5999984741211,19.5499992370605,3,97.4220504760742,243,15,10.1333961486816,2.45285034179688
"Coryphantha pallida",-97.277264,17.55546,"Sierra Madre del Sur province","Coryphantha","Mexico",21.7999992370605,14.3999996185303,3,90.5623931884766,210,20,6.74535179138184,-0.4537353515625
"Coryphantha pallida",-97.513139,17.559778,"Sierra Madre del Sur province","Coryphantha","Mexico",21.2999992370605,13.0500001907349,5,92.3787231445312,258,25,14.0836563110352,-1.90478515625
"Coryphantha pallida",-97.470667,17.563333,"Sierra Madre del Sur province","Coryphantha","Mexico",21.1000003814697,12.7833337783813,5,92.2395553588867,252,25,6.62907648086548,0.049530029296875
"Coryphantha pallida",-97.187972,17.576194,"Sierra Madre del Sur province","Coryphantha","Mexico",20,12.4499998092651,2,95.2891693115234,185,18,11.7786846160889,-1.83673095703125
"Coryphantha pallida",-97.05275,17.58317,"Sierra Madre del Sur province","Coryphantha","Mexico",19.5,14.3666667938232,3,95.7554244995117,185,24,9.15941047668457,-3.38760375976562
"Coryphantha pallida",-97.343561,17.602205,"Sierra Madre del Sur province","Coryphantha","Mexico",20.1000003814697,12.3166666030884,5,94.0788803100586,241,24,11.409008026123,0.2147216796875
"Coryphantha pallida",-96.925194,17.609336,"Balsas Basin province","Coryphantha","Mexico",23.5,20.9500007629395,12,90.9745254516602,269,38,12.6703424453735,1.52581787109375
"Coryphantha pallida",-96.924249,17.609399,"Balsas Basin province","Coryphantha","Mexico",23.3999996185303,21.033332824707,12,90.8167724609375,273,39,13.1434106826782,-0.680374145507812
"Coryphantha pallida",-96.903676,17.611329,"Balsas Basin province","Coryphantha","Mexico",23.2000007629395,21.3999996185303,11,92.0543975830078,248,33,45.0437698364258,-5.32797241210938
"Coryphantha pallida",-96.911049,17.644899,"Balsas Basin province","Coryphantha","Mexico",22.7999992370605,21.8833332061768,5,95.437255859375,173,19,13.5234994888306,-0.264793395996094
"Coryphantha pallida",-96.937909,17.658761,"Balsas Basin province","Coryphantha","Mexico",23.0999984741211,21.8833332061768,4,96.1375274658203,173,18,4.18468475341797,1.87528991699219
"Coryphantha pallida",-97.25885,17.664607,"Sierra Madre del Sur province","Coryphantha","Mexico",19.5,11.4333333969116,5,93.8269729614258,233,26,6.44228458404541,0.53448486328125
"Coryphantha pallida",-97.532528,17.66875,"Sierra Madre del Sur province","Coryphantha","Mexico",23.5,15.6166667938232,5,88.8364639282227,230,17,9.42435741424561,-0.712478637695312
"Coryphantha pallida",-97.928009,17.668938,"Sierra Madre del Sur province","Coryphantha","Mexico",21.4000015258789,18.6333332061768,4,97.1656265258789,252,15,36.1965255737305,5.98094177246094
"Coryphantha pallida",-97.43075,17.67267,"Sierra Madre del Sur province","Coryphantha","Mexico",21.7000007629395,13.533332824707,5,91.1766967773438,232,22,16.8758087158203,-3.76223754882812
"Coryphantha pallida",-97.553781,17.677348,"Sierra Madre del Sur province","Coryphantha","Mexico",23.6000003814697,15.8000001907349,4,88.8977890014648,232,16,3.38531994819641,2.14682006835938
"Coryphantha pallida",-96.95639,17.68306,"Balsas Basin province","Coryphantha","Mexico",23.7000007629395,21.7000007629395,11,90.8759384155273,240,37,9.32481288909912,0.451019287109375
"Coryphantha pallida",-96.958912,17.683569,"Balsas Basin province","Coryphantha","Mexico",23.7000007629395,21.3666667938232,14,89.3647918701172,275,45,12.3715658187866,1.59359741210938
"Coryphantha pallida",-97.4355,17.684972,"Sierra Madre del Sur province","Coryphantha","Mexico",22,13.8833332061768,5,89.8512115478516,230,23,7.94431161880493,-0.573455810546875
"Coryphantha pallida",-96.957254,17.688544,"Balsas Basin province","Coryphantha","Mexico",23.7000007629395,21.6833324432373,12,89.9031600952148,253,40,30.2101268768311,-0.991836547851562
"Coryphantha pallida",-97.407055,17.691917,"Sierra Madre del Sur province","Coryphantha","Mexico",21.2000007629395,12.8999996185303,6,91.2864151000977,229,25,10.3848505020142,-0.994781494140625
"Coryphantha pallida",-96.931702,17.695768,"Balsas Basin province","Coryphantha","Mexico",22.9000015258789,21.9500007629395,4,96.6283416748047,161,17,8.88513278961182,-0.268112182617188
"Coryphantha pallida",-97.245742,17.702177,"Sierra Madre del Sur province","Coryphantha","Mexico",19.1000003814697,11.1833333969116,5,94.3117141723633,240,27,11.121524810791,0.0462646484375
"Coryphantha pallida",-97.582377,17.703575,"Sierra Madre del Sur province","Coryphantha","Mexico",23.3000011444092,16.0499992370605,4,89.9720993041992,233,21,21.3316841125488,-0.426254272460938
"Coryphantha pallida",-97.259231,17.705408,"Sierra Madre del Sur province","Coryphantha","Mexico",20.2999992370605,11.966667175293,3,95.6512603759766,219,20,26.376823425293,-0.153594970703125
"Coryphantha pallida",-96.95572,17.70567,"Balsas Basin province","Coryphantha","Mexico",23.7000007629395,21.8833332061768,11,90.6906433105469,238,38,13.7682037353516,-2.48086547851562
"Coryphantha pallida",-97.383333,17.716667,"Sierra Madre del Sur province","Coryphantha","Mexico",22.6999988555908,14.5999994277954,5,89.4400405883789,215,24,5.78181266784668,-1.03521728515625
"Coryphantha pallida",-97.391667,17.725,"Sierra Madre del Sur province","Coryphantha","Mexico",22.2999992370605,13.9166669845581,6,88.9376907348633,219,26,5.16280508041382,2.31201171875
"Coryphantha pallida",-96.98797,17.735455,"Balsas Basin province","Coryphantha","Mexico",23.6999988555908,22.1333332061768,6,94.6352615356445,181,21,4.61905145645142,1.55580902099609
"Coryphantha pallida",-97.52694,17.73972,"Sierra Madre del Sur province","Coryphantha","Mexico",23.0999984741211,15.283332824707,4,89.6946640014648,232,16,9.17318439483643,2.31179809570312
"Coryphantha pallida",-97.295507,17.743196,"Sierra Madre del Sur province","Coryphantha","Mexico",22,13.6166667938232,4,91.5898361206055,194,21,7.35697031021118,1.40304565429688
"Coryphantha pallida",-96.983889,17.746111,"Balsas Basin province","Coryphantha","Mexico",23.6000003814697,22.216667175293,4,96.9212799072266,164,17,0.913129508495331,1.22576904296875
"Coryphantha pallida",-96.9775,17.746667,"Balsas Basin province","Coryphantha","Mexico",23.6000003814697,22.1833343505859,4,96.9817886352539,162,17,22.0378112792969,-1.30436706542969
"Coryphantha pallida",-96.962854,17.758424,"Balsas Basin province","Coryphantha","Mexico",23.2999992370605,22.1833343505859,4,98.3038330078125,159,17,18.4056262969971,0.249519348144531
"Coryphantha pallida",-97.399927,17.762446,"Sierra Madre del Sur province","Coryphantha","Mexico",23,15.0833339691162,5,86.9226989746094,206,26,7.34633302688599,-0.671600341796875
"Coryphantha pallida",-97.270306,17.764722,"Sierra Madre del Sur province","Coryphantha","Mexico",22.2999992370605,13.9333333969116,4,91.1085968017578,185,22,10.9432506561279,0.803466796875
"Coryphantha pallida",-97.094752,17.780115,"Balsas Basin province","Coryphantha","Mexico",21.6000003814697,15.966667175293,6,92.9512329101562,213,54,9.62941360473633,-0.651138305664062
"Coryphantha pallida",-97.292554,17.780446,"Sierra Madre del Sur province","Coryphantha","Mexico",22.7000007629395,14.5833330154419,4,90.6085433959961,188,21,16.0638465881348,1.21249389648438
"Coryphantha pallida",-97.055278,17.785,"Sierra Madre del Sur province","Coryphantha","Mexico",21,18.1166667938232,10,93.3505477905273,245,37,26.5169925689697,0.781845092773438
"Coryphantha pallida",-97.029444,17.795556,"Balsas Basin province","Coryphantha","Mexico",23.6999988555908,21.2000007629395,15,89.9119567871094,284,49,24.175235748291,1.218994140625
"Coryphantha pallida",-97.040278,17.796111,"Balsas Basin province","Coryphantha","Mexico",22.3999977111816,20.25,14,91.603630065918,289,47,7.8827600479126,1.4808349609375
"Coryphantha pallida",-97.138694,17.802083,"Sierra Madre del Sur province","Coryphantha","Mexico",24.0999984741211,18.1499996185303,10,89.353141784668,247,62,7.23609018325806,0.655227661132812
"Coryphantha pallida",-96.976819,17.803182,"Balsas Basin province","Coryphantha","Mexico",23.6000003814697,22.216667175293,4,99.8490905761719,156,15,5.81598377227783,-0.306404113769531
"Coryphantha pallida",-97.303,17.804,"Sierra Madre del Sur province","Coryphantha","Mexico",23.7000007629395,16.216667175293,3,94.9288024902344,167,17,3.97038626670837,-1.29878234863281
"Coryphantha pallida",-97.49286,17.80439,"Sierra Madre del Sur province","Coryphantha","Mexico",21.3999996185303,13.1833333969116,6,92.0139923095703,242,26,5.76877641677856,0.506805419921875
"Coryphantha pallida",-97.457553,17.80722,"Sierra Madre del Sur province","Coryphantha","Mexico",22.5,14.1166667938232,5,90.1456909179688,227,24,7.54332113265991,0.476318359375
"Coryphantha pallida",-96.991111,17.808333,"Balsas Basin province","Coryphantha","Mexico",23.7000007629395,22.3666667938232,4,100.628868103027,151,15,1.52297735214233,-1.19351196289062
"Coryphantha pallida",-96.989444,17.809444,"Balsas Basin province","Coryphantha","Mexico",23.7000007629395,22.3666667938232,4,100.723861694336,152,15,1.29331207275391,0.337165832519531
"Coryphantha pallida",-97.01469,17.81163,"Balsas Basin province","Coryphantha","Mexico",24.0999984741211,22.0833339691162,6,96.6084060668945,185,21,13.4774675369263,1.54853057861328
"Coryphantha pallida",-97.000961,17.813289,"Balsas Basin province","Coryphantha","Mexico",23.9000015258789,22.2999992370605,5,99.1375198364258,158,16,15.3494110107422,1.53186798095703
"Coryphantha pallida",-96.996467,17.815436,"Balsas Basin province","Coryphantha","Mexico",23.7000007629395,22.5,4,100.774879455566,150,15,9.25430679321289,0.527992248535156
"Coryphantha pallida",-97.48333,17.81667,"Sierra Madre del Sur province","Coryphantha","Mexico",22.2999992370605,14.1000003814697,4,91.716552734375,232,23,14.9665050506592,1.40420532226562
"Coryphantha pallida",-97.340432,17.822431,"Sierra Madre del Sur province","Coryphantha","Mexico",22.9000015258789,14.3833332061768,5,89.3339767456055,200,25,7.76918983459473,1.31085205078125
"Coryphantha pallida",-96.941028,17.832389,"Sierra Madre del Sur province","Coryphantha","Mexico",24.1000022888184,20.8666667938232,21,86.4162826538086,320,69,9.77734279632568,4.57833862304688
"Coryphantha pallida",-97.49528,17.83333,"Sierra Madre del Sur province","Coryphantha","Mexico",21.5,13.4333333969116,7,89.1238174438477,239,32,12.1745119094849,0.0281982421875
"Coryphantha pallida",-97.022805,17.835886,"Balsas Basin province","Coryphantha","Mexico",24,22.2666664123535,5,100.051544189453,159,16,18.593713760376,1.03946685791016
"Coryphantha pallida",-97.231389,17.838333,"Sierra Madre del Sur province","Coryphantha","Mexico",22,14.3166666030884,5,92.2149887084961,175,26,5.36783170700073,1.63021850585938
"Coryphantha pallida",-97.018293,17.848501,"Balsas Basin province","Coryphantha","Mexico",23.8999977111816,22.3999996185303,3,102.755981445312,146,13,6.26652765274048,-0.148185729980469
"Coryphantha pallida",-97.234361,17.849861,"Sierra Madre del Sur province","Coryphantha","Mexico",21.0999984741211,13.2666664123535,5,93.2704544067383,188,23,16.488489151001,0.51763916015625
"Coryphantha pallida",-97.023056,17.850556,"Balsas Basin province","Coryphantha","Mexico",23.9000015258789,22.5,3,102.476409912109,144,12,17.8497848510742,-2.13555908203125
"Coryphantha pallida",-97.357721,17.853698,"Sierra Madre del Sur province","Coryphantha","Mexico",22.5,13.7666664123535,4,93.4326324462891,211,21,38.3164024353027,2.9456787109375
"Coryphantha pallida",-97.264154,17.856084,"Sierra Madre del Sur province","Coryphantha","Mexico",23.5,16.6000003814697,3,96.5484466552734,155,19,29.379711151123,-3.29812622070312
"Coryphantha pallida",-97.065398,17.856271,"Balsas Basin province","Coryphantha","Mexico",24.8000011444092,21.1666660308838,8,93.2287445068359,198,29,25.1613712310791,-3.33261871337891
"Coryphantha pallida",-97.043633,17.861384,"Balsas Basin province","Coryphantha","Mexico",24.5000019073486,22.0166664123535,9,93.3922119140625,203,31,18.8322658538818,-2.54666137695312
"Coryphantha pallida",-97.038047,17.862087,"Balsas Basin province","Coryphantha","Mexico",24.1999988555908,22.3166675567627,6,97.1952056884766,182,21,26.3628578186035,1.64637756347656
"Coryphantha pallida",-97.03256,17.865236,"Balsas Basin province","Coryphantha","Mexico",24,22.4333324432373,4,99.469367980957,162,17,24.1061496734619,-2.16375732421875
"Coryphantha pallida",-97.037047,17.867225,"Balsas Basin province","Coryphantha","Mexico",24.2000007629395,22.3999996185303,6,96.9956512451172,180,22,13.4587430953979,2.80974578857422
"Coryphantha pallida",-97.026322,17.868599,"Balsas Basin province","Coryphantha","Mexico",24,22.4833335876465,4,100.403038024902,157,16,27.1461791992188,3.15499877929688
"Coryphantha pallida",-97.023507,17.868803,"Balsas Basin province","Coryphantha","Mexico",24,22.533332824707,4,100.58415222168,152,16,29.6981906890869,-1.27733612060547
"Coryphantha pallida",-97.353651,17.873157,"Sierra Madre del Sur province","Coryphantha","Mexico",23.7000007629395,14.8999996185303,4,90.0738220214844,188,19,4.68861770629883,-0.039794921875
"Coryphantha pallida",-97.263336,17.8876,"Sierra Madre del Sur province","Coryphantha","Mexico",21.8999996185303,15.3999996185303,3,93.7455978393555,163,21,28.3349933624268,-0.443283081054688
"Coryphantha pallida",-96.982434,17.893419,"Balsas Basin province","Coryphantha","Mexico",23.9000015258789,22.1833324432373,6,98.6001892089844,174,21,18.2170524597168,0.0149688720703125
"Coryphantha pallida",-96.966619,17.902269,"Balsas Basin province","Coryphantha","Mexico",23.8999996185303,21.533332824707,10,93.6481094360352,233,37,15.9323930740356,-2.10543823242188
"Coryphantha pallida",-97.352555,17.902603,"Sierra Madre del Sur province","Coryphantha","Mexico",23.5999984741211,14.7333335876465,5,92.0188903808594,199,19,2.16931128501892,-0.0150146484375
"Coryphantha pallida",-96.970153,17.904733,"Balsas Basin province","Coryphantha","Mexico",23.7999992370605,21.8833332061768,7,96.5708618164062,198,27,6.30731105804443,1.52812194824219
"Coryphantha pallida",-97.468704,17.904863,"Sierra Madre del Sur province","Coryphantha","Mexico",21.4000015258789,13.6499996185303,6,90.6664657592773,234,27,26.7729053497314,0.90740966796875
"Coryphantha pallida",-97.453279,17.91443,"Sierra Madre del Sur province","Coryphantha","Mexico",21.5999984741211,13.8333330154419,6,91.3245010375977,232,26,4.54954767227173,0.683319091796875
"Coryphantha pallida",-97.418282,17.917166,"Sierra Madre del Sur province","Coryphantha","Mexico",22.5999984741211,14.4500007629395,6,90.6382598876953,225,25,4.60101938247681,0.11566162109375
"Coryphantha pallida",-97.009911,17.938669,"Balsas Basin province","Coryphantha","Mexico",24.0999984741211,22.6166667938232,6,98.6551208496094,179,22,1.85730493068695,0.411293029785156
"Coryphantha pallida",-97.36877,17.942429,"Sierra Madre del Sur province","Coryphantha","Mexico",23.4000015258789,14.6333332061768,5,91.4456558227539,216,22,18.6836395263672,0.041717529296875
"Coryphantha pallida",-97.014603,17.979898,"Balsas Basin province","Coryphantha","Mexico",24.5000019073486,22.033332824707,10,92.6561965942383,236,39,18.1126041412354,-2.10186004638672
"Coryphantha pallida",-97.470403,18.004478,"Sierra Madre del Sur province","Coryphantha","Mexico",23.3000011444092,17.7999992370605,6,88.6609039306641,179,33,19.0426025390625,-0.605545043945312
"Coryphantha pallida",-97.052222,18.007778,"Balsas Basin province","Coryphantha","Mexico",24.4999980926514,22.2333335876465,8,94.6839370727539,210,30,2.70308351516724,-0.328964233398438
"Coryphantha pallida",-97.653069,18.009418,"Balsas Basin province","Coryphantha","Mexico",21.2000007629395,16.1166667938232,4,94.8756866455078,229,19,21.2458343505859,-0.004486083984375
"Coryphantha pallida",-97.683144,18.027174,"Balsas Basin province","Coryphantha","Mexico",20.8999996185303,16,5,95.6759490966797,236,19,9.24069881439209,-2.247314453125
"Coryphantha pallida",-97.024667,18.028833,"Balsas Basin province","Coryphantha","Mexico",24,21.0499992370605,19,86.9522018432617,335,76,30.4263610839844,-3.6015625
"Coryphantha pallida",-97.116158,18.048411,"Balsas Basin province","Coryphantha","Mexico",24.6999988555908,22.0833320617676,7,96.6302337646484,199,23,5.42501735687256,-0.272697448730469
"Coryphantha pallida",-97.04788,18.05105,"Balsas Basin province","Coryphantha","Mexico",25.6000003814697,21.283332824707,14,88.0856628417969,262,52,9.36713314056396,-4.7020263671875
"Coryphantha pallida",-97.080556,18.072222,"Balsas Basin province","Coryphantha","Mexico",25.4000015258789,21.9833335876465,10,91.7263793945312,231,37,7.81047630310059,-1.57859039306641
"Coryphantha pallida",-97.167,18.083,"Balsas Basin province","Coryphantha","Mexico",25.4000015258789,21.4500007629395,5,96.4346008300781,166,17,10.143648147583,-0.196037292480469
"Coryphantha pallida",-97.016616,18.090218,"Sierra Madre del Sur province","Coryphantha","Mexico",21.3999996185303,16.9166660308838,15,92.2684478759766,358,69,24.1460990905762,-2.70672607421875
"Coryphantha pallida",-97.623889,18.103333,"Balsas Basin province","Coryphantha","Mexico",21,15.5999994277954,4,98.1780090332031,226,15,17.9357089996338,2.55430603027344
"Coryphantha pallida",-97.163558,18.124172,"Balsas Basin province","Coryphantha","Mexico",25.7000007629395,21.8333339691162,6,96.3969573974609,177,19,19.210298538208,3.16049194335938
"Coryphantha pallida",-97.058888,18.129999,"Balsas Basin province","Coryphantha","Mexico",26.5,20.783332824707,15,87.3869857788086,254,54,23.7114410400391,0.0771026611328125
"Coryphantha pallida",-97.166497,18.167147,"Balsas Basin province","Coryphantha","Mexico",26.2000007629395,21.6333332061768,4,95.5000686645508,162,16,3.73174595832825,-0.0299911499023438
"Coryphantha retusa",-96.586652,16.186773,"Sierra Madre del Sur province","Coryphantha","Mexico",14.9000005722046,16.4500007629395,5,94.2218017578125,148,34,29.1097965240479,0.341705322265625
"Coryphantha retusa",-96.729281,16.208367,"Sierra Madre del Sur province","Coryphantha","Mexico",16.3999996185303,17.8833332061768,4,94.4810409545898,323,24,8.6086254119873,6.0352783203125
"Coryphantha retusa",-96.473454,16.20954,"Sierra Madre del Sur province","Coryphantha","Mexico",15.5000009536743,15.9499998092651,9,89.1439208984375,325,52,27.7575569152832,-1.61798095703125
"Coryphantha retusa",-96.689381,16.21969,"Sierra Madre del Sur province","Coryphantha","Mexico",14.8000011444092,14.9499998092651,8,92.0526351928711,351,43,15.4078712463379,-0.419158935546875
"Coryphantha retusa",-96.779069,16.226694,"Sierra Madre del Sur province","Coryphantha","Mexico",18,19.1833324432373,4,94.072883605957,374,29,19.4829998016357,-2.700439453125
"Coryphantha retusa",-96.762657,16.236555,"Sierra Madre del Sur province","Coryphantha","Mexico",18,19.0166664123535,3,94.0508193969727,336,23,17.7021350860596,4.6116943359375
"Coryphantha retusa",-96.713027,16.244274,"Sierra Madre del Sur province","Coryphantha","Mexico",16.6000003814697,16.7666664123535,7,92.9584655761719,324,35,18.2414627075195,1.22805786132812
"Coryphantha retusa",-96.765612,16.248773,"Sierra Madre del Sur province","Coryphantha","Mexico",17.9000015258789,18.8999996185303,3,93.9893112182617,324,22,29.2400398254395,-3.15066528320312
"Coryphantha retusa",-96.678957,16.254835,"Sierra Madre del Sur province","Coryphantha","Mexico",16.5,15.8500003814697,10,89.3943786621094,322,52,15.8670978546143,-1.8656005859375
"Coryphantha retusa",-96.634426,16.262185,"Sierra Madre del Sur province","Coryphantha","Mexico",16.7999992370605,16.5833339691162,11,87.1624145507812,301,53,20.4804782867432,-3.89712524414062
"Coryphantha retusa",-96.600389,16.264666,"Sierra Madre del Sur province","Coryphantha","Mexico",17.3999996185303,17.6499996185303,9,88.7197799682617,279,41,15.209792137146,0.555633544921875
"Coryphantha retusa",-96.75059,16.274029,"Sierra Madre del Sur province","Coryphantha","Mexico",17.9000015258789,18.2999992370605,3,95.1612548828125,309,22,28.9280776977539,3.70115661621094
"Coryphantha retusa",-96.750986,16.280339,"Sierra Madre del Sur province","Coryphantha","Mexico",18,18.2333335876465,4,94.7942352294922,307,23,30.6976928710938,-2.26434326171875
"Coryphantha retusa",-96.668955,16.296019,"Sierra Madre del Sur province","Coryphantha","Mexico",17.2999992370605,16.3999996185303,9,89.0233383178711,308,51,26.4790725708008,2.83737182617188
"Coryphantha retusa",-96.68197,16.296925,"Sierra Madre del Sur province","Coryphantha","Mexico",17.2999992370605,16.2333335876465,9,89.9313659667969,311,48,8.37417888641357,-4.29354858398438
"Coryphantha retusa",-96.705809,16.302235,"Sierra Madre del Sur province","Coryphantha","Mexico",17.5999984741211,16.8500003814697,8,91.4585647583008,302,38,10.7218389511108,-4.12283325195312
"Coryphantha retusa",-96.784673,16.304107,"Sierra Madre del Sur province","Coryphantha","Mexico",18.9000015258789,19.4833335876465,3,94.5360488891602,324,20,11.9018850326538,0.0986175537109375
"Coryphantha retusa",-96.674658,16.304718,"Sierra Madre del Sur province","Coryphantha","Mexico",17.7000007629395,16.8333339691162,8,89.6416244506836,297,44,8.05831718444824,1.55551147460938
"Coryphantha retusa",-96.763569,16.343695,"Sierra Madre del Sur province","Coryphantha","Mexico",17.7000007629395,17.7000007629395,6,93.9994125366211,125,33,11.6415205001831,0.2587890625
"Coryphantha retusa",-96.747113,16.343882,"Sierra Madre del Sur province","Coryphantha","Mexico",18.8999996185303,18.4333324432373,4,93.792839050293,282,22,9.03870582580566,0.419601440429688
"Coryphantha retusa",-96.669294,16.345911,"Balsas Basin province","Coryphantha","Mexico",19.5999984741211,19,3,93.4205780029297,248,15,6.83869647979736,0.3828125
"Coryphantha retusa",-96.696139,16.348196,"Sierra Madre del Sur province","Coryphantha","Mexico",19,18.5,4,93.4760665893555,263,21,15.0833873748779,0.752090454101562
"Coryphantha retusa",-96.734461,16.348572,"Balsas Basin province","Coryphantha","Mexico",19.1000003814697,18.6499996185303,4,93.1369552612305,278,21,5.07068204879761,-0.713592529296875
"Coryphantha retusa",-96.52955,16.35797,"Balsas Basin province","Coryphantha","Mexico",20.2999992370605,20.5833339691162,1,97.2949066162109,198,9,4.96073293685913,0.333343505859375
"Coryphantha retusa",-96.644094,16.36533,"Balsas Basin province","Coryphantha","Mexico",20.2000007629395,19.8166656494141,2,94.655158996582,248,12,7.60148286819458,-0.0954437255859375
"Coryphantha retusa",-96.730836,16.366378,"Balsas Basin province","Coryphantha","Mexico",19.6999988555908,19.1499996185303,3,92.5840911865234,272,20,2.1969313621521,0.204025268554688
"Coryphantha retusa",-96.793307,16.385185,"Sierra Madre del Sur province","Coryphantha","Mexico",17.5,17.7666664123535,4,95.1724166870117,124,29,19.9245872497559,0.65325927734375
"Coryphantha retusa",-96.774484,16.388843,"Sierra Madre del Sur province","Coryphantha","Mexico",18,17.9166660308838,5,93.3271560668945,291,29,22.0252571105957,1.76864624023438
"Coryphantha retusa",-96.671,16.390363,"Balsas Basin province","Coryphantha","Mexico",20.2000007629395,20.1499996185303,1,96.1612319946289,260,11,4.49507570266724,0.201461791992188
"Coryphantha retusa",-96.676417,16.39522,"Balsas Basin province","Coryphantha","Mexico",20.2000007629395,20.2666664123535,1,97.2468490600586,263,9,3.45545363426208,0.281600952148438
"Coryphantha retusa",-96.798903,16.398957,"Sierra Madre del Sur province","Coryphantha","Mexico",17.2000007629395,17.6333332061768,5,94.3211212158203,124,33,26.2843723297119,-1.93548583984375
"Coryphantha retusa",-96.395811,16.404557,"Pacific Lowlands province","Coryphantha","Mexico",18.8000011444092,20.6000003814697,3,98.4733047485352,171,11,11.3159532546997,0.24822998046875
"Coryphantha retusa",-96.387367,16.420578,"Sierra Madre del Sur province","Coryphantha","Mexico",18.7999992370605,21.0499992370605,3,97.1207809448242,191,13,18.0838527679443,-3.13340759277344
"Coryphantha retusa",-96.668726,16.473221,"Balsas Basin province","Coryphantha","Mexico",19.8999996185303,19.7999992370605,1,94.7726974487305,237,12,14.4195833206177,2.16192626953125
"Coryphantha retusa",-95.564298,16.481942,"Pacific Lowlands province","Coryphantha","Mexico",17.6999988555908,24.8333339691162,0,114.725601196289,173,3,5.13000726699829,-3.27633285522461
"Coryphantha retusa",-96.442042,16.584968,"Balsas Basin province","Coryphantha","Mexico",20.1999988555908,20.8833332061768,3,96.7375259399414,257,13,13.0178871154785,-0.671295166015625
"Coryphantha retusa",-96.922822,16.728566,"Sierra Madre del Sur province","Coryphantha","Mexico",16.5,15.5833330154419,5,91.1311569213867,280,49,37.0379409790039,-0.892547607421875
"Coryphantha retusa",-96.582395,16.806049,"Balsas Basin province","Coryphantha","Mexico",18.4000015258789,17.5666656494141,4,89.3190078735352,107,31,20.6316699981689,-2.45704650878906
"Coryphantha retusa",-96.258311,16.836327,"Sierra Madre del Sur province","Coryphantha","Mexico",18.5,18.0833339691162,3,93.9562683105469,252,23,34.8519477844238,-7.28018188476562
"Coryphantha retusa",-96.36525,16.83638,"Sierra Madre del Sur province","Coryphantha","Mexico",19.2000007629395,17.5833339691162,1,94.1696548461914,242,18,11.7794408798218,0.654647827148438
"Coryphantha retusa",-96.328638,16.839375,"Sierra Madre del Sur province","Coryphantha","Mexico",16.6000003814697,16.0166664123535,2,94.3119049072266,104,27,14.1737470626831,-5.30252075195312
"Coryphantha retusa",-96.311414,16.840153,"Sierra Madre del Sur province","Coryphantha","Mexico",18.6000003814697,17.5833339691162,1,95.3525619506836,244,16,33.9682998657227,-0.547683715820312
"Coryphantha retusa",-96.277268,16.864492,"Sierra Madre del Sur province","Coryphantha","Mexico",19.7000007629395,18.75,3,94.1548461914062,276,22,23.5091896057129,2.4488525390625
"Coryphantha retusa",-96.593995,16.882629,"Balsas Basin province","Coryphantha","Mexico",20.3999996185303,17.7333335876465,2,92.7421417236328,264,20,17.4799728393555,0.815109252929688
"Coryphantha retusa",-96.413092,16.892427,"Balsas Basin province","Coryphantha","Mexico",21.6000003814697,18.966667175293,2,92.0997619628906,268,20,3.66200685501099,-0.08245849609375
"Coryphantha retusa",-96.596576,16.899499,"Balsas Basin province","Coryphantha","Mexico",20.5999984741211,18.0166664123535,1,93.9343719482422,261,19,17.4653911590576,2.09309387207031
"Coryphantha retusa",-96.331555,16.922417,"Balsas Basin province","Coryphantha","Mexico",19.8999996185303,17.8999996185303,2,93.9187393188477,274,21,6.41243648529053,0.322128295898438
"Coryphantha retusa",-96.39914,16.93433,"Sierra Madre del Sur province","Coryphantha","Mexico",21,18.8500003814697,2,91.6836624145508,277,12,4.55298471450806,0.616561889648438
"Coryphantha retusa",-96.40061,16.93942,"Sierra Madre del Sur province","Coryphantha","Mexico",20.4000015258789,18.466667175293,2,91.3739624023438,268,24,15.2884387969971,-0.650283813476562
"Coryphantha retusa",-96.44144,16.99644,"Balsas Basin province","Coryphantha","Mexico",20.7000007629395,18.0833339691162,3,90.452507019043,283,25,1.65045964717865,0.0957794189453125
"Coryphantha retusa",-96.516889,17.041194,"Balsas Basin province","Coryphantha","Mexico",20.5,17.7000007629395,2,90.4635925292969,272,23,6.96225500106812,-3.24150085449219
"Coryphantha retusa",-96.95657,17.192402,"Sierra Madre del Sur province","Coryphantha","Mexico",18.6000003814697,15.6833333969116,4,93.3322677612305,253,29,25.3713436126709,1.4197998046875
"Coryphantha retusa",-96.976846,17.374084,"Sierra Madre del Sur province","Coryphantha","Mexico",21.3999996185303,17.1333332061768,5,91.6468658447266,250,34,16.5753726959229,-3.1104736328125
"Coryphantha retusa",-97.457032,17.43368,"Sierra Madre del Sur province","Coryphantha","Mexico",18.6000003814697,11.5833330154419,6,94.6711349487305,272,27,11.1224002838135,0.6612548828125
"Coryphantha retusa",-97.221056,17.47375,"Sierra Madre del Sur province","Coryphantha","Mexico",22,15.1999998092651,1,96.3438491821289,223,12,0.916692912578583,-2.11309814453125
"Coryphantha retusa",-97.861972,17.633357,"Balsas Basin province","Coryphantha","Mexico",23.0999984741211,18.6000003814697,4,95.2552490234375,237,16,10.0174446105957,-0.725875854492188
"Coryphantha retusa",-97.821575,17.634339,"Balsas Basin province","Coryphantha","Mexico",23.9999980926514,19.1499996185303,3,94.5802230834961,244,15,4.02090120315552,0.590011596679688
"Coryphantha retusa",-97.631421,17.679703,"Sierra Madre del Sur province","Coryphantha","Mexico",21.7999992370605,15.6499996185303,3,93.5790634155273,246,12,9.80531787872314,2.11428833007812
"Coryphantha retusa",-97.838108,17.686627,"Balsas Basin province","Coryphantha","Mexico",23.6000022888184,19.4500007629395,3,95.2006072998047,238,14,0.848055362701416,0.0136566162109375
"Coryphantha retusa",-97.774907,17.704439,"Balsas Basin province","Coryphantha","Mexico",23,18.783332824707,4,95.2956848144531,236,15,15.6600246429443,-2.7269287109375
"Coryphantha retusa",-97.646472,17.709694,"Sierra Madre del Sur province","Coryphantha","Mexico",21.7999992370605,16.2000007629395,4,93.0218887329102,246,13,11.4305362701416,-8.04925537109375
"Coryphantha retusa",-97.497462,17.726874,"Sierra Madre del Sur province","Coryphantha","Mexico",22.3999996185303,14.2333335876465,4,90.8173141479492,239,22,4.96674823760986,-1.13211059570312
"Coryphantha retusa",-97.637199,17.75247,"Sierra Madre del Sur province","Coryphantha","Mexico",21.2000007629395,15.6666669845581,3,94.8491821289062,247,18,12.399808883667,1.6671142578125
"Coryphantha retusa",-97.204134,17.757392,"Sierra Madre del Sur province","Coryphantha","Mexico",18,10.466667175293,8,91.134880065918,242,39,9.61179351806641,-0.222503662109375
"Coryphantha retusa",-97.936522,17.787316,"Balsas Basin province","Coryphantha","Mexico",21.7000007629395,18.25,7,95.0954055786133,258,26,25.582145690918,0.28179931640625
"Coryphantha retusa",-97.757694,17.80997,"Balsas Basin province","Coryphantha","Mexico",23.8000011444092,19.1000003814697,5,94.6744995117188,216,18,0.535835444927216,-0.24530029296875
"Coryphantha retusa",-97.483333,17.816667,"Sierra Madre del Sur province","Coryphantha","Mexico",22.2999992370605,14.1000003814697,4,91.716552734375,232,23,14.9665050506592,1.40420532226562
"Coryphantha retusa",-97.79655,17.82216,"Balsas Basin province","Coryphantha","Mexico",23.5,18.7666664123535,5,94.1032409667969,223,28,5.36613464355469,-0.412353515625
"Coryphantha retusa",-97.270286,17.842921,"Sierra Madre del Sur province","Coryphantha","Mexico",23.1000003814697,15.8166666030884,4,93.39599609375,161,20,3.77214312553406,0.0508880615234375
"Coryphantha retusa",-97.797944,17.852417,"Balsas Basin province","Coryphantha","Mexico",23,18.0833339691162,5,94.2102127075195,226,26,9.51812934875488,-2.64248657226562
"Coryphantha retusa",-97.451119,17.865837,"Sierra Madre del Sur province","Coryphantha","Mexico",22.3000011444092,14,7,89.577018737793,230,28,13.4961671829224,-1.1036376953125
"Coryphantha retusa",-97.523096,17.887979,"Sierra Madre del Sur province","Coryphantha","Mexico",19,11.4333333969116,8,90.58544921875,254,32,24.3375072479248,-0.544769287109375
"Coryphantha retusa",-97.606674,17.899794,"Sierra Madre del Sur province","Coryphantha","Mexico",20.1999988555908,13.5833330154419,3,97.165283203125,250,14,38.8141632080078,1.64862060546875
"Coryphantha retusa",-98.012046,17.906906,"Balsas Basin province","Coryphantha","Mexico",22.5000019073486,20.4166660308838,6,97.3781433105469,221,23,4.25905418395996,1.66819763183594
"Coryphantha retusa",-97.660942,17.911767,"Sierra Madre del Sur province","Coryphantha","Mexico",21.9000015258789,16.7000007629395,4,96.1374969482422,240,16,43.3805732727051,-6.125244140625
"Coryphantha retusa",-98.16772,17.936586,"Balsas Basin province","Coryphantha","Mexico",23.1000003814697,21.8833332061768,2,101.886100769043,230,14,32.9755516052246,4.42591857910156
"Coryphantha retusa",-97.563416,17.942117,"Sierra Madre del Sur province","Coryphantha","Mexico",19.4000015258789,12.3833332061768,3,96.0191421508789,246,17,32.6577033996582,-1.51254272460938
"Coryphantha retusa",-97.446491,17.942188,"Sierra Madre del Sur province","Coryphantha","Mexico",22.1999988555908,14.8333330154419,5,92.6140213012695,223,20,38.8227386474609,-2.80621337890625
"Coryphantha retusa",-97.634523,17.947183,"Sierra Madre del Sur province","Coryphantha","Mexico",21.2999992370605,16.3333339691162,3,95.4828186035156,224,17,28.0983829498291,-0.1549072265625
"Coryphantha retusa",-97.399666,17.988563,"Sierra Madre del Sur province","Coryphantha","Mexico",23.6000003814697,16.216667175293,4,92.2288513183594,191,21,24.0336761474609,-0.532424926757812
"Coryphantha retusa",-97.257065,18.008094,"Sierra Madre del Sur province","Coryphantha","Mexico",25,18.4833335876465,7,89.1733627319336,179,43,29.3769454956055,4.41358947753906
"Coryphantha retusa",-97.650602,18.023779,"Balsas Basin province","Coryphantha","Mexico",21,15.533332824707,4,96.2837600708008,239,17,24.5678005218506,-0.187042236328125
"Coryphantha retusa",-97.692833,18.05925,"Balsas Basin province","Coryphantha","Mexico",20.7999992370605,16.8833332061768,5,96.8956069946289,220,19,4.68506050109863,-1.43399047851562
"Coryphantha retusa",-97.728674,18.078117,"Balsas Basin province","Coryphantha","Mexico",20.7000007629395,17.25,4,97.6725692749023,226,17,4.77677726745605,0.153778076171875
"Coryphantha retusa",-97.623198,18.096336,"Balsas Basin province","Coryphantha","Mexico",21.1000003814697,15.7333335876465,3,98.3053588867188,223,14,7.66316175460815,2.0745849609375
"Coryphantha retusa",-97.796463,18.106955,"Balsas Basin province","Coryphantha","Mexico",21,19.1166667938232,5,94.9978179931641,180,21,16.7400741577148,0.710479736328125
"Coryphantha retusa",-97.645804,18.143345,"Balsas Basin province","Coryphantha","Mexico",20.8000011444092,16.2666664123535,4,98.0728302001953,227,15,18.170841217041,1.05426025390625
"Coryphantha retusa",-97.6625,18.203083,"Balsas Basin province","Coryphantha","Mexico",20.6000003814697,16.8500003814697,4,96.9214630126953,223,14,6.5115852355957,-0.197555541992188
"Coryphantha retusa",-97.658611,18.20875,"Balsas Basin province","Coryphantha","Mexico",20.7000007629395,16.7999992370605,4,96.9214630126953,223,14,23.0343379974365,0.179336547851562
"Disocactus ackermannii",-95.528055,16.684167,"Pacific Lowlands province","Disocactus","Mexico",17.8999996185303,22.8666667938232,6,97.0417709350586,210,35,15.4433555603027,3.6658935546875
"Disocactus ackermannii",-97.620699,17.046725,"Sierra Madre del Sur province","Disocactus","Mexico",19.3999996185303,12.9333333969116,7,101.012817382812,332,26,9.71573543548584,-0.404327392578125
"Disocactus ackermannii",-96.083,17.233,"Sierra Madre del Sur province","Disocactus","Mexico",14.4000005722046,13.216667175293,23,81.0003204345703,359,165,20.0829238891602,2.61932373046875
"Disocactus ackermannii",-96.553333,17.533333,"Sierra Madre del Sur province","Disocactus","Mexico",19.2000007629395,15.1833333969116,27,84.7129211425781,498,248,9.31481552124023,-4.13143920898438
"Disocactus ackermannii",-96.38444,17.53917,"Sierra Madre del Sur province","Disocactus","Mexico",16.6000003814697,14.6999998092651,44,79.9840087890625,604,383,30.1638317108154,5.06379699707031
"Disocactus ackermannii",-96.947222,17.592778,"Balsas Basin province","Disocactus","Mexico",22.5999984741211,19.716667175293,13,90.1902236938477,287,41,40.4781913757324,-3.2430419921875
"Disocactus ackermannii",-96.5438,17.61517,"Sierra Madre del Sur province","Disocactus","Mexico",15,11.1333332061768,17,84.9001312255859,319,120,16.8582324981689,-4.89126586914062
"Disocactus ackermannii",-96.5389,17.63267,"Sierra Madre del Sur province","Disocactus","Mexico",14.6999988555908,11.1666669845581,17,85.9282150268555,325,123,17.079065322876,0.626953125
"Disocactus ackermannii",-96.55667,17.665,"Sierra Madre del Sur province","Disocactus","Mexico",14.8999996185303,11.6333332061768,20,82.3038787841797,338,170,8.68057346343994,2.83978271484375
"Disocactus ackermannii",-96.55277,17.66944,"Sierra Madre del Sur province","Disocactus","Mexico",15.6000003814697,12.5333337783813,25,81.7219314575195,408,235,26.4144039154053,0.419281005859375
"Disocactus ackermannii",-96.67639,17.73944,"Sierra Madre del Sur province","Disocactus","Mexico",15.5000009536743,12.6999998092651,17,87.2029037475586,329,146,5.57564496994019,4.68820190429688
"Disocactus ackermannii",-96.67361,17.74028,"Sierra Madre del Sur province","Disocactus","Mexico",16.0999984741211,13.6333332061768,23,84.8473739624023,394,204,14.3525791168213,2.39932250976562
"Disocactus ackermannii",-96.92778,17.90833,"Sierra Madre del Sur province","Disocactus","Mexico",21.3999977111816,18.5499992370605,18,92.4074859619141,377,76,27.7306423187256,-2.02491760253906
"Disocactus ackermannii",-96.9252,17.91097,"Sierra Madre del Sur province","Disocactus","Mexico",22.1999988555908,19.1499996185303,22,89.5017318725586,390,90,24.5588512420654,4.51588439941406
"Disocactus ackermannii",-96.799522,17.925444,"Sierra Madre del Sur province","Disocactus","Mexico",19.0999984741211,14.4833335876465,23,88.0229110717773,428,132,21.2083740234375,-1.16764831542969
"Disocactus ackermannii",-96.952833,17.993167,"Sierra Madre del Sur province","Disocactus","Mexico",19.2999992370605,16.4333343505859,12,93.667236328125,309,105,17.8662624359131,-1.19563293457031
"Disocactus ackermannii",-96.7548,18.06578,"Sierra Madre del Sur province","Disocactus","Mexico",16.8999996185303,14,24,86.9051361083984,421,161,11.8541669845581,2.54925537109375
"Disocactus ackermannii",-96.935333,18.121611,"Sierra Madre del Sur province","Disocactus","Mexico",16.6999988555908,11.7166662216187,15,87.7707214355469,317,154,8.15596008300781,4.32476806640625
"Disocactus ackermannii",-96.958333,18.141667,"Sierra Madre del Sur province","Disocactus","Mexico",18,12.8000001907349,16,87.8889999389648,341,166,26.0446033477783,5.462646484375
"Disocactus ackermannii",-96.998049,18.1656841,"Sierra Madre del Sur province","Disocactus","Mexico",17.1000003814697,10.7333335876465,13,88.9290008544922,306,131,8.59131240844727,1.50387573242188
"Disocactus speciosus",-96.374366,15.900916,"Sierra Madre del Sur province","Disocactus","No",14.2000007629395,22.8333339691162,4,103.287063598633,538,17,18.2161808013916,-2.22708892822266
"Disocactus speciosus",-96.375023,15.901246,"Sierra Madre del Sur province","Disocactus","No",14.2000007629395,22.7333335876465,4,103.180999755859,540,17,6.08981370925903,-5.25291061401367
"Disocactus speciosus",-96.12469,16.00864,"Sierra Madre del Sur province","Disocactus","No",12.6999998092651,20.6499996185303,9,94.14794921875,429,37,34.9115104675293,-1.88748168945312
"Disocactus speciosus",-96.11289,16.01386,"Sierra Madre del Sur province","Disocactus","No",12.7000007629395,20.8833332061768,9,94.2445602416992,435,40,34.9377861022949,-0.771011352539062
"Disocactus speciosus",-96.5058,16.06139,"Sierra Madre del Sur province","Disocactus","No",13.5000009536743,16.6499996185303,6,92.1640548706055,383,42,17.5501136779785,-3.78326416015625
"Disocactus speciosus",-96.511694,16.069806,"Sierra Madre del Sur province","Disocactus","No",13.1999988555908,15.8999996185303,6,92.4401321411133,381,41,28.410623550415,1.12274169921875
"Disocactus speciosus",-96.47802,16.0852,"Sierra Madre del Sur province","Disocactus","No",13.6999998092651,15.6499996185303,7,92.1455917358398,377,42,20.4626731872559,-0.611480712890625
"Disocactus speciosus",-96.487783,16.091922,"Sierra Madre del Sur province","Disocactus","No",13.3000001907349,14.8666667938232,7,92.0959930419922,376,40,18.0015525817871,-1.8201904296875
"Disocactus speciosus",-96.23806,16.1345,"Sierra Madre del Sur province","Disocactus","No",13.4000005722046,15.4166660308838,4,95.4942779541016,378,30,28.39111328125,-3.00830078125
"Disocactus speciosus",-96.440201,16.1383,"Sierra Madre del Sur province","Disocactus","No",14.6000003814697,15.5666666030884,4,94.5739059448242,364,33,26.9186496734619,-1.90679931640625
"Disocactus speciosus",-96.500345,16.178687,"Sierra Madre del Sur province","Disocactus","No",13.8999996185303,14.7666664123535,8,92.2438201904297,366,41,12.1462373733521,1.29940795898438
"Disocactus speciosus",-96.515358,16.186245,"Sierra Madre del Sur province","Disocactus","No",14.3999996185303,15.5833330154419,9,91.4894638061523,352,45,13.1806602478027,1.8865966796875
"Disocactus speciosus",-96.505806,16.197107,"Sierra Madre del Sur province","Disocactus","No",14.9000005722046,15.8999996185303,11,89.9291915893555,343,53,14.9909400939941,1.87277221679688
"Disocactus speciosus",-96.675666,16.24845,"Sierra Madre del Sur province","Disocactus","No",16.2000007629395,15.5333337783813,10,89.7398834228516,329,52,6.43833065032959,0.861083984375
"Disocactus speciosus",-96.65715,16.253721,"Sierra Madre del Sur province","Disocactus","No",16.0999984741211,15.6499996185303,12,87.834098815918,326,61,22.3287982940674,1.9154052734375
"Disocactus speciosus",-96.659042,16.254196,"Sierra Madre del Sur province","Disocactus","No",15.8999996185303,15.3333330154419,12,88.0712890625,332,62,25.1164665222168,-2.6470947265625
"Disocactus speciosus",-96.657033,16.2715,"Sierra Madre del Sur province","Disocactus","No",16.7000007629395,16.1666660308838,11,88.2717590332031,313,54,36.9351921081543,-0.9967041015625
"Disocactus speciosus",-95.591667,16.275,"Pacific Lowlands province","Disocactus","No",14.8999996185303,21.4500007629395,2,103.009567260742,286,11,27.7497234344482,2.8822021484375
"Disocactus speciosus",-96.684761,16.279995,"Sierra Madre del Sur province","Disocactus","No",16.8999996185303,15.7666664123535,10,90.1445770263672,320,49,4.21041679382324,-5.43942260742188
"Disocactus speciosus",-95.91561,16.29819,"Sierra Madre del Sur province","Disocactus","No",16,21.1000003814697,4,102.478950500488,276,20,23.1452713012695,-5.30557250976562
"Disocactus speciosus",-97.066591,16.529858,"Sierra Madre del Sur province","Disocactus","No",15.7999992370605,15.4499998092651,6,97.2739334106445,322,45,15.8848695755005,0.899078369140625
"Disocactus speciosus",-97.21733,16.70392,"Sierra Madre del Sur province","Disocactus","No",14.9999990463257,13.466667175293,9,92.9291076660156,318,64,21.4013710021973,-2.66619873046875
"Disocactus speciosus",-97.138353,16.713644,"Sierra Madre del Sur province","Disocactus","No",14.7000007629395,12.8500003814697,10,91.4375457763672,306,68,24.336462020874,6.1455078125
"Disocactus speciosus",-97.21936,16.72867,"Sierra Madre del Sur province","Disocactus","No",15.0000009536743,12.6999998092651,7,96.0918045043945,316,50,6.87068128585815,0.20599365234375
"Disocactus speciosus",-97.62944,16.75556,"Sierra Madre del Sur province","Disocactus","No",15.8000001907349,13.9500007629395,10,101.431213378906,372,33,10.7887201309204,1.4215087890625
"Disocactus speciosus",-97.2976,16.78356,"Sierra Madre del Sur province","Disocactus","No",15.6000003814697,14.3000001907349,8,96.3562622070312,325,46,29.763334274292,1.410888671875
"Disocactus speciosus",-97.31217,16.78475,"Sierra Madre del Sur province","Disocactus","No",15.3000001907349,14,8,97.5277786254883,323,42,40.568489074707,-2.00262451171875
"Disocactus speciosus",-97.208515,16.819534,"Sierra Madre del Sur province","Disocactus","No",17.2999992370605,15.6666660308838,7,96.9403915405273,328,29,23.7277736663818,-0.41363525390625
"Disocactus speciosus",-97.580789,16.849748,"Sierra Madre del Sur province","Disocactus","No",18.1000003814697,17.3333339691162,8,99.9348297119141,409,29,0.695530354976654,-0.452407836914062
"Disocactus speciosus",-97.62353,16.91486,"Sierra Madre del Sur province","Disocactus","No",18.5,14.3166666030884,8,103.034614562988,362,29,11.1642732620239,1.05841064453125
"Disocactus speciosus",-97.78042,17.03347,"Sierra Madre del Sur province","Disocactus","No",17.1000003814697,14.3833332061768,10,95.9925689697266,354,34,5.4568018913269,-0.5107421875
"Disocactus speciosus",-96.768621,17.069038,"Balsas Basin province","Disocactus","No",23.1000003814697,19.5666656494141,3,92.9219665527344,247,18,10.3235845565796,0.2703857421875
"Disocactus speciosus",-98.046111,17.263611,"Sierra Madre del Sur province","Disocactus","No",19.2999992370605,15.283332824707,7,98.5825576782227,336,28,8.89917850494385,1.93014526367188
"Disocactus speciosus",-97.497694,17.832806,"Sierra Madre del Sur province","Disocactus","No",21.5,13.4333333969116,7,89.1238174438477,239,32,14.3631134033203,-1.3299560546875
"Echinocactus platyacanthus",-96.39259,16.813726,"Balsas Basin province","Echinocactus","Mexico",20.5,18.533332824707,2,93.4250869750977,248,17,11.4918479919434,-2.02922058105469
"Echinocactus platyacanthus",-96.355803,16.905252,"Balsas Basin province","Echinocactus","Mexico",20.1000003814697,18.0666675567627,2,94.0871353149414,269,18,4.8933482170105,-0.04949951171875
"Echinocactus platyacanthus",-96.355264,16.9484,"Sierra Madre del Sur province","Echinocactus","Mexico",18.7999992370605,17.5499992370605,2,92.641471862793,117,26,21.6371326446533,3.76101684570312
"Echinocactus platyacanthus",-96.350874,16.971713,"Sierra Madre del Sur province","Echinocactus","Mexico",17.1000003814697,15.5,3,94.4390106201172,105,29,32.9672203063965,-1.11898803710938
"Echinocactus platyacanthus",-96.375434,16.976659,"Sierra Madre del Sur province","Echinocactus","Mexico",16.2999992370605,14.5166664123535,3,91.8930511474609,118,36,4.89671754837036,0.367523193359375
"Echinocactus platyacanthus",-96.676595,17.092677,"Balsas Basin province","Echinocactus","Mexico",21.7000007629395,18.6333332061768,4,91.1210479736328,244,21,11.3134355545044,0.333755493164062
"Echinocactus platyacanthus",-96.794554,17.098586,"Balsas Basin province","Echinocactus","Mexico",23.5,19.6999988555908,3,93.3334884643555,249,18,3.6640830039978,-0.892105102539062
"Echinocactus platyacanthus",-96.713138,17.12146,"Sierra Madre del Sur province","Echinocactus","Mexico",20.5,17.5,4,88.6623229980469,256,31,8.68122005462646,1.117431640625
"Echinocactus platyacanthus",-96.644152,17.195402,"Sierra Madre del Sur province","Echinocactus","Mexico",13.6000003814697,9.35000038146973,11,83.7755126953125,330,63,10.3792028427124,4.52951049804688
"Echinocactus platyacanthus",-97.20622,17.753643,"Sierra Madre del Sur province","Echinocactus","Mexico",18,10.466667175293,8,91.134880065918,242,39,5.44682788848877,0.413970947265625
"Echinocactus platyacanthus",-96.943362,17.79516,"Balsas Basin province","Echinocactus","Mexico",23.8999996185303,21.3500003814697,17,87.9928970336914,277,53,17.0640411376953,-3.47509765625
"Echinocactus platyacanthus",-96.848498,17.924003,"Sierra Madre del Sur province","Echinocactus","Mexico",16.2000007629395,11.1500005722046,12,91.9190444946289,271,89,19.4391174316406,1.28793334960938
"Echinocactus platyacanthus",-97.404272,17.925257,"Sierra Madre del Sur province","Echinocactus","Mexico",22.7999992370605,14.4499998092651,5,93.2556610107422,223,21,23.4340305328369,-0.530487060546875
"Echinocactus platyacanthus",-97.65943,18.001363,"Balsas Basin province","Echinocactus","Mexico",21.1000003814697,15.75,4,96.1101150512695,240,16,7.40451383590698,0.0560760498046875
"Echinocactus platyacanthus",-97.265518,18.00435,"Sierra Madre del Sur province","Echinocactus","Mexico",22.5999984741211,16.5,8,89.5874099731445,210,48,37.6054077148438,-0.853958129882812
"Echinocactus platyacanthus",-97.666203,18.010948,"Balsas Basin province","Echinocactus","Mexico",21.1999988555908,15.8166666030884,5,95.5063171386719,237,18,26.2542533874512,1.59988403320312
"Echinocactus platyacanthus",-97.229687,18.014696,"Balsas Basin province","Echinocactus","Mexico",25.6000003814697,19.7333335876465,6,91.1760559082031,147,29,28.581672668457,2.36012268066406
"Echinocactus platyacanthus",-97.683953,18.030295,"Balsas Basin province","Echinocactus","Mexico",20.8000011444092,15.8999996185303,4,96.6455535888672,239,17,10.8234415054321,-2.44329833984375
"Echinocactus platyacanthus",-97.741841,18.059716,"Balsas Basin province","Echinocactus","Mexico",20.5,16.716667175293,4,98.0202331542969,245,15,22.3784103393555,-0.0257415771484375
"Echinocactus platyacanthus",-97.654546,18.063092,"Balsas Basin province","Echinocactus","Mexico",20.8000011444092,14.9833335876465,4,98.6482391357422,244,15,4.4444522857666,0.014739990234375
"Echinocactus platyacanthus",-97.262042,18.090382,"Balsas Basin province","Echinocactus","Mexico",24.1000003814697,18.4500007629395,8,89.5689849853516,196,46,9.64567375183105,1.858642578125
"Echinocactus platyacanthus",-97.640102,18.102923,"Balsas Basin province","Echinocactus","Mexico",21.2000007629395,16.5666675567627,4,97.0226821899414,209,16,26.8682441711426,0.860794067382812
"Echinocactus platyacanthus",-97.338889,18.116111,"Sierra Madre del Sur province","Echinocactus","Mexico",21.8999996185303,17.1333332061768,5,92.9690933227539,201,22,26.0829124450684,-2.21539306640625
"Echinocactus platyacanthus",-97.638596,18.11974,"Balsas Basin province","Echinocactus","Mexico",20.7999992370605,15.966667175293,4,98.2012557983398,228,15,13.2619333267212,1.83131408691406
"Echinocactus platyacanthus",-97.707223,18.191151,"Balsas Basin province","Echinocactus","Mexico",21,18.6000003814697,5,94.9156951904297,185,15,21.0247344970703,-1.67608642578125
"Echinocactus platyacanthus",-97.663889,18.202778,"Balsas Basin province","Echinocactus","Mexico",20.6000003814697,16.8500003814697,4,96.9214630126953,223,14,2.32561349868774,0.32489013671875
"Echinocactus platyacanthus",-97.65517,18.20525,"Balsas Basin province","Echinocactus","Mexico",20.9000015258789,16.6499996185303,4,96.5272216796875,222,14,8.74023818969727,-0.0214385986328125
"Echinocactus platyacanthus",-97.652433,18.211533,"Balsas Basin province","Echinocactus","Mexico",20.8999996185303,16.4500007629395,4,96.590202331543,226,15,20.7140884399414,-0.44561767578125
"Echinocactus platyacanthus",-97.658333,18.225,"Balsas Basin province","Echinocactus","Mexico",21,17.1000003814697,4,96.1785583496094,209,13,7.22214698791504,-4.36930847167969
"Echinocactus platyacanthus",-97.675,18.258333,"Balsas Basin province","Echinocactus","Mexico",21.2000007629395,17.9833335876465,4,96.9609832763672,185,13,7.14309597015381,0.505783081054688
"Epiphyllum hookeri",-94.98528,16.65389,"Pacific Lowlands province","Epiphyllum","No",15.5,23.466667175293,6,107.193473815918,280,26,19.1777458190918,1.466872215271
"Epiphyllum hookeri",-95.007222,16.664722,"Pacific Lowlands province","Epiphyllum","No",15.3000011444092,23.4333343505859,6,108.724769592285,280,22,9.78206920623779,0.768178939819336
"Epiphyllum hookeri",-94.978889,16.742972,"Pacific Lowlands province","Epiphyllum","No",16.5999984741211,23.0499992370605,16,87.867057800293,285,98,36.9710426330566,1.39923858642578
"Epiphyllum hookeri",-95.599609,17.296775,"Veracruzan province","Epiphyllum","No",17.6000003814697,21.8833332061768,33,94.0680847167969,517,156,2.3339467048645,0.474044799804688
"Epiphyllum hookeri",-95.683333,17.333333,"Veracruzan province","Epiphyllum","No",17.9000015258789,21.7000007629395,32,92.955940246582,534,153,4.74001502990723,0.602603912353516
"Epiphyllum hookeri",-96.250839,17.466136,"Sierra Madre del Sur province","Epiphyllum","No",19.5999984741211,19.8999996185303,37,82.9687728881836,500,145,33.8197479248047,1.3245735168457
"Epiphyllum hookeri",-96.279444,17.523056,"Sierra Madre del Sur province","Epiphyllum","No",19.1999988555908,20.4333343505859,42,81.2220993041992,569,171,37.0798683166504,4.04632949829102
"Epiphyllum hookeri",-96.5454664,17.5728339,"Sierra Madre del Sur province","Epiphyllum","No",19.1000003814697,14.7333335876465,32,86.6735992431641,572,278,17.5968189239502,-6.94647216796875
"Epiphyllum hookeri",-96.24817,17.720727,"Veracruzan province","Epiphyllum","No",18.6000022888184,21.6000003814697,74,76.8047485351562,841,313,26.1869049072266,3.76832008361816
"Epiphyllum hookeri",-96.390266,17.729394,"Veracruzan province","Epiphyllum","No",18.6999988555908,20.8833332061768,55,78.5269470214844,617,229,10.563099861145,7.06970977783203
"Epiphyllum hookeri",-96.555067,17.761444,"Sierra Madre del Sur province","Epiphyllum","No",19.6000022888184,19.7999992370605,47,78.7679138183594,516,183,36.8237495422363,-0.571182250976562
"Epiphyllum hookeri",-96.63325,18.00019,"Sierra Madre del Sur province","Epiphyllum","No",20.2999992370605,19.6000003814697,74,77.7829666137695,728,282,22.3986949920654,2.08448028564453
"Escontria chiotilla",-96.527778,16.313056,"Balsas Basin province","Escontria","Mexico",19.7000007629395,19.966667175293,4,91.683349609375,203,19,8.11889362335205,0.57550048828125
"Escontria chiotilla",-94.596667,16.459444,"Pacific Lowlands province","Escontria","Mexico",17.7999992370605,26.1500015258789,2,110.005592346191,312,13,0.340146392583847,0.58327054977417
"Escontria chiotilla",-96.363183,16.567855,"Sierra Madre del Sur province","Escontria","Mexico",19.9000015258789,21.8500003814697,2,99.5075607299805,269,11,25.3141498565674,-0.1044921875
"Escontria chiotilla",-96.363702,16.577624,"Sierra Madre del Sur province","Escontria","Mexico",19.7999992370605,21.716667175293,2,99.4614791870117,266,11,24.8590240478516,-0.8326416015625
"Escontria chiotilla",-96.322775,16.584764,"Pacific Lowlands province","Escontria","Mexico",19.7000007629395,21.6000003814697,2,99.3994903564453,261,11,9.91242504119873,2.37838745117188
"Escontria chiotilla",-96.364209,16.585192,"Sierra Madre del Sur province","Escontria","Mexico",19.9000015258789,21.5833339691162,2,99.0713272094727,263,11,26.8098926544189,4.39414978027344
"Escontria chiotilla",-96.3375,16.591111,"Pacific Lowlands province","Escontria","Mexico",20.3999977111816,21.8166675567627,2,100.237991333008,266,10,17.7153759002686,3.43529510498047
"Escontria chiotilla",-96.356111,16.598889,"Sierra Madre del Sur province","Escontria","Mexico",19,21.216667175293,2,98.6500625610352,225,9,7.55830240249634,1.70443725585938
"Escontria chiotilla",-96.330566,16.602033,"Sierra Madre del Sur province","Escontria","Mexico",20.2999992370605,21.8166675567627,2,100.153030395508,266,11,10.0676803588867,-1.78779602050781
"Escontria chiotilla",-96.273945,16.6666,"Sierra Madre del Sur province","Escontria","Mexico",20.8999996185303,22.2333335876465,3,98.9844512939453,262,14,2.24376630783081,-0.412979125976562
"Escontria chiotilla",-96.308333,16.673333,"Pacific Lowlands province","Escontria","Mexico",20.7999992370605,22.1666660308838,3,98.5431137084961,269,15,6.15469455718994,-1.47640991210938
"Escontria chiotilla",-96.317869,16.681801,"Sierra Madre del Sur province","Escontria","Mexico",20.7999992370605,22.1166667938232,3,98.2189559936523,273,16,8.15816783905029,-0.233345031738281
"Escontria chiotilla",-96.196632,16.729007,"Pacific Lowlands province","Escontria","Mexico",20.1999988555908,21.716667175293,4,99.5778350830078,288,17,19.0311603546143,-1.81361389160156
"Escontria chiotilla",-96.415,16.916667,"Balsas Basin province","Escontria","Mexico",21.9000015258789,19.2333335876465,3,90.5789413452148,275,22,4.37299537658691,0.0305023193359375
"Escontria chiotilla",-96.075,17.058333,"Sierra Madre del Sur province","Escontria","Mexico",16.2000007629395,14.8333330154419,15,85.9086303710938,328,104,16.8155536651611,-1.84095764160156
"Escontria chiotilla",-96.521389,17.306389,"Balsas Basin province","Escontria","Mexico",22.0999984741211,17.2000007629395,14,80.8906478881836,311,87,27.6426830291748,0.284866333007812
"Escontria chiotilla",-96.546944,17.313333,"Balsas Basin province","Escontria","Mexico",21.3000011444092,16.4833335876465,16,81.9851379394531,333,104,32.7041473388672,4.41508483886719
"Escontria chiotilla",-96.83333,17.48333,"Balsas Basin province","Escontria","Mexico",23.3999996185303,20.033332824707,13,89.4427185058594,283,42,8.02928924560547,-2.14614868164062
"Escontria chiotilla",-98.04266,17.551314,"Balsas Basin province","Escontria","Mexico",22.5999984741211,19.5499992370605,3,97.4220504760742,243,15,7.49224376678467,2.03413391113281
"Escontria chiotilla",-96.92518,17.609335,"Balsas Basin province","Escontria","Mexico",23.5,20.9500007629395,12,90.9745254516602,269,38,12.6703424453735,1.52581787109375
"Escontria chiotilla",-97.66408,17.6175,"Sierra Madre del Sur province","Escontria","Mexico",22.8999996185303,17.966667175293,5,90.9993209838867,233,16,24.4775333404541,2.98011779785156
"Escontria chiotilla",-96.912919,17.635536,"Balsas Basin province","Escontria","Mexico",23.0000019073486,21.7999992370605,7,93.596076965332,197,24,8.86390209197998,1.59320068359375
"Escontria chiotilla",-96.929389,17.651402,"Balsas Basin province","Escontria","Mexico",22.8999977111816,21.9166660308838,4,95.9946136474609,166,16,2.32784199714661,0.0339736938476562
"Escontria chiotilla",-96.939518,17.661729,"Balsas Basin province","Escontria","Mexico",23.0999984741211,21.8833332061768,4,96.1375274658203,173,18,8.62180614471436,-0.0133056640625
"Escontria chiotilla",-97.582361,17.680278,"Sierra Madre del Sur province","Escontria","Mexico",23.5999984741211,16.033332824707,5,88.4971313476562,233,17,15.4227075576782,-0.2713623046875
"Escontria chiotilla",-96.934556,17.686278,"Balsas Basin province","Escontria","Mexico",23,21.966667175293,5,95.6468811035156,169,19,3.22080397605896,-3.94408416748047
"Escontria chiotilla",-96.941111,17.710278,"Balsas Basin province","Escontria","Mexico",23.0999984741211,22,4,95.8361511230469,162,19,15.5515308380127,2.70834350585938
"Escontria chiotilla",-96.92942,17.713748,"Balsas Basin province","Escontria","Mexico",22.9999980926514,21.8333339691162,5,95.210563659668,164,21,19.4082088470459,-3.24514770507812
"Escontria chiotilla",-96.903167,17.721083,"Sierra Madre del Sur province","Escontria","Mexico",23.6000003814697,20.8166675567627,17,85.5643005371094,285,61,27.2630252838135,2.14999389648438
"Escontria chiotilla",-96.969,17.723,"Balsas Basin province","Escontria","Mexico",23.3999977111816,22.1666660308838,4,97.4262390136719,165,16,24.1037940979004,-2.94532012939453
"Escontria chiotilla",-96.935111,17.728,"Balsas Basin province","Escontria","Mexico",23.1000003814697,21.8999996185303,5,96.3471984863281,165,20,18.817174911499,-2.46687316894531
"Escontria chiotilla",-96.958333,17.741667,"Balsas Basin province","Escontria","Mexico",23.2000007629395,22.1499996185303,5,96.0952453613281,162,19,9.65580940246582,6.33972930908203
"Escontria chiotilla",-97.740233,17.743417,"Balsas Basin province","Escontria","Mexico",23.1999988555908,18.6333332061768,3,96.4409713745117,234,11,5.42840194702148,-0.0930633544921875
"Escontria chiotilla",-97.708611,17.747694,"Balsas Basin province","Escontria","Mexico",22.7999992370605,18.1166667938232,4,92.6881942749023,238,14,4.57426023483276,-3.91755676269531
"Escontria chiotilla",-96.93333,17.74917,"Balsas Basin province","Escontria","Mexico",23.5,21.2666664123535,10,89.9292144775391,221,37,20.799072265625,1.50440979003906
"Escontria chiotilla",-96.944691,17.771439,"Balsas Basin province","Escontria","Mexico",23.1999988555908,21.7666664123535,7,94.9238586425781,178,24,7.83032417297363,-2.70948028564453
"Escontria chiotilla",-96.946923,17.780103,"Balsas Basin province","Escontria","Mexico",23.2999992370605,21.6499996185303,8,93.7700424194336,191,28,30.1822624206543,2.20603942871094
"Escontria chiotilla",-96.94376,17.789341,"Balsas Basin province","Escontria","Mexico",23.5,21.5666656494141,10,91.8392639160156,210,33,23.0562572479248,-4.25575256347656
"Escontria chiotilla",-96.991667,17.794722,"Balsas Basin province","Escontria","Mexico",23.7999992370605,22.4333343505859,4,98.9297866821289,154,15,9.91275691986084,-3.65621948242188
"Escontria chiotilla",-96.934443,17.797954,"Balsas Basin province","Escontria","Mexico",23.7999992370605,20.8333339691162,22,86.0364456176758,323,71,30.6560020446777,-1.83773803710938
"Escontria chiotilla",-96.890941,17.799036,"Sierra Madre del Sur province","Escontria","Mexico",18.2000007629395,14.0833330154419,8,95.5306701660156,214,59,14.6472997665405,0.04180908203125
"Escontria chiotilla",-96.901333,17.811639,"Sierra Madre del Sur province","Escontria","Mexico",20.2000007629395,16.3999996185303,13,94.6667709350586,310,89,9.01753902435303,6.04086303710938
"Escontria chiotilla",-97.108055,17.814722,"Balsas Basin province","Escontria","Mexico",24.5,19.1666660308838,12,90.4673233032227,257,61,17.1813182830811,1.15960693359375
"Escontria chiotilla",-96.961111,17.815,"Balsas Basin province","Escontria","Mexico",23.3999996185303,21.8833332061768,6,97.2711029052734,173,21,16.3246822357178,-0.796173095703125
"Escontria chiotilla",-96.959917,17.824111,"Balsas Basin province","Escontria","Mexico",23.6999988555908,21.7999992370605,9,93.6790618896484,209,30,20.9512500762939,2.93392181396484
"Escontria chiotilla",-96.966694,17.825333,"Balsas Basin province","Escontria","Mexico",23.7999992370605,21.9500007629395,9,92.8709335327148,214,32,7.47488880157471,1.98153686523438
"Escontria chiotilla",-97.751177,17.827483,"Balsas Basin province","Escontria","Mexico",23.5,18.8500003814697,4,93.5547485351562,217,19,5.22961282730103,0.108291625976562
"Escontria chiotilla",-96.982389,17.861583,"Balsas Basin province","Escontria","Mexico",23.8000011444092,22.2333335876465,5,98.7412261962891,178,21,20.6631393432617,-4.01100921630859
"Escontria chiotilla",-96.990352,17.8719,"Balsas Basin province","Escontria","Mexico",23.8999977111816,22.3833332061768,5,99.8041915893555,169,20,3.2043354511261,1.15813446044922
"Escontria chiotilla",-97.707778,17.874445,"Balsas Basin province","Escontria","Mexico",23.5,18.6666660308838,4,95.3689956665039,207,22,13.7934341430664,-2.82681274414062
"Escontria chiotilla",-96.968333,17.902639,"Balsas Basin province","Escontria","Mexico",23.7999992370605,21.8833332061768,7,96.5708618164062,198,27,16.7671394348145,-2.22608947753906
"Escontria chiotilla",-97.009,17.923917,"Balsas Basin province","Escontria","Mexico",24.1000022888184,22.6333332061768,5,98.2190780639648,170,20,1.04142987728119,0.00904083251953125
"Escontria chiotilla",-97.974518,17.926326,"Balsas Basin province","Escontria","Mexico",23.5,20.4500007629395,6,95.1745223999023,201,25,6.94271039962769,0.943511962890625
"Escontria chiotilla",-97.011667,17.943333,"Balsas Basin province","Escontria","Mexico",24.1999988555908,22.5666675567627,7,97.1396026611328,191,25,11.7131185531616,-2.48028564453125
"Escontria chiotilla",-97.035697,17.982481,"Balsas Basin province","Escontria","Mexico",24.5000019073486,22.5833320617676,7,95.6187286376953,207,29,14.5112895965576,-0.697372436523438
"Escontria chiotilla",-97.035989,17.984006,"Balsas Basin province","Escontria","Mexico",24.5000019073486,22.5499992370605,7,95.149528503418,209,30,4.48261213302612,0.427757263183594
"Escontria chiotilla",-97.708333,17.991667,"Balsas Basin province","Escontria","Mexico",20.7999992370605,16.7000007629395,4,94.66552734375,226,21,20.84157371521,-3.87701416015625
"Escontria chiotilla",-97.051944,18.010278,"Balsas Basin province","Escontria","Mexico",24.6000003814697,22.0833320617676,9,93.7015838623047,220,33,3.8617832660675,-1.10525512695312
"Escontria chiotilla",-97.64814,18.010803,"Balsas Basin province","Escontria","Mexico",20.8999996185303,15.1666669845581,4,95.980598449707,243,17,14.2632484436035,0.59588623046875
"Escontria chiotilla",-97.657043,18.01137,"Balsas Basin province","Escontria","Mexico",21.2000007629395,16.1166667938232,4,94.8756866455078,229,19,20.2955722808838,-1.49249267578125
"Escontria chiotilla",-97.052778,18.018639,"Balsas Basin province","Escontria","Mexico",24.7000007629395,22,9,93.4331130981445,228,34,18.1172504425049,-0.428672790527344
"Escontria chiotilla",-97.036861,18.026167,"Balsas Basin province","Escontria","Mexico",25.4000015258789,21.6333332061768,13,87.6450729370117,265,54,13.1759424209595,0.333000183105469
"Escontria chiotilla",-97.073056,18.067222,"Balsas Basin province","Escontria","Mexico",25.5,21.7333335876465,10,90.9608001708984,237,39,8.90814781188965,-3.16234588623047
"Escontria chiotilla",-97.084167,18.075,"Balsas Basin province","Escontria","Mexico",25.3000011444092,22.2000007629395,10,92.5066299438477,224,35,2.75473690032959,0.412010192871094
"Escontria chiotilla",-97.085833,18.076667,"Balsas Basin province","Escontria","Mexico",25.3000011444092,22.1666660308838,10,92.5590362548828,227,35,5.71078586578369,-0.241157531738281
"Escontria chiotilla",-97.055833,18.118056,"Balsas Basin province","Escontria","Mexico",24.8999977111816,20.8333339691162,18,87.068000793457,310,70,23.2406406402588,1.4835205078125
"Escontria chiotilla",-97.765331,18.167634,"Balsas Basin province","Escontria","Mexico",21.0000019073486,19.3833332061768,5,94.7362442016602,158,15,7.23735475540161,1.58956909179688
"Escontria chiotilla",-97.682611,18.17725,"Balsas Basin province","Escontria","Mexico",21.3000011444092,18.4333343505859,4,95.3932876586914,184,14,6.82222270965576,-1.74700927734375
"Escontria chiotilla",-97.65243,18.21153,"Balsas Basin province","Escontria","Mexico",20.8999996185303,16.4500007629395,4,96.590202331543,226,15,20.7140884399414,-0.44561767578125
"Escontria chiotilla",-97.721071,18.230224,"Balsas Basin province","Escontria","Mexico",21.5,18.9166660308838,4,96.3907928466797,161,14,24.9666061401367,-3.36904907226562
"Escontria chiotilla",-97.647636,18.231042,"Balsas Basin province","Escontria","Mexico",21.2000007629395,16.8166656494141,4,96.193244934082,210,13,7.79938888549805,1.53684997558594
"Ferocactus flavovirens",-97.649186,17.655652,"Sierra Madre del Sur province","Ferocactus","Mexico",21.7000007629395,15.9666662216187,4,93.1997833251953,253,15,16.4352397918701,3.395263671875
"Ferocactus flavovirens",-97.322107,17.694859,"Sierra Madre del Sur province","Ferocactus","Mexico",22.3000011444092,14.283332824707,2,92.7381439208984,204,17,5.51527738571167,-0.142608642578125
"Ferocactus flavovirens",-97.184485,17.95855,"Sierra Madre del Sur province","Ferocactus","Mexico",21,15.7166662216187,6,91.9590377807617,202,46,15.7143430709839,0.301025390625
"Ferocactus flavovirens",-97.375409,18.016223,"Balsas Basin province","Ferocactus","Mexico",23.7999992370605,17.283332824707,5,89.2631683349609,189,33,34.8707504272461,0.446380615234375
"Ferocactus flavovirens",-97.388092,18.055417,"Balsas Basin province","Ferocactus","Mexico",23.2000007629395,18.033332824707,5,90.6692581176758,189,22,26.3992767333984,-1.69535827636719
"Ferocactus flavovirens",-97.788623,18.086335,"Balsas Basin province","Ferocactus","Mexico",20.6000003814697,18.8166656494141,5,96.099739074707,200,20,21.8017253875732,0.95947265625
"Ferocactus flavovirens",-97.66667,18.11667,"Balsas Basin province","Ferocactus","Mexico",20.7999992370605,17.0166664123535,4,97.1925811767578,217,17,18.6953144073486,-2.53823852539062
"Ferocactus flavovirens",-97.708333,18.125,"Balsas Basin province","Ferocactus","Mexico",21.2999992370605,17.966667175293,4,96.5646896362305,197,18,15.2338495254517,1.648681640625
"Ferocactus flavovirens",-97.297361,18.154222,"Balsas Basin province","Ferocactus","Mexico",25.3000011444092,19.783332824707,2,99.306510925293,126,11,13.8605098724365,-0.479965209960938
"Ferocactus flavovirens",-97.656278,18.203528,"Balsas Basin province","Ferocactus","Mexico",20.9000015258789,16.6499996185303,4,96.5272216796875,222,14,11.3670845031738,0.776138305664062
"Ferocactus macrodiscus",-96.769219,16.633286,"Balsas Basin province","Ferocactus","Mexico",22.7000007629395,20.5,3,92.2891616821289,299,20,1.44828605651855,-0.437820434570312
"Ferocactus macrodiscus",-96.116476,16.80778,"Sierra Madre del Sur province","Ferocactus","Mexico",18.2999992370605,19.2333335876465,6,93.4766464233398,268,36,24.320032119751,-1.5714111328125
"Ferocactus macrodiscus",-96.217378,16.815997,"Sierra Madre del Sur province","Ferocactus","Mexico",16.6000003814697,17.0666656494141,2,96.0613250732422,231,24,25.487340927124,-0.230606079101562
"Ferocactus macrodiscus",-96.73439,16.828511,"Balsas Basin province","Ferocactus","Mexico",24,19.9166660308838,3,92.7040786743164,311,21,1.0625456571579,0.03338623046875
"Ferocactus macrodiscus",-96.937632,17.003319,"Sierra Madre del Sur province","Ferocactus","Mexico",15.5,11.9833335876465,4,92.2526550292969,277,37,14.6552410125732,-0.63861083984375
"Ferocactus macrodiscus",-96.467752,17.089017,"Sierra Madre del Sur province","Ferocactus","Mexico",14.7000007629395,11.3500003814697,7,86.8897705078125,299,50,16.7022190093994,0.825775146484375
"Ferocactus macrodiscus",-96.779976,17.093252,"Balsas Basin province","Ferocactus","Mexico",23.1999988555908,19.5833339691162,3,92.766731262207,248,19,11.9477968215942,0.466201782226562
"Ferocactus macrodiscus",-96.536299,17.093487,"Sierra Madre del Sur province","Ferocactus","Mexico",15.8999996185303,13.8000001907349,6,87.8315353393555,101,48,27.230073928833,-0.520721435546875
"Ferocactus macrodiscus",-96.670924,17.106642,"Balsas Basin province","Ferocactus","Mexico",20.8999996185303,17.8500003814697,4,89.5425643920898,252,25,15.611349105835,0.644149780273438
"Ferocactus macrodiscus",-96.981828,17.111382,"Sierra Madre del Sur province","Ferocactus","Mexico",16.5,13.6333332061768,4,93.9875869750977,260,40,25.1687774658203,3.0029296875
"Ferocactus macrodiscus",-96.967634,17.115977,"Sierra Madre del Sur province","Ferocactus","Mexico",16.6000003814697,13.9166669845581,5,93.0663909912109,258,41,25.4179096221924,-1.70297241210938
"Ferocactus macrodiscus",-96.605259,17.141294,"Sierra Madre del Sur province","Ferocactus","Mexico",15.9000005722046,13.3333330154419,5,90.9890365600586,246,39,28.024881362915,1.1578369140625
"Ferocactus macrodiscus",-96.90013,17.14825,"Sierra Madre del Sur province","Ferocactus","Mexico",22,18.466667175293,3,93.059196472168,259,16,10.9460210800171,-2.21040344238281
"Ferocactus macrodiscus",-97.22307,17.16078,"Sierra Madre del Sur province","Ferocactus","Mexico",18.9000015258789,16.0166664123535,4,96.7282562255859,269,26,9.61124134063721,-0.90899658203125
"Ferocactus macrodiscus",-97.171111,17.175861,"Sierra Madre del Sur province","Ferocactus","Mexico",20.2999992370605,16.75,4,94.2402648925781,270,17,4.8664665222168,4.14869689941406
"Ferocactus macrodiscus",-96.828063,17.179924,"Balsas Basin province","Ferocactus","Mexico",23.5,19.6000003814697,3,93.5718612670898,250,15,1.10125458240509,-0.032135009765625
"Ferocactus macrodiscus",-96.686564,17.18008,"Sierra Madre del Sur province","Ferocactus","Mexico",13.6999998092651,10.2666664123535,8,87.6042709350586,318,46,12.1122694015503,2.10784912109375
"Ferocactus macrodiscus",-96.842971,17.182935,"Balsas Basin province","Ferocactus","Mexico",23.3000011444092,19.6166667938232,3,93.3212127685547,252,16,1.17445850372314,-0.11773681640625
"Ferocactus macrodiscus",-97.16812,17.21308,"Sierra Madre del Sur province","Ferocactus","Mexico",22.3999996185303,18.0499992370605,5,92.6793060302734,277,18,9.219482421875,-3.93476867675781
"Ferocactus macrodiscus",-97.18591,17.21787,"Sierra Madre del Sur province","Ferocactus","Mexico",21.4000015258789,17.216667175293,4,92.9360198974609,267,17,12.690526008606,1.41566467285156
"Ferocactus macrodiscus",-97.07058,17.24758,"Sierra Madre del Sur province","Ferocactus","Mexico",19.3999996185303,15.4166669845581,4,94.5295257568359,253,27,7.97499752044678,7.3634033203125
"Ferocactus macrodiscus",-97.083913,17.249938,"Sierra Madre del Sur province","Ferocactus","Mexico",20.5,16.5166664123535,4,93.3053817749023,253,27,23.3044719696045,-3.9864501953125
"Ferocactus macrodiscus",-97.2993,17.25259,"Sierra Madre del Sur province","Ferocactus","Mexico",20,15.4833326339722,5,91.5598678588867,262,19,27.8972187042236,1.18887329101562
"Ferocactus macrodiscus",-97.31047,17.26035,"Sierra Madre del Sur province","Ferocactus","Mexico",20.2000007629395,15.716667175293,5,90.8321685791016,261,18,17.6334762573242,-1.13446044921875
"Ferocactus macrodiscus",-97.37297,17.2661,"Sierra Madre del Sur province","Ferocactus","Mexico",18.6000003814697,12.6833333969116,6,95.0762100219727,282,31,16.6129856109619,1.718017578125
"Ferocactus macrodiscus",-96.41672,17.29269,"Sierra Madre del Sur province","Ferocactus","Mexico",17.3999996185303,13.3500003814697,16,83.5210189819336,328,121,17.3222579956055,0.018157958984375
"Ferocactus macrodiscus",-97.360189,17.339949,"Sierra Madre del Sur province","Ferocactus","Mexico",20,13.6666669845581,5,89.0923080444336,270,33,0.895386457443237,1.44943237304688
"Ferocactus macrodiscus",-97.368567,17.352001,"Sierra Madre del Sur province","Ferocactus","Mexico",19.8000011444092,13.1333332061768,5,89.3218612670898,272,32,16.8514461517334,0.784088134765625
"Ferocactus macrodiscus",-96.436308,17.394638,"Sierra Madre del Sur province","Ferocactus","Mexico",13,9.89999961853027,19,79.3950042724609,344,109,23.1977844238281,-0.228729248046875
"Ferocactus macrodiscus",-96.959028,17.403559,"Sierra Madre del Sur province","Ferocactus","Mexico",20.1000003814697,15.3999996185303,4,93.5606002807617,233,30,20.5854797363281,-0.940826416015625
"Ferocactus macrodiscus",-97.292783,17.419705,"Sierra Madre del Sur province","Ferocactus","Mexico",21.8999996185303,14.8500003814697,4,89.3852767944336,246,16,6.52013206481934,-0.94769287109375
"Ferocactus macrodiscus",-97.355256,17.425469,"Sierra Madre del Sur province","Ferocactus","Mexico",20.7000007629395,13.9333333969116,4,88.8632736206055,249,26,4.15547847747803,-0.27777099609375
"Ferocactus macrodiscus",-97.362004,17.435042,"Sierra Madre del Sur province","Ferocactus","Mexico",20.1999988555908,13.4666662216187,4,89.7496643066406,251,25,17.2000102996826,-2.5045166015625
"Ferocactus macrodiscus",-97.384861,17.449479,"Sierra Madre del Sur province","Ferocactus","Mexico",18.2000007629395,11.5333337783813,6,92.6082077026367,267,33,21.070764541626,1.13528442382812
"Ferocactus macrodiscus",-97.418393,17.450064,"Sierra Madre del Sur province","Ferocactus","Mexico",19.0999984741211,12.0166664123535,5,92.6616821289062,260,26,34.2551651000977,4.25442504882812
"Ferocactus macrodiscus",-97.341672,17.461898,"Sierra Madre del Sur province","Ferocactus","Mexico",21.1000003814697,14.3666667938232,5,87.8962249755859,241,27,1.21136021614075,-0.466522216796875
"Ferocactus macrodiscus",-97.372475,17.468747,"Sierra Madre del Sur province","Ferocactus","Mexico",20.2000007629395,13.25,4,89.2061462402344,246,26,24.5605411529541,-1.2232666015625
"Ferocactus macrodiscus",-96.941112,17.521775,"Balsas Basin province","Ferocactus","Mexico",19.6000003814697,14.7833337783813,6,94.9969100952148,203,31,24.7533073425293,-1.44581604003906
"Ferocactus macrodiscus",-97.1638,17.5237,"Sierra Madre del Sur province","Ferocactus","Mexico",19.6000003814697,12.7333335876465,2,97.0349426269531,213,16,7.99472332000732,0.764739990234375
"Ferocactus macrodiscus",-97.364901,17.526648,"Sierra Madre del Sur province","Ferocactus","Mexico",21.7999992370605,14.2666664123535,5,88.9776229858398,231,25,4.31662940979004,0.259521484375
"Ferocactus macrodiscus",-96.812428,17.531501,"Balsas Basin province","Ferocactus","Mexico",23.3999977111816,20.5833339691162,16,87.6112976074219,291,51,6.39647245407104,1.19761657714844
"Ferocactus macrodiscus",-97.304931,17.534383,"Sierra Madre del Sur province","Ferocactus","Mexico",21.6000003814697,14.0500001907349,3,93.6434783935547,218,17,11.0640821456909,-3.39273071289062
"Ferocactus macrodiscus",-97.213193,17.542459,"Sierra Madre del Sur province","Ferocactus","Mexico",20.6000003814697,13.3000001907349,2,95.6880264282227,197,16,12.1603736877441,-4.50595092773438
"Ferocactus macrodiscus",-97.135833,17.545278,"Sierra Madre del Sur province","Ferocactus","Mexico",19,12.216667175293,2,95.9325866699219,214,21,4.18914365768433,0.1673583984375
"Ferocactus macrodiscus",-96.441667,17.558333,"Sierra Madre del Sur province","Ferocactus","Mexico",13.0999994277954,10.3000001907349,22,78.833854675293,343,145,25.6770000457764,-0.702056884765625
"Ferocactus macrodiscus",-97.240539,17.567241,"Sierra Madre del Sur province","Ferocactus","Mexico",20.5999984741211,12.9833335876465,1,94.3309555053711,195,16,10.6650342941284,-0.233367919921875
"Ferocactus macrodiscus",-97.432444,17.573361,"Sierra Madre del Sur province","Ferocactus","Mexico",21.2999992370605,13.1166667938232,5,91.2021255493164,242,26,13.8601970672607,-0.21881103515625
"Ferocactus macrodiscus",-97.196028,17.574111,"Sierra Madre del Sur province","Ferocactus","Mexico",20.0999984741211,12.6499996185303,2,95.5123138427734,187,16,5.37728071212769,0.546173095703125
"Ferocactus macrodiscus",-97.093667,17.578083,"Sierra Madre del Sur province","Ferocactus","Mexico",18.2000007629395,11.1666669845581,5,93.8995590209961,236,31,11.9112453460693,0.2220458984375
"Ferocactus macrodiscus",-97.418167,17.581889,"Sierra Madre del Sur province","Ferocactus","Mexico",20.7999992370605,12.75,5,92.3053131103516,244,24,30.5954914093018,-0.180908203125
"Ferocactus macrodiscus",-97.38463,17.58503,"Sierra Madre del Sur province","Ferocactus","Mexico",20.4000015258789,12.5833330154419,5,92.402214050293,238,24,20.7830295562744,-1.085205078125
"Ferocactus macrodiscus",-97.006834,17.60118,"Sierra Madre del Sur province","Ferocactus","Mexico",23.3999977111816,19.2000007629395,14,86.9191665649414,266,67,23.8813133239746,3.901611328125
"Ferocactus macrodiscus",-97.125451,17.61077,"Sierra Madre del Sur province","Ferocactus","Mexico",19.2000007629395,12.1999998092651,3,95.5040130615234,198,23,8.45442867279053,0.56488037109375
"Ferocactus macrodiscus",-97.007027,17.616268,"Balsas Basin province","Ferocactus","Mexico",23.7999992370605,19.3999996185303,14,87.097526550293,259,44,8.66399383544922,-5.68061828613281
"Ferocactus macrodiscus",-97.334522,17.628706,"Sierra Madre del Sur province","Ferocactus","Mexico",21.2999992370605,13.1999998092651,3,92.4680862426758,213,19,8.1478443145752,0.207977294921875
"Ferocactus macrodiscus",-97.301259,17.629204,"Sierra Madre del Sur province","Ferocactus","Mexico",20.7000007629395,12.6166667938232,5,92.6474990844727,219,23,13.2153329849243,-2.10107421875
"Ferocactus macrodiscus",-97.215936,17.634783,"Sierra Madre del Sur province","Ferocactus","Mexico",19.8999996185303,12.1166667938232,4,91.2413482666016,187,26,13.6378707885742,-0.36395263671875
"Ferocactus macrodiscus",-97.302411,17.646128,"Sierra Madre del Sur province","Ferocactus","Mexico",21.0999984741211,12.8000001907349,4,93.1054916381836,209,20,12.6015119552612,-0.060546875
"Ferocactus macrodiscus",-97.260334,17.659585,"Sierra Madre del Sur province","Ferocactus","Mexico",19.5,11.4333333969116,5,93.8269729614258,233,26,6.53751611709595,-1.07821655273438
"Ferocactus macrodiscus",-97.1494,17.6605,"Sierra Madre del Sur province","Ferocactus","Mexico",20.6000003814697,12.8000001907349,3,95.0875473022461,167,22,3.33902812004089,1.0706787109375
"Ferocactus macrodiscus",-97.2085,17.660694,"Sierra Madre del Sur province","Ferocactus","Mexico",19.5999984741211,11.7666664123535,4,91.5506973266602,194,27,2.57508015632629,-0.304443359375
"Ferocactus macrodiscus",-97.383123,17.671248,"Sierra Madre del Sur province","Ferocactus","Mexico",21.2000007629395,12.8999996185303,6,89.7387466430664,221,26,11.6198472976685,0.10626220703125
"Ferocactus macrodiscus",-97.158325,17.671705,"Sierra Madre del Sur province","Ferocactus","Mexico",20.7000007629395,12.7333335876465,3,94.9875411987305,167,22,23.6872520446777,-2.01858520507812
"Ferocactus macrodiscus",-97.4465,17.6784,"Sierra Madre del Sur province","Ferocactus","Mexico",22.0999984741211,14.2833337783813,5,89.2430038452148,230,23,25.5719585418701,4.73068237304688
"Ferocactus macrodiscus",-97.231866,17.682651,"Sierra Madre del Sur province","Ferocactus","Mexico",19.1000003814697,11.2666664123535,5,91.6645202636719,217,30,22.5410213470459,-0.021575927734375
"Ferocactus macrodiscus",-97.197142,17.687484,"Sierra Madre del Sur province","Ferocactus","Mexico",20.1000003814697,12.1499996185303,4,91.9222946166992,175,25,1.64483880996704,-0.653839111328125
"Ferocactus macrodiscus",-97.40861,17.69056,"Sierra Madre del Sur province","Ferocactus","Mexico",21.0999984741211,12.8000001907349,6,91.7451858520508,233,24,10.3402471542358,0.46575927734375
"Ferocactus macrodiscus",-97.231101,17.697847,"Sierra Madre del Sur province","Ferocactus","Mexico",18.9000015258789,11.033332824707,5,92.7007446289062,229,29,8.2677001953125,-0.76641845703125
"Ferocactus macrodiscus",-97.167443,17.718406,"Sierra Madre del Sur province","Ferocactus","Mexico",19.6000003814697,11.9166669845581,5,92.2278366088867,174,27,10.4569396972656,0.348907470703125
"Ferocactus macrodiscus",-97.3077,17.72567,"Sierra Madre del Sur province","Ferocactus","Mexico",22.2000007629395,13.8000001907349,2,94.9727172851562,196,15,12.0564422607422,-0.80712890625
"Ferocactus macrodiscus",-97.182938,17.727353,"Sierra Madre del Sur province","Ferocactus","Mexico",19,11.3833332061768,5,92.7013778686523,189,30,18.0602931976318,0.042022705078125
"Ferocactus macrodiscus",-97.262027,17.742503,"Sierra Madre del Sur province","Ferocactus","Mexico",21.7999992370605,13.3333339691162,3,92.8796310424805,186,19,13.6605749130249,-0.2301025390625
"Ferocactus macrodiscus",-97.382777,17.743118,"Sierra Madre del Sur province","Ferocactus","Mexico",22.7999992370605,14.4499998092651,4,92.0642242431641,213,19,9.88610172271729,0.2100830078125
"Ferocactus macrodiscus",-97.232392,17.758759,"Sierra Madre del Sur province","Ferocactus","Mexico",19.3999996185303,11.3666667938232,6,92.9990692138672,222,29,7.39233875274658,0.1485595703125
"Ferocactus macrodiscus",-97.182869,17.764231,"Sierra Madre del Sur province","Ferocactus","Mexico",18,10.6833333969116,6,90.4650344848633,205,37,27.4354038238525,0.0501708984375
"Ferocactus macrodiscus",-97.457679,17.772998,"Sierra Madre del Sur province","Ferocactus","Mexico",21.8000011444092,13.6833333969116,6,89.2970352172852,232,29,12.9193620681763,0.07928466796875
"Ferocactus macrodiscus",-97.109567,17.785076,"Balsas Basin province","Ferocactus","Mexico",21.5999984741211,16.2333335876465,5,94.6704177856445,209,46,25.115047454834,-5.16851806640625
"Ferocactus macrodiscus",-97.095776,17.893621,"Balsas Basin province","Ferocactus","Mexico",24.2999992370605,19.6499996185303,13,89.1595840454102,262,49,11.8430204391479,-0.804595947265625
"Ferocactus macrodiscus",-97.430568,17.897583,"Sierra Madre del Sur province","Ferocactus","Mexico",22.7000007629395,14.2666664123535,6,91.513313293457,227,24,16.1922359466553,-0.111083984375
"Ferocactus macrodiscus",-97.309703,17.913969,"Sierra Madre del Sur province","Ferocactus","Mexico",21,13.0500001907349,5,91.6787338256836,209,25,18.126989364624,0.170074462890625
"Ferocactus macrodiscus",-97.134768,17.917546,"Balsas Basin province","Ferocactus","Mexico",22.7000007629395,17.8333339691162,9,92.3813095092773,254,38,19.0919933319092,-1.36654663085938
"Ferocactus macrodiscus",-97.477842,17.941163,"Sierra Madre del Sur province","Ferocactus","Mexico",22.6000003814697,16.6333332061768,6,88.0418167114258,190,29,27.9062614440918,-4.00553894042969
"Ferocactus macrodiscus",-97.674089,18.013011,"Balsas Basin province","Ferocactus","Mexico",21.2000007629395,15.9166660308838,4,96.2215728759766,238,18,9.7321081161499,0.954452514648438
"Ferocactus macrodiscus",-97.6833,18.13197,"Balsas Basin province","Ferocactus","Mexico",21.1000003814697,17.7666664123535,4,96.2592544555664,198,18,14.1348142623901,-3.70736694335938
"Ferocactus macrodiscus",-97.262019,18.135567,"Balsas Basin province","Ferocactus","Mexico",24.3000011444092,19.6833324432373,5,95.8542251586914,177,22,15.3568286895752,2.24974060058594
"Ferocactus recurvus",-96.323802,16.570386,"Pacific Lowlands province","Ferocactus","Mexico",19.2000007629395,21.2999992370605,2,98.986572265625,242,11,31.9684906005859,0.820465087890625
"Ferocactus recurvus",-96.334784,16.571909,"Pacific Lowlands province","Ferocactus","Mexico",19.8999977111816,21.6666660308838,3,99.6820220947266,264,12,23.5675582885742,1.20481872558594
"Ferocactus recurvus",-96.574392,16.574729,"Balsas Basin province","Ferocactus","Mexico",19.2000007629395,18.7999992370605,1,96.5838851928711,222,10,11.9909591674805,0.490371704101562
"Ferocactus recurvus",-96.572262,16.576722,"Balsas Basin province","Ferocactus","Mexico",18,17.8333339691162,2,95.8990707397461,229,16,24.9677753448486,0.601242065429688
"Ferocactus recurvus",-96.379183,16.625304,"Sierra Madre del Sur province","Ferocactus","Mexico",18.9000015258789,19.9166660308838,1,98.5229873657227,204,8,19.8766632080078,6.72811889648438
"Ferocactus recurvus",-96.473349,16.649191,"Balsas Basin province","Ferocactus","Mexico",20.4000015258789,19.8166675567627,2,96.2648696899414,239,12,18.8036346435547,0.613479614257812
"Ferocactus recurvus",-96.555556,16.679167,"Balsas Basin province","Ferocactus","Mexico",19.8000011444092,18.4500007629395,1,99.0038223266602,260,10,20.1113510131836,0.229904174804688
"Ferocactus recurvus",-96.484214,16.689039,"Balsas Basin province","Ferocactus","Mexico",20.6000003814697,19.5499992370605,1,96.6636199951172,238,9,3.76628971099854,0.610260009765625
"Ferocactus recurvus",-96.742813,16.700788,"Balsas Basin province","Ferocactus","Mexico",22.6999988555908,19.9333343505859,2,92.9447631835938,284,15,3.39171385765076,-0.155487060546875
"Ferocactus recurvus",-96.19167,16.70528,"Pacific Lowlands province","Ferocactus","Mexico",20.1000022888184,21.966667175293,4,100.59651184082,280,16,19.9254589080811,-1.84011077880859
"Ferocactus recurvus",-96.35081,16.721219,"Sierra Madre del Sur province","Ferocactus","Mexico",19.7999992370605,20.3666667938232,2,97.4475326538086,242,12,23.0792217254639,0.0359649658203125
"Ferocactus recurvus",-96.343344,16.802284,"Sierra Madre del Sur province","Ferocactus","Mexico",19.2000007629395,18.1000003814697,1,96.6895904541016,235,14,17.3262424468994,1.3094482421875
"Ferocactus recurvus",-96.275757,16.866427,"Sierra Madre del Sur province","Ferocactus","Mexico",19.7000007629395,18.75,3,94.1548461914062,276,22,12.6441411972046,-1.13279724121094
"Ferocactus recurvus",-96.27676,16.867085,"Sierra Madre del Sur province","Ferocactus","Mexico",18.2999992370605,17.8333339691162,2,95.2834625244141,255,19,8.30730724334717,2.9132080078125
"Ferocactus recurvus",-96.3819,16.91353,"Balsas Basin province","Ferocactus","Mexico",20.9000015258789,18.6333332061768,2,93.6824798583984,274,18,8.79130935668945,-0.03778076171875
"Ferocactus recurvus",-96.399134,16.921173,"Balsas Basin province","Ferocactus","Mexico",21.5,19,2,91.4295883178711,276,22,2.37500023841858,-0.13421630859375
"Ferocactus recurvus",-96.328036,16.932317,"Balsas Basin province","Ferocactus","Mexico",19.6999988555908,17.8500003814697,3,92.9664611816406,274,24,15.4645433425903,-0.243270874023438
"Ferocactus recurvus",-96.323822,16.933867,"Sierra Madre del Sur province","Ferocactus","Mexico",19.2000007629395,17.4166660308838,2,92.2413635253906,267,27,22.8205757141113,-1.50209045410156
"Ferocactus recurvus",-96.305319,16.934922,"Balsas Basin province","Ferocactus","Mexico",18.6000003814697,17.033332824707,2,93.4205932617188,266,25,9.54964733123779,0.17022705078125
"Ferocactus recurvus",-96.311466,16.94265,"Sierra Madre del Sur province","Ferocactus","Mexico",18.7000007629395,17.0499992370605,2,94.1203231811523,265,23,9.2938985824585,-1.20388793945312
"Ferocactus recurvus",-96.438667,16.956373,"Balsas Basin province","Ferocactus","Mexico",21.5,19,3,90.7807159423828,277,23,16.7640132904053,1.55598449707031
"Ferocactus recurvus",-96.521315,16.992413,"Balsas Basin province","Ferocactus","Mexico",22.8000011444092,19.5,2,92.1812744140625,265,19,0.793791711330414,-0.154296875
"Ferocactus recurvus",-96.517656,17.042619,"Balsas Basin province","Ferocactus","Mexico",19.3999996185303,16.966667175293,3,89.057014465332,270,30,21.2876834869385,0.409072875976562
"Ferocactus recurvus",-97.171362,17.18548,"Sierra Madre del Sur province","Ferocactus","Mexico",21.3999996185303,17.466667175293,4,93.6868515014648,276,17,16.0725688934326,1.72285461425781
"Ferocactus recurvus",-97.17611,17.21331,"Sierra Madre del Sur province","Ferocactus","Mexico",22,17.7666664123535,4,93.3189315795898,273,16,17.4125900268555,1.89274597167969
"Ferocactus recurvus",-97.234444,17.248054,"Sierra Madre del Sur province","Ferocactus","Mexico",20.7999992370605,16.4500007629395,5,92.0114135742188,261,19,3.39332437515259,0.097381591796875
"Ferocactus recurvus",-96.493569,17.249394,"Sierra Madre del Sur province","Ferocactus","Mexico",18.7000007629395,14.0500001907349,10,83.6336898803711,264,84,32.8872947692871,1.59324645996094
"Ferocactus recurvus",-97.161024,17.297467,"Sierra Madre del Sur province","Ferocactus","Mexico",21,16.2666664123535,3,94.1810607910156,251,21,28.3468647003174,0.04443359375
"Ferocactus recurvus",-97.158803,17.300056,"Sierra Madre del Sur province","Ferocactus","Mexico",20.6000003814697,15.6999998092651,3,95.1964569091797,250,20,12.4149703979492,3.27243041992188
"Ferocactus recurvus",-96.926,17.312806,"Balsas Basin province","Ferocactus","Mexico",22,18.1000003814697,4,93.0579147338867,254,29,24.775146484375,0.0481719970703125
"Ferocactus recurvus",-97.148052,17.328515,"Sierra Madre del Sur province","Ferocactus","Mexico",20.2000007629395,15.0166664123535,3,95.6615829467773,247,19,8.89711570739746,3.73406982421875
"Ferocactus recurvus",-97.02763,17.42982,"Sierra Madre del Sur province","Ferocactus","Mexico",21.6999988555908,17.8333339691162,5,93.6300048828125,249,30,1.53660070896149,3.08567810058594
"Ferocactus recurvus",-97.31511,17.508602,"Sierra Madre del Sur province","Ferocactus","Mexico",22.1999988555908,14.4833335876465,3,92.5556335449219,225,19,3.73648166656494,0.04620361328125
"Ferocactus recurvus",-97.342979,17.527099,"Sierra Madre del Sur province","Ferocactus","Mexico",22.0999984741211,14.6000003814697,3,91.4075012207031,229,20,4.96902227401733,2.5728759765625
"Ferocactus recurvus",-98.042989,17.530839,"Balsas Basin province","Ferocactus","Mexico",22.6000003814697,18.7999992370605,4,96.9927291870117,248,18,12.7164583206177,1.03077697753906
"Ferocactus recurvus",-98.047481,17.546846,"Balsas Basin province","Ferocactus","Mexico",22.6999988555908,19.283332824707,4,97.5543060302734,239,22,20.5451755523682,-0.745834350585938
"Ferocactus recurvus",-97.316506,17.547775,"Sierra Madre del Sur province","Ferocactus","Mexico",21.5,13.8333339691162,3,92.6489715576172,219,20,15.3011302947998,0.12518310546875
"Ferocactus recurvus",-97.322481,17.55065,"Sierra Madre del Sur province","Ferocactus","Mexico",21.5999984741211,13.9166669845581,4,90.8073806762695,218,22,6.87067270278931,1.72296142578125
"Ferocactus recurvus",-98.042629,17.55412,"Balsas Basin province","Ferocactus","Mexico",22.5999984741211,19.5499992370605,3,97.4220504760742,243,15,16.7501201629639,-0.0942535400390625
"Ferocactus recurvus",-97.48275,17.56032,"Sierra Madre del Sur province","Ferocactus","Mexico",20.8999996185303,12.6999998092651,5,92.5982818603516,255,25,7.08569192886353,0.500579833984375
"Ferocactus recurvus",-97.407056,17.567722,"Sierra Madre del Sur province","Ferocactus","Mexico",20.5999984741211,12.6666669845581,5,91.9994659423828,242,24,14.7123775482178,3.10794067382812
"Ferocactus recurvus",-97.830576,17.568636,"Balsas Basin province","Ferocactus","Mexico",22.8999996185303,17.966667175293,5,92.8029403686523,242,18,8.80453491210938,0.5137939453125
"Ferocactus recurvus",-96.837997,17.578774,"Balsas Basin province","Ferocactus","Mexico",23.1000003814697,20.6833343505859,16,89.4497985839844,299,50,9.30920886993408,-1.93368530273438
"Ferocactus recurvus",-98.02605,17.602138,"Balsas Basin province","Ferocactus","Mexico",22.2000007629395,20.5666675567627,3,97.1546249389648,255,16,21.1943073272705,-3.01875305175781
"Ferocactus recurvus",-96.9335,17.60769,"Balsas Basin province","Ferocactus","Mexico",23,20.3166656494141,13,89.8951110839844,286,43,25.6017379760742,0.996185302734375
"Ferocactus recurvus",-98.047279,17.632106,"Balsas Basin province","Ferocactus","Mexico",22.5999984741211,21.3833332061768,4,96.7253265380859,262,25,10.7873983383179,1.18528747558594
"Ferocactus recurvus",-96.913881,17.636019,"Balsas Basin province","Ferocactus","Mexico",23.0000019073486,21.7999992370605,7,93.596076965332,197,24,10.5316228866577,-0.27679443359375
"Ferocactus recurvus",-98.04642,17.636334,"Balsas Basin province","Ferocactus","Mexico",22.3999977111816,21.0499992370605,4,96.6201477050781,260,24,33.9796600341797,0.0146331787109375
"Ferocactus recurvus",-96.919045,17.638667,"Balsas Basin province","Ferocactus","Mexico",23.2000007629395,21.7333335876465,7,93.4416046142578,200,24,9.25741767883301,6.11724090576172
"Ferocactus recurvus",-96.937804,17.65191,"Balsas Basin province","Ferocactus","Mexico",23.1999988555908,21.8166675567627,5,95.1820373535156,181,19,7.74560642242432,-2.11996459960938
"Ferocactus recurvus",-97.442499,17.655692,"Sierra Madre del Sur province","Ferocactus","Mexico",21.8999996185303,13.8999996185303,4,91.4261856079102,236,22,2.61384010314941,-2.42172241210938
"Ferocactus recurvus",-97.457525,17.66105,"Sierra Madre del Sur province","Ferocactus","Mexico",22.1999988555908,14.25,5,89.4443969726562,235,24,4.32934427261353,0.0413818359375
"Ferocactus recurvus",-97.715431,17.668625,"Sierra Madre del Sur province","Ferocactus","Mexico",23.8000011444092,19.4166660308838,4,94.4276275634766,235,14,34.5466918945312,-2.6300048828125
"Ferocactus recurvus",-97.557732,17.689355,"Sierra Madre del Sur province","Ferocactus","Mexico",23.5,15.7666673660278,5,89.390022277832,232,17,4.81168937683105,1.24198913574219
"Ferocactus recurvus",-96.935592,17.690307,"Balsas Basin province","Ferocactus","Mexico",23,21.966667175293,5,95.6468811035156,169,19,23.641902923584,-3.19906616210938
"Ferocactus recurvus",-96.952492,17.694117,"Balsas Basin province","Ferocactus","Mexico",23.7000007629395,21.8333339691162,10,90.9557571411133,232,35,31.4500122070312,-2.07827758789062
"Ferocactus recurvus",-96.940055,17.706905,"Balsas Basin province","Ferocactus","Mexico",23.1000003814697,21.9500007629395,5,94.7619094848633,167,20,9.54568099975586,4.34239959716797
"Ferocactus recurvus",-97.780317,17.741705,"Balsas Basin province","Ferocactus","Mexico",23.5,18.966667175293,4,97.2905502319336,233,14,5.39599943161011,0.362625122070312
"Ferocactus recurvus",-96.934369,17.74283,"Balsas Basin province","Ferocactus","Mexico",23.1999988555908,21.716667175293,5,94.9115142822266,168,22,5.65451669692993,-1.54219818115234
"Ferocactus recurvus",-97.183833,17.744472,"Sierra Madre del Sur province","Ferocactus","Mexico",18.2999992370605,10.7666664123535,6,90.8706207275391,214,38,5.96702289581299,-1.64486694335938
"Ferocactus recurvus",-98.158494,17.76085,"Balsas Basin province","Ferocactus","Mexico",22.8000011444092,22.0833339691162,4,99.6335220336914,251,18,17.0592021942139,0.514785766601562
"Ferocactus recurvus",-97.680645,17.765852,"Sierra Madre del Sur province","Ferocactus","Mexico",22.6000003814697,17.75,4,94.6693572998047,230,12,17.0347385406494,-2.02870178222656
"Ferocactus recurvus",-97.685452,17.766997,"Sierra Madre del Sur province","Ferocactus","Mexico",22.9000015258789,18.1333332061768,4,94.5445327758789,227,13,16.5455112457275,-1.56497192382812
"Ferocactus recurvus",-96.99361,17.76942,"Balsas Basin province","Ferocactus","Mexico",24,22.3333339691162,5,96.372428894043,168,19,22.0071907043457,1.80924987792969
"Ferocactus recurvus",-97.094237,17.77987,"Balsas Basin province","Ferocactus","Mexico",21.6000003814697,15.966667175293,6,92.9512329101562,213,54,9.48925304412842,0.585281372070312
"Ferocactus recurvus",-96.945151,17.789428,"Balsas Basin province","Ferocactus","Mexico",23.5,21.5666656494141,10,91.8392639160156,210,33,8.72335529327393,2.03799438476562
"Ferocactus recurvus",-97.729829,17.793064,"Balsas Basin province","Ferocactus","Mexico",22.5,17.8166656494141,4,95.2426605224609,241,13,28.5995769500732,4.55743408203125
"Ferocactus recurvus",-97.430254,17.796314,"Sierra Madre del Sur province","Ferocactus","Mexico",22,13.6333332061768,5,90.3023529052734,228,26,27.402307510376,0.285858154296875
"Ferocactus recurvus",-96.904027,17.7968,"Sierra Madre del Sur province","Ferocactus","Mexico",20.8999996185303,17.25,16,90.8260116577148,338,109,24.933931350708,0.741561889648438
"Ferocactus recurvus",-97.3436,17.7976,"Sierra Madre del Sur province","Ferocactus","Mexico",23.6999988555908,15.5333337783813,4,89.6006011962891,183,20,4.27481603622437,-0.132888793945312
"Ferocactus recurvus",-96.953788,17.801078,"Balsas Basin province","Ferocactus","Mexico",23.4999980926514,21.7000007629395,10,92.6637802124023,210,32,27.0377464294434,-0.26202392578125
"Ferocactus recurvus",-97.492861,17.804389,"Sierra Madre del Sur province","Ferocactus","Mexico",21.3999996185303,13.1833333969116,6,92.0139923095703,242,26,5.76877641677856,0.506805419921875
"Ferocactus recurvus",-97.47111,17.80667,"Sierra Madre del Sur province","Ferocactus","Mexico",22.3999996185303,14.1166667938232,5,90.0805282592773,230,25,1.75303113460541,-0.133056640625
"Ferocactus recurvus",-97.001786,17.813478,"Balsas Basin province","Ferocactus","Mexico",23.9000015258789,22.2999992370605,5,99.1375198364258,158,16,15.9164981842041,0.195304870605469
"Ferocactus recurvus",-97.249028,17.815722,"Sierra Madre del Sur province","Ferocactus","Mexico",21.5999984741211,13.5,5,91.3970489501953,184,26,4.42803144454956,0.056427001953125
"Ferocactus recurvus",-97.549994,17.817531,"Sierra Madre del Sur province","Ferocactus","Mexico",21.2000007629395,13.9499998092651,5,90.4338607788086,243,26,13.702880859375,0.336151123046875
"Ferocactus recurvus",-97.550025,17.817942,"Sierra Madre del Sur province","Ferocactus","Mexico",20.4000015258789,13.1166667938232,5,92.1004638671875,250,25,13.3232727050781,0.272735595703125
"Ferocactus recurvus",-96.971209,17.82118,"Balsas Basin province","Ferocactus","Mexico",23.6999988555908,22.0166664123535,5,97.9348373413086,172,19,6.48638296127319,-0.713768005371094
"Ferocactus recurvus",-97.340412,17.822452,"Sierra Madre del Sur province","Ferocactus","Mexico",22.9000015258789,14.3833332061768,5,89.3339767456055,200,25,7.76918983459473,1.31085205078125
"Ferocactus recurvus",-96.96472,17.82845,"Balsas Basin province","Ferocactus","Mexico",23.8999996185303,21.75,12,90.9941101074219,240,40,13.8574047088623,1.71728515625
"Ferocactus recurvus",-97.236139,17.831578,"Sierra Madre del Sur province","Ferocactus","Mexico",21.5,13.5333337783813,5,91.467643737793,183,26,6.77671051025391,0.422210693359375
"Ferocactus recurvus",-97.732554,17.833341,"Balsas Basin province","Ferocactus","Mexico",23.7999992370605,18.8333339691162,5,93.4676895141602,213,27,2.8736789226532,-0.34039306640625
"Ferocactus recurvus",-97.229972,17.839306,"Sierra Madre del Sur province","Ferocactus","Mexico",22,14.3166666030884,5,92.2149887084961,175,26,23.8611927032471,0.220916748046875
"Ferocactus recurvus",-96.974639,17.839861,"Balsas Basin province","Ferocactus","Mexico",23.8999977111816,21.966667175293,8,93.196403503418,214,31,10.8466291427612,-0.214698791503906
"Ferocactus recurvus",-97.016538,17.843522,"Balsas Basin province","Ferocactus","Mexico",23.7999992370605,22.5,3,102.913551330566,143,12,10.6607656478882,-2.38359069824219
"Ferocactus recurvus",-97.496757,17.850148,"Sierra Madre del Sur province","Ferocactus","Mexico",21.2999992370605,13.4500007629395,6,88.6686630249023,238,31,4.52542543411255,-0.4892578125
"Ferocactus recurvus",-97.35689,17.852849,"Sierra Madre del Sur province","Ferocactus","Mexico",22.5,13.7666664123535,4,93.4326324462891,211,21,35.4156608581543,0.304840087890625
"Ferocactus recurvus",-97.36238,17.858719,"Sierra Madre del Sur province","Ferocactus","Mexico",23.2999992370605,14.4499998092651,4,93.6122131347656,202,17,25.0911045074463,1.12313842773438
"Ferocactus recurvus",-97.040364,17.860454,"Balsas Basin province","Ferocactus","Mexico",24.1999988555908,22.3166675567627,6,97.1952056884766,182,21,11.2612276077271,0.886123657226562
"Ferocactus recurvus",-97.046059,17.861927,"Balsas Basin province","Ferocactus","Mexico",24.5000019073486,22.0166664123535,9,93.3922119140625,203,31,23.593822479248,1.57766723632812
"Ferocactus recurvus",-97.566105,17.865222,"Sierra Madre del Sur province","Ferocactus","Mexico",18.8000011444092,11.4499998092651,5,93.7937927246094,267,26,28.1149806976318,1.330322265625
"Ferocactus recurvus",-96.023889,17.867778,"Veracruzan province","Ferocactus","Mexico",18.3999977111816,22.283332824707,53,84.9233551025391,640,217,4.3247127532959,-1.17365169525146
"Ferocactus recurvus",-97.02482,17.868905,"Balsas Basin province","Ferocactus","Mexico",24,22.533332824707,4,100.58415222168,152,16,26.9277439117432,-1.12949371337891
"Ferocactus recurvus",-97.352654,17.872938,"Sierra Madre del Sur province","Ferocactus","Mexico",23.7000007629395,14.8999996185303,4,90.0738220214844,188,19,6.6032280921936,-1.65328979492188
"Ferocactus recurvus",-96.990802,17.873133,"Balsas Basin province","Ferocactus","Mexico",23.8999977111816,22.3833332061768,5,99.8041915893555,169,20,16.7614479064941,-4.52081298828125
"Ferocactus recurvus",-97.347357,17.874354,"Sierra Madre del Sur province","Ferocactus","Mexico",23.5,14.8500003814697,5,90.7393112182617,186,18,3.72529530525208,0.068572998046875
"Ferocactus recurvus",-97.341,17.874389,"Sierra Madre del Sur province","Ferocactus","Mexico",23.3999996185303,14.8000001907349,5,90.4008483886719,186,19,4.36963129043579,-0.061187744140625
"Ferocactus recurvus",-97.316458,17.879582,"Sierra Madre del Sur province","Ferocactus","Mexico",21.3999996185303,13.4166660308838,5,91.5913696289062,207,25,11.5952768325806,-0.261444091796875
"Ferocactus recurvus",-97.190669,17.883137,"Sierra Madre del Sur province","Ferocactus","Mexico",20.7000007629395,13.6166667938232,5,91.5427017211914,183,34,5.96092081069946,-1.15054321289062
"Ferocactus recurvus",-97.346692,17.883494,"Sierra Madre del Sur province","Ferocactus","Mexico",23.9000015258789,15.2833337783813,4,89.1032943725586,176,20,11.2423448562622,1.26263427734375
"Ferocactus recurvus",-96.97348,17.88916,"Balsas Basin province","Ferocactus","Mexico",23.7999992370605,21.9166660308838,7,96.0062713623047,198,27,14.5524845123291,-3.03105163574219
"Ferocactus recurvus",-96.997322,17.893211,"Balsas Basin province","Ferocactus","Mexico",23.9000015258789,22.6833324432373,5,99.732063293457,157,17,28.0783271789551,0.965469360351562
"Ferocactus recurvus",-97.349368,17.900482,"Sierra Madre del Sur province","Ferocactus","Mexico",23.3000011444092,14.7333335876465,4,92.3395614624023,194,19,8.06518268585205,1.0875244140625
"Ferocactus recurvus",-96.994127,17.900707,"Balsas Basin province","Ferocactus","Mexico",24.0000019073486,22.6666660308838,5,98.9884262084961,160,18,12.1904697418213,-0.149581909179688
"Ferocactus recurvus",-96.968925,17.903281,"Balsas Basin province","Ferocactus","Mexico",23.7999992370605,21.8833332061768,7,96.5708618164062,198,27,7.76161432266235,-0.897933959960938
"Ferocactus recurvus",-97.429171,17.907967,"Sierra Madre del Sur province","Ferocactus","Mexico",22.3999996185303,14.1166667938232,6,90.6854248046875,228,26,4.16348028182983,-3.54855346679688
"Ferocactus recurvus",-97.452861,17.912123,"Sierra Madre del Sur province","Ferocactus","Mexico",21.5999984741211,13.8333330154419,6,91.3245010375977,232,26,10.9620933532715,-1.13406372070312
"Ferocactus recurvus",-97.339804,17.912253,"Sierra Madre del Sur province","Ferocactus","Mexico",22.2999992370605,13.8500003814697,5,91.6538009643555,208,24,15.9342422485352,-0.337371826171875
"Ferocactus recurvus",-97.415245,17.930958,"Sierra Madre del Sur province","Ferocactus","Mexico",23,14.6333332061768,5,92.6698684692383,224,21,10.2886610031128,1.05908203125
"Ferocactus recurvus",-97.51743,17.933182,"Sierra Madre del Sur province","Ferocactus","Mexico",19.4000015258789,12.2333335876465,5,91.7231903076172,243,27,34.5312347412109,3.42266845703125
"Ferocactus recurvus",-97.414888,17.93373,"Sierra Madre del Sur province","Ferocactus","Mexico",22.8000011444092,14.6333332061768,5,92.5269393920898,225,22,3.50836944580078,0.14984130859375
"Ferocactus recurvus",-97.044181,17.934611,"Balsas Basin province","Ferocactus","Mexico",24.6000022888184,22.5,7,95.8461227416992,183,25,2.24997615814209,-0.259414672851562
"Ferocactus recurvus",-97.413545,17.949296,"Sierra Madre del Sur province","Ferocactus","Mexico",22.7999992370605,14.6666669845581,6,90.7577438354492,226,26,17.3433380126953,-0.90472412109375
"Ferocactus recurvus",-96.974306,17.956778,"Balsas Basin province","Ferocactus","Mexico",24.8000011444092,21.466667175293,19,87.9040832519531,325,66,18.5310325622559,-2.98524475097656
"Ferocactus recurvus",-97.421255,17.964886,"Sierra Madre del Sur province","Ferocactus","Mexico",22.5,14.6666669845581,5,93.733757019043,229,20,6.8894190788269,-1.52008056640625
"Ferocactus recurvus",-97.431366,17.98439,"Sierra Madre del Sur province","Ferocactus","Mexico",22.2000007629395,14.966667175293,5,92.5205688476562,226,23,13.1535167694092,1.43087768554688
"Ferocactus recurvus",-97.398155,18.012647,"Sierra Madre del Sur province","Ferocactus","Mexico",23.2999992370605,16.6333332061768,5,90.1468200683594,189,25,11.0727109909058,0.7135009765625
"Ferocactus recurvus",-97.566667,18.016667,"Sierra Madre del Sur province","Ferocactus","Mexico",19,12.033332824707,3,95.0602264404297,248,18,35.514274597168,0.639617919921875
"Ferocactus recurvus",-97.056389,18.017222,"Balsas Basin province","Ferocactus","Mexico",24.7000007629395,22,9,93.4331130981445,228,34,8.34647083282471,-1.07905578613281
"Ferocactus recurvus",-97.575,18.025,"Sierra Madre del Sur province","Ferocactus","Mexico",19.0999984741211,12.1999998092651,2,96.2143173217773,247,15,28.0580921173096,-0.377197265625
"Ferocactus recurvus",-97.382469,18.03123,"Balsas Basin province","Ferocactus","Mexico",23.3000011444092,17.25,5,90.0266265869141,189,31,30.8383388519287,-0.165847778320312
"Ferocactus recurvus",-97.550917,18.032306,"Sierra Madre del Sur province","Ferocactus","Mexico",19.9000015258789,12.9333333969116,3,95.46630859375,241,17,26.2910919189453,1.70773315429688
"Ferocactus recurvus",-97.428045,18.067828,"Balsas Basin province","Ferocactus","Mexico",24.1000003814697,19.4333343505859,5,94.5602416992188,160,19,12.7397909164429,-1.31617736816406
"Ferocactus recurvus",-97.016101,18.08879,"Sierra Madre del Sur province","Ferocactus","Mexico",21.3999996185303,16.9166660308838,15,92.2684478759766,358,69,18.9614639282227,0.028839111328125
"Ferocactus recurvus",-97.68811,18.093452,"Balsas Basin province","Ferocactus","Mexico",20.9000015258789,17.1000003814697,4,97.3422317504883,217,16,9.71026039123535,-1.06977844238281
"Ferocactus recurvus",-97.624416,18.122171,"Balsas Basin province","Ferocactus","Mexico",20.7000007629395,14.8333330154419,3,99.3172378540039,238,13,37.6986312866211,-0.179840087890625
"Ferocactus recurvus",-97.080344,18.145103,"Balsas Basin province","Ferocactus","Mexico",26.5,21.283332824707,12,88.6670837402344,233,43,4.59975385665894,-0.366455078125
"Ferocactus recurvus",-97.204077,18.145747,"Balsas Basin province","Ferocactus","Mexico",25.7000007629395,21.4166660308838,3,98.355827331543,145,12,18.3492450714111,-3.53924560546875
"Ferocactus recurvus",-97.79607,18.147499,"Balsas Basin province","Ferocactus","Mexico",19.7999992370605,18.8333339691162,5,96.4448013305664,203,19,28.6872692108154,1.09260559082031
"Ferocactus recurvus",-97.242737,18.156291,"Balsas Basin province","Ferocactus","Mexico",24.8999996185303,20.783332824707,4,98.1403274536133,151,16,11.8316946029663,2.22459411621094
"Ferocactus recurvus",-97.171678,18.169738,"Balsas Basin province","Ferocactus","Mexico",26.3999996185303,21.6166667938232,4,95.7782592773438,154,15,1.74717354774475,0.101051330566406
"Ferocactus recurvus",-97.18943,18.170278,"Balsas Basin province","Ferocactus","Mexico",26.1999988555908,21.533332824707,4,96.318733215332,141,14,4.27890253067017,0.239524841308594
"Ferocactus recurvus",-97.656178,18.177647,"Balsas Basin province","Ferocactus","Mexico",21.4000015258789,17.7000007629395,4,95.1167602539062,193,14,7.85422039031982,0.45025634765625
"Ferocactus recurvus",-97.739195,18.180999,"Balsas Basin province","Ferocactus","Mexico",21.4999980926514,19.3500003814697,5,93.6980285644531,153,16,5.73244524002075,1.36054992675781
"Ferocactus recurvus",-97.689854,18.216741,"Balsas Basin province","Ferocactus","Mexico",20.2999992370605,17.3333339691162,4,97.9785003662109,220,13,17.2119770050049,-0.068603515625
"Ferocactus recurvus",-97.72525,18.222455,"Balsas Basin province","Ferocactus","Mexico",20.0999984741211,18.2333335876465,4,97.8453140258789,208,13,27.3399543762207,-2.75682067871094
"Mammillaria albilanata",-96.093055,15.961389,"Pacific Lowlands province","Mammillaria","No",13,22.3666667938232,6,98.7475128173828,443,29,23.4585914611816,-1.28276824951172
"Mammillaria albilanata",-96.516667,16.233333,"Sierra Madre del Sur province","Mammillaria","No",15.4000005722046,15.8500003814697,11,88.7181167602539,331,57,13.0911026000977,1.24655151367188
"Mammillaria albilanata",-96.678974,16.250303,"Sierra Madre del Sur province","Mammillaria","No",16.5,15.8500003814697,10,89.3943786621094,322,52,3.05746793746948,0.45892333984375
"Mammillaria albilanata",-96.670288,16.251638,"Sierra Madre del Sur province","Mammillaria","No",16.3999996185303,15.6999998092651,11,88.8998794555664,324,56,8.48191833496094,-1.01348876953125
"Mammillaria albilanata",-96.660983,16.253325,"Sierra Madre del Sur province","Mammillaria","No",15.8999996185303,15.3333330154419,12,88.0712890625,332,62,18.9774436950684,-0.6885986328125
"Mammillaria albilanata",-96.657249,16.253635,"Sierra Madre del Sur province","Mammillaria","No",16.0999984741211,15.6499996185303,12,87.834098815918,326,61,22.3287982940674,1.9154052734375
"Mammillaria albilanata",-96.687816,16.255014,"Sierra Madre del Sur province","Mammillaria","No",16.5,15.8999996185303,10,89.4803619384766,324,51,9.82726955413818,0.104461669921875
"Mammillaria albilanata",-96.669934,16.264524,"Sierra Madre del Sur province","Mammillaria","No",16.7000007629395,15.9333333969116,11,88.4877777099609,318,54,6.43669414520264,-2.58621215820312
"Mammillaria albilanata",-96.652127,16.267007,"Sierra Madre del Sur province","Mammillaria","No",16.7000007629395,16.1666660308838,11,88.2717590332031,313,54,19.0133686065674,1.68034362792969
"Mammillaria albilanata",-96.674121,16.267515,"Sierra Madre del Sur province","Mammillaria","No",17.1000003814697,16.3333339691162,11,88.017448425293,307,51,1.22053372859955,3.98974609375
"Mammillaria albilanata",-96.665338,16.268282,"Sierra Madre del Sur province","Mammillaria","No",16.8999996185303,16.2999992370605,11,87.9710083007812,309,52,9.9416971206665,-6.9136962890625
"Mammillaria albilanata",-96.681172,16.278677,"Sierra Madre del Sur province","Mammillaria","No",17.5,16.3833332061768,10,88.6596069335938,302,45,21.3930778503418,-4.08334350585938
"Mammillaria albilanata",-96.683802,16.279485,"Sierra Madre del Sur province","Mammillaria","No",16.8999996185303,15.7666664123535,10,90.1445770263672,320,49,35.4173889160156,-4.37847900390625
"Mammillaria albilanata",-96.643573,16.279684,"Sierra Madre del Sur province","Mammillaria","No",17.5,17.0833339691162,9,87.4987411499023,283,44,42.0613136291504,-4.90577697753906
"Mammillaria albilanata",-96.638686,16.280263,"Sierra Madre del Sur province","Mammillaria","No",17.7000007629395,17.4833335876465,8,87.1711654663086,266,38,21.8212490081787,0.835357666015625
"Mammillaria albilanata",-96.638625,16.283429,"Sierra Madre del Sur province","Mammillaria","No",17.7999992370605,17.5833339691162,8,88.1663436889648,269,38,10.0728731155396,-0.103469848632812
"Mammillaria albilanata",-96.656454,16.284091,"Sierra Madre del Sur province","Mammillaria","No",17.8999996185303,17.3500003814697,9,87.5838623046875,274,41,23.4468173980713,0.461715698242188
"Mammillaria albilanata",-96.649412,16.288151,"Sierra Madre del Sur province","Mammillaria","No",17.6999988555908,17.283332824707,9,87.9811553955078,279,43,15.6316061019897,-0.091583251953125
"Mammillaria albilanata",-96.630206,16.289134,"Sierra Madre del Sur province","Mammillaria","No",18,17.8166656494141,7,88.2101364135742,261,36,13.17493724823,-0.431961059570312
"Mammillaria albilanata",-96.630062,16.291824,"Sierra Madre del Sur province","Mammillaria","No",17.5999984741211,17.533332824707,9,88.9160995483398,284,44,24.8082485198975,5.42716979980469
"Mammillaria albilanata",-96.640106,16.292374,"Sierra Madre del Sur province","Mammillaria","No",18,17.7666664123535,8,88.7908096313477,265,36,28.3348922729492,0.826553344726562
"Mammillaria albilanata",-96.646242,16.298342,"Sierra Madre del Sur province","Mammillaria","No",17.8999996185303,17.4166660308838,8,88.4725799560547,279,42,4.86986637115479,1.17283630371094
"Mammillaria albilanata",-96.6483,16.300303,"Sierra Madre del Sur province","Mammillaria","No",18.2999992370605,17.8500003814697,7,89.2866134643555,265,34,23.5328311920166,-0.231124877929688
"Mammillaria albilanata",-96.63131,16.300983,"Sierra Madre del Sur province","Mammillaria","No",18.2000007629395,18.0499992370605,7,89.4585342407227,263,35,12.8193807601929,2.11485290527344
"Mammillaria albilanata",-96.628676,16.308656,"Sierra Madre del Sur province","Mammillaria","No",18.9000015258789,18.6166667938232,5,89.6507110595703,241,26,13.0777435302734,1.57908630371094
"Mammillaria albilanata",-96.624425,16.309883,"Sierra Madre del Sur province","Mammillaria","No",19.0999984741211,18.8333339691162,4,89.6379470825195,236,24,16.6089382171631,-0.302352905273438
"Mammillaria albilanata",-96.638351,16.315689,"Sierra Madre del Sur province","Mammillaria","No",18.8999996185303,18.466667175293,5,89.5605239868164,246,26,8.17220401763916,-0.1456298828125
"Mammillaria albilanata",-96.643021,16.316338,"Sierra Madre del Sur province","Mammillaria","No",18.5,18.0666656494141,6,89.9333801269531,261,32,8.35841274261475,0.5511474609375
"Mammillaria albilanata",-96.637662,16.316951,"Sierra Madre del Sur province","Mammillaria","No",19.0999984741211,18.716667175293,5,90.4298477172852,241,23,12.5233764648438,-0.42144775390625
"Mammillaria albilanata",-96.546576,16.318611,"Balsas Basin province","Mammillaria","No",19.7999992370605,19.9500007629395,5,91.8002624511719,209,22,20.2938995361328,-0.644149780273438
"Mammillaria albilanata",-95.199418,16.349385,"Pacific Lowlands province","Mammillaria","No",16.5,26.3666667938232,2,114.940132141113,268,8,0.183278039097786,-0.050363302230835
"Mammillaria albilanata",-96.466667,16.383333,"Balsas Basin province","Mammillaria","No",19.5,20.466667175293,2,95.4497909545898,202,12,7.2361912727356,-0.2493896484375
"Mammillaria albilanata",-96.665653,16.384904,"Balsas Basin province","Mammillaria","No",20.1999988555908,20.1000003814697,1,96.3119659423828,251,10,1.94648516178131,0.852645874023438
"Mammillaria albilanata",-96.479649,16.398246,"Balsas Basin province","Mammillaria","No",18.7999992370605,20.3333339691162,2,97.6859359741211,163,9,8.34114360809326,-0.492279052734375
"Mammillaria albilanata",-96.475975,16.400503,"Balsas Basin province","Mammillaria","No",18.2999992370605,20.1666660308838,2,97.4892883300781,168,11,22.4622955322266,-0.62548828125
"Mammillaria albilanata",-95.452778,16.403333,"Pacific Lowlands province","Mammillaria","No",17.4999980926514,24.9333324432373,1,111.547805786133,185,5,19.1083393096924,-3.60424041748047
"Mammillaria albilanata",-96.96342,16.44116,"Sierra Madre del Sur province","Mammillaria","No",18.7000007629395,18.4499988555908,3,95.1128921508789,359,29,6.22372722625732,0.73797607421875
"Mammillaria albilanata",-96.21666,16.476667,"Sierra Madre del Sur province","Mammillaria","No",17.5,19.6333332061768,4,99.5452423095703,181,16,1.76426434516907,5.0361328125
"Mammillaria albilanata",-96.350351,16.535162,"Sierra Madre del Sur province","Mammillaria","No",18.6000003814697,21.25,1,99.0739974975586,200,8,26.0120830535889,-0.97003173828125
"Mammillaria albilanata",-97.0775,16.541389,"Sierra Madre del Sur province","Mammillaria","No",17,16.5499992370605,6,97.8404159545898,341,37,20.8923492431641,1.79824829101562
"Mammillaria albilanata",-96.338711,16.561306,"Pacific Lowlands province","Mammillaria","No",19.7999992370605,21.6666660308838,3,99.5553512573242,265,12,12.8609066009521,-7.20628356933594
"Mammillaria albilanata",-94.891953,16.569186,"Pacific Lowlands province","Mammillaria","No",15.2999992370605,24.3166656494141,3,111.19221496582,298,12,19.8758182525635,0.19927716255188
"Mammillaria albilanata",-96.364425,16.572323,"Sierra Madre del Sur province","Mammillaria","No",19.9000015258789,21.8500003814697,2,99.5075607299805,269,11,20.6507778167725,-2.3787841796875
"Mammillaria albilanata",-94.833,16.583,"Pacific Lowlands province","Mammillaria","No",15.4999980926514,24.1666660308838,4,109.183059692383,300,14,1.92389738559723,0.160499572753906
"Mammillaria albilanata",-96.355743,16.62639,"Sierra Madre del Sur province","Mammillaria","No",19.2000007629395,20.8166656494141,2,98.2307739257812,224,10,25.5092945098877,-0.427398681640625
"Mammillaria albilanata",-95.015737,16.65247,"Pacific Lowlands province","Mammillaria","No",15.3000011444092,23.7333335876465,4,111.307357788086,283,15,14.5707931518555,-0.645090103149414
"Mammillaria albilanata",-96.984925,16.657309,"Sierra Madre del Sur province","Mammillaria","No",18.2000007629395,16.5666675567627,4,96.0335006713867,308,34,16.2208671569824,-0.285354614257812
"Mammillaria albilanata",-96.10027,16.66166,"Pacific Lowlands province","Mammillaria","No",20.8999996185303,21.9333324432373,4,96.9872360229492,238,16,26.6906566619873,-0.0520782470703125
"Mammillaria albilanata",-96.138669,16.668536,"Pacific Lowlands province","Mammillaria","No",20.5,22.2000007629395,4,99.1607437133789,251,15,22.7824363708496,-0.294677734375
"Mammillaria albilanata",-96.993575,16.689411,"Sierra Madre del Sur province","Mammillaria","No",17.2000007629395,15.3333330154419,5,95.3358306884766,294,44,10.1001205444336,0.613525390625
"Mammillaria albilanata",-95.792406,16.752653,"Pacific Lowlands province","Mammillaria","No",20.2000007629395,22.4833335876465,10,95.1650085449219,240,35,15.8389339447021,4.12741851806641
"Mammillaria albilanata",-96.746341,16.841354,"Balsas Basin province","Mammillaria","No",24.1000003814697,19.8666667938232,2,93.3374938964844,313,19,0.796002268791199,-0.0859832763671875
"Mammillaria albilanata",-96.344801,16.843431,"Sierra Madre del Sur province","Mammillaria","No",17.7000007629395,16.6666660308838,1,95.3137054443359,237,20,19.5827503204346,2.07159423828125
"Mammillaria albilanata",-97.58569,16.84397,"Sierra Madre del Sur province","Mammillaria","No",17.9000015258789,16.8833332061768,8,100.660949707031,401,29,18.7130184173584,-0.03125
"Mammillaria albilanata",-97.580435,16.845628,"Sierra Madre del Sur province","Mammillaria","No",18.1000003814697,17.3333339691162,8,99.9348297119141,409,29,20.5072078704834,-5.02317810058594
"Mammillaria albilanata",-96.277162,16.862888,"Sierra Madre del Sur province","Mammillaria","No",19.7000007629395,18.75,3,94.1548461914062,276,22,27.8170433044434,1.48654174804688
"Mammillaria albilanata",-96.275822,16.866719,"Sierra Madre del Sur province","Mammillaria","No",18.2999992370605,17.8333339691162,2,95.2834625244141,255,19,18.7760772705078,-0.543487548828125
"Mammillaria albilanata",-96.27442,16.868589,"Pacific Lowlands province","Mammillaria","No",18.7999992370605,18.3166656494141,3,94.1707458496094,266,20,17.9747257232666,-0.0080413818359375
"Mammillaria albilanata",-96.443442,16.900447,"Balsas Basin province","Mammillaria","No",21.7000007629395,18.8166656494141,2,93.3020553588867,271,17,4.07198190689087,0.364578247070312
"Mammillaria albilanata",-96.386142,16.945717,"Sierra Madre del Sur province","Mammillaria","No",19.7999992370605,18.1833324432373,2,91.2007751464844,126,27,20.5311088562012,-0.374786376953125
"Mammillaria albilanata",-97.232244,16.996368,"Sierra Madre del Sur province","Mammillaria","No",20.3999996185303,18.2666664123535,5,95.1680297851562,329,21,14.4939308166504,0.339401245117188
"Mammillaria albilanata",-97.387779,17.002486,"Sierra Madre del Sur province","Mammillaria","No",22.5000019073486,20.4833335876465,6,99.3345794677734,431,21,36.1510467529297,0.451309204101562
"Mammillaria albilanata",-96.869026,17.043375,"Sierra Madre del Sur province","Mammillaria","No",20.8000011444092,17.8166675567627,3,92.5172729492188,262,25,13.002329826355,-1.69091796875
"Mammillaria albilanata",-96.90965,17.053715,"Sierra Madre del Sur province","Mammillaria","No",18.7000007629395,16.1166667938232,4,92.2036590576172,258,33,26.2477588653564,-0.913925170898438
"Mammillaria albilanata",-96.103081,17.079132,"Sierra Madre del Sur province","Mammillaria","No",16.2000007629395,15.3333330154419,17,83.8082962036133,337,118,15.0024366378784,6.99617004394531
"Mammillaria albilanata",-96.108489,17.082073,"Sierra Madre del Sur province","Mammillaria","No",16.7000007629395,15.75,18,83.3812942504883,346,121,17.6243476867676,-7.3721923828125
"Mammillaria albilanata",-96.784221,17.086953,"Balsas Basin province","Mammillaria","No",22.8999996185303,19.4500007629395,2,93.0070037841797,252,19,24.8896045684814,-2.85574340820312
"Mammillaria albilanata",-96.806959,17.08768,"Balsas Basin province","Mammillaria","No",23.5999984741211,19.6499996185303,3,92.8361663818359,251,18,7.23462009429932,0.061187744140625
"Mammillaria albilanata",-96.797708,17.090509,"Balsas Basin province","Mammillaria","No",23.5,19.6499996185303,3,93.1100234985352,250,18,0.747515141963959,0.216033935546875
"Mammillaria albilanata",-96.457908,17.129224,"Sierra Madre del Sur province","Mammillaria","No",14.0999994277954,8.83333301544189,10,84.7798461914062,362,61,14.9491882324219,-3.11614990234375
"Mammillaria albilanata",-97.52947,17.13155,"Sierra Madre del Sur province","Mammillaria","No",20.1000003814697,17.6499996185303,6,96.61474609375,305,20,16.7259864807129,-2.50962829589844
"Mammillaria albilanata",-96.782398,17.190781,"Balsas Basin province","Mammillaria","No",22.8999996185303,19.2333335876465,3,92.524658203125,250,21,2.69588208198547,0.0874481201171875
"Mammillaria albilanata",-97.28994,17.21913,"Sierra Madre del Sur province","Mammillaria","No",19.4000015258789,15.2999992370605,6,91.4859924316406,266,21,26.6573162078857,-0.1876220703125
"Mammillaria albilanata",-96.492465,17.254225,"Sierra Madre del Sur province","Mammillaria","No",18.7000007629395,14.1333341598511,10,83.9634475708008,105,82,32.5947494506836,2.60028076171875
"Mammillaria albilanata",-96.490591,17.255614,"Sierra Madre del Sur province","Mammillaria","No",19,14.3500003814697,12,83.4458465576172,283,90,29.167537689209,4.2181396484375
"Mammillaria albilanata",-96.477634,17.258099,"Sierra Madre del Sur province","Mammillaria","No",17.6999988555908,13.4333333969116,10,84.2963256835938,259,81,9.26208019256592,-1.07254028320312
"Mammillaria albilanata",-96.474113,17.258873,"Balsas Basin province","Mammillaria","No",17.3999996185303,13.25,10,84.6948928833008,263,83,25.2067031860352,0.933197021484375
"Mammillaria albilanata",-96.48803,17.259864,"Sierra Madre del Sur province","Mammillaria","No",19.2000007629395,14.5333337783813,13,83.8773574829102,288,91,20.2237529754639,-2.44828796386719
"Mammillaria albilanata",-96.526597,17.304963,"Balsas Basin province","Mammillaria","No",22.2000007629395,17.216667175293,13,81.3690643310547,299,81,1.4269847869873,-2.00718688964844
"Mammillaria albilanata",-97.1992,17.312833,"Sierra Madre del Sur province","Mammillaria","No",21,15.9333333969116,3,94.8542709350586,251,14,14.8206729888916,1.55612182617188
"Mammillaria albilanata",-96.44444,17.32028,"Sierra Madre del Sur province","Mammillaria","No",17.7000007629395,13.7166662216187,17,83.1323776245117,330,127,32.5493583679199,-1.37496948242188
"Mammillaria albilanata",-97.130273,17.335774,"Sierra Madre del Sur province","Mammillaria","No",19.9000015258789,14.8166666030884,3,95.6996154785156,244,20,13.3017644882202,1.7132568359375
"Mammillaria albilanata",-96.92516,17.370764,"Sierra Madre del Sur province","Mammillaria","No",18.7999992370605,14.5166664123535,5,95.080940246582,251,25,7.9511194229126,-2.96450805664062
"Mammillaria albilanata",-96.930951,17.439065,"Sierra Madre del Sur province","Mammillaria","No",18.3999996185303,13.8333330154419,5,95.4188537597656,243,25,12.115795135498,3.71047973632812
"Mammillaria albilanata",-96.448337,17.453772,"Sierra Madre del Sur province","Mammillaria","No",14.3000001907349,10.8000001907349,19,82.3725128173828,315,130,36.2125587463379,1.81198120117188
"Mammillaria albilanata",-96.935967,17.456464,"Sierra Madre del Sur province","Mammillaria","No",18.7000007629395,14.2166662216187,4,95.7119827270508,227,24,25.3807258605957,1.02767944335938
"Mammillaria albilanata",-97.0855,17.462142,"Sierra Madre del Sur province","Mammillaria","No",19.8999996185303,14.533332824707,3,95.8351745605469,215,19,8.59097671508789,0.61669921875
"Mammillaria albilanata",-97.085307,17.469148,"Sierra Madre del Sur province","Mammillaria","No",21.5,16.1166667938232,5,92.9303970336914,235,31,31.2016830444336,-0.735687255859375
"Mammillaria albilanata",-96.940127,17.484824,"Sierra Madre del Sur province","Mammillaria","No",18.6999988555908,14.1166667938232,6,93.7111892700195,221,30,22.6394004821777,-2.8245849609375
"Mammillaria albilanata",-97.858769,17.50065,"Sierra Madre del Sur province","Mammillaria","No",21.2000007629395,16.3333339691162,5,94.3046340942383,273,18,16.1268768310547,0.894683837890625
"Mammillaria albilanata",-96.912193,17.5163,"Balsas Basin province","Mammillaria","No",19.7000007629395,15.25,7,93.5548400878906,212,36,15.7794284820557,-2.39356994628906
"Mammillaria albilanata",-97.981396,17.5241,"Sierra Madre del Sur province","Mammillaria","No",22.3999996185303,18.7666664123535,4,96.4484939575195,236,17,27.8444194793701,4.54115295410156
"Mammillaria albilanata",-97.521944,17.533778,"Sierra Madre del Sur province","Mammillaria","No",21.1999988555908,13.25,4,92.6553802490234,258,24,8.68540668487549,0.69342041015625
"Mammillaria albilanata",-96.95139,17.53406,"Sierra Madre del Sur province","Mammillaria","No",20.1000003814697,14.9166669845581,6,94.9260177612305,216,36,12.656641960144,-0.55474853515625
"Mammillaria albilanata",-96.908361,17.543712,"Balsas Basin province","Mammillaria","No",20.0999984741211,15.7666664123535,7,95.0954055786133,223,40,37.2089881896973,0.875045776367188
"Mammillaria albilanata",-97.314864,17.549328,"Sierra Madre del Sur province","Mammillaria","No",21.5,13.8333339691162,3,92.6489715576172,219,20,18.1790618896484,-0.59295654296875
"Mammillaria albilanata",-96.947067,17.550083,"Balsas Basin province","Mammillaria","No",20.6000003814697,16.216667175293,9,92.6740188598633,245,50,29.1496543884277,-0.039154052734375
"Mammillaria albilanata",-96.945556,17.567528,"Balsas Basin province","Mammillaria","No",21.7000007629395,18.1166667938232,13,91.3818511962891,278,39,17.3313369750977,3.77958679199219
"Mammillaria albilanata",-97.468667,17.56825,"Sierra Madre del Sur province","Mammillaria","No",20.7000007629395,12.5500001907349,5,93.3259429931641,254,23,23.7734146118164,-0.30908203125
"Mammillaria albilanata",-97.070358,17.576097,"Sierra Madre del Sur province","Mammillaria","No",19.3999996185303,13.3000001907349,3,96.7948760986328,178,21,17.6222991943359,5.7867431640625
"Mammillaria albilanata",-97.433,17.583,"Sierra Madre del Sur province","Mammillaria","No",21.5,13.3166666030884,5,90.6301116943359,240,25,4.9733624458313,-0.153350830078125
"Mammillaria albilanata",-96.949806,17.585442,"Balsas Basin province","Mammillaria","No",22.2000007629395,19.2999992370605,13,90.0279693603516,285,42,17.7640151977539,-1.80473327636719
"Mammillaria albilanata",-96.952951,17.588672,"Balsas Basin province","Mammillaria","No",20.5,17.8666667938232,11,92.0581207275391,268,34,25.5665626525879,0.098602294921875
"Mammillaria albilanata",-96.94778,17.59306,"Balsas Basin province","Mammillaria","No",22.5999984741211,19.716667175293,13,90.1902236938477,287,41,35.1241836547852,2.51377868652344
"Mammillaria albilanata",-96.93347,17.60772,"Balsas Basin province","Mammillaria","No",23,20.3166656494141,13,89.8951110839844,286,43,25.6017379760742,0.996185302734375
"Mammillaria albilanata",-98.295177,17.631219,"Balsas Basin province","Mammillaria","No",22.2999992370605,20.716667175293,3,103.852203369141,293,16,21.6626358032227,2.70341491699219
"Mammillaria albilanata",-97.285972,17.63498,"Sierra Madre del Sur province","Mammillaria","No",20.7000007629395,12.4833335876465,4,93.6860504150391,213,21,1.66266191005707,-1.90066528320312
"Mammillaria albilanata",-98.04599,17.636128,"Balsas Basin province","Mammillaria","No",22.3999977111816,21.0499992370605,4,96.6201477050781,260,24,28.0396785736084,-1.69403076171875
"Mammillaria albilanata",-98.017745,17.643565,"Balsas Basin province","Mammillaria","No",22.8000011444092,20.9500007629395,4,95.506591796875,258,25,18.1659107208252,2.62619018554688
"Mammillaria albilanata",-97.9622,17.65678,"Sierra Madre del Sur province","Mammillaria","No",22.3999996185303,19.4166660308838,4,97.0096588134766,241,15,21.4226226806641,-3.04434204101562
"Mammillaria albilanata",-96.931343,17.662179,"Balsas Basin province","Mammillaria","No",22.8999977111816,21.9166660308838,4,97.5578918457031,165,14,14.8123960494995,0.173637390136719
"Mammillaria albilanata",-97.25417,17.669766,"Sierra Madre del Sur province","Mammillaria","No",19,11.1166667938232,6,92.4478759765625,241,31,7.91925096511841,0.972991943359375
"Mammillaria albilanata",-97.035,17.676028,"Sierra Madre del Sur province","Mammillaria","No",20.6000003814697,17.0833339691162,7,92.4924850463867,221,53,15.4785804748535,-1.06610107421875
"Mammillaria albilanata",-97.243358,17.683636,"Sierra Madre del Sur province","Mammillaria","No",19,11.0666666030884,6,92.9061431884766,240,30,14.3854160308838,-1.74160766601562
"Mammillaria albilanata",-97.271806,17.6855,"Sierra Madre del Sur province","Mammillaria","No",20.2999992370605,12.0500001907349,3,94.7793121337891,214,18,11.6614799499512,-0.258697509765625
"Mammillaria albilanata",-97.942945,17.687084,"Sierra Madre del Sur province","Mammillaria","No",22.6999988555908,20.1499996185303,5,94.0612487792969,243,19,35.9913787841797,-4.07647705078125
"Mammillaria albilanata",-97.199203,17.693317,"Sierra Madre del Sur province","Mammillaria","No",19.8999996185303,11.9833335876465,4,92.1347274780273,178,25,7.22110891342163,-0.126190185546875
"Mammillaria albilanata",-97.245097,17.695323,"Sierra Madre del Sur province","Mammillaria","No",19.1000003814697,11.1999998092651,5,93.3394165039062,237,28,27.4265613555908,-0.636199951171875
"Mammillaria albilanata",-97.200278,17.696443,"Sierra Madre del Sur province","Mammillaria","No",19.5999984741211,11.75,4,91.9750213623047,188,26,5.55319023132324,0.625823974609375
"Mammillaria albilanata",-97.944283,17.70238,"Balsas Basin province","Mammillaria","No",22.1000003814697,18.966667175293,5,96.1211166381836,243,17,39.1160888671875,2.7337646484375
"Mammillaria albilanata",-97.903748,17.710107,"Balsas Basin province","Mammillaria","No",22.0999984741211,18.25,5,96.1172790527344,247,23,25.6662845611572,1.17695617675781
"Mammillaria albilanata",-96.943221,17.713413,"Balsas Basin province","Mammillaria","No",23.4000015258789,22.033332824707,6,93.9871978759766,184,24,13.7152500152588,1.01615905761719
"Mammillaria albilanata",-97.154975,17.720646,"Sierra Madre del Sur province","Mammillaria","No",20.5999984741211,13.0500001907349,4,92.376953125,162,28,8.39966869354248,-6.29519653320312
"Mammillaria albilanata",-97.320934,17.725252,"Sierra Madre del Sur province","Mammillaria","No",22.5,14.3833332061768,3,92.5466156005859,200,18,8.40727519989014,-0.135589599609375
"Mammillaria albilanata",-96.953961,17.77116,"Balsas Basin province","Mammillaria","No",23.1999988555908,22.033332824707,5,97.1727676391602,165,20,11.978232383728,-2.84033203125
"Mammillaria albilanata",-97.113333,17.791694,"Balsas Basin province","Mammillaria","No",23,17.5166664123535,9,92.1822662353516,243,56,24.1072406768799,-2.80259704589844
"Mammillaria albilanata",-97.180833,17.822222,"Sierra Madre del Sur province","Mammillaria","No",22.7999992370605,16.2333335876465,7,88.6884841918945,204,55,13.5706787109375,-0.48297119140625
"Mammillaria albilanata",-97.812778,17.838889,"Balsas Basin province","Mammillaria","No",22.7000007629395,17.9166660308838,5,94.9498825073242,242,25,16.6357669830322,1.86418151855469
"Mammillaria albilanata",-97.234609,17.846767,"Sierra Madre del Sur province","Mammillaria","No",21.0999984741211,13.2666664123535,5,93.2704544067383,188,23,11.4942474365234,0.56048583984375
"Mammillaria albilanata",-96.979894,17.898263,"Balsas Basin province","Mammillaria","No",23.9000015258789,22.1833324432373,6,98.6001892089844,174,21,2.53498935699463,0.858512878417969
"Mammillaria albilanata",-97.166549,17.94072,"Sierra Madre del Sur province","Mammillaria","No",22.1000003814697,16.7000007629395,8,91.4585113525391,234,57,16.5957775115967,-5.0908203125
"Mammillaria albilanata",-98.041745,17.949431,"Balsas Basin province","Mammillaria","No",22.3999996185303,20.9166660308838,5,98.1414642333984,206,20,16.5981292724609,4.94770812988281
"Mammillaria albilanata",-96.692643,18.042115,"Sierra Madre del Sur province","Mammillaria","No",21.5999984741211,19.3999996185303,89,73.5200576782227,809,384,12.2451601028442,2.13880920410156
"Mammillaria carnea",-97.064944,17.376278,"Sierra Madre del Sur province","Mammillaria","Mexico",22.2999992370605,17.783332824707,4,93.9877166748047,248,16,5.17332935333252,-0.147750854492188
"Mammillaria carnea",-96.837267,17.580984,"Balsas Basin province","Mammillaria","Mexico",23.1000003814697,20.6833343505859,16,89.4497985839844,299,50,13.5053033828735,-2.00274658203125
"Mammillaria carnea",-96.848999,17.588819,"Balsas Basin province","Mammillaria","Mexico",23.1000003814697,21.0499992370605,14,90.7361755371094,275,42,7.31015062332153,3.79453277587891
"Mammillaria carnea",-96.92072,17.62681,"Balsas Basin province","Mammillaria","Mexico",23.2999992370605,21.6166667938232,8,93.2245483398438,222,27,8.77309417724609,-1.95172882080078
"Mammillaria carnea",-96.913051,17.635109,"Balsas Basin province","Mammillaria","Mexico",23.0000019073486,21.7999992370605,7,93.596076965332,197,24,4.81337881088257,0.526329040527344
"Mammillaria carnea",-96.916742,17.637662,"Balsas Basin province","Mammillaria","Mexico",23.2000007629395,21.7333335876465,7,93.4416046142578,200,24,6.84744024276733,-1.70281982421875
"Mammillaria carnea",-96.94672,17.64444,"Balsas Basin province","Mammillaria","Mexico",23.5999984741211,21.5499992370605,9,91.6308135986328,227,31,11.9515132904053,-9.03436279296875
"Mammillaria carnea",-96.929958,17.651322,"Balsas Basin province","Mammillaria","Mexico",22.8999977111816,21.9166660308838,4,95.9946136474609,166,16,2.08543610572815,0.042205810546875
"Mammillaria carnea",-96.941129,17.655421,"Balsas Basin province","Mammillaria","Mexico",23.1999988555908,21.8166675567627,5,95.1820373535156,181,19,8.92114353179932,1.22666931152344
"Mammillaria carnea",-97.06396,17.712662,"Sierra Madre del Sur province","Mammillaria","Mexico",23.8999996185303,19.1499996185303,15,85.9832534790039,262,49,24.0090160369873,-0.614089965820312
"Mammillaria carnea",-97.318703,17.721327,"Sierra Madre del Sur province","Mammillaria","Mexico",22.6000003814697,14.5999994277954,3,93.0090103149414,202,18,11.1922378540039,0.40679931640625
"Mammillaria carnea",-96.907806,17.722639,"Sierra Madre del Sur province","Mammillaria","Mexico",23.6000003814697,20.8166675567627,17,85.5643005371094,285,61,16.5703506469727,5.73067474365234
"Mammillaria carnea",-96.921688,17.723519,"Balsas Basin province","Mammillaria","Mexico",23.1000022888184,21.5500011444092,6,93.7846069335938,173,24,26.3419303894043,-0.971755981445312
"Mammillaria carnea",-96.940555,17.749167,"Balsas Basin province","Mammillaria","Mexico",23.1999988555908,21.716667175293,5,94.9115142822266,168,22,7.33418893814087,0.296623229980469
"Mammillaria carnea",-96.962961,17.758271,"Balsas Basin province","Mammillaria","Mexico",23.2999992370605,22.1666660308838,5,97.1368637084961,159,18,18.4056262969971,0.249519348144531
"Mammillaria carnea",-96.945197,17.789337,"Balsas Basin province","Mammillaria","Mexico",23.5,21.5666656494141,10,91.8392639160156,210,33,8.72335529327393,2.03799438476562
"Mammillaria carnea",-96.867003,17.798025,"Sierra Madre del Sur province","Mammillaria","Mexico",17.1000003814697,11.8166666030884,9,91.6364364624023,235,68,25.972484588623,-1.11819458007812
"Mammillaria carnea",-96.890941,17.798587,"Sierra Madre del Sur province","Mammillaria","Mexico",18.2000007629395,14.0833330154419,8,95.5306701660156,214,59,14.7841920852661,0.83172607421875
"Mammillaria carnea",-96.988828,17.802308,"Balsas Basin province","Mammillaria","Mexico",23.7000007629395,22.3666667938232,4,100.628868103027,151,15,18.572452545166,1.64654541015625
"Mammillaria carnea",-96.956749,17.803611,"Balsas Basin province","Mammillaria","Mexico",23.4999980926514,21.7000007629395,10,92.6637802124023,210,32,8.12306880950928,-2.91178131103516
"Mammillaria carnea",-96.995,17.808889,"Balsas Basin province","Mammillaria","Mexico",23.7000007629395,22.5,4,100.774879455566,150,15,1.23379993438721,-1.20046997070312
"Mammillaria carnea",-96.9603,17.81658,"Balsas Basin province","Mammillaria","Mexico",23.3999996185303,21.8833332061768,6,97.2711029052734,173,21,23.7723026275635,-4.24059295654297
"Mammillaria carnea",-96.940933,17.827142,"Sierra Madre del Sur province","Mammillaria","Mexico",24.1000022888184,20.8666667938232,21,86.4162826538086,320,69,7.01604318618774,0.7752685546875
"Mammillaria carnea",-96.962317,17.828777,"Balsas Basin province","Mammillaria","Mexico",23.8999996185303,21.75,12,90.9941101074219,240,40,12.7310380935669,1.58615112304688
"Mammillaria carnea",-97.069372,17.847683,"Balsas Basin province","Mammillaria","Mexico",25,20.6666660308838,11,89.923469543457,226,39,18.9300575256348,2.21686553955078
"Mammillaria carnea",-97.038631,17.859989,"Balsas Basin province","Mammillaria","Mexico",24.1999988555908,22.3166675567627,6,97.1952056884766,182,21,21.2342433929443,0.427413940429688
"Mammillaria carnea",-97.046304,17.861754,"Balsas Basin province","Mammillaria","Mexico",24.5000019073486,22.0166664123535,9,93.3922119140625,203,31,23.0736560821533,2.19085693359375
"Mammillaria carnea",-97.050819,17.863094,"Balsas Basin province","Mammillaria","Mexico",24.6999988555908,21.6166667938232,8,93.7766189575195,199,28,23.0405788421631,-3.4844970703125
"Mammillaria carnea",-97.030158,17.86489,"Balsas Basin province","Mammillaria","Mexico",24,22.4333324432373,4,99.469367980957,162,17,7.72316980361938,-6.06011962890625
"Mammillaria carnea",-97.016667,17.866667,"Balsas Basin province","Mammillaria","Mexico",24,22.533332824707,4,100.58415222168,152,16,25.684642791748,2.31129455566406
"Mammillaria carnea",-97.026751,17.868558,"Balsas Basin province","Mammillaria","Mexico",24,22.4833335876465,4,100.403038024902,157,16,31.1537227630615,1.29190063476562
"Mammillaria carnea",-97.005278,17.896389,"Balsas Basin province","Mammillaria","Mexico",24.0000019073486,22.6666660308838,5,98.8285980224609,164,18,13.4442882537842,-1.97826385498047
"Mammillaria carnea",-96.9673,17.898047,"Balsas Basin province","Mammillaria","Mexico",23.7999992370605,21.8833332061768,7,96.7850570678711,194,26,16.7124156951904,-6.70246124267578
"Mammillaria carnea",-97.008294,17.906836,"Balsas Basin province","Mammillaria","Mexico",24.0000019073486,22.6666660308838,5,98.1658401489258,169,20,17.1409816741943,-1.19355773925781
"Mammillaria carnea",-96.988035,17.908037,"Balsas Basin province","Mammillaria","Mexico",23.7999992370605,22.466667175293,5,99.1840438842773,164,19,13.5811462402344,0.215087890625
"Mammillaria carnea",-97.06833,17.90819,"Balsas Basin province","Mammillaria","Mexico",25.2000007629395,20.9333324432373,11,89.9701538085938,230,40,8.89737319946289,-0.15972900390625
"Mammillaria carnea",-96.971114,17.909169,"Balsas Basin province","Mammillaria","Mexico",23.7999992370605,21.8999996185303,6,97.7935256958008,183,22,31.4704856872559,0.783775329589844
"Mammillaria carnea",-96.979758,17.913047,"Balsas Basin province","Mammillaria","Mexico",23.8999996185303,22.1166667938232,7,96.5148239135742,192,25,16.1887512207031,2.37090301513672
"Mammillaria carnea",-97.319298,17.934969,"Sierra Madre del Sur province","Mammillaria","Mexico",21.9000015258789,13.6499996185303,4,93.1468963623047,204,22,30.2192687988281,-1.62847900390625
"Mammillaria carnea",-97.032168,17.935339,"Balsas Basin province","Mammillaria","Mexico",24.2999992370605,22.7333335876465,6,98.073616027832,173,22,14.4984064102173,-0.493606567382812
"Mammillaria carnea",-97.009406,17.938469,"Balsas Basin province","Mammillaria","Mexico",24.0999984741211,22.6166667938232,6,98.6551208496094,179,22,5.47748947143555,0.920478820800781
"Mammillaria carnea",-97.266667,17.946111,"Sierra Madre del Sur province","Mammillaria","Mexico",21.7000007629395,15.4499998092651,4,93.8559722900391,172,26,21.9131965637207,-1.011962890625
"Mammillaria carnea",-97.421941,17.965049,"Sierra Madre del Sur province","Mammillaria","Mexico",22.5,14.6666669845581,5,93.733757019043,229,20,14.0937948226929,-0.772216796875
"Mammillaria carnea",-97.034836,17.98365,"Balsas Basin province","Mammillaria","Mexico",24.5000019073486,22.5499992370605,7,95.149528503418,209,30,11.9515037536621,0.555397033691406
"Mammillaria carnea",-97.05833,18.04611,"Balsas Basin province","Mammillaria","Mexico",25.3999996185303,21.6333332061768,12,89.0019912719727,249,47,3.80649709701538,-2.39498901367188
"Mammillaria carnea",-97.361612,18.053173,"Balsas Basin province","Mammillaria","Mexico",23.8000011444092,18.1833343505859,6,90.5702896118164,186,25,27.5971775054932,-0.421966552734375
"Mammillaria carnea",-97.112194,18.119528,"Balsas Basin province","Mammillaria","Mexico",25.6000022888184,22,9,94.3480758666992,220,29,7.04199457168579,1.12150573730469
"Mammillaria carnea",-97.14297,18.149569,"Balsas Basin province","Mammillaria","Mexico",26,21.7999992370605,6,95.1210250854492,182,20,15.6331338882446,-1.4393310546875
"Mammillaria carnea",-97.165833,18.180104,"Balsas Basin province","Mammillaria","Mexico",26.2000007629395,21.5833339691162,5,95.523063659668,170,18,27.8979873657227,0.08624267578125
"Mammillaria carnea",-97.688153,18.210714,"Balsas Basin province","Mammillaria","Mexico",20.5999984741211,17.8999996185303,5,95.7848815917969,202,15,8.66273212432861,0.131546020507812
"Mammillaria crucigera",-97.989926,17.884451,"Balsas Basin province","Mammillaria","Mexico",22.1000003814697,19.716667175293,5,97.0706024169922,236,25,26.985689163208,-0.0493011474609375
"Mammillaria crucigera",-97.190052,17.902261,"Sierra Madre del Sur province","Mammillaria","Mexico",20.2000007629395,13.3000001907349,6,89.1693801879883,187,42,15.0364713668823,-1.02542114257812
"Mammillaria crucigera",-97.060167,17.912667,"Balsas Basin province","Mammillaria","Mexico",24.9999980926514,21.4833335876465,9,92.7800064086914,205,30,12.4715251922607,2.28495025634766
"Mammillaria crucigera",-97.044,17.957222,"Balsas Basin province","Mammillaria","Mexico",24.6000022888184,22.4833335876465,7,94.8772277832031,196,28,14.3073377609253,-7.39351654052734
"Mammillaria crucigera",-97.05001,18.033003,"Balsas Basin province","Mammillaria","Mexico",24.9000015258789,21.9166660308838,10,92.173095703125,237,37,13.3893213272095,3.1497802734375
"Mammillaria crucigera",-97.0676,18.066,"Balsas Basin province","Mammillaria","Mexico",25.3999996185303,21.7999992370605,10,91.3773345947266,235,39,11.0288505554199,-0.380760192871094
"Mammillaria crucigera",-97.067183,18.081817,"Balsas Basin province","Mammillaria","Mexico",25.7000007629395,21.6333332061768,11,89.7296905517578,238,43,6.97680282592773,-0.393218994140625
"Mammillaria crucigera",-97.086417,18.091,"Balsas Basin province","Mammillaria","Mexico",25.4000015258789,22.1000003814697,10,92.1046600341797,229,36,17.3946285247803,11.763298034668
"Mammillaria crucigera",-97.073917,18.09575,"Balsas Basin province","Mammillaria","Mexico",26.2999992370605,21.4166660308838,12,88.4731826782227,240,46,43.6886672973633,4.05192565917969
"Mammillaria crucigera",-97.073067,18.111267,"Balsas Basin province","Mammillaria","Mexico",26.3999996185303,21.25,12,89.0157470703125,241,46,22.9626598358154,-0.256576538085938
"Mammillaria crucigera",-97.100005,18.133002,"Balsas Basin province","Mammillaria","Mexico",26.0000019073486,21.8500003814697,9,92.8385391235352,221,31,4.49219083786011,-1.53664398193359
"Mammillaria crucigera",-97.082,18.135167,"Balsas Basin province","Mammillaria","Mexico",26.4999980926514,21.3333339691162,12,89.3138122558594,232,42,5.31582021713257,5.62066650390625
"Mammillaria deherdtiana",-96.213138,16.919448,"Pacific Lowlands province","Mammillaria","Oaxaca",19.7999992370605,19.7000007629395,8,92.4973907470703,330,43,11.2951498031616,0.622116088867188
"Mammillaria deherdtiana",-96.592431,17.012985,"Balsas Basin province","Mammillaria","Oaxaca",23,19.0666656494141,2,91.9246978759766,249,18,0.711697459220886,0.0421142578125
"Mammillaria deherdtiana",-96.557038,17.023991,"Balsas Basin province","Mammillaria","Oaxaca",21.9000015258789,18.6499996185303,2,92.6758880615234,261,18,10.3258962631226,-0.639724731445312
"Mammillaria deherdtiana",-96.736755,17.079267,"Balsas Basin province","Mammillaria","Oaxaca",22.2000007629395,19.5,3,91.8260269165039,246,20,33.7021484375,-0.503509521484375
"Mammillaria deherdtiana",-96.251634,17.086208,"Sierra Madre del Sur province","Mammillaria","Oaxaca",17.8999996185303,15.6666669845581,17,80.9192810058594,338,103,20.2991580963135,3.70716857910156
"Mammillaria deherdtiana",-96.571557,17.089785,"Sierra Madre del Sur province","Mammillaria","Oaxaca",19.5,16.783332824707,5,86.7992401123047,268,35,15.1790866851807,-0.151199340820312
"Mammillaria deherdtiana",-96.470025,17.093449,"Sierra Madre del Sur province","Mammillaria","Oaxaca",14.3000001907349,10.6166667938232,7,85.2972869873047,333,48,17.7295684814453,1.195556640625
"Mammillaria deherdtiana",-96.345112,17.110546,"Sierra Madre del Sur province","Mammillaria","Oaxaca",13.6999998092651,10.7333335876465,12,82.0639877319336,344,72,31.5947437286377,-2.91839599609375
"Mammillaria deherdtiana",-96.3555,17.116222,"Sierra Madre del Sur province","Mammillaria","Oaxaca",13.5999994277954,10.6166667938232,10,84.2455749511719,346,61,30.5314884185791,4.75711059570312
"Mammillaria deherdtiana",-96.470364,17.118208,"Sierra Madre del Sur province","Mammillaria","Oaxaca",14.4000005722046,10.0333337783813,10,82.2330322265625,345,62,11.7748432159424,2.3131103515625
"Mammillaria deherdtiana",-96.471211,17.14368,"Sierra Madre del Sur province","Mammillaria","Oaxaca",14.5000009536743,9.88333320617676,10,83.1084594726562,345,62,21.695930480957,-2.57308959960938
"Mammillaria deherdtiana",-96.378444,17.152278,"Sierra Madre del Sur province","Mammillaria","Oaxaca",12.8999996185303,8.56666660308838,13,84.313102722168,376,68,25.988920211792,1.9036865234375
"Mammillaria deherdtiana",-96.410907,17.15378,"Sierra Madre del Sur province","Mammillaria","Oaxaca",13.6000003814697,8.85000038146973,11,83.616325378418,367,67,12.0979118347168,-3.98028564453125
"Mammillaria deherdtiana",-96.585921,17.166299,"Sierra Madre del Sur province","Mammillaria","Oaxaca",14.5999994277954,11.6166667938232,10,84.4046783447266,273,67,25.2812919616699,2.95578002929688
"Mammillaria deherdtiana",-96.307672,17.170442,"Sierra Madre del Sur province","Mammillaria","Oaxaca",14.8999996185303,13.283332824707,17,79.3637237548828,285,118,30.9226303100586,0.51702880859375
"Mammillaria deherdtiana",-96.572486,17.171208,"Sierra Madre del Sur province","Mammillaria","Oaxaca",15,11.8999996185303,10,83.5512390136719,261,74,16.937650680542,2.27767944335938
"Mammillaria deherdtiana",-96.38306,17.17139,"Sierra Madre del Sur province","Mammillaria","Oaxaca",12.8999996185303,8.66666698455811,13,83.7225494384766,374,70,26.4356441497803,1.79794311523438
"Mammillaria deherdtiana",-96.401963,17.181277,"Sierra Madre del Sur province","Mammillaria","Oaxaca",14.0999994277954,10.1333332061768,11,82.6086120605469,323,80,22.9014263153076,-1.60482788085938
"Mammillaria deherdtiana",-96.558217,17.195073,"Sierra Madre del Sur province","Mammillaria","Oaxaca",16.8000011444092,13.1000003814697,9,83.2128295898438,249,72,16.6361503601074,-0.96014404296875
"Mammillaria deherdtiana",-96.477902,17.287379,"Balsas Basin province","Mammillaria","Oaxaca",21,16.1666660308838,18,80.6465682983398,344,111,12.6166858673096,-5.35014343261719
"Mammillaria dixanthocentron",-97.0568,17.4713,"Sierra Madre del Sur province","Mammillaria","Mexico",22,17.6166667938232,5,93.2450332641602,247,34,8.58565139770508,4.57521057128906
"Mammillaria dixanthocentron",-97.086889,17.585417,"Sierra Madre del Sur province","Mammillaria","Mexico",18,10.8833332061768,6,92.3277587890625,242,38,16.1168327331543,0.960693359375
"Mammillaria dixanthocentron",-96.99703,17.632893,"Sierra Madre del Sur province","Mammillaria","Mexico",21.5999984741211,17.966667175293,12,89.1374435424805,272,43,35.0916404724121,-0.2244873046875
"Mammillaria dixanthocentron",-97.15351,17.653123,"Sierra Madre del Sur province","Mammillaria","Mexico",20.6000003814697,12.8333330154419,3,95.1634750366211,164,20,19.6049213409424,0.884552001953125
"Mammillaria dixanthocentron",-97.946944,17.685833,"Sierra Madre del Sur province","Mammillaria","Mexico",22.6999988555908,20.1499996185303,5,94.0612487792969,243,19,19.5169811248779,0.511611938476562
"Mammillaria dixanthocentron",-97.414083,17.693694,"Sierra Madre del Sur province","Mammillaria","Mexico",20.7000007629395,12.4833335876465,6,92.6934509277344,239,25,18.2887897491455,-2.3465576171875
"Mammillaria dixanthocentron",-96.965,17.705111,"Balsas Basin province","Mammillaria","Mexico",23.7000007629395,21.8666667938232,9,92.0539779663086,220,32,30.7442302703857,-0.918075561523438
"Mammillaria dixanthocentron",-97.162647,17.709869,"Sierra Madre del Sur province","Mammillaria","Mexico",20.2999992370605,12.6499996185303,4,93.5185470581055,161,24,9.96653652191162,-1.28329467773438
"Mammillaria dixanthocentron",-96.96425,17.755889,"Balsas Basin province","Mammillaria","Mexico",23.2999992370605,22.1666660308838,5,97.1368637084961,159,18,4.12630271911621,-0.304710388183594
"Mammillaria dixanthocentron",-96.987389,17.759021,"Balsas Basin province","Mammillaria","Mexico",23.6999988555908,22.2999992370605,5,96.4230575561523,167,18,18.4296569824219,2.29286193847656
"Mammillaria dixanthocentron",-96.991861,17.769417,"Balsas Basin province","Mammillaria","Mexico",24,22.3333339691162,5,96.372428894043,168,19,5.19260787963867,-4.72237396240234
"Mammillaria dixanthocentron",-97.867917,17.777062,"Balsas Basin province","Mammillaria","Mexico",21.9000015258789,17.5666675567627,5,94.8087844848633,255,25,25.0581665039062,3.20912170410156
"Mammillaria dixanthocentron",-96.973062,17.787804,"Balsas Basin province","Mammillaria","Mexico",23.3999977111816,22.1833343505859,5,98.5770721435547,158,17,3.50755190849304,0.271133422851562
"Mammillaria dixanthocentron",-96.964699,17.798284,"Balsas Basin province","Mammillaria","Mexico",23.4000015258789,21.9833335876465,5,98.4327011108398,163,18,18.6248092651367,1.75078582763672
"Mammillaria dixanthocentron",-97.017141,17.807377,"Balsas Basin province","Mammillaria","Mexico",24.5,21.783332824707,12,90.7341537475586,239,38,25.3447456359863,-0.940841674804688
"Mammillaria dixanthocentron",-97.119961,17.809307,"Balsas Basin province","Mammillaria","Mexico",24.1999988555908,18.6166667938232,11,89.0896606445312,253,67,35.1132354736328,-3.46505737304688
"Mammillaria dixanthocentron",-97.018694,17.809778,"Balsas Basin province","Mammillaria","Mexico",24.5,21.8666667938232,9,93.3450241088867,216,30,23.0063896179199,0.222015380859375
"Mammillaria dixanthocentron",-97.19253,17.810754,"Sierra Madre del Sur province","Mammillaria","Mexico",20.2000007629395,12.6166667938232,5,91.1612319946289,180,33,14.7984285354614,-0.03265380859375
"Mammillaria dixanthocentron",-97.16205,17.818836,"Sierra Madre del Sur province","Mammillaria","Mexico",23.0999984741211,16.7999992370605,8,87.8392333984375,221,64,26.1507244110107,0.08837890625
"Mammillaria dixanthocentron",-97.157239,17.81912,"Sierra Madre del Sur province","Mammillaria","Mexico",22.9000015258789,16.7999992370605,8,88.0377578735352,221,64,17.5973663330078,1.33287048339844
"Mammillaria dixanthocentron",-96.978412,17.819129,"Balsas Basin province","Mammillaria","Mexico",23.6000003814697,22.2000007629395,4,100.088775634766,157,16,3.37976813316345,0.363494873046875
"Mammillaria dixanthocentron",-97.093378,17.834332,"Balsas Basin province","Mammillaria","Mexico",24.9000015258789,19.5499992370605,13,89.3171997070312,250,62,16.2153148651123,-4.86571502685547
"Mammillaria dixanthocentron",-97.176789,17.834704,"Sierra Madre del Sur province","Mammillaria","Mexico",23.2999992370605,16.783332824707,7,89.9163208007812,211,54,26.9278945922852,-0.002838134765625
"Mammillaria dixanthocentron",-97.035981,17.837008,"Balsas Basin province","Mammillaria","Mexico",24.4000015258789,21.8166675567627,13,90.596305847168,262,43,15.4973907470703,-2.35658264160156
"Mammillaria dixanthocentron",-96.912389,17.838278,"Sierra Madre del Sur province","Mammillaria","Mexico",21.7000007629395,18.0166664123535,19,90.6912307739258,365,115,25.2453193664551,-0.40948486328125
"Mammillaria dixanthocentron",-97.01666,17.845,"Balsas Basin province","Mammillaria","Mexico",23.7999992370605,22.5,3,102.913551330566,143,12,4.43539619445801,-1.84477233886719
"Mammillaria dixanthocentron",-97.017877,17.846427,"Balsas Basin province","Mammillaria","Mexico",23.8999977111816,22.3999996185303,3,102.755981445312,146,13,3.39906096458435,0.890251159667969
"Mammillaria dixanthocentron",-96.88802,17.847653,"Sierra Madre del Sur province","Mammillaria","Mexico",18.7999992370605,14.4499998092651,10,95.6139297485352,242,69,32.5325584411621,0.21435546875
"Mammillaria dixanthocentron",-97.182941,17.855698,"Sierra Madre del Sur province","Mammillaria","Mexico",21.8999996185303,15.283332824707,5,93.3304595947266,175,35,34.6990394592285,0.928131103515625
"Mammillaria dixanthocentron",-97.027845,17.856896,"Balsas Basin province","Mammillaria","Mexico",23.9999980926514,22.3666667938232,5,99.3172378540039,163,18,15.7875146865845,-4.82110595703125
"Mammillaria dixanthocentron",-97.035637,17.859579,"Balsas Basin province","Mammillaria","Mexico",24.1999988555908,22.3166675567627,6,97.1952056884766,182,21,21.430025100708,1.84405517578125
"Mammillaria dixanthocentron",-97.171596,17.859997,"Sierra Madre del Sur province","Mammillaria","Mexico",21.3000011444092,14.8333339691162,4,94.2466812133789,178,34,17.1735229492188,-0.803390502929688
"Mammillaria dixanthocentron",-96.894416,17.863044,"Sierra Madre del Sur province","Mammillaria","Mexico",21.2999992370605,17.0166664123535,16,93.8190002441406,370,109,20.3070297241211,-2.35379028320312
"Mammillaria dixanthocentron",-97.164977,17.866196,"Sierra Madre del Sur province","Mammillaria","Mexico",20.0999984741211,13.6000003814697,5,93.3985366821289,182,33,13.8285655975342,0.18292236328125
"Mammillaria dixanthocentron",-97.091555,17.86703,"Balsas Basin province","Mammillaria","Mexico",22.6999988555908,18.6333332061768,12,91.9606857299805,274,46,30.8184642791748,-5.75050354003906
"Mammillaria dixanthocentron",-97.136337,17.868189,"Balsas Basin province","Mammillaria","Mexico",21.7000007629395,16.25,6,94.3035583496094,210,48,20.554515838623,-1.61302185058594
"Mammillaria dixanthocentron",-97.016667,17.86833,"Balsas Basin province","Mammillaria","Mexico",24,22.533332824707,4,100.58415222168,152,16,18.3354663848877,-2.76287078857422
"Mammillaria dixanthocentron",-97.074105,17.868621,"Balsas Basin province","Mammillaria","Mexico",23.6000003814697,20.1166667938232,14,90.3814010620117,280,50,10.4492406845093,0.6522216796875
"Mammillaria dixanthocentron",-97.460472,17.869222,"Sierra Madre del Sur province","Mammillaria","Mexico",21.7000007629395,13.5166664123535,7,89.5216293334961,234,30,30.0836334228516,1.861083984375
"Mammillaria dixanthocentron",-97.066063,17.870441,"Balsas Basin province","Mammillaria","Mexico",24.3999996185303,20.9833335876465,14,89.2837219238281,266,48,22.7289867401123,-5.65028381347656
"Mammillaria dixanthocentron",-96.96725,17.87125,"Balsas Basin province","Mammillaria","Mexico",23.9000015258789,21.966667175293,7,95.4482498168945,205,28,26.7782077789307,-2.68287658691406
"Mammillaria dixanthocentron",-97.130076,17.876378,"Balsas Basin province","Mammillaria","Mexico",22.7000007629395,17.5,9,92.3823623657227,248,59,33.6558723449707,-1.53411865234375
"Mammillaria dixanthocentron",-97.07178,17.883313,"Balsas Basin province","Mammillaria","Mexico",24.2999992370605,20.5666656494141,14,89.5746078491211,268,48,10.779881477356,0.96160888671875
"Mammillaria dixanthocentron",-97.11667,17.88333,"Balsas Basin province","Mammillaria","Mexico",23.1999988555908,18.1833324432373,11,91.0434494018555,258,65,21.2514362335205,-2.79354858398438
"Mammillaria dixanthocentron",-97.007,17.885,"Balsas Basin province","Mammillaria","Mexico",24.0000019073486,22.6499996185303,5,99.7327117919922,164,18,24.7776546478271,1.39235687255859
"Mammillaria dixanthocentron",-97.179589,17.889802,"Sierra Madre del Sur province","Mammillaria","Mexico",20.8000011444092,13.9833335876465,5,92.0726699829102,181,38,18.2196941375732,1.7864990234375
"Mammillaria dixanthocentron",-97.008717,17.893283,"Balsas Basin province","Mammillaria","Mexico",24.1000022888184,22.6333332061768,5,98.3885879516602,171,19,20.1617774963379,-4.69821929931641
"Mammillaria dixanthocentron",-97.416667,17.895611,"Sierra Madre del Sur province","Mammillaria","Mexico",22.8999996185303,14.4833326339722,5,93.3701934814453,222,20,23.8840293884277,1.08749389648438
"Mammillaria dixanthocentron",-97.133436,17.898089,"Balsas Basin province","Mammillaria","Mexico",22.6000003814697,17.6000003814697,10,91.3069381713867,247,62,17.6671028137207,-1.84832763671875
"Mammillaria dixanthocentron",-97.156141,17.899157,"Sierra Madre del Sur province","Mammillaria","Mexico",22.5,16.8333339691162,8,90.4423370361328,228,61,21.6832847595215,-0.435409545898438
"Mammillaria dixanthocentron",-97.170617,17.8992,"Sierra Madre del Sur province","Mammillaria","Mexico",21.7999992370605,15.5500001907349,5,92.6201705932617,189,46,25.9296360015869,2.29974365234375
"Mammillaria dixanthocentron",-97.094432,17.901498,"Balsas Basin province","Mammillaria","Mexico",24.3000011444092,19.7333335876465,13,89.0643539428711,262,49,22.5122566223145,-5.57928466796875
"Mammillaria dixanthocentron",-97.085613,17.902298,"Balsas Basin province","Mammillaria","Mexico",24.4999980926514,20.0166664123535,14,89.2482376098633,258,48,10.034893989563,-4.82939147949219
"Mammillaria dixanthocentron",-97.045681,17.903033,"Balsas Basin province","Mammillaria","Mexico",24.7000007629395,22.2666664123535,9,93.1125564575195,207,30,10.9883308410645,-3.35232543945312
"Mammillaria dixanthocentron",-97.075046,17.904026,"Balsas Basin province","Mammillaria","Mexico",24.8000011444092,20.4500007629395,13,89.6432495117188,252,44,7.61792230606079,-4.53044128417969
"Mammillaria dixanthocentron",-97.070917,17.904667,"Balsas Basin province","Mammillaria","Mexico",25.2000007629395,20.9333324432373,11,89.9701538085938,230,40,30.1630439758301,1.63455200195312
"Mammillaria dixanthocentron",-97.008933,17.9096,"Balsas Basin province","Mammillaria","Mexico",24.1000022888184,22.6499996185303,6,97.4854888916016,173,22,14.9629945755005,-3.28260803222656
"Mammillaria dixanthocentron",-97.449222,17.910333,"Sierra Madre del Sur province","Mammillaria","Mexico",21.9000015258789,13.966667175293,6,90.2822723388672,231,28,26.213191986084,0.829315185546875
"Mammillaria dixanthocentron",-97.06724,17.910348,"Balsas Basin province","Mammillaria","Mexico",25.3000011444092,21.0166664123535,11,90.891227722168,224,37,6.95972585678101,0.262809753417969
"Mammillaria dixanthocentron",-97.07661,17.910636,"Balsas Basin province","Mammillaria","Mexico",24.9000015258789,20.5499992370605,13,89.5842437744141,247,44,24.4331512451172,-4.97064208984375
"Mammillaria dixanthocentron",-97.190748,17.914144,"Sierra Madre del Sur province","Mammillaria","Mexico",20.1000003814697,13.25,5,90.5963745117188,188,40,20.4234981536865,-1.3690185546875
"Mammillaria dixanthocentron",-97.112979,17.921293,"Balsas Basin province","Mammillaria","Mexico",23.1999988555908,18.8999996185303,11,91.5929718017578,268,44,15.7963037490845,0.527908325195312
"Mammillaria dixanthocentron",-97.059806,17.923036,"Balsas Basin province","Mammillaria","Mexico",24.8999977111816,21.5499992370605,8,93.9711074829102,200,28,31.5941715240479,3.36654663085938
"Mammillaria dixanthocentron",-97.027448,17.929044,"Balsas Basin province","Mammillaria","Mexico",24.2999992370605,22.6833343505859,6,97.2338180541992,173,22,9.11085414886475,-1.36466979980469
"Mammillaria dixanthocentron",-97.156601,17.930772,"Sierra Madre del Sur province","Mammillaria","Mexico",21.9000015258789,16.75,7,93.3945922851562,232,51,10.5597553253174,2.13236999511719
"Mammillaria dixanthocentron",-97.078202,17.93243,"Balsas Basin province","Mammillaria","Mexico",25.3999996185303,20.7333335876465,10,90.9350509643555,221,36,17.0777034759521,0.508987426757812
"Mammillaria dixanthocentron",-97.099135,17.936414,"Balsas Basin province","Mammillaria","Mexico",24.7999992370605,20.2000007629395,12,89.7921676635742,250,43,11.2786674499512,-0.32720947265625
"Mammillaria dixanthocentron",-97.142996,17.943961,"Sierra Madre del Sur province","Mammillaria","Mexico",22.2000007629395,17.4333324432373,9,92.7484359741211,249,36,13.3186721801758,2.2142333984375
"Mammillaria dixanthocentron",-97.029644,17.94834,"Balsas Basin province","Mammillaria","Mexico",24.2999992370605,22.7333335876465,6,98.0436859130859,177,22,4.62950706481934,-0.910629272460938
"Mammillaria dixanthocentron",-97.076309,17.95603,"Balsas Basin province","Mammillaria","Mexico",25.3000011444092,21.0499992370605,11,91.0012435913086,228,36,8.66354179382324,-0.362655639648438
"Mammillaria dixanthocentron",-97.152776,17.956184,"Sierra Madre del Sur province","Mammillaria","Mexico",22.9000015258789,17.8500003814697,9,91.1918716430664,252,39,10.8680286407471,-0.150833129882812
"Mammillaria dixanthocentron",-97.100383,17.956712,"Balsas Basin province","Mammillaria","Mexico",24.3999996185303,20.216667175293,12,91.1681900024414,254,41,31.7303276062012,5.09611511230469
"Mammillaria dixanthocentron",-97.116298,17.95977,"Balsas Basin province","Mammillaria","Mexico",24.1000022888184,20.033332824707,12,91.8317184448242,258,42,6.29292774200439,1.33978271484375
"Mammillaria dixanthocentron",-97.036025,17.965747,"Balsas Basin province","Mammillaria","Mexico",24.2999992370605,22.716667175293,6,97.2976608276367,185,24,0.374877363443375,-0.4893798828125
"Mammillaria dixanthocentron",-97.01844,17.965758,"Balsas Basin province","Mammillaria","Mexico",24.3000011444092,22.4333324432373,7,95.6755828857422,200,27,1.66528415679932,0.291328430175781
"Mammillaria dixanthocentron",-97.037488,17.968193,"Balsas Basin province","Mammillaria","Mexico",24.5,22.6499996185303,6,96.5805130004883,194,26,2.62217569351196,0.02154541015625
"Mammillaria dixanthocentron",-97.197833,17.971214,"Sierra Madre del Sur province","Mammillaria","Mexico",21,15.8000001907349,6,91.7503662109375,200,45,35.4094161987305,-0.188720703125
"Mammillaria dixanthocentron",-97.149342,17.979359,"Balsas Basin province","Mammillaria","Mexico",23,18.9333343505859,10,92.3717269897461,256,39,27.695764541626,3.36709594726562
"Mammillaria dixanthocentron",-97.141938,17.986863,"Balsas Basin province","Mammillaria","Mexico",23.3000011444092,19.3833332061768,10,92.1491317749023,253,38,31.2005729675293,-6.06028747558594
"Mammillaria dixanthocentron",-97.149943,17.992816,"Balsas Basin province","Mammillaria","Mexico",24.3000011444092,20.1833324432373,9,92.1095428466797,231,34,31.3729591369629,-0.284347534179688
"Mammillaria dixanthocentron",-97.158583,17.996859,"Balsas Basin province","Mammillaria","Mexico",24.2000007629395,19.716667175293,10,90.8760299682617,228,37,20.4033660888672,2.53147888183594
"Mammillaria dixanthocentron",-97.075429,17.99716,"Balsas Basin province","Mammillaria","Mexico",25.0000019073486,21.7333335876465,7,93.6317367553711,208,28,12.4423847198486,2.48659515380859
"Mammillaria dixanthocentron",-97.087222,18.005556,"Balsas Basin province","Mammillaria","Mexico",24.9000015258789,21.783332824707,6,94.8140258789062,202,25,16.0003566741943,-0.503860473632812
"Mammillaria dixanthocentron",-97.054167,18.018556,"Balsas Basin province","Mammillaria","Mexico",24.7000007629395,22,9,93.4331130981445,228,34,8.64462757110596,-3.24324035644531
"Mammillaria dixanthocentron",-97.094242,18.025749,"Balsas Basin province","Mammillaria","Mexico",24.8000011444092,22.1333332061768,7,95.4598617553711,203,25,27.4636917114258,-1.31771087646484
"Mammillaria dixanthocentron",-97.0500598,18.0336933,"Balsas Basin province","Mammillaria","Mexico",25.1999988555908,21.783332824707,11,90.3424301147461,245,43,17.336009979248,3.37297821044922
"Mammillaria dixanthocentron",-97.055778,18.048694,"Balsas Basin province","Mammillaria","Mexico",25.3999996185303,21.6333332061768,12,89.0019912719727,249,47,10.9332180023193,-1.14873504638672
"Mammillaria dixanthocentron",-97.126627,18.049873,"Balsas Basin province","Mammillaria","Mexico",24.8999996185303,21.8666667938232,6,97.4147567749023,190,20,10.3141813278198,-3.54449462890625
"Mammillaria dixanthocentron",-97.066194,18.059472,"Balsas Basin province","Mammillaria","Mexico",25.5,21.5666656494141,12,89.6720733642578,244,45,16.9129028320312,4.10213470458984
"Mammillaria dixanthocentron",-97.067611,18.066028,"Balsas Basin province","Mammillaria","Mexico",25.3999996185303,21.7999992370605,10,91.3773345947266,235,39,11.0288505554199,-0.380760192871094
"Mammillaria dixanthocentron",-97.062222,18.068333,"Balsas Basin province","Mammillaria","Mexico",25.5999984741211,21.466667175293,12,89.5760803222656,247,46,26.3869113922119,-1.41598510742188
"Mammillaria dixanthocentron",-97.045,18.070389,"Balsas Basin province","Mammillaria","Mexico",25.7000007629395,20.9833335876465,15,87.4024505615234,272,57,13.273120880127,4.68341064453125
"Mammillaria dixanthocentron",-97.074117,18.075133,"Balsas Basin province","Mammillaria","Mexico",25.7000007629395,21.6333332061768,11,89.7296905517578,238,43,25.4592304229736,-0.534698486328125
"Mammillaria dixanthocentron",-97.065972,18.085844,"Balsas Basin province","Mammillaria","Mexico",25.9000015258789,21.25,12,89.0310287475586,248,47,13.6648530960083,-2.18423461914062
"Mammillaria dixanthocentron",-97.087417,18.136167,"Balsas Basin province","Mammillaria","Mexico",26.4000015258789,21.6666660308838,11,90.4121322631836,228,38,8.84075927734375,2.02192687988281
"Mammillaria flavicentra",-97.31839,17.12058,"Sierra Madre del Sur province","Mammillaria","Mexico",22.2000007629395,19.4833335876465,4,97.1417388916016,351,16,8.01006317138672,-1.14402770996094
"Mammillaria flavicentra",-97.172278,17.173639,"Sierra Madre del Sur province","Mammillaria","Mexico",19.7999992370605,16.283332824707,4,94.6196899414062,268,28,18.1538829803467,-0.443344116210938
"Mammillaria flavicentra",-97.292917,17.265556,"Sierra Madre del Sur province","Mammillaria","Mexico",19.8000011444092,15.216667175293,5,92.0633850097656,263,28,3.96036767959595,0.514739990234375
"Mammillaria flavicentra",-97.3668,17.28599,"Sierra Madre del Sur province","Mammillaria","Mexico",19.2000007629395,13.6333332061768,7,88.3154144287109,271,39,7.94788455963135,1.71493530273438
"Mammillaria flavicentra",-97.3351,17.36938,"Sierra Madre del Sur province","Mammillaria","Mexico",20.2999992370605,13.2666664123535,5,91.0331192016602,264,30,7.39296960830688,0.41876220703125
"Mammillaria flavicentra",-97.03527,17.43386,"Sierra Madre del Sur province","Mammillaria","Mexico",20.5,16.783332824707,5,94.2849655151367,234,26,18.3577709197998,1.87826538085938
"Mammillaria flavicentra",-97.46611,17.46419,"Sierra Madre del Sur province","Mammillaria","Mexico",19.2000007629395,11.9333333969116,4,95.3455200195312,269,25,7.10237884521484,-0.516998291015625
"Mammillaria flavicentra",-97.16823,17.46575,"Sierra Madre del Sur province","Mammillaria","Mexico",20.8999996185303,14.3500003814697,2,96.061653137207,216,14,11.0206489562988,-0.45318603515625
"Mammillaria flavicentra",-97.2013,17.46772,"Sierra Madre del Sur province","Mammillaria","Mexico",21.2999992370605,14.5666666030884,2,94.894775390625,217,16,8.63447093963623,0.84619140625
"Mammillaria flavicentra",-97.06133,17.46786,"Sierra Madre del Sur province","Mammillaria","Mexico",22,17.3333339691162,5,93.4759063720703,246,33,25.4060916900635,3.70747375488281
"Mammillaria flavicentra",-97.217,17.483,"Sierra Madre del Sur province","Mammillaria","Mexico",21.9000015258789,15.0833330154419,2,93.8384857177734,221,16,10.0864334106445,-0.971832275390625
"Mammillaria flavicentra",-97.31887,17.53601,"Sierra Madre del Sur province","Mammillaria","Mexico",21.8000011444092,14.1000003814697,3,94.4099960327148,221,16,10.1276245117188,-2.1728515625
"Mammillaria flavicentra",-97.05275,17.56748,"Sierra Madre del Sur province","Mammillaria","Mexico",19.5,14.6333332061768,3,96.1510620117188,188,24,16.8983879089355,2.1356201171875
"Mammillaria flavicentra",-97.34664,17.601723,"Sierra Madre del Sur province","Mammillaria","Mexico",20.1000003814697,12.3166666030884,5,94.0788803100586,241,24,11.5430898666382,3.52545166015625
"Mammillaria flavicentra",-97.198,17.60393,"Sierra Madre del Sur province","Mammillaria","Mexico",19.8999996185303,12.2333335876465,3,93.5685806274414,190,22,10.8783903121948,-1.11126708984375
"Mammillaria flavicentra",-97.038333,17.650833,"Sierra Madre del Sur province","Mammillaria","Mexico",19.5,15.466667175293,4,95.1013870239258,183,34,28.9088325500488,0.457061767578125
"Mammillaria flavicentra",-97.133346,17.655841,"Sierra Madre del Sur province","Mammillaria","Mexico",21.3999996185303,14.216667175293,5,92.9204025268555,178,29,19.171480178833,-0.778396606445312
"Mammillaria flavicentra",-97.26541,17.666093,"Sierra Madre del Sur province","Mammillaria","Mexico",19.5,11.4333333969116,5,93.8269729614258,233,26,4.49486207962036,0.412200927734375
"Mammillaria flavicentra",-97.251363,17.668231,"Sierra Madre del Sur province","Mammillaria","Mexico",19,11.1166667938232,6,92.4478759765625,241,31,9.60275077819824,-0.827545166015625
"Mammillaria flavicentra",-97.459694,17.675861,"Sierra Madre del Sur province","Mammillaria","Mexico",22.5,14.6000003814697,5,88.5724563598633,233,24,9.21126556396484,7.73513793945312
"Mammillaria flavicentra",-97.44861,17.68889,"Sierra Madre del Sur province","Mammillaria","Mexico",22.1000003814697,14.033332824707,4,90.0038833618164,232,22,5.0384202003479,0.222930908203125
"Mammillaria flavicentra",-97.261264,17.693223,"Sierra Madre del Sur province","Mammillaria","Mexico",19.8999996185303,11.7166662216187,4,95.2852478027344,225,20,24.4962768554688,0.9923095703125
"Mammillaria flavicentra",-97.162444,17.709861,"Sierra Madre del Sur province","Mammillaria","Mexico",20.2999992370605,12.6499996185303,4,93.5185470581055,161,24,10.2339687347412,-1.92691040039062
"Mammillaria flavicentra",-96.901917,17.803556,"Sierra Madre del Sur province","Mammillaria","Mexico",20.2000007629395,16.533332824707,14,92.745849609375,313,97,20.96923828125,0.292816162109375
"Mammillaria flavicentra",-96.884072,17.803693,"Sierra Madre del Sur province","Mammillaria","Mexico",18,13.6333332061768,7,97.4397125244141,213,51,24.8559913635254,2.5673828125
"Mammillaria flavicentra",-97.4929,17.8044,"Sierra Madre del Sur province","Mammillaria","Mexico",21.3999996185303,13.1833333969116,6,92.0139923095703,242,26,5.76877641677856,0.506805419921875
"Mammillaria flavicentra",-96.880407,17.824343,"Sierra Madre del Sur province","Mammillaria","Mexico",23.5000019073486,17.9833335876465,24,87.3362884521484,395,137,7.71738862991333,-2.58103942871094
"Mammillaria flavicentra",-96.932417,17.835278,"Sierra Madre del Sur province","Mammillaria","Mexico",24.2999992370605,20.4500007629395,24,85.4434661865234,342,77,24.6949424743652,2.40849304199219
"Mammillaria flavicentra",-96.893059,17.844088,"Sierra Madre del Sur province","Mammillaria","Mexico",18.5999984741211,14.5500001907349,9,96.7607345581055,232,62,31.1545753479004,1.5904541015625
"Mammillaria flavicentra",-97.496757,17.846226,"Sierra Madre del Sur province","Mammillaria","Mexico",21.7000007629395,13.75,6,87.9172821044922,237,32,6.71387147903442,-0.601837158203125
"Mammillaria flavicentra",-97.326931,17.846999,"Sierra Madre del Sur province","Mammillaria","Mexico",23.2000007629395,14.7166662216187,5,89.041259765625,189,24,16.0538501739502,-0.164703369140625
"Mammillaria flavicentra",-97.203278,17.847694,"Sierra Madre del Sur province","Mammillaria","Mexico",23.1000003814697,16.216667175293,5,93.2002487182617,180,36,8.92286205291748,0.31390380859375
"Mammillaria flavicentra",-96.901431,17.863853,"Sierra Madre del Sur province","Mammillaria","Mexico",20.7000007629395,16.716667175293,14,95.2111663818359,344,96,23.1662616729736,2.01600646972656
"Mammillaria flavicentra",-97.34436,17.867959,"Sierra Madre del Sur province","Mammillaria","Mexico",23.5,14.8500003814697,5,90.7393112182617,186,18,4.46965312957764,0.1600341796875
"Mammillaria flavicentra",-97.406167,17.876417,"Sierra Madre del Sur province","Mammillaria","Mexico",23.6999988555908,14.783332824707,4,93.0721893310547,208,17,5.05392503738403,0.63421630859375
"Mammillaria flavicentra",-97.346655,17.883589,"Sierra Madre del Sur province","Mammillaria","Mexico",23.9000015258789,15.2833337783813,4,89.1032943725586,176,20,11.2423448562622,1.26263427734375
"Mammillaria flavicentra",-96.887898,17.886373,"Sierra Madre del Sur province","Mammillaria","Mexico",20.6000003814697,16.4833335876465,16,93.2291717529297,368,117,21.3125782012939,-0.70166015625
"Mammillaria flavicentra",-97.437684,17.887936,"Sierra Madre del Sur province","Mammillaria","Mexico",23.0999984741211,14.6999998092651,5,90.4940490722656,219,25,5.06852388381958,0.2691650390625
"Mammillaria flavicentra",-97.43143,17.898511,"Sierra Madre del Sur province","Mammillaria","Mexico",22.7000007629395,14.2666664123535,6,91.513313293457,227,24,13.685471534729,1.80538940429688
"Mammillaria flavicentra",-97.341559,17.95606,"Sierra Madre del Sur province","Mammillaria","Mexico",21.7000007629395,13.2333335876465,5,92.8873596191406,215,23,7.11800003051758,0.221099853515625
"Mammillaria flavicentra",-97.431316,17.962425,"Sierra Madre del Sur province","Mammillaria","Mexico",21.7999992370605,14.2166662216187,5,92.8632888793945,229,22,22.937780380249,2.32736206054688
"Mammillaria flavicentra",-97.451012,18.0455,"Balsas Basin province","Mammillaria","Mexico",23.8999996185303,18.5666656494141,5,90.9501953125,170,31,29.3164577484131,-3.44891357421875
"Mammillaria flavicentra",-97.003444,18.054361,"Sierra Madre del Sur province","Mammillaria","Mexico",19.6000003814697,15.9166660308838,11,94.1226272583008,304,95,32.6583938598633,-2.35157775878906
"Mammillaria flavicentra",-97.005672,18.061333,"Sierra Madre del Sur province","Mammillaria","Mexico",20.6999988555908,16.6166667938232,13,93.7949142456055,339,63,39.2813186645508,0.667251586914062
"Mammillaria flavicentra",-97.31667,18.06667,"Sierra Madre del Sur province","Mammillaria","Mexico",18.5,11.0166664123535,6,94.7472381591797,235,25,27.8966617584229,-0.344940185546875
"Mammillaria flavicentra",-96.964774,18.071615,"Sierra Madre del Sur province","Mammillaria","Mexico",18.7999992370605,14.6000003814697,13,90.086296081543,314,131,17.3419399261475,0.191864013671875
"Mammillaria flavicentra",-97.014341,18.088831,"Sierra Madre del Sur province","Mammillaria","Mexico",21.3999996185303,16.9166660308838,15,92.2684478759766,358,69,29.7356414794922,1.32376098632812
"Mammillaria haageana",-96.559472,16.257278,"Sierra Madre del Sur province","Mammillaria","Mexico",17.5,17.9333324432373,8,89.5346298217773,262,35,10.6702194213867,1.07867431640625
"Mammillaria haageana",-96.643096,16.279638,"Sierra Madre del Sur province","Mammillaria","Mexico",17.5,17.0833339691162,9,87.4987411499023,283,44,34.4557838439941,-7.16950988769531
"Mammillaria haageana",-96.63121,16.289905,"Sierra Madre del Sur province","Mammillaria","Mexico",18,17.8166656494141,7,88.2101364135742,261,36,33.9910850524902,0.716445922851562
"Mammillaria haageana",-96.467848,16.402959,"Balsas Basin province","Mammillaria","Mexico",17.7999992370605,19.8333339691162,2,96.7262954711914,193,14,34.9280586242676,-2.11740112304688
"Mammillaria haageana",-97.58125,16.90128,"Sierra Madre del Sur province","Mammillaria","Mexico",17.8999996185303,14.2166662216187,8,103.218887329102,359,28,24.5233459472656,0.749359130859375
"Mammillaria haageana",-96.9162,17.03131,"Sierra Madre del Sur province","Mammillaria","Mexico",17.6000003814697,15.1333332061768,5,91.7616653442383,255,42,25.1009845733643,-1.72549438476562
"Mammillaria haageana",-96.9151,17.04683,"Sierra Madre del Sur province","Mammillaria","Mexico",18.5,15.9499998092651,4,92.972785949707,258,33,16.3092193603516,-6.99394226074219
"Mammillaria haageana",-96.897417,17.049306,"Sierra Madre del Sur province","Mammillaria","Mexico",19.7000007629395,17,3,92.4924468994141,260,27,8.97609424591064,-3.01190185546875
"Mammillaria haageana",-96.9132,17.05483,"Sierra Madre del Sur province","Mammillaria","Mexico",18.7000007629395,16.1166667938232,4,92.2036590576172,258,33,19.5167236328125,3.75225830078125
"Mammillaria haageana",-96.895139,17.070111,"Sierra Madre del Sur province","Mammillaria","Mexico",20.3999996185303,17.6166667938232,3,92.3706130981445,262,18,16.2734527587891,-1.51954650878906
"Mammillaria haageana",-96.8446,17.07019,"Balsas Basin province","Mammillaria","Mexico",22.6999988555908,19.1000003814697,2,93.3510437011719,259,13,15.8213548660278,0.279342651367188
"Mammillaria haageana",-96.889028,17.0715,"Balsas Basin province","Mammillaria","Mexico",21.3000011444092,18.1000003814697,3,92.4030838012695,263,22,4.34634971618652,-5.57044982910156
"Mammillaria haageana",-96.864822,17.083977,"Balsas Basin province","Mammillaria","Mexico",22.6000003814697,19.0666656494141,3,91.801513671875,259,16,15.5978298187256,3.57058715820312
"Mammillaria haageana",-97.304583,17.182383,"Sierra Madre del Sur province","Mammillaria","Mexico",18.2999992370605,14.5833330154419,3,98.6613693237305,276,23,2.22672963142395,0.853271484375
"Mammillaria haageana",-96.490646,17.255394,"Sierra Madre del Sur province","Mammillaria","Mexico",19,14.3500003814697,12,83.4458465576172,283,90,28.5634536743164,-1.2498779296875
"Mammillaria haageana",-96.908333,17.291667,"Balsas Basin province","Mammillaria","Mexico",22.5999984741211,18.7999992370605,4,92.3903961181641,256,29,1.60943627357483,-0.154205322265625
"Mammillaria haageana",-97.246391,17.320177,"Sierra Madre del Sur province","Mammillaria","Mexico",21,15.8000001907349,3,94.0936889648438,254,13,6.66101837158203,-0.1900634765625
"Mammillaria haageana",-97.152511,17.363806,"Sierra Madre del Sur province","Mammillaria","Mexico",21,15.4833335876465,3,94.1892623901367,240,19,14.5159997940063,1.54766845703125
"Mammillaria haageana",-97.95178,17.45153,"Sierra Madre del Sur province","Mammillaria","Mexico",23.5,19,3,95.1227722167969,229,19,18.5309505462646,5.75839233398438
"Mammillaria haageana",-97.38642,17.55453,"Sierra Madre del Sur province","Mammillaria","Mexico",20.5999984741211,12.8166666030884,5,91.9720001220703,240,25,15.4752178192139,2.69244384765625
"Mammillaria haageana",-97.319894,17.637726,"Sierra Madre del Sur province","Mammillaria","Mexico",21.2000007629395,13.0333337783813,3,92.4694519042969,209,20,9.7392635345459,-3.90615844726562
"Mammillaria haageana",-97.247971,17.664737,"Sierra Madre del Sur province","Mammillaria","Mexico",19.3999996185303,11.4499998092651,5,91.8560791015625,223,29,14.8252296447754,0.735565185546875
"Mammillaria haageana",-97.123362,17.667557,"Sierra Madre del Sur province","Mammillaria","Mexico",22.2999992370605,15.3333330154419,5,93.0621871948242,199,39,43.7470626831055,-2.26318359375
"Mammillaria haageana",-97.25784,17.668652,"Sierra Madre del Sur province","Mammillaria","Mexico",19,11.1166667938232,6,92.4478759765625,241,31,10.8608808517456,-0.8018798828125
"Mammillaria haageana",-97.55881,17.67122,"Sierra Madre del Sur province","Mammillaria","Mexico",23.6000003814697,15.8333330154419,5,88.4971313476562,233,17,17.0875854492188,1.94422912597656
"Mammillaria haageana",-97.24785,17.675247,"Sierra Madre del Sur province","Mammillaria","Mexico",19.3999996185303,11.3833332061768,5,92.3677597045898,222,27,18.6197242736816,0.076324462890625
"Mammillaria haageana",-97.233056,17.677361,"Sierra Madre del Sur province","Mammillaria","Mexico",19.1000003814697,11.2666664123535,5,91.6645202636719,217,30,4.28210639953613,0.12298583984375
"Mammillaria haageana",-97.256457,17.691261,"Sierra Madre del Sur province","Mammillaria","Mexico",19.1999988555908,11.1666669845581,5,93.6664810180664,242,27,10.0754642486572,-1.89501953125
"Mammillaria haageana",-97.0334,17.6918,"Balsas Basin province","Mammillaria","Mexico",22.3000011444092,19.1166667938232,11,91.3912734985352,269,38,27.0772132873535,-1.60813903808594
"Mammillaria haageana",-97.267639,17.692722,"Sierra Madre del Sur province","Mammillaria","Mexico",20.3999996185303,12.1166667938232,3,95.5047149658203,215,17,3.41840195655823,-0.0595703125
"Mammillaria haageana",-97.935156,17.693797,"Balsas Basin province","Mammillaria","Mexico",22.3999996185303,19.283332824707,4,95.7244720458984,242,17,40.7119903564453,0.16217041015625
"Mammillaria haageana",-97.319549,17.707729,"Sierra Madre del Sur province","Mammillaria","Mexico",22.3999996185303,14.5166673660278,3,92.8585052490234,205,18,1.97071421146393,-0.29949951171875
"Mammillaria haageana",-97.320419,17.725088,"Sierra Madre del Sur province","Mammillaria","Mexico",22.5,14.3833332061768,3,92.5466156005859,200,18,9.25782203674316,0.193878173828125
"Mammillaria haageana",-96.96845,17.726052,"Balsas Basin province","Mammillaria","Mexico",23.3999977111816,22.1833324432373,4,98.6797561645508,157,15,27.3526649475098,0.187225341796875
"Mammillaria haageana",-97.298286,17.736653,"Sierra Madre del Sur province","Mammillaria","Mexico",21.9000015258789,13.4166669845581,2,94.6449279785156,196,16,11.2869091033936,0.504669189453125
"Mammillaria haageana",-97.071211,17.751385,"Sierra Madre del Sur province","Mammillaria","Mexico",19.7000007629395,15.0500001907349,5,94.5677490234375,188,43,16.5889835357666,0.0894775390625
"Mammillaria haageana",-97.318047,17.762786,"Sierra Madre del Sur province","Mammillaria","Mexico",22.7000007629395,14.3000001907349,3,92.1694107055664,197,19,11.3460712432861,0.20843505859375
"Mammillaria haageana",-97.680817,17.768631,"Balsas Basin province","Mammillaria","Mexico",22.3000011444092,17.4333343505859,4,94.9901962280273,235,12,36.638126373291,-0.4300537109375
"Mammillaria haageana",-97.687168,17.778603,"Balsas Basin province","Mammillaria","Mexico",23.2000007629395,18.4333343505859,4,94.5931243896484,221,14,19.4907855987549,2.71543884277344
"Mammillaria haageana",-97.20449,17.77886,"Sierra Madre del Sur province","Mammillaria","Mexico",18.5,10.8333330154419,7,91.6643829345703,231,37,11.6987276077271,0.243438720703125
"Mammillaria haageana",-97.439945,17.788182,"Sierra Madre del Sur province","Mammillaria","Mexico",21.2000007629395,12.8500003814697,6,91.707893371582,237,27,35.8473968505859,1.19927978515625
"Mammillaria haageana",-97.442626,17.788323,"Sierra Madre del Sur province","Mammillaria","Mexico",21.5,13.1333332061768,6,91.568359375,234,27,33.8047103881836,0.848785400390625
"Mammillaria haageana",-97.446026,17.796682,"Sierra Madre del Sur province","Mammillaria","Mexico",21.6999988555908,13.3833332061768,5,91.1046676635742,233,26,18.3616943359375,1.30105590820312
"Mammillaria haageana",-97.320833,17.817528,"Sierra Madre del Sur province","Mammillaria","Mexico",23.5,15.3999996185303,4,90.0694198608398,178,21,8.79159450531006,-0.269546508789062
"Mammillaria haageana",-97.34041,17.822419,"Sierra Madre del Sur province","Mammillaria","Mexico",22.9000015258789,14.3833332061768,5,89.3339767456055,200,25,7.76918983459473,1.31085205078125
"Mammillaria haageana",-97.513714,17.846937,"Sierra Madre del Sur province","Mammillaria","Mexico",20.1000003814697,12.3000001907349,7,90.4735565185547,251,33,28.4774265289307,-1.53408813476562
"Mammillaria haageana",-97.1851,17.85249,"Sierra Madre del Sur province","Mammillaria","Mexico",22.6000003814697,16.0833339691162,5,93.9189224243164,178,34,27.8018493652344,0.60687255859375
"Mammillaria haageana",-97.511787,17.852792,"Sierra Madre del Sur province","Mammillaria","Mexico",20.1000003814697,12.1666669845581,8,90.2742614746094,250,33,9.78397560119629,2.58920288085938
"Mammillaria haageana",-97.356222,17.853157,"Sierra Madre del Sur province","Mammillaria","Mexico",22.5,13.7666664123535,4,93.4326324462891,211,21,24.1835346221924,6.7982177734375
"Mammillaria haageana",-97.323871,17.856039,"Sierra Madre del Sur province","Mammillaria","Mexico",23.2999992370605,14.9499998092651,5,89.6113052368164,183,21,5.77658796310425,-0.3310546875
"Mammillaria haageana",-97.239814,17.856468,"Sierra Madre del Sur province","Mammillaria","Mexico",20.7000007629395,12.8500003814697,5,92.884880065918,196,26,5.03556728363037,1.39468383789062
"Mammillaria haageana",-97.357827,17.860157,"Sierra Madre del Sur province","Mammillaria","Mexico",23.4000015258789,14.5666666030884,4,92.6065444946289,197,17,16.8323993682861,0.636993408203125
"Mammillaria haageana",-97.331908,17.871992,"Sierra Madre del Sur province","Mammillaria","Mexico",22.8999996185303,14.5666666030884,5,90.6096954345703,191,21,4.77807283401489,0.301605224609375
"Mammillaria haageana",-97.84087,17.87829,"Balsas Basin province","Mammillaria","Mexico",22.5,17.9166660308838,5,95.0322570800781,241,25,4.2005615234375,0.20294189453125
"Mammillaria haageana",-97.412778,17.880833,"Sierra Madre del Sur province","Mammillaria","Mexico",23.6000003814697,14.75,4,92.9564514160156,210,17,3.27497529983521,0.416839599609375
"Mammillaria haageana",-97.439257,17.928038,"Sierra Madre del Sur province","Mammillaria","Mexico",21.9000015258789,14.0666666030884,6,90.5167007446289,230,26,16.2194709777832,-0.3740234375
"Mammillaria haageana",-97.295528,17.934361,"Sierra Madre del Sur province","Mammillaria","Mexico",21.5,14.0500001907349,4,92.5553359985352,190,23,26.5927543640137,-4.94808959960938
"Mammillaria haageana",-97.426174,17.969638,"Sierra Madre del Sur province","Mammillaria","Mexico",21.7000007629395,14.283332824707,5,92.5059432983398,230,23,37.1803779602051,-0.2255859375
"Mammillaria haageana",-97.373889,17.976389,"Sierra Madre del Sur province","Mammillaria","Mexico",23.6000003814697,16.0833339691162,4,92.0338439941406,187,20,1.8713002204895,0.290191650390625
"Mammillaria haageana",-97.343132,17.978656,"Sierra Madre del Sur province","Mammillaria","Mexico",22.4000015258789,14.3833332061768,4,94.8614883422852,209,17,23.9116973876953,0.56884765625
"Mammillaria haageana",-97.680924,18.002938,"Balsas Basin province","Mammillaria","Mexico",21,16.0499992370605,5,95.5680770874023,238,18,20.0440864562988,0.53839111328125
"Mammillaria haageana",-97.655172,18.009776,"Balsas Basin province","Mammillaria","Mexico",21.2000007629395,16.1166667938232,4,94.8756866455078,229,19,22.4068183898926,-0.12298583984375
"Mammillaria haageana",-97.659088,18.015682,"Balsas Basin province","Mammillaria","Mexico",21.1999988555908,15.8166666030884,5,95.5063171386719,237,18,13.938606262207,-0.94927978515625
"Mammillaria haageana",-97.683,18.017,"Balsas Basin province","Mammillaria","Mexico",21.1000003814697,16.2000007629395,5,95.2068634033203,232,19,8.13615798950195,0.127777099609375
"Mammillaria haageana",-97.69344,18.03202,"Balsas Basin province","Mammillaria","Mexico",20.6000003814697,15.8000001907349,4,96.6855239868164,242,17,11.4254579544067,0.73980712890625
"Mammillaria haageana",-97.343604,18.057471,"Sierra Madre del Sur province","Mammillaria","Mexico",19.6999988555908,12.9333333969116,6,92.4816207885742,225,27,25.3585090637207,-0.12481689453125
"Mammillaria haageana",-97.366667,18.066667,"Balsas Basin province","Mammillaria","Mexico",23.3000011444092,18.25,6,92.2258911132812,186,23,35.3754692077637,5.97676086425781
"Mammillaria haageana",-97.719335,18.067345,"Balsas Basin province","Mammillaria","Mexico",20.7999992370605,17.3999996185303,4,96.7276306152344,212,19,9.89307880401611,-0.011322021484375
"Mammillaria haageana",-97.309745,18.067554,"Sierra Madre del Sur province","Mammillaria","Mexico",17.7999992370605,10.1166667938232,8,92.6330718994141,254,34,21.3894157409668,0.36138916015625
"Mammillaria haageana",-97.305983,18.073063,"Sierra Madre del Sur province","Mammillaria","Mexico",17.6999988555908,10.1166667938232,10,89.9359359741211,254,41,22.6495990753174,0.71783447265625
"Mammillaria haageana",-97.32272,18.07442,"Sierra Madre del Sur province","Mammillaria","Mexico",18.5,11.0166664123535,6,94.7472381591797,235,25,24.1540241241455,-1.38046264648438
"Mammillaria haageana",-97.33333,18.08333,"Sierra Madre del Sur province","Mammillaria","Mexico",20,12.9333333969116,5,94.1461334228516,223,24,38.843505859375,-2.10218811035156
"Mammillaria haageana",-97.678773,18.13755,"Balsas Basin province","Mammillaria","Mexico",21.2999992370605,18,4,95.9522476196289,191,18,10.3925189971924,-1.55715942382812
"Mammillaria haageana",-97.73333,18.16667,"Balsas Basin province","Mammillaria","Mexico",21.3999996185303,19.3000011444092,5,93.9249877929688,159,15,12.6305589675903,4.39558410644531
"Mammillaria haageana",-97.656208,18.178061,"Balsas Basin province","Mammillaria","Mexico",21.4000015258789,17.7000007629395,4,95.1167602539062,193,14,6.75158452987671,0.36126708984375
"Mammillaria haageana",-97.665723,18.198978,"Balsas Basin province","Mammillaria","Mexico",20.7000007629395,17.0833339691162,5,95.7645492553711,218,15,16.2094669342041,-0.47174072265625
"Mammillaria haageana",-97.64891,18.21291,"Balsas Basin province","Mammillaria","Mexico",21.2000007629395,16.3666667938232,4,96.5090408325195,223,15,6.42608213424683,-0.56793212890625
"Mammillaria hernandezii",-97.558228,17.839439,"Sierra Madre del Sur province","Mammillaria","Oaxaca",19.7000007629395,12.3166666030884,5,92.7261428833008,256,26,12.0024890899658,-4.3994140625
"Mammillaria hernandezii",-97.280855,17.891899,"Sierra Madre del Sur province","Mammillaria","Oaxaca",20.6000003814697,13.4333333969116,5,91.1361923217773,198,27,16.951774597168,-0.101715087890625
"Mammillaria hernandezii",-97.208197,17.892175,"Sierra Madre del Sur province","Mammillaria","Oaxaca",20.2000007629395,12.8500003814697,5,90.1632766723633,189,37,13.8451986312866,-1.88726806640625
"Mammillaria hernandezii",-97.426667,17.892778,"Sierra Madre del Sur province","Mammillaria","Oaxaca",22.7000007629395,14.2666664123535,6,91.513313293457,227,24,14.9608421325684,-0.155364990234375
"Mammillaria hernandezii",-97.424183,17.9026,"Sierra Madre del Sur province","Mammillaria","Oaxaca",22.7999992370605,14.4000005722046,5,92.2308120727539,224,22,2.62759041786194,0.819610595703125
"Mammillaria hernandezii",-97.430033,17.905533,"Sierra Madre del Sur province","Mammillaria","Oaxaca",22.3999996185303,14.1166667938232,6,90.6854248046875,228,26,8.29000854492188,1.4432373046875
"Mammillaria hernandezii",-97.455583,17.905694,"Sierra Madre del Sur province","Mammillaria","Oaxaca",21.6000003814697,13.7666664123535,6,90.3163528442383,232,28,25.7481918334961,-0.846771240234375
"Mammillaria hernandezii",-97.486733,17.909486,"Sierra Madre del Sur province","Mammillaria","Oaxaca",21.2999992370605,14.0166664123535,6,90.6382293701172,232,26,36.5429534912109,8.117431640625
"Mammillaria hernandezii",-97.418861,17.916806,"Sierra Madre del Sur province","Mammillaria","Oaxaca",22.5999984741211,14.4500007629395,6,90.6382598876953,225,25,5.93432092666626,0.139312744140625
"Mammillaria hernandezii",-97.443278,17.919361,"Sierra Madre del Sur province","Mammillaria","Oaxaca",21.7000007629395,13.9166669845581,6,90.8538665771484,231,26,5.11870813369751,-1.1016845703125
"Mammillaria hernandezii",-97.409778,17.919583,"Sierra Madre del Sur province","Mammillaria","Oaxaca",22.7999992370605,14.466667175293,5,91.3681030273438,224,24,2.19380974769592,0.4150390625
"Mammillaria hernandezii",-97.43668,17.92516,"Sierra Madre del Sur province","Mammillaria","Oaxaca",21.9000015258789,14.0666666030884,6,90.5167007446289,230,26,6.90637540817261,0.662139892578125
"Mammillaria hernandezii",-97.548197,17.925783,"Sierra Madre del Sur province","Mammillaria","Oaxaca",18.3999996185303,11.3166666030884,5,94.0426406860352,257,24,14.9857320785522,-0.2703857421875
"Mammillaria hernandezii",-97.221176,17.934955,"Sierra Madre del Sur province","Mammillaria","Oaxaca",18.2999992370605,11.0666666030884,7,89.7068252563477,219,43,11.486964225769,0.759033203125
"Mammillaria hernandezii",-97.37167,17.935156,"Sierra Madre del Sur province","Mammillaria","Oaxaca",23.7000007629395,14.9166660308838,5,91.2534561157227,207,21,1.94276928901672,-1.38351440429688
"Mammillaria hernandezii",-97.412717,17.940933,"Sierra Madre del Sur province","Mammillaria","Oaxaca",22.8000011444092,14.6333332061768,5,92.5269393920898,225,22,10.396430015564,0.85479736328125
"Mammillaria hernandezii",-97.41165,17.95245,"Sierra Madre del Sur province","Mammillaria","Oaxaca",22.3999996185303,14.4666662216187,6,91.6666641235352,227,24,1.86686134338379,-0.194580078125
"Mammillaria hernandezii",-97.549195,17.993693,"Sierra Madre del Sur province","Mammillaria","Oaxaca",18.7999992370605,11.8833332061768,4,93.521858215332,247,23,32.0382881164551,1.12738037109375
"Mammillaria hernandezii",-97.512086,17.995061,"Sierra Madre del Sur province","Mammillaria","Oaxaca",19.7000007629395,13.1499996185303,7,90.6739654541016,238,29,11.0323123931885,3.03640747070312
"Mammillaria huitzilopochtli",-96.865111,17.265444,"Sierra Madre del Sur province","Mammillaria","Oaxaca",22.5999984741211,19,4,93.5524368286133,256,18,19.1953163146973,-1.74778747558594
"Mammillaria huitzilopochtli",-96.849685,17.649511,"Balsas Basin province","Mammillaria","Oaxaca",23,21.0499992370605,13,89.7165679931641,278,46,18.4570598602295,-0.042724609375
"Mammillaria huitzilopochtli",-96.971977,17.649792,"Balsas Basin province","Mammillaria","Oaxaca",20.7999992370605,18.4833335876465,10,92.2841873168945,272,38,27.9377975463867,-0.934310913085938
"Mammillaria huitzilopochtli",-96.869578,17.671668,"Balsas Basin province","Mammillaria","Oaxaca",22.7999992370605,21.0166664123535,20,87.1762390136719,324,63,26.7817211151123,2.30943298339844
"Mammillaria huitzilopochtli",-96.8191,17.690502,"Balsas Basin province","Mammillaria","Oaxaca",22.2000007629395,19.0499992370605,24,86.5597839355469,372,82,32.2203025817871,1.73941040039062
"Mammillaria huitzilopochtli",-96.929833,17.71925,"Balsas Basin province","Mammillaria","Oaxaca",23.0999984741211,21.783332824707,5,96.0266494750977,166,21,10.553165435791,-1.57320404052734
"Mammillaria huitzilopochtli",-96.871878,17.728208,"Sierra Madre del Sur province","Mammillaria","Oaxaca",21.2999992370605,17.3833332061768,19,87.7863388061523,354,124,7.49375915527344,-5.28604125976562
"Mammillaria huitzilopochtli",-96.831425,17.768792,"Sierra Madre del Sur province","Mammillaria","Oaxaca",14.9999990463257,9.38333320617676,12,88.372428894043,292,76,23.0005493164062,-3.06259155273438
"Mammillaria huitzilopochtli",-96.950556,17.788028,"Balsas Basin province","Mammillaria","Oaxaca",23.2999992370605,21.9166660308838,6,97.5123901367188,166,20,14.7533073425293,1.48297882080078
"Mammillaria huitzilopochtli",-96.950004,17.800002,"Balsas Basin province","Mammillaria","Oaxaca",23.4999980926514,21.7000007629395,10,92.6637802124023,210,32,46.7149200439453,11.6734085083008
"Mammillaria huitzilopochtli",-97.031656,17.801149,"Balsas Basin province","Mammillaria","Oaxaca",24.2000007629395,21.4500007629395,14,90.212028503418,270,46,40.6446342468262,3.30140686035156
"Mammillaria huitzilopochtli",-96.961889,17.806556,"Balsas Basin province","Mammillaria","Oaxaca",23.5000019073486,21.9166660308838,5,97.8212432861328,168,19,4.66285228729248,0.735145568847656
"Mammillaria huitzilopochtli",-96.963917,17.809917,"Balsas Basin province","Mammillaria","Oaxaca",23.3999996185303,21.8833332061768,6,97.2711029052734,173,21,12.4914264678955,1.82444000244141
"Mammillaria huitzilopochtli",-96.960683,17.816683,"Balsas Basin province","Mammillaria","Oaxaca",23.6999988555908,21.7999992370605,9,93.6790618896484,209,30,22.9272575378418,2.43017578125
"Mammillaria huitzilopochtli",-96.959917,17.826583,"Balsas Basin province","Mammillaria","Oaxaca",23.8999996185303,21.75,12,90.9941101074219,240,40,26.9643726348877,4.70655822753906
"Mammillaria huitzilopochtli",-96.941,17.8272,"Sierra Madre del Sur province","Mammillaria","Oaxaca",24.1000022888184,20.8666667938232,21,86.4162826538086,320,69,7.01604318618774,0.7752685546875
"Mammillaria huitzilopochtli",-96.825755,17.837442,"Sierra Madre del Sur province","Mammillaria","Oaxaca",17.2000007629395,11.0666666030884,9,95.4474411010742,252,67,16.6212406158447,0.683990478515625
"Mammillaria huitzilopochtli",-96.969722,17.850639,"Balsas Basin province","Mammillaria","Oaxaca",23.8000011444092,22.0666656494141,6,96.3595809936523,192,26,25.4944152832031,2.90822601318359
"Mammillaria huitzilopochtli",-96.993139,17.852278,"Balsas Basin province","Mammillaria","Oaxaca",23.9000015258789,22.533332824707,5,99.2993621826172,170,18,15.1193237304688,-0.239761352539062
"Mammillaria huitzilopochtli",-96.984944,17.854833,"Balsas Basin province","Mammillaria","Oaxaca",23.8999977111816,22.3833332061768,6,98.4042892456055,179,21,5.32629632949829,-2.89975738525391
"Mammillaria huitzilopochtli",-96.984333,17.862806,"Balsas Basin province","Mammillaria","Oaxaca",23.8999977111816,22.3833332061768,5,98.8575057983398,170,20,10.7925901412964,-2.31694030761719
"Mammillaria huitzilopochtli",-96.998778,17.863194,"Balsas Basin province","Mammillaria","Oaxaca",23.8999996185303,22.6166667938232,4,100.301856994629,165,17,21.1173095703125,-4.74697113037109
"Mammillaria huitzilopochtli",-96.990417,17.867111,"Balsas Basin province","Mammillaria","Oaxaca",23.8999977111816,22.3833332061768,5,99.8041915893555,169,20,29.0801391601562,0.5362548828125
"Mammillaria huitzilopochtli",-96.989444,17.879167,"Balsas Basin province","Mammillaria","Oaxaca",23.8999977111816,22.4333343505859,4,100.524124145508,161,18,30.2234916687012,-1.26087188720703
"Mammillaria huitzilopochtli",-96.967,17.883,"Balsas Basin province","Mammillaria","Oaxaca",23.7999992370605,21.9500007629395,7,95.5070343017578,202,28,39.4803466796875,-0.59173583984375
"Mammillaria huitzilopochtli",-96.967667,17.885556,"Balsas Basin province","Mammillaria","Oaxaca",23.7999992370605,21.9166660308838,7,96.0062713623047,198,27,34.4181747436523,-3.35368347167969
"Mammillaria huitzilopochtli",-96.862665,17.890587,"Sierra Madre del Sur province","Mammillaria","Oaxaca",20.3999996185303,15.716667175293,16,93.5186767578125,374,121,31.8119697570801,-0.439422607421875
"Mammillaria huitzilopochtli",-96.996414,17.906664,"Balsas Basin province","Mammillaria","Oaxaca",24.0000019073486,22.6666660308838,5,98.9884262084961,160,18,23.4990501403809,0.180068969726562
"Mammillaria huitzilopochtli",-96.970944,17.906944,"Balsas Basin province","Mammillaria","Oaxaca",23.7999992370605,21.8833332061768,7,96.5708618164062,198,27,19.1759624481201,0.58197021484375
"Mammillaria huitzilopochtli",-96.970417,17.9085,"Balsas Basin province","Mammillaria","Oaxaca",23.7999992370605,21.8999996185303,6,97.7935256958008,183,22,16.4689712524414,1.11122131347656
"Mammillaria huitzilopochtli",-96.912779,17.912034,"Sierra Madre del Sur province","Mammillaria","Oaxaca",23.7000007629395,19.6666660308838,29,84.4033279418945,403,113,21.8461723327637,-3.3065185546875
"Mammillaria huitzilopochtli",-96.9667,17.9167,"Balsas Basin province","Mammillaria","Oaxaca",23.7999992370605,21.8833332061768,6,98.2848815917969,187,23,29.3058414459229,-3.03474426269531
"Mammillaria huitzilopochtli",-96.991833,17.929333,"Balsas Basin province","Mammillaria","Oaxaca",23.9000015258789,22.5666675567627,6,98.8984680175781,178,21,6.00399017333984,-0.18231201171875
"Mammillaria huitzilopochtli",-96.989197,17.940039,"Balsas Basin province","Mammillaria","Oaxaca",24.0000019073486,22.2333335876465,9,93.9809112548828,227,34,11.3085117340088,-5.51084899902344
"Mammillaria huitzilopochtli",-96.994194,17.956056,"Balsas Basin province","Mammillaria","Oaxaca",24.1000022888184,22.216667175293,10,94.0624084472656,225,36,7.4503927230835,-0.129486083984375
"Mammillaria huitzilopochtli",-96.981783,17.956683,"Balsas Basin province","Mammillaria","Oaxaca",24.4999980926514,21.7000007629395,14,90.0356826782227,285,53,12.6853771209717,3.50711059570312
"Mammillaria huitzilopochtli",-96.992404,17.960169,"Balsas Basin province","Mammillaria","Oaxaca",24.2999992370605,22,10,92.3745574951172,241,41,4.83060026168823,-0.0914688110351562
"Mammillaria huitzilopochtli",-96.829737,17.971066,"Sierra Madre del Sur province","Mammillaria","Oaxaca",20.7000007629395,16.5833339691162,25,90.8949813842773,480,121,19.4172801971436,0.363006591796875
"Mammillaria huitzilopochtli",-96.810577,17.981171,"Sierra Madre del Sur province","Mammillaria","Oaxaca",20.3999996185303,16.5833339691162,26,90.34228515625,498,135,15.5427150726318,-0.708480834960938
"Mammillaria huitzilopochtli",-96.859233,17.983756,"Sierra Madre del Sur province","Mammillaria","Oaxaca",24.5999984741211,20.033332824707,39,82.6853866577148,488,146,18.8696479797363,-2.3209228515625
"Mammillaria huitzilopochtli",-97.031917,17.988056,"Balsas Basin province","Mammillaria","Oaxaca",24.7000007629395,22.283332824707,9,92.8679809570312,233,36,23.7888088226318,3.28861999511719
"Mammillaria huitzilopochtli",-97.028722,18.013917,"Balsas Basin province","Mammillaria","Oaxaca",25.2999992370605,21.716667175293,13,88.6340560913086,267,53,12.8981113433838,-4.63933563232422
"Mammillaria karwinskiana",-96.073388,15.810043,"Pacific Lowlands province","Mammillaria","Mexico",13.6000003814697,25.9833335876465,4,106.951606750488,384,16,12.2943153381348,5.06248092651367
"Mammillaria karwinskiana",-96.001137,15.87185,"Pacific Lowlands province","Mammillaria","Mexico",14.1000003814697,25.75,3,108.39608001709,374,13,4.72080659866333,1.55590724945068
"Mammillaria karwinskiana",-95.863722,15.898333,"Pacific Lowlands province","Mammillaria","Mexico",14.5,26.3666667938232,2,109.85285949707,342,11,10.2652387619019,2.54774951934814
"Mammillaria karwinskiana",-96.791001,16.218691,"Sierra Madre del Sur province","Mammillaria","Mexico",17.6000003814697,18.9500007629395,4,93.8961486816406,372,28,30.76025390625,-0.521636962890625
"Mammillaria karwinskiana",-96.718347,16.234465,"Sierra Madre del Sur province","Mammillaria","Mexico",17.1000003814697,17.7999992370605,4,93.6165008544922,314,26,42.5590286254883,-6.35923767089844
"Mammillaria karwinskiana",-96.653403,16.265112,"Sierra Madre del Sur province","Mammillaria","Mexico",16.6000003814697,16.1499996185303,11,88.1972122192383,313,54,9.43790817260742,-6.834228515625
"Mammillaria karwinskiana",-96.670313,16.281288,"Sierra Madre del Sur province","Mammillaria","Mexico",17.6000003814697,16.7333335876465,10,88.1131286621094,292,44,17.5902233123779,0.185394287109375
"Mammillaria karwinskiana",-96.516809,16.282026,"Balsas Basin province","Mammillaria","Mexico",18.7999992370605,18.9833335876465,6,90.0416488647461,225,28,3.6073956489563,0.792266845703125
"Mammillaria karwinskiana",-96.660722,16.285495,"Sierra Madre del Sur province","Mammillaria","Mexico",17.8999996185303,17.1833324432373,9,87.9286575317383,280,41,22.4647426605225,-3.52593994140625
"Mammillaria karwinskiana",-96.514536,16.285821,"Balsas Basin province","Mammillaria","Mexico",19.0999984741211,19.2666664123535,5,90.7455978393555,213,24,4.72697019577026,-0.308624267578125
"Mammillaria karwinskiana",-96.649608,16.287885,"Sierra Madre del Sur province","Mammillaria","Mexico",17.6999988555908,17.283332824707,9,87.9811553955078,279,43,17.1145477294922,0.8309326171875
"Mammillaria karwinskiana",-96.653249,16.288327,"Sierra Madre del Sur province","Mammillaria","Mexico",17.8999996185303,17.3500003814697,9,87.5838623046875,274,41,20.0852069854736,-1.71810913085938
"Mammillaria karwinskiana",-96.635383,16.290306,"Sierra Madre del Sur province","Mammillaria","Mexico",17.7999992370605,17.5833339691162,8,88.1663436889648,269,38,21.4868354797363,3.09884643554688
"Mammillaria karwinskiana",-96.631081,16.290516,"Sierra Madre del Sur province","Mammillaria","Mexico",18,17.8166656494141,7,88.2101364135742,261,36,30.6640720367432,3.89263916015625
"Mammillaria karwinskiana",-96.643257,16.291733,"Sierra Madre del Sur province","Mammillaria","Mexico",17.8999996185303,17.4166660308838,8,88.4725799560547,279,42,8.09887409210205,0.839981079101562
"Mammillaria karwinskiana",-96.63963,16.292413,"Sierra Madre del Sur province","Mammillaria","Mexico",18,17.7666664123535,8,88.7908096313477,265,36,27.5070781707764,1.52871704101562
"Mammillaria karwinskiana",-96.632603,16.300923,"Sierra Madre del Sur province","Mammillaria","Mexico",18.2000007629395,18.0499992370605,7,89.4585342407227,263,35,26.5571765899658,-0.716720581054688
"Mammillaria karwinskiana",-96.633633,16.30147,"Sierra Madre del Sur province","Mammillaria","Mexico",18.5,18.1833343505859,6,89.5386581420898,252,29,22.1673030853271,-0.539993286132812
"Mammillaria karwinskiana",-96.71088,16.308585,"Sierra Madre del Sur province","Mammillaria","Mexico",18.1000003814697,17.3500003814697,6,92.6991729736328,288,30,29.1777896881104,-0.2752685546875
"Mammillaria karwinskiana",-96.773492,16.318319,"Sierra Madre del Sur province","Mammillaria","Mexico",18.2999992370605,18.6166667938232,3,96.3867416381836,302,21,10.5343532562256,-0.0137481689453125
"Mammillaria karwinskiana",-95.73333,16.40527,"Pacific Lowlands province","Mammillaria","Mexico",18.8000011444092,23.1833343505859,3,101.194236755371,199,11,19.4021434783936,-2.55377197265625
"Mammillaria karwinskiana",-96.466682,16.412748,"Sierra Madre del Sur province","Mammillaria","Mexico",17.1000003814697,19.5666675567627,3,95.8569641113281,91,19,23.1364555358887,3.02265930175781
"Mammillaria karwinskiana",-96.466705,16.416836,"Sierra Madre del Sur province","Mammillaria","Mexico",17.5999984741211,20.033332824707,2,98.0363006591797,182,12,3.26805067062378,4.9259033203125
"Mammillaria karwinskiana",-96.13156,16.50919,"Pacific Lowlands province","Mammillaria","Mexico",20.1000022888184,21.9166660308838,3,101.291206359863,231,12,8.29791355133057,-4.48507690429688
"Mammillaria karwinskiana",-95.966667,16.516667,"Sierra Madre del Sur province","Mammillaria","Mexico",18.1000003814697,21.7666664123535,0,104.720596313477,239,6,30.6418190002441,3.76179504394531
"Mammillaria karwinskiana",-96.04597,16.54113,"Pacific Lowlands province","Mammillaria","Mexico",19.5,22.1833343505859,1,104.637847900391,218,7,16.4386596679688,-2.53062438964844
"Mammillaria karwinskiana",-95.241667,16.575,"Pacific Lowlands province","Mammillaria","Mexico",16.3000011444092,24.0499992370605,2,112.569946289062,157,7,11.9400634765625,-1.20632934570312
"Mammillaria karwinskiana",-96.350054,16.599558,"Sierra Madre del Sur province","Mammillaria","Mexico",19,21.216667175293,2,98.6500625610352,225,9,19.7123794555664,2.20002746582031
"Mammillaria karwinskiana",-95.979722,16.611111,"Pacific Lowlands province","Mammillaria","Mexico",21.9000015258789,22.7999992370605,2,96.824592590332,198,7,1.31597828865051,-0.215492248535156
"Mammillaria karwinskiana",-94.9522,16.61444,"Pacific Lowlands province","Mammillaria","Mexico",15.5,23.9333324432373,7,107.173141479492,274,25,33.8528175354004,7.20169830322266
"Mammillaria karwinskiana",-96.033333,16.616667,"Pacific Lowlands province","Mammillaria","Mexico",21.4999980926514,22.3500003814697,3,96.7508544921875,207,10,1.42826986312866,0.0176544189453125
"Mammillaria karwinskiana",-96.051361,16.632197,"Pacific Lowlands province","Mammillaria","Mexico",19.9000015258789,22.0833339691162,3,101.16609954834,238,13,24.823902130127,-2.43507385253906
"Mammillaria karwinskiana",-95.89594,16.65608,"Pacific Lowlands province","Mammillaria","Mexico",20.3999996185303,22.1333332061768,3,98.3841018676758,235,18,9.22223949432373,-8.22529602050781
"Mammillaria karwinskiana",-96.264781,16.670547,"Sierra Madre del Sur province","Mammillaria","Mexico",20.4000015258789,22.033332824707,4,98.6246032714844,270,16,28.5613422393799,-1.27602386474609
"Mammillaria karwinskiana",-97.012555,16.674041,"Sierra Madre del Sur province","Mammillaria","Mexico",18.5,16.6333332061768,4,95.0882186889648,316,35,30.7794742584229,-0.439239501953125
"Mammillaria karwinskiana",-96.269416,16.676467,"Sierra Madre del Sur province","Mammillaria","Mexico",20.7999992370605,22.1666660308838,4,98.8645782470703,269,15,28.0803718566895,2.69466400146484
"Mammillaria karwinskiana",-96.324614,16.702431,"Sierra Madre del Sur province","Mammillaria","Mexico",20.7000007629395,21.6166667938232,3,97.9087982177734,276,16,6.23587465286255,-1.87785339355469
"Mammillaria karwinskiana",-96.753194,16.706056,"Balsas Basin province","Mammillaria","Mexico",22.4999980926514,19.7666664123535,2,93.4097061157227,281,14,5.12532711029053,0.258880615234375
"Mammillaria karwinskiana",-96.33344,16.72127,"Sierra Madre del Sur province","Mammillaria","Mexico",20.6000003814697,21.0500011444092,3,97.8831100463867,272,15,3.5798032283783,-0.661102294921875
"Mammillaria karwinskiana",-96.201205,16.722853,"Pacific Lowlands province","Mammillaria","Mexico",20.3000011444092,21.5833339691162,4,100.063972473145,284,18,18.9761085510254,-0.96417236328125
"Mammillaria karwinskiana",-96.3235,16.73555,"Sierra Madre del Sur province","Mammillaria","Mexico",20,20.3166656494141,2,96.9620666503906,245,13,19.5602912902832,-4.95223999023438
"Mammillaria karwinskiana",-95.78877,16.750442,"Pacific Lowlands province","Mammillaria","Mexico",20.2000007629395,22.6000003814697,10,95.3424758911133,239,35,26.2056140899658,-2.29081726074219
"Mammillaria karwinskiana",-96.342933,16.754925,"Sierra Madre del Sur province","Mammillaria","Mexico",20.5,19.8999996185303,1,97.0950927734375,245,12,20.9716415405273,-1.33161926269531
"Mammillaria karwinskiana",-95.773163,16.787465,"Sierra Madre del Sur province","Mammillaria","Mexico",20.1999988555908,22.3999996185303,13,94.1518783569336,262,47,23.0356502532959,3.99494934082031
"Mammillaria karwinskiana",-96.563524,16.791593,"Balsas Basin province","Mammillaria","Mexico",19.1000003814697,18.1999988555908,3,90.9555435180664,112,25,29.2271423339844,0.131927490234375
"Mammillaria karwinskiana",-95.932738,16.808173,"Pacific Lowlands province","Mammillaria","Mexico",20.1000003814697,21.9333324432373,9,98.3108673095703,331,38,12.6657629013062,1.28645324707031
"Mammillaria karwinskiana",-96.658992,16.851978,"Balsas Basin province","Mammillaria","Mexico",23.1000003814697,19.5,2,93.1713180541992,272,17,3.73771643638611,-0.181869506835938
"Mammillaria karwinskiana",-96.64853,16.85522,"Balsas Basin province","Mammillaria","Mexico",21.2000007629395,18.8666667938232,2,94.0302658081055,271,18,21.2862453460693,-4.62890625
"Mammillaria karwinskiana",-96.674789,16.857048,"Balsas Basin province","Mammillaria","Mexico",23.4000015258789,19.5833339691162,2,93.1794891357422,275,18,11.8923196792603,-0.187469482421875
"Mammillaria karwinskiana",-96.277088,16.864705,"Sierra Madre del Sur province","Mammillaria","Mexico",19.7000007629395,18.75,3,94.1548461914062,276,22,20.8148326873779,4.54093933105469
"Mammillaria karwinskiana",-96.277031,16.866836,"Sierra Madre del Sur province","Mammillaria","Mexico",18.2999992370605,17.8333339691162,2,95.2834625244141,255,19,8.74560165405273,2.51383972167969
"Mammillaria karwinskiana",-96.329746,16.872105,"Sierra Madre del Sur province","Mammillaria","Mexico",17.0999984741211,15.8999996185303,2,94.7880172729492,241,24,27.5767097473145,-1.71673583984375
"Mammillaria karwinskiana",-96.301633,16.914692,"Sierra Madre del Sur province","Mammillaria","Mexico",18.3999996185303,16.9333343505859,2,93.8258590698242,255,25,20.5679225921631,5.98419189453125
"Mammillaria karwinskiana",-96.399544,16.922145,"Balsas Basin province","Mammillaria","Mexico",21.5,19,2,91.4295883178711,276,22,0.775594651699066,-0.27996826171875
"Mammillaria karwinskiana",-96.660806,16.923478,"Balsas Basin province","Mammillaria","Mexico",19.7000007629395,17.716667175293,3,91.8810195922852,251,27,7.04750967025757,-1.68856811523438
"Mammillaria karwinskiana",-96.323547,16.931783,"Balsas Basin province","Mammillaria","Mexico",19.3999996185303,17.5499992370605,2,92.1326217651367,268,26,26.7014122009277,2.74656677246094
"Mammillaria karwinskiana",-96.322806,16.933593,"Balsas Basin province","Mammillaria","Mexico",19.2000007629395,17.4166660308838,2,92.2413635253906,267,27,35.6675453186035,-6.04266357421875
"Mammillaria karwinskiana",-96.407076,16.941172,"Sierra Madre del Sur province","Mammillaria","Mexico",20.4000015258789,18.466667175293,2,91.3739624023438,268,24,6.01116752624512,-0.0526580810546875
"Mammillaria karwinskiana",-96.7217,16.9467,"Balsas Basin province","Mammillaria","Mexico",24.4000015258789,19.4500007629395,2,94.5533676147461,251,15,0.0788440182805061,-0.09228515625
"Mammillaria karwinskiana",-96.449339,16.94959,"Balsas Basin province","Mammillaria","Mexico",22.1000003814697,19.2000007629395,3,90.0235824584961,274,23,12.8166818618774,-2.49237060546875
"Mammillaria karwinskiana",-96.440538,16.95413,"Balsas Basin province","Mammillaria","Mexico",21.5,19,3,90.7807159423828,277,23,3.78394079208374,0.0401458740234375
"Mammillaria karwinskiana",-96.413269,16.955665,"Balsas Basin province","Mammillaria","Mexico",19.9000015258789,18.2333335876465,2,91.3464431762695,126,25,2.13689589500427,0.14697265625
"Mammillaria karwinskiana",-96.653561,16.957423,"Balsas Basin province","Mammillaria","Mexico",21.0999984741211,18.25,2,93.1429443359375,260,18,13.1460399627686,-0.736892700195312
"Mammillaria karwinskiana",-96.447303,16.958267,"Balsas Basin province","Mammillaria","Mexico",22.1000003814697,19.25,3,89.6923904418945,277,24,19.5733737945557,9.26243591308594
"Mammillaria karwinskiana",-96.448975,16.958358,"Balsas Basin province","Mammillaria","Mexico",21.8999996185303,19.0833339691162,2,92.0601196289062,277,20,12.3027486801147,-1.43333435058594
"Mammillaria karwinskiana",-96.513793,16.971397,"Balsas Basin province","Mammillaria","Mexico",23.3999996185303,19.716667175293,2,91.5014038085938,265,19,0.0778717026114464,-0.0055084228515625
"Mammillaria karwinskiana",-96.561439,16.974925,"Balsas Basin province","Mammillaria","Mexico",23.5,19.5833339691162,2,92.3446655273438,257,18,14.0701913833618,2.83258056640625
"Mammillaria karwinskiana",-96.56098,16.975159,"Balsas Basin province","Mammillaria","Mexico",23.2999992370605,19.5166664123535,2,92.295783996582,256,17,7.93629121780396,2.0279541015625
"Mammillaria karwinskiana",-96.400673,16.995038,"Balsas Basin province","Mammillaria","Mexico",18,15.9000005722046,3,92.459342956543,107,31,4.40185785293579,-0.196685791015625
"Mammillaria karwinskiana",-96.683881,16.996066,"Balsas Basin province","Mammillaria","Mexico",20.2999992370605,17.8833332061768,2,92.5059204101562,257,23,15.4558258056641,2.99124145507812
"Mammillaria karwinskiana",-96.568308,16.997218,"Balsas Basin province","Mammillaria","Mexico",22.9999980926514,19.2666664123535,2,91.1490325927734,255,20,4.20094919204712,0.101272583007812
"Mammillaria karwinskiana",-96.657801,17.023467,"Balsas Basin province","Mammillaria","Mexico",19.6000003814697,17.2999992370605,2,92.4017791748047,253,25,17.9439525604248,0.185745239257812
"Mammillaria karwinskiana",-96.670074,17.023836,"Balsas Basin province","Mammillaria","Mexico",19.2999992370605,17.3333339691162,2,92.8440856933594,250,27,12.3951587677002,-4.6796875
"Mammillaria karwinskiana",-96.478157,17.033479,"Sierra Madre del Sur province","Mammillaria","Mexico",17.7999992370605,15.7666664123535,3,90.0937194824219,105,37,10.5091171264648,-4.50270080566406
"Mammillaria karwinskiana",-96.524987,17.036451,"Balsas Basin province","Mammillaria","Mexico",20.5,17.7000007629395,2,90.4635925292969,272,23,23.6049499511719,1.8975830078125
"Mammillaria karwinskiana",-96.871746,17.039019,"Sierra Madre del Sur province","Mammillaria","Mexico",19.7999992370605,17.1499996185303,3,92.8604888916016,258,28,11.2614488601685,5.02450561523438
"Mammillaria karwinskiana",-96.766737,17.040521,"Balsas Basin province","Mammillaria","Mexico",21.8999996185303,19.0499992370605,3,91.5585250854492,257,22,22.7704753875732,-0.353515625
"Mammillaria karwinskiana",-96.513847,17.04145,"Balsas Basin province","Mammillaria","Mexico",20.3999996185303,17.6333332061768,3,89.0122756958008,273,27,11.6624755859375,-1.64358520507812
"Mammillaria karwinskiana",-96.514205,17.041695,"Balsas Basin province","Mammillaria","Mexico",20.1000003814697,17.3833332061768,4,87.7592086791992,274,29,8.21903324127197,-2.31047058105469
"Mammillaria karwinskiana",-96.517983,17.042361,"Balsas Basin province","Mammillaria","Mexico",19.3999996185303,16.966667175293,3,89.057014465332,270,30,23.0917797088623,-0.0338134765625
"Mammillaria karwinskiana",-96.672613,17.044665,"Balsas Basin province","Mammillaria","Mexico",22.5,19.2666664123535,2,93.5400619506836,242,16,24.9367637634277,3.44871520996094
"Mammillaria karwinskiana",-96.843587,17.046417,"Sierra Madre del Sur province","Mammillaria","Mexico",22.5,18.8166656494141,2,92.253776550293,262,14,14.1469841003418,2.54835510253906
"Mammillaria karwinskiana",-96.515778,17.057622,"Sierra Madre del Sur province","Mammillaria","Mexico",19.5,16.8333339691162,4,87.7094421386719,274,32,4.54148197174072,0.479888916015625
"Mammillaria karwinskiana",-96.858333,17.060278,"Sierra Madre del Sur province","Mammillaria","Mexico",22.5,18.8999996185303,2,93.2239379882812,260,14,16.9298782348633,3.21517944335938
"Mammillaria karwinskiana",-96.859444,17.061944,"Sierra Madre del Sur province","Mammillaria","Mexico",21.7999992370605,18.5166664123535,3,93.171012878418,262,15,9.57966804504395,1.26182556152344
"Mammillaria karwinskiana",-96.51482,17.066739,"Sierra Madre del Sur province","Mammillaria","Mexico",18.2999992370605,15.6333332061768,5,86.8949127197266,269,40,18.2617931365967,-4.86772155761719
"Mammillaria karwinskiana",-96.736556,17.083047,"Balsas Basin province","Mammillaria","Mexico",22.2000007629395,19.5,3,91.8260269165039,246,20,17.0023536682129,3.23715209960938
"Mammillaria karwinskiana",-96.516667,17.083333,"Sierra Madre del Sur province","Mammillaria","Mexico",17,14.6499996185303,5,87.7376480102539,250,44,14.3880395889282,3.662109375
"Mammillaria karwinskiana",-96.735441,17.084196,"Balsas Basin province","Mammillaria","Mexico",22.0999984741211,19.3666667938232,3,91.4751510620117,248,22,26.4137420654297,0.4366455078125
"Mammillaria karwinskiana",-96.881289,17.106569,"Balsas Basin province","Mammillaria","Mexico",22.2999992370605,18.8166656494141,3,91.6467819213867,260,17,17.5530395507812,1.15618896484375
"Mammillaria karwinskiana",-96.812952,17.106631,"Balsas Basin province","Mammillaria","Mexico",22.9000015258789,19.4166660308838,3,92.8356857299805,252,19,10.2058305740356,-2.73709106445312
"Mammillaria karwinskiana",-96.4525,17.118889,"Sierra Madre del Sur province","Mammillaria","Mexico",14.0000009536743,8.86666679382324,11,84.5808486938477,366,60,5.31769227981567,-0.438262939453125
"Mammillaria karwinskiana",-96.658941,17.121574,"Sierra Madre del Sur province","Mammillaria","Mexico",18.6000003814697,15.6999998092651,4,87.8604202270508,259,37,34.6035232543945,-0.559722900390625
"Mammillaria karwinskiana",-96.757429,17.150816,"Balsas Basin province","Mammillaria","Mexico",22.4000015258789,18.7666664123535,3,90.8477172851562,250,23,6.76896095275879,1.24568176269531
"Mammillaria karwinskiana",-96.84266,17.161874,"Balsas Basin province","Mammillaria","Mexico",22.9000015258789,19.3666667938232,3,92.9771881103516,254,15,8.71164131164551,-1.69891357421875
"Mammillaria karwinskiana",-96.688333,17.162222,"Sierra Madre del Sur province","Mammillaria","Mexico",13.7000007629395,10.5833330154419,6,86.9768600463867,318,45,26.314603805542,2.30233764648438
"Mammillaria karwinskiana",-96.170916,17.176442,"Sierra Madre del Sur province","Mammillaria","Mexico",18.8999996185303,17.966667175293,37,80.4243011474609,479,193,18.4611206054688,-0.91802978515625
"Mammillaria karwinskiana",-96.743611,17.1775,"Sierra Madre del Sur province","Mammillaria","Mexico",20.7000007629395,17.2666664123535,3,90.9741134643555,260,31,16.1359367370605,3.85035705566406
"Mammillaria karwinskiana",-96.737738,17.1788,"Sierra Madre del Sur province","Mammillaria","Mexico",19.6000003814697,16.3666667938232,4,90.9868392944336,255,33,29.8740901947021,1.58798217773438
"Mammillaria karwinskiana",-97.12111,17.21886,"Sierra Madre del Sur province","Mammillaria","Mexico",21.5,17.5666675567627,4,92.6257934570312,262,18,19.4665145874023,-2.25004577636719
"Mammillaria karwinskiana",-96.241182,17.221912,"Sierra Madre del Sur province","Mammillaria","Mexico",19.2000007629395,17.5666675567627,39,75.6286163330078,458,217,11.4916906356812,-0.176727294921875
"Mammillaria karwinskiana",-96.901708,17.234991,"Balsas Basin province","Mammillaria","Mexico",22.5,18.966667175293,4,92.2905044555664,256,18,0.871597528457642,0.196990966796875
"Mammillaria karwinskiana",-97.09744,17.24064,"Sierra Madre del Sur province","Mammillaria","Mexico",21.4000015258789,17.3666667938232,5,92.7175140380859,257,18,18.9863719940186,2.06747436523438
"Mammillaria karwinskiana",-96.888936,17.250145,"Balsas Basin province","Mammillaria","Mexico",22.5999984741211,18.966667175293,3,92.8216171264648,255,17,10.7751064300537,-0.238937377929688
"Mammillaria karwinskiana",-96.41968,17.250994,"Sierra Madre del Sur province","Mammillaria","Mexico",17,12.966667175293,10,84.5896301269531,278,91,31.3459320068359,-0.400115966796875
"Mammillaria karwinskiana",-96.490919,17.255527,"Sierra Madre del Sur province","Mammillaria","Mexico",19,14.3500003814697,12,83.4458465576172,283,90,32.2933769226074,-0.0568084716796875
"Mammillaria karwinskiana",-96.479297,17.259995,"Sierra Madre del Sur province","Mammillaria","Mexico",17.7999992370605,13.4833335876465,10,84.7792434692383,261,80,20.8308124542236,1.60549926757812
"Mammillaria karwinskiana",-96.487928,17.260167,"Sierra Madre del Sur province","Mammillaria","Mexico",19.2000007629395,14.5333337783813,13,83.8773574829102,288,91,19.8730010986328,-1.31251525878906
"Mammillaria karwinskiana",-96.47267,17.267494,"Balsas Basin province","Mammillaria","Mexico",18.8000011444092,14.216667175293,12,83.6524887084961,286,96,12.2683725357056,1.72509765625
"Mammillaria karwinskiana",-96.45576,17.271169,"Sierra Madre del Sur province","Mammillaria","Mexico",18.8000011444092,14.2666664123535,15,83.2902908325195,320,109,3.67664265632629,6.40582275390625
"Mammillaria karwinskiana",-97.159254,17.29841,"Sierra Madre del Sur province","Mammillaria","Mexico",21,16.2666664123535,3,94.1810607910156,251,21,13.860390663147,2.374267578125
"Mammillaria karwinskiana",-97.2316,17.3336,"Sierra Madre del Sur province","Mammillaria","Mexico",21.2000007629395,15.7999992370605,2,95.7216339111328,250,11,13.7800722122192,-3.37173461914062
"Mammillaria karwinskiana",-96.577087,17.394596,"Balsas Basin province","Mammillaria","Mexico",22.8000011444092,18.1666660308838,12,84.72412109375,296,71,24.456470489502,9.92097473144531
"Mammillaria karwinskiana",-96.565472,17.408306,"Balsas Basin province","Mammillaria","Mexico",21.7000007629395,17.4833335876465,19,82.8053970336914,345,110,18.8419017791748,-0.694076538085938
"Mammillaria karwinskiana",-96.831583,17.721415,"Balsas Basin province","Mammillaria","Mexico",19,14.7666664123535,13,91.9317779541016,306,102,17.2504482269287,-0.114227294921875
"Mammillaria kraehenbuehlii",-97.223056,17.160778,"Sierra Madre del Sur province","Mammillaria","Oaxaca",18.9000015258789,16.0166664123535,4,96.7282562255859,269,26,9.61124134063721,-0.90899658203125
"Mammillaria kraehenbuehlii",-97.30966,17.30154,"Sierra Madre del Sur province","Mammillaria","Oaxaca",19.7999992370605,14.5166664123535,4,92.698486328125,266,26,22.5664901733398,-3.81735229492188
"Mammillaria kraehenbuehlii",-97.16704,17.49087,"Sierra Madre del Sur province","Mammillaria","Oaxaca",20.2000007629395,13.4833335876465,2,97.6730728149414,216,14,10.6941661834717,1.08432006835938
"Mammillaria kraehenbuehlii",-97.548155,17.636673,"Sierra Madre del Sur province","Mammillaria","Oaxaca",22.3000011444092,14.1000003814697,4,91.910514831543,251,24,3.71731328964233,-0.970611572265625
"Mammillaria kraehenbuehlii",-97.551917,17.656028,"Sierra Madre del Sur province","Mammillaria","Oaxaca",22.6000003814697,14.3833332061768,5,91.5932006835938,253,26,11.8466291427612,-0.0740966796875
"Mammillaria kraehenbuehlii",-97.56425,17.661,"Sierra Madre del Sur province","Mammillaria","Oaxaca",23,15.0500001907349,5,89.8134765625,244,18,13.3748044967651,0.67852783203125
"Mammillaria kraehenbuehlii",-97.492389,17.662111,"Sierra Madre del Sur province","Mammillaria","Oaxaca",22.7999992370605,14.9166669845581,4,88.7517166137695,235,24,14.8344993591309,1.78744506835938
"Mammillaria kraehenbuehlii",-97.566861,17.66225,"Sierra Madre del Sur province","Mammillaria","Oaxaca",23.1000003814697,15.4166669845581,5,88.8759689331055,240,18,11.3012752532959,-0.085693359375
"Mammillaria kraehenbuehlii",-97.558806,17.671222,"Sierra Madre del Sur province","Mammillaria","Oaxaca",23.6000003814697,15.8333330154419,5,88.4971313476562,233,17,17.0875854492188,1.94422912597656
"Mammillaria kraehenbuehlii",-97.55675,17.678111,"Sierra Madre del Sur province","Mammillaria","Oaxaca",23.6000003814697,15.8000001907349,4,88.8977890014648,232,16,10.269645690918,0.9766845703125
"Mammillaria kraehenbuehlii",-97.446241,17.708487,"Sierra Madre del Sur province","Mammillaria","Oaxaca",20.7999992370605,12.5500001907349,5,93.9895935058594,243,22,22.6339550018311,-4.57968139648438
"Mammillaria kraehenbuehlii",-97.480473,17.713882,"Sierra Madre del Sur province","Mammillaria","Oaxaca",22.2000007629395,13.9499998092651,4,91.8661651611328,238,21,4.29496383666992,-2.67666625976562
"Mammillaria kraehenbuehlii",-97.567383,17.733049,"Sierra Madre del Sur province","Mammillaria","Oaxaca",22.5,15.216667175293,4,91.0399398803711,244,24,19.7279777526855,-0.7265625
"Mammillaria kraehenbuehlii",-97.540306,17.747944,"Sierra Madre del Sur province","Mammillaria","Oaxaca",23,15.283332824707,4,90.3037414550781,234,16,12.1015949249268,1.14990234375
"Mammillaria kraehenbuehlii",-97.309661,17.784872,"Sierra Madre del Sur province","Mammillaria","Oaxaca",23.3999996185303,15.6666669845581,3,93.3017044067383,178,17,9.66317939758301,-2.25625610351562
"Mammillaria kraehenbuehlii",-97.362758,17.794707,"Sierra Madre del Sur province","Mammillaria","Oaxaca",24,15.6999998092651,3,92.2267379760742,184,17,1.0844783782959,-0.011962890625
"Mammillaria kraehenbuehlii",-97.31049,17.80062,"Sierra Madre del Sur province","Mammillaria","Oaxaca",23.8999996185303,16.5,3,96.0204086303711,168,15,13.0865898132324,0.146438598632812
"Mammillaria kraehenbuehlii",-97.30386,17.80791,"Sierra Madre del Sur province","Mammillaria","Oaxaca",23.7000007629395,16.216667175293,3,94.9288024902344,167,17,10.4851188659668,0.46624755859375
"Mammillaria kraehenbuehlii",-97.31502,17.80873,"Sierra Madre del Sur province","Mammillaria","Oaxaca",24,16.4500007629395,3,94.7880477905273,165,16,10.4666948318481,1.06185913085938
"Mammillaria kraehenbuehlii",-97.32528,17.81028,"Sierra Madre del Sur province","Mammillaria","Oaxaca",23.0999984741211,14.8999996185303,5,88.830078125,192,24,15.2607727050781,3.10330200195312
"Mammillaria kraehenbuehlii",-97.321742,17.810298,"Sierra Madre del Sur province","Mammillaria","Oaxaca",23.7999992370605,15.9000005722046,4,91.7918014526367,172,18,10.0985298156738,0.963760375976562
"Mammillaria kraehenbuehlii",-97.27558,17.81514,"Sierra Madre del Sur province","Mammillaria","Oaxaca",23.1999988555908,15.5666666030884,4,92.1163635253906,169,21,4.42873048782349,-0.81707763671875
"Mammillaria kraehenbuehlii",-97.27271,17.81535,"Sierra Madre del Sur province","Mammillaria","Oaxaca",23.5,15.8999996185303,3,94.7077941894531,164,18,17.7842864990234,-0.17095947265625
"Mammillaria kraehenbuehlii",-97.246194,17.816889,"Sierra Madre del Sur province","Mammillaria","Oaxaca",21.5999984741211,13.4166669845581,5,92.5510025024414,185,24,1.42805373668671,1.06857299804688
"Mammillaria kraehenbuehlii",-97.27828,17.81806,"Sierra Madre del Sur province","Mammillaria","Oaxaca",23.7000007629395,16.3666667938232,3,94.4940338134766,159,19,13.8376893997192,-0.0954437255859375
"Mammillaria kraehenbuehlii",-97.2963,17.82419,"Sierra Madre del Sur province","Mammillaria","Oaxaca",24.0999984741211,16.75,3,94.6000671386719,164,20,2.42341017723083,0.769851684570312
"Mammillaria kraehenbuehlii",-97.27829,17.83232,"Sierra Madre del Sur province","Mammillaria","Oaxaca",23.7999992370605,16.5,3,95.4319458007812,156,18,16.1804962158203,-6.87643432617188
"Mammillaria kraehenbuehlii",-97.27809,17.83368,"Sierra Madre del Sur province","Mammillaria","Oaxaca",23.7000007629395,16.5666675567627,3,94.8924026489258,154,19,23.9163875579834,1.88467407226562
"Mammillaria kraehenbuehlii",-97.23544,17.839044,"Sierra Madre del Sur province","Mammillaria","Oaxaca",21.5,13.5500001907349,5,91.7260208129883,184,26,7.5715594291687,0.242889404296875
"Mammillaria kraehenbuehlii",-97.306375,17.848454,"Sierra Madre del Sur province","Mammillaria","Oaxaca",24,16.4833335876465,3,93.4811096191406,155,18,4.44836330413818,1.08854675292969
"Mammillaria kraehenbuehlii",-97.296445,17.861608,"Sierra Madre del Sur province","Mammillaria","Oaxaca",23.2999992370605,15.8833332061768,3,91.9624481201172,159,21,10.0540428161621,1.44854736328125
"Mammillaria kraehenbuehlii",-97.207362,17.885797,"Sierra Madre del Sur province","Mammillaria","Oaxaca",20.2999992370605,12.9499998092651,5,90.7299118041992,188,35,5.83115243911743,-0.050506591796875
"Mammillaria kraehenbuehlii",-97.38097,17.886533,"Sierra Madre del Sur province","Mammillaria","Oaxaca",23.7999992370605,14.8999996185303,4,93.2606811523438,198,15,7.20354223251343,0.78350830078125
"Mammillaria kraehenbuehlii",-97.352861,17.890694,"Sierra Madre del Sur province","Mammillaria","Oaxaca",24.1000003814697,15.2666664123535,4,90.9049072265625,179,16,4.93782901763916,0.110305786132812
"Mammillaria kraehenbuehlii",-97.271993,17.891104,"Sierra Madre del Sur province","Mammillaria","Oaxaca",22.5999984741211,16.283332824707,3,95.2697448730469,156,21,28.0499420166016,-1.84111022949219
"Mammillaria kraehenbuehlii",-97.389833,17.8955,"Sierra Madre del Sur province","Mammillaria","Oaxaca",23.5,14.7166662216187,4,94.8342437744141,209,16,3.25310778617859,0.0775146484375
"Mammillaria kraehenbuehlii",-97.343403,17.897221,"Sierra Madre del Sur province","Mammillaria","Oaxaca",23.6999988555908,15.0666666030884,4,90.7439041137695,183,18,18.8408660888672,2.191650390625
"Mammillaria kraehenbuehlii",-97.312914,17.902594,"Sierra Madre del Sur province","Mammillaria","Oaxaca",22.8999996185303,15.3500003814697,3,92.3054428100586,166,18,6.00348567962646,-6.69215393066406
"Mammillaria kraehenbuehlii",-97.338993,17.903043,"Sierra Madre del Sur province","Mammillaria","Oaxaca",23.2999992370605,14.8666667938232,4,90.7075805664062,186,21,19.5073680877686,0.11309814453125
"Mammillaria kraehenbuehlii",-97.388764,17.909471,"Sierra Madre del Sur province","Mammillaria","Oaxaca",23.1999988555908,14.5666666030884,4,93.8883743286133,216,19,16.1680679321289,0.457427978515625
"Mammillaria kraehenbuehlii",-97.37995,17.989721,"Sierra Madre del Sur province","Mammillaria","Oaxaca",23.7000007629395,16.4166679382324,4,91.8413696289062,186,22,26.5766754150391,-7.96084594726562
"Mammillaria kraehenbuehlii",-97.223199,18.01533,"Balsas Basin province","Mammillaria","Oaxaca",25.2000007629395,19.9333343505859,7,90.6163330078125,163,27,15.3056201934814,-1.2825927734375
"Mammillaria kraehenbuehlii",-97.347333,18.028056,"Sierra Madre del Sur province","Mammillaria","Oaxaca",21.3000011444092,14.3833332061768,4,92.9853897094727,211,24,39.6681137084961,2.92373657226562
"Mammillaria kraehenbuehlii",-97.34492,18.05725,"Sierra Madre del Sur province","Mammillaria","Oaxaca",19.6999988555908,12.9333333969116,6,92.4816207885742,225,27,31.5304012298584,0.46112060546875
"Mammillaria mystax",-96.490678,17.255555,"Sierra Madre del Sur province","Mammillaria","Mexico",19,14.3500003814697,12,83.4458465576172,283,90,32.2933769226074,-0.0568084716796875
"Mammillaria mystax",-96.443428,17.301123,"Balsas Basin province","Mammillaria","Mexico",18,13.8499994277954,15,83.0809097290039,321,120,8.72560119628906,3.82858276367188
"Mammillaria mystax",-97.656944,17.355277,"Sierra Madre del Sur province","Mammillaria","Mexico",21.0999984741211,15.6833333969116,4,94.5303726196289,271,17,1.59835827350616,-0.563995361328125
"Mammillaria mystax",-97.811361,17.536538,"Sierra Madre del Sur province","Mammillaria","Mexico",22.1000003814697,16.5,5,93.8672485351562,258,17,14.3926496505737,-3.76480102539062
"Mammillaria mystax",-97.321237,17.54788,"Sierra Madre del Sur province","Mammillaria","Mexico",21.5999984741211,13.8833332061768,3,93.2068481445312,221,19,4.66027212142944,-0.1998291015625
"Mammillaria mystax",-97.322148,17.55088,"Sierra Madre del Sur province","Mammillaria","Mexico",21.5999984741211,13.9166669845581,4,90.8073806762695,218,22,7.44704103469849,0.927154541015625
"Mammillaria mystax",-97.392847,17.611491,"Sierra Madre del Sur province","Mammillaria","Mexico",20.5,12.5166664123535,6,92.6383514404297,243,26,8.7332239151001,2.93557739257812
"Mammillaria mystax",-97.41666,17.68333,"Sierra Madre del Sur province","Mammillaria","Mexico",20.9000015258789,12.6833333969116,5,92.722526550293,235,23,7.97759342193604,-4.04229736328125
"Mammillaria mystax",-97.41819,17.69047,"Sierra Madre del Sur province","Mammillaria","Mexico",21.3999996185303,13.0833330154419,5,92.3419036865234,233,22,24.4481906890869,-0.271575927734375
"Mammillaria mystax",-97.474056,17.691,"Sierra Madre del Sur province","Mammillaria","Mexico",22.5999984741211,14.4666662216187,5,88.5139923095703,235,24,22.2370491027832,1.363525390625
"Mammillaria mystax",-97.40278,17.7025,"Sierra Madre del Sur province","Mammillaria","Mexico",21.6999988555908,13.283332824707,6,89.274772644043,225,27,23.3118877410889,-0.453155517578125
"Mammillaria mystax",-97.316965,17.705271,"Sierra Madre del Sur province","Mammillaria","Mexico",22.3999996185303,14.5166673660278,3,92.8585052490234,205,18,5.53360462188721,-0.722900390625
"Mammillaria mystax",-97.385278,17.720167,"Sierra Madre del Sur province","Mammillaria","Mexico",22.3999996185303,14.3000001907349,5,87.8076553344727,217,26,2.16255736351013,1.12362670898438
"Mammillaria mystax",-97.779738,17.740252,"Balsas Basin province","Mammillaria","Mexico",23.3000011444092,18.966667175293,4,96.3013610839844,234,14,9.39588260650635,0.0123291015625
"Mammillaria mystax",-97.508641,17.837583,"Sierra Madre del Sur province","Mammillaria","Mexico",20.5,12.5833330154419,7,90.7832870483398,247,30,13.8466262817383,0.6343994140625
"Mammillaria mystax",-97.520868,17.852189,"Sierra Madre del Sur province","Mammillaria","Mexico",19.7000007629395,11.8999996185303,8,91.0971450805664,254,32,29.7827911376953,-1.78460693359375
"Mammillaria mystax",-97.510556,17.8525,"Sierra Madre del Sur province","Mammillaria","Mexico",20.1000003814697,12.1666669845581,8,90.2742614746094,250,33,13.1773872375488,0.063323974609375
"Mammillaria mystax",-97.35698,17.85293,"Sierra Madre del Sur province","Mammillaria","Mexico",22.5,13.7666664123535,4,93.4326324462891,211,21,30.0946865081787,2.54656982421875
"Mammillaria mystax",-97.505889,17.860633,"Sierra Madre del Sur province","Mammillaria","Mexico",20.2000007629395,12.3666667938232,8,89.3095474243164,246,34,12.2915544509888,1.44412231445312
"Mammillaria mystax",-97.572079,17.864689,"Sierra Madre del Sur province","Mammillaria","Mexico",20.2000007629395,12.6499996185303,4,93.9842147827148,251,20,18.1985626220703,0.3807373046875
"Mammillaria mystax",-97.34253,17.8735,"Sierra Madre del Sur province","Mammillaria","Mexico",23.5,14.8500003814697,5,90.7393112182617,186,18,2.63762450218201,0.234710693359375
"Mammillaria mystax",-97.346621,17.883542,"Sierra Madre del Sur province","Mammillaria","Mexico",23.9000015258789,15.2833337783813,4,89.1032943725586,176,20,11.2423448562622,1.26263427734375
"Mammillaria mystax",-97.426306,17.889667,"Sierra Madre del Sur province","Mammillaria","Mexico",23.0999984741211,14.6333332061768,5,92.5657730102539,219,21,6.55213403701782,0.36767578125
"Mammillaria mystax",-97.37587,17.899901,"Sierra Madre del Sur province","Mammillaria","Mexico",23.5999984741211,14.8166666030884,4,94.0924835205078,204,16,3.28448033332825,-0.0823974609375
"Mammillaria mystax",-97.35715,17.904954,"Sierra Madre del Sur province","Mammillaria","Mexico",23.5999984741211,14.7333335876465,5,92.0188903808594,199,19,3.28537011146545,0.19683837890625
"Mammillaria mystax",-97.424133,17.90778,"Sierra Madre del Sur province","Mammillaria","Mexico",22.7999992370605,14.4000005722046,5,92.2308120727539,224,22,16.3750057220459,1.03753662109375
"Mammillaria mystax",-97.265833,17.946389,"Sierra Madre del Sur province","Mammillaria","Mexico",22.5,16.5166664123535,6,90.7475814819336,201,41,17.6944465637207,-1.41624450683594
"Mammillaria mystax",-98.042263,17.955617,"Balsas Basin province","Mammillaria","Mexico",21.7999992370605,20.5166664123535,5,97.849739074707,214,21,12.2856769561768,-0.773529052734375
"Mammillaria mystax",-97.696611,17.989611,"Balsas Basin province","Mammillaria","Mexico",21,16.7999992370605,4,95.0662689208984,225,20,24.2364768981934,0.002532958984375
"Mammillaria mystax",-97.655295,18.010289,"Balsas Basin province","Mammillaria","Mexico",21.2000007629395,16.1166667938232,4,94.8756866455078,229,19,29.0364971160889,0.289337158203125
"Mammillaria mystax",-97.332026,18.083715,"Sierra Madre del Sur province","Mammillaria","Mexico",20.7000007629395,14.1666660308838,4,93.3376235961914,213,24,33.0877265930176,3.35806274414062
"Mammillaria mystax",-97.76883,18.095303,"Balsas Basin province","Mammillaria","Mexico",20.3999996185303,18.466667175293,5,97.0572891235352,205,18,13.5502328872681,-2.02780151367188
"Mammillaria mystax",-97.66556,18.130998,"Balsas Basin province","Mammillaria","Mexico",21.4000015258789,17.716667175293,4,95.2435073852539,191,19,8.27041912078857,-1.05007934570312
"Mammillaria mystax",-97.6838,18.17803,"Balsas Basin province","Mammillaria","Mexico",21,18.3833332061768,4,95.6926574707031,189,14,10.7600879669189,-0.810043334960938
"Mammillaria mystax",-97.738023,18.188976,"Balsas Basin province","Mammillaria","Mexico",21.3000011444092,19.2000007629395,5,94.6836624145508,162,15,19.0868721008301,0.948135375976562
"Mammillaria polyedra",-96.45886,17.30289,"Balsas Basin province","Mammillaria","Mexico",20.1000003814697,15.6166667938232,19,80.958869934082,364,125,8.77730464935303,-3.83802795410156
"Mammillaria polyedra",-97.14692,17.328704,"Sierra Madre del Sur province","Mammillaria","Mexico",20.2000007629395,15.0166664123535,3,95.6615829467773,247,19,20.7972869873047,-0.977783203125
"Mammillaria polyedra",-97.05692,17.4669,"Sierra Madre del Sur province","Mammillaria","Mexico",22,17.6166667938232,5,93.2450332641602,247,34,15.1117238998413,2.52122497558594
"Mammillaria polyedra",-96.838889,17.509139,"Balsas Basin province","Mammillaria","Mexico",23.5,20.716667175293,13,90.9574890136719,268,39,18.2443943023682,-2.09349822998047
"Mammillaria polyedra",-97.982512,17.516018,"Sierra Madre del Sur province","Mammillaria","Mexico",23,19.2999992370605,3,95.5458068847656,230,17,26.2859935760498,0.991790771484375
"Mammillaria polyedra",-98.039784,17.546384,"Balsas Basin province","Mammillaria","Mexico",22.8999996185303,19.3833332061768,4,97.2123336791992,239,16,16.8347625732422,1.59295654296875
"Mammillaria polyedra",-97.05026,17.5527,"Sierra Madre del Sur province","Mammillaria","Mexico",18.7000007629395,14.3333330154419,2,97.9240570068359,187,19,22.600923538208,-3.24606323242188
"Mammillaria polyedra",-96.92717,17.61147,"Balsas Basin province","Mammillaria","Mexico",23.5,20.9500007629395,12,90.9745254516602,269,38,21.0374507904053,-7.68168640136719
"Mammillaria polyedra",-98.046284,17.637654,"Balsas Basin province","Mammillaria","Mexico",22.3999977111816,21.0499992370605,4,96.6201477050781,260,24,32.2041702270508,-0.518753051757812
"Mammillaria polyedra",-98.015122,17.64243,"Balsas Basin province","Mammillaria","Mexico",22.9000015258789,20.8666667938232,4,95.8126831054688,257,17,22.1038341522217,1.6395263671875
"Mammillaria polyedra",-97.140404,17.648826,"Sierra Madre del Sur province","Mammillaria","Mexico",21.7000007629395,14.783332824707,5,91.9103775024414,191,35,3.69215631484985,-0.50616455078125
"Mammillaria polyedra",-97.134507,17.653808,"Sierra Madre del Sur province","Mammillaria","Mexico",21.3999996185303,14.216667175293,5,92.9204025268555,178,29,31.7800445556641,-4.92929077148438
"Mammillaria polyedra",-98.054061,17.680657,"Balsas Basin province","Mammillaria","Mexico",22.1999988555908,20.1833343505859,4,97.7463455200195,254,21,24.8659133911133,-3.82640075683594
"Mammillaria polyedra",-97.007611,17.693333,"Balsas Basin province","Mammillaria","Mexico",24.2000007629395,21.1333332061768,10,91.8896942138672,232,33,26.6276473999023,-4.36125183105469
"Mammillaria polyedra",-96.86667,17.71667,"Sierra Madre del Sur province","Mammillaria","Mexico",21.1000003814697,17.4166660308838,18,87.7864685058594,345,125,22.9063549041748,0.966506958007812
"Mammillaria polyedra",-96.917306,17.840917,"Sierra Madre del Sur province","Mammillaria","Mexico",23.4000015258789,19.6166667938232,24,86.9489059448242,370,82,21.8073749542236,-2.55950927734375
"Mammillaria polyedra",-96.863704,17.874268,"Sierra Madre del Sur province","Mammillaria","Mexico",22.2000007629395,16.8833332061768,22,91.0634460449219,417,139,14.0620222091675,-6.00372314453125
"Mammillaria polyedra",-96.912557,17.875854,"Sierra Madre del Sur province","Mammillaria","Mexico",24.1000003814697,19.6499996185303,26,86.078125,386,94,34.6345443725586,-1.49266052246094
"Mammillaria polyedra",-96.94058,17.92142,"Sierra Madre del Sur province","Mammillaria","Mexico",23.6000003814697,20.4833335876465,25,87.1156845092773,383,91,15.7274370193481,1.31657409667969
"Mammillaria polyedra",-96.94972,17.92444,"Balsas Basin province","Mammillaria","Mexico",23.5,20.6166667938232,24,88.0605392456055,377,83,32.0227088928223,-1.0848388671875
"Mammillaria polyedra",-98.02474,17.974106,"Balsas Basin province","Mammillaria","Mexico",20.8999996185303,19.3166656494141,5,97.787712097168,253,22,16.9153499603271,-0.0042724609375
"Mammillaria polyedra",-96.965053,18.071484,"Sierra Madre del Sur province","Mammillaria","Mexico",18.7999992370605,14.6000003814697,13,90.086296081543,314,131,14.9241752624512,-1.9405517578125
"Mammillaria rekoi",-96.304116,16.509701,"Sierra Madre del Sur province","Mammillaria","Oaxaca",18.5,20.8500003814697,3,98.646125793457,183,11,8.62345123291016,-6.26678466796875
"Mammillaria rekoi",-95.95258,16.54683,"Sierra Madre del Sur province","Mammillaria","Oaxaca",17.8999996185303,21.8333339691162,1,104.751373291016,240,7,22.8413047790527,4.41322326660156
"Mammillaria rekoi",-96.355271,16.581956,"Sierra Madre del Sur province","Mammillaria","Oaxaca",19.7999992370605,21.6833324432373,2,99.4614791870117,266,11,7.84422826766968,1.72918701171875
"Mammillaria rekoi",-96.362517,16.583059,"Sierra Madre del Sur province","Mammillaria","Oaxaca",19.7999992370605,21.716667175293,2,99.4614791870117,266,11,29.0602474212646,2.55337524414062
"Mammillaria rekoi",-96.357168,16.585226,"Sierra Madre del Sur province","Mammillaria","Oaxaca",19.4000015258789,21.4166660308838,2,98.6947937011719,248,10,33.4138565063477,-1.15907287597656
"Mammillaria rekoi",-96.587616,16.59149,"Balsas Basin province","Mammillaria","Oaxaca",16.5,16.3666667938232,3,94.2694778442383,244,21,35.0557098388672,-4.30606079101562
"Mammillaria rekoi",-97.661667,16.703333,"Sierra Madre del Sur province","Mammillaria","Oaxaca",18.8999996185303,21.4166660308838,4,108.825157165527,403,14,7.02156972885132,-0.398612976074219
"Mammillaria rekoi",-96.264091,16.787701,"Sierra Madre del Sur province","Mammillaria","Oaxaca",17.3999996185303,17.6333332061768,1,98.1695709228516,226,15,16.5439758300781,1.25949096679688
"Mammillaria rekoi",-96.21933,16.809789,"Sierra Madre del Sur province","Mammillaria","Oaxaca",16.6000003814697,17.0666656494141,2,96.0613250732422,231,24,8.60853576660156,-2.12179565429688
"Mammillaria rekoi",-96.30111,16.882007,"Sierra Madre del Sur province","Mammillaria","Oaxaca",16.2999992370605,15.6500005722046,2,94.5030212402344,104,29,20.5912208557129,-0.502960205078125
"Mammillaria rekoi",-96.301344,16.888061,"Sierra Madre del Sur province","Mammillaria","Oaxaca",16.5,15.7666664123535,3,93.9355087280273,104,31,36.4708557128906,-2.11575317382812
"Mammillaria rekoi",-96.305535,16.950008,"Sierra Madre del Sur province","Mammillaria","Oaxaca",17.5999984741211,16.2333335876465,2,95.2355041503906,109,26,2.25560212135315,-3.18014526367188
"Mammillaria rekoi",-96.388113,16.969534,"Sierra Madre del Sur province","Mammillaria","Oaxaca",16.9000015258789,15.5666666030884,3,92.3234558105469,109,35,27.5717658996582,-0.023345947265625
"Mammillaria rekoi",-96.319897,16.971685,"Sierra Madre del Sur province","Mammillaria","Oaxaca",16.9000015258789,15.3333339691162,5,91.1257171630859,107,42,24.1117057800293,-1.51217651367188
"Mammillaria rekoi",-96.408838,16.996367,"Balsas Basin province","Mammillaria","Oaxaca",19.3999996185303,17,3,90.0725250244141,267,31,14.0408868789673,0.58441162109375
"Mammillaria rekoi",-96.407651,16.996627,"Balsas Basin province","Mammillaria","Oaxaca",18,15.9000005722046,3,92.459342956543,107,31,21.8842811584473,0.386322021484375
"Mammillaria rekoi",-96.670375,17.024883,"Balsas Basin province","Mammillaria","Oaxaca",19.2999992370605,17.3333339691162,2,92.8440856933594,250,27,13.7235612869263,-4.08807373046875
"Mammillaria rekoi",-96.49867,17.08486,"Sierra Madre del Sur province","Mammillaria","Oaxaca",15,12.6999998092651,6,87.6132354736328,256,50,13.3916015625,1.27816772460938
"Mammillaria rekoi",-96.508255,17.090164,"Sierra Madre del Sur province","Mammillaria","Oaxaca",15.7999992370605,13.4333333969116,5,87.2653274536133,247,48,20.5668258666992,-6.41873168945312
"Mammillaria rekoi",-96.507305,17.092137,"Sierra Madre del Sur province","Mammillaria","Oaxaca",14.4999990463257,12.1333332061768,7,85.9737701416016,274,56,33.4563217163086,1.2017822265625
"Mammillaria rekoi",-96.491197,17.094707,"Sierra Madre del Sur province","Mammillaria","Oaxaca",14.8999996185303,12.0166673660278,7,86.8768005371094,267,53,30.5678653717041,-0.910400390625
"Mammillaria rekoi",-96.058021,17.100122,"Sierra Madre del Sur province","Mammillaria","Oaxaca",15.0000009536743,12.9833335876465,16,86.0383529663086,322,101,18.3730487823486,-2.69110107421875
"Mammillaria rekoi",-96.468917,17.100611,"Sierra Madre del Sur province","Mammillaria","Oaxaca",14.1000003814697,10.0666666030884,9,83.9030380249023,347,55,24.3528614044189,-1.57528686523438
"Mammillaria rekoi",-96.682365,17.125614,"Sierra Madre del Sur province","Mammillaria","Oaxaca",16.2999992370605,13.8333339691162,6,86.2723922729492,245,51,29.2562465667725,3.75454711914062
"Mammillaria rekoi",-96.422459,17.129552,"Sierra Madre del Sur province","Mammillaria","Oaxaca",14.2999992370605,9.63333320617676,9,84.0197448730469,354,58,18.361291885376,-3.6109619140625
"Mammillaria rekoi",-96.692216,17.131097,"Sierra Madre del Sur province","Mammillaria","Oaxaca",18,15.2333335876465,5,87.2190170288086,250,43,15.6337480545044,2.31661987304688
"Mammillaria rekoi",-96.732257,17.217169,"Sierra Madre del Sur province","Mammillaria","Oaxaca",15.8999996185303,13.0500001907349,4,91.3961486816406,257,40,33.5652618408203,-1.13580322265625
"Mammillaria rekoi",-96.453983,17.239694,"Sierra Madre del Sur province","Mammillaria","Oaxaca",15.1999998092651,11.6499996185303,13,83.507698059082,290,90,16.6935157775879,0.644195556640625
"Mammillaria rekoi",-96.502506,17.239862,"Sierra Madre del Sur province","Mammillaria","Oaxaca",18.2999992370605,13.8166666030884,10,84.0369644165039,256,77,12.2441425323486,3.77606201171875
"Mammillaria rekoi",-96.494564,17.243888,"Sierra Madre del Sur province","Mammillaria","Oaxaca",18.7000007629395,14.0500001907349,10,83.6336898803711,264,84,19.3979797363281,-5.04037475585938
"Mammillaria rekoi",-96.490817,17.25519,"Sierra Madre del Sur province","Mammillaria","Oaxaca",19,14.3500003814697,12,83.4458465576172,283,90,29.1011753082275,-2.49029541015625
"Mammillaria rekoi",-96.480932,17.269154,"Sierra Madre del Sur province","Mammillaria","Oaxaca",19.2000007629395,14.533332824707,14,83.3916244506836,297,97,13.6746664047241,1.68582153320312
"Mammillaria rekoi",-96.525428,17.309913,"Balsas Basin province","Mammillaria","Oaxaca",22.6000003814697,17.5666656494141,9,82.5516052246094,274,63,0.515105664730072,-0.161941528320312
"Mammillaria rekoi",-96.473418,17.328131,"Sierra Madre del Sur province","Mammillaria","Oaxaca",17.1000003814697,13.3000001907349,11,83.7432861328125,276,101,16.0694026947021,-0.133697509765625
"Mammillaria solisioides",-97.817956,17.807744,"Balsas Basin province","Mammillaria","Mexico",23.0999984741211,18.5666675567627,5,95.1436386108398,235,24,8.38180446624756,-0.203598022460938
"Mammillaria solisioides",-97.713725,17.815845,"Balsas Basin province","Mammillaria","Mexico",23.7000007629395,18.7999992370605,5,94.4318618774414,216,17,9.68519115447998,1.01708984375
"Mammillaria solisioides",-97.7887,17.83089,"Balsas Basin province","Mammillaria","Mexico",23.3999977111816,18.6833324432373,5,94.4153366088867,221,19,14.4249563217163,0.568634033203125
"Mammillaria solisioides",-97.778639,17.84175,"Balsas Basin province","Mammillaria","Mexico",23.1999988555908,18.466667175293,5,93.7964553833008,221,27,4.24717569351196,1.47979736328125
"Mammillaria solisioides",-97.775028,17.851361,"Balsas Basin province","Mammillaria","Mexico",23.0999984741211,18.283332824707,5,94.2355194091797,222,26,6.35117292404175,-0.63446044921875
"Mammillaria solisioides",-97.775028,17.8585,"Balsas Basin province","Mammillaria","Mexico",23.1000003814697,18.3500003814697,5,93.5834045410156,220,28,7.69916152954102,-0.9129638671875
"Mammillaria solisioides",-97.681053,17.899515,"Balsas Basin province","Mammillaria","Mexico",23.2999992370605,18.5833339691162,4,94.3305206298828,207,22,22.8081912994385,0.646438598632812
"Mammillaria solisioides",-97.804333,17.93375,"Balsas Basin province","Mammillaria","Mexico",22.2999992370605,18.3666667938232,6,94.7077713012695,209,24,10.5095176696777,3.20030212402344
"Mammillaria solisioides",-97.661603,17.934147,"Balsas Basin province","Mammillaria","Mexico",21.7000007629395,17.283332824707,4,94.7191009521484,223,19,40.1005630493164,3.12843322753906
"Mammillaria solisioides",-97.789806,17.938583,"Balsas Basin province","Mammillaria","Mexico",22.2999992370605,18.4500007629395,6,93.9032287597656,206,25,11.7943115234375,0.289993286132812
"Mammillaria sphacelata",-96.949806,17.585444,"Balsas Basin province","Mammillaria","Mexico",22.2000007629395,19.2999992370605,13,90.0279693603516,285,42,17.7640151977539,-1.80473327636719
"Mammillaria sphacelata",-96.959387,17.682975,"Balsas Basin province","Mammillaria","Mexico",23.7000007629395,21.3333339691162,13,89.5949325561523,270,44,11.993369102478,1.23951721191406
"Mammillaria sphacelata",-96.965,17.70511,"Balsas Basin province","Mammillaria","Mexico",23.7000007629395,21.8666667938232,9,92.0539779663086,220,32,30.7442302703857,-0.918075561523438
"Mammillaria sphacelata",-96.94056,17.74361,"Balsas Basin province","Mammillaria","Mexico",23.1999988555908,21.716667175293,5,94.9115142822266,168,22,4.41464233398438,1.37744140625
"Mammillaria sphacelata",-97.2033,17.8477,"Sierra Madre del Sur province","Mammillaria","Mexico",23.1000003814697,16.216667175293,5,93.2002487182617,180,36,8.92286205291748,0.31390380859375
"Mammillaria sphacelata",-97.221624,17.849202,"Sierra Madre del Sur province","Mammillaria","Mexico",22.4000015258789,15,4,94.2749938964844,168,25,11.5949192047119,0.03790283203125
"Mammillaria sphacelata",-97.191667,17.858333,"Sierra Madre del Sur province","Mammillaria","Mexico",23.0999984741211,16.466667175293,6,92.3799743652344,187,38,22.507438659668,-0.0613250732421875
"Mammillaria sphacelata",-97.205,17.858611,"Sierra Madre del Sur province","Mammillaria","Mexico",22.8999996185303,16.1166667938232,5,93.3052978515625,179,35,4.99050760269165,-0.058013916015625
"Mammillaria sphacelata",-97.337222,17.872778,"Sierra Madre del Sur province","Mammillaria","Mexico",23.3999996185303,14.8000001907349,5,90.4008483886719,186,19,3.22317552566528,-0.30206298828125
"Mammillaria sphacelata",-97.073917,17.902083,"Balsas Basin province","Mammillaria","Mexico",25.2000007629395,20.9333324432373,11,89.9701538085938,230,40,42.6048851013184,5.63279724121094
"Mammillaria sphacelata",-96.96361,17.93394,"Balsas Basin province","Mammillaria","Mexico",24.0000019073486,21.6000003814697,10,94.8967437744141,240,37,16.9975833892822,-5.53540420532227
"Mammillaria sphacelata",-97.279972,17.943306,"Sierra Madre del Sur province","Mammillaria","Mexico",21.6000003814697,14.9333333969116,4,93.4546203613281,175,23,30.138729095459,0.03021240234375
"Mammillaria sphacelata",-97.263122,17.954342,"Sierra Madre del Sur province","Mammillaria","Mexico",22.6000003814697,16.5499992370605,6,89.6764831542969,204,47,6.92851114273071,-5.142333984375
"Mammillaria sphacelata",-97.34183,18.08999,"Sierra Madre del Sur province","Mammillaria","Mexico",21.7000007629395,16.3666667938232,5,91.7243576049805,198,28,54.0634613037109,-0.970687866210938
"Mammillaria sphacelata",-97.33717,18.09725,"Sierra Madre del Sur province","Mammillaria","Mexico",22.0999984741211,16.8833332061768,5,91.2240219116211,200,33,14.0417261123657,0.0817108154296875
"Mammillaria sphacelata",-97.32222,18.13194,"Sierra Madre del Sur province","Mammillaria","Mexico",22.7000007629395,17.3333339691162,5,94.2072448730469,203,32,22.8701686859131,-3.4693603515625
"Mammillaria sphacelata",-97.286111,18.153333,"Balsas Basin province","Mammillaria","Mexico",25.3999977111816,19.9833335876465,2,99.6646041870117,124,10,35.5496711730957,6.26568603515625
"Mammillaria sphacelata",-97.664981,18.199492,"Balsas Basin province","Mammillaria","Mexico",20.7000007629395,17.0833339691162,5,95.7645492553711,218,15,14.9676179885864,4.57612609863281
"Mammillaria supertexta",-97.632906,17.700783,"Sierra Madre del Sur province","Mammillaria","Mexico",22.2999992370605,16.283332824707,4,91.6828994750977,234,13,19.6945743560791,0.499664306640625
"Mammillaria supertexta",-97.139108,17.801656,"Sierra Madre del Sur province","Mammillaria","Mexico",24.0999984741211,18.1499996185303,10,89.353141784668,247,62,4.60510158538818,1.50083923339844
"Mammillaria supertexta",-96.971333,17.828417,"Balsas Basin province","Mammillaria","Mexico",23.7999992370605,21.9500007629395,9,92.8709335327148,214,32,2.48723411560059,1.64685821533203
"Mammillaria supertexta",-96.97861,17.85583,"Balsas Basin province","Mammillaria","Mexico",23.9000015258789,22.216667175293,6,97.052001953125,190,24,27.259614944458,2.7255859375
"Mammillaria supertexta",-96.997189,17.859649,"Balsas Basin province","Mammillaria","Mexico",23.8999996185303,22.6166667938232,4,100.301856994629,165,17,13.3494424819946,-5.15869140625
"Mammillaria supertexta",-97.094778,17.869389,"Balsas Basin province","Mammillaria","Mexico",22.6000022888184,18.3166656494141,11,92.397102355957,268,43,17.5741863250732,1.06591796875
"Mammillaria supertexta",-96.987389,17.870722,"Balsas Basin province","Mammillaria","Mexico",23.8999977111816,22.3833332061768,5,99.8041915893555,169,20,18.064380645752,4.6334228515625
"Mammillaria supertexta",-96.98194,17.88833,"Balsas Basin province","Mammillaria","Mexico",23.9000015258789,22.1499996185303,6,97.5427398681641,183,22,16.0770931243896,5.55989837646484
"Mammillaria supertexta",-97.0065,17.909667,"Balsas Basin province","Mammillaria","Mexico",24.1000022888184,22.6333332061768,6,97.3297805786133,172,22,32.0212669372559,2.81417846679688
"Mammillaria supertexta",-96.852959,17.916881,"Sierra Madre del Sur province","Mammillaria","Mexico",17.2000007629395,12.6333332061768,11,95.4185562133789,264,82,25.9120998382568,-1.62289428710938
"Mammillaria supertexta",-96.935145,17.924306,"Sierra Madre del Sur province","Mammillaria","Mexico",23.6000003814697,20.4833335876465,25,87.1156845092773,383,91,26.8908596038818,2.75770568847656
"Mammillaria supertexta",-97.032389,18.026861,"Balsas Basin province","Mammillaria","Mexico",25.2999992370605,21.4500007629395,16,86.2472305297852,291,65,16.3366680145264,-4.48630523681641
"Mammillaria supertexta",-97.276384,18.037856,"Sierra Madre del Sur province","Mammillaria","Mexico",18.8000011444092,11.6833333969116,8,88.2940979003906,225,42,19.0695362091064,-1.20648193359375
"Mammillaria supertexta",-97.055833,18.0385,"Balsas Basin province","Mammillaria","Mexico",25.1999988555908,21.783332824707,11,90.3424301147461,245,43,23.8003368377686,-0.343467712402344
"Mammillaria supertexta",-97.044861,18.053528,"Balsas Basin province","Mammillaria","Mexico",25.6000003814697,21.283332824707,14,88.0856628417969,262,52,5.02162170410156,-3.38742065429688
"Mammillaria supertexta",-97.337861,18.088556,"Sierra Madre del Sur province","Mammillaria","Mexico",21.7000007629395,16.1000003814697,5,91.7608413696289,199,28,33.4167022705078,-0.424453735351562
"Mammillaria supertexta",-97.329388,18.124471,"Sierra Madre del Sur province","Mammillaria","Mexico",22.2999992370605,17.2333335876465,5,93.4708251953125,202,23,16.2938652038574,-1.59208679199219
"Mammillaria voburnensis",-96.160601,15.751419,"Pacific Lowlands province","Mammillaria","Mexico",13.5,25.6833324432373,4,106.601623535156,374,15,4.14364862442017,1.73769474029541
"Mammillaria voburnensis",-96.103026,15.785691,"Pacific Lowlands province","Mammillaria","Mexico",13.5,25.9500007629395,4,107.100357055664,388,15,13.2744197845459,-0.433614730834961
"Mammillaria voburnensis",-96.504557,15.786465,"Pacific Lowlands province","Mammillaria","Mexico",16.7999992370605,24.8833332061768,5,104.844360351562,303,16,15.8581705093384,-3.97903347015381
"Mammillaria voburnensis",-96.041342,15.79339,"Pacific Lowlands province","Mammillaria","Mexico",13.6000003814697,25.9500007629395,3,108.833236694336,373,12,5.1868109703064,-0.751314640045166
"Mammillaria voburnensis",-96.154502,15.871225,"Pacific Lowlands province","Mammillaria","Mexico",14.2000007629395,24.9500007629395,4,105.595565795898,416,18,20.8307285308838,-2.44283676147461
"Mammillaria voburnensis",-95.863722,15.931667,"Pacific Lowlands province","Mammillaria","Mexico",14.7000007629395,26.2666664123535,2,110.03588104248,338,10,7.67417526245117,0.644451141357422
"Mammillaria voburnensis",-96.048973,15.948116,"Pacific Lowlands province","Mammillaria","Mexico",14.6000003814697,24.75,3,106.785125732422,380,14,14.5976114273071,-2.46528244018555
"Mammillaria voburnensis",-95.9444,15.9511,"Pacific Lowlands province","Mammillaria","Mexico",14.8999996185303,25.033332824707,2,107.440444946289,352,12,5.50861740112305,0.156429290771484
"Mammillaria voburnensis",-95.346533,16.142742,"Pacific Lowlands province","Mammillaria","Mexico",15.6999988555908,26.1666660308838,0,116.732772827148,244,3,11.8519477844238,1.21147155761719
"Mammillaria voburnensis",-95.333599,16.185722,"Pacific Lowlands province","Mammillaria","Mexico",15.3999996185303,25.5666675567627,0,117.799957275391,239,3,9.37501621246338,-2.48206901550293
"Mammillaria voburnensis",-95.252143,16.225023,"Pacific Lowlands province","Mammillaria","Mexico",16.1000003814697,26.0833339691162,1,117.845329284668,244,4,20.0018196105957,0.553300857543945
"Mammillaria voburnensis",-95.288079,16.231194,"Pacific Lowlands province","Mammillaria","Mexico",16.0999984741211,26.1499996185303,2,115.390365600586,257,8,3.15376496315002,-0.774838447570801
"Mammillaria voburnensis",-95.848181,16.236609,"Sierra Madre del Sur province","Mammillaria","Mexico",16,22.8500003814697,2,101.757064819336,287,12,31.4260864257812,0.53363037109375
"Mammillaria voburnensis",-95.20147,16.243082,"Pacific Lowlands province","Mammillaria","Mexico",16.2999992370605,26.75,3,114.187202453613,272,10,0.496869146823883,-0.173446178436279
"Mammillaria voburnensis",-95.383086,16.287148,"Pacific Lowlands province","Mammillaria","Mexico",16.0999984741211,23.8500003814697,2,106.451919555664,216,10,29.441686630249,-1.12095642089844
"Mammillaria voburnensis",-95.398816,16.332732,"Pacific Lowlands province","Mammillaria","Mexico",16.4999980926514,24.6333332061768,1,118.801002502441,206,3,18.9071102142334,-1.81388854980469
"Mammillaria voburnensis",-95.385329,16.357631,"Pacific Lowlands province","Mammillaria","Mexico",16.5000019073486,24.9333324432373,0,120.348022460938,210,2,7.09919166564941,0.997213363647461
"Mammillaria voburnensis",-95.218313,16.382747,"Pacific Lowlands province","Mammillaria","Mexico",16.4000015258789,26.1333332061768,2,113.23575592041,263,8,0.52269434928894,0.051764965057373
"Mammillaria voburnensis",-95.0978,16.39444,"Pacific Lowlands province","Mammillaria","Mexico",15.6999988555908,25.8500003814697,2,115.98705291748,285,7,0.478512108325958,-0.424729466438293
"Mammillaria voburnensis",-95.376074,16.399632,"Pacific Lowlands province","Mammillaria","Mexico",16.3999996185303,24.75,0,116.893608093262,190,2,16.9509773254395,-0.876682281494141
"Mammillaria voburnensis",-95.370979,16.401074,"Pacific Lowlands province","Mammillaria","Mexico",16.2999992370605,24.6000003814697,2,109.15495300293,201,8,26.5545310974121,-1.93888854980469
"Mammillaria voburnensis",-95.972892,16.403185,"Pacific Lowlands province","Mammillaria","Mexico",18.6999988555908,22.2333335876465,1,104.392738342285,225,7,4.69158840179443,0.178375244140625
"Mammillaria voburnensis",-95.45278,16.40333,"Pacific Lowlands province","Mammillaria","Mexico",17.4999980926514,24.9333324432373,1,111.547805786133,185,5,19.1083393096924,-3.60424041748047
"Mammillaria voburnensis",-94.967216,16.430018,"Pacific Lowlands province","Mammillaria","Mexico",15.5,25.2333335876465,2,115.092086791992,294,9,0.171034753322601,-0.03753662109375
"Mammillaria voburnensis",-95.311862,16.430698,"Pacific Lowlands province","Mammillaria","Mexico",16.2999992370605,24.8666667938232,1,115.050277709961,190,4,16.3435134887695,-0.255706787109375
"Mammillaria voburnensis",-95.372354,16.432452,"Pacific Lowlands province","Mammillaria","Mexico",16.2999992370605,25,1,120.188064575195,205,3,24.6479911804199,1.48118209838867
"Mammillaria voburnensis",-95.85278,16.44417,"Pacific Lowlands province","Mammillaria","Mexico",19.0999984741211,22.9333324432373,1,101.748039245605,210,9,13.1336803436279,1.77092742919922
"Mammillaria voburnensis",-94.955027,16.46101,"Pacific Lowlands province","Mammillaria","Mexico",15.3999996185303,25,3,114.14013671875,293,11,0.571555078029633,0.168763518333435
"Mammillaria voburnensis",-95.077327,16.466133,"Pacific Lowlands province","Mammillaria","Mexico",15.7000007629395,25.5,2,115.815437316895,284,8,1.10845243930817,0.108911991119385
"Mammillaria voburnensis",-94.941036,16.488657,"Pacific Lowlands province","Mammillaria","Mexico",15.3999996185303,24.9500007629395,3,112.960258483887,293,11,0.992886364459991,0.235640645027161
"Mammillaria voburnensis",-95.039789,16.499477,"Pacific Lowlands province","Mammillaria","Mexico",15.5,25.25,2,114.453002929688,287,10,0.258966207504272,0.604907035827637
"Mammillaria voburnensis",-94.937044,16.503037,"Pacific Lowlands province","Mammillaria","Mexico",15.3999996185303,24.9166660308838,3,111.784774780273,294,14,0.522528231143951,0.0414203405380249
"Mammillaria voburnensis",-95.170997,16.512396,"Pacific Lowlands province","Mammillaria","Mexico",15.5999984741211,25.216667175293,1,118.62818145752,244,5,1.15343964099884,-0.274533271789551
"Mammillaria voburnensis",-95.230675,16.51585,"Pacific Lowlands province","Mammillaria","Mexico",15.6000022888184,24.3333320617676,0,118.352691650391,174,2,11.2954511642456,-0.796329498291016
"Mammillaria voburnensis",-94.841371,16.533885,"Pacific Lowlands province","Mammillaria","Mexico",15.6000003814697,24.6833343505859,3,110.451095581055,296,12,0.208532050251961,-0.0200126171112061
"Mammillaria voburnensis",-95.232075,16.538771,"Pacific Lowlands province","Mammillaria","Mexico",16,23.9500007629395,6,100.421379089355,198,24,36.6086349487305,-4.76963043212891
"Mammillaria voburnensis",-95.238028,16.548944,"Pacific Lowlands province","Mammillaria","Mexico",16.0999984741211,23.7999992370605,6,100.406204223633,197,23,17.2129402160645,0.136409759521484
"Mammillaria voburnensis",-95.443177,16.550796,"Pacific Lowlands province","Mammillaria","Mexico",17.7000007629395,24.9833335876465,0,119.093475341797,162,1,2.10860538482666,-0.182950973510742
"Mammillaria voburnensis",-95.233,16.567,"Pacific Lowlands province","Mammillaria","Mexico",16.1000003814697,24.4166660308838,1,116.523323059082,173,4,11.2432556152344,2.0059986114502
"Mammillaria voburnensis",-94.891562,16.567078,"Pacific Lowlands province","Mammillaria","Mexico",15.2999992370605,24.2666664123535,3,111.099830627441,298,11,20.2131309509277,0.322540760040283
"Mammillaria voburnensis",-95.299543,16.567084,"Pacific Lowlands province","Mammillaria","Mexico",16.7000007629395,23.4333343505859,7,96.5638809204102,196,32,26.0319480895996,0.422470092773438
"Mammillaria voburnensis",-94.956474,16.580435,"Pacific Lowlands province","Mammillaria","Mexico",15.5,24.6166667938232,3,111.665969848633,292,13,0.230654820799828,0.211658000946045
"Mammillaria voburnensis",-95.359388,16.598755,"Pacific Lowlands province","Mammillaria","Mexico",17.3000011444092,24.1833343505859,1,118.712471008301,138,3,6.10562372207642,-2.46380615234375
"Mammillaria voburnensis",-94.95681,16.602,"Pacific Lowlands province","Mammillaria","Mexico",15.5,24.3500003814697,5,109.52424621582,294,19,0.657592177391052,0.0232744216918945
"Mammillaria voburnensis",-95.144334,16.617226,"Pacific Lowlands province","Mammillaria","Mexico",15.6000003814697,24.716667175293,3,115.491607666016,229,10,0.689109563827515,-0.179501533508301
"Mammillaria voburnensis",-94.964591,16.626333,"Pacific Lowlands province","Mammillaria","Mexico",15.5,23.7000007629395,6,106.80101776123,279,26,11.6633386611938,-0.921112060546875
"Mammillaria voburnensis",-95.428623,16.639419,"Pacific Lowlands province","Mammillaria","Mexico",17.5000019073486,23.7999992370605,1,118.003944396973,144,3,25.3109111785889,-1.81076049804688
"Mammillaria voburnensis",-95.01389,16.67306,"Pacific Lowlands province","Mammillaria","Mexico",15.3000011444092,23.3666667938232,5,110.057983398438,281,18,18.6410942077637,1.16251277923584
"Mammillaria voburnensis",-95.099642,16.680165,"Pacific Lowlands province","Mammillaria","Mexico",15.3999996185303,23.1499996185303,1,113.208549499512,213,8,14.8998517990112,-2.41011047363281
"Mammillaria voburnensis",-95.208895,16.687948,"Pacific Lowlands province","Mammillaria","Mexico",16.1000003814697,23.2999992370605,0,115.854530334473,151,4,26.0362091064453,1.95072937011719
"Mammillaria voburnensis",-95.16826,16.693273,"Pacific Lowlands province","Mammillaria","Mexico",16,22.7999992370605,7,100.022254943848,206,32,27.9388370513916,-1.17570495605469
"Mammillaria voburnensis",-95.233619,16.698497,"Pacific Lowlands province","Mammillaria","Mexico",16.2999992370605,23.1166667938232,5,104.616371154785,187,21,22.4349365234375,-2.20076751708984
"Mammillaria voburnensis",-95.130375,16.758144,"Pacific Lowlands province","Mammillaria","Mexico",16.4000015258789,22.7666664123535,9,99.3330917358398,201,45,4.78365707397461,0.779026031494141
"Mammillaria voburnensis",-95.499391,16.758824,"Sierra Madre del Sur province","Mammillaria","Mexico",15.8000001907349,20.466667175293,15,73.1082992553711,221,93,12.4544277191162,2.5267333984375
"Mammillaria voburnensis",-95.38275,16.759918,"Pacific Lowlands province","Mammillaria","Mexico",17.8000011444092,22.3666667938232,8,100.492958068848,192,40,15.1753740310669,1.63710784912109
"Mammillaria voburnensis",-95.4861,16.802159,"Sierra Madre del Sur province","Mammillaria","Mexico",17.1000003814697,21.466667175293,17,78.0463180541992,234,142,41.3952331542969,4.42481994628906
"Mammillaria zephyranthoides",-97.2078,17.473,"Sierra Madre del Sur province","Mammillaria","Mexico",21.2999992370605,14.5666666030884,2,94.894775390625,217,16,4.37172985076904,1.072509765625
"Mammillaria zephyranthoides",-97.2211,17.4738,"Sierra Madre del Sur province","Mammillaria","Mexico",22,15.1999998092651,1,96.3438491821289,223,12,0.916692912578583,-2.11309814453125
"Mammillaria zephyranthoides",-97.404006,17.617797,"Sierra Madre del Sur province","Mammillaria","Mexico",21,12.7166662216187,5,92.3964920043945,239,24,33.5921249389648,2.2696533203125
"Mammillaria zephyranthoides",-97.56694,17.66833,"Sierra Madre del Sur province","Mammillaria","Mexico",23.5,15.7833337783813,5,88.4007110595703,235,17,21.8237075805664,-0.493377685546875
"Mammillaria zephyranthoides",-97.5588,17.6712,"Sierra Madre del Sur province","Mammillaria","Mexico",23.6000003814697,15.8333330154419,5,88.4971313476562,233,17,17.0875854492188,1.94422912597656
"Mammillaria zephyranthoides",-97.5824,17.6803,"Sierra Madre del Sur province","Mammillaria","Mexico",23.5999984741211,16.033332824707,5,88.4971313476562,233,17,15.4227075576782,-0.2713623046875
"Mammillaria zephyranthoides",-97.214534,17.696663,"Sierra Madre del Sur province","Mammillaria","Mexico",19.1999988555908,11.4000005722046,5,91.6495742797852,205,29,17.3607139587402,-0.595703125
"Mammillaria zephyranthoides",-97.33033,17.72797,"Sierra Madre del Sur province","Mammillaria","Mexico",22.8000011444092,14.9166669845581,3,93.2699661254883,202,18,5.69429969787598,-1.00991821289062
"Mammillaria zephyranthoides",-97.47471,17.80444,"Sierra Madre del Sur province","Mammillaria","Mexico",22.3999996185303,14.1166667938232,5,90.0805282592773,230,25,4.17135143280029,1.35128784179688
"Mammillaria zephyranthoides",-97.353944,17.842806,"Sierra Madre del Sur province","Mammillaria","Mexico",23,14.3166666030884,4,92.394157409668,203,20,5.5525221824646,0.63543701171875
"Mammillaria zephyranthoides",-97.584789,17.858692,"Sierra Madre del Sur province","Mammillaria","Mexico",19.2000007629395,12.0833330154419,4,96.5330963134766,261,18,18.1777572631836,-1.0941162109375
"Mammillaria zephyranthoides",-97.349444,17.887722,"Sierra Madre del Sur province","Mammillaria","Mexico",23.9000015258789,15.2833337783813,4,89.1032943725586,176,20,3.54632663726807,0.81353759765625
"Mammillaria zephyranthoides",-97.381306,17.901056,"Sierra Madre del Sur province","Mammillaria","Mexico",23.6000003814697,14.75,4,94.1621627807617,208,17,2.7251181602478,0.05938720703125
"Mammillaria zephyranthoides",-97.338194,17.904889,"Sierra Madre del Sur province","Mammillaria","Mexico",23.2999992370605,14.8666667938232,4,90.7075805664062,186,21,13.9792490005493,1.64898681640625
"Mammillaria zephyranthoides",-97.257284,17.926114,"Sierra Madre del Sur province","Mammillaria","Mexico",22.1000003814697,16.0666656494141,5,92.0687713623047,185,35,33.7552299499512,0.912277221679688
"Mammillaria zephyranthoides",-97.313519,17.941516,"Sierra Madre del Sur province","Mammillaria","Mexico",22,13.8999996185303,4,92.3634185791016,197,23,12.7487163543701,0.358245849609375
"Mammillaria zephyranthoides",-97.3337,17.949938,"Sierra Madre del Sur province","Mammillaria","Mexico",21.7999992370605,13.2166662216187,5,92.8068161010742,215,23,21.6926155090332,-0.110809326171875
"Mammillaria zephyranthoides",-97.317758,17.967155,"Sierra Madre del Sur province","Mammillaria","Mexico",19.7000007629395,11.6499996185303,6,93.8113861083984,228,26,14.2032327651978,0.303375244140625
"Marginatocereus marginatus",-96.30028,16.30167,"Pacific Lowlands province","Marginatocereus","Mexico",17.3999996185303,18.0166664123535,6,94.1677856445312,246,29,20.8001861572266,3.21473693847656
"Marginatocereus marginatus",-96.648998,16.301935,"Sierra Madre del Sur province","Marginatocereus","Mexico",18.2999992370605,17.8500003814697,7,89.2866134643555,265,34,10.5487184524536,-4.37657165527344
"Marginatocereus marginatus",-96.365402,16.583793,"Sierra Madre del Sur province","Marginatocereus","Mexico",19.9000015258789,21.5833339691162,2,99.0713272094727,263,11,31.8983345031738,3.70895385742188
"Marginatocereus marginatus",-96.694369,16.717235,"Balsas Basin province","Marginatocereus","Mexico",22.7000007629395,19.8999996185303,2,92.944091796875,282,16,1.44984471797943,0.444671630859375
"Marginatocereus marginatus",-96.449022,16.957703,"Balsas Basin province","Marginatocereus","Mexico",22.1000003814697,19.25,3,89.6923904418945,277,24,7.77765798568726,-1.39366149902344
"Marginatocereus marginatus",-96.734938,17.081295,"Balsas Basin province","Marginatocereus","Mexico",22.2000007629395,19.5,3,91.8260269165039,246,20,24.7989921569824,-1.70526123046875
"Marginatocereus marginatus",-97.479278,17.505833,"Sierra Madre del Sur province","Marginatocereus","Mexico",21.4000015258789,13.8000001907349,5,89.6977386474609,249,25,5.7838773727417,-1.036865234375
"Marginatocereus marginatus",-97.340788,17.531695,"Sierra Madre del Sur province","Marginatocereus","Mexico",22.0999984741211,14.6333332061768,3,92.2424621582031,226,19,1.53478622436523,0.595123291015625
"Marginatocereus marginatus",-97.133667,17.639468,"Sierra Madre del Sur province","Marginatocereus","Mexico",19.7999992370605,12.7166662216187,4,95.1686248779297,180,22,49.4033279418945,4.5072021484375
"Marginatocereus marginatus",-97.134149,17.655809,"Sierra Madre del Sur province","Marginatocereus","Mexico",21.3999996185303,14.216667175293,5,92.9204025268555,178,29,19.1627922058105,3.27304077148438
"Marginatocereus marginatus",-96.948055,17.696944,"Balsas Basin province","Marginatocereus","Mexico",23.5,21.8833332061768,8,91.8026885986328,216,31,17.8865356445312,3.22254180908203
"Marginatocereus marginatus",-97.316381,17.706031,"Sierra Madre del Sur province","Marginatocereus","Mexico",22.4000015258789,14.1499996185303,2,93.163200378418,200,17,5.71824741363525,0.31170654296875
"Marginatocereus marginatus",-96.943893,17.790094,"Balsas Basin province","Marginatocereus","Mexico",23.5,21.5666656494141,10,91.8392639160156,210,33,26.9474792480469,-0.592903137207031
"Marginatocereus marginatus",-97.0325,17.8025,"Balsas Basin province","Marginatocereus","Mexico",24.2000007629395,21.4500007629395,14,90.212028503418,270,46,33.8132820129395,2.9937744140625
"Marginatocereus marginatus",-97.356431,17.853567,"Sierra Madre del Sur province","Marginatocereus","Mexico",22.5,13.7666664123535,4,93.4326324462891,211,21,22.6632747650146,6.75384521484375
"Marginatocereus marginatus",-97.042572,17.862263,"Balsas Basin province","Marginatocereus","Mexico",24.5000019073486,22.0166664123535,9,93.3922119140625,203,31,12.2079076766968,-3.96053314208984
"Marginatocereus marginatus",-97.04129,17.863169,"Balsas Basin province","Marginatocereus","Mexico",24.1999988555908,22.3166675567627,6,97.1952056884766,182,21,13.7159957885742,1.76264953613281
"Marginatocereus marginatus",-96.912214,17.876181,"Sierra Madre del Sur province","Marginatocereus","Mexico",24.1000003814697,19.6499996185303,26,86.078125,386,94,35.0947418212891,1.93063354492188
"Marginatocereus marginatus",-96.984337,17.89117,"Balsas Basin province","Marginatocereus","Mexico",23.8999977111816,22.4333343505859,5,99.6636123657227,162,19,23.8958015441895,2.88385772705078
"Marginatocereus marginatus",-96.98718,17.909862,"Balsas Basin province","Marginatocereus","Mexico",23.8999977111816,22.4166660308838,5,98.6020584106445,170,19,4.75988435745239,-2.51994323730469
"Marginatocereus marginatus",-97.974349,17.926206,"Balsas Basin province","Marginatocereus","Mexico",23.5,20.4500007629395,6,95.1745223999023,201,25,3.08339142799377,1.72673034667969
"Marginatocereus marginatus",-98.041875,17.951406,"Balsas Basin province","Marginatocereus","Mexico",21.7999992370605,20.5166664123535,5,97.849739074707,214,21,17.2254447937012,-0.675888061523438
"Marginatocereus marginatus",-97.370833,18.014722,"Balsas Basin province","Marginatocereus","Mexico",23.0999984741211,16.5499992370605,4,90.0789566040039,188,29,15.911093711853,0.0338897705078125
"Marginatocereus marginatus",-97.0641,18.046093,"Balsas Basin province","Marginatocereus","Mexico",25.2000007629395,21.8166656494141,11,90.5228958129883,239,41,1.68953239917755,-0.716644287109375
"Melocactus curvispinus",-96.154861,15.728,"Pacific Lowlands province","Melocactus","No",13.4000015258789,25.6333332061768,4,107.498657226562,370,14,12.1337041854858,-2.17097187042236
"Melocactus curvispinus",-95.632813,15.959996,"Pacific Lowlands province","Melocactus","No",14.6000022888184,26.7333335876465,2,112.273002624512,300,8,0.333256870508194,-0.00436568260192871
"Melocactus curvispinus",-94.728638,16.418519,"Pacific Lowlands province","Melocactus","No",16.4000015258789,25.4833335876465,2,112.328727722168,283,11,0.283099114894867,-0.282126665115356
"Melocactus curvispinus",-94.792969,16.4264,"Pacific Lowlands province","Melocactus","No",16,25.283332824707,3,111.714179992676,278,14,8.8738489151001,-0.134089112281799
"Melocactus curvispinus",-95.266667,16.433333,"Pacific Lowlands province","Melocactus","No",16,25.2333335876465,1,119.243576049805,235,5,2.49140501022339,0.348896980285645
"Melocactus curvispinus",-95.408333,16.508333,"Pacific Lowlands province","Melocactus","No",17,24.6333332061768,1,113.691612243652,172,4,23.7218589782715,-0.544868469238281
"Melocactus curvispinus",-95.216205,16.583455,"Pacific Lowlands province","Melocactus","No",16.2000007629395,24.7999992370605,1,115.652679443359,203,7,3.74881434440613,1.4776496887207
"Melocactus curvispinus",-95.01111,16.63556,"Pacific Lowlands province","Melocactus","No",15.3000011444092,23.966667175293,4,111.723701477051,278,14,13.6261034011841,-1.42812824249268
"Melocactus curvispinus",-95.010643,16.660554,"Pacific Lowlands province","Melocactus","No",15.2999992370605,23.5833339691162,4,110.751968383789,283,17,10.660680770874,5.08458709716797
"Myrtillocactus geometrizans",-96.309958,15.685022,"Pacific Lowlands province","Myrtillocactus","Mexico",14.1000003814697,25.5499992370605,5,105.937164306641,329,15,18.9492378234863,1.2577383518219
"Myrtillocactus geometrizans",-96.329831,16.591069,"Sierra Madre del Sur province","Myrtillocactus","Mexico",20.2000007629395,21.75,2,100.13688659668,266,10,9.61830425262451,-0.793540954589844
"Myrtillocactus geometrizans",-96.305804,16.670618,"Pacific Lowlands province","Myrtillocactus","Mexico",20.7999992370605,22.1666660308838,3,98.5431137084961,269,15,2.37531876564026,-0.02838134765625
"Myrtillocactus geometrizans",-96.319903,16.694106,"Sierra Madre del Sur province","Myrtillocactus","Mexico",20.8999996185303,21.8999996185303,3,98.3466949462891,276,16,4.77704095840454,-1.57783508300781
"Myrtillocactus geometrizans",-96.323599,16.930446,"Balsas Basin province","Myrtillocactus","Mexico",19.3999996185303,17.5499992370605,2,92.1326217651367,268,26,8.05253219604492,-0.97930908203125
"Myrtillocactus geometrizans",-96.450818,16.955842,"Balsas Basin province","Myrtillocactus","Mexico",22.2999992370605,19.3166656494141,3,89.6775436401367,274,24,6.64945411682129,0.685287475585938
"Myrtillocactus geometrizans",-96.448023,16.958149,"Balsas Basin province","Myrtillocactus","Mexico",22.1000003814697,19.25,3,89.6923904418945,277,24,23.2958946228027,2.66584777832031
"Myrtillocactus geometrizans",-96.69372,17.108558,"Balsas Basin province","Myrtillocactus","Mexico",20.2999992370605,17.3833332061768,4,89.090690612793,257,30,12.7886962890625,0.7960205078125
"Myrtillocactus geometrizans",-96.835889,17.536583,"Balsas Basin province","Myrtillocactus","Mexico",23.5999984741211,20.9833335876465,12,90.7330780029297,266,39,16.7578105926514,2.11416625976562
"Myrtillocactus geometrizans",-96.596389,17.597778,"Sierra Madre del Sur province","Myrtillocactus","Mexico",19.6999988555908,16.1833343505859,28,86.4691619873047,514,241,22.8852005004883,-2.86587524414062
"Myrtillocactus geometrizans",-97.324809,17.616991,"Sierra Madre del Sur province","Myrtillocactus","Mexico",21.2999992370605,13.1833333969116,3,91.9473419189453,211,20,7.02715396881104,-3.06085205078125
"Myrtillocactus geometrizans",-96.94806,17.69694,"Balsas Basin province","Myrtillocactus","Mexico",23.5,21.8833332061768,8,91.8026885986328,216,31,17.8865356445312,3.22254180908203
"Myrtillocactus geometrizans",-97.014444,17.723333,"Balsas Basin province","Myrtillocactus","Mexico",23.4000015258789,21.0499992370605,14,89.5483016967773,279,47,29.2610206604004,4.18394470214844
"Myrtillocactus geometrizans",-96.957806,17.789639,"Balsas Basin province","Myrtillocactus","Mexico",23.2999992370605,21.9166660308838,6,97.5123901367188,166,20,3.04297757148743,0.44195556640625
"Myrtillocactus geometrizans",-97.000939,17.813419,"Balsas Basin province","Myrtillocactus","Mexico",23.9000015258789,22.2999992370605,5,99.1375198364258,158,16,9.01970195770264,1.58198547363281
"Myrtillocactus geometrizans",-97.502778,17.857778,"Sierra Madre del Sur province","Myrtillocactus","Mexico",20.8000011444092,12.8833332061768,7,88.8689804077148,242,33,32.309154510498,1.92523193359375
"Myrtillocactus geometrizans",-97.04533,17.862307,"Balsas Basin province","Myrtillocactus","Mexico",24.5000019073486,22.0166664123535,9,93.3922119140625,203,31,18.5404071807861,1.53209686279297
"Myrtillocactus geometrizans",-97.029679,17.868006,"Balsas Basin province","Myrtillocactus","Mexico",24,22.4833335876465,4,100.403038024902,157,16,22.0577735900879,0.421966552734375
"Myrtillocactus geometrizans",-96.994202,17.888666,"Balsas Basin province","Myrtillocactus","Mexico",24.0000019073486,22.6666660308838,4,100.952293395996,156,16,9.43775463104248,1.48900604248047
"Myrtillocactus geometrizans",-97.005403,17.900133,"Balsas Basin province","Myrtillocactus","Mexico",24.0000019073486,22.6666660308838,5,98.1658401489258,169,20,9.3800687789917,-1.33258819580078
"Myrtillocactus geometrizans",-96.976515,17.900721,"Balsas Basin province","Myrtillocactus","Mexico",23.8000011444092,22.1833343505859,5,99.2186279296875,169,19,15.9593648910522,1.22769927978516
"Myrtillocactus geometrizans",-97.010161,17.903964,"Balsas Basin province","Myrtillocactus","Mexico",24.1000022888184,22.6333332061768,6,96.8533401489258,178,22,10.0248861312866,-3.185302734375
"Myrtillocactus geometrizans",-97.005905,17.910123,"Balsas Basin province","Myrtillocactus","Mexico",24.1000022888184,22.6333332061768,6,97.3297805786133,172,22,17.2598171234131,3.64215850830078
"Myrtillocactus geometrizans",-96.98666,17.912743,"Balsas Basin province","Myrtillocactus","Mexico",23.8999977111816,22.4166660308838,5,98.6020584106445,170,19,10.4876012802124,2.12938690185547
"Myrtillocactus geometrizans",-97.035828,17.984,"Balsas Basin province","Myrtillocactus","Mexico",24.5000019073486,22.5499992370605,7,95.149528503418,209,30,4.48261213302612,0.427757263183594
"Myrtillocactus geometrizans",-97.566111,18.036667,"Sierra Madre del Sur province","Myrtillocactus","Mexico",20,13.0833330154419,2,96.6350402832031,240,15,34.092601776123,-3.35781860351562
"Myrtillocactus geometrizans",-97.338794,18.116948,"Balsas Basin province","Myrtillocactus","Mexico",23.2000007629395,18.3666667938232,6,94.9470443725586,190,22,25.6657772064209,-2.30184936523438
"Myrtillocactus geometrizans",-97.055047,18.129464,"Balsas Basin province","Myrtillocactus","Mexico",25.5999984741211,20.6166667938232,17,86.1130523681641,280,65,24.5035228729248,1.35963439941406
"Myrtillocactus geometrizans",-97.328728,18.129903,"Balsas Basin province","Myrtillocactus","Mexico",23.5999984741211,18.3999996185303,5,95.4708480834961,184,22,19.0096702575684,-0.660934448242188
"Myrtillocactus geometrizans",-97.17038,18.150911,"Balsas Basin province","Myrtillocactus","Mexico",26.1000003814697,21.6833343505859,4,95.4603729248047,160,16,3.60270142555237,0.259284973144531
"Myrtillocactus geometrizans",-97.758575,18.165318,"Balsas Basin province","Myrtillocactus","Mexico",21.2999992370605,19.4500007629395,5,94.2071151733398,151,16,13.9028358459473,-1.50669860839844
"Myrtillocactus geometrizans",-97.647111,18.167239,"Balsas Basin province","Myrtillocactus","Mexico",21.5,17.5499992370605,4,95.2576751708984,192,14,11.2118701934814,-0.720535278320312
"Myrtillocactus geometrizans",-97.682244,18.180575,"Balsas Basin province","Myrtillocactus","Mexico",21.3000011444092,18.4333343505859,4,95.3932876586914,184,14,0.447226703166962,0.307052612304688
"Myrtillocactus geometrizans",-97.662639,18.2534,"Balsas Basin province","Myrtillocactus","Mexico",20.8999996185303,17.2999992370605,4,96.6483993530273,204,13,3.83705234527588,0.794830322265625
"Myrtillocactus schenckii",-95.376389,16.028333,"Pacific Lowlands province","Myrtillocactus","No",15.1999988555908,26.4166660308838,1,116.092956542969,277,5,9.32491302490234,2.42754721641541
"Myrtillocactus schenckii",-96.677262,16.418092,"Balsas Basin province","Myrtillocactus","No",20.0999984741211,20.3833332061768,1,97.3057708740234,253,8,14.1982164382935,0.228546142578125
"Myrtillocactus schenckii",-96.687905,16.42922,"Balsas Basin province","Myrtillocactus","No",20.0999984741211,20.3833332061768,1,96.5076446533203,260,11,8.7444429397583,0.408309936523438
"Myrtillocactus schenckii",-95.93392,16.43056,"Pacific Lowlands province","Myrtillocactus","No",18.9000015258789,22.6499996185303,1,103.655204772949,227,8,19.8894729614258,-0.372016906738281
"Myrtillocactus schenckii",-95.932572,16.430668,"Pacific Lowlands province","Myrtillocactus","No",19.4000015258789,22.7999992370605,1,103.473297119141,211,7,13.0616636276245,-1.77570343017578
"Myrtillocactus schenckii",-95.9843,16.43333,"Sierra Madre del Sur province","Myrtillocactus","No",18.4000015258789,21.716667175293,1,103.820709228516,236,8,14.4613971710205,1.40351867675781
"Myrtillocactus schenckii",-95.8575268,16.4481407,"Pacific Lowlands province","Myrtillocactus","No",19.0999984741211,22.9333324432373,1,101.748039245605,210,9,25.112398147583,-0.616958618164062
"Myrtillocactus schenckii",-96.574958,16.573268,"Balsas Basin province","Myrtillocactus","No",19.2000007629395,18.7999992370605,1,96.5838851928711,222,10,20.490406036377,-1.20550537109375
"Myrtillocactus schenckii",-96.334722,16.706944,"Sierra Madre del Sur province","Myrtillocactus","No",20.3999996185303,21.283332824707,2,97.7640686035156,269,14,13.5137329101562,-2.18960571289062
"Myrtillocactus schenckii",-96.228333,16.713333,"Sierra Madre del Sur province","Myrtillocactus","No",18,19.8666667938232,2,99.5225830078125,215,12,18.7946224212646,-0.472030639648438
"Myrtillocactus schenckii",-96.344247,16.754333,"Sierra Madre del Sur province","Myrtillocactus","No",20.5,19.8999996185303,1,97.0950927734375,245,12,12.6204900741577,2.21839904785156
"Myrtillocactus schenckii",-96.466872,16.877047,"Balsas Basin province","Myrtillocactus","No",18.8000011444092,16.5499992370605,2,92.4003219604492,251,21,14.4234504699707,-0.19317626953125
"Myrtillocactus schenckii",-96.16049,16.880675,"Pacific Lowlands province","Myrtillocactus","No",20.6000003814697,20.7333335876465,8,96.5024261474609,359,34,19.1659679412842,-2.35392761230469
"Myrtillocactus schenckii",-96.374489,16.908939,"Balsas Basin province","Myrtillocactus","No",20.7000007629395,18.4833335876465,2,94.9707565307617,274,17,4.93177604675293,-0.053924560546875
"Myrtillocactus schenckii",-96.41667,16.91667,"Balsas Basin province","Myrtillocactus","No",21.9000015258789,19.2333335876465,3,90.2462692260742,274,23,0.859996974468231,0.49285888671875
"Myrtillocactus schenckii",-96.32357,16.932081,"Balsas Basin province","Myrtillocactus","No",19.3999996185303,17.5499992370605,2,92.1326217651367,268,26,22.304313659668,2.41386413574219
"Myrtillocactus schenckii",-96.451093,16.946733,"Balsas Basin province","Myrtillocactus","No",22.2999992370605,19.283332824707,3,89.8654708862305,274,24,5.16302013397217,1.19169616699219
"Myrtillocactus schenckii",-96.447914,16.948119,"Balsas Basin province","Myrtillocactus","No",22.1000003814697,19.2000007629395,3,90.0235824584961,274,23,3.97615361213684,0.375
"Myrtillocactus schenckii",-96.594741,16.948184,"Balsas Basin province","Myrtillocactus","No",23.2000007629395,19.283332824707,1,92.753173828125,255,16,0.937156915664673,-0.400222778320312
"Myrtillocactus schenckii",-96.201361,16.954778,"Pacific Lowlands province","Myrtillocactus","No",19.3000011444092,18.9166660308838,8,92.3287963867188,336,45,21.4896697998047,-7.18533325195312
"Myrtillocactus schenckii",-96.451225,16.954906,"Balsas Basin province","Myrtillocactus","No",22.2999992370605,19.3166656494141,3,89.6775436401367,274,24,5.76048755645752,0.5086669921875
"Myrtillocactus schenckii",-96.44606,16.957173,"Balsas Basin province","Myrtillocactus","No",22.1000003814697,19.25,3,89.6923904418945,277,24,15.3532075881958,-3.34019470214844
"Myrtillocactus schenckii",-96.449212,16.958362,"Balsas Basin province","Myrtillocactus","No",21.8999996185303,19.0833339691162,2,92.0601196289062,277,20,8.66646671295166,-0.636871337890625
"Myrtillocactus schenckii",-96.556154,16.961495,"Balsas Basin province","Myrtillocactus","No",23.5999984741211,19.6333332061768,2,92.5156784057617,258,18,1.21328914165497,0.237030029296875
"Myrtillocactus schenckii",-96.439304,16.965539,"Balsas Basin province","Myrtillocactus","No",21.2999992370605,18.8333339691162,2,92.6774215698242,278,20,9.67858409881592,-1.14414978027344
"Myrtillocactus schenckii",-96.566885,16.996276,"Balsas Basin province","Myrtillocactus","No",22.9999980926514,19.2666664123535,2,91.1490325927734,255,20,1.30222773551941,-0.0845489501953125
"Myrtillocactus schenckii",-96.460638,16.999574,"Balsas Basin province","Myrtillocactus","No",21.0999984741211,18.4833335876465,2,91.2611999511719,279,23,2.91320443153381,-3.48793029785156
"Myrtillocactus schenckii",-96.544472,17.003422,"Balsas Basin province","Myrtillocactus","No",22.3000011444092,19.216667175293,2,93.2301254272461,263,17,4.93139553070068,0.135940551757812
"Myrtillocactus schenckii",-96.51233,17.01456,"Balsas Basin province","Myrtillocactus","No",22.0999984741211,18.9500007629395,2,92.4324798583984,269,19,5.45358896255493,0.0003662109375
"Myrtillocactus schenckii",-96.508323,17.026421,"Balsas Basin province","Myrtillocactus","No",20.7999992370605,18,2,88.4747161865234,274,27,4.35473871231079,-0.218765258789062
"Myrtillocactus schenckii",-96.516372,17.042353,"Balsas Basin province","Myrtillocactus","No",20.1000003814697,17.3833332061768,4,87.7592086791992,274,29,1.24877035617828,-3.21240234375
"Myrtillocactus schenckii",-96.517862,17.042542,"Balsas Basin province","Myrtillocactus","No",19.3999996185303,16.966667175293,3,89.057014465332,270,30,22.1740913391113,-0.0567169189453125
"Myrtillocactus schenckii",-96.516921,17.056032,"Sierra Madre del Sur province","Myrtillocactus","No",19.4000015258789,16.7666664123535,4,88.0141983032227,271,33,2.79375290870667,-2.12861633300781
"Myrtillocactus schenckii",-97.05692,17.46897,"Sierra Madre del Sur province","Myrtillocactus","No",22,17.6166667938232,5,93.2450332641602,247,34,18.8518562316895,-5.19239807128906
"Myrtillocactus schenckii",-97.06133,17.47442,"Sierra Madre del Sur province","Myrtillocactus","No",22,17.3333339691162,5,93.4759063720703,246,33,17.392463684082,5.84600830078125
"Myrtillocactus schenckii",-97.043278,17.685556,"Sierra Madre del Sur province","Myrtillocactus","No",21.7000007629395,18.0166664123535,9,91.543701171875,249,33,16.9692001342773,-1.61337280273438
"Myrtillocactus schenckii",-96.938596,17.699142,"Balsas Basin province","Myrtillocactus","No",23.2000007629395,21.9166679382324,5,94.5817489624023,178,21,13.4666366577148,-1.19834899902344
"Myrtillocactus schenckii",-96.94548,17.789532,"Balsas Basin province","Myrtillocactus","No",23.5,21.5666656494141,10,91.8392639160156,210,33,7.65740442276001,0.543876647949219
"Myrtillocactus schenckii",-96.933,17.795528,"Balsas Basin province","Myrtillocactus","No",23.6000003814697,20.3333339691162,23,85.3505859375,341,78,15.5074014663696,7.94294738769531
"Myrtillocactus schenckii",-96.956667,17.819083,"Balsas Basin province","Myrtillocactus","No",24,21.5166664123535,17,88.3256912231445,279,53,51.5360069274902,-0.390113830566406
"Myrtillocactus schenckii",-96.914758,17.834464,"Sierra Madre del Sur province","Myrtillocactus","No",21.7000007629395,18.0166664123535,19,90.6912307739258,365,115,35.2154884338379,0.592544555664062
"Myrtillocactus schenckii",-96.918583,17.859639,"Sierra Madre del Sur province","Myrtillocactus","No",23.5,19.6499996185303,24,87.6414184570312,380,84,7.88116502761841,-1.72958374023438
"Myrtillocactus schenckii",-96.911785,17.876426,"Sierra Madre del Sur province","Myrtillocactus","No",24.1000003814697,19.6499996185303,26,86.078125,386,94,33.0003623962402,-8.27433776855469
"Myrtillocactus schenckii",-97.04362,18.072206,"Balsas Basin province","Myrtillocactus","No",25.7000007629395,20.9833335876465,15,87.4024505615234,272,57,23.1763134002686,-1.15644836425781
"Neobuxbaumia tetetzo",-96.161754,15.719112,"Pacific Lowlands province","Neobuxbaumia","Mexico",13.5,25.6833324432373,4,107.611480712891,359,14,19.1951541900635,4.11558055877686
"Neobuxbaumia tetetzo",-96.167484,15.722182,"Pacific Lowlands province","Neobuxbaumia","Mexico",13.4000015258789,25.6499996185303,4,106.895240783691,370,15,20.218168258667,4.64452219009399
"Neobuxbaumia tetetzo",-96.16094,15.725652,"Pacific Lowlands province","Neobuxbaumia","Mexico",13.5,25.6666660308838,4,107.214950561523,362,14,3.43913507461548,0.639577090740204
"Neobuxbaumia tetetzo",-96.159576,15.734646,"Pacific Lowlands province","Neobuxbaumia","Mexico",13.4000015258789,25.6333332061768,4,106.962257385254,373,15,6.73835563659668,-1.43285501003265
"Neobuxbaumia tetetzo",-96.127968,15.738524,"Pacific Lowlands province","Neobuxbaumia","Mexico",13.4000015258789,25.6333332061768,4,107.997978210449,365,13,17.3165607452393,5.34367799758911
"Neobuxbaumia tetetzo",-96.146131,15.75502,"Pacific Lowlands province","Neobuxbaumia","Mexico",13.3000011444092,25.7000007629395,4,106.516403198242,381,16,20.106502532959,0.244266510009766
"Neobuxbaumia tetetzo",-96.20134,15.75851,"Pacific Lowlands province","Neobuxbaumia","Mexico",13.6999988555908,25.7000007629395,5,105.19181060791,383,18,2.99074554443359,-1.01884269714355
"Neobuxbaumia tetetzo",-96.130919,15.759169,"Pacific Lowlands province","Neobuxbaumia","Mexico",13.6000003814697,25.8666667938232,4,105.97705078125,368,16,24.4903373718262,3.04582214355469
"Neobuxbaumia tetetzo",-96.119736,15.765767,"Pacific Lowlands province","Neobuxbaumia","Mexico",13.6999988555908,25.8999996185303,4,106.886001586914,365,15,2.54790067672729,-0.425701022148132
"Neobuxbaumia tetetzo",-96.132241,15.776324,"Pacific Lowlands province","Neobuxbaumia","Mexico",13.5999984741211,25.9500007629395,4,106.702934265137,380,16,2.31885409355164,-0.76279354095459
"Neobuxbaumia tetetzo",-96.108345,15.784019,"Pacific Lowlands province","Neobuxbaumia","Mexico",13.7000007629395,26.0166664123535,4,107.402870178223,373,15,7.68935823440552,-0.0776102542877197
"Neobuxbaumia tetetzo",-96.057823,15.79635,"Pacific Lowlands province","Neobuxbaumia","Mexico",13.6000003814697,25.9166660308838,4,108.739051818848,369,13,23.8812732696533,-1.23356008529663
"Neobuxbaumia tetetzo",-96.074425,15.811898,"Pacific Lowlands province","Neobuxbaumia","Mexico",13.6000003814697,25.9833335876465,4,106.951606750488,384,16,21.2102031707764,4.80503749847412
"Neobuxbaumia tetetzo",-95.908611,15.863889,"Pacific Lowlands province","Neobuxbaumia","Mexico",14.1999988555908,26.0833320617676,3,109.585411071777,354,13,10.310827255249,0.617373466491699
"Neobuxbaumia tetetzo",-95.226667,16.316667,"Pacific Lowlands province","Neobuxbaumia","Mexico",16.7999992370605,26.75,4,111.591239929199,265,13,1.0990172624588,-0.302541494369507
"Neobuxbaumia tetetzo",-95.3135,16.38208,"Pacific Lowlands province","Neobuxbaumia","Mexico",16.5,25.783332824707,1,119.938133239746,219,3,8.76729965209961,-0.518722534179688
"Neobuxbaumia tetetzo",-95.3485266,16.3836802,"Pacific Lowlands province","Neobuxbaumia","Mexico",15.7999992370605,24.4500007629395,2,101.907844543457,210,13,14.3041639328003,1.97848510742188
"Neobuxbaumia tetetzo",-95.2268,16.42244,"Pacific Lowlands province","Neobuxbaumia","Mexico",15.8999996185303,25.7000007629395,2,117.287330627441,242,6,7.93589115142822,-1.2539005279541
"Neobuxbaumia tetetzo",-95.8727,16.43394,"Pacific Lowlands province","Neobuxbaumia","Mexico",19.6000003814697,22.9833335876465,1,103.020072937012,202,6,5.35175514221191,-0.248558044433594
"Neobuxbaumia tetetzo",-96.348934,16.567712,"Pacific Lowlands province","Neobuxbaumia","Mexico",20.2000007629395,21.7999992370605,2,100.444381713867,267,10,10.4083433151245,1.29505920410156
"Neobuxbaumia tetetzo",-96.338171,16.575386,"Pacific Lowlands province","Neobuxbaumia","Mexico",20.2999992370605,21.7999992370605,2,100.388603210449,265,11,19.3333301544189,0.324554443359375
"Neobuxbaumia tetetzo",-96.34925,16.576934,"Pacific Lowlands province","Neobuxbaumia","Mexico",20.2999992370605,21.8166675567627,2,100.507667541504,267,10,19.6384429931641,3.72897338867188
"Neobuxbaumia tetetzo",-96.330487,16.587508,"Pacific Lowlands province","Neobuxbaumia","Mexico",20.2000007629395,21.75,2,100.13688659668,266,10,7.69770431518555,-3.70500183105469
"Neobuxbaumia tetetzo",-96.306667,16.663333,"Pacific Lowlands province","Neobuxbaumia","Mexico",21.0000019073486,22.25,3,98.9891357421875,266,13,0.356772869825363,-0.300857543945312
"Neobuxbaumia tetetzo",-96.253774,16.666248,"Sierra Madre del Sur province","Neobuxbaumia","Mexico",20.6999988555908,22.2000007629395,3,99.6972198486328,261,13,14.361213684082,4.34190368652344
"Neobuxbaumia tetetzo",-96.138833,16.6685,"Pacific Lowlands province","Neobuxbaumia","Mexico",20.5,22.2000007629395,4,99.1607437133789,251,15,15.7474155426025,-0.62017822265625
"Neobuxbaumia tetetzo",-96.252182,16.672298,"Sierra Madre del Sur province","Neobuxbaumia","Mexico",20.2999992370605,22.0166664123535,4,98.7123184204102,270,16,27.7861461639404,-0.626388549804688
"Neobuxbaumia tetetzo",-96.285723,16.675827,"Sierra Madre del Sur province","Neobuxbaumia","Mexico",19.8999977111816,21.8666667938232,4,97.7862854003906,268,16,34.4018592834473,1.50883483886719
"Neobuxbaumia tetetzo",-96.14597,16.67589,"Pacific Lowlands province","Neobuxbaumia","Mexico",20.7999992370605,22.3500003814697,4,98.1311874389648,249,16,11.169638633728,0.67047119140625
"Neobuxbaumia tetetzo",-96.276944,16.729167,"Sierra Madre del Sur province","Neobuxbaumia","Mexico",20.2999992370605,21.033332824707,3,97.4934692382812,277,18,20.8615550994873,-1.65988159179688
"Neobuxbaumia tetetzo",-96.276778,16.736222,"Sierra Madre del Sur province","Neobuxbaumia","Mexico",20.1000003814697,20.716667175293,4,97.6324005126953,271,16,14.3692321777344,5.62863159179688
"Neobuxbaumia tetetzo",-96.276897,16.862776,"Sierra Madre del Sur province","Neobuxbaumia","Mexico",19.7000007629395,18.75,3,94.1548461914062,276,22,30.2177028656006,2.10287475585938
"Neobuxbaumia tetetzo",-96.275439,16.866981,"Sierra Madre del Sur province","Neobuxbaumia","Mexico",18.2999992370605,17.8333339691162,2,95.2834625244141,255,19,19.3490943908691,-0.467727661132812
"Neobuxbaumia tetetzo",-97.062509,16.95758,"Sierra Madre del Sur province","Neobuxbaumia","Mexico",18.5,15.3666667938232,5,93.8074951171875,284,39,12.3068771362305,-1.547607421875
"Neobuxbaumia tetetzo",-96.557309,17.0039,"Balsas Basin province","Neobuxbaumia","Mexico",22.2999992370605,19.1166667938232,2,92.6893615722656,263,18,6.47991704940796,-0.0722503662109375
"Neobuxbaumia tetetzo",-96.639499,17.016357,"Balsas Basin province","Neobuxbaumia","Mexico",20.8000011444092,17.6833343505859,2,92.417839050293,259,19,34.1922607421875,-0.212814331054688
"Neobuxbaumia tetetzo",-97.815882,17.783955,"Balsas Basin province","Neobuxbaumia","Mexico",23.4000015258789,18.8333339691162,5,95.7208633422852,230,25,29.2675762176514,-3.08662414550781
"Neobuxbaumia tetetzo",-97.0531,17.861257,"Balsas Basin province","Neobuxbaumia","Mexico",24.6999988555908,21.6166667938232,8,93.7766189575195,199,28,27.1419906616211,4.28427124023438
"Neobuxbaumia tetetzo",-97.045961,17.861473,"Balsas Basin province","Neobuxbaumia","Mexico",24.5000019073486,22.0166664123535,9,93.3922119140625,203,31,23.6965751647949,-0.487518310546875
"Neobuxbaumia tetetzo",-97.038451,17.863658,"Balsas Basin province","Neobuxbaumia","Mexico",24.1999988555908,22.3166675567627,6,97.1952056884766,182,21,17.5017356872559,1.20607757568359
"Neobuxbaumia tetetzo",-97.03069,17.86531,"Balsas Basin province","Neobuxbaumia","Mexico",24,22.4333324432373,4,99.469367980957,162,17,12.1310758590698,0.0736618041992188
"Neobuxbaumia tetetzo",-97.02473,17.869886,"Balsas Basin province","Neobuxbaumia","Mexico",24,22.533332824707,4,100.58415222168,152,16,25.1932353973389,-2.93874359130859
"Neobuxbaumia tetetzo",-97.022238,17.883735,"Balsas Basin province","Neobuxbaumia","Mexico",24.0999984741211,22.5499992370605,6,97.7645568847656,180,21,32.8016891479492,-0.674163818359375
"Neobuxbaumia tetetzo",-96.980411,17.912907,"Balsas Basin province","Neobuxbaumia","Mexico",23.8999996185303,22.1166667938232,7,96.5148239135742,192,25,26.342472076416,4.88346862792969
"Neobuxbaumia tetetzo",-97.062189,17.91408,"Balsas Basin province","Neobuxbaumia","Mexico",24.9999980926514,21.4833335876465,9,92.7800064086914,205,30,15.6870698928833,1.47633361816406
"Neobuxbaumia tetetzo",-96.9756,17.93447,"Balsas Basin province","Neobuxbaumia","Mexico",24.1999988555908,21.9833335876465,10,93.6235580444336,239,37,11.2754507064819,-3.24730682373047
"Neobuxbaumia tetetzo",-97.066956,17.972463,"Balsas Basin province","Neobuxbaumia","Mexico",25.4000015258789,21.5500011444092,11,90.0438995361328,236,39,21.3766136169434,-1.50830078125
"Neobuxbaumia tetetzo",-97.061667,18.026667,"Balsas Basin province","Neobuxbaumia","Mexico",24.8999996185303,22,9,93.0158462524414,229,35,3.56212973594666,-1.83936309814453
"Neobuxbaumia tetetzo",-97.346883,18.076745,"Sierra Madre del Sur province","Neobuxbaumia","Mexico",20.2000007629395,13.9333333969116,5,94.1373901367188,221,23,53.2731552124023,0.9775390625
"Opuntia auberi",-96.296951,15.692717,"Pacific Lowlands province","Opuntia","Mexico",13.8000011444092,25.5499992370605,5,106.032157897949,336,15,2.03080534934998,0.8461092710495
"Opuntia auberi",-96.196587,15.709495,"Pacific Lowlands province","Opuntia","Mexico",13.5,25.6833324432373,4,106.814552307129,364,15,6.5969820022583,-2.00523662567139
"Opuntia auberi",-96.16739,15.72122,"Pacific Lowlands province","Opuntia","Mexico",13.4000015258789,25.6499996185303,4,106.895240783691,370,15,17.1345481872559,-0.538609504699707
"Opuntia auberi",-96.24278,15.73133,"Pacific Lowlands province","Opuntia","Mexico",13.7999992370605,25.6499996185303,5,105.510917663574,354,17,14.8113689422607,0.660954475402832
"Opuntia auberi",-96.15917,15.73347,"Pacific Lowlands province","Opuntia","Mexico",13.4000015258789,25.6333332061768,4,106.962257385254,373,15,9.55281162261963,-0.574395596981049
"Opuntia auberi",-96.16631,15.75503,"Pacific Lowlands province","Opuntia","Mexico",13.5,25.6833324432373,4,106.601623535156,374,15,2.7185230255127,0.214690685272217
"Opuntia auberi",-96.19044,15.76522,"Pacific Lowlands province","Opuntia","Mexico",13.6999988555908,25.6833324432373,4,105.540809631348,382,17,8.94887065887451,0.473834991455078
"Opuntia auberi",-96.124977,15.770162,"Pacific Lowlands province","Opuntia","Mexico",13.5999984741211,25.9500007629395,4,107.129440307617,371,15,8.75842189788818,-2.96406698226929
"Opuntia auberi",-96.18409,15.770497,"Pacific Lowlands province","Opuntia","Mexico",13.6999988555908,25.7000007629395,4,106.061668395996,388,16,5.18308210372925,-0.113584518432617
"Opuntia auberi",-96.167,15.783,"Pacific Lowlands province","Opuntia","Mexico",13.7000007629395,25.7666664123535,4,105.679016113281,387,18,14.4058027267456,2.52531433105469
"Opuntia auberi",-95.908056,15.863056,"Pacific Lowlands province","Opuntia","Mexico",14.1999988555908,26.1166667938232,3,109.361442565918,356,13,10.6951103210449,0.69046688079834
"Opuntia auberi",-95.874722,15.888889,"Pacific Lowlands province","Opuntia","Mexico",14.3000011444092,26.3500003814697,2,110.243606567383,345,10,2.75450229644775,-0.293654441833496
"Opuntia auberi",-95.934722,15.911944,"Pacific Lowlands province","Opuntia","Mexico",14.3999996185303,25.5,3,108.083877563477,362,13,3.91671228408813,-1.29666900634766
"Opuntia auberi",-97.185424,15.9461,"Pacific Lowlands province","Opuntia","Mexico",13.3999996185303,25.0499992370605,2,116.555541992188,366,12,3.33320236206055,-1.59177839756012
"Opuntia auberi",-95.71556,15.96194,"Pacific Lowlands province","Opuntia","Mexico",14.8999996185303,26.8333339691162,2,110.383758544922,307,10,25.0427551269531,-1.46391010284424
"Opuntia auberi",-95.52583,15.98361,"Pacific Lowlands province","Opuntia","Mexico",14.7000007629395,26.533332824707,1,115.139739990234,289,5,1.79604172706604,-0.0321965217590332
"Opuntia auberi",-95.013473,16.33423,"Pacific Lowlands province","Opuntia","Mexico",15,25.3999996185303,2,117.043579101562,287,8,2.51085805892944,0.282268583774567
"Opuntia auberi",-94.968063,16.363483,"Pacific Lowlands province","Opuntia","Mexico",15.1000003814697,25.283332824707,2,117.036964416504,287,8,0.886833369731903,0.195987820625305
"Opuntia auberi",-96.8019,16.479,"Sierra Madre del Sur province","Opuntia","Mexico",20.3000011444092,19.7999992370605,4,93.8656692504883,349,24,11.3203058242798,0.347412109375
"Opuntia auberi",-94.95861,16.61166,"Pacific Lowlands province","Opuntia","Mexico",15.5,24.0833320617676,5,109.312187194824,282,19,23.1871204376221,0.999542236328125
"Opuntia auberi",-96.733047,16.617547,"Balsas Basin province","Opuntia","Mexico",22.2999992370605,20.283332824707,3,90.8867568969727,279,21,1.34319067001343,0.159866333007812
"Opuntia auberi",-96.962778,17.795278,"Balsas Basin province","Opuntia","Mexico",23.4000015258789,21.9833335876465,5,98.4327011108398,163,18,0.897424638271332,1.10295104980469
"Opuntia auberi",-96.166552,17.951438,"Veracruzan province","Opuntia","Mexico",18.5,22.3666667938232,56,84.5398178100586,673,236,35.0058670043945,-2.23719024658203
"Opuntia decumbens",-96.503296,15.666843,"Pacific Lowlands province","Opuntia","No",14.6999988555908,24.6499996185303,5,104.411247253418,413,17,11.4293098449707,-2.76116228103638
"Opuntia decumbens",-96.493774,15.666952,"Pacific Lowlands province","Opuntia","No",14.5999984741211,24.7000007629395,5,104.311317443848,408,17,30.7657871246338,-0.844439625740051
"Opuntia decumbens",-96.560566,15.674841,"Pacific Lowlands province","Opuntia","No",15.3999996185303,24.6000003814697,4,106.485824584961,410,14,4.84080362319946,3.9888858795166
"Opuntia decumbens",-96.513695,15.68387,"Pacific Lowlands province","Opuntia","No",15.1999988555908,24.6499996185303,5,104.25471496582,420,17,6.47448873519897,-3.83070039749146
"Opuntia decumbens",-96.309117,15.684378,"Pacific Lowlands province","Opuntia","No",14.1000003814697,25.5499992370605,5,105.937164306641,329,15,12.3631353378296,-1.34424388408661
"Opuntia decumbens",-96.22222,15.70025,"Pacific Lowlands province","Opuntia","No",13.3999996185303,25.5833339691162,4,106.627067565918,359,15,9.01925849914551,-0.150759935379028
"Opuntia decumbens",-96.196686,15.710631,"Pacific Lowlands province","Opuntia","No",13.5,25.6833324432373,4,106.814552307129,364,15,9.86078357696533,-1.38623893260956
"Opuntia decumbens",-96.16533,15.72411,"Pacific Lowlands province","Opuntia","No",13.5,25.6833324432373,4,107.611480712891,359,14,0.739051759243011,0.877509415149689
"Opuntia decumbens",-96.161598,15.725081,"Pacific Lowlands province","Opuntia","No",13.5,25.6666660308838,4,107.214950561523,362,14,2.59862542152405,0.392801702022552
"Opuntia decumbens",-96.157764,15.726525,"Pacific Lowlands province","Opuntia","No",13.4000015258789,25.6333332061768,4,107.498657226562,370,14,21.3880176544189,-0.780158698558807
"Opuntia decumbens",-96.168609,15.728235,"Pacific Lowlands province","Opuntia","No",13.4000015258789,25.6333332061768,4,106.847465515137,371,15,23.906213760376,3.29737663269043
"Opuntia decumbens",-96.158671,15.733399,"Pacific Lowlands province","Opuntia","No",13.4000015258789,25.6333332061768,4,106.962257385254,373,15,8.69880199432373,-2.57088255882263
"Opuntia decumbens",-96.154523,15.734272,"Pacific Lowlands province","Opuntia","No",13.4000015258789,25.6000003814697,4,107.064102172852,374,15,11.1337242126465,-2.35774755477905
"Opuntia decumbens",-96.14596,15.738108,"Pacific Lowlands province","Opuntia","No",13.4000015258789,25.6000003814697,4,107.568130493164,369,14,1.20068562030792,0.757481098175049
"Opuntia decumbens",-96.128441,15.738195,"Pacific Lowlands province","Opuntia","No",13.4000015258789,25.6333332061768,4,107.997978210449,365,13,12.4439706802368,3.9926118850708
"Opuntia decumbens",-96.140761,15.739808,"Pacific Lowlands province","Opuntia","No",13.4000015258789,25.6000003814697,4,107.71021270752,370,14,11.886058807373,2.26721572875977
"Opuntia decumbens",-96.1277,15.742915,"Pacific Lowlands province","Opuntia","No",13.3999996185303,25.75,4,107.567756652832,370,15,22.4996929168701,-1.92303490638733
"Opuntia decumbens",-96.174089,15.742997,"Pacific Lowlands province","Opuntia","No",13.5,25.6666660308838,4,106.602127075195,371,15,4.1529688835144,0.380378723144531
"Opuntia decumbens",-96.125356,15.75172,"Pacific Lowlands province","Opuntia","No",13.4999980926514,25.8166675567627,4,106.832847595215,368,15,21.2102508544922,-3.70741415023804
"Opuntia decumbens",-96.169444,15.752778,"Pacific Lowlands province","Opuntia","No",13.5999984741211,25.716667175293,4,106.270751953125,372,15,5.3893837928772,-0.823742389678955
"Opuntia decumbens",-96.141372,15.753687,"Pacific Lowlands province","Opuntia","No",13.3999996185303,25.75,4,106.796241760254,372,16,4.3492169380188,-5.30312299728394
"Opuntia decumbens",-96.189735,15.754305,"Pacific Lowlands province","Opuntia","No",13.5,25.6833324432373,4,105.670112609863,378,17,5.58410406112671,-2.11851406097412
"Opuntia decumbens",-96.147522,15.754522,"Pacific Lowlands province","Opuntia","No",13.3000011444092,25.7000007629395,4,106.516403198242,381,16,2.0958354473114,-0.724055290222168
"Opuntia decumbens",-96.151001,15.754957,"Pacific Lowlands province","Opuntia","No",13.3999996185303,25.6833324432373,4,106.541473388672,380,16,3.82421374320984,-2.36734247207642
"Opuntia decumbens",-96.16576,15.755957,"Pacific Lowlands province","Opuntia","No",13.5,25.6833324432373,4,106.601623535156,374,15,3.44003915786743,0.143393278121948
"Opuntia decumbens",-96.48222,15.758178,"Pacific Lowlands province","Opuntia","No",16.0000019073486,25.0166664123535,6,102.539688110352,316,19,4.57831430435181,0.711731910705566
"Opuntia decumbens",-96.139206,15.76169,"Pacific Lowlands province","Opuntia","No",13.6000003814697,25.8333339691162,4,105.876861572266,373,16,7.37105941772461,4.051917552948
"Opuntia decumbens",-96.205009,15.76438,"Pacific Lowlands province","Opuntia","No",13.6999988555908,25.7000007629395,5,105.19181060791,383,18,1.57541990280151,-0.770870208740234
"Opuntia decumbens",-96.133659,15.76697,"Pacific Lowlands province","Opuntia","No",13.6999988555908,25.8666667938232,4,105.176910400391,371,17,10.3405151367188,1.30887484550476
"Opuntia decumbens",-96.114433,15.767012,"Pacific Lowlands province","Opuntia","No",13.5,25.9500007629395,4,107.65616607666,380,15,4.26157665252686,-0.16938304901123
"Opuntia decumbens",-96.120246,15.767143,"Pacific Lowlands province","Opuntia","No",13.5999984741211,25.9500007629395,4,107.129440307617,371,15,15.6498708724976,-0.343993842601776
"Opuntia decumbens",-96.125113,15.768174,"Pacific Lowlands province","Opuntia","No",13.6999988555908,25.8833332061768,4,105.833557128906,371,17,3.13580417633057,0.395473957061768
"Opuntia decumbens",-96.100211,15.768534,"Pacific Lowlands province","Opuntia","No",13.5,25.9833335876465,4,107.739135742188,377,15,17.8359775543213,-2.78494834899902
"Opuntia decumbens",-96.193153,15.768781,"Pacific Lowlands province","Opuntia","No",13.6999988555908,25.7000007629395,5,105.717002868652,387,17,5.76922035217285,-0.479440689086914
"Opuntia decumbens",-96.21389,15.76964,"Pacific Lowlands province","Opuntia","No",13.9000015258789,25.716667175293,4,105.244979858398,382,17,4.27890157699585,-0.553561210632324
"Opuntia decumbens",-96.443696,15.769925,"Pacific Lowlands province","Opuntia","No",15.6999988555908,25.0833339691162,6,102.988761901855,330,20,5.22212696075439,-1.10505676269531
"Opuntia decumbens",-96.240415,15.772575,"Pacific Lowlands province","Opuntia","No",14,25.716667175293,5,104.875999450684,376,20,5.70960903167725,-1.24020481109619
"Opuntia decumbens",-96.20003,15.77351,"Pacific Lowlands province","Opuntia","No",13.6999988555908,25.7000007629395,5,105.568016052246,388,17,3.78820371627808,1.07470989227295
"Opuntia decumbens",-96.125411,15.776012,"Pacific Lowlands province","Opuntia","No",13.5999984741211,25.9500007629395,4,106.702934265137,380,16,4.16187906265259,0.747761726379395
"Opuntia decumbens",-96.091697,15.776283,"Pacific Lowlands province","Opuntia","No",13.4000015258789,26,4,107.432373046875,380,15,7.86886262893677,1.30671119689941
"Opuntia decumbens",-96.175423,15.776861,"Pacific Lowlands province","Opuntia","No",13.8000011444092,25.75,4,105.661422729492,386,17,9.24683856964111,0.654557228088379
"Opuntia decumbens",-96.200493,15.777383,"Pacific Lowlands province","Opuntia","No",13.9000015258789,25.7000007629395,5,105.324584960938,390,18,1.54919874668121,-1.58718109130859
"Opuntia decumbens",-96.174538,15.77849,"Pacific Lowlands province","Opuntia","No",13.7000007629395,25.7666664123535,4,105.679016113281,387,18,1.18790853023529,-2.64071178436279
"Opuntia decumbens",-96.184982,15.778502,"Pacific Lowlands province","Opuntia","No",13.6999988555908,25.6833324432373,4,105.384719848633,395,17,6.61007308959961,-1.11782741546631
"Opuntia decumbens",-96.166,15.77883,"Pacific Lowlands province","Opuntia","No",13.7000007629395,25.7999992370605,4,105.689102172852,387,18,10.0113906860352,0.695697784423828
"Opuntia decumbens",-96.071695,15.779117,"Pacific Lowlands province","Opuntia","No",13.6000003814697,25.9333343505859,3,108.626007080078,368,12,2.93978404998779,1.6557639837265
"Opuntia decumbens",-96.209129,15.780149,"Pacific Lowlands province","Opuntia","No",13.9000015258789,25.716667175293,5,104.964866638184,387,18,3.91344881057739,-0.555658340454102
"Opuntia decumbens",-96.199959,15.781453,"Pacific Lowlands province","Opuntia","No",13.6999988555908,25.716667175293,4,105.755226135254,393,16,2.631915807724,-0.769447326660156
"Opuntia decumbens",-96.060869,15.782234,"Pacific Lowlands province","Opuntia","No",13.6000003814697,25.8833332061768,3,108.847480773926,367,12,15.2072534561157,0.758274555206299
"Opuntia decumbens",-96.059319,15.78379,"Pacific Lowlands province","Opuntia","No",13.4999980926514,25.8833332061768,3,108.107391357422,376,14,6.01306056976318,-1.71617341041565
"Opuntia decumbens",-96.090192,15.790989,"Pacific Lowlands province","Opuntia","No",13.5,25.9500007629395,3,107.637619018555,380,14,7.15534973144531,0.0492234230041504
"Opuntia decumbens",-96.077163,15.809286,"Pacific Lowlands province","Opuntia","No",13.6000003814697,25.9500007629395,4,106.449493408203,393,17,8.64574432373047,1.10159587860107
"Opuntia decumbens",-95.969444,15.81825,"Pacific Lowlands province","Opuntia","No",13.9000015258789,25.966667175293,3,109.469741821289,360,12,12.6491937637329,-2.48521137237549
"Opuntia decumbens",-96.069056,15.818696,"Pacific Lowlands province","Opuntia","No",13.8000011444092,26.033332824707,4,107.08073425293,377,15,21.4274730682373,-2.7269983291626
"Opuntia decumbens",-96.321944,15.834167,"Pacific Lowlands province","Opuntia","No",15.1999988555908,25.1166667938232,5,104.297050476074,387,19,2.98719954490662,0.210805892944336
"Opuntia decumbens",-95.953056,15.835833,"Pacific Lowlands province","Opuntia","No",13.9000015258789,25.966667175293,3,109.514892578125,357,12,5.43645143508911,-1.4413890838623
"Opuntia decumbens",-95.90694,15.86222,"Pacific Lowlands province","Opuntia","No",14.1999988555908,26.1166667938232,3,109.361442565918,356,13,12.8193387985229,0.856300354003906
"Opuntia decumbens",-95.954167,15.867778,"Pacific Lowlands province","Opuntia","No",14,25.9166660308838,3,109.025436401367,363,13,21.2078552246094,4.00982904434204
"Opuntia decumbens",-97.090769,15.867855,"Pacific Lowlands province","Opuntia","No",12.6999988555908,25.533332824707,3,115.902130126953,349,13,8.09563446044922,0.365245938301086
"Opuntia decumbens",-96.00417,15.87083,"Pacific Lowlands province","Opuntia","No",14.1000003814697,25.75,3,108.39608001709,374,13,12.5616416931152,-4.00340175628662
"Opuntia decumbens",-96.01361,15.87361,"Pacific Lowlands province","Opuntia","No",13.8999996185303,25.5166664123535,3,107.353820800781,387,15,20.6988201141357,-4.48165893554688
"Opuntia decumbens",-97.076327,15.916185,"Pacific Lowlands province","Opuntia","No",14.1000003814697,25.216667175293,3,114.249649047852,331,12,16.524076461792,0.723719596862793
"Opuntia decumbens",-95.532043,15.979146,"Pacific Lowlands province","Opuntia","No",14.7000007629395,26.533332824707,1,114.700607299805,291,5,8.98855972290039,-1.94762873649597
"Opuntia decumbens",-95.620944,15.98275,"Pacific Lowlands province","Opuntia","No",14.5999984741211,26.5833339691162,2,112.762222290039,296,8,8.42295360565186,-0.893837928771973
"Opuntia decumbens",-95.69911,16.00481,"Pacific Lowlands province","Opuntia","No",14.7000007629395,26.0833320617676,1,110.782089233398,292,8,15.193564414978,-1.42904615402222
"Opuntia decumbens",-95.401968,16.009911,"Pacific Lowlands province","Opuntia","No",15.2000007629395,26.716667175293,1,115.973793029785,284,4,11.4673433303833,-0.808467745780945
"Opuntia decumbens",-95.530119,16.092922,"Pacific Lowlands province","Opuntia","No",15.7000007629395,25.4833335876465,1,113.81175994873,255,6,23.7953643798828,2.26125717163086
"Opuntia decumbens",-94.570999,16.239435,"Pacific Lowlands province","Opuntia","No",15.6999988555908,25.3166675567627,0,117.53157043457,319,4,1.10586035251617,0.0113591700792313
"Opuntia decumbens",-95.233326,16.292389,"Pacific Lowlands province","Opuntia","No",16.7000007629395,26.6666660308838,4,112.25382232666,265,15,0.126526221632957,-0.476487636566162
"Opuntia decumbens",-95.238889,16.332778,"Pacific Lowlands province","Opuntia","No",16.9000015258789,26.8500003814697,3,113.321868896484,263,11,2.8362934589386,0.514321327209473
"Opuntia decumbens",-95.246131,16.33284,"Pacific Lowlands province","Opuntia","No",16.8999977111816,26.7999992370605,3,113.698219299316,254,11,12.499587059021,-2.53861236572266
"Opuntia decumbens",-95.24536,16.333414,"Pacific Lowlands province","Opuntia","No",16.7999992370605,26.716667175293,3,113.862144470215,258,11,18.5339736938477,5.43615913391113
"Opuntia decumbens",-98.2095,16.34861,"Pacific Lowlands province","Opuntia","No",17.1000022888184,25.533332824707,2,112.014404296875,308,19,14.2666120529175,2.83453369140625
"Opuntia decumbens",-95.401389,16.350278,"Pacific Lowlands province","Opuntia","No",16.6000003814697,24.466667175293,1,113.583877563477,199,4,18.0522575378418,-3.59591674804688
"Opuntia decumbens",-95.306944,16.381944,"Pacific Lowlands province","Opuntia","No",16.7000007629395,26.1333332061768,1,119.765716552734,248,4,40.5717811584473,6.56654357910156
"Opuntia decumbens",-95.137344,16.383789,"Pacific Lowlands province","Opuntia","No",16.0000019073486,26.0499992370605,2,115.150543212891,278,7,0.0708315372467041,0.145398259162903
"Opuntia decumbens",-95.1225,16.390833,"Pacific Lowlands province","Opuntia","No",15.8999996185303,25.9833335876465,2,115.446495056152,281,8,1.10110878944397,0.523129940032959
"Opuntia decumbens",-94.824043,16.41057,"Pacific Lowlands province","Opuntia","No",15.6000003814697,25.0666675567627,3,113.297058105469,280,12,0.0277616903185844,0.115033432841301
"Opuntia decumbens",-95.66667,16.41667,"Pacific Lowlands province","Opuntia","No",18.3000011444092,24.0833339691162,1,108.207626342773,189,6,6.64976024627686,-1.03669357299805
"Opuntia decumbens",-95.967805,16.428583,"Pacific Lowlands province","Opuntia","No",19.2000007629395,22.0666675567627,1,103.823440551758,216,6,4.83076763153076,-0.752578735351562
"Opuntia decumbens",-94.891487,16.458528,"Pacific Lowlands province","Opuntia","No",15.7000007629395,25.1666660308838,4,111.734870910645,289,15,0.27512139081955,-0.247651100158691
"Opuntia decumbens",-94.22203,16.462702,"Pacific Lowlands province","Opuntia","No",16.6999988555908,25.1833343505859,2,109.778961181641,407,10,4.61366653442383,-1.63093376159668
"Opuntia decumbens",-95.8935538,16.4897995,"Pacific Lowlands province","Opuntia","No",19.7000007629395,22.0166664123535,1,103.370506286621,208,7,16.0445346832275,-0.564971923828125
"Opuntia decumbens",-95.154817,16.489921,"Pacific Lowlands province","Opuntia","No",15.7999992370605,25.5833339691162,2,115.634368896484,253,8,1.68902945518494,-0.509576797485352
"Opuntia decumbens",-95.201135,16.533169,"Pacific Lowlands province","Opuntia","No",15.7999992370605,24.7000007629395,1,118.083740234375,185,3,4.10783529281616,-0.118274688720703
"Opuntia decumbens",-95.000486,16.540149,"Pacific Lowlands province","Opuntia","No",15.4999980926514,24.8833332061768,2,113.782516479492,288,10,0.437997967004776,0.0116162300109863
"Opuntia decumbens",-95.466111,16.541556,"Pacific Lowlands province","Opuntia","No",18,25.3833332061768,1,117.174163818359,188,4,1.88818311691284,0.990451812744141
"Opuntia decumbens",-95.001303,16.542004,"Pacific Lowlands province","Opuntia","No",15.4999980926514,24.8500003814697,3,113.506652832031,288,11,1.00057458877563,-0.0158295631408691
"Opuntia decumbens",-95.98158,16.54564,"Sierra Madre del Sur province","Opuntia","No",18.8000011444092,22.216667175293,1,103.917282104492,243,9,10.6955966949463,-0.368911743164062
"Opuntia decumbens",-96.355934,16.581687,"Sierra Madre del Sur province","Opuntia","No",19.7999992370605,21.6833324432373,2,99.4614791870117,266,11,20.5007629394531,-1.51296997070312
"Opuntia decumbens",-94.870697,16.582768,"Pacific Lowlands province","Opuntia","No",15.3000011444092,24.033332824707,4,110.121002197266,299,13,2.85624074935913,0.102584838867188
"Opuntia decumbens",-94.87133,16.584722,"Pacific Lowlands province","Opuntia","No",15.1000022888184,23.6666660308838,6,107.020011901855,287,21,7.71679925918579,-2.27396821975708
"Opuntia decumbens",-95.98236,16.58661,"Pacific Lowlands province","Opuntia","No",20.9999980926514,22.6833343505859,1,100.976951599121,205,7,8.35929679870605,-3.0223388671875
"Opuntia decumbens",-96.357399,16.592892,"Sierra Madre del Sur province","Opuntia","No",19,21.216667175293,2,98.6500625610352,225,9,26.93825340271,-1.76773071289062
"Opuntia decumbens",-96.03861,16.60083,"Pacific Lowlands province","Opuntia","No",20.7999992370605,22.2000007629395,2,100.566909790039,212,9,0.530202388763428,-0.240104675292969
"Opuntia decumbens",-94.955444,16.605278,"Pacific Lowlands province","Opuntia","No",15.5,24.3500003814697,5,109.52424621582,294,19,1.20464634895325,-0.81294059753418
"Opuntia decumbens",-95.01342,16.61367,"Pacific Lowlands province","Opuntia","No",15.5000019073486,24.4500007629395,3,112.967735290527,283,12,0.912328541278839,-0.272937774658203
"Opuntia decumbens",-94.970625,16.621489,"Pacific Lowlands province","Opuntia","No",15.5000019073486,23.966667175293,5,109.297431945801,277,20,9.38502025604248,0.0512485504150391
"Opuntia decumbens",-94.98528,16.62583,"Pacific Lowlands province","Opuntia","No",15.4000015258789,23.966667175293,5,110.787071228027,283,17,5.789954662323,-0.692205429077148
"Opuntia decumbens",-96.052871,16.631123,"Pacific Lowlands province","Opuntia","No",19.9000015258789,22.0833339691162,3,101.16609954834,238,13,23.9160842895508,-2.61824035644531
"Opuntia decumbens",-94.949444,16.633056,"Pacific Lowlands province","Opuntia","No",15.3999977111816,23.6333332061768,9,100.537399291992,283,45,15.6987161636353,0.848562240600586
"Opuntia decumbens",-94.98597,16.64003,"Pacific Lowlands province","Opuntia","No",15.2999992370605,23.716667175293,5,109.559692382812,277,19,11.1600923538208,1.92617607116699
"Opuntia decumbens",-95.009184,16.65589,"Pacific Lowlands province","Opuntia","No",15.3000011444092,23.7333335876465,4,111.307357788086,283,15,7.47964811325073,-3.61934471130371
"Opuntia decumbens",-95.90292,16.65714,"Pacific Lowlands province","Opuntia","No",20.7999992370605,22.4333324432373,3,97.7078247070312,222,15,14.7774209976196,-2.84236907958984
"Opuntia decumbens",-94.98078,16.65781,"Pacific Lowlands province","Opuntia","No",15.5,23.4500007629395,8,105.808052062988,281,30,3.29333543777466,-0.796272277832031
"Opuntia decumbens",-95.00972,16.66722,"Pacific Lowlands province","Opuntia","No",15.3000011444092,23.3666667938232,5,110.057983398438,281,18,10.7169570922852,-1.42398071289062
"Opuntia decumbens",-96.145692,16.675217,"Pacific Lowlands province","Opuntia","No",20.7999992370605,22.3500003814697,4,98.1311874389648,249,16,12.5904417037964,-3.03630065917969
"Opuntia decumbens",-96.319763,16.694188,"Sierra Madre del Sur province","Opuntia","No",20.8999996185303,21.8999996185303,3,98.3466949462891,276,16,6.54006767272949,-1.365478515625
"Opuntia decumbens",-96.19167,16.72194,"Pacific Lowlands province","Opuntia","No",20.2999992370605,21.8833332061768,5,99.5403442382812,284,18,14.8632307052612,5.29446411132812
"Opuntia decumbens",-94.986814,16.739698,"Pacific Lowlands province","Opuntia","No",16.5000019073486,23.1000003814697,15,91.4001998901367,294,82,30.2189426422119,-0.365756988525391
"Opuntia decumbens",-94.97889,16.74297,"Pacific Lowlands province","Opuntia","No",16.5999984741211,23.0499992370605,16,87.867057800293,285,98,36.9710426330566,1.39923858642578
"Opuntia decumbens",-96.341895,16.753837,"Sierra Madre del Sur province","Opuntia","No",20.5,19.8999996185303,1,97.0950927734375,245,12,28.7325706481934,3.20474243164062
"Opuntia decumbens",-95.088648,16.791897,"Pacific Lowlands province","Opuntia","No",16.7000007629395,23.1000003814697,15,94.2653884887695,250,75,5.98972320556641,-1.49444580078125
"Opuntia decumbens",-96.251932,16.884802,"Pacific Lowlands province","Opuntia","No",19.5999984741211,18.8999996185303,5,93.3762588500977,292,27,6.34394788742065,1.6744384765625
"Opuntia decumbens",-97.68847,16.884975,"Sierra Madre del Sur province","Opuntia","No",16.3999996185303,17.1166667938232,9,99.8217391967773,395,34,33.1251487731934,3.2681884765625
"Opuntia decumbens",-97.208389,16.943286,"Sierra Madre del Sur province","Opuntia","No",21.5,19.2666664123535,5,95.533805847168,387,19,11.1908988952637,-3.4295654296875
"Opuntia decumbens",-96.041667,17.258333,"Sierra Madre del Sur province","Opuntia","No",15.3000001907349,13.7833337783813,36,78.2508239746094,458,246,13.9866619110107,0.871047973632812
"Opuntia decumbens",-97.021861,17.523917,"Balsas Basin province","Opuntia","No",23.2000007629395,18.6499996185303,9,90.9225616455078,259,46,18.7723484039307,0.251174926757812
"Opuntia decumbens",-96.912911,17.635533,"Balsas Basin province","Opuntia","No",23.0000019073486,21.7999992370605,7,93.596076965332,197,24,8.86390209197998,1.59320068359375
"Opuntia decumbens",-98.045766,17.637723,"Balsas Basin province","Opuntia","No",22.3999977111816,21.0499992370605,4,96.6201477050781,260,24,32.3947525024414,-0.465301513671875
"Opuntia decumbens",-97.93481,17.68619,"Sierra Madre del Sur province","Opuntia","No",22.3999996185303,19.5499992370605,4,95.538932800293,244,17,11.6579933166504,2.25398254394531
"Opuntia decumbens",-97.041667,17.691667,"Sierra Madre del Sur province","Opuntia","No",22.3999977111816,18.783332824707,10,90.9567260742188,264,38,7.76710271835327,0.2896728515625
"Opuntia decumbens",-97.9426,17.695856,"Balsas Basin province","Opuntia","No",22.3999977111816,19.3833332061768,4,96.0875091552734,243,17,46.685245513916,3.76838684082031
"Opuntia decumbens",-96.942028,17.710306,"Balsas Basin province","Opuntia","No",23.4000015258789,22.033332824707,6,93.9871978759766,184,24,7.84143924713135,-4.04717254638672
"Opuntia decumbens",-96.95111,17.71417,"Balsas Basin province","Opuntia","No",23.5999984741211,21.9833335876465,9,91.6989440917969,224,32,10.8772478103638,-4.61639404296875
"Opuntia decumbens",-98.151389,17.716944,"Balsas Basin province","Opuntia","No",21.3999996185303,20.9499988555908,3,101.077453613281,268,17,21.2871131896973,1.10775756835938
"Opuntia decumbens",-96.953389,17.766583,"Balsas Basin province","Opuntia","No",23.2000007629395,22.1000003814697,5,97.4866333007812,163,19,19.9110565185547,-0.567344665527344
"Opuntia decumbens",-96.099444,17.783333,"Veracruzan province","Opuntia","No",17.7999992370605,20.75,62,77.7702941894531,663,271,13.5507507324219,-3.26558303833008
"Opuntia decumbens",-96.954444,17.783611,"Balsas Basin province","Opuntia","No",23.2999992370605,21.9166660308838,6,97.5123901367188,166,20,0.6287642121315,-0.827110290527344
"Opuntia decumbens",-97.028083,17.795083,"Balsas Basin province","Opuntia","No",23.6999988555908,21.2000007629395,15,89.9119567871094,284,49,20.1807460784912,-1.14862060546875
"Opuntia decumbens",-96.963,17.7952,"Balsas Basin province","Opuntia","No",23.4000015258789,21.9833335876465,5,98.4327011108398,163,18,3.2491626739502,-0.0844039916992188
"Opuntia decumbens",-96.989889,17.803472,"Balsas Basin province","Opuntia","No",23.7000007629395,22.3666667938232,4,100.628868103027,151,15,18.1355533599854,-0.059844970703125
"Opuntia decumbens",-96.961389,17.8175,"Balsas Basin province","Opuntia","No",23.6999988555908,21.7999992370605,9,93.6790618896484,209,30,25.5218887329102,-4.50361633300781
"Opuntia decumbens",-96.941222,17.8215,"Sierra Madre del Sur province","Opuntia","No",24.0999984741211,20.9500007629395,16,87.9313812255859,287,57,18.3005809783936,3.80191040039062
"Opuntia decumbens",-96.941167,17.825611,"Sierra Madre del Sur province","Opuntia","No",24.1000022888184,20.8666667938232,21,86.4162826538086,320,69,12.5632667541504,-2.6690673828125
"Opuntia decumbens",-96.964892,17.827797,"Balsas Basin province","Opuntia","No",23.8999996185303,21.75,12,90.9941101074219,240,40,9.06239032745361,1.65456390380859
"Opuntia decumbens",-97.039393,17.863526,"Balsas Basin province","Opuntia","No",24.1999988555908,22.3166675567627,6,97.1952056884766,182,21,20.4445400238037,3.06452178955078
"Opuntia decumbens",-97.811939,17.866152,"Balsas Basin province","Opuntia","No",22.5,17.716667175293,5,94.8185577392578,239,25,4.20060634613037,0.846099853515625
"Opuntia decumbens",-96.912557,17.876834,"Sierra Madre del Sur province","Opuntia","No",24.1000003814697,19.6499996185303,26,86.078125,386,94,29.8197612762451,-8.02821350097656
"Opuntia decumbens",-96.973683,17.888909,"Balsas Basin province","Opuntia","No",23.7999992370605,21.9166660308838,7,96.0062713623047,198,27,13.9814043045044,-4.01970672607422
"Opuntia decumbens",-96.95081,17.90964,"Sierra Madre del Sur province","Opuntia","No",24.3999996185303,21.1499996185303,19,88.1058807373047,320,66,28.6936874389648,-7.26945495605469
"Opuntia decumbens",-96.979357,17.910082,"Balsas Basin province","Opuntia","No",23.8999996185303,22.1166667938232,7,96.5148239135742,192,25,15.2660207748413,5.56895446777344
"Opuntia decumbens",-98.042263,17.948681,"Balsas Basin province","Opuntia","No",22.3999996185303,20.9166660308838,5,98.1414642333984,206,20,18.7736682891846,0.597183227539062
"Opuntia decumbens",-96.982722,17.9535,"Balsas Basin province","Opuntia","No",24.4999980926514,21.7000007629395,14,90.0356826782227,285,53,16.0742225646973,-2.36960601806641
"Opuntia decumbens",-97.035861,17.984583,"Balsas Basin province","Opuntia","No",24.5000019073486,22.5499992370605,7,95.149528503418,209,30,5.67622900009155,0.11175537109375
"Opuntia decumbens",-97.052139,18.014417,"Balsas Basin province","Opuntia","No",24.6000003814697,22.0833320617676,9,93.7015838623047,220,33,4.65632963180542,-0.658843994140625
"Opuntia decumbens",-97.05082,18.02339,"Balsas Basin province","Opuntia","No",24.7000007629395,22,9,93.4331130981445,228,34,9.46070098876953,-4.1107177734375
"Opuntia decumbens",-97.038996,18.024486,"Balsas Basin province","Opuntia","No",25.0999984741211,21.7999992370605,12,89.4920425415039,257,48,10.3417663574219,-1.67090606689453
"Opuntia decumbens",-97.021194,18.031278,"Balsas Basin province","Opuntia","No",24,21.0499992370605,19,86.9522018432617,335,76,37.765998840332,0.165435791015625
"Opuntia decumbens",-97.085555,18.0425,"Balsas Basin province","Opuntia","No",25.3000011444092,22.1833324432373,9,92.9233779907227,218,31,8.10308742523193,1.88103485107422
"Opuntia decumbens",-97.072092,18.052536,"Balsas Basin province","Opuntia","No",25.3999977111816,21.8833332061768,10,91.3053131103516,234,37,10.553074836731,2.3355712890625
"Opuntia decumbens",-97.108333,18.058333,"Balsas Basin province","Opuntia","No",25.2999992370605,22.0666656494141,8,94.1653900146484,205,28,6.04854536056519,-4.07954406738281
"Opuntia decumbens",-97.783333,18.191389,"Balsas Basin province","Opuntia","No",20.7999992370605,19.3833332061768,4,96.0484848022461,169,14,5.5896782875061,-3.25216674804688
"Opuntia dejecta",-96.159167,15.733472,"Pacific Lowlands province","Opuntia","No",13.4000015258789,25.6333332061768,4,106.962257385254,373,15,9.55281162261963,-0.574395596981049
"Opuntia dejecta",-96.157611,15.740111,"Pacific Lowlands province","Opuntia","No",13.4000015258789,25.6000003814697,4,107.064102172852,374,15,2.56955099105835,-1.52608776092529
"Opuntia dejecta",-96.166306,15.755028,"Pacific Lowlands province","Opuntia","No",13.5,25.6833324432373,4,106.601623535156,374,15,2.7185230255127,0.214690685272217
"Opuntia dejecta",-96.19395,15.76956,"Pacific Lowlands province","Opuntia","No",13.6999988555908,25.7000007629395,5,105.717002868652,387,17,5.43644857406616,-2.10202884674072
"Opuntia dejecta",-96.213889,15.769639,"Pacific Lowlands province","Opuntia","No",13.9000015258789,25.716667175293,4,105.244979858398,382,17,4.27890157699585,-0.553561210632324
"Opuntia dejecta",-96.20319,15.77475,"Pacific Lowlands province","Opuntia","No",13.6999988555908,25.7000007629395,5,105.568016052246,388,17,5.95142078399658,1.60538291931152
"Opuntia dejecta",-95.954167,15.866667,"Pacific Lowlands province","Opuntia","No",14,25.9166660308838,3,109.025436401367,363,13,12.2122411727905,-1.00161266326904
"Opuntia dejecta",-96.01861,15.87444,"Pacific Lowlands province","Opuntia","No",13.8999977111816,25.3666667938232,3,106.315773010254,390,15,15.5871324539185,-1.90360450744629
"Opuntia dejecta",-95.94417,15.91833,"Pacific Lowlands province","Opuntia","No",14.5,25.466667175293,3,107.907943725586,362,13,3.5203812122345,2.08036613464355
"Opuntia dejecta",-96.04167,15.93611,"Pacific Lowlands province","Opuntia","No",14.6000003814697,24.7999992370605,3,106.672538757324,382,14,4.80217123031616,1.28666305541992
"Opuntia dejecta",-95.58028,15.96333,"Pacific Lowlands province","Opuntia","No",14.4000015258789,26.5166664123535,1,114.948539733887,297,6,3.11420011520386,-0.166117429733276
"Opuntia dejecta",-96.30083,16.30194,"Pacific Lowlands province","Opuntia","No",17.3999996185303,18.0166664123535,6,94.1677856445312,246,29,28.8088703155518,-1.24662780761719
"Opuntia dejecta",-94.61111,16.38722,"Pacific Lowlands province","Opuntia","No",16.7999992370605,25.8666667938232,1,112.086570739746,304,10,0.67210978269577,-0.32764732837677
"Opuntia dejecta",-95.00967,16.61581,"Pacific Lowlands province","Opuntia","No",15.5000019073486,24.4500007629395,3,112.967735290527,283,12,0.63934725522995,-0.0275764465332031
"Opuntia dejecta",-95.00714,16.77972,"Pacific Lowlands province","Opuntia","No",16.5,22.8833332061768,17,89.9475173950195,296,93,18.4443168640137,3.56490707397461
"Opuntia dejecta",-96.495201,17.320784,"Balsas Basin province","Opuntia","No",20.8999996185303,16.466667175293,20,81.1193237304688,361,129,9.75460720062256,1.52041625976562
"Opuntia depressa",-96.767,17.045705,"Balsas Basin province","Opuntia","Mexico",21.2000007629395,18.6166667938232,3,92.0785827636719,257,23,8.46274948120117,1.29879760742188
"Opuntia depressa",-97.30295,17.065133,"Sierra Madre del Sur province","Opuntia","Mexico",22.8000011444092,20.6000003814697,5,98.6401214599609,384,18,17.5464973449707,-2.11933898925781
"Opuntia depressa",-96.940098,17.476907,"Sierra Madre del Sur province","Opuntia","Mexico",18.7999992370605,14.2666664123535,5,95.194450378418,219,26,7.34193468093872,0.398040771484375
"Opuntia depressa",-96.937222,17.505861,"Sierra Madre del Sur province","Opuntia","Mexico",19.6000003814697,14.8666667938232,6,93.829719543457,208,33,9.53014087677002,-1.85090637207031
"Opuntia depressa",-96.925,17.508333,"Balsas Basin province","Opuntia","Mexico",19.3999996185303,14.75,6,94.5994033813477,206,31,25.1525325775146,0.252365112304688
"Opuntia depressa",-98.153056,17.631667,"Balsas Basin province","Opuntia","Mexico",22.5,21.0666656494141,4,99.454704284668,270,21,13.1972684860229,-0.109130859375
"Opuntia depressa",-96.913611,17.633889,"Balsas Basin province","Opuntia","Mexico",23.0000019073486,21.7999992370605,7,93.596076965332,197,24,3.78310561180115,0.41754150390625
"Opuntia depressa",-96.913444,17.644389,"Balsas Basin province","Opuntia","Mexico",22.7999992370605,21.8833332061768,5,95.437255859375,173,19,8.71276473999023,-6.04421997070312
"Opuntia depressa",-96.930162,17.645617,"Balsas Basin province","Opuntia","Mexico",23,21.8166656494141,5,95.7510070800781,173,17,10.1407814025879,-0.471298217773438
"Opuntia depressa",-96.95722,17.69644,"Balsas Basin province","Opuntia","Mexico",23.7000007629395,21.8333339691162,10,90.9557571411133,232,35,5.05386257171631,-0.728706359863281
"Opuntia depressa",-97.028889,17.805833,"Balsas Basin province","Opuntia","Mexico",24.2000007629395,21.4500007629395,14,90.212028503418,270,46,9.96707439422607,1.69137573242188
"Opuntia depressa",-97.117,17.833,"Balsas Basin province","Opuntia","Mexico",22.5,17.2666664123535,8,91.643196105957,236,59,23.1397094726562,-2.07582092285156
"Opuntia depressa",-96.841667,17.836389,"Sierra Madre del Sur province","Opuntia","Mexico",18.5999984741211,13.1166667938232,9,96.0914077758789,249,73,20.5402755737305,-0.078338623046875
"Opuntia depressa",-96.97464,17.83986,"Balsas Basin province","Opuntia","Mexico",23.8999977111816,21.966667175293,8,93.196403503418,214,31,10.8466291427612,-0.214698791503906
"Opuntia depressa",-97.005067,17.899906,"Balsas Basin province","Opuntia","Mexico",24.0000019073486,22.6666660308838,5,98.8285980224609,164,18,8.2047119140625,0.183013916015625
"Opuntia depressa",-97.06667,17.91667,"Balsas Basin province","Opuntia","Mexico",25.1999988555908,21.1166667938232,9,92.4144821166992,209,32,20.9961490631104,-2.35630035400391
"Opuntia depressa",-97.055444,17.923222,"Balsas Basin province","Opuntia","Mexico",24.7999992370605,21.9500007629395,8,94.1593322753906,195,28,13.7265882492065,-2.01042938232422
"Opuntia depressa",-97.044917,17.932944,"Balsas Basin province","Opuntia","Mexico",24.6000022888184,22.4500007629395,7,95.8899230957031,183,25,1.95667624473572,-3.29238891601562
"Opuntia depressa",-97.01328,17.94295,"Balsas Basin province","Opuntia","Mexico",24.1999988555908,22.5666675567627,7,97.1396026611328,191,25,14.3905868530273,2.01428985595703
"Opuntia depressa",-97.328742,18.130028,"Balsas Basin province","Opuntia","Mexico",23.5999984741211,18.3999996185303,5,95.4708480834961,184,22,19.0096702575684,-0.660934448242188
"Opuntia depressa",-97.257894,18.156395,"Balsas Basin province","Opuntia","Mexico",25.3999996185303,20.716667175293,3,98.7049942016602,129,12,23.6522979736328,5.14717102050781
"Opuntia depressa",-97.716944,18.190833,"Balsas Basin province","Opuntia","Mexico",20.2000007629395,18.4333343505859,4,96.069694519043,203,14,9.6670389175415,2.86050415039062
"Opuntia huajuapensis",-97.18534,17.25942,"Sierra Madre del Sur province","Opuntia","Mexico",21.4000015258789,16.75,4,93.607421875,258,16,15.7197189331055,2.65261840820312
"Opuntia huajuapensis",-96.540723,17.274483,"Balsas Basin province","Opuntia","Mexico",19.7999992370605,14.8833332061768,11,82.963020324707,282,92,20.6642742156982,-0.638290405273438
"Opuntia huajuapensis",-96.921222,17.385556,"Sierra Madre del Sur province","Opuntia","Mexico",18.7000007629395,14.1333332061768,5,94.8907318115234,252,27,9.67591857910156,-2.08026123046875
"Opuntia huajuapensis",-97.46686,17.49592,"Sierra Madre del Sur province","Opuntia","Mexico",21.5,13.4666662216187,5,91.1743621826172,251,25,8.14174556732178,-0.709442138671875
"Opuntia huajuapensis",-97.3211,17.545025,"Sierra Madre del Sur province","Opuntia","Mexico",21.5999984741211,13.8833332061768,3,93.2068481445312,221,19,9.38560199737549,-0.15960693359375
"Opuntia huajuapensis",-97.513694,17.551694,"Sierra Madre del Sur province","Opuntia","Mexico",21.2000007629395,13.033332824707,5,92.6082458496094,258,25,18.9247970581055,-0.457916259765625
"Opuntia huajuapensis",-97.503593,17.554424,"Sierra Madre del Sur province","Opuntia","Mexico",20.7000007629395,12.6000003814697,4,93.8563690185547,260,23,17.4105911254883,-1.88519287109375
"Opuntia huajuapensis",-97.424722,17.573056,"Sierra Madre del Sur province","Opuntia","Mexico",21.2999992370605,13.0833330154419,5,91.2345809936523,241,24,1.95094382762909,0.12530517578125
"Opuntia huajuapensis",-97.408778,17.588056,"Sierra Madre del Sur province","Opuntia","Mexico",19.3000011444092,11.7833337783813,6,93.8804244995117,265,27,21.6329860687256,1.10308837890625
"Opuntia huajuapensis",-97.285677,17.600798,"Sierra Madre del Sur province","Opuntia","Mexico",20.5999984741211,12.6666669845581,4,93.1194305419922,217,22,6.94430112838745,0.58489990234375
"Opuntia huajuapensis",-97.450611,17.616111,"Sierra Madre del Sur province","Opuntia","Mexico",21.2999992370605,13.1166667938232,5,92.0163955688477,245,25,14.1409196853638,-0.6309814453125
"Opuntia huajuapensis",-97.395227,17.639996,"Sierra Madre del Sur province","Opuntia","Mexico",21.7000007629395,13.3500003814697,4,90.7205352783203,227,22,5.26536273956299,-0.00933837890625
"Opuntia huajuapensis",-97.096218,17.649095,"Sierra Madre del Sur province","Opuntia","Mexico",20.5,14.1666669845581,3,96.8389663696289,173,24,17.8695812225342,4.9072265625
"Opuntia huajuapensis",-97.13602,17.65175,"Sierra Madre del Sur province","Opuntia","Mexico",21.3999996185303,14.216667175293,5,92.9204025268555,178,29,2.44589686393738,0.206436157226562
"Opuntia huajuapensis",-97.217503,17.69996,"Sierra Madre del Sur province","Opuntia","Mexico",18.8999996185303,11.0666666030884,5,91.7889862060547,220,30,23.677074432373,-0.4671630859375
"Opuntia huajuapensis",-97.3955,17.703417,"Sierra Madre del Sur province","Opuntia","Mexico",21.7999992370605,13.4499998092651,5,89.2104797363281,221,26,8.21796798706055,1.08370971679688
"Opuntia huajuapensis",-97.316268,17.708457,"Sierra Madre del Sur province","Opuntia","Mexico",22.4000015258789,14.2166662216187,2,93.4024124145508,200,17,9.01397132873535,-0.791107177734375
"Opuntia huajuapensis",-97.288485,17.70971,"Sierra Madre del Sur province","Opuntia","Mexico",21.6999988555908,13.2333335876465,2,95.3176879882812,193,14,4.75779056549072,-0.40478515625
"Opuntia huajuapensis",-97.15208,17.71642,"Sierra Madre del Sur province","Opuntia","Mexico",20.3999996185303,12.7333335876465,4,93.2760238647461,162,25,11.4679498672485,-0.57818603515625
"Opuntia huajuapensis",-97.320591,17.723003,"Sierra Madre del Sur province","Opuntia","Mexico",22.6000003814697,14.5999994277954,3,93.0090103149414,202,18,9.51746559143066,0.05419921875
"Opuntia huajuapensis",-97.334876,17.725217,"Sierra Madre del Sur province","Opuntia","Mexico",22.9000015258789,14.8833341598511,3,93.0599517822266,207,18,5.18839645385742,-1.85345458984375
"Opuntia huajuapensis",-97.480556,17.784722,"Sierra Madre del Sur province","Opuntia","Mexico",22,13.9499998092651,5,90.620246887207,237,25,6.99024486541748,1.33901977539062
"Opuntia huajuapensis",-97.758333,17.799083,"Balsas Basin province","Opuntia","Mexico",23.7000007629395,19.0166664123535,5,94.1528930664062,222,17,0.730488777160645,-1.214599609375
"Opuntia huajuapensis",-97.136667,17.799722,"Sierra Madre del Sur province","Opuntia","Mexico",24.1000022888184,17.9333343505859,10,90.5550765991211,245,57,6.08959007263184,-0.847274780273438
"Opuntia huajuapensis",-97.453468,17.804176,"Sierra Madre del Sur province","Opuntia","Mexico",22.5,14.1166667938232,5,90.1456909179688,227,24,6.79206323623657,0.36016845703125
"Opuntia huajuapensis",-97.470833,17.806667,"Sierra Madre del Sur province","Opuntia","Mexico",22.3999996185303,14.1166667938232,5,90.0805282592773,230,25,2.03299617767334,0.2940673828125
"Opuntia huajuapensis",-97.34045,17.822454,"Sierra Madre del Sur province","Opuntia","Mexico",22.9000015258789,14.3833332061768,5,89.3339767456055,200,25,7.76918983459473,1.31085205078125
"Opuntia huajuapensis",-97.486389,17.8375,"Sierra Madre del Sur province","Opuntia","Mexico",22,14,6,88.2769470214844,234,30,8.37730121612549,0.560089111328125
"Opuntia huajuapensis",-97.2275,17.842222,"Sierra Madre del Sur province","Opuntia","Mexico",21.6000003814697,13.7333335876465,5,92.1755905151367,182,25,13.2286434173584,1.828125
"Opuntia huajuapensis",-97.510323,17.846705,"Sierra Madre del Sur province","Opuntia","Mexico",20.1000003814697,12.3000001907349,7,90.4735565185547,251,33,3.83327436447144,0.111236572265625
"Opuntia huajuapensis",-97.21844,17.84986,"Sierra Madre del Sur province","Opuntia","Mexico",22.4000015258789,15,4,94.2749938964844,168,25,26.0552062988281,-0.462356567382812
"Opuntia huajuapensis",-97.359028,17.855667,"Sierra Madre del Sur province","Opuntia","Mexico",22.8999996185303,14.0999994277954,4,93.3266448974609,208,20,12.0680713653564,0.800048828125
"Opuntia huajuapensis",-97.323699,17.855794,"Sierra Madre del Sur province","Opuntia","Mexico",23.2999992370605,14.9499998092651,5,89.6113052368164,183,21,5.66875076293945,-0.27374267578125
"Opuntia huajuapensis",-97.391682,17.869657,"Sierra Madre del Sur province","Opuntia","Mexico",23.8999996185303,14.8166666030884,4,92.8187255859375,200,16,3.26294755935669,0.132080078125
"Opuntia huajuapensis",-97.954256,17.870914,"Balsas Basin province","Opuntia","Mexico",22.0000019073486,19.1166667938232,5,96.921501159668,240,23,5.64797258377075,1.41828918457031
"Opuntia huajuapensis",-97.313712,17.878888,"Sierra Madre del Sur province","Opuntia","Mexico",21.3999996185303,13.4166660308838,5,91.5913696289062,207,25,22.0688896179199,0.848785400390625
"Opuntia huajuapensis",-97.429912,17.905079,"Sierra Madre del Sur province","Opuntia","Mexico",22.3999996185303,14.1166667938232,6,90.6854248046875,228,26,0.756638288497925,0.43731689453125
"Opuntia huajuapensis",-97.437326,17.919263,"Sierra Madre del Sur province","Opuntia","Mexico",22.0999984741211,14.1499996185303,6,90.3636245727539,229,26,14.5076532363892,2.0699462890625
"Opuntia huajuapensis",-97.392618,17.931572,"Sierra Madre del Sur province","Opuntia","Mexico",23.1000003814697,14.5,5,92.2798843383789,221,22,1.51035571098328,0.5970458984375
"Opuntia huajuapensis",-97.418243,17.971377,"Sierra Madre del Sur province","Opuntia","Mexico",22.2000007629395,14.5,5,93.3736038208008,230,22,12.1692953109741,-0.54888916015625
"Opuntia karwinskiana",-96.217799,15.700451,"Pacific Lowlands province","Opuntia","Mexico",13.3999996185303,25.5833339691162,4,106.627067565918,359,15,2.23976850509644,-0.653800547122955
"Opuntia karwinskiana",-96.568795,15.704558,"Pacific Lowlands province","Opuntia","Mexico",15.7999992370605,24.5499992370605,5,105.232856750488,401,17,4.1855616569519,-1.65593862533569
"Opuntia karwinskiana",-96.196442,15.70953,"Pacific Lowlands province","Opuntia","Mexico",13.5,25.6833324432373,4,106.814552307129,364,15,6.5969820022583,-2.00523662567139
"Opuntia karwinskiana",-96.202897,15.712537,"Pacific Lowlands province","Opuntia","Mexico",13.6000003814697,25.6499996185303,5,106.682647705078,356,16,3.31720638275146,-0.574628412723541
"Opuntia karwinskiana",-96.167214,15.722938,"Pacific Lowlands province","Opuntia","Mexico",13.4000015258789,25.6499996185303,4,106.895240783691,370,15,28.3387966156006,1.57354116439819
"Opuntia karwinskiana",-96.164689,15.723656,"Pacific Lowlands province","Opuntia","Mexico",13.5,25.6833324432373,4,107.611480712891,359,14,6.24465990066528,0.965933382511139
"Opuntia karwinskiana",-96.164413,15.725561,"Pacific Lowlands province","Opuntia","Mexico",13.5,25.6666660308838,4,107.214950561523,362,14,1.24108159542084,-0.419462203979492
"Opuntia karwinskiana",-96.24536,15.72653,"Pacific Lowlands province","Opuntia","Mexico",13.7999992370605,25.6499996185303,5,105.510917663574,354,17,11.24365234375,-2.15285921096802
"Opuntia karwinskiana",-96.15715,15.72679,"Pacific Lowlands province","Opuntia","Mexico",13.4000015258789,25.6333332061768,4,107.498657226562,370,14,24.9330806732178,4.23521995544434
"Opuntia karwinskiana",-96.158778,15.733424,"Pacific Lowlands province","Opuntia","Mexico",13.4000015258789,25.6333332061768,4,106.962257385254,373,15,8.69880199432373,-2.57088255882263
"Opuntia karwinskiana",-96.202156,15.737501,"Pacific Lowlands province","Opuntia","Mexico",13.5,25.6833324432373,5,105.277610778809,375,18,6.18607902526855,-2.2249813079834
"Opuntia karwinskiana",-96.145974,15.738139,"Pacific Lowlands province","Opuntia","Mexico",13.4000015258789,25.6000003814697,4,107.568130493164,369,14,1.20068562030792,0.757481098175049
"Opuntia karwinskiana",-96.149514,15.743374,"Pacific Lowlands province","Opuntia","Mexico",13.2999992370605,25.6000003814697,4,107.045303344727,378,15,8.16416931152344,-0.744427680969238
"Opuntia karwinskiana",-96.127367,15.743627,"Pacific Lowlands province","Opuntia","Mexico",13.3999996185303,25.75,4,107.567756652832,370,15,10.0423307418823,-1.899045586586
"Opuntia karwinskiana",-96.17038,15.747602,"Pacific Lowlands province","Opuntia","Mexico",13.5,25.6666660308838,4,106.602127075195,371,15,3.43342709541321,0.510811567306519
"Opuntia karwinskiana",-96.139059,15.750487,"Pacific Lowlands province","Opuntia","Mexico",13.3999996185303,25.75,4,106.796241760254,372,16,18.6903533935547,-3.32064747810364
"Opuntia karwinskiana",-96.17073,15.75068,"Pacific Lowlands province","Opuntia","Mexico",13.5999984741211,25.716667175293,4,106.270751953125,372,15,2.28827452659607,0.209603071212769
"Opuntia karwinskiana",-96.148041,15.754222,"Pacific Lowlands province","Opuntia","Mexico",13.3000011444092,25.7000007629395,4,106.516403198242,381,16,1.59923458099365,0.965130805969238
"Opuntia karwinskiana",-96.150065,15.754837,"Pacific Lowlands province","Opuntia","Mexico",13.3999996185303,25.6833324432373,4,106.541473388672,380,16,5.95019483566284,-2.12311887741089
"Opuntia karwinskiana",-96.16624,15.755948,"Pacific Lowlands province","Opuntia","Mexico",13.5,25.6833324432373,4,106.601623535156,374,15,4.94188070297241,-0.260256290435791
"Opuntia karwinskiana",-96.179947,15.760185,"Pacific Lowlands province","Opuntia","Mexico",13.6999988555908,25.6833324432373,4,105.714080810547,378,17,8.22827625274658,-0.0558419227600098
"Opuntia karwinskiana",-96.191267,15.760284,"Pacific Lowlands province","Opuntia","Mexico",13.6999988555908,25.6833324432373,4,105.540809631348,382,17,1.70536780357361,-0.991156578063965
"Opuntia karwinskiana",-96.202799,15.760989,"Pacific Lowlands province","Opuntia","Mexico",13.6999988555908,25.7000007629395,5,105.19181060791,383,18,1.45105826854706,-0.515863418579102
"Opuntia karwinskiana",-96.170712,15.766205,"Pacific Lowlands province","Opuntia","Mexico",13.5999984741211,25.7333335876465,4,105.938705444336,375,16,3.62427258491516,-5.27211284637451
"Opuntia karwinskiana",-96.133901,15.767041,"Pacific Lowlands province","Opuntia","Mexico",13.6999988555908,25.8666667938232,4,105.176910400391,371,17,9.65156173706055,2.09463787078857
"Opuntia karwinskiana",-96.100258,15.768452,"Pacific Lowlands province","Opuntia","Mexico",13.5,25.9833335876465,4,107.739135742188,377,15,17.8359775543213,-2.78494834899902
"Opuntia karwinskiana",-96.199409,15.768539,"Pacific Lowlands province","Opuntia","Mexico",13.6999988555908,25.7000007629395,5,105.717002868652,387,17,3.74813628196716,-0.498733520507812
"Opuntia karwinskiana",-96.125052,15.768739,"Pacific Lowlands province","Opuntia","Mexico",13.6999988555908,25.8833332061768,4,105.833557128906,371,17,7.09640073776245,-3.39420604705811
"Opuntia karwinskiana",-96.124993,15.770354,"Pacific Lowlands province","Opuntia","Mexico",13.5999984741211,25.9500007629395,4,107.129440307617,371,15,8.75842189788818,-2.96406698226929
"Opuntia karwinskiana",-96.200967,15.771625,"Pacific Lowlands province","Opuntia","Mexico",13.6999988555908,25.7000007629395,5,105.568016052246,388,17,4.72534227371216,0.652828216552734
"Opuntia karwinskiana",-96.237457,15.773922,"Pacific Lowlands province","Opuntia","Mexico",14,25.716667175293,5,104.875999450684,376,20,6.11490869522095,0.973479270935059
"Opuntia karwinskiana",-96.200966,15.775105,"Pacific Lowlands province","Opuntia","Mexico",13.9000015258789,25.7000007629395,5,105.324584960938,390,18,5.23531723022461,0.701931953430176
"Opuntia karwinskiana",-96.225815,15.776644,"Pacific Lowlands province","Opuntia","Mexico",14,25.716667175293,5,105.027938842773,385,18,11.6316862106323,-0.79917049407959
"Opuntia karwinskiana",-96.175522,15.776931,"Pacific Lowlands province","Opuntia","Mexico",13.8000011444092,25.75,4,105.661422729492,386,17,10.0183801651001,1.2362756729126
"Opuntia karwinskiana",-96.20907,15.77754,"Pacific Lowlands province","Opuntia","Mexico",13.9000015258789,25.716667175293,5,104.964866638184,387,18,4.39907264709473,-0.482695579528809
"Opuntia karwinskiana",-96.107669,15.778047,"Pacific Lowlands province","Opuntia","Mexico",13.5999984741211,25.9833335876465,3,107.737205505371,372,14,3.37777924537659,-1.06775665283203
"Opuntia karwinskiana",-96.174652,15.778559,"Pacific Lowlands province","Opuntia","Mexico",13.7000007629395,25.7666664123535,4,105.679016113281,387,18,6.71039819717407,-0.131333351135254
"Opuntia karwinskiana",-96.127154,15.778668,"Pacific Lowlands province","Opuntia","Mexico",13.5999984741211,25.9500007629395,4,106.702934265137,380,16,7.60684061050415,-2.17810726165771
"Opuntia karwinskiana",-96.198381,15.778715,"Pacific Lowlands province","Opuntia","Mexico",13.6999988555908,25.716667175293,4,105.755226135254,393,16,1.78215670585632,1.01378536224365
"Opuntia karwinskiana",-96.202679,15.783632,"Pacific Lowlands province","Opuntia","Mexico",13.9000015258789,25.716667175293,5,105.028511047363,393,18,2.33911085128784,-0.288700103759766
"Opuntia karwinskiana",-96.219177,15.786327,"Pacific Lowlands province","Opuntia","Mexico",14,25.716667175293,5,104.833282470703,394,18,7.23906755447388,-0.908448219299316
"Opuntia karwinskiana",-96.373726,15.792265,"Pacific Lowlands province","Opuntia","Mexico",15.4000015258789,25.1833324432373,6,103.569213867188,363,21,1.50980472564697,-0.105096817016602
"Opuntia karwinskiana",-95.956389,15.846944,"Pacific Lowlands province","Opuntia","Mexico",13.8999996185303,25.9166660308838,3,108.900993347168,363,13,15.7157020568848,3.52020478248596
"Opuntia karwinskiana",-95.96144,15.865932,"Pacific Lowlands province","Opuntia","Mexico",13.8999996185303,25.9333343505859,3,109.241096496582,360,13,18.3740901947021,-1.67126226425171
"Opuntia karwinskiana",-96.414902,15.933122,"Sierra Madre del Sur province","Opuntia","Mexico",12,20.966667175293,18,91.6413497924805,686,77,20.0791893005371,2.00787353515625
"Opuntia karwinskiana",-95.58119,15.96503,"Pacific Lowlands province","Opuntia","Mexico",14.4000015258789,26.5166664123535,1,114.948539733887,297,6,7.22627115249634,-1.79498445987701
"Opuntia karwinskiana",-95.52817,15.96817,"Pacific Lowlands province","Opuntia","Mexico",14.7000007629395,26.533332824707,1,114.957672119141,291,5,3.7653181552887,-1.58596563339233
"Opuntia karwinskiana",-95.725,15.99969,"Pacific Lowlands province","Opuntia","Mexico",14.8000011444092,26.216667175293,2,109.650054931641,299,11,13.3103246688843,-2.76416015625
"Opuntia karwinskiana",-95.69725,16.05161,"Pacific Lowlands province","Opuntia","Mexico",15.3999996185303,25.8166675567627,1,110.836204528809,279,7,20.1795635223389,-0.869716644287109
"Opuntia karwinskiana",-98.217,16.346,"Pacific Lowlands province","Opuntia","Mexico",17.1999988555908,25.6666660308838,2,111.800453186035,308,19,5.07867097854614,-0.137199401855469
"Opuntia karwinskiana",-96.6729,16.41636,"Balsas Basin province","Opuntia","Mexico",20,20.3333339691162,1,97.8544387817383,248,7,16.2309818267822,0.448638916015625
"Opuntia karwinskiana",-95.01254,16.537954,"Pacific Lowlands province","Opuntia","Mexico",15.3999977111816,24.9166660308838,2,113.920684814453,287,10,1.81920790672302,0.268573522567749
"Opuntia karwinskiana",-94.99778,16.67694,"Pacific Lowlands province","Opuntia","Mexico",15.5,23.1333332061768,7,104.534965515137,274,30,7.30262804031372,-1.64252090454102
"Opuntia karwinskiana",-96.230744,16.677694,"Sierra Madre del Sur province","Opuntia","Mexico",19.2999992370605,21.4333324432373,3,99.4943161010742,262,14,15.5581903457642,-2.84831237792969
"Opuntia karwinskiana",-94.744463,16.714806,"Pacific Lowlands province","Opuntia","Mexico",16.2999992370605,23.1166667938232,21,77.7410354614258,318,151,21.8491458892822,6.36190795898438
"Opuntia karwinskiana",-96.516172,17.062567,"Sierra Madre del Sur province","Opuntia","Mexico",19,16.3333339691162,4,87.2909164428711,274,34,17.7928066253662,0.614883422851562
"Opuntia karwinskiana",-96.890539,17.796217,"Sierra Madre del Sur province","Opuntia","Mexico",18.2000007629395,14.0833330154419,8,95.5306701660156,214,59,25.4949283599854,3.71807861328125
"Opuntia lasiacantha",-95.170028,16.566778,"Pacific Lowlands province","Opuntia","Mexico",15.9000015258789,25.0666656494141,1,116.69213104248,207,6,3.82635760307312,-0.227697372436523
"Opuntia lasiacantha",-94.742055,16.714778,"Pacific Lowlands province","Opuntia","Mexico",16.2999992370605,23.1166667938232,21,77.7410354614258,318,151,21.9498138427734,5.20523452758789
"Opuntia lasiacantha",-96.277185,16.86525,"Sierra Madre del Sur province","Opuntia","Mexico",19.7000007629395,18.75,3,94.1548461914062,276,22,23.4696063995361,5.59324645996094
"Opuntia lasiacantha",-96.768794,17.046294,"Balsas Basin province","Opuntia","Mexico",21.2000007629395,18.6166667938232,3,92.0785827636719,257,23,4.90904951095581,1.1990966796875
"Opuntia lasiacantha",-96.73616,17.081188,"Balsas Basin province","Opuntia","Mexico",22.2000007629395,19.5,3,91.8260269165039,246,20,30.325532913208,2.32550048828125
"Opuntia lasiacantha",-96.465176,17.083312,"Sierra Madre del Sur province","Opuntia","Mexico",15,11.5500001907349,7,86.7402114868164,306,48,6.22414112091064,2.51385498046875
"Opuntia lasiacantha",-97.558333,17.341667,"Sierra Madre del Sur province","Opuntia","Mexico",20,15.3333339691162,4,94.1590118408203,261,14,2.46129083633423,-0.04296875
"Opuntia lasiacantha",-96.5659,17.43247,"Balsas Basin province","Opuntia","Mexico",21.3999996185303,17.1166667938232,23,83.4870452880859,380,135,6.99673080444336,-1.56925964355469
"Opuntia lasiacantha",-97.401695,17.491823,"Sierra Madre del Sur province","Opuntia","Mexico",18.6999988555908,11.6666669845581,5,94.5974960327148,263,26,18.9190216064453,-4.73153686523438
"Opuntia lasiacantha",-97.46664,17.49403,"Sierra Madre del Sur province","Opuntia","Mexico",21.5,13.4499998092651,5,90.9796676635742,250,26,5.18165063858032,0.596923828125
"Opuntia lasiacantha",-97.26038,17.51128,"Sierra Madre del Sur province","Opuntia","Mexico",22.2000007629395,14.783332824707,3,91.7951889038086,218,19,21.1106052398682,-0.23858642578125
"Opuntia lasiacantha",-97.38194,17.59639,"Sierra Madre del Sur province","Opuntia","Mexico",20.1000003814697,12.3666667938232,6,92.4386901855469,244,28,16.2017993927002,5.85537719726562
"Opuntia lasiacantha",-97.341468,17.640222,"Sierra Madre del Sur province","Opuntia","Mexico",21.4000015258789,13.3833332061768,3,92.7461776733398,210,19,5.96481513977051,2.0316162109375
"Opuntia lasiacantha",-97.120624,17.644461,"Sierra Madre del Sur province","Opuntia","Mexico",21.0999984741211,14.3500003814697,4,93.9349670410156,180,29,30.0252094268799,5.08245849609375
"Opuntia lasiacantha",-97.126942,17.654544,"Sierra Madre del Sur province","Opuntia","Mexico",23.1000003814697,16.0833339691162,7,90.6792907714844,216,45,7.85468244552612,0.849227905273438
"Opuntia lasiacantha",-97.257383,17.671089,"Sierra Madre del Sur province","Opuntia","Mexico",19,11.1166667938232,6,92.4478759765625,241,31,7.2446460723877,0.6434326171875
"Opuntia lasiacantha",-97.279472,17.719215,"Sierra Madre del Sur province","Opuntia","Mexico",21.8999996185303,13.5666666030884,2,94.0551376342773,188,16,0.305223733186722,-0.1314697265625
"Opuntia lasiacantha",-97.517,17.733,"Sierra Madre del Sur province","Opuntia","Mexico",22.8999996185303,15,4,90.1150741577148,234,16,10.3242292404175,-0.45977783203125
"Opuntia lasiacantha",-97.487778,17.836306,"Sierra Madre del Sur province","Opuntia","Mexico",22,14,6,88.2769470214844,234,30,1.84259760379791,-0.235443115234375
"Opuntia lasiacantha",-96.86774,17.836939,"Sierra Madre del Sur province","Opuntia","Mexico",18.5,13.6333332061768,8,95.8031234741211,221,64,20.8060550689697,-3.7391357421875
"Opuntia lasiacantha",-97.162972,17.850333,"Sierra Madre del Sur province","Opuntia","Mexico",21,14.5833339691162,5,93.8053970336914,178,34,6.93438720703125,0.5777587890625
"Opuntia lasiacantha",-97.495277,17.850381,"Sierra Madre del Sur province","Opuntia","Mexico",21.2999992370605,13.4500007629395,6,88.6686630249023,238,31,7.84456062316895,0.02996826171875
"Opuntia lasiacantha",-97.167198,17.878359,"Sierra Madre del Sur province","Opuntia","Mexico",21.2999992370605,14.9166669845581,4,93.7366409301758,180,37,39.3001174926758,1.46954345703125
"Opuntia lasiacantha",-98.036027,17.942021,"Balsas Basin province","Opuntia","Mexico",22.5,20.8166675567627,5,97.7298889160156,204,21,12.7819042205811,-1.20848083496094
"Opuntia pilifera",-96.567453,16.384344,"Balsas Basin province","Opuntia","Mexico",20.3000011444092,20.4833335876465,1,99.4418563842773,208,5,11.9593868255615,0.184249877929688
"Opuntia pilifera",-96.310666,16.560524,"Pacific Lowlands province","Opuntia","Mexico",19.2000007629395,21.1000003814697,2,98.7261962890625,233,11,28.0191535949707,-2.96713256835938
"Opuntia pilifera",-96.338611,16.596667,"Sierra Madre del Sur province","Opuntia","Mexico",20.2000007629395,21.783332824707,2,100.607360839844,266,10,25.3709163665771,2.44970703125
"Opuntia pilifera",-95.88867,16.63572,"Pacific Lowlands province","Opuntia","Mexico",19.6999988555908,21.8166675567627,3,100.084396362305,247,17,23.5917167663574,-1.27513885498047
"Opuntia pilifera",-96.504407,16.906785,"Balsas Basin province","Opuntia","Mexico",20.2000007629395,17.2000007629395,1,91.4825210571289,265,21,4.30842638015747,4.56724548339844
"Opuntia pilifera",-96.300954,16.914536,"Sierra Madre del Sur province","Opuntia","Mexico",18.3999996185303,16.9333343505859,2,93.8258590698242,255,25,13.3920564651489,-7.33901977539062
"Opuntia pilifera",-96.338056,16.923333,"Balsas Basin province","Opuntia","Mexico",20.2000007629395,18.1666660308838,3,93.573371887207,277,21,2.45728158950806,-0.0111541748046875
"Opuntia pilifera",-96.4176205,16.9270626,"Balsas Basin province","Opuntia","Mexico",21.7999992370605,19.2000007629395,3,90.3833618164062,275,22,0.257954448461533,-0.114089965820312
"Opuntia pilifera",-96.4293738,16.9336373,"Balsas Basin province","Opuntia","Mexico",21.7999992370605,19.1833324432373,3,89.8646621704102,275,24,0.56157660484314,-0.183990478515625
"Opuntia pilifera",-96.446135,16.948431,"Balsas Basin province","Opuntia","Mexico",22.1000003814697,19.2000007629395,3,90.0235824584961,274,23,3.50707340240479,0.289138793945312
"Opuntia pilifera",-96.448564,16.957219,"Balsas Basin province","Opuntia","Mexico",22.1000003814697,19.25,3,89.6923904418945,277,24,15.7128925323486,-0.505462646484375
"Opuntia pilifera",-96.450455,16.958143,"Balsas Basin province","Opuntia","Mexico",22.2999992370605,19.3166656494141,3,89.6775436401367,274,24,7.1451849937439,1.06715393066406
"Opuntia pilifera",-96.449668,16.958433,"Balsas Basin province","Opuntia","Mexico",21.8999996185303,19.0833339691162,2,92.0601196289062,277,20,7.32317304611206,0.080780029296875
"Opuntia pilifera",-96.450203,16.959003,"Balsas Basin province","Opuntia","Mexico",21.8999996185303,19.1166667938232,2,91.5393524169922,276,21,7.53138971328735,1.70486450195312
"Opuntia pilifera",-96.199528,16.960639,"Pacific Lowlands province","Opuntia","Mexico",18.6999988555908,18.25,8,91.8161163330078,328,46,13.1231632232666,3.51361083984375
"Opuntia pilifera",-96.548611,17.009722,"Balsas Basin province","Opuntia","Mexico",22.2000007629395,18.9833335876465,2,93.2601852416992,262,17,2.7190420627594,-0.216842651367188
"Opuntia pilifera",-96.50985,17.013589,"Balsas Basin province","Opuntia","Mexico",22.0999984741211,18.9500007629395,2,92.4324798583984,269,19,2.18396067619324,0.247390747070312
"Opuntia pilifera",-96.515554,17.04218,"Balsas Basin province","Opuntia","Mexico",20.1000003814697,17.3833332061768,4,87.7592086791992,274,29,9.02085590362549,1.10516357421875
"Opuntia pilifera",-96.866571,17.264514,"Sierra Madre del Sur province","Opuntia","Mexico",22.5999984741211,19,4,93.5524368286133,256,18,9.04055023193359,-0.874404907226562
"Opuntia pilifera",-96.574013,17.395069,"Balsas Basin province","Opuntia","Mexico",22.5,18.033332824707,13,84.3397750854492,293,71,18.7650165557861,9.49790954589844
"Opuntia pilifera",-97.027639,17.429806,"Sierra Madre del Sur province","Opuntia","Mexico",21.6999988555908,17.8333339691162,5,93.6300048828125,249,30,1.53660070896149,3.08567810058594
"Opuntia pilifera",-96.932725,17.455211,"Sierra Madre del Sur province","Opuntia","Mexico",17.7000007629395,13.2833337783813,5,95.113151550293,236,28,28.5907974243164,-1.914306640625
"Opuntia pilifera",-96.995007,17.624722,"Sierra Madre del Sur province","Opuntia","Mexico",21.5999984741211,17.9833335876465,12,89.1866683959961,271,41,26.2385749816895,0.46588134765625
"Opuntia pilifera",-96.912742,17.635672,"Balsas Basin province","Opuntia","Mexico",23.0000019073486,21.7999992370605,7,93.596076965332,197,24,4.8093466758728,1.69504547119141
"Opuntia pilifera",-96.927778,17.668667,"Balsas Basin province","Opuntia","Mexico",22.8000011444092,22.033332824707,4,97.8246154785156,159,14,3.75024223327637,-1.23249816894531
"Opuntia pilifera",-96.92181,17.717,"Balsas Basin province","Opuntia","Mexico",23.1000022888184,21.5500011444092,6,93.7846069335938,173,24,1.67618322372437,8.30498504638672
"Opuntia pilifera",-97.670861,17.724,"Sierra Madre del Sur province","Opuntia","Mexico",22.4000015258789,17.4500007629395,4,92.314453125,238,13,14.1422920227051,0.294189453125
"Opuntia pilifera",-97.231278,17.732833,"Sierra Madre del Sur province","Opuntia","Mexico",19.2000007629395,11.1999998092651,5,93.722038269043,224,27,24.1590461730957,-1.7467041015625
"Opuntia pilifera",-96.968917,17.784639,"Balsas Basin province","Opuntia","Mexico",23.3999977111816,22.1833343505859,5,98.5770721435547,158,17,4.44002342224121,-1.15977478027344
"Opuntia pilifera",-97.256694,17.791861,"Sierra Madre del Sur province","Opuntia","Mexico",22.2000007629395,14.033332824707,4,91.9602966308594,181,24,10.8291254043579,-1.8538818359375
"Opuntia pilifera",-96.9629,17.7953,"Balsas Basin province","Opuntia","Mexico",23.4000015258789,21.9833335876465,5,98.4327011108398,163,18,0.897424638271332,1.10295104980469
"Opuntia pilifera",-97.039917,17.796417,"Balsas Basin province","Opuntia","Mexico",22.3999977111816,20.25,14,91.603630065918,289,47,10.3838520050049,-0.506057739257812
"Opuntia pilifera",-96.998472,17.815611,"Balsas Basin province","Opuntia","Mexico",23.7000007629395,22.5,4,100.774879455566,150,15,10.8096046447754,-0.180038452148438
"Opuntia pilifera",-97.322412,17.856693,"Sierra Madre del Sur province","Opuntia","Mexico",23.2999992370605,14.9499998092651,5,89.6113052368164,183,21,11.7834892272949,0.431365966796875
"Opuntia pilifera",-97.00788,17.87933,"Balsas Basin province","Opuntia","Mexico",24,22.5833339691162,5,100.145370483398,164,18,2.96085691452026,-1.25464630126953
"Opuntia pilifera",-96.97331,17.89072,"Balsas Basin province","Opuntia","Mexico",23.7999992370605,21.9166660308838,7,96.0062713623047,198,27,10.0860061645508,-4.53418731689453
"Opuntia pilifera",-97.001166,17.895629,"Balsas Basin province","Opuntia","Mexico",24.0000019073486,22.6666660308838,5,98.8285980224609,164,18,17.1732559204102,-2.53577423095703
"Opuntia pilifera",-96.967128,17.897884,"Balsas Basin province","Opuntia","Mexico",23.7999992370605,21.8833332061768,7,96.7850570678711,194,26,8.26306056976318,-5.88227081298828
"Opuntia pilifera",-96.970278,17.900556,"Balsas Basin province","Opuntia","Mexico",23.7999992370605,21.8833332061768,7,96.5708618164062,198,27,22.7337455749512,-1.91868591308594
"Opuntia pilifera",-96.982322,17.911513,"Balsas Basin province","Opuntia","Mexico",23.8999996185303,22.1166667938232,7,96.5148239135742,192,25,9.8477954864502,0.740013122558594
"Opuntia pilifera",-97.33864,18.01936,"Sierra Madre del Sur province","Opuntia","Mexico",20.9000015258789,13.6166667938232,4,94.1501541137695,216,22,28.5440368652344,-3.85577392578125
"Opuntia pilifera",-97.338611,18.027778,"Sierra Madre del Sur province","Opuntia","Mexico",20.7000007629395,13.5166664123535,4,93.3406677246094,217,25,24.7345275878906,2.31405639648438
"Opuntia pilifera",-97.0612,18.03301,"Balsas Basin province","Opuntia","Mexico",24.8999996185303,22,9,93.0158462524414,229,35,5.37037086486816,2.13121032714844
"Opuntia pilifera",-97.11633,18.04686,"Balsas Basin province","Opuntia","Mexico",24.6999988555908,22.0833320617676,7,96.6302337646484,199,23,5.81806039810181,0.0552902221679688
"Opuntia pilifera",-97.176757,18.083277,"Balsas Basin province","Opuntia","Mexico",25.6999988555908,21.216667175293,5,95.947265625,156,16,17.4062099456787,-0.207832336425781
"Opuntia pilifera",-97.06494,18.10365,"Balsas Basin province","Opuntia","Mexico",26.3000011444092,21.033332824707,13,87.9769439697266,249,50,5.11871194839478,0.036224365234375
"Opuntia pilifera",-97.64141,18.231846,"Balsas Basin province","Opuntia","Mexico",21.2999992370605,16.5666656494141,4,96.1074829101562,213,14,4.67841339111328,0.763015747070312
"Opuntia pubescens",-96.194023,15.76967,"Pacific Lowlands province","Opuntia","No",13.6999988555908,25.7000007629395,5,105.717002868652,387,17,4.98719549179077,0.368321418762207
"Opuntia pubescens",-96.000238,16.000833,"Pacific Lowlands province","Opuntia","No",15.1000022888184,24.5666656494141,2,106.40119934082,345,12,4.66129493713379,-2.52899169921875
"Opuntia pubescens",-96.5523,16.25189,"Sierra Madre del Sur province","Opuntia","No",17.4000015258789,17.8500003814697,8,89.2975082397461,265,36,6.95654535293579,0.436126708984375
"Opuntia pubescens",-96.627624,16.290209,"Sierra Madre del Sur province","Opuntia","No",18,17.8166656494141,7,88.2101364135742,261,36,12.5396919250488,-0.154205322265625
"Opuntia pubescens",-96.645056,16.290273,"Sierra Madre del Sur province","Opuntia","No",17.6999988555908,17.283332824707,9,87.9811553955078,279,43,2.16101026535034,2.14311218261719
"Opuntia pubescens",-96.63984,16.292453,"Sierra Madre del Sur province","Opuntia","No",18,17.7666664123535,8,88.7908096313477,265,36,27.5070781707764,1.52871704101562
"Opuntia pubescens",-96.30083,16.30028,"Pacific Lowlands province","Opuntia","No",17.3999996185303,18.0166664123535,6,94.1677856445312,246,29,29.3918075561523,0.331130981445312
"Opuntia pubescens",-96.28556,16.30056,"Sierra Madre del Sur province","Opuntia","No",16.8999996185303,17.3333339691162,6,93.5775833129883,288,34,26.0463943481445,2.59982299804688
"Opuntia pubescens",-96.649574,16.300953,"Sierra Madre del Sur province","Opuntia","No",18.2999992370605,17.8500003814697,7,89.2866134643555,265,34,6.83508777618408,-4.21833801269531
"Opuntia pubescens",-96.631363,16.30252,"Sierra Madre del Sur province","Opuntia","No",18.2000007629395,18.0499992370605,7,89.4585342407227,263,35,7.95996189117432,3.60243225097656
"Opuntia pubescens",-96.63829,16.319902,"Sierra Madre del Sur province","Opuntia","No",19.0999984741211,18.716667175293,5,90.4298477172852,241,23,7.96397352218628,-0.124603271484375
"Opuntia pubescens",-95.82611,16.32694,"Sierra Madre del Sur province","Opuntia","No",17.2999992370605,22.466667175293,1,102.898818969727,240,9,20.1735610961914,-3.11323547363281
"Opuntia pubescens",-95.834167,16.436111,"Pacific Lowlands province","Opuntia","No",19.5,23.3166656494141,1,101.627426147461,203,8,19.2637310028076,6.98180389404297
"Opuntia pubescens",-95.8833,16.44806,"Pacific Lowlands province","Opuntia","No",19.5,22.75,1,102.487251281738,202,7,8.13924884796143,2.24233245849609
"Opuntia pubescens",-96.04453,16.50478,"Pacific Lowlands province","Opuntia","No",20.1000022888184,22.4166660308838,1,104.1875,202,6,3.49334478378296,0.067047119140625
"Opuntia pubescens",-95.6581,16.50813,"Sierra Madre del Sur province","Opuntia","No",17.0999984741211,21.8500003814697,1,100.149566650391,216,12,6.28506660461426,-0.275558471679688
"Opuntia pubescens",-96.794074,16.597246,"Balsas Basin province","Opuntia","No",22.4000015258789,20.5666675567627,4,92.0245971679688,321,24,4.14998626708984,-0.201690673828125
"Opuntia pubescens",-96.328462,16.597709,"Sierra Madre del Sur province","Opuntia","No",20.2000007629395,21.8500003814697,2,100.685760498047,266,10,6.51674795150757,2.4549560546875
"Opuntia pubescens",-95.9325,16.625278,"Pacific Lowlands province","Opuntia","No",21.4999980926514,22.8833332061768,1,98.3602066040039,201,8,7.05444717407227,0.566970825195312
"Opuntia pubescens",-96.391701,16.64583,"Sierra Madre del Sur province","Opuntia","No",17.1000003814697,18.033332824707,2,96.3327255249023,212,15,28.4043159484863,2.80690002441406
"Opuntia pubescens",-96.170295,16.686108,"Pacific Lowlands province","Opuntia","No",20.7999992370605,22.4500007629395,4,98.5421524047852,253,16,18.7909355163574,1.92555999755859
"Opuntia pubescens",-96.041667,16.791667,"Pacific Lowlands province","Opuntia","No",17.2000007629395,17.783332824707,6,95.8740921020508,276,32,37.6437911987305,-1.20965576171875
"Opuntia pubescens",-96.632562,16.803453,"Balsas Basin province","Opuntia","No",21.5999984741211,19.4833335876465,3,91.4822845458984,280,21,9.2799654006958,-0.365859985351562
"Opuntia pubescens",-96.417278,16.805944,"Balsas Basin province","Opuntia","No",20.9000015258789,18.8333339691162,2,93.5339889526367,252,17,5.1539249420166,-0.290740966796875
"Opuntia pubescens",-97.048611,16.810833,"Sierra Madre del Sur province","Opuntia","No",17.8999996185303,15.4833335876465,5,93.2434997558594,302,44,30.6180553436279,4.23442077636719
"Opuntia pubescens",-96.39036,16.93472,"Sierra Madre del Sur province","Opuntia","No",20.7000007629395,18.6999988555908,2,91.5313949584961,277,23,3.57342767715454,-0.290603637695312
"Opuntia pubescens",-96.40136,16.94714,"Sierra Madre del Sur province","Opuntia","No",20.5,18.5666675567627,3,90.1996841430664,272,27,8.59073829650879,0.66888427734375
"Opuntia pubescens",-96.69611,16.99814,"Balsas Basin province","Opuntia","No",21.2999992370605,18.466667175293,2,92.7066040039062,258,19,3.59493327140808,2.08676147460938
"Opuntia pubescens",-96.676,17.033,"Balsas Basin province","Opuntia","No",20.8999996185303,18.4833335876465,2,92.7427139282227,258,20,14.5946969985962,-1.39089965820312
"Opuntia pubescens",-96.88568,17.045161,"Sierra Madre del Sur province","Opuntia","No",19.9000015258789,17.1833324432373,3,92.4153594970703,260,27,21.6592140197754,4.07476806640625
"Opuntia pubescens",-96.842852,17.046178,"Sierra Madre del Sur province","Opuntia","No",22.5,18.8166656494141,2,92.253776550293,262,14,3.84449553489685,3.59016418457031
"Opuntia pubescens",-96.730195,17.073558,"Balsas Basin province","Opuntia","No",22.1999988555908,19.6166667938232,3,92.7350540161133,245,18,22.1708011627197,1.56694030761719
"Opuntia pubescens",-96.734787,17.080286,"Balsas Basin province","Opuntia","No",22.2000007629395,19.5,3,91.8260269165039,246,20,27.1221179962158,3.07034301757812
"Opuntia pubescens",-96.735011,17.083334,"Balsas Basin province","Opuntia","No",22.0999984741211,19.3666667938232,3,91.4751510620117,248,22,25.5903224945068,1.36466979980469
"Opuntia pubescens",-96.726639,17.090772,"Balsas Basin province","Opuntia","No",21.9000015258789,19.3166675567627,3,91.4637298583984,248,21,16.563497543335,-1.59602355957031
"Opuntia pubescens",-96.604244,17.102831,"Sierra Madre del Sur province","Opuntia","No",19.1999988555908,16.5,4,88.3279342651367,266,35,34.298755645752,1.47567749023438
"Opuntia pubescens",-96.497475,17.316837,"Balsas Basin province","Opuntia","No",20.8999996185303,16.466667175293,20,81.1193237304688,361,129,13.886438369751,-0.876724243164062
"Opuntia pubescens",-97.147581,17.330191,"Sierra Madre del Sur province","Opuntia","No",20.2000007629395,15.0166664123535,3,95.6615829467773,247,19,12.6069822311401,2.75323486328125
"Opuntia pubescens",-96.99592,17.50014,"Sierra Madre del Sur province","Opuntia","No",17.9000015258789,13.5833330154419,4,96.5729904174805,217,21,22.207239151001,-1.72698974609375
"Opuntia pubescens",-97.208333,17.591667,"Sierra Madre del Sur province","Opuntia","No",19.4000015258789,11.8000001907349,4,93.161262512207,209,27,5.31545066833496,-1.45834350585938
"Opuntia pubescens",-97.200333,17.601778,"Sierra Madre del Sur province","Opuntia","No",19.4000015258789,11.716667175293,4,92.7882537841797,214,28,10.9602432250977,0.01519775390625
"Opuntia pubescens",-97.67181,17.61619,"Sierra Madre del Sur province","Opuntia","No",23.0999984741211,18.3500003814697,5,91.7255630493164,234,17,11.9805889129639,1.01663208007812
"Opuntia pubescens",-97.609833,17.691111,"Sierra Madre del Sur province","Opuntia","No",22.8999996185303,16.4333324432373,4,91.6231994628906,229,13,24.0557155609131,0.437149047851562
"Opuntia pubescens",-96.94047,17.70969,"Balsas Basin province","Opuntia","No",23.0999984741211,22,4,95.8361511230469,162,19,1.9183087348938,-5.3489990234375
"Opuntia pubescens",-97.747729,17.784218,"Balsas Basin province","Opuntia","No",23.3999977111816,18.7666664123535,4,95.3955383300781,226,14,17.576000213623,-0.0075225830078125
"Opuntia pubescens",-96.944055,17.789984,"Balsas Basin province","Opuntia","No",23.5,21.5666656494141,10,91.8392639160156,210,33,16.0677623748779,4.27482604980469
"Opuntia pubescens",-97.148528,17.82575,"Sierra Madre del Sur province","Opuntia","No",21.2999992370605,15.4833335876465,5,91.9172058105469,186,47,17.035327911377,0.886947631835938
"Opuntia pubescens",-97.1525,17.826111,"Sierra Madre del Sur province","Opuntia","No",22.1000003814697,16.1666660308838,6,91.0917892456055,198,51,17.7801704406738,-4.60749816894531
"Opuntia pubescens",-97.951928,17.861236,"Balsas Basin province","Opuntia","No",21.7000007629395,18.8666667938232,5,96.9485931396484,248,24,7.2103419303894,1.10964965820312
"Opuntia pubescens",-97.104028,17.864,"Balsas Basin province","Opuntia","No",22.3000011444092,17.716667175293,11,91.849006652832,255,63,15.3888053894043,1.35171508789062
"Opuntia pubescens",-96.90675,17.86425,"Sierra Madre del Sur province","Opuntia","No",20.7000007629395,16.716667175293,14,95.2111663818359,344,96,17.2943172454834,-1.60494995117188
"Opuntia pubescens",-97.71667,17.86667,"Balsas Basin province","Opuntia","No",22.8999996185303,18.216667175293,4,95.1322326660156,224,21,14.603720664978,-0.586990356445312
"Opuntia pubescens",-97.4255,17.928642,"Sierra Madre del Sur province","Opuntia","No",22.2000007629395,14.25,6,90.4336013793945,228,26,1.33397161960602,0.937164306640625
"Opuntia pubescens",-97.274444,17.943611,"Sierra Madre del Sur province","Opuntia","No",21.7000007629395,15.4499998092651,4,93.8559722900391,172,26,48.5590133666992,-0.4305419921875
"Opuntia pubescens",-97.068832,17.955561,"Balsas Basin province","Opuntia","No",25.2000007629395,21.3500003814697,12,90.1867904663086,247,42,8.41354370117188,-0.63134765625
"Opuntia pubescens",-97.033535,18.079046,"Balsas Basin province","Opuntia","No",24.5999984741211,20.7000007629395,18,86.5052490234375,319,74,24.5479965209961,5.95150756835938
"Opuntia pubescens",-97.74167,18.17833,"Balsas Basin province","Opuntia","No",21.7000007629395,19.5166664123535,5,94.1192321777344,145,15,19.639986038208,1.22380065917969
"Opuntia tehuacana",-96.913244,17.876753,"Sierra Madre del Sur province","Opuntia","Mexico",24.1000003814697,19.6499996185303,26,86.078125,386,94,44.0240821838379,1.17393493652344
"Opuntia tehuacana",-96.980588,17.890013,"Balsas Basin province","Opuntia","Mexico",23.9000015258789,22.1499996185303,6,97.5427398681641,183,22,22.3936500549316,-4.07747650146484
"Opuntia tehuacana",-97.004128,18.053581,"Sierra Madre del Sur province","Opuntia","Mexico",19.6000003814697,15.9166660308838,11,94.1226272583008,304,95,38.5447845458984,4.17497253417969
"Opuntia tehuacana",-97.033616,18.079172,"Balsas Basin province","Opuntia","Mexico",24.5999984741211,20.7000007629395,18,86.5052490234375,319,74,36.9503440856934,3.61186218261719
"Opuntia tehuacana",-97.2705,17.750167,"Sierra Madre del Sur province","Opuntia","Mexico",22.4000015258789,14.0500001907349,4,90.5310287475586,184,23,5.88471364974976,-0.996856689453125
"Opuntia tehuacana",-97.15236,17.83186,"Sierra Madre del Sur province","Opuntia","Mexico",22.1000003814697,16.1666660308838,6,91.0917892456055,198,51,18.4410514831543,-2.19697570800781
"Opuntia tehuacana",-96.966699,17.897802,"Balsas Basin province","Opuntia","Mexico",23.7999992370605,21.8833332061768,7,96.7850570678711,194,26,30.9997234344482,-0.787574768066406
"Opuntia tehuacana",-96.982512,17.911027,"Balsas Basin province","Opuntia","Mexico",23.8999996185303,22.1166667938232,7,96.5148239135742,192,25,23.4617366790771,2.7269287109375
"Opuntia tehuacana",-97.003528,17.956306,"Balsas Basin province","Opuntia","Mexico",24.1000003814697,22.3166656494141,8,95.0983657836914,207,31,2.98643398284912,-0.269401550292969
"Opuntia tehuacana",-96.964989,18.077326,"Sierra Madre del Sur province","Opuntia","Mexico",17.6000003814697,12.9666662216187,12,90.7192001342773,290,116,26.7017974853516,-1.15579223632812
"Opuntia tehuacana",-97.0503,18.0839,"Balsas Basin province","Opuntia","Mexico",26.1000003814697,20.9499988555908,14,87.9717330932617,259,51,18.9688606262207,2.40425109863281
"Opuntia tomentosa",-96.579751,15.670217,"Pacific Lowlands province","Opuntia","No",15.2999992370605,24.6666679382324,4,106.701881408691,389,14,2.64394354820251,0.29706597328186
"Opuntia tomentosa",-96.651102,16.286667,"Sierra Madre del Sur province","Opuntia","No",17.8999996185303,17.3500003814697,9,87.5838623046875,274,41,27.5273971557617,1.15155029296875
"Opuntia tomentosa",-96.631014,16.289185,"Sierra Madre del Sur province","Opuntia","No",18,17.8166656494141,7,88.2101364135742,261,36,28.204984664917,-1.90457153320312
"Opuntia tomentosa",-96.66063,16.290869,"Sierra Madre del Sur province","Opuntia","No",17.8999996185303,17.1833324432373,9,87.9286575317383,280,41,4.65581035614014,0.4676513671875
"Opuntia tomentosa",-96.661344,16.848586,"Balsas Basin province","Opuntia","No",23.1999988555908,19.6166667938232,2,93.4458084106445,277,18,2.80811309814453,-0.16485595703125
"Opuntia tomentosa",-96.276192,16.863549,"Sierra Madre del Sur province","Opuntia","No",19.7000007629395,18.75,3,94.1548461914062,276,22,29.4047966003418,-0.568008422851562
"Opuntia tomentosa",-96.381698,16.903036,"Balsas Basin province","Opuntia","No",20.4000015258789,18.3333339691162,2,93.5693206787109,268,18,12.5272359848022,1.26602172851562
"Opuntia tomentosa",-96.671157,17.032405,"Balsas Basin province","Opuntia","No",20.3999996185303,18.1000003814697,2,92.4151306152344,257,23,20.6042022705078,-1.53108215332031
"Opuntia tomentosa",-96.767997,17.041183,"Balsas Basin province","Opuntia","No",21.8999996185303,19.0499992370605,3,91.5585250854492,257,22,10.1318521499634,2.60090637207031
"Opuntia tomentosa",-96.768111,17.043803,"Balsas Basin province","Opuntia","No",21.2000007629395,18.6166667938232,3,92.0785827636719,257,23,0.545057535171509,-0.822250366210938
"Opuntia tomentosa",-96.763833,17.055431,"Balsas Basin province","Opuntia","No",21.6999988555908,19.033332824707,3,93.0083312988281,256,20,7.55939149856567,3.59742736816406
"Opuntia tomentosa",-96.730671,17.074015,"Balsas Basin province","Opuntia","No",22.1999988555908,19.6166667938232,3,92.7350540161133,245,18,18.0281372070312,-3.2130126953125
"Opuntia tomentosa",-96.5945,17.075528,"Sierra Madre del Sur province","Opuntia","No",20.3999996185303,17.6499996185303,4,89.2125473022461,263,27,14.6328039169312,-1.41900634765625
"Opuntia tomentosa",-96.780152,17.079307,"Balsas Basin province","Opuntia","No",22.1000003814697,19,3,92.2724151611328,255,23,15.7273092269897,1.32763671875
"Opuntia tomentosa",-96.824692,17.10318,"Balsas Basin province","Opuntia","No",22.8999977111816,19.3500003814697,3,92.6299896240234,254,15,8.69779968261719,2.22705078125
"Opuntia tomentosa",-96.898915,17.160118,"Balsas Basin province","Opuntia","No",22.5,18.9833335876465,3,92.7958297729492,258,16,4.22084474563599,-1.76620483398438
"Opuntia tomentosa",-97.18363,17.20273,"Sierra Madre del Sur province","Opuntia","No",20.9000015258789,17.1000003814697,4,93.9576721191406,269,16,15.5396585464478,-5.44615173339844
"Opuntia tomentosa",-97.458333,17.241667,"Sierra Madre del Sur province","Opuntia","No",21.2000007629395,17.3500003814697,4,94.9372329711914,283,15,11.0604848861694,-4.38299560546875
"Opuntia tomentosa",-97.689747,17.245814,"Sierra Madre del Sur province","Opuntia","No",21.0999984741211,16.1499996185303,6,95.063102722168,290,20,0.576370179653168,0.05120849609375
"Opuntia tomentosa",-97.2522,17.3062,"Sierra Madre del Sur province","Opuntia","No",21.2000007629395,16.2666664123535,3,94.1319198608398,256,13,5.94983768463135,-0.168716430664062
"Opuntia tomentosa",-96.516899,17.308361,"Balsas Basin province","Opuntia","No",22.3000011444092,17.466667175293,12,81.4882583618164,295,76,37.0345687866211,-0.9493408203125
"Opuntia tomentosa",-97.86667,17.31667,"Sierra Madre del Sur province","Opuntia","No",20.7999992370605,15.9166669845581,7,95.9718780517578,302,26,13.3748216629028,-0.286590576171875
"Opuntia tomentosa",-97.6661,17.35822,"Sierra Madre del Sur province","Opuntia","No",21.2999992370605,16.0666656494141,4,94.2633666992188,269,17,9.97242164611816,0.949142456054688
"Opuntia tomentosa",-97.133195,17.402947,"Sierra Madre del Sur province","Opuntia","No",20.8999996185303,15.716667175293,3,94.3437805175781,230,18,22.4867706298828,-4.27146911621094
"Opuntia tomentosa",-97.47067,17.50083,"Sierra Madre del Sur province","Opuntia","No",21.5,13.6166667938232,5,90.2080383300781,250,26,20.5216293334961,-0.262298583984375
"Opuntia tomentosa",-97.05168,17.54156,"Sierra Madre del Sur province","Opuntia","No",18.1000003814697,14,2,99.0512008666992,197,16,23.6910514831543,-1.26251220703125
"Opuntia tomentosa",-97.31977,17.543511,"Sierra Madre del Sur province","Opuntia","No",21.5999984741211,13.8833332061768,3,93.2068481445312,221,19,10.6183080673218,0.05206298828125
"Opuntia tomentosa",-97.096666,17.551916,"Sierra Madre del Sur province","Opuntia","No",20.5,14.6833333969116,4,93.011100769043,198,28,18.2322101593018,-5.3411865234375
"Opuntia tomentosa",-97.426055,17.552228,"Sierra Madre del Sur province","Opuntia","No",21.3999996185303,13.1000003814697,5,91.1577453613281,244,24,8.18498516082764,0.238555908203125
"Opuntia tomentosa",-97.202004,17.555399,"Sierra Madre del Sur province","Opuntia","No",20.2999992370605,12.9333333969116,2,95.9706268310547,195,16,3.26468896865845,-0.1455078125
"Opuntia tomentosa",-97.42417,17.57278,"Sierra Madre del Sur province","Opuntia","No",21.2999992370605,13.0833330154419,5,91.2345809936523,241,24,6.57213354110718,0.192779541015625
"Opuntia tomentosa",-96.949836,17.585481,"Balsas Basin province","Opuntia","No",22.2000007629395,19.2999992370605,13,90.0279693603516,285,42,17.7640151977539,-1.80473327636719
"Opuntia tomentosa",-98.025209,17.602446,"Balsas Basin province","Opuntia","No",22.2000007629395,20.5666675567627,3,97.1546249389648,255,16,46.9465217590332,-5.41845703125
"Opuntia tomentosa",-97.146432,17.644113,"Sierra Madre del Sur province","Opuntia","No",21.2000007629395,13.9666662216187,4,93.3301849365234,173,26,6.44781589508057,-4.73397827148438
"Opuntia tomentosa",-97.096132,17.648277,"Sierra Madre del Sur province","Opuntia","No",20.5,14.1666669845581,3,96.8389663696289,173,24,27.4563503265381,-6.608642578125
"Opuntia tomentosa",-97.13432,17.653792,"Sierra Madre del Sur province","Opuntia","No",21.3999996185303,14.216667175293,5,92.9204025268555,178,29,26.1827735900879,-4.4334716796875
"Opuntia tomentosa",-97.133842,17.659248,"Sierra Madre del Sur province","Opuntia","No",20.6000003814697,12.9666662216187,3,95.9149627685547,161,21,19.3837280273438,1.16189575195312
"Opuntia tomentosa",-97.263808,17.667577,"Sierra Madre del Sur province","Opuntia","No",19.1999988555908,11.1999998092651,5,93.2927398681641,241,28,5.96396780014038,-0.53411865234375
"Opuntia tomentosa",-97.61717,17.686,"Sierra Madre del Sur province","Opuntia","No",22.7999992370605,16.533332824707,4,91.6535797119141,230,13,8.89919567108154,1.10603332519531
"Opuntia tomentosa",-97.418194,17.690472,"Sierra Madre del Sur province","Opuntia","No",21.3999996185303,13.0833330154419,5,92.3419036865234,233,22,24.4481906890869,-0.271575927734375
"Opuntia tomentosa",-97.544498,17.696553,"Sierra Madre del Sur province","Opuntia","No",23.5,15.6166667938232,4,89.9545288085938,233,16,4.28828048706055,-0.033172607421875
"Opuntia tomentosa",-97.031417,17.703861,"Balsas Basin province","Opuntia","No",23.2000007629395,20.1666660308838,13,89.5714340209961,276,44,16.0290126800537,-2.42987060546875
"Opuntia tomentosa",-97.067328,17.712499,"Sierra Madre del Sur province","Opuntia","No",22.3999996185303,17.466667175293,12,87.6805114746094,254,70,5.03786659240723,0.598342895507812
"Opuntia tomentosa",-96.951389,17.758889,"Balsas Basin province","Opuntia","No",23.2000007629395,22.1000003814697,5,97.4866333007812,163,19,16.3433132171631,-0.411911010742188
"Opuntia tomentosa",-97.340501,17.82242,"Sierra Madre del Sur province","Opuntia","No",22.9000015258789,14.3833332061768,5,89.3339767456055,200,25,7.76918983459473,1.31085205078125
"Opuntia tomentosa",-97.491667,17.825,"Sierra Madre del Sur province","Opuntia","No",21.5999984741211,13.5666666030884,6,89.6734008789062,238,30,14.0137624740601,0.51678466796875
"Opuntia tomentosa",-96.896667,17.849167,"Sierra Madre del Sur province","Opuntia","No",18.5999984741211,14.5500001907349,9,96.7607345581055,232,62,27.9168968200684,1.12841796875
"Opuntia tomentosa",-97.50985,17.860947,"Sierra Madre del Sur province","Opuntia","No",20.2999992370605,12.466667175293,8,89.1855621337891,244,33,12.6724214553833,0.637451171875
"Opuntia tomentosa",-97.17174,17.903568,"Sierra Madre del Sur province","Opuntia","No",21.5,15.4166669845581,5,91.1433639526367,190,48,19.0694789886475,1.51666259765625
"Opuntia tomentosa",-96.9334,17.91689,"Sierra Madre del Sur province","Opuntia","No",23.6000003814697,20.4833335876465,25,87.1156845092773,383,91,16.858528137207,-0.555099487304688
"Opuntia tomentosa",-96.91753,17.92397,"Sierra Madre del Sur province","Opuntia","No",24.5,20.2999992370605,29,83.9094161987305,386,105,23.5289688110352,-1.79484558105469
"Opuntia tomentosa",-97.01328,17.94294,"Balsas Basin province","Opuntia","No",24.1999988555908,22.5666675567627,7,97.1396026611328,191,25,14.3905868530273,2.01428985595703
"Opuntia tomentosa",-97.05785,18.02309,"Balsas Basin province","Opuntia","No",24.7000007629395,22,9,93.4331130981445,228,34,22.8665370941162,2.87676239013672
"Opuntia velutina",-96.328056,16.606111,"Sierra Madre del Sur province","Opuntia","Mexico",20.2999992370605,21.8166675567627,2,100.153030395508,266,11,27.491003036499,-1.20329284667969
"Opuntia velutina",-96.913789,17.635992,"Balsas Basin province","Opuntia","Mexico",23.0000019073486,21.7999992370605,7,93.596076965332,197,24,10.5316228866577,-0.27679443359375
"Opuntia velutina",-98.041136,17.639965,"Balsas Basin province","Opuntia","Mexico",22.6999988555908,21.3166656494141,4,95.9109954833984,260,26,16.9749126434326,0.052276611328125
"Opuntia velutina",-96.921353,17.648823,"Balsas Basin province","Opuntia","Mexico",22.8999996185303,21.8666667938232,5,95.1358642578125,175,18,6.78852033615112,0.0503005981445312
"Opuntia velutina",-97.943028,17.677,"Sierra Madre del Sur province","Opuntia","Mexico",22.4999980926514,19.9166660308838,3,96.0040969848633,246,15,4.65020942687988,0.938491821289062
"Opuntia velutina",-96.933575,17.683561,"Balsas Basin province","Opuntia","Mexico",23,21.966667175293,5,95.6468811035156,169,19,0.308090955018997,-0.297828674316406
"Opuntia velutina",-96.95067,17.713,"Balsas Basin province","Opuntia","Mexico",23.5999984741211,21.9833335876465,9,91.6989440917969,224,32,11.8542032241821,1.11825561523438
"Opuntia velutina",-97.740415,17.74826,"Balsas Basin province","Opuntia","Mexico",23.1999988555908,18.6333332061768,3,96.4409713745117,234,11,5.19100952148438,0.0507659912109375
"Opuntia velutina",-97.028611,17.805556,"Balsas Basin province","Opuntia","Mexico",24.2000007629395,21.4500007629395,14,90.212028503418,270,46,10.8870477676392,-0.196014404296875
"Opuntia velutina",-96.816111,17.834722,"Sierra Madre del Sur province","Opuntia","Mexico",15.2999992370605,8.78333282470703,12,90.1458282470703,299,75,26.157039642334,-0.31298828125
"Opuntia velutina",-96.93417,17.91889,"Sierra Madre del Sur province","Opuntia","Mexico",23.6000003814697,20.4833335876465,25,87.1156845092773,383,91,17.5152072906494,-0.611236572265625
"Opuntia velutina",-98.044784,17.94723,"Balsas Basin province","Opuntia","Mexico",22.3999996185303,20.9166660308838,5,98.1414642333984,206,20,20.8735027313232,-2.31330871582031
"Opuntia velutina",-97.06136,18.03237,"Balsas Basin province","Opuntia","Mexico",24.8999996185303,22,9,93.0158462524414,229,35,6.97344207763672,1.92015075683594
"Opuntia velutina",-97.653861,18.211111,"Balsas Basin province","Opuntia","Mexico",20.8999996185303,16.4500007629395,4,96.590202331543,226,15,19.9194183349609,-0.697601318359375
"Pachycereus pecten-aboriginum",-96.502525,15.66834,"Pacific Lowlands province","Pachycereus","Mexico",14.6999988555908,24.6499996185303,5,104.411247253418,413,17,5.33092403411865,2.02001619338989
"Pachycereus pecten-aboriginum",-96.570407,15.672793,"Pacific Lowlands province","Pachycereus","Mexico",15.3999996185303,24.6166667938232,4,106.354751586914,398,15,13.3476390838623,-0.506233930587769
"Pachycereus pecten-aboriginum",-96.196611,15.708582,"Pacific Lowlands province","Pachycereus","Mexico",13.5,25.6833324432373,4,106.814552307129,364,15,17.9797039031982,1.16017436981201
"Pachycereus pecten-aboriginum",-96.346959,15.709155,"Pacific Lowlands province","Pachycereus","Mexico",14.2000007629395,25.4500007629395,5,104.758071899414,342,16,6.03191232681274,-1.95852088928223
"Pachycereus pecten-aboriginum",-96.257446,15.71622,"Pacific Lowlands province","Pachycereus","Mexico",13.6000022888184,25.6000003814697,5,106.229888916016,349,15,10.3941469192505,-0.0325121879577637
"Pachycereus pecten-aboriginum",-96.578138,15.716978,"Pacific Lowlands province","Pachycereus","Mexico",16.2999992370605,24.75,5,104.877372741699,394,17,2.78804731369019,-0.715408325195312
"Pachycereus pecten-aboriginum",-96.557226,15.71822,"Pacific Lowlands province","Pachycereus","Mexico",16.5,24.7333335876465,5,103.948425292969,401,18,3.55264520645142,3.64055633544922
"Pachycereus pecten-aboriginum",-96.162088,15.719079,"Pacific Lowlands province","Pachycereus","Mexico",13.5,25.6833324432373,4,107.611480712891,359,14,17.4106159210205,-2.36580538749695
"Pachycereus pecten-aboriginum",-96.167488,15.722548,"Pacific Lowlands province","Pachycereus","Mexico",13.4000015258789,25.6499996185303,4,106.895240783691,370,15,14.8783502578735,4.30196619033813
"Pachycereus pecten-aboriginum",-96.15682,15.725103,"Pacific Lowlands province","Pachycereus","Mexico",13.4000015258789,25.6333332061768,4,107.498657226562,370,14,29.4179573059082,0.113048672676086
"Pachycereus pecten-aboriginum",-96.203227,15.725648,"Pacific Lowlands province","Pachycereus","Mexico",13.5,25.6833324432373,5,106.086799621582,370,16,10.8053684234619,2.06207180023193
"Pachycereus pecten-aboriginum",-96.160447,15.726693,"Pacific Lowlands province","Pachycereus","Mexico",13.5,25.6666660308838,4,107.214950561523,362,14,0.285714268684387,-0.157232880592346
"Pachycereus pecten-aboriginum",-96.179161,15.729148,"Pacific Lowlands province","Pachycereus","Mexico",13.3000011444092,25.6666660308838,4,106.529365539551,379,16,9.10791873931885,-0.154276847839355
"Pachycereus pecten-aboriginum",-96.185131,15.729554,"Pacific Lowlands province","Pachycereus","Mexico",13.3000011444092,25.6666660308838,5,105.921966552734,383,17,3.89888572692871,4.61465644836426
"Pachycereus pecten-aboriginum",-96.158438,15.733358,"Pacific Lowlands province","Pachycereus","Mexico",13.4000015258789,25.6333332061768,4,106.962257385254,373,15,10.8287239074707,-1.69965064525604
"Pachycereus pecten-aboriginum",-96.168789,15.736595,"Pacific Lowlands province","Pachycereus","Mexico",13.5,25.6666660308838,4,106.668212890625,367,15,10.7853469848633,-0.701083719730377
"Pachycereus pecten-aboriginum",-96.202273,15.737717,"Pacific Lowlands province","Pachycereus","Mexico",13.5,25.6833324432373,5,105.277610778809,375,18,10.7082777023315,-2.86092233657837
"Pachycereus pecten-aboriginum",-96.126837,15.74324,"Pacific Lowlands province","Pachycereus","Mexico",13.3999996185303,25.75,4,107.567756652832,370,15,23.77174949646,1.10317206382751
"Pachycereus pecten-aboriginum",-96.202065,15.747,"Pacific Lowlands province","Pachycereus","Mexico",13.5,25.6833324432373,5,105.137985229492,381,18,8.40954875946045,-0.188098907470703
"Pachycereus pecten-aboriginum",-96.169872,15.750636,"Pacific Lowlands province","Pachycereus","Mexico",13.5999984741211,25.716667175293,4,106.270751953125,372,15,3.56441354751587,-1.8784818649292
"Pachycereus pecten-aboriginum",-96.125114,15.751638,"Pacific Lowlands province","Pachycereus","Mexico",13.4999980926514,25.8166675567627,4,106.832847595215,368,15,17.5491466522217,4.39617872238159
"Pachycereus pecten-aboriginum",-96.20385,15.752246,"Pacific Lowlands province","Pachycereus","Mexico",13.5,25.6833324432373,5,104.765815734863,382,19,6.96127033233643,0.966953277587891
"Pachycereus pecten-aboriginum",-96.188187,15.753582,"Pacific Lowlands province","Pachycereus","Mexico",13.5,25.6833324432373,4,105.670112609863,378,17,1.00787258148193,-4.54460287094116
"Pachycereus pecten-aboriginum",-96.147858,15.753911,"Pacific Lowlands province","Pachycereus","Mexico",13.3000011444092,25.7000007629395,4,106.516403198242,381,16,3.67794036865234,-1.69516229629517
"Pachycereus pecten-aboriginum",-96.153557,15.75541,"Pacific Lowlands province","Pachycereus","Mexico",13.3999996185303,25.6833324432373,4,106.541473388672,380,16,8.61350059509277,-1.86366271972656
"Pachycereus pecten-aboriginum",-96.165779,15.755838,"Pacific Lowlands province","Pachycereus","Mexico",13.5,25.6833324432373,4,106.601623535156,374,15,3.44003915786743,0.143393278121948
"Pachycereus pecten-aboriginum",-96.133332,15.758595,"Pacific Lowlands province","Pachycereus","Mexico",13.6000003814697,25.8666667938232,4,105.97705078125,368,16,6.96915292739868,-4.80452632904053
"Pachycereus pecten-aboriginum",-96.186264,15.76199,"Pacific Lowlands province","Pachycereus","Mexico",13.6999988555908,25.6833324432373,4,105.540809631348,382,17,4.82712602615356,0.983242988586426
"Pachycereus pecten-aboriginum",-96.192877,15.763882,"Pacific Lowlands province","Pachycereus","Mexico",13.6999988555908,25.7000007629395,5,105.341682434082,382,18,6.36410808563232,-1.21313762664795
"Pachycereus pecten-aboriginum",-96.158944,15.766373,"Pacific Lowlands province","Pachycereus","Mexico",13.5999984741211,25.7333335876465,4,106.339149475098,375,16,13.1320419311523,2.37012672424316
"Pachycereus pecten-aboriginum",-96.13561,15.76683,"Pacific Lowlands province","Pachycereus","Mexico",13.6999988555908,25.8666667938232,4,105.176910400391,371,17,6.46046352386475,-0.918693065643311
"Pachycereus pecten-aboriginum",-96.19151,15.767306,"Pacific Lowlands province","Pachycereus","Mexico",13.6999988555908,25.7000007629395,4,106.061668395996,388,16,5.96118879318237,-1.93261623382568
"Pachycereus pecten-aboriginum",-96.191895,15.767425,"Pacific Lowlands province","Pachycereus","Mexico",13.6999988555908,25.7000007629395,5,105.717002868652,387,17,2.6211633682251,-0.908679962158203
"Pachycereus pecten-aboriginum",-96.200002,15.769214,"Pacific Lowlands province","Pachycereus","Mexico",13.6999988555908,25.7000007629395,5,105.568016052246,388,17,4.13957548141479,-1.22067928314209
"Pachycereus pecten-aboriginum",-96.320169,15.77041,"Pacific Lowlands province","Pachycereus","Mexico",14.3999996185303,25.5833320617676,6,103.557144165039,367,20,13.3323678970337,-0.932290077209473
"Pachycereus pecten-aboriginum",-96.122278,15.770826,"Pacific Lowlands province","Pachycereus","Mexico",13.5999984741211,25.9500007629395,4,107.129440307617,371,15,11.7282629013062,1.50309586524963
"Pachycereus pecten-aboriginum",-96.247818,15.771052,"Pacific Lowlands province","Pachycereus","Mexico",13.8999996185303,25.75,5,104.206573486328,383,20,4.26612091064453,-0.481847763061523
"Pachycereus pecten-aboriginum",-96.207497,15.77539,"Pacific Lowlands province","Pachycereus","Mexico",13.9000015258789,25.7000007629395,5,105.324584960938,390,18,2.92301917076111,-1.03366661071777
"Pachycereus pecten-aboriginum",-96.175278,15.777328,"Pacific Lowlands province","Pachycereus","Mexico",13.8000011444092,25.75,4,105.661422729492,386,17,8.2816801071167,-0.581044673919678
"Pachycereus pecten-aboriginum",-96.156509,15.778245,"Pacific Lowlands province","Pachycereus","Mexico",13.7999992370605,25.8333339691162,4,105.997146606445,384,17,1.18985879421234,-0.838986396789551
"Pachycereus pecten-aboriginum",-96.174484,15.778628,"Pacific Lowlands province","Pachycereus","Mexico",13.7000007629395,25.7666664123535,4,105.679016113281,387,18,5.26522636413574,-1.70003414154053
"Pachycereus pecten-aboriginum",-96.185287,15.778744,"Pacific Lowlands province","Pachycereus","Mexico",13.6999988555908,25.6833324432373,4,105.384719848633,395,17,9.15865230560303,-1.15023040771484
"Pachycereus pecten-aboriginum",-96.199261,15.779328,"Pacific Lowlands province","Pachycereus","Mexico",13.6999988555908,25.716667175293,4,105.755226135254,393,16,1.13702154159546,0.327544212341309
"Pachycereus pecten-aboriginum",-96.211205,15.779988,"Pacific Lowlands province","Pachycereus","Mexico",13.9000015258789,25.716667175293,5,104.964866638184,387,18,2.33807063102722,2.25858116149902
"Pachycereus pecten-aboriginum",-96.268572,15.780217,"Pacific Lowlands province","Pachycereus","Mexico",14.0999984741211,25.716667175293,6,103.725524902344,387,21,7.58344268798828,3.67299652099609
"Pachycereus pecten-aboriginum",-96.071732,15.78056,"Pacific Lowlands province","Pachycereus","Mexico",13.6000003814697,25.9333343505859,3,108.626007080078,368,12,4.08300876617432,-1.71008515357971
"Pachycereus pecten-aboriginum",-96.202105,15.783721,"Pacific Lowlands province","Pachycereus","Mexico",13.9000015258789,25.716667175293,5,105.028511047363,393,18,0.361225068569183,0.248475074768066
"Pachycereus pecten-aboriginum",-96.058418,15.785157,"Pacific Lowlands province","Pachycereus","Mexico",13.4999980926514,25.8833332061768,3,108.107391357422,376,14,4.94885969161987,1.36978960037231
"Pachycereus pecten-aboriginum",-96.058159,15.785388,"Pacific Lowlands province","Pachycereus","Mexico",13.7000007629395,25.8500003814697,3,108.904991149902,369,12,12.6085577011108,0.995679140090942
"Pachycereus pecten-aboriginum",-96.143387,15.786319,"Pacific Lowlands province","Pachycereus","Mexico",13.8000011444092,25.966667175293,4,105.871795654297,385,17,1.54244089126587,3.97925662994385
"Pachycereus pecten-aboriginum",-96.223432,15.786997,"Pacific Lowlands province","Pachycereus","Mexico",14,25.716667175293,5,104.833282470703,394,18,0.687864601612091,-0.524585723876953
"Pachycereus pecten-aboriginum",-96.22111,15.793119,"Pacific Lowlands province","Pachycereus","Mexico",14.0999984741211,25.6666679382324,5,105.071365356445,400,19,10.0538272857666,0.788795471191406
"Pachycereus pecten-aboriginum",-96.115318,15.793687,"Pacific Lowlands province","Pachycereus","Mexico",13.5999984741211,26.0166664123535,3,107.194808959961,376,14,8.79653835296631,-0.571793079376221
"Pachycereus pecten-aboriginum",-96.073735,15.809822,"Pacific Lowlands province","Pachycereus","Mexico",13.6000003814697,25.9833335876465,4,106.951606750488,384,16,20.5332164764404,-0.184345245361328
"Pachycereus pecten-aboriginum",-96.076478,15.811008,"Pacific Lowlands province","Pachycereus","Mexico",13.6000003814697,25.9500007629395,4,106.449493408203,393,17,9.78362941741943,0.182584762573242
"Pachycereus pecten-aboriginum",-96.194362,15.819713,"Pacific Lowlands province","Pachycereus","Mexico",14.2000007629395,25.5499992370605,4,105.947380065918,415,17,7.35100507736206,-3.46144866943359
"Pachycereus pecten-aboriginum",-95.972861,15.844667,"Pacific Lowlands province","Pachycereus","Mexico",13.9000015258789,25.966667175293,4,109.097267150879,357,14,8.25265121459961,0.914478063583374
"Pachycereus pecten-aboriginum",-96.405567,15.85271,"Sierra Madre del Sur province","Pachycereus","Mexico",14.1000003814697,23.2666664123535,7,99.2163696289062,456,28,20.0814685821533,2.46401977539062
"Pachycereus pecten-aboriginum",-97.05587,15.853563,"Pacific Lowlands province","Pachycereus","Mexico",12.7999992370605,25.5166664123535,2,117.921966552734,356,12,5.85694360733032,0.440004110336304
"Pachycereus pecten-aboriginum",-95.91306,15.86722,"Pacific Lowlands province","Pachycereus","Mexico",14.2000007629395,26.0166664123535,3,109.399314880371,357,13,7.8561840057373,2.17939186096191
"Pachycereus pecten-aboriginum",-96.938699,15.901448,"Pacific Lowlands province","Pachycereus","Mexico",14.9999980926514,24.7666664123535,3,114.198699951172,226,14,19.7999839782715,-6.66353797912598
"Pachycereus pecten-aboriginum",-95.840709,15.913746,"Pacific Lowlands province","Pachycereus","Mexico",14.8000011444092,26.5833339691162,2,109.864448547363,334,10,6.32461500167847,-0.0205469131469727
"Pachycereus pecten-aboriginum",-97.076584,15.916581,"Pacific Lowlands province","Pachycereus","Mexico",14.1000003814697,25.216667175293,3,114.249649047852,331,12,12.3463163375854,-3.07819557189941
"Pachycereus pecten-aboriginum",-95.583746,15.946931,"Pacific Lowlands province","Pachycereus","Mexico",14.6000022888184,26.6000003814697,1,115.40168762207,300,5,4.24229335784912,-1.24723935127258
"Pachycereus pecten-aboriginum",-95.581242,15.950258,"Pacific Lowlands province","Pachycereus","Mexico",14.5,26.5499992370605,1,115.226867675781,299,5,4.81171798706055,-1.37242949008942
"Pachycereus pecten-aboriginum",-95.6560087,15.9595434,"Pacific Lowlands province","Pachycereus","Mexico",14.7999992370605,26.8500003814697,2,112.355186462402,301,8,21.2318935394287,-1.43606853485107
"Pachycereus pecten-aboriginum",-97.661094,15.978292,"Pacific Lowlands province","Pachycereus","Mexico",14.1000003814697,24.7333335876465,2,117.68440246582,457,12,0.794618010520935,0.0512515306472778
"Pachycereus pecten-aboriginum",-95.664444,15.992778,"Pacific Lowlands province","Pachycereus","Mexico",14.7999992370605,26.3999996185303,1,112.274230957031,293,7,12.6804962158203,-5.85067081451416
"Pachycereus pecten-aboriginum",-95.442108,16.006145,"Pacific Lowlands province","Pachycereus","Mexico",15.1000003814697,26.6333332061768,1,115.742164611816,280,5,7.73294544219971,1.31600427627563
"Pachycereus pecten-aboriginum",-95.370308,16.024567,"Pacific Lowlands province","Pachycereus","Mexico",15.2999992370605,26.5166664123535,1,114.694923400879,282,6,20.0961132049561,1.84446239471436
"Pachycereus pecten-aboriginum",-95.379532,16.028295,"Pacific Lowlands province","Pachycereus","Mexico",15.1999988555908,26.4166660308838,1,116.092956542969,277,5,16.3767833709717,3.17194271087646
"Pachycereus pecten-aboriginum",-95.414863,16.035256,"Pacific Lowlands province","Pachycereus","Mexico",15.2999992370605,26.4833335876465,1,116.477081298828,270,4,9.5916919708252,-2.49365425109863
"Pachycereus pecten-aboriginum",-95.377075,16.0358,"Pacific Lowlands province","Pachycereus","Mexico",15.2999992370605,26.5499992370605,1,117.066703796387,278,4,16.9069480895996,-2.79059338569641
"Pachycereus pecten-aboriginum",-95.295053,16.189463,"Pacific Lowlands province","Pachycereus","Mexico",15.5999984741211,26.1166667938232,1,117.873756408691,261,5,10.5887031555176,2.62932014465332
"Pachycereus pecten-aboriginum",-94.084431,16.235186,"Pacific Lowlands province","Pachycereus","Mexico",16.8999977111816,27.0166664123535,1,111.274864196777,456,7,1.76598846912384,0.531746745109558
"Pachycereus pecten-aboriginum",-95.229164,16.328558,"Pacific Lowlands province","Pachycereus","Mexico",16.8999977111816,26.75,3,113.7255859375,261,9,16.1124401092529,3.23715782165527
"Pachycereus pecten-aboriginum",-95.299722,16.330505,"Pacific Lowlands province","Pachycereus","Mexico",16.7999992370605,26.466667175293,2,118.021850585938,248,7,5.31460809707642,0.258236885070801
"Pachycereus pecten-aboriginum",-95.016804,16.334043,"Pacific Lowlands province","Pachycereus","Mexico",15.1000022888184,25.4833335876465,2,116.979866027832,287,8,1.96637320518494,-0.045297846198082
"Pachycereus pecten-aboriginum",-95.278056,16.335556,"Pacific Lowlands province","Pachycereus","Mexico",16.8999996185303,26.7000007629395,4,112.334838867188,255,14,0.478552877902985,-0.128086566925049
"Pachycereus pecten-aboriginum",-95.016609,16.335922,"Pacific Lowlands province","Pachycereus","Mexico",15,25.3999996185303,2,117.043579101562,287,8,0.686443328857422,-0.387213736772537
"Pachycereus pecten-aboriginum",-94.959728,16.366001,"Pacific Lowlands province","Pachycereus","Mexico",14.9999980926514,25.25,2,116.96704864502,288,8,0.95802503824234,-0.497103989124298
"Pachycereus pecten-aboriginum",-95.019694,16.374753,"Pacific Lowlands province","Pachycereus","Mexico",15.5000019073486,25.716667175293,2,114.690155029297,291,10,0.0961122885346413,-0.074144721031189
"Pachycereus pecten-aboriginum",-95.307818,16.381955,"Pacific Lowlands province","Pachycereus","Mexico",16.7000007629395,26.1333332061768,1,119.765716552734,248,4,22.1750831604004,4.5978946685791
"Pachycereus pecten-aboriginum",-95.388275,16.392764,"Pacific Lowlands province","Pachycereus","Mexico",16.5,25.0499992370605,0,120.198226928711,203,2,15.258397102356,-2.30018997192383
"Pachycereus pecten-aboriginum",-95.438884,16.45898,"Pacific Lowlands province","Pachycereus","Mexico",15.6000003814697,24.533332824707,1,119.570289611816,200,3,5.10037612915039,-0.138360977172852
"Pachycereus pecten-aboriginum",-95.094794,16.524707,"Pacific Lowlands province","Pachycereus","Mexico",15.8000011444092,25.5499992370605,1,115.895401000977,261,7,13.2713184356689,0.220278739929199
"Pachycereus pecten-aboriginum",-95.094917,16.525118,"Pacific Lowlands province","Pachycereus","Mexico",15.7999992370605,25.4833335876465,1,115.278121948242,251,9,7.47492170333862,3.53133678436279
"Pachycereus pecten-aboriginum",-95.200804,16.53184,"Pacific Lowlands province","Pachycereus","Mexico",15.7999992370605,24.7000007629395,1,118.083740234375,185,3,5.90848731994629,-0.792596817016602
"Pachycereus pecten-aboriginum",-94.999783,16.539368,"Pacific Lowlands province","Pachycereus","Mexico",15.4999980926514,24.8666667938232,3,112.823204040527,291,12,0.578584790229797,0.0727884769439697
"Pachycereus pecten-aboriginum",-94.76532,16.55986,"Pacific Lowlands province","Pachycereus","Mexico",16.3999977111816,24.8666667938232,6,106.448822021484,302,21,0.124109961092472,-0.113665103912354
"Pachycereus pecten-aboriginum",-94.902034,16.564511,"Pacific Lowlands province","Pachycereus","Mexico",15.2999992370605,24.5499992370605,3,111.189903259277,295,12,11.8571176528931,0.370542049407959
"Pachycereus pecten-aboriginum",-95.485833,16.571944,"Pacific Lowlands province","Pachycereus","Mexico",17.9000015258789,25.1000003814697,0,117.199531555176,171,1,8.17722415924072,-1.0114631652832
"Pachycereus pecten-aboriginum",-95.170583,16.574,"Pacific Lowlands province","Pachycereus","Mexico",15.9000015258789,25.0666656494141,1,116.69213104248,207,6,6.50897121429443,-0.611125946044922
"Pachycereus pecten-aboriginum",-95.216578,16.581913,"Pacific Lowlands province","Pachycereus","Mexico",16.0999984741211,24.75,1,116.664901733398,197,6,23.9127426147461,0.877706527709961
"Pachycereus pecten-aboriginum",-94.869778,16.582525,"Pacific Lowlands province","Pachycereus","Mexico",15.3000011444092,24.033332824707,4,110.121002197266,299,13,2.22180080413818,-0.0806305408477783
"Pachycereus pecten-aboriginum",-94.871112,16.583995,"Pacific Lowlands province","Pachycereus","Mexico",15.1000022888184,23.6666660308838,6,107.020011901855,287,21,5.6139554977417,-0.753372669219971
"Pachycereus pecten-aboriginum",-96.364976,16.585936,"Sierra Madre del Sur province","Pachycereus","Mexico",19.9000015258789,21.5833339691162,2,99.0713272094727,263,11,20.336971282959,3.05384826660156
"Pachycereus pecten-aboriginum",-94.832474,16.59392,"Pacific Lowlands province","Pachycereus","Mexico",15.4000015258789,23.8999996185303,5,106.657577514648,301,22,0.550832748413086,-0.0493102073669434
"Pachycereus pecten-aboriginum",-96.35961,16.594012,"Sierra Madre del Sur province","Pachycereus","Mexico",19.3999996185303,21.3333339691162,2,98.8272933959961,245,10,16.8457355499268,-1.06010437011719
"Pachycereus pecten-aboriginum",-95.22995,16.599567,"Pacific Lowlands province","Pachycereus","Mexico",16.2999992370605,24.6666660308838,1,116.926895141602,182,6,7.62369823455811,-2.60736846923828
"Pachycereus pecten-aboriginum",-96.330837,16.601207,"Sierra Madre del Sur province","Pachycereus","Mexico",20.2999992370605,21.8166675567627,2,100.153030395508,266,11,9.96554660797119,-2.20547485351562
"Pachycereus pecten-aboriginum",-94.843333,16.603869,"Pacific Lowlands province","Pachycereus","Mexico",15.2999992370605,23.466667175293,8,95.5380096435547,287,61,16.5779495239258,-1.62356567382812
"Pachycereus pecten-aboriginum",-94.79763,16.614767,"Pacific Lowlands province","Pachycereus","Mexico",16.0000019073486,24.1666660308838,8,100.811828613281,301,39,0.329634040594101,-0.223513603210449
"Pachycereus pecten-aboriginum",-96.055318,16.617694,"Pacific Lowlands province","Pachycereus","Mexico",19.7999992370605,22.0166664123535,3,101.896507263184,240,13,14.789740562439,2.13814544677734
"Pachycereus pecten-aboriginum",-94.971542,16.61875,"Pacific Lowlands province","Pachycereus","Mexico",15.5000019073486,23.966667175293,5,109.297431945801,277,20,11.1619968414307,-0.95313835144043
"Pachycereus pecten-aboriginum",-95.233307,16.620865,"Pacific Lowlands province","Pachycereus","Mexico",16.2999992370605,24.5833339691162,1,116.757919311523,191,6,3.00911402702332,-0.807554244995117
"Pachycereus pecten-aboriginum",-94.992822,16.622461,"Pacific Lowlands province","Pachycereus","Mexico",15.5,24.25,4,111.364624023438,287,15,2.33504676818848,-0.693187713623047
"Pachycereus pecten-aboriginum",-94.98748,16.628863,"Pacific Lowlands province","Pachycereus","Mexico",15.4000015258789,23.966667175293,5,110.787071228027,283,17,11.3539791107178,-0.711625099182129
"Pachycereus pecten-aboriginum",-95.01111,16.65806,"Pacific Lowlands province","Pachycereus","Mexico",15.3000011444092,23.7333335876465,4,111.307357788086,283,15,12.5000848770142,1.52484321594238
"Pachycereus pecten-aboriginum",-96.2172,16.679297,"Sierra Madre del Sur province","Pachycereus","Mexico",19.6000003814697,21.6333332061768,3,99.96923828125,269,14,23.1683101654053,-1.10435485839844
"Pachycereus pecten-aboriginum",-94.98442,16.68278,"Pacific Lowlands province","Pachycereus","Mexico",15.6999988555908,23.1333332061768,9,100.491134643555,272,42,10.8539810180664,-3.87173843383789
"Pachycereus pecten-aboriginum",-96.32035,16.693586,"Sierra Madre del Sur province","Pachycereus","Mexico",20.8999996185303,21.8999996185303,3,98.3466949462891,276,16,4.59614181518555,-0.166122436523438
"Pachycereus pecten-aboriginum",-96.324635,16.702562,"Sierra Madre del Sur province","Pachycereus","Mexico",20.7000007629395,21.6166667938232,3,97.9087982177734,276,16,14.9337453842163,-2.20780944824219
"Pachycereus pecten-aboriginum",-95.005633,16.706549,"Pacific Lowlands province","Pachycereus","Mexico",15.9000015258789,23,12,92.4209442138672,259,72,21.9636192321777,-2.59089660644531
"Pachycereus pecten-aboriginum",-95.441503,16.712959,"Pacific Lowlands province","Pachycereus","Mexico",17.3000011444092,22.216667175293,7,102.647773742676,200,29,18.4648456573486,3.10574340820312
"Pachycereus pecten-aboriginum",-96.319222,16.727611,"Sierra Madre del Sur province","Pachycereus","Mexico",20.3000011444092,20.75,3,97.0690994262695,262,14,15.5195722579956,-1.69981384277344
"Pachycereus pecten-aboriginum",-96.325556,16.730278,"Sierra Madre del Sur province","Pachycereus","Mexico",20.6999988555908,20.8666667938232,3,97.4024047851562,272,16,16.3218898773193,0.178848266601562
"Pachycereus pecten-aboriginum",-96.3409291,16.7566542,"Sierra Madre del Sur province","Pachycereus","Mexico",19.7999992370605,19.6000003814697,1,97.7821960449219,235,9,19.0432167053223,-3.75506591796875
"Pachycereus pecten-aboriginum",-95.850979,16.778684,"Pacific Lowlands province","Pachycereus","Mexico",20.7999992370605,22.2333335876465,9,95.7458572387695,259,32,9.86850929260254,-6.18260955810547
"Pachycereus pecten-aboriginum",-96.275297,16.863616,"Sierra Madre del Sur province","Pachycereus","Mexico",19.7000007629395,18.75,3,94.1548461914062,276,22,27.7351932525635,-1.47090148925781
"Pachycereus pecten-aboriginum",-96.268298,16.879593,"Pacific Lowlands province","Pachycereus","Mexico",18,17.6333332061768,2,95.0598678588867,255,20,21.0288562774658,3.09808349609375
"Pachycereus pecten-aboriginum",-96.413722,16.941056,"Sierra Madre del Sur province","Pachycereus","Mexico",19.8999996185303,18.0833320617676,2,92.1476974487305,118,24,20.7560997009277,3.95034790039062
"Pachycereus pecten-aboriginum",-96.451077,16.954946,"Balsas Basin province","Pachycereus","Mexico",22.2999992370605,19.3166656494141,3,89.6775436401367,274,24,5.76048755645752,0.5086669921875
"Pachycereus pecten-aboriginum",-96.767878,17.042444,"Balsas Basin province","Pachycereus","Mexico",21.2000007629395,18.6166667938232,3,92.0785827636719,257,23,1.14882719516754,-0.15960693359375
"Pachycereus pecten-aboriginum",-96.803483,17.167242,"Balsas Basin province","Pachycereus","Mexico",23.5,19.5499992370605,2,94.1211166381836,248,16,5.91166543960571,1.73394775390625
"Pachycereus pecten-aboriginum",-96.505844,17.303486,"Balsas Basin province","Pachycereus","Mexico",22.3999996185303,17.5166664123535,12,80.5281982421875,302,82,10.7415866851807,-2.62796020507812
"Pachycereus pecten-aboriginum",-96.525496,17.305059,"Balsas Basin province","Pachycereus","Mexico",22.2000007629395,17.216667175293,13,81.3690643310547,299,81,26.3203945159912,-6.4461669921875
"Pachycereus weberi",-96.766632,17.05666,"Balsas Basin province","Pachycereus","Mexico",21.6999988555908,19.033332824707,3,93.0083312988281,256,20,3.18687415122986,-0.148849487304688
"Pachycereus weberi",-97.968951,17.481187,"Sierra Madre del Sur province","Pachycereus","Mexico",23.7000007629395,19.5833339691162,4,95.2123947143555,269,20,13.2010850906372,-4.18617248535156
"Pachycereus weberi",-96.939417,17.488083,"Sierra Madre del Sur province","Pachycereus","Mexico",18.6999988555908,14.1166667938232,6,93.7111892700195,221,30,15.1246967315674,2.39871215820312
"Pachycereus weberi",-96.839444,17.489528,"Balsas Basin province","Pachycereus","Mexico",23.5,20.3999996185303,13,90.0975799560547,271,55,13.8485431671143,1.88851928710938
"Pachycereus weberi",-96.8511,17.584134,"Balsas Basin province","Pachycereus","Mexico",22.8999996185303,21.3999996185303,11,92.3022994995117,249,34,12.6663303375244,5.89451599121094
"Pachycereus weberi",-96.924434,17.60969,"Balsas Basin province","Pachycereus","Mexico",23.3999996185303,21.033332824707,12,90.8167724609375,273,39,8.8093900680542,-1.91348266601562
"Pachycereus weberi",-96.913025,17.635589,"Balsas Basin province","Pachycereus","Mexico",23.0000019073486,21.7999992370605,7,93.596076965332,197,24,8.86390209197998,1.59320068359375
"Pachycereus weberi",-96.929371,17.651083,"Balsas Basin province","Pachycereus","Mexico",22.8999977111816,21.9166660308838,4,95.9946136474609,166,16,2.73301696777344,-0.0851287841796875
"Pachycereus weberi",-96.954365,17.690865,"Balsas Basin province","Pachycereus","Mexico",23.7000007629395,21.6833324432373,12,89.9031600952148,253,40,32.0900764465332,-0.3828125
"Pachycereus weberi",-96.939205,17.70756,"Balsas Basin province","Pachycereus","Mexico",23.1000003814697,21.9500007629395,5,94.7619094848633,167,20,21.1876201629639,0.07958984375
"Pachycereus weberi",-98.111667,17.776667,"Balsas Basin province","Pachycereus","Mexico",22.5,21.7000007629395,3,99.6077194213867,245,17,12.4583425521851,1.251220703125
"Pachycereus weberi",-96.945196,17.789461,"Balsas Basin province","Pachycereus","Mexico",23.5,21.5666656494141,10,91.8392639160156,210,33,8.72335529327393,2.03799438476562
"Pachycereus weberi",-96.843124,17.789932,"Sierra Madre del Sur province","Pachycereus","Mexico",15.9999990463257,10.1499996185303,10,90.2623519897461,268,70,36.1459350585938,-2.25570678710938
"Pachycereus weberi",-96.9645,17.7986,"Balsas Basin province","Pachycereus","Mexico",23.4000015258789,21.9833335876465,5,98.4327011108398,163,18,12.1764755249023,-1.56186676025391
"Pachycereus weberi",-96.89107,17.799363,"Sierra Madre del Sur province","Pachycereus","Mexico",18.2000007629395,14.0833330154419,8,95.5306701660156,214,59,13.5061283111572,0.0294189453125
"Pachycereus weberi",-96.840618,17.821008,"Sierra Madre del Sur province","Pachycereus","Mexico",17.3999996185303,11.4333333969116,8,94.7634963989258,243,69,17.0925331115723,-0.82171630859375
"Pachycereus weberi",-96.961544,17.821123,"Balsas Basin province","Pachycereus","Mexico",23.6999988555908,21.7999992370605,9,93.6790618896484,209,30,19.1165981292725,2.05722045898438
"Pachycereus weberi",-98.137299,17.826139,"Balsas Basin province","Pachycereus","Mexico",23.9000015258789,22.1166667938232,2,99.7659606933594,231,16,9.01946640014648,-0.218017578125
"Pachycereus weberi",-96.9265,17.836696,"Sierra Madre del Sur province","Pachycereus","Mexico",24.2999992370605,20.4500007629395,24,85.4434661865234,342,77,20.8250465393066,0.421920776367188
"Pachycereus weberi",-97.823622,17.838499,"Balsas Basin province","Pachycereus","Mexico",22.4000015258789,17.7000007629395,5,94.8355331420898,247,24,11.9715690612793,2.772705078125
"Pachycereus weberi",-97.017426,17.844163,"Balsas Basin province","Pachycereus","Mexico",23.8999977111816,22.3999996185303,3,102.755981445312,146,13,12.4948987960815,-1.53606414794922
"Pachycereus weberi",-96.994186,17.888727,"Balsas Basin province","Pachycereus","Mexico",24.0000019073486,22.6666660308838,4,100.952293395996,156,16,9.43775463104248,1.48900604248047
"Pachycereus weberi",-96.973595,17.889118,"Balsas Basin province","Pachycereus","Mexico",23.7999992370605,21.9166660308838,7,96.0062713623047,198,27,14.5524845123291,-3.03105163574219
"Pachycereus weberi",-96.990908,17.894158,"Balsas Basin province","Pachycereus","Mexico",23.9000015258789,22.466667175293,4,101.110427856445,156,16,8.12117004394531,-3.6923828125
"Pachycereus weberi",-96.972519,17.896301,"Balsas Basin province","Pachycereus","Mexico",23.7999992370605,21.8833332061768,7,96.7850570678711,194,26,3.82458329200745,-0.644126892089844
"Pachycereus weberi",-97.005433,17.900139,"Balsas Basin province","Pachycereus","Mexico",24.0000019073486,22.6666660308838,5,98.1658401489258,169,20,10.0802040100098,-1.15319061279297
"Pachycereus weberi",-96.966856,17.90708,"Balsas Basin province","Pachycereus","Mexico",23.7999992370605,21.8833332061768,7,96.5708618164062,198,27,15.5784740447998,0.40777587890625
"Pachycereus weberi",-96.985738,17.912205,"Balsas Basin province","Pachycereus","Mexico",23.8999977111816,22.4166660308838,5,98.6020584106445,170,19,13.9902267456055,-0.852851867675781
"Pachycereus weberi",-96.95361,17.92333,"Balsas Basin province","Pachycereus","Mexico",24.3999996185303,21.1333332061768,22,87.3890914916992,347,75,12.1169805526733,3.637939453125
"Pachycereus weberi",-96.993698,17.928935,"Balsas Basin province","Pachycereus","Mexico",23.9000015258789,22.5666675567627,6,98.8984680175781,178,21,2.55808448791504,-0.241683959960938
"Pachycereus weberi",-97.346931,17.971967,"Sierra Madre del Sur province","Pachycereus","Mexico",22.5,14.3000001907349,4,94.7931442260742,210,18,8.80368709564209,-0.22625732421875
"Pachycereus weberi",-97.061611,18.002361,"Balsas Basin province","Pachycereus","Mexico",24.5,22.1166667938232,7,95.233283996582,205,27,10.0255880355835,-1.76580810546875
"Pachycereus weberi",-97.033361,18.027,"Balsas Basin province","Pachycereus","Mexico",25.4000015258789,21.6333332061768,13,87.6450729370117,265,54,7.75159692764282,-0.0655593872070312
"Pachycereus weberi",-97.099619,18.0733,"Balsas Basin province","Pachycereus","Mexico",25.0999984741211,22.2000007629395,9,93.8732147216797,218,30,11.0842037200928,-1.28036499023438
"Pachycereus weberi",-97.099389,18.134861,"Balsas Basin province","Pachycereus","Mexico",26.0999984741211,21.7333335876465,10,91.1275100708008,223,36,12.8612260818481,2.12335968017578
"Pachycereus weberi",-97.079111,18.148931,"Balsas Basin province","Pachycereus","Mexico",26.5,21.283332824707,12,88.6670837402344,233,43,7.4225869178772,-0.854766845703125
"Pachycereus weberi",-97.273056,18.154303,"Balsas Basin province","Pachycereus","Mexico",25.3000011444092,20.3833332061768,3,99.2948226928711,131,12,21.2361316680908,-3.59892272949219
"Pachycereus weberi",-97.178761,18.162682,"Balsas Basin province","Pachycereus","Mexico",26.2000007629395,21.6333332061768,4,95.4045333862305,151,15,0.712229490280151,0.172866821289062
"Peniocereus fosterianus",-96.31056,15.71472,"Pacific Lowlands province","Peniocereus","Mexico",14.3000011444092,25.6000003814697,5,105.009262084961,332,16,8.0176477432251,-1.94814515113831
"Peniocereus fosterianus",-96.178298,15.725217,"Pacific Lowlands province","Peniocereus","Mexico",13.3000011444092,25.6666660308838,4,106.529365539551,379,16,19.546558380127,1.25444030761719
"Peniocereus fosterianus",-96.38006,15.744204,"Pacific Lowlands province","Peniocereus","Mexico",14.9000015258789,25.2666664123535,5,104.166015625,338,16,11.5491914749146,-2.21377849578857
"Peniocereus fosterianus",-96.1761,15.74603,"Pacific Lowlands province","Peniocereus","Mexico",13.5,25.6666660308838,5,105.43994140625,374,18,7.30298328399658,1.09303569793701
"Peniocereus fosterianus",-96.142374,15.746419,"Pacific Lowlands province","Peniocereus","Mexico",13.2999992370605,25.6000003814697,4,107.045303344727,378,15,16.5657787322998,0.0282001495361328
"Peniocereus fosterianus",-96.158441,15.752296,"Pacific Lowlands province","Peniocereus","Mexico",13.5,25.6833324432373,4,106.601623535156,374,15,5.24675893783569,2.77154588699341
"Peniocereus fosterianus",-96.170976,15.759411,"Pacific Lowlands province","Peniocereus","Mexico",13.5999984741211,25.7333335876465,4,105.938705444336,375,16,5.05772352218628,-1.28370428085327
"Peniocereus fosterianus",-96.21606,15.77303,"Pacific Lowlands province","Peniocereus","Mexico",13.9000015258789,25.716667175293,4,105.244979858398,382,17,12.6435661315918,3.18323802947998
"Peniocereus fosterianus",-96.116517,15.780474,"Pacific Lowlands province","Peniocereus","Mexico",13.5999984741211,25.966667175293,4,107.376823425293,377,15,7.0770788192749,-1.06648540496826
"Peniocereus fosterianus",-96.111231,15.787315,"Pacific Lowlands province","Peniocereus","Mexico",13.7000007629395,26.0166664123535,4,107.402870178223,373,15,3.39072513580322,-1.12400341033936
"Peniocereus fosterianus",-96.080107,15.788935,"Pacific Lowlands province","Peniocereus","Mexico",13.5,25.9166660308838,4,107.764579772949,377,15,10.2483263015747,2.94128942489624
"Peniocereus fosterianus",-96.241407,15.790082,"Pacific Lowlands province","Peniocereus","Mexico",14.2000007629395,25.716667175293,5,105.149864196777,386,18,18.3538379669189,1.10890007019043
"Peniocereus fosterianus",-96.09122,15.792484,"Pacific Lowlands province","Peniocereus","Mexico",13.5,25.966667175293,3,107.249328613281,382,15,4.85399341583252,-2.67555522918701
"Peniocereus fosterianus",-96.172215,15.798376,"Pacific Lowlands province","Peniocereus","Mexico",13.7999992370605,25.7000007629395,4,105.244804382324,409,17,27.4029064178467,0.462320327758789
"Peniocereus fosterianus",-96.083,15.817,"Pacific Lowlands province","Peniocereus","Mexico",13.6000003814697,25.966667175293,4,106.409126281738,398,17,11.7149982452393,-1.75895881652832
"Peniocereus fosterianus",-95.9825,15.840833,"Pacific Lowlands province","Peniocereus","Mexico",13.7999992370605,25.9166660308838,3,108.985794067383,366,13,19.3764038085938,-0.407515525817871
"Peniocereus fosterianus",-96.001389,15.871944,"Pacific Lowlands province","Peniocereus","Mexico",14.1000003814697,25.75,3,108.39608001709,374,13,2.79643511772156,0.854809761047363
"Peniocereus fosterianus",-95.87278,15.87222,"Pacific Lowlands province","Peniocereus","Mexico",14.2999992370605,26.466667175293,2,111.010681152344,342,10,3.8758442401886,-1.58684730529785
"Peniocereus fosterianus",-96.134793,15.915309,"Pacific Lowlands province","Peniocereus","Mexico",14,23.7999992370605,3,105.64599609375,393,14,9.92461013793945,1.5101318359375
"Peniocereus fosterianus",-97.055062,15.91558,"Pacific Lowlands province","Peniocereus","Mexico",14.9000015258789,24.5666675567627,2,112.741134643555,323,10,17.7907981872559,-1.61861038208008
"Peniocereus fosterianus",-95.26667,16.36667,"Pacific Lowlands province","Peniocereus","Mexico",16.7999992370605,26.5166664123535,2,116.53727722168,255,7,2.01303386688232,0.203312873840332
"Peniocereus fosterianus",-95.02778,16.68083,"Pacific Lowlands province","Peniocereus","Mexico",15.2000007629395,23.1166667938232,4,110.231750488281,267,17,32.863639831543,-0.116756439208984
"Peniocereus oaxacensis",-96.38118,15.692791,"Pacific Lowlands province","Peniocereus","Oaxaca",14.2999992370605,25.283332824707,4,105.520027160645,315,15,4.09780931472778,-0.811890721321106
"Peniocereus oaxacensis",-96.342673,15.705358,"Pacific Lowlands province","Peniocereus","Oaxaca",14.1000022888184,25.4500007629395,5,105.069580078125,336,16,7.20942115783691,0.596474647521973
"Peniocereus oaxacensis",-96.34162,15.710617,"Pacific Lowlands province","Peniocereus","Oaxaca",14.1000003814697,25.5,5,104.360763549805,346,16,7.25105857849121,0.406326293945312
"Peniocereus oaxacensis",-96.376493,15.710791,"Pacific Lowlands province","Peniocereus","Oaxaca",14.4000015258789,25.25,5,104.192077636719,330,17,6.38363409042358,-3.446129322052
"Peniocereus oaxacensis",-96.227569,15.710869,"Pacific Lowlands province","Peniocereus","Oaxaca",13.3999996185303,25.5499992370605,5,105.666763305664,367,17,3.89471530914307,0.219505786895752
"Peniocereus oaxacensis",-96.368905,15.717229,"Pacific Lowlands province","Peniocereus","Oaxaca",14.5,25.2999992370605,5,104.267456054688,339,17,19.2251434326172,-0.0343403816223145
"Peniocereus oaxacensis",-96.17999,15.721025,"Pacific Lowlands province","Peniocereus","Oaxaca",13.4000015258789,25.6666660308838,4,106.648284912109,374,15,3.98986768722534,-0.202034950256348
"Peniocereus oaxacensis",-96.166882,15.723256,"Pacific Lowlands province","Peniocereus","Oaxaca",13.4000015258789,25.6499996185303,4,106.895240783691,370,15,15.5430488586426,-4.42292451858521
"Peniocereus oaxacensis",-96.173991,15.725402,"Pacific Lowlands province","Peniocereus","Oaxaca",13.4000015258789,25.6333332061768,4,106.847465515137,371,15,4.60322904586792,-2.2112340927124
"Peniocereus oaxacensis",-96.292879,15.726277,"Pacific Lowlands province","Peniocereus","Oaxaca",14,25.7000007629395,6,104.42407989502,353,18,6.35162734985352,0.729100227355957
"Peniocereus oaxacensis",-96.329347,15.729654,"Pacific Lowlands province","Peniocereus","Oaxaca",14.2000007629395,25.6000003814697,6,104.168365478516,354,18,12.8763952255249,-2.20963859558105
"Peniocereus oaxacensis",-96.157201,15.729986,"Pacific Lowlands province","Peniocereus","Oaxaca",13.4000015258789,25.6333332061768,4,107.498657226562,370,14,12.7368326187134,-0.585568428039551
"Peniocereus oaxacensis",-96.247223,15.738665,"Pacific Lowlands province","Peniocereus","Oaxaca",13.9000015258789,25.716667175293,5,105.247482299805,357,18,14.0945205688477,-2.9768853187561
"Peniocereus oaxacensis",-96.161389,15.73922,"Pacific Lowlands province","Peniocereus","Oaxaca",13.4000015258789,25.6333332061768,4,106.962257385254,373,15,5.81936359405518,-1.71528768539429
"Peniocereus oaxacensis",-96.26247,15.740707,"Pacific Lowlands province","Peniocereus","Oaxaca",13.6999988555908,25.716667175293,5,105.010498046875,369,18,9.44357872009277,0.317630767822266
"Peniocereus oaxacensis",-96.160165,15.74408,"Pacific Lowlands province","Peniocereus","Oaxaca",13.4000015258789,25.6333332061768,4,106.617530822754,378,16,10.0484743118286,1.23716831207275
"Peniocereus oaxacensis",-96.198542,15.745148,"Pacific Lowlands province","Peniocereus","Oaxaca",13.5,25.6833324432373,5,105.159339904785,380,18,6.18135166168213,0.341625213623047
"Peniocereus oaxacensis",-96.191113,15.749015,"Pacific Lowlands province","Peniocereus","Oaxaca",13.5,25.6833324432373,5,105.385704040527,373,18,10.6387042999268,2.29304218292236
"Peniocereus oaxacensis",-96.311177,15.750962,"Pacific Lowlands province","Peniocereus","Oaxaca",14.4000015258789,25.6833324432373,6,104.178314208984,354,18,6.9496283531189,-0.707828521728516
"Peniocereus oaxacensis",-96.536391,15.751528,"Pacific Lowlands province","Peniocereus","Oaxaca",17.2000007629395,24.8500003814697,5,104.51602935791,286,16,13.7390546798706,-0.596443176269531
"Peniocereus oaxacensis",-96.180641,15.751739,"Pacific Lowlands province","Peniocereus","Oaxaca",13.5,25.6833324432373,4,105.817123413086,376,17,2.55789923667908,2.17349433898926
"Peniocereus oaxacensis",-96.14911,15.75389,"Pacific Lowlands province","Peniocereus","Oaxaca",13.3000011444092,25.7000007629395,4,106.516403198242,381,16,4.59931707382202,3.28898334503174
"Peniocereus oaxacensis",-96.152219,15.754078,"Pacific Lowlands province","Peniocereus","Oaxaca",13.3999996185303,25.6833324432373,4,106.541473388672,380,16,7.01154232025146,0.730657577514648
"Peniocereus oaxacensis",-96.280589,15.7543,"Pacific Lowlands province","Peniocereus","Oaxaca",13.8000011444092,25.783332824707,6,104.198127746582,373,19,5.22141742706299,0.300867080688477
"Peniocereus oaxacensis",-96.17839,15.75875,"Pacific Lowlands province","Peniocereus","Oaxaca",13.6999988555908,25.6833324432373,4,105.714080810547,378,17,3.53206944465637,0.125733852386475
"Peniocereus oaxacensis",-96.246896,15.761838,"Pacific Lowlands province","Peniocereus","Oaxaca",13.9000015258789,25.7333335876465,5,104.814735412598,375,18,11.7759170532227,-1.66637992858887
"Peniocereus oaxacensis",-96.196244,15.761865,"Pacific Lowlands province","Peniocereus","Oaxaca",13.6999988555908,25.7000007629395,5,105.341682434082,382,18,2.93249177932739,0.266938209533691
"Peniocereus oaxacensis",-96.330845,15.764174,"Pacific Lowlands province","Peniocereus","Oaxaca",14.3000011444092,25.5499992370605,5,104.13240814209,367,18,4.29189443588257,0.541530609130859
"Peniocereus oaxacensis",-96.119561,15.766478,"Pacific Lowlands province","Peniocereus","Oaxaca",13.6999988555908,25.8999996185303,4,106.886001586914,365,15,3.8555018901825,3.63685131072998
"Peniocereus oaxacensis",-96.19289,15.76711,"Pacific Lowlands province","Peniocereus","Oaxaca",13.6999988555908,25.7000007629395,5,105.717002868652,387,17,2.46142983436584,-1.39800834655762
"Peniocereus oaxacensis",-96.386014,15.767629,"Pacific Lowlands province","Peniocereus","Oaxaca",15.1000003814697,25.2000007629395,5,103.400634765625,353,19,2.25859403610229,0.319309234619141
"Peniocereus oaxacensis",-96.122176,15.768673,"Pacific Lowlands province","Peniocereus","Oaxaca",13.5999984741211,25.9500007629395,4,107.129440307617,371,15,14.54163646698,-1.19157242774963
"Peniocereus oaxacensis",-96.133459,15.770267,"Pacific Lowlands province","Peniocereus","Oaxaca",13.6999988555908,25.8666667938232,4,105.176910400391,371,17,4.96077299118042,0.53299880027771
"Peniocereus oaxacensis",-96.246753,15.771036,"Pacific Lowlands province","Peniocereus","Oaxaca",13.8999996185303,25.75,5,104.206573486328,383,20,9.05917358398438,3.5697135925293
"Peniocereus oaxacensis",-96.21681,15.77319,"Pacific Lowlands province","Peniocereus","Oaxaca",13.8000011444092,25.716667175293,5,104.951301574707,387,19,14.0076885223389,-0.106846809387207
"Peniocereus oaxacensis",-96.154104,15.773196,"Pacific Lowlands province","Peniocereus","Oaxaca",13.6000003814697,25.7999992370605,4,105.831687927246,384,18,4.65218305587769,0.361503601074219
"Peniocereus oaxacensis",-96.166705,15.773854,"Pacific Lowlands province","Peniocereus","Oaxaca",13.7000007629395,25.7333335876465,4,105.479331970215,381,17,2.89824438095093,-1.34675312042236
"Peniocereus oaxacensis",-96.110242,15.774541,"Pacific Lowlands province","Peniocereus","Oaxaca",13.5,25.9500007629395,4,107.65616607666,380,15,5.32825088500977,3.68632984161377
"Peniocereus oaxacensis",-96.135074,15.77513,"Pacific Lowlands province","Peniocereus","Oaxaca",13.6999988555908,25.9166660308838,4,105.893310546875,380,17,22.4120903015137,-0.696677684783936
"Peniocereus oaxacensis",-96.146583,15.776953,"Pacific Lowlands province","Peniocereus","Oaxaca",13.6999988555908,25.8833332061768,4,105.710525512695,385,18,17.2106628417969,-1.83114051818848
"Peniocereus oaxacensis",-96.19911,15.77847,"Pacific Lowlands province","Peniocereus","Oaxaca",13.6999988555908,25.716667175293,4,105.755226135254,393,16,2.72000527381897,-0.454357147216797
"Peniocereus oaxacensis",-96.092836,15.779428,"Pacific Lowlands province","Peniocereus","Oaxaca",13.4000015258789,26,4,107.432373046875,380,15,15.2680015563965,-1.26697301864624
"Peniocereus oaxacensis",-96.363482,15.77951,"Pacific Lowlands province","Peniocereus","Oaxaca",15.0999984741211,25.25,6,103.708694458008,362,20,3.05747866630554,-0.0919437408447266
"Peniocereus oaxacensis",-96.127927,15.779649,"Pacific Lowlands province","Peniocereus","Oaxaca",13.5999984741211,25.9500007629395,4,106.702934265137,380,16,9.7203369140625,-0.323342323303223
"Peniocereus oaxacensis",-96.085909,15.782166,"Pacific Lowlands province","Peniocereus","Oaxaca",13.3999977111816,25.9500007629395,3,107.829399108887,381,14,9.14281940460205,0.151158332824707
"Peniocereus oaxacensis",-96.118134,15.782554,"Pacific Lowlands province","Peniocereus","Oaxaca",13.5,25.9333343505859,4,107.03434753418,385,15,14.4573364257812,-0.089263916015625
"Peniocereus oaxacensis",-96.136687,15.783461,"Pacific Lowlands province","Peniocereus","Oaxaca",13.6999988555908,25.9333343505859,4,106.149055480957,389,17,12.1878976821899,-2.65266227722168
"Peniocereus oaxacensis",-96.143326,15.784491,"Pacific Lowlands province","Peniocereus","Oaxaca",13.8000011444092,25.966667175293,4,105.871795654297,385,17,9.29592514038086,-1.6861629486084
"Peniocereus oaxacensis",-96.13311,15.787887,"Pacific Lowlands province","Peniocereus","Oaxaca",13.5999984741211,25.966667175293,4,106.688018798828,384,15,16.4503231048584,0.489041328430176
"Peniocereus oaxacensis",-96.08883,15.788281,"Pacific Lowlands province","Peniocereus","Oaxaca",13.5,25.9500007629395,3,107.637619018555,380,14,12.132381439209,1.46104860305786
"Peniocereus oaxacensis",-96.159777,15.788862,"Pacific Lowlands province","Peniocereus","Oaxaca",13.7999992370605,25.8500003814697,4,105.389587402344,395,17,9.14448356628418,2.26528930664062
"Peniocereus oaxacensis",-96.169764,15.789017,"Pacific Lowlands province","Peniocereus","Oaxaca",13.8000011444092,25.75,4,105.281997680664,402,18,7.45703172683716,2.64915466308594
"Peniocereus oaxacensis",-96.118906,15.790295,"Pacific Lowlands province","Peniocereus","Oaxaca",13.5999984741211,25.9833335876465,4,107.050323486328,382,15,2.18750739097595,-1.02032375335693
"Peniocereus oaxacensis",-96.161124,15.791745,"Pacific Lowlands province","Peniocereus","Oaxaca",13.7000007629395,25.8166656494141,4,105.301162719727,396,18,18.2809066772461,0.903478622436523
"Peniocereus oaxacensis",-96.036185,15.792293,"Pacific Lowlands province","Peniocereus","Oaxaca",13.6000003814697,25.9500007629395,3,108.833236694336,373,12,7.49334383010864,1.52633714675903
"Peniocereus oaxacensis",-96.09702,15.792302,"Pacific Lowlands province","Peniocereus","Oaxaca",13.5,25.9833335876465,3,107.291397094727,384,14,6.83169841766357,1.76860332489014
"Peniocereus oaxacensis",-96.083957,15.792379,"Pacific Lowlands province","Peniocereus","Oaxaca",13.5,25.966667175293,3,107.249328613281,382,15,5.97035026550293,0.275669574737549
"Peniocereus oaxacensis",-96.12856,15.792549,"Pacific Lowlands province","Peniocereus","Oaxaca",13.8000011444092,25.966667175293,3,106.716438293457,383,14,9.16944122314453,-2.37255620956421
"Peniocereus oaxacensis",-96.060179,15.792591,"Pacific Lowlands province","Peniocereus","Oaxaca",13.4999980926514,25.8666667938232,4,107.840713500977,380,15,3.72409725189209,-3.09784841537476
"Peniocereus oaxacensis",-96.107702,15.792852,"Pacific Lowlands province","Peniocereus","Oaxaca",13.5,25.9833335876465,3,107.129508972168,385,14,9.93980693817139,-3.03948783874512
"Peniocereus oaxacensis",-96.079374,15.793194,"Pacific Lowlands province","Peniocereus","Oaxaca",13.4999980926514,25.8999996185303,3,107.50675201416,385,15,11.9067811965942,1.75004768371582
"Peniocereus oaxacensis",-96.071211,15.793403,"Pacific Lowlands province","Peniocereus","Oaxaca",13.4999980926514,25.8833332061768,3,107.941352844238,382,14,4.34418725967407,2.8296480178833
"Peniocereus oaxacensis",-96.348415,15.794116,"Pacific Lowlands province","Peniocereus","Oaxaca",15,25.283332824707,6,103.39404296875,372,21,2.84092545509338,0.0768108367919922
"Peniocereus oaxacensis",-96.055825,15.794417,"Pacific Lowlands province","Peniocereus","Oaxaca",13.6000003814697,25.9166660308838,4,108.739051818848,369,13,14.4692764282227,2.00088882446289
"Peniocereus oaxacensis",-96.179368,15.794983,"Pacific Lowlands province","Peniocereus","Oaxaca",13.7999992370605,25.6833343505859,5,104.835823059082,403,19,11.3700046539307,-0.542547225952148
"Peniocereus oaxacensis",-96.155021,15.796599,"Pacific Lowlands province","Peniocereus","Oaxaca",13.7000007629395,25.8666667938232,4,105.666397094727,399,17,7.44268178939819,1.93453216552734
"Peniocereus oaxacensis",-96.168843,15.7993,"Pacific Lowlands province","Peniocereus","Oaxaca",13.7999992370605,25.7000007629395,4,105.244804382324,409,17,15.0147008895874,1.30861663818359
"Peniocereus oaxacensis",-96.119285,15.799707,"Pacific Lowlands province","Peniocereus","Oaxaca",13.5999984741211,26,3,107.107315063477,380,14,14.8620300292969,-1.82045364379883
"Peniocereus oaxacensis",-96.035142,15.808711,"Pacific Lowlands province","Peniocereus","Oaxaca",13.6999988555908,26.0166664123535,4,107.662139892578,373,15,5.02953672409058,-1.51285934448242
"Peniocereus oaxacensis",-96.12729,15.822245,"Pacific Lowlands province","Peniocereus","Oaxaca",13.5999984741211,25.8500003814697,4,105.719093322754,410,17,18.9812412261963,-3.26654815673828
"Peniocereus oaxacensis",-96.181044,15.846943,"Pacific Lowlands province","Peniocereus","Oaxaca",14.2999992370605,24.6499996185303,4,103.426246643066,406,19,33.9406280517578,-1.28519058227539
"Peniocereus oaxacensis",-95.894167,15.856667,"Pacific Lowlands province","Peniocereus","Oaxaca",14.1999988555908,26.25,2,110.638954162598,350,10,7.88136577606201,-3.03940773010254
"Peniocereus oaxacensis",-95.978333,15.861944,"Pacific Lowlands province","Peniocereus","Oaxaca",13.7999992370605,25.6000003814697,3,107.804534912109,381,14,20.1796188354492,-1.7386474609375
"Peniocereus oaxacensis",-96.060551,15.862925,"Pacific Lowlands province","Peniocereus","Oaxaca",13.7000007629395,25.3500003814697,3,106.142333984375,401,16,17.2561359405518,2.302978515625
"Peniocereus oaxacensis",-95.90861,15.86389,"Pacific Lowlands province","Peniocereus","Oaxaca",14.1999988555908,26.0833320617676,3,109.585411071777,354,13,10.310827255249,0.617373466491699
"Peniocereus oaxacensis",-96.06198,15.870731,"Pacific Lowlands province","Peniocereus","Oaxaca",13.8999996185303,25.0666656494141,3,105.376815795898,396,16,24.38547706604,-1.22850036621094
"Peniocereus oaxacensis",-96.004722,15.875278,"Pacific Lowlands province","Peniocereus","Oaxaca",14.0999984741211,25.6833324432373,3,108.232803344727,377,13,26.2971229553223,-0.579124450683594
"Peniocereus oaxacensis",-96.139739,15.882561,"Pacific Lowlands province","Peniocereus","Oaxaca",14.1999988555908,25.033332824707,4,106.44458770752,420,17,27.903226852417,-1.66043090820312
"Peniocereus oaxacensis",-96.105697,15.954943,"Pacific Lowlands province","Peniocereus","Oaxaca",13.1000003814697,22.4333343505859,6,98.4977874755859,441,29,8.12589168548584,-1.88563537597656
"Peniocereus oaxacensis",-95.58572,15.96969,"Pacific Lowlands province","Peniocereus","Oaxaca",14.5,26.5,2,114.290733337402,296,7,1.25846230983734,-0.0179033279418945
"Peniocereus oaxacensis",-95.71717,15.98103,"Pacific Lowlands province","Peniocereus","Oaxaca",14.8000011444092,26.716667175293,2,110.398727416992,304,11,1.12276661396027,0.0641365051269531
"Peniocereus oaxacensis",-96.481113,16.080103,"Sierra Madre del Sur province","Peniocereus","Oaxaca",13.7000007629395,15.8999996185303,6,92.4449005126953,379,41,16.364294052124,-1.91754150390625
"Peniocereus oaxacensis",-95.61806,16.10656,"Pacific Lowlands province","Peniocereus","Oaxaca",15.6000022888184,25.1999988555908,1,111.124084472656,256,5,21.5242042541504,0.683998107910156
"Peniocereus oaxacensis",-95.29712,16.316267,"Pacific Lowlands province","Peniocereus","Oaxaca",16.6999988555908,26.3833332061768,1,118.195114135742,243,5,15.8686408996582,-0.0877227783203125
"Peniocereus oaxacensis",-95.32556,16.365,"Pacific Lowlands province","Peniocereus","Oaxaca",16.4000015258789,25.5666656494141,1,120.284889221191,240,4,3.53314757347107,0.306328773498535
"Peniocereus oaxacensis",-95.533,16.37006,"Pacific Lowlands province","Peniocereus","Oaxaca",17.3999996185303,23.7999992370605,2,104.61385345459,201,10,6.40773725509644,2.06884002685547
"Peniocereus oaxacensis",-94.21472,16.38917,"Pacific Lowlands province","Peniocereus","Oaxaca",17.3999977111816,26.2000007629395,2,111.243591308594,471,10,4.07448101043701,-0.72844409942627
"Peniocereus oaxacensis",-95.240118,16.421608,"Pacific Lowlands province","Peniocereus","Oaxaca",15.8000011444092,25.6333332061768,2,116.999031066895,243,8,2.06586050987244,-0.14517879486084
"Peniocereus oaxacensis",-95.6453,16.43865,"Pacific Lowlands province","Peniocereus","Oaxaca",18.2000007629395,24.216667175293,1,109.207817077637,186,5,7.46466159820557,-6.34840393066406
"Peniocereus oaxacensis",-95.6988,16.45575,"Pacific Lowlands province","Peniocereus","Oaxaca",18.3999977111816,22.7999992370605,4,98.8939056396484,201,15,10.2236337661743,0.367988586425781
"Peniocereus oaxacensis",-95.031423,16.51193,"Pacific Lowlands province","Peniocereus","Oaxaca",15.5,25.1333332061768,2,114.444061279297,286,10,0.345925211906433,0.242114543914795
"Peniocereus oaxacensis",-94.9228,16.53028,"Pacific Lowlands province","Peniocereus","Oaxaca",15.4999980926514,24.8500003814697,3,110.222808837891,295,13,2.02365183830261,0.369023203849792
"Peniocereus oaxacensis",-96.038611,16.600833,"Pacific Lowlands province","Peniocereus","Oaxaca",20.7999992370605,22.2000007629395,2,100.566909790039,212,9,0.530202388763428,-0.240104675292969
"Peniocereus oaxacensis",-95.203928,16.699985,"Pacific Lowlands province","Peniocereus","Oaxaca",16.2000007629395,23.033332824707,4,105.066345214844,191,19,35.9132919311523,2.40730285644531
"Peniocereus oaxacensis",-94.863203,16.707453,"Pacific Lowlands province","Peniocereus","Oaxaca",16.6999988555908,23.1666660308838,19,80.920295715332,308,136,1.04187107086182,-0.0467987060546875
"Peniocereus occidentalis",-96.683329,15.71098,"Pacific Lowlands province","Peniocereus","Oaxaca",16.1999988555908,24.8666667938232,4,109.480888366699,390,13,1.41315722465515,0.0660085678100586
"Peniocereus occidentalis",-96.169502,15.719423,"Pacific Lowlands province","Peniocereus","Oaxaca",13.4000015258789,25.6499996185303,4,106.895240783691,370,15,7.66963958740234,0.331573486328125
"Peniocereus occidentalis",-96.186155,15.722193,"Pacific Lowlands province","Peniocereus","Oaxaca",13.4000015258789,25.6833324432373,4,106.648284912109,374,15,2.17231774330139,-0.171505928039551
"Peniocereus occidentalis",-96.17966,15.725718,"Pacific Lowlands province","Peniocereus","Oaxaca",13.3000011444092,25.6666660308838,4,106.529365539551,379,16,15.683198928833,0.454444885253906
"Peniocereus occidentalis",-96.193867,15.731347,"Pacific Lowlands province","Peniocereus","Oaxaca",13.4000015258789,25.6666660308838,5,106.03426361084,377,17,8.33176612854004,-3.81606101989746
"Peniocereus occidentalis",-96.19129,15.735611,"Pacific Lowlands province","Peniocereus","Oaxaca",13.5,25.6833324432373,4,106.122398376465,370,15,6.64663934707642,-0.82561206817627
"Peniocereus occidentalis",-96.164297,15.741957,"Pacific Lowlands province","Peniocereus","Oaxaca",13.4000015258789,25.6333332061768,4,106.617530822754,378,16,8.10903644561768,0.530834197998047
"Peniocereus occidentalis",-96.549688,15.750105,"Pacific Lowlands province","Peniocereus","Oaxaca",17.2000007629395,24.8666667938232,5,104.763313293457,286,15,7.37075996398926,3.89008665084839
"Peniocereus occidentalis",-96.152901,15.76043,"Pacific Lowlands province","Peniocereus","Oaxaca",13.4999980926514,25.75,4,106.078063964844,383,17,8.31564903259277,1.82084655761719
"Peniocereus occidentalis",-96.080592,15.784123,"Pacific Lowlands province","Peniocereus","Oaxaca",13.5,25.9166660308838,4,107.764579772949,377,15,14.1183605194092,0.622130870819092
"Peniocereus occidentalis",-96.149103,15.785145,"Pacific Lowlands province","Peniocereus","Oaxaca",13.8000011444092,25.966667175293,4,105.871795654297,385,17,4.14882278442383,0.331318855285645
"Peniocereus occidentalis",-96.150288,15.792903,"Pacific Lowlands province","Peniocereus","Oaxaca",13.7000007629395,25.8666667938232,4,105.666397094727,399,17,9.02497863769531,0.639915466308594
"Peniocereus occidentalis",-96.041943,15.792955,"Pacific Lowlands province","Peniocereus","Oaxaca",13.6999988555908,25.9333343505859,3,109.048286437988,367,12,2.18953466415405,-0.0639678239822388
"Peniocereus occidentalis",-96.097698,15.794407,"Pacific Lowlands province","Peniocereus","Oaxaca",13.5,25.9833335876465,3,107.291397094727,384,14,2.42935252189636,0.149073600769043
"Peniocereus occidentalis",-96.127722,15.882182,"Pacific Lowlands province","Peniocereus","Oaxaca",14,25.216667175293,4,106.833183288574,412,17,29.265531539917,1.29803848266602
"Peniocereus occidentalis",-96.000582,15.948012,"Pacific Lowlands province","Peniocereus","Oaxaca",15.1000003814697,25.0499992370605,3,107.06770324707,369,14,11.9431114196777,0.511665344238281
"Peniocereus occidentalis",-97.112096,15.995623,"Pacific Lowlands province","Peniocereus","Oaxaca",16.1999988555908,23.2999992370605,2,108.243598937988,361,11,17.5575828552246,0.123508453369141
"Pereskia lychnidiflora",-96.188889,15.713889,"Pacific Lowlands province","Pereskia","No",13.5,25.7000007629395,4,106.889678955078,364,15,5.80106925964355,1.8434476852417
"Pereskia lychnidiflora",-96.1675,15.724444,"Pacific Lowlands province","Pereskia","No",13.4000015258789,25.6499996185303,4,106.895240783691,370,15,17.5491847991943,0.023693323135376
"Pereskia lychnidiflora",-96.163134,15.725161,"Pacific Lowlands province","Pereskia","No",13.5,25.6666660308838,4,107.214950561523,362,14,3.83011937141418,-0.340898931026459
"Pereskia lychnidiflora",-96.184197,15.727541,"Pacific Lowlands province","Pereskia","No",13.3000011444092,25.6666660308838,5,105.921966552734,383,17,18.6656742095947,0.331731796264648
"Pereskia lychnidiflora",-96.182396,15.728244,"Pacific Lowlands province","Pereskia","No",13.3000011444092,25.6666660308838,4,106.529365539551,379,16,16.8708686828613,3.18440818786621
"Pereskia lychnidiflora",-96.157365,15.732717,"Pacific Lowlands province","Pereskia","No",13.4000015258789,25.6333332061768,4,107.498657226562,370,14,3.02740526199341,-0.573709607124329
"Pereskia lychnidiflora",-96.159302,15.73489,"Pacific Lowlands province","Pereskia","No",13.4000015258789,25.6333332061768,4,106.962257385254,373,15,7.40339136123657,-1.64375615119934
"Pereskia lychnidiflora",-96.16892,15.74086,"Pacific Lowlands province","Pereskia","No",13.5,25.6666660308838,4,106.668212890625,367,15,2.05514287948608,-2.51947689056396
"Pereskia lychnidiflora",-96.14167,15.74444,"Pacific Lowlands province","Pereskia","No",13.2999992370605,25.6000003814697,4,107.045303344727,378,15,6.59265756607056,1.05703067779541
"Pereskia lychnidiflora",-96.20197,15.746813,"Pacific Lowlands province","Pereskia","No",13.5,25.6833324432373,5,105.137985229492,381,18,7.91482877731323,-0.932354927062988
"Pereskia lychnidiflora",-96.170601,15.749351,"Pacific Lowlands province","Pereskia","No",13.5,25.6666660308838,4,106.602127075195,371,15,6.26004838943481,-0.902237892150879
"Pereskia lychnidiflora",-96.17062,15.7502,"Pacific Lowlands province","Pereskia","No",13.5999984741211,25.716667175293,4,106.270751953125,372,15,4.7318172454834,1.06309843063354
"Pereskia lychnidiflora",-96.143761,15.750541,"Pacific Lowlands province","Pereskia","No",13.3000011444092,25.7000007629395,4,106.516403198242,381,16,10.012825012207,-2.21652603149414
"Pereskia lychnidiflora",-96.203558,15.751268,"Pacific Lowlands province","Pereskia","No",13.5,25.6833324432373,5,104.765815734863,382,19,5.50236082077026,0.747520446777344
"Pereskia lychnidiflora",-96.19998,15.755828,"Pacific Lowlands province","Pereskia","No",13.5,25.6833324432373,4,105.276153564453,382,17,8.61724662780762,2.24980354309082
"Pereskia lychnidiflora",-96.166122,15.755835,"Pacific Lowlands province","Pereskia","No",13.5,25.6833324432373,4,106.601623535156,374,15,4.94188070297241,-0.260256290435791
"Pereskia lychnidiflora",-96.130952,15.759158,"Pacific Lowlands province","Pereskia","No",13.6000003814697,25.8666667938232,4,105.97705078125,368,16,24.4903373718262,3.04582214355469
"Pereskia lychnidiflora",-96.161453,15.76059,"Pacific Lowlands province","Pereskia","No",13.5999984741211,25.7333335876465,4,106.339149475098,375,16,6.58613872528076,-0.78206729888916
"Pereskia lychnidiflora",-96.19346,15.76811,"Pacific Lowlands province","Pereskia","No",13.6999988555908,25.7000007629395,5,105.717002868652,387,17,4.98704767227173,1.59399795532227
"Pereskia lychnidiflora",-96.1332,15.768462,"Pacific Lowlands province","Pereskia","No",13.6999988555908,25.8833332061768,4,105.833557128906,371,17,3.5410897731781,-1.0460798740387
"Pereskia lychnidiflora",-96.121524,15.768745,"Pacific Lowlands province","Pereskia","No",13.5999984741211,25.9500007629395,4,107.129440307617,371,15,4.17399740219116,-2.34295964241028
"Pereskia lychnidiflora",-96.200218,15.772347,"Pacific Lowlands province","Pereskia","No",13.6999988555908,25.7000007629395,5,105.568016052246,388,17,0.852416753768921,-0.97234058380127
"Pereskia lychnidiflora",-96.239754,15.772959,"Pacific Lowlands province","Pereskia","No",14,25.716667175293,5,104.875999450684,376,20,4.78506183624268,-2.48709392547607
"Pereskia lychnidiflora",-96.15958,15.77631,"Pacific Lowlands province","Pereskia","No",13.7000007629395,25.7999992370605,4,105.689102172852,387,18,11.2579584121704,2.35466384887695
"Pereskia lychnidiflora",-96.210304,15.779168,"Pacific Lowlands province","Pereskia","No",13.9000015258789,25.716667175293,5,104.964866638184,387,18,7.41307353973389,1.04819679260254
"Pereskia lychnidiflora",-96.19961,15.779699,"Pacific Lowlands province","Pereskia","No",13.6999988555908,25.716667175293,4,105.755226135254,393,16,1.1925060749054,-0.0599966049194336
"Pereskia lychnidiflora",-96.155095,15.781602,"Pacific Lowlands province","Pereskia","No",13.7999992370605,25.8333339691162,4,105.997146606445,384,17,1.00326371192932,-0.0298871994018555
"Pereskia lychnidiflora",-96.190162,15.78169,"Pacific Lowlands province","Pereskia","No",13.6999988555908,25.6833324432373,4,105.384719848633,395,17,4.94424486160278,0.62281608581543
"Pereskia lychnidiflora",-96.060558,15.78311,"Pacific Lowlands province","Pereskia","No",13.6000003814697,25.8833332061768,3,108.847480773926,367,12,15.720850944519,0.723897695541382
"Pereskia lychnidiflora",-96.218185,15.783434,"Pacific Lowlands province","Pereskia","No",14,25.716667175293,5,104.833282470703,394,18,3.1115550994873,-1.19207572937012
"Pereskia lychnidiflora",-96.205779,15.783554,"Pacific Lowlands province","Pereskia","No",13.9000015258789,25.716667175293,5,105.028511047363,393,18,11.5399894714355,-0.1031494140625
"Pereskia lychnidiflora",-96.058701,15.784256,"Pacific Lowlands province","Pereskia","No",13.4999980926514,25.8833332061768,3,108.107391357422,376,14,4.02123498916626,-1.13298273086548
"Pereskia lychnidiflora",-96.145918,15.784511,"Pacific Lowlands province","Pereskia","No",13.8000011444092,25.966667175293,4,105.871795654297,385,17,16.408863067627,-0.633311748504639
"Pereskia lychnidiflora",-96.058319,15.785048,"Pacific Lowlands province","Pereskia","No",13.7000007629395,25.8500003814697,3,108.904991149902,369,12,4.94885969161987,1.36978960037231
"Pereskia lychnidiflora",-96.11515,15.79362,"Pacific Lowlands province","Pereskia","No",13.5999984741211,26.0166664123535,3,107.194808959961,376,14,4.90517139434814,-1.48236608505249
"Pereskia lychnidiflora",-96.065,15.8075,"Pacific Lowlands province","Pereskia","No",13.6000003814697,25.9166660308838,4,107.516403198242,380,15,12.7330980300903,-0.882107257843018
"Pereskia lychnidiflora",-95.98492,15.813888,"Pacific Lowlands province","Pereskia","No",13.8000011444092,26.0499992370605,3,109.369270324707,362,12,17.2045936584473,-5.21830368041992
"Pereskia lychnidiflora",-95.96056,15.83472,"Pacific Lowlands province","Pereskia","No",13.9000015258789,25.9833335876465,3,109.478691101074,356,12,0.688084185123444,-0.903581142425537
"Pereskia lychnidiflora",-95.95306,15.83583,"Pacific Lowlands province","Pereskia","No",13.9000015258789,25.966667175293,3,109.514892578125,357,12,5.43645143508911,-1.4413890838623
"Pereskia lychnidiflora",-96.32666,15.84361,"Pacific Lowlands province","Pereskia","No",15.1000022888184,24.8333320617676,5,104.419334411621,386,19,10.6194477081299,-3.48011016845703
"Pereskia lychnidiflora",-95.913611,15.843889,"Pacific Lowlands province","Pereskia","No",14.2000007629395,26.1666660308838,2,110.519897460938,351,11,2.14067053794861,-0.130256652832031
"Pereskia lychnidiflora",-95.837,15.86511,"Pacific Lowlands province","Pereskia","No",14.5,26.5166664123535,2,111.395584106445,338,9,6.9892749786377,-0.926676392555237
"Pereskia lychnidiflora",-95.960641,15.866324,"Pacific Lowlands province","Pereskia","No",13.8999996185303,25.9333343505859,3,109.241096496582,360,13,28.0601329803467,2.37843084335327
"Pereskia lychnidiflora",-95.95416,15.86666,"Pacific Lowlands province","Pereskia","No",13.8999996185303,25.966667175293,3,109.215744018555,360,13,12.2122411727905,-1.00161266326904
"Pereskia lychnidiflora",-95.810833,15.8925,"Pacific Lowlands province","Pereskia","No",14.7000007629395,26.6499996185303,2,110.833122253418,330,9,4.25323534011841,-0.514931440353394
"Pereskia lychnidiflora",-95.93306,15.90472,"Pacific Lowlands province","Pereskia","No",14.3999996185303,25.5666656494141,3,108.078353881836,360,13,21.5943164825439,-0.727687835693359
"Pereskia lychnidiflora",-95.856944,15.914167,"Pacific Lowlands province","Pereskia","No",14.6999988555908,26.5,2,110.26114654541,335,10,2.42949891090393,0.228532552719116
"Pereskia lychnidiflora",-96.075,15.949167,"Pacific Lowlands province","Pereskia","No",14.1999988555908,23.8833332061768,3,104.961387634277,376,15,6.23770427703857,-1.42555618286133
"Pereskia lychnidiflora",-95.16667,16.16667,"Pacific Lowlands province","Pereskia","No",15.3000011444092,26.2999992370605,1,118.104179382324,269,4,22.9755458831787,-1.72196745872498
"Pereskia lychnidiflora",-95.132693,16.195862,"Pacific Lowlands province","Pereskia","No",15.2999992370605,26.2666664123535,1,118.240165710449,278,5,1.30610358715057,-0.143293440341949
"Pereskia lychnidiflora",-95.141667,16.241667,"Pacific Lowlands province","Pereskia","No",15.7999992370605,26.4833335876465,2,115.322471618652,273,8,18.6940746307373,0.95183277130127
"Pereskia lychnidiflora",-95.177222,16.244444,"Pacific Lowlands province","Pereskia","No",16.1000003814697,26.716667175293,2,113.933708190918,274,10,2.05177783966064,-0.424705624580383
"Pereskia lychnidiflora",-95.275,16.271944,"Pacific Lowlands province","Pereskia","No",16.7000007629395,26.4833335876465,1,117.503189086914,259,5,0.747535526752472,-0.203163146972656
"Pereskia lychnidiflora",-95.44306,16.31528,"Pacific Lowlands province","Pereskia","No",16.8000011444092,23.8666667938232,1,112.823783874512,202,6,26.3581275939941,-0.513767242431641
"Pereskia lychnidiflora",-95.099813,16.319511,"Pacific Lowlands province","Pereskia","No",15.6999988555908,26.0666675567627,2,115.765884399414,282,8,2.9881443977356,0.7730593085289
"Pereskia lychnidiflora",-95.1413,16.32663,"Pacific Lowlands province","Pereskia","No",16.0000019073486,26.3166656494141,2,116.493476867676,278,6,0.290118396282196,-0.106645107269287
"Pereskia lychnidiflora",-95.009013,16.333725,"Pacific Lowlands province","Pereskia","No",15,25.3999996185303,2,117.043579101562,287,8,1.52012693881989,0.419176757335663
"Pereskia lychnidiflora",-95.212264,16.346214,"Pacific Lowlands province","Pereskia","No",16.6999988555908,26.4500007629395,3,115.095741271973,265,9,1.47728717327118,-0.283297538757324
"Pereskia lychnidiflora",-95.198642,16.353572,"Pacific Lowlands province","Pereskia","No",16.4999980926514,26.2999992370605,2,115.270385742188,268,8,0.619289994239807,0.00786709785461426
"Pereskia lychnidiflora",-95.178889,16.360278,"Pacific Lowlands province","Pereskia","No",16.2999992370605,26.2000007629395,2,115.964408874512,270,7,0.443168729543686,0.00963592529296875
"Pereskia lychnidiflora",-95.322254,16.362402,"Pacific Lowlands province","Pereskia","No",16.3999977111816,25.8166656494141,1,120.098640441895,244,4,3.72073221206665,-0.372355461120605
"Pereskia lychnidiflora",-95.32694,16.36416,"Pacific Lowlands province","Pereskia","No",16.4000015258789,25.5666656494141,1,120.284889221191,240,4,3.37497043609619,-0.0689668655395508
"Pereskia lychnidiflora",-95.366667,16.377778,"Pacific Lowlands province","Pereskia","No",16.3999996185303,24.75,1,114.197982788086,199,4,31.9620361328125,-0.631500244140625
"Pereskia lychnidiflora",-95.623889,16.386944,"Pacific Lowlands province","Pereskia","No",17.8999996185303,24.9500007629395,1,110.849090576172,190,5,1.22116124629974,-0.0155735015869141
"Pereskia lychnidiflora",-95.105833,16.395278,"Pacific Lowlands province","Pereskia","No",15.8000011444092,25.8833332061768,2,116.057884216309,284,7,0.0884732082486153,-0.0514582395553589
"Pereskia lychnidiflora",-95.114431,16.3958,"Pacific Lowlands province","Pereskia","No",15.8000011444092,25.9333343505859,2,115.532020568848,281,7,0.154840975999832,-0.036221981048584
"Pereskia lychnidiflora",-95.783611,16.395833,"Pacific Lowlands province","Pereskia","No",18.7999992370605,23.5666675567627,2,101.699928283691,207,9,8.40693378448486,-1.02468872070312
"Pereskia lychnidiflora",-95.092778,16.401944,"Pacific Lowlands province","Pereskia","No",15.6999988555908,25.8166656494141,2,116.218856811523,285,7,0.527867019176483,0.000643372535705566
"Pereskia lychnidiflora",-95.3099,16.40295,"Pacific Lowlands province","Pereskia","No",16.3999977111816,25.6833343505859,2,118.681587219238,243,6,7.27486038208008,-0.521932601928711
"Pereskia lychnidiflora",-95.577198,16.40748,"Pacific Lowlands province","Pereskia","No",17.9000015258789,25.3166656494141,0,111.991111755371,184,4,1.57031786441803,-0.0574836730957031
"Pereskia lychnidiflora",-95.392344,16.409498,"Pacific Lowlands province","Pereskia","No",16.6000003814697,24.8666667938232,1,115.690658569336,185,3,22.9914989471436,-3.06208992004395
"Pereskia lychnidiflora",-95.571361,16.410078,"Pacific Lowlands province","Pereskia","No",18,25.5666675567627,0,112.416717529297,184,4,2.13201999664307,0.48286247253418
"Pereskia lychnidiflora",-95.560278,16.4125,"Pacific Lowlands province","Pereskia","No",18,25.6166667938232,0,113.899795532227,184,3,2.54673647880554,-0.261758804321289
"Pereskia lychnidiflora",-95.331242,16.416844,"Pacific Lowlands province","Pereskia","No",16.4999980926514,25.5166664123535,1,118.405853271484,246,6,1.03543782234192,0.00748300552368164
"Pereskia lychnidiflora",-95.3333444,16.4174426,"Pacific Lowlands province","Pereskia","No",16.3999996185303,25.466667175293,1,119.144149780273,242,5,2.49250984191895,0.907918930053711
"Pereskia lychnidiflora",-95.59111,16.42777,"Pacific Lowlands province","Pereskia","No",17.9999980926514,25.4500007629395,0,114.422454833984,186,3,1.49488711357117,0.703620910644531
"Pereskia lychnidiflora",-95.182883,16.45309,"Pacific Lowlands province","Pereskia","No",16.0999984741211,25.8999996185303,1,117.262596130371,254,5,1.01109433174133,-0.0986766815185547
"Pereskia lychnidiflora",-94.890985,16.458635,"Pacific Lowlands province","Pereskia","No",15.7000007629395,25.1666660308838,4,111.734870910645,289,15,0.904767036437988,-0.251268565654755
"Pereskia lychnidiflora",-95.006629,16.467858,"Pacific Lowlands province","Pereskia","No",15.3999977111816,25.1499996185303,3,114.42431640625,294,11,0.515232801437378,-0.0646059513092041
"Pereskia lychnidiflora",-94.498642,16.468244,"Pacific Lowlands province","Pereskia","No",19.2000007629395,26.1166667938232,1,111.251571655273,339,15,0.376356214284897,-0.2154860496521
"Pereskia lychnidiflora",-95.517834,16.502135,"Pacific Lowlands province","Pereskia","No",17.8000011444092,25.2333335876465,0,116.633880615234,175,2,5.13379573822021,0.883697509765625
"Pereskia lychnidiflora",-95.080741,16.519454,"Pacific Lowlands province","Pereskia","No",15.8000011444092,25.4500007629395,1,115.634941101074,270,7,1.29809939861298,-0.100872039794922
"Pereskia lychnidiflora",-95.306168,16.529299,"Pacific Lowlands province","Pereskia","No",16.5,23.4500007629395,3,108.250534057617,192,11,25.4972286224365,0.82281494140625
"Pereskia lychnidiflora",-95.020038,16.54663,"Pacific Lowlands province","Pereskia","No",15.3999977111816,24.8999996185303,2,114.529418945312,285,10,1.14261710643768,-0.118923664093018
"Pereskia lychnidiflora",-95.008214,16.54672,"Pacific Lowlands province","Pereskia","No",15.4999980926514,24.8500003814697,3,113.506652832031,288,11,1.08957004547119,-0.074488639831543
"Pereskia lychnidiflora",-95.123394,16.556994,"Pacific Lowlands province","Pereskia","No",16,25.5499992370605,3,112.69091796875,250,13,1.12791585922241,0.125569343566895
"Pereskia lychnidiflora",-95.136389,16.560833,"Pacific Lowlands province","Pereskia","No",15.7999992370605,25.3833332061768,2,113.400947570801,243,11,1.65567100048065,0.0763463973999023
"Pereskia lychnidiflora",-94.94381,16.59894,"Pacific Lowlands province","Pereskia","No",15.3999996185303,24.4333343505859,5,109.937980651855,295,18,2.22471189498901,-1.36094617843628
"Pereskia lychnidiflora",-96.038267,16.599256,"Pacific Lowlands province","Pereskia","No",21,22.1833324432373,2,100.538444519043,209,9,2.99163031578064,-0.112525939941406
"Pereskia lychnidiflora",-95.50175,16.61372,"Pacific Lowlands province","Pereskia","No",17.9000015258789,24.6333332061768,0,117.14924621582,160,2,12.382887840271,3.61559104919434
"Pereskia lychnidiflora",-94.965166,16.622417,"Pacific Lowlands province","Pereskia","No",15.4999980926514,23.783332824707,7,105.450569152832,263,26,5.48341274261475,-2.11014556884766
"Pereskia lychnidiflora",-95.01472,16.64527,"Pacific Lowlands province","Pereskia","No",15.4000015258789,23.8833332061768,3,111.582977294922,281,14,0.642839670181274,0.351768493652344
"Pereskia lychnidiflora",-94.999466,16.662917,"Pacific Lowlands province","Pereskia","No",15.5999984741211,23.283332824707,9,101.104049682617,247,37,37.5144653320312,-0.656517028808594
"Pereskia lychnidiflora",-94.913611,16.885556,"Veracruzan province","Pereskia","No",16.1000022888184,22.5,32,79.1050491333008,372,204,5.22951459884644,-2.36075401306152
"Pereskiopsis diguetii",-96.141667,15.741667,"Pacific Lowlands province","Pereskiopsis","Mexico",13.2999992370605,25.6000003814697,4,107.045303344727,378,15,12.9334306716919,3.27674102783203
"Pereskiopsis diguetii",-96.14454,15.7552,"Pacific Lowlands province","Pereskiopsis","Mexico",13.3000011444092,25.7000007629395,4,106.516403198242,381,16,11.5747270584106,-3.82696962356567
"Pereskiopsis diguetii",-95.6725,16.003333,"Pacific Lowlands province","Pereskiopsis","Mexico",14.9000015258789,26.3666667938232,1,112.942504882812,294,7,17.6346454620361,-2.23189067840576
"Pereskiopsis diguetii",-95.375759,16.034812,"Pacific Lowlands province","Pereskiopsis","Mexico",15.2999992370605,26.5499992370605,1,117.066703796387,278,4,28.6077098846436,-2.21259474754333
"Pereskiopsis diguetii",-95.65825,16.09361,"Pacific Lowlands province","Pereskiopsis","Mexico",15.5000019073486,25.7000007629395,1,112.101425170898,266,6,5.16472053527832,0.0968265533447266
"Pereskiopsis diguetii",-95.38333,16.33333,"Pacific Lowlands province","Pereskiopsis","Mexico",16.5,24.7999992370605,1,119.346641540527,213,4,2.41423678398132,0.159875869750977
"Pereskiopsis diguetii",-95.335278,16.349444,"Pacific Lowlands province","Pereskiopsis","Mexico",16.3999996185303,25.3999996185303,1,119.161514282227,234,4,4.94495820999146,-0.283364295959473
"Pereskiopsis diguetii",-95.376389,16.355556,"Pacific Lowlands province","Pereskiopsis","Mexico",16.5,25.033332824707,0,120.361946105957,218,3,1.79613220691681,-0.745939254760742
"Pereskiopsis diguetii",-95.181298,17.089752,"Veracruzan province","Pereskiopsis","Mexico",16.3000011444092,22.3999996185303,31,104.353507995605,398,151,1.28918075561523,-1.31565093994141
"Pereskiopsis diguetii",-97.943055,17.686667,"Sierra Madre del Sur province","Pereskiopsis","Mexico",22.6999988555908,20.1499996185303,5,94.0612487792969,243,19,44.2395133972168,-2.607421875
"Pereskiopsis kellermanii",-96.305555,15.697222,"Pacific Lowlands province","Pereskiopsis","No",13.9000015258789,25.5166664123535,5,105.422676086426,338,16,10.3036231994629,1.4556827545166
"Pereskiopsis kellermanii",-96.166745,15.723006,"Pacific Lowlands province","Pereskiopsis","No",13.4000015258789,25.6499996185303,4,106.895240783691,370,15,23.25950050354,-3.77211141586304
"Pereskiopsis kellermanii",-96.158808,15.733477,"Pacific Lowlands province","Pereskiopsis","No",13.4000015258789,25.6333332061768,4,106.962257385254,373,15,11.9719486236572,1.9028457403183
"Pereskiopsis kellermanii",-96.203695,15.741372,"Pacific Lowlands province","Pereskiopsis","No",13.5,25.6833324432373,5,105.277610778809,375,18,2.67222142219543,0.115277290344238
"Pereskiopsis kellermanii",-96.141667,15.744444,"Pacific Lowlands province","Pereskiopsis","No",13.2999992370605,25.6000003814697,4,107.045303344727,378,15,6.59265756607056,1.05703067779541
"Pereskiopsis kellermanii",-96.149111,15.753889,"Pacific Lowlands province","Pereskiopsis","No",13.3000011444092,25.7000007629395,4,106.516403198242,381,16,4.59931707382202,3.28898334503174
"Pereskiopsis kellermanii",-96.150069,15.756533,"Pacific Lowlands province","Pereskiopsis","No",13.3999996185303,25.6833324432373,4,106.541473388672,380,16,9.90670490264893,0.685480117797852
"Pereskiopsis kellermanii",-96.192222,15.757763,"Pacific Lowlands province","Pereskiopsis","No",13.5,25.6833324432373,4,105.276153564453,382,17,5.60760021209717,-2.28364849090576
"Pereskiopsis kellermanii",-96.19149,15.759503,"Pacific Lowlands province","Pereskiopsis","No",13.6999988555908,25.6833324432373,4,105.540809631348,382,17,4.99835872650146,0.143913269042969
"Pereskiopsis kellermanii",-96.203369,15.762681,"Pacific Lowlands province","Pereskiopsis","No",13.6999988555908,25.7000007629395,5,105.19181060791,383,18,5.93609189987183,-0.0608406066894531
"Pereskiopsis kellermanii",-96.193139,15.764125,"Pacific Lowlands province","Pereskiopsis","No",13.6999988555908,25.7000007629395,5,105.341682434082,382,18,7.34829378128052,-0.879173278808594
"Pereskiopsis kellermanii",-96.195787,15.767258,"Pacific Lowlands province","Pereskiopsis","No",13.6999988555908,25.7000007629395,5,105.717002868652,387,17,0.679380118846893,-0.311837196350098
"Pereskiopsis kellermanii",-96.20002,15.77289,"Pacific Lowlands province","Pereskiopsis","No",13.6999988555908,25.7000007629395,5,105.568016052246,388,17,3.12667989730835,-0.296276092529297
"Pereskiopsis kellermanii",-96.200777,15.775575,"Pacific Lowlands province","Pereskiopsis","No",13.9000015258789,25.7000007629395,5,105.324584960938,390,18,4.43038988113403,-0.436347007751465
"Pereskiopsis kellermanii",-96.16323,15.776,"Pacific Lowlands province","Pereskiopsis","No",13.7000007629395,25.7999992370605,4,105.689102172852,387,18,4.54287767410278,2.64186382293701
"Pereskiopsis kellermanii",-96.175293,15.777994,"Pacific Lowlands province","Pereskiopsis","No",13.8000011444092,25.75,4,105.661422729492,386,17,5.97884225845337,0.0108442306518555
"Pereskiopsis kellermanii",-96.199387,15.778816,"Pacific Lowlands province","Pereskiopsis","No",13.6999988555908,25.716667175293,4,105.755226135254,393,16,0.888860702514648,0.999131202697754
"Pereskiopsis kellermanii",-96.067734,15.813722,"Pacific Lowlands province","Pereskiopsis","No",13.6000003814697,25.9833335876465,4,106.951606750488,384,16,15.6205825805664,-2.78006935119629
"Pereskiopsis kellermanii",-95.72583,15.97306,"Pacific Lowlands province","Pereskiopsis","No",14.7999992370605,26.8166675567627,2,111.493591308594,308,9,21.5769004821777,-0.266589164733887
"Pereskiopsis kellermanii",-95.286627,16.106171,"Pacific Lowlands province","Pereskiopsis","No",15.4000015258789,26.1833324432373,1,117.749519348145,276,4,4.12445735931396,0.548535943031311
"Pereskiopsis kellermanii",-95.82361,16.34611,"Pacific Lowlands province","Pereskiopsis","No",18.4000015258789,23.2000007629395,1,103.942710876465,213,7,11.924430847168,3.54656219482422
"Pereskiopsis kellermanii",-95.623611,16.386667,"Pacific Lowlands province","Pereskiopsis","No",17.8999996185303,24.9500007629395,1,110.849090576172,190,5,1.02271735668182,0.0176296234130859
"Pereskiopsis kellermanii",-94.9317,16.57278,"Pacific Lowlands province","Pereskiopsis","No",15.3999996185303,24.5499992370605,3,110.998596191406,291,13,1.51515197753906,-0.409910678863525
"Pereskiopsis kellermanii",-96.312778,16.673056,"Pacific Lowlands province","Pereskiopsis","No",20.7999992370605,22.216667175293,3,98.6405792236328,270,15,11.9210958480835,-1.86345672607422
"Pereskiopsis rotundifolia",-96.288356,15.689695,"Pacific Lowlands province","Pereskiopsis","Mexico",13.8000011444092,25.5499992370605,5,106.112640380859,338,15,0.544562458992004,0.352666199207306
"Pereskiopsis rotundifolia",-96.287614,15.692299,"Pacific Lowlands province","Pereskiopsis","Mexico",13.5999984741211,25.5499992370605,5,106.195823669434,339,15,3.57802629470825,0.979889810085297
"Pereskiopsis rotundifolia",-96.196847,15.708844,"Pacific Lowlands province","Pereskiopsis","Mexico",13.5,25.6833324432373,4,106.814552307129,364,15,14.0943002700806,-1.71086871623993
"Pereskiopsis rotundifolia",-96.162929,15.725023,"Pacific Lowlands province","Pereskiopsis","Mexico",13.5,25.6666660308838,4,107.214950561523,362,14,3.83011937141418,-0.340898931026459
"Pereskiopsis rotundifolia",-96.146,15.750139,"Pacific Lowlands province","Pereskiopsis","Mexico",13.3000011444092,25.7000007629395,4,106.516403198242,381,16,8.98048686981201,-0.175702095031738
"Pereskiopsis rotundifolia",-96.205938,15.76089,"Pacific Lowlands province","Pereskiopsis","Mexico",13.6999988555908,25.7000007629395,5,105.19181060791,383,18,2.49538326263428,-0.784758567810059
"Pereskiopsis rotundifolia",-96.194078,15.76977,"Pacific Lowlands province","Pereskiopsis","Mexico",13.6999988555908,25.7000007629395,5,105.717002868652,387,17,4.98719549179077,0.368321418762207
"Pereskiopsis rotundifolia",-96.201584,15.770421,"Pacific Lowlands province","Pereskiopsis","Mexico",13.6999988555908,25.7000007629395,5,105.568016052246,388,17,3.05662822723389,0.0308046340942383
"Pereskiopsis rotundifolia",-95.376228,16.032118,"Pacific Lowlands province","Pereskiopsis","Mexico",15.1999988555908,26.4166660308838,1,116.092956542969,277,5,20.2303657531738,1.91123557090759
"Pereskiopsis rotundifolia",-96.362901,16.550334,"Sierra Madre del Sur province","Pereskiopsis","Mexico",20.0000019073486,21.9833335876465,2,99.6139450073242,269,12,32.0358352661133,0.380691528320312
"Pereskiopsis rotundifolia",-96.810855,17.050491,"Balsas Basin province","Pereskiopsis","Mexico",23.6999988555908,19.3833332061768,3,91.9106216430664,255,20,4.36686706542969,0.287445068359375
"Pereskiopsis rotundifolia",-98.118611,17.529722,"Balsas Basin province","Pereskiopsis","Mexico",22.8000011444092,19.4833335876465,4,97.9738311767578,272,23,23.3721408843994,-2.04753112792969
"Pereskiopsis rotundifolia",-97.6431,17.7018,"Sierra Madre del Sur province","Pereskiopsis","Mexico",22.4000015258789,16.9833335876465,4,91.4938049316406,233,13,5.68564748764038,3.14494323730469
"Pilosocereus chrysacanthus",-96.626029,16.311099,"Sierra Madre del Sur province","Pilosocereus","Mexico",18.9000015258789,18.6166667938232,5,89.6507110595703,241,26,15.5374698638916,0.20684814453125
"Pilosocereus chrysacanthus",-96.340972,16.55203,"Pacific Lowlands province","Pilosocereus","Mexico",19.8999977111816,21.716667175293,2,100.166748046875,267,11,27.4356460571289,-1.529052734375
"Pilosocereus chrysacanthus",-96.336865,16.571458,"Pacific Lowlands province","Pilosocereus","Mexico",19.8999977111816,21.6666660308838,3,99.6820220947266,264,12,20.4941711425781,-2.49302673339844
"Pilosocereus chrysacanthus",-96.3652,16.579502,"Sierra Madre del Sur province","Pilosocereus","Mexico",19.7999992370605,21.716667175293,2,99.4614791870117,266,11,27.9884281158447,1.25569152832031
"Pilosocereus chrysacanthus",-96.37083,16.740524,"Sierra Madre del Sur province","Pilosocereus","Mexico",19.5,19.6333332061768,1,97.2529373168945,230,10,36.1047210693359,0.58697509765625
"Pilosocereus chrysacanthus",-96.609679,17.039839,"Balsas Basin province","Pilosocereus","Mexico",22.6999988555908,18.966667175293,3,91.4531173706055,246,19,2.47430825233459,-0.133041381835938
"Pilosocereus chrysacanthus",-96.488056,17.326389,"Balsas Basin province","Pilosocereus","Mexico",19.2999992370605,14.9666662216187,19,82.0527954101562,342,135,12.3398714065552,1.29156494140625
"Pilosocereus chrysacanthus",-96.569667,17.401472,"Balsas Basin province","Pilosocereus","Mexico",22.7999992370605,18.2333335876465,15,83.6514434814453,308,81,19.8926067352295,4.26100158691406
"Pilosocereus chrysacanthus",-97.01675,17.412444,"Sierra Madre del Sur province","Pilosocereus","Mexico",22.5999984741211,18.3500003814697,5,94.0132522583008,255,18,25.3138847351074,-1.47164916992188
"Pilosocereus chrysacanthus",-97.01369,17.43914,"Sierra Madre del Sur province","Pilosocereus","Mexico",23,18.75,6,92.3050537109375,257,35,8.82676696777344,-2.2813720703125
"Pilosocereus chrysacanthus",-96.944917,17.564472,"Balsas Basin province","Pilosocereus","Mexico",21.1000003814697,17.1499996185303,11,91.940185546875,265,56,25.6260166168213,3.31651306152344
"Pilosocereus chrysacanthus",-96.924462,17.60963,"Balsas Basin province","Pilosocereus","Mexico",23.3999996185303,21.033332824707,12,90.8167724609375,273,39,7.71612167358398,-1.92610168457031
"Pilosocereus chrysacanthus",-96.939188,17.714188,"Balsas Basin province","Pilosocereus","Mexico",23.0999984741211,22,4,95.8361511230469,162,19,18.9206981658936,-1.43074035644531
"Pilosocereus chrysacanthus",-97.819679,17.765092,"Balsas Basin province","Pilosocereus","Mexico",23.1000003814697,18.75,5,95.3244171142578,233,25,5.93507194519043,0.49530029296875
"Pilosocereus chrysacanthus",-96.944969,17.78969,"Balsas Basin province","Pilosocereus","Mexico",23.5,21.5666656494141,10,91.8392639160156,210,33,13.4970264434814,2.00316619873047
"Pilosocereus chrysacanthus",-96.926667,17.844444,"Sierra Madre del Sur province","Pilosocereus","Mexico",24.2999992370605,20.4500007629395,24,86.0830001831055,347,78,17.3275508880615,3.29144287109375
"Pilosocereus chrysacanthus",-97.043373,17.86248,"Balsas Basin province","Pilosocereus","Mexico",24.5000019073486,22.0166664123535,9,93.3922119140625,203,31,16.1639366149902,1.64771270751953
"Pilosocereus chrysacanthus",-97.038689,17.862927,"Balsas Basin province","Pilosocereus","Mexico",24.1999988555908,22.3166675567627,6,97.1952056884766,182,21,22.8205852508545,0.151725769042969
"Pilosocereus chrysacanthus",-97.026107,17.86866,"Balsas Basin province","Pilosocereus","Mexico",24,22.4833335876465,4,100.403038024902,157,16,27.1461791992188,3.15499877929688
"Pilosocereus chrysacanthus",-96.955278,17.916944,"Balsas Basin province","Pilosocereus","Mexico",24.3999996185303,21.1333332061768,22,87.3890914916992,347,75,23.4121761322021,3.547607421875
"Pilosocereus chrysacanthus",-97.262652,17.953818,"Sierra Madre del Sur province","Pilosocereus","Mexico",22.6000003814697,16.5499992370605,6,89.6764831542969,204,47,26.1363868713379,-8.29820251464844
"Pilosocereus chrysacanthus",-98.033415,17.969802,"Balsas Basin province","Pilosocereus","Mexico",20.7999992370605,19.4833335876465,5,98.6575393676758,248,21,18.2272033691406,-0.162109375
"Pilosocereus chrysacanthus",-97.0602,18.1491,"Balsas Basin province","Pilosocereus","Mexico",25.6999988555908,20.5666675567627,16,86.6872863769531,264,59,29.2319393157959,3.52983093261719
"Pilosocereus chrysacanthus",-97.6836,18.1725,"Balsas Basin province","Pilosocereus","Mexico",20.8999996185303,18.3333339691162,4,95.9946517944336,194,14,4.44604921340942,-1.03024291992188
"Pilosocereus collinsii",-96.203367,15.71231,"Pacific Lowlands province","Pilosocereus","Mexico",13.6000003814697,25.6499996185303,5,106.682647705078,356,16,4.03106498718262,0.861881256103516
"Pilosocereus collinsii",-96.167591,15.720808,"Pacific Lowlands province","Pilosocereus","Mexico",13.4000015258789,25.6499996185303,4,106.895240783691,370,15,17.3434295654297,3.73524403572083
"Pilosocereus collinsii",-96.166642,15.723177,"Pacific Lowlands province","Pilosocereus","Mexico",13.5,25.6833324432373,4,107.611480712891,359,14,23.25950050354,-3.77211141586304
"Pilosocereus collinsii",-96.162738,15.725034,"Pacific Lowlands province","Pilosocereus","Mexico",13.5,25.6666660308838,4,107.214950561523,362,14,3.81390428543091,-0.144287526607513
"Pilosocereus collinsii",-96.157779,15.726099,"Pacific Lowlands province","Pilosocereus","Mexico",13.4000015258789,25.6333332061768,4,107.498657226562,370,14,19.3305644989014,-2.07467555999756
"Pilosocereus collinsii",-96.158854,15.733485,"Pacific Lowlands province","Pilosocereus","Mexico",13.4000015258789,25.6333332061768,4,106.962257385254,373,15,11.9719486236572,1.9028457403183
"Pilosocereus collinsii",-96.154488,15.734325,"Pacific Lowlands province","Pilosocereus","Mexico",13.4000015258789,25.6000003814697,4,107.064102172852,374,15,11.1337242126465,-2.35774755477905
"Pilosocereus collinsii",-96.202072,15.737508,"Pacific Lowlands province","Pilosocereus","Mexico",13.5,25.6833324432373,5,105.277610778809,375,18,6.18607902526855,-2.2249813079834
"Pilosocereus collinsii",-96.202041,15.747006,"Pacific Lowlands province","Pilosocereus","Mexico",13.5,25.6833324432373,5,105.137985229492,381,18,8.40954875946045,-0.188098907470703
"Pilosocereus collinsii",-96.125228,15.751558,"Pacific Lowlands province","Pilosocereus","Mexico",13.4999980926514,25.8166675567627,4,106.832847595215,368,15,17.5491466522217,4.39617872238159
"Pilosocereus collinsii",-96.14167,15.75167,"Pacific Lowlands province","Pilosocereus","Mexico",13.3000011444092,25.7000007629395,4,106.516403198242,381,16,16.5096969604492,-0.850419044494629
"Pilosocereus collinsii",-96.160044,15.755615,"Pacific Lowlands province","Pilosocereus","Mexico",13.5,25.6833324432373,4,106.601623535156,374,15,4.50570583343506,-0.409502029418945
"Pilosocereus collinsii",-96.140155,15.761056,"Pacific Lowlands province","Pilosocereus","Mexico",13.6000003814697,25.8333339691162,4,105.876861572266,373,16,7.88920640945435,-2.14647388458252
"Pilosocereus collinsii",-96.167021,15.761445,"Pacific Lowlands province","Pilosocereus","Mexico",13.5999984741211,25.7333335876465,4,105.938705444336,375,16,4.82342052459717,-3.98849725723267
"Pilosocereus collinsii",-96.188062,15.763233,"Pacific Lowlands province","Pilosocereus","Mexico",13.6999988555908,25.6833324432373,4,105.540809631348,382,17,8.50011157989502,0.260259628295898
"Pilosocereus collinsii",-96.106631,15.764842,"Pacific Lowlands province","Pilosocereus","Mexico",13.4000015258789,26,3,107.713066101074,373,14,1.72639131546021,-0.591253280639648
"Pilosocereus collinsii",-96.113441,15.76777,"Pacific Lowlands province","Pilosocereus","Mexico",13.5,25.9500007629395,4,107.65616607666,380,15,14.9696321487427,-1.96394491195679
"Pilosocereus collinsii",-96.193086,15.768302,"Pacific Lowlands province","Pilosocereus","Mexico",13.6999988555908,25.7000007629395,5,105.717002868652,387,17,0.545165538787842,-1.98967838287354
"Pilosocereus collinsii",-96.135081,15.76924,"Pacific Lowlands province","Pilosocereus","Mexico",13.6999988555908,25.8666667938232,4,105.176910400391,371,17,6.82329559326172,1.07025384902954
"Pilosocereus collinsii",-96.14756,15.772289,"Pacific Lowlands province","Pilosocereus","Mexico",13.6000003814697,25.8166675567627,4,105.960670471191,377,17,14.481822013855,0.425929069519043
"Pilosocereus collinsii",-96.200688,15.774351,"Pacific Lowlands province","Pilosocereus","Mexico",13.6999988555908,25.7000007629395,5,105.568016052246,388,17,1.36280786991119,0.16309928894043
"Pilosocereus collinsii",-96.200452,15.777748,"Pacific Lowlands province","Pilosocereus","Mexico",13.9000015258789,25.7000007629395,5,105.324584960938,390,18,3.28094148635864,-0.407008171081543
"Pilosocereus collinsii",-96.198652,15.778672,"Pacific Lowlands province","Pilosocereus","Mexico",13.6999988555908,25.716667175293,4,105.755226135254,393,16,5.4107871055603,0.36716365814209
"Pilosocereus collinsii",-96.210856,15.77946,"Pacific Lowlands province","Pilosocereus","Mexico",13.9000015258789,25.716667175293,5,104.964866638184,387,18,5.02837371826172,-1.0059986114502
"Pilosocereus collinsii",-96.060623,15.783007,"Pacific Lowlands province","Pilosocereus","Mexico",13.6000003814697,25.8833332061768,3,108.847480773926,367,12,15.720850944519,0.723897695541382
"Pilosocereus collinsii",-96.060334,15.783538,"Pacific Lowlands province","Pilosocereus","Mexico",13.4999980926514,25.8833332061768,3,108.107391357422,376,14,6.30146217346191,-1.57520318031311
"Pilosocereus collinsii",-96.058311,15.785576,"Pacific Lowlands province","Pilosocereus","Mexico",13.7000007629395,25.8500003814697,3,108.904991149902,369,12,9.9515905380249,0.0497074127197266
"Pilosocereus collinsii",-96.063889,15.791667,"Pacific Lowlands province","Pilosocereus","Mexico",13.4999980926514,25.8666667938232,4,107.840713500977,380,15,7.20603132247925,-2.03367042541504
"Pilosocereus collinsii",-95.22061,16.18913,"Pacific Lowlands province","Pilosocereus","Mexico",15.5,26.1166667938232,1,117.171180725098,256,5,14.9533996582031,-3.82165336608887
"Pilosocereus collinsii",-95.314068,16.38081,"Pacific Lowlands province","Pilosocereus","Mexico",16.5,25.783332824707,1,119.938133239746,219,3,6.19757270812988,0.401485443115234
"Pilosocereus collinsii",-94.530503,16.528483,"Pacific Lowlands province","Pilosocereus","Mexico",18.6999988555908,25.8666667938232,4,105.932670593262,350,23,0.290348082780838,0.0643181800842285
"Pilosocereus collinsii",-95.01241,16.538002,"Pacific Lowlands province","Pilosocereus","Mexico",15.3999977111816,24.9166660308838,2,113.920684814453,287,10,1.81920790672302,0.268573522567749
"Pilosocereus collinsii",-94.719977,16.538119,"Pacific Lowlands province","Pilosocereus","Mexico",16.6000022888184,25.3333339691162,5,107.239028930664,305,20,0.584168493747711,-0.121776103973389
"Pilosocereus collinsii",-95.216616,16.582073,"Pacific Lowlands province","Pilosocereus","Mexico",16.0999984741211,24.75,1,116.664901733398,197,6,21.9074287414551,1.12897872924805
"Pilosocereus collinsii",-95.229631,16.5988,"Pacific Lowlands province","Pilosocereus","Mexico",16.2999992370605,24.6666660308838,1,116.926895141602,182,6,1.95834541320801,-3.88691139221191
"Pilosocereus collinsii",-95.231378,16.608172,"Pacific Lowlands province","Pilosocereus","Mexico",16.2999992370605,24.5833339691162,1,117.335014343262,172,5,10.4983043670654,-1.91572761535645
"Pilosocereus collinsii",-95.01339,16.61131,"Pacific Lowlands province","Pilosocereus","Mexico",15.5000019073486,24.4500007629395,3,112.967735290527,283,12,1.35186684131622,0.308795928955078
"Pilosocereus collinsii",-94.987096,16.739992,"Pacific Lowlands province","Pilosocereus","Mexico",16.5000019073486,23.1000003814697,15,91.4001998901367,294,82,30.3693408966064,0.774372100830078
"Pilosocereus leucocephalus",-96.626111,15.7075,"Pacific Lowlands province","Pilosocereus","No",15.4000015258789,24.3999996185303,4,108.215347290039,392,13,3.83682203292847,-0.0860700607299805
"Pilosocereus leucocephalus",-96.160881,15.726055,"Pacific Lowlands province","Pilosocereus","No",13.5,25.6666660308838,4,107.214950561523,362,14,0.50950163602829,-0.285272657871246
"Pilosocereus leucocephalus",-96.148579,15.754536,"Pacific Lowlands province","Pilosocereus","No",13.3000011444092,25.7000007629395,4,106.516403198242,381,16,6.219801902771,-3.20970439910889
"Pilosocereus leucocephalus",-96.122062,15.767756,"Pacific Lowlands province","Pilosocereus","No",13.5999984741211,25.9500007629395,4,107.129440307617,371,15,8.84766483306885,-1.85690426826477
"Pilosocereus leucocephalus",-96.136519,15.76892,"Pacific Lowlands province","Pilosocereus","No",13.6999988555908,25.8666667938232,4,105.176910400391,371,17,8.41573238372803,2.63724613189697
"Pilosocereus leucocephalus",-96.446915,15.770696,"Pacific Lowlands province","Pilosocereus","No",15.6999988555908,25.0833339691162,6,102.988761901855,330,20,4.67954301834106,5.89535713195801
"Pilosocereus leucocephalus",-95.094818,16.525324,"Pacific Lowlands province","Pilosocereus","No",15.7999992370605,25.4833335876465,1,115.278121948242,251,9,1.62686932086945,0.616862297058105
"Pilosocereus leucocephalus",-96.247945,16.674436,"Sierra Madre del Sur province","Pilosocereus","No",20.0999984741211,21.8666667938232,4,99.4866943359375,270,15,20.0827732086182,-3.08381652832031
"Pilosocereus leucocephalus",-94.7421,16.71478,"Pacific Lowlands province","Pilosocereus","No",16.2999992370605,23.1166667938232,21,77.7410354614258,318,151,21.9498138427734,5.20523452758789
"Pilosocereus leucocephalus",-96.38055,16.9367,"Balsas Basin province","Pilosocereus","No",20.2999992370605,18.466667175293,2,91.975959777832,274,23,8.62687301635742,1.78265380859375
"Pilosocereus leucocephalus",-96.573949,17.395102,"Balsas Basin province","Pilosocereus","No",22.5,18.033332824707,13,84.3397750854492,293,71,18.7650165557861,9.49790954589844
"Pilosocereus leucocephalus",-96.851828,17.576106,"Balsas Basin province","Pilosocereus","No",23,21.3500003814697,10,92.9538650512695,246,32,7.99222373962402,-5.27201080322266
"Pilosocereus leucocephalus",-97.163505,18.149814,"Balsas Basin province","Pilosocereus","No",26.0999984741211,21.7333335876465,5,94.936882019043,168,18,2.00612568855286,-0.107192993164062
"Pilosocereus quadricentralis",-96.193975,15.754175,"Pacific Lowlands province","Pilosocereus","Mexico",13.5,25.6833324432373,4,105.276153564453,382,17,7.95408868789673,5.28882598876953
"Pilosocereus quadricentralis",-95.985278,15.851944,"Pacific Lowlands province","Pilosocereus","Mexico",13.8999996185303,25.6666660308838,3,108.042289733887,382,13,10.830774307251,1.38791465759277
"Pilosocereus quadricentralis",-95.786,15.92272,"Pacific Lowlands province","Pilosocereus","Mexico",15.1000003814697,27.0499992370605,2,110.483222961426,323,11,1.67659831047058,0.154021978378296
"Pilosocereus quadricentralis",-94.091944,16.238611,"Pacific Lowlands province","Pilosocereus","Mexico",16.8999977111816,27.0166664123535,1,111.024635314941,455,8,0.264789521694183,0.538981318473816
"Pilosocereus quadricentralis",-96.2735173,16.6693587,"Sierra Madre del Sur province","Pilosocereus","Mexico",21,22.216667175293,4,98.7996292114258,263,15,4.82043695449829,-1.44161987304688
"Pilosocereus quadricentralis",-96.221148,16.679759,"Sierra Madre del Sur province","Pilosocereus","Mexico",19.6000003814697,21.6333332061768,3,99.96923828125,269,14,38.4612579345703,-0.82855224609375
"Pilosocereus quadricentralis",-96.171944,16.684444,"Pacific Lowlands province","Pilosocereus","Mexico",20.7999992370605,22.4500007629395,4,98.5421524047852,253,16,15.9820756912231,2.12442779541016
"Pilosocereus quadricentralis",-95.835956,16.702203,"Sierra Madre del Sur province","Pilosocereus","Mexico",15.4000005722046,19.1833324432373,3,100.070755004883,250,23,41.5092353820801,1.57929992675781
"Pilosocereus quadricentralis",-95.662057,16.737251,"Sierra Madre del Sur province","Pilosocereus","Mexico",19.2000007629395,22.9500007629395,9,100.034545898438,222,28,24.3158302307129,3.58015441894531
"Pilosocereus quadricentralis",-96.335829,16.7537544,"Sierra Madre del Sur province","Pilosocereus","Mexico",19.7999992370605,19.6000003814697,1,97.7821960449219,235,9,36.5913200378418,0.348602294921875
"Pilosocereus quadricentralis",-96.209503,16.772334,"Sierra Madre del Sur province","Pilosocereus","Mexico",19.2000007629395,20.0166664123535,3,97.9259567260742,272,19,40.0522766113281,-3.17010498046875
"Pilosocereus quadricentralis",-96.368928,16.777671,"Balsas Basin province","Pilosocereus","Mexico",19.7999992370605,18.6333332061768,1,95.3093185424805,235,14,11.8499231338501,-2.0872802734375
"Pilosocereus quadricentralis",-95.934517,16.782397,"Pacific Lowlands province","Pilosocereus","Mexico",20.1999988555908,22.033332824707,7,98.7751617431641,310,31,16.8309059143066,1.40207672119141
"Pilosocereus quadricentralis",-96.518387,17.394842,"Sierra Madre del Sur province","Pilosocereus","Mexico",17,13.1000003814697,13,83.9965362548828,107,103,31.6833972930908,-0.021392822265625
"Rhipsalis baccifera",-95.0425,16.703889,"Pacific Lowlands province","Rhipsalis","No",15.7999992370605,22.716667175293,14,80.3748092651367,224,103,38.4214744567871,3.22107696533203
"Rhipsalis baccifera",-95.516667,16.733333,"Sierra Madre del Sur province","Rhipsalis","No",15.8999996185303,20.2333335876465,10,84.0899963378906,224,44,30.6546802520752,-1.40386962890625
"Rhipsalis baccifera",-95.464389,16.7372,"Sierra Madre del Sur province","Rhipsalis","No",15.8999996185303,20.8666667938232,13,84.0638427734375,394,73,27.0451393127441,0.039642333984375
"Rhipsalis baccifera",-95.525,16.741667,"Sierra Madre del Sur province","Rhipsalis","No",16.5,20.716667175293,12,82.3618392944336,221,59,26.1969127655029,-0.338043212890625
"Rhipsalis baccifera",-95.299065,16.883904,"Sierra Madre del Sur province","Rhipsalis","No",15.9999990463257,21.6833324432373,15,84.7575759887695,489,132,11.7567625045776,0.693096160888672
"Rhipsalis baccifera",-94.587778,17.073889,"Veracruzan province","Rhipsalis","No",15.0999994277954,20.7999992370605,35,60.4857788085938,586,297,31.0652904510498,0.894538879394531
"Rhipsalis baccifera",-94.061111,17.0775,"Veracruzan province","Rhipsalis","No",17,21.8500003814697,57,54.9846229553223,747,441,28.1845321655273,-3.7796459197998
"Rhipsalis baccifera",-97.866176,17.081275,"Sierra Madre del Sur province","Rhipsalis","No",19.8999996185303,20.6333332061768,5,108.415031433105,403,17,16.7266216278076,-1.35145568847656
"Rhipsalis baccifera",-95.567972,17.247556,"Veracruzan province","Rhipsalis","No",17.1999988555908,21.966667175293,33,94.8325347900391,505,148,6.35026407241821,0.333305358886719
"Rhipsalis baccifera",-96.3235,17.43183,"Sierra Madre del Sur province","Rhipsalis","No",20,19.466667175293,37,80.7058410644531,469,145,29.7078170776367,0.70318603515625
"Rhipsalis baccifera",-96.265333,17.441361,"Sierra Madre del Sur province","Rhipsalis","No",19.4999980926514,19.3666667938232,41,81.3661727905273,501,160,26.6119289398193,0.0573883056640625
"Rhipsalis baccifera",-95.773891,17.483739,"Veracruzan province","Rhipsalis","No",18.2000007629395,22,47,85.645263671875,584,202,27.2869110107422,0.816545486450195
"Rhipsalis baccifera",-96.428375,17.645535,"Sierra Madre del Sur province","Rhipsalis","No",19.2000007629395,19.2666664123535,57,75.2037124633789,555,230,27.2460021972656,3.19251251220703
"Rhipsalis baccifera",-96.54056,17.72667,"Sierra Madre del Sur province","Rhipsalis","No",19.8999977111816,19.0666656494141,53,76.3202819824219,538,209,24.7620983123779,2.92658996582031
"Rhipsalis baccifera",-96.91744,17.91019,"Sierra Madre del Sur province","Rhipsalis","No",23,19.5833339691162,26,86.4598083496094,399,103,26.0441303253174,-0.64276123046875
"Rhipsalis baccifera",-96.93944,17.91583,"Sierra Madre del Sur province","Rhipsalis","No",23.0000019073486,20.1000003814697,24,88.0947113037109,384,90,17.9426517486572,5.36335754394531
"Rhipsalis baccifera",-96.103889,17.925556,"Veracruzan province","Rhipsalis","No",17.9000015258789,21.8333320617676,56,83.3063812255859,673,241,28.6513843536377,0.712383270263672
"Rhipsalis baccifera",-96.65275,18.00522,"Sierra Madre del Sur province","Rhipsalis","No",21.1000003814697,19.3666667938232,82,77.4738693237305,812,330,24.4661083221436,0.0513381958007812
"Rhipsalis baccifera",-96.623611,18.012889,"Sierra Madre del Sur province","Rhipsalis","No",19.7999992370605,20.0666656494141,60,80.9441223144531,667,235,42.3301811218262,3.95521545410156
"Rhipsalis baccifera",-96.683333,18.033333,"Sierra Madre del Sur province","Rhipsalis","No",20.3999996185303,20.4333343505859,56,79.8584899902344,630,231,26.0779151916504,6.0269775390625
"Rhipsalis baccifera",-96.851944,18.152778,"Sierra Madre del Sur province","Rhipsalis","No",22.7000007629395,18.6000003814697,52,78.8447723388672,575,217,26.0118312835693,2.82406616210938
"Rhipsalis baccifera",-96.70167,18.2825,"Veracruzan province","Rhipsalis","No",18.0999984741211,21.75,44,91.1137161254883,658,166,5.08609247207642,2.19252777099609
"Stenocactus crispatus",-97.323611,17.554774,"Sierra Madre del Sur province","Stenocactus","Mexico",21.5999984741211,13.9166669845581,4,90.8073806762695,218,22,2.40946245193481,1.90982055664062
"Stenocactus crispatus",-96.945625,17.567061,"Balsas Basin province","Stenocactus","Mexico",21.7000007629395,18.1166667938232,13,91.3818511962891,278,39,21.9449195861816,-1.11599731445312
"Stenocactus crispatus",-97.48333,17.66667,"Sierra Madre del Sur province","Stenocactus","Mexico",22.9000015258789,15.1166667938232,4,88.2161712646484,231,25,1.15513169765472,-0.611572265625
"Stenocactus crispatus",-97.561472,17.719414,"Sierra Madre del Sur province","Stenocactus","Mexico",22.7999992370605,15.2166662216187,4,91.1010360717773,242,22,16.5331687927246,2.273681640625
"Stenocactus crispatus",-97.436816,17.790698,"Sierra Madre del Sur province","Stenocactus","Mexico",21.2000007629395,12.8500003814697,6,91.707893371582,237,27,14.9697999954224,0.371124267578125
"Stenocactus crispatus",-97.34358,17.79764,"Sierra Madre del Sur province","Stenocactus","Mexico",23.6999988555908,15.5333337783813,4,89.6006011962891,183,20,4.27481603622437,-0.132888793945312
"Stenocactus crispatus",-97.480833,17.80075,"Sierra Madre del Sur province","Stenocactus","Mexico",21.8999996185303,13.7333335876465,5,90.2485885620117,236,27,20.8915863037109,-0.11553955078125
"Stenocactus crispatus",-97.346788,17.883581,"Sierra Madre del Sur province","Stenocactus","Mexico",23.9000015258789,15.2833337783813,4,89.1032943725586,176,20,12.9787664413452,0.102432250976562
"Stenocactus crispatus",-97.423257,17.895327,"Sierra Madre del Sur province","Stenocactus","Mexico",22.8999996185303,14.4833326339722,5,93.3701934814453,222,20,6.36192750930786,-0.0858154296875
"Stenocactus crispatus",-97.431552,17.898707,"Sierra Madre del Sur province","Stenocactus","Mexico",22.7000007629395,14.2666664123535,6,91.513313293457,227,24,8.39921951293945,2.59033203125
"Stenocactus crispatus",-97.359897,17.901461,"Sierra Madre del Sur province","Stenocactus","Mexico",24,15.1500005722046,4,92.3114318847656,189,17,5.00437927246094,-0.12274169921875
"Stenocactus crispatus",-97.429114,17.908085,"Sierra Madre del Sur province","Stenocactus","Mexico",22.3999996185303,14.1166667938232,6,90.6854248046875,228,26,4.16348028182983,-3.54855346679688
"Stenocactus crispatus",-97.398262,17.927619,"Sierra Madre del Sur province","Stenocactus","Mexico",23.1000003814697,14.5,5,92.2798843383789,221,22,12.1812105178833,-0.599578857421875
"Stenocactus crispatus",-97.435856,17.930722,"Sierra Madre del Sur province","Stenocactus","Mexico",21.9000015258789,14.0666666030884,6,90.5167007446289,230,26,12.7063789367676,-1.80343627929688
"Stenocactus crispatus",-97.452993,17.936969,"Sierra Madre del Sur province","Stenocactus","Mexico",21.5,14.1333332061768,5,92.277717590332,232,23,10.9980134963989,0.283538818359375
"Stenocactus crispatus",-97.417577,17.950234,"Sierra Madre del Sur province","Stenocactus","Mexico",22.2999992370605,14.3666667938232,6,92.000373840332,227,23,3.21053457260132,0.495391845703125
"Stenocactus crispatus",-97.398659,18.013057,"Sierra Madre del Sur province","Stenocactus","Mexico",23.2999992370605,16.6333332061768,5,90.1468200683594,189,25,10.6820363998413,1.21719360351562
"Stenocereus chacalapensis",-96.48788,15.674921,"Pacific Lowlands province","Stenocereus","Oaxaca",14.7000007629395,24.7666664123535,5,104.173263549805,405,17,9.9368143081665,-0.742994785308838
"Stenocereus chacalapensis",-96.258437,15.684454,"Pacific Lowlands province","Stenocereus","Oaxaca",13.5,25.5499992370605,4,106.971549987793,342,14,2.76300287246704,0.102946996688843
"Stenocereus chacalapensis",-96.384705,15.690876,"Pacific Lowlands province","Stenocereus","Oaxaca",14.2999992370605,25.283332824707,4,105.894653320312,432,15,16.5155143737793,-5.10649728775024
"Stenocereus chacalapensis",-96.238885,15.694773,"Pacific Lowlands province","Stenocereus","Oaxaca",13.3000011444092,25.5499992370605,5,106.729385375977,354,16,14.8404607772827,0.156741976737976
"Stenocereus chacalapensis",-96.34338,15.696137,"Pacific Lowlands province","Stenocereus","Oaxaca",14.1000022888184,25.4333324432373,5,105.35213470459,332,16,2.59078240394592,-0.851277828216553
"Stenocereus chacalapensis",-96.31476,15.697889,"Pacific Lowlands province","Stenocereus","Oaxaca",14.1000003814697,25.5499992370605,5,105.45581817627,330,16,0.861486911773682,-0.228570878505707
"Stenocereus chacalapensis",-96.297482,15.699102,"Pacific Lowlands province","Stenocereus","Oaxaca",13.8000011444092,25.5499992370605,5,106.032157897949,336,15,5.76123380661011,1.01700568199158
"Stenocereus chacalapensis",-96.485721,15.700925,"Pacific Lowlands province","Stenocereus","Oaxaca",14.8999977111816,24.7999992370605,6,103.678070068359,323,19,21.9458084106445,1.51250267028809
"Stenocereus chacalapensis",-96.514468,15.703405,"Pacific Lowlands province","Stenocereus","Oaxaca",15.0999984741211,24.716667175293,6,103.745559692383,318,19,17.3590450286865,-2.15326309204102
"Stenocereus chacalapensis",-96.335128,15.704792,"Pacific Lowlands province","Stenocereus","Oaxaca",14.0000019073486,25.4833335876465,5,104.657272338867,341,16,6.11676216125488,-0.960423469543457
"Stenocereus chacalapensis",-96.396623,15.706006,"Pacific Lowlands province","Stenocereus","Oaxaca",14.1999988555908,25.1499996185303,5,104.552658081055,323,17,11.7916927337646,1.72920513153076
"Stenocereus chacalapensis",-96.327876,15.706203,"Pacific Lowlands province","Stenocereus","Oaxaca",14.2999992370605,25.5166664123535,5,105.019172668457,334,16,1.11464750766754,-0.370898485183716
"Stenocereus chacalapensis",-96.247683,15.707062,"Pacific Lowlands province","Stenocereus","Oaxaca",13.3000011444092,25.5666656494141,5,106.048034667969,358,17,21.2342834472656,2.43407511711121
"Stenocereus chacalapensis",-96.231154,15.712808,"Pacific Lowlands province","Stenocereus","Oaxaca",13.3999996185303,25.5499992370605,5,105.666763305664,367,17,13.5361938476562,0.140069961547852
"Stenocereus chacalapensis",-96.258398,15.712824,"Pacific Lowlands province","Stenocereus","Oaxaca",13.3999996185303,25.6166667938232,5,105.376876831055,362,17,5.34293127059937,-0.142764091491699
"Stenocereus chacalapensis",-96.538137,15.715541,"Pacific Lowlands province","Stenocereus","Oaxaca",15.6999988555908,24.7333335876465,6,104.198379516602,436,18,10.4434757232666,-2.4194917678833
"Stenocereus chacalapensis",-96.183678,15.716547,"Pacific Lowlands province","Stenocereus","Oaxaca",13.5,25.7000007629395,4,106.889678955078,364,15,11.4786252975464,-2.44356489181519
"Stenocereus chacalapensis",-96.182529,15.716892,"Pacific Lowlands province","Stenocereus","Oaxaca",13.4000015258789,25.6666660308838,4,106.648284912109,374,15,15.6009912490845,0.205159187316895
"Stenocereus chacalapensis",-96.275543,15.720142,"Pacific Lowlands province","Stenocereus","Oaxaca",13.7999992370605,25.6499996185303,5,105.295890808105,351,16,12.6203088760376,-2.66903972625732
"Stenocereus chacalapensis",-96.239825,15.720978,"Pacific Lowlands province","Stenocereus","Oaxaca",13.5000019073486,25.6166667938232,5,105.194038391113,364,17,15.5203466415405,2.43618440628052
"Stenocereus chacalapensis",-96.195589,15.721166,"Pacific Lowlands province","Stenocereus","Oaxaca",13.5,25.6666660308838,4,106.589988708496,370,15,10.3371772766113,0.994729518890381
"Stenocereus chacalapensis",-96.16492,15.72414,"Pacific Lowlands province","Stenocereus","Oaxaca",13.5,25.6833324432373,4,107.611480712891,359,14,1.93869662284851,-0.60662430524826
"Stenocereus chacalapensis",-96.193079,15.729572,"Pacific Lowlands province","Stenocereus","Oaxaca",13.4000015258789,25.6666660308838,5,106.03426361084,377,17,11.8827180862427,0.165371894836426
"Stenocereus chacalapensis",-96.214357,15.730801,"Pacific Lowlands province","Stenocereus","Oaxaca",13.4000015258789,25.6666660308838,5,105.79468536377,373,17,11.1528310775757,0.662132263183594
"Stenocereus chacalapensis",-96.165743,15.731536,"Pacific Lowlands province","Stenocereus","Oaxaca",13.5,25.6666660308838,4,107.214950561523,362,14,1.40714108943939,0.155616283416748
"Stenocereus chacalapensis",-96.157984,15.731984,"Pacific Lowlands province","Stenocereus","Oaxaca",13.4000015258789,25.6333332061768,4,107.498657226562,370,14,10.8599710464478,0.406763941049576
"Stenocereus chacalapensis",-96.187206,15.733169,"Pacific Lowlands province","Stenocereus","Oaxaca",13.3000011444092,25.6666660308838,5,105.921966552734,383,17,12.3430194854736,-1.51512670516968
"Stenocereus chacalapensis",-96.341106,15.734154,"Pacific Lowlands province","Stenocereus","Oaxaca",14.3000011444092,25.5666656494141,6,103.947357177734,356,19,15.571268081665,1.84945678710938
"Stenocereus chacalapensis",-96.170475,15.734558,"Pacific Lowlands province","Stenocereus","Oaxaca",13.5,25.6666660308838,4,106.668212890625,367,15,2.21918964385986,-0.567617297172546
"Stenocereus chacalapensis",-96.287919,15.734716,"Pacific Lowlands province","Stenocereus","Oaxaca",13.6999988555908,25.7333335876465,5,104.18773651123,369,17,3.86647343635559,0.786679267883301
"Stenocereus chacalapensis",-96.210513,15.734848,"Pacific Lowlands province","Stenocereus","Oaxaca",13.4000015258789,25.6666660308838,5,105.244972229004,380,18,5.25175714492798,-1.92241477966309
"Stenocereus chacalapensis",-96.151036,15.735313,"Pacific Lowlands province","Stenocereus","Oaxaca",13.4000015258789,25.6000003814697,4,107.064102172852,374,15,21.1072101593018,2.4679913520813
"Stenocereus chacalapensis",-96.178039,15.735403,"Pacific Lowlands province","Stenocereus","Oaxaca",13.5,25.6833324432373,4,106.563285827637,366,15,1.39300441741943,-0.0650031566619873
"Stenocereus chacalapensis",-96.319482,15.73603,"Pacific Lowlands province","Stenocereus","Oaxaca",14.1000003814697,25.6833324432373,5,104.217178344727,363,17,3.77385020256042,-0.213716506958008
"Stenocereus chacalapensis",-96.185293,15.738965,"Pacific Lowlands province","Stenocereus","Oaxaca",13.5,25.6833324432373,4,106.122398376465,370,15,11.0148210525513,0.0170149803161621
"Stenocereus chacalapensis",-96.365623,15.74171,"Pacific Lowlands province","Stenocereus","Oaxaca",14.5999984741211,25.3333339691162,6,103.879264831543,351,18,4.81140375137329,0.608610153198242
"Stenocereus chacalapensis",-96.193094,15.742073,"Pacific Lowlands province","Stenocereus","Oaxaca",13.5,25.6833324432373,5,105.159339904785,380,18,16.3142681121826,-2.68411922454834
"Stenocereus chacalapensis",-96.179616,15.742237,"Pacific Lowlands province","Stenocereus","Oaxaca",13.5,25.6666660308838,5,105.43994140625,374,18,22.201940536499,3.04644393920898
"Stenocereus chacalapensis",-96.157658,15.742932,"Pacific Lowlands province","Stenocereus","Oaxaca",13.4000015258789,25.6166667938232,4,106.958267211914,378,15,5.37574672698975,-0.385404586791992
"Stenocereus chacalapensis",-96.187352,15.74415,"Pacific Lowlands province","Stenocereus","Oaxaca",13.5,25.6833324432373,5,105.385704040527,373,18,1.38431084156036,-0.931984901428223
"Stenocereus chacalapensis",-96.170203,15.745697,"Pacific Lowlands province","Stenocereus","Oaxaca",13.5,25.6666660308838,4,106.602127075195,371,15,6.95345878601074,5.45343542098999
"Stenocereus chacalapensis",-96.33387,15.748755,"Pacific Lowlands province","Stenocereus","Oaxaca",14.5,25.5666656494141,5,103.997482299805,348,18,9.03177738189697,3.99255561828613
"Stenocereus chacalapensis",-96.133376,15.750694,"Pacific Lowlands province","Stenocereus","Oaxaca",13.3999996185303,25.75,4,106.796241760254,372,16,13.4455165863037,2.48318147659302
"Stenocereus chacalapensis",-96.14881,15.750956,"Pacific Lowlands province","Stenocereus","Oaxaca",13.3000011444092,25.7000007629395,4,106.516403198242,381,16,9.00688362121582,-1.6408576965332
"Stenocereus chacalapensis",-96.172198,15.751378,"Pacific Lowlands province","Stenocereus","Oaxaca",13.5999984741211,25.716667175293,4,106.270751953125,372,15,23.6667957305908,-0.329848766326904
"Stenocereus chacalapensis",-96.189401,15.75316,"Pacific Lowlands province","Stenocereus","Oaxaca",13.5,25.6833324432373,4,105.670112609863,378,17,2.27282118797302,1.34235000610352
"Stenocereus chacalapensis",-96.491453,15.753574,"Pacific Lowlands province","Stenocereus","Oaxaca",16.2999992370605,24.9833335876465,6,103.254951477051,308,18,2.96239542961121,-0.972216606140137
"Stenocereus chacalapensis",-96.179436,15.754397,"Pacific Lowlands province","Stenocereus","Oaxaca",13.5,25.6833324432373,4,105.817123413086,376,17,3.07898378372192,-0.985066890716553
"Stenocereus chacalapensis",-96.161537,15.756066,"Pacific Lowlands province","Stenocereus","Oaxaca",13.5,25.6833324432373,4,106.601623535156,374,15,2.98054099082947,-2.05642652511597
"Stenocereus chacalapensis",-96.131786,15.758224,"Pacific Lowlands province","Stenocereus","Oaxaca",13.4999980926514,25.8166675567627,4,106.832847595215,368,15,24.1943264007568,5.19846153259277
"Stenocereus chacalapensis",-96.235435,15.758392,"Pacific Lowlands province","Stenocereus","Oaxaca",14,25.7333335876465,5,105.178779602051,371,18,10.9618091583252,0.756167411804199
"Stenocereus chacalapensis",-96.215008,15.758834,"Pacific Lowlands province","Stenocereus","Oaxaca",13.8000011444092,25.6833324432373,5,104.905738830566,379,19,9.59683513641357,-2.26850557327271
"Stenocereus chacalapensis",-96.193874,15.759564,"Pacific Lowlands province","Stenocereus","Oaxaca",13.6999988555908,25.7000007629395,5,105.341682434082,382,18,3.44990158081055,-0.520329475402832
"Stenocereus chacalapensis",-96.303932,15.761382,"Pacific Lowlands province","Stenocereus","Oaxaca",14.4000015258789,25.6833324432373,6,104.187294006348,352,19,9.228440284729,-6.18673467636108
"Stenocereus chacalapensis",-96.152546,15.762166,"Pacific Lowlands province","Stenocereus","Oaxaca",13.4999980926514,25.75,4,106.078063964844,383,17,6.18053960800171,2.91633319854736
"Stenocereus chacalapensis",-96.105278,15.763845,"Pacific Lowlands province","Stenocereus","Oaxaca",13.4000015258789,26,3,107.713066101074,373,14,7.24921703338623,-0.100343704223633
"Stenocereus chacalapensis",-96.217716,15.764485,"Pacific Lowlands province","Stenocereus","Oaxaca",13.8000011444092,25.7000007629395,5,104.991790771484,381,19,12.9895725250244,1.46390533447266
"Stenocereus chacalapensis",-96.374382,15.765771,"Pacific Lowlands province","Stenocereus","Oaxaca",14.9000015258789,25.283332824707,5,103.705940246582,351,18,5.61643171310425,3.45295524597168
"Stenocereus chacalapensis",-96.227889,15.76622,"Pacific Lowlands province","Stenocereus","Oaxaca",13.9000015258789,25.7000007629395,5,105.103164672852,375,19,6.63271474838257,2.43536472320557
"Stenocereus chacalapensis",-96.2514201,15.7677493,"Pacific Lowlands province","Stenocereus","Oaxaca",13.8999996185303,25.783332824707,6,103.473541259766,383,22,6.53668260574341,0.546680450439453
"Stenocereus chacalapensis",-96.103652,15.768954,"Pacific Lowlands province","Stenocereus","Oaxaca",13.5,25.9833335876465,4,107.739135742188,377,15,22.7434253692627,-0.442087173461914
"Stenocereus chacalapensis",-96.192841,15.769202,"Pacific Lowlands province","Stenocereus","Oaxaca",13.6999988555908,25.7000007629395,5,105.717002868652,387,17,1.85273277759552,-1.46533203125
"Stenocereus chacalapensis",-96.159182,15.769464,"Pacific Lowlands province","Stenocereus","Oaxaca",13.7000007629395,25.783332824707,4,105.546936035156,381,18,1.61669981479645,-1.9925651550293
"Stenocereus chacalapensis",-96.352801,15.771243,"Pacific Lowlands province","Stenocereus","Oaxaca",14.8000011444092,25.3333320617676,5,103.545394897461,362,20,4.88607835769653,1.09318161010742
"Stenocereus chacalapensis",-96.388192,15.772879,"Pacific Lowlands province","Stenocereus","Oaxaca",15.1000003814697,25.2000007629395,5,103.400634765625,353,19,1.64016711711884,0.497177124023438
"Stenocereus chacalapensis",-96.086369,15.773451,"Pacific Lowlands province","Stenocereus","Oaxaca",13.5999984741211,26,3,108.072082519531,370,13,6.52448558807373,0.377911567687988
"Stenocereus chacalapensis",-96.134037,15.775053,"Pacific Lowlands province","Stenocereus","Oaxaca",13.6999988555908,25.9166660308838,4,105.893310546875,380,17,9.14353275299072,2.52122640609741
"Stenocereus chacalapensis",-96.328413,15.775419,"Pacific Lowlands province","Stenocereus","Oaxaca",14.5999984741211,25.4833335876465,6,103.747123718262,368,20,7.1904616355896,0.918144226074219
"Stenocereus chacalapensis",-96.164263,15.775814,"Pacific Lowlands province","Stenocereus","Oaxaca",13.7000007629395,25.7999992370605,4,105.689102172852,387,18,15.1458358764648,-0.353662490844727
"Stenocereus chacalapensis",-96.119025,15.776001,"Pacific Lowlands province","Stenocereus","Oaxaca",13.5,25.9333343505859,4,107.03434753418,385,15,17.5593223571777,3.55747413635254
"Stenocereus chacalapensis",-96.074848,15.776723,"Pacific Lowlands province","Stenocereus","Oaxaca",13.6000003814697,25.9333343505859,3,108.626007080078,368,12,12.9410352706909,0.854389905929565
"Stenocereus chacalapensis",-96.092181,15.780089,"Pacific Lowlands province","Stenocereus","Oaxaca",13.4000015258789,26,4,107.432373046875,380,15,9.27106857299805,-3.6481294631958
"Stenocereus chacalapensis",-96.346606,15.780186,"Pacific Lowlands province","Stenocereus","Oaxaca",14.8999996185303,25.3333320617676,5,103.606216430664,366,20,4.81121397018433,-1.14793586730957
"Stenocereus chacalapensis",-96.081846,15.780309,"Pacific Lowlands province","Stenocereus","Oaxaca",13.5,25.9500007629395,3,108.144012451172,373,13,10.4854764938354,2.09612894058228
"Stenocereus chacalapensis",-96.102569,15.781238,"Pacific Lowlands province","Stenocereus","Oaxaca",13.5999984741211,25.9833335876465,3,107.737205505371,372,14,13.1432514190674,3.11396789550781
"Stenocereus chacalapensis",-96.168982,15.781243,"Pacific Lowlands province","Stenocereus","Oaxaca",13.7000007629395,25.7666664123535,4,105.679016113281,387,18,5.65103483200073,-2.41466808319092
"Stenocereus chacalapensis",-96.478031,15.78125,"Pacific Lowlands province","Stenocereus","Oaxaca",16,24.966667175293,5,103.745628356934,328,18,5.54673624038696,3.18394660949707
"Stenocereus chacalapensis",-96.228945,15.781259,"Pacific Lowlands province","Stenocereus","Oaxaca",14,25.716667175293,5,105.027938842773,385,18,3.8909318447113,2.42273426055908
"Stenocereus chacalapensis",-96.151973,15.783182,"Pacific Lowlands province","Stenocereus","Oaxaca",13.7999992370605,25.8333339691162,4,105.997146606445,384,17,11.7818756103516,-0.734025955200195
"Stenocereus chacalapensis",-96.132561,15.784697,"Pacific Lowlands province","Stenocereus","Oaxaca",13.5999984741211,25.966667175293,4,106.688018798828,384,15,11.2249965667725,1.81884288787842
"Stenocereus chacalapensis",-96.089796,15.784862,"Pacific Lowlands province","Stenocereus","Oaxaca",13.5,25.9500007629395,3,107.637619018555,380,14,12.3417739868164,2.20818424224854
"Stenocereus chacalapensis",-96.178969,15.786175,"Pacific Lowlands province","Stenocereus","Oaxaca",13.8000011444092,25.75,4,105.553230285645,393,17,19.4470977783203,7.09591484069824
"Stenocereus chacalapensis",-96.346119,15.786197,"Pacific Lowlands province","Stenocereus","Oaxaca",14.8999996185303,25.3333320617676,6,103.513671875,367,21,2.30134963989258,-0.0278091430664062
"Stenocereus chacalapensis",-96.111415,15.787114,"Pacific Lowlands province","Stenocereus","Oaxaca",13.7000007629395,26.0166664123535,4,107.402870178223,373,15,4.36368608474731,-1.18577146530151
"Stenocereus chacalapensis",-96.333758,15.787736,"Pacific Lowlands province","Stenocereus","Oaxaca",14.7999992370605,25.3499984741211,6,103.982162475586,369,20,3.49274945259094,1.92575263977051
"Stenocereus chacalapensis",-96.073365,15.788552,"Pacific Lowlands province","Stenocereus","Oaxaca",13.4999980926514,25.8999996185303,3,108.006820678711,376,14,15.9409370422363,2.1408863067627
"Stenocereus chacalapensis",-96.139349,15.788578,"Pacific Lowlands province","Stenocereus","Oaxaca",13.6999988555908,25.9333343505859,4,106.149055480957,389,17,9.85243606567383,-2.495436668396
"Stenocereus chacalapensis",-96.571184,15.788962,"Pacific Lowlands province","Stenocereus","Oaxaca",17.0000019073486,24.6166667938232,5,105.479537963867,293,16,5.84866189956665,-1.36189365386963
"Stenocereus chacalapensis",-96.142509,15.789777,"Pacific Lowlands province","Stenocereus","Oaxaca",13.8000011444092,25.966667175293,4,105.871795654297,385,17,19.2571773529053,-0.984386444091797
"Stenocereus chacalapensis",-96.184534,15.790275,"Pacific Lowlands province","Stenocereus","Oaxaca",13.9000015258789,25.6833343505859,5,105.385665893555,400,18,14.1393880844116,-0.98814582824707
"Stenocereus chacalapensis",-96.500021,15.791068,"Pacific Lowlands province","Stenocereus","Oaxaca",16.7999992370605,24.8833332061768,5,104.844360351562,303,16,4.77717018127441,4.99701595306396
"Stenocereus chacalapensis",-96.069952,15.792184,"Pacific Lowlands province","Stenocereus","Oaxaca",13.4999980926514,25.8833332061768,3,107.941352844238,382,14,4.52697277069092,-3.65699815750122
"Stenocereus chacalapensis",-96.038247,15.792743,"Pacific Lowlands province","Stenocereus","Oaxaca",13.6000003814697,25.9500007629395,3,108.833236694336,373,12,6.31193733215332,-0.813655853271484
"Stenocereus chacalapensis",-96.109995,15.79373,"Pacific Lowlands province","Stenocereus","Oaxaca",13.5999984741211,26.0166664123535,3,107.194808959961,376,14,6.33190298080444,-0.454376459121704
"Stenocereus chacalapensis",-96.107974,15.794029,"Pacific Lowlands province","Stenocereus","Oaxaca",13.5,25.9833335876465,3,107.129508972168,385,14,21.646032333374,-0.0396437644958496
"Stenocereus chacalapensis",-96.086939,15.794322,"Pacific Lowlands province","Stenocereus","Oaxaca",13.5,25.966667175293,3,107.249328613281,382,15,10.6937971115112,2.48496389389038
"Stenocereus chacalapensis",-96.141894,15.794458,"Pacific Lowlands province","Stenocereus","Oaxaca",13.6999988555908,25.9166660308838,4,105.697021484375,394,17,15.0715684890747,3.49335861206055
"Stenocereus chacalapensis",-96.11712,15.794578,"Pacific Lowlands province","Stenocereus","Oaxaca",13.5999984741211,26,3,107.107315063477,380,14,11.0963907241821,0.026298999786377
"Stenocereus chacalapensis",-96.031675,15.795247,"Pacific Lowlands province","Stenocereus","Oaxaca",13.6999988555908,25.9833335876465,3,109.090225219727,369,12,8.70474338531494,0.919351100921631
"Stenocereus chacalapensis",-96.181374,15.795572,"Pacific Lowlands province","Stenocereus","Oaxaca",13.7999992370605,25.6833343505859,5,104.835823059082,403,19,8.38839626312256,-2.56399726867676
"Stenocereus chacalapensis",-96.218621,15.796286,"Pacific Lowlands province","Stenocereus","Oaxaca",14.0999984741211,25.6666679382324,5,105.071365356445,400,19,3.289954662323,-1.38654899597168
"Stenocereus chacalapensis",-96.056359,15.79642,"Pacific Lowlands province","Stenocereus","Oaxaca",13.6000003814697,25.9166660308838,4,108.739051818848,369,13,7.57959794998169,-1.84022831916809
"Stenocereus chacalapensis",-96.060928,15.796922,"Pacific Lowlands province","Stenocereus","Oaxaca",13.4999980926514,25.8666667938232,4,107.840713500977,380,15,2.96098232269287,-1.1479959487915
"Stenocereus chacalapensis",-96.250268,15.797354,"Pacific Lowlands province","Stenocereus","Oaxaca",14.3000011444092,25.6666679382324,5,104.742919921875,394,20,4.7997579574585,-2.36105728149414
"Stenocereus chacalapensis",-96.1935,15.79818,"Pacific Lowlands province","Stenocereus","Oaxaca",13.8999977111816,25.6166667938232,5,104.773582458496,408,20,18.7475967407227,1.30124092102051
"Stenocereus chacalapensis",-96.052952,15.831525,"Pacific Lowlands province","Stenocereus","Oaxaca",13.6999988555908,26.0166664123535,4,106.858955383301,390,16,5.92180204391479,-2.76072692871094
"Stenocereus chacalapensis",-95.942481,15.836812,"Pacific Lowlands province","Stenocereus","Oaxaca",14.0000019073486,25.9833335876465,3,109.650215148926,359,12,12.3121280670166,-3.81875276565552
"Stenocereus chacalapensis",-96.2533645,15.8882993,"Pacific Lowlands province","Stenocereus","Oaxaca",13.7999992370605,23.3333339691162,4,103.081268310547,403,18,15.5417146682739,3.42247009277344
"Stenocereus chacalapensis",-95.894186,15.889656,"Pacific Lowlands province","Stenocereus","Oaxaca",14.2999992370605,26,3,108.562660217285,355,13,25.6540470123291,-1.18349647521973
"Stenocereus chacalapensis",-96.005006,15.891186,"Pacific Lowlands province","Stenocereus","Oaxaca",14.1999988555908,25.6000003814697,3,108.022491455078,377,13,10.68177318573,-3.87867164611816
"Stenocereus chacalapensis",-97.146989,15.908526,"Pacific Lowlands province","Stenocereus","Oaxaca",12.8999996185303,25.5,4,114.539031982422,357,16,0.334313243627548,-0.175940990447998
"Stenocereus chacalapensis",-95.778099,15.916068,"Pacific Lowlands province","Stenocereus","Oaxaca",15.0000019073486,26.9833335876465,2,110.772270202637,322,9,9.65945053100586,0.279473066329956
"Stenocereus chacalapensis",-97.056134,15.92165,"Pacific Lowlands province","Stenocereus","Oaxaca",15.2000007629395,24.3833332061768,2,111.822273254395,320,10,15.0390357971191,1.61530113220215
"Stenocereus chacalapensis",-96.066979,15.926777,"Pacific Lowlands province","Stenocereus","Oaxaca",14.2999992370605,24.1833343505859,3,105.117683410645,378,15,4.73588895797729,-2.00450897216797
"Stenocereus chacalapensis",-97.120824,15.943392,"Pacific Lowlands province","Stenocereus","Oaxaca",14.8999996185303,24.6833343505859,2,113.010429382324,318,10,9.6956729888916,-2.22243499755859
"Stenocereus chacalapensis",-96.169689,15.949942,"Sierra Madre del Sur province","Stenocereus","Oaxaca",13.8999996185303,22.9333324432373,4,102.306571960449,412,20,46.3447456359863,2.81588745117188
"Stenocereus chacalapensis",-97.155372,15.952341,"Pacific Lowlands province","Stenocereus","Oaxaca",15.7999992370605,24.1499996185303,2,110.100845336914,337,11,25.4130802154541,-0.876876831054688
"Stenocereus chacalapensis",-95.871211,15.956827,"Pacific Lowlands province","Stenocereus","Oaxaca",14.6000003814697,26.0666656494141,3,109.154838562012,336,11,22.9310417175293,3.33113098144531
"Stenocereus chacalapensis",-95.7828,15.969075,"Pacific Lowlands province","Stenocereus","Oaxaca",14.6999988555908,26.4833335876465,2,110.023078918457,314,9,24.6220169067383,0.740007400512695
"Stenocereus chacalapensis",-96.11666,15.999962,"Sierra Madre del Sur province","Stenocereus","Oaxaca",13.6000003814697,21.5666656494141,6,98.7175979614258,429,28,13.4113721847534,-1.23692321777344
"Stenocereus chacalapensis",-95.332409,16.095756,"Pacific Lowlands province","Stenocereus","Oaxaca",15.7999992370605,26.8333320617676,1,117.84496307373,274,4,5.94020128250122,0.0960519313812256
"Stenocereus chacalapensis",-95.337288,16.117814,"Pacific Lowlands province","Stenocereus","Oaxaca",15.6000003814697,26.3166656494141,0,115.572166442871,245,3,17.9138889312744,-0.694759368896484
"Stenocereus chacalapensis",-95.306609,16.185536,"Pacific Lowlands province","Stenocereus","Oaxaca",15.6000003814697,26.0499992370605,1,118.19344329834,260,4,14.6881046295166,1.1298885345459
"Stenocereus chacalapensis",-97.093611,16.368056,"Sierra Madre del Sur province","Stenocereus","Oaxaca",19.4000015258789,21.466667175293,4,100.671432495117,475,22,14.5028104782104,2.09542846679688
"Stenocereus chacalapensis",-95.108101,16.383545,"Pacific Lowlands province","Stenocereus","Oaxaca",15.8000011444092,25.8833332061768,2,116.653686523438,283,7,0.369658768177032,0.146986484527588
"Stenocereus chacalapensis",-95.167309,16.57173,"Pacific Lowlands province","Stenocereus","Oaxaca",15.9000015258789,25.0666656494141,1,116.69213104248,207,6,15.6149063110352,0.0444507598876953
"Stenocereus pruinosus",-96.125307,15.742517,"Pacific Lowlands province","Stenocereus","No",13.3999996185303,25.75,4,107.567756652832,370,15,21.2969913482666,-4.17562055587769
"Stenocereus pruinosus",-95.993055,15.844722,"Pacific Lowlands province","Stenocereus","No",13.8999996185303,25.9166660308838,4,108.582260131836,367,14,12.1291170120239,-0.855620384216309
"Stenocereus pruinosus",-95.83742,15.86819,"Pacific Lowlands province","Stenocereus","No",14.5,26.4833335876465,2,111.540351867676,337,8,16.2509250640869,-0.313105821609497
"Stenocereus pruinosus",-95.57653,15.95589,"Pacific Lowlands province","Stenocereus","No",14.5,26.5499992370605,1,115.226867675781,299,5,4.81583213806152,0.546645104885101
"Stenocereus pruinosus",-95.232983,16.292579,"Pacific Lowlands province","Stenocereus","No",16.7000007629395,26.6666660308838,4,112.25382232666,265,15,0.48107635974884,-0.323726177215576
"Stenocereus pruinosus",-96.630513,16.304463,"Sierra Madre del Sur province","Stenocereus","No",18.2000007629395,18.0499992370605,7,89.4585342407227,263,35,27.2947483062744,3.88529968261719
"Stenocereus pruinosus",-95.01669,16.335177,"Pacific Lowlands province","Stenocereus","No",15.1000022888184,25.4833335876465,2,116.979866027832,287,8,0.712645173072815,0.115363880991936
"Stenocereus pruinosus",-95.608333,16.408333,"Pacific Lowlands province","Stenocereus","No",17.9000015258789,25.2999992370605,1,111.717971801758,189,5,1.53338837623596,0.269479751586914
"Stenocereus pruinosus",-95.7984553,16.4110627,"Pacific Lowlands province","Stenocereus","No",19.3999996185303,23.3999996185303,2,101.953979492188,203,9,2.39767360687256,2.35640716552734
"Stenocereus pruinosus",-96.67903,16.418567,"Balsas Basin province","Stenocereus","No",20.0999984741211,20.3833332061768,1,97.3057708740234,253,8,8.25778484344482,0.1060791015625
"Stenocereus pruinosus",-94.891158,16.458614,"Pacific Lowlands province","Stenocereus","No",15.7000007629395,25.1666660308838,4,111.734870910645,289,15,0.904767036437988,-0.251268565654755
"Stenocereus pruinosus",-95.160484,16.459957,"Pacific Lowlands province","Stenocereus","No",16.0999984741211,25.8999996185303,1,117.116058349609,258,5,1.51299571990967,0.505350112915039
"Stenocereus pruinosus",-94.915658,16.479337,"Pacific Lowlands province","Stenocereus","No",15.4999980926514,25,3,112.421585083008,291,14,2.17126846313477,0.603208065032959
"Stenocereus pruinosus",-95.077647,16.479454,"Pacific Lowlands province","Stenocereus","No",15.6000003814697,25.533332824707,1,116.042373657227,283,7,0.324587523937225,0.137839317321777
"Stenocereus pruinosus",-94.934287,16.512625,"Pacific Lowlands province","Stenocereus","No",15.4999980926514,24.8999996185303,3,111.351425170898,295,14,0.726478934288025,-0.0209653377532959
"Stenocereus pruinosus",-96.358836,16.546419,"Sierra Madre del Sur province","Stenocereus","No",19.2999992370605,21.6833324432373,2,98.5695571899414,252,11,18.5994701385498,3.57588195800781
"Stenocereus pruinosus",-96.362308,16.574662,"Sierra Madre del Sur province","Stenocereus","No",19.9000015258789,21.8500003814697,2,99.5075607299805,269,11,32.2408103942871,0.129470825195312
"Stenocereus pruinosus",-96.356845,16.578746,"Sierra Madre del Sur province","Stenocereus","No",19.7999992370605,21.6833324432373,2,99.4614791870117,266,11,26.3203945159912,3.64955139160156
"Stenocereus pruinosus",-94.873753,16.5861,"Pacific Lowlands province","Stenocereus","No",15.1000022888184,23.6666660308838,6,107.020011901855,287,21,5.37844371795654,-3.02077436447144
"Stenocereus pruinosus",-96.348889,16.608056,"Sierra Madre del Sur province","Stenocereus","No",20,21.6000003814697,2,99.3224792480469,265,12,18.8284492492676,-2.88047790527344
"Stenocereus pruinosus",-95.285278,16.661944,"Pacific Lowlands province","Stenocereus","No",17,24.2999992370605,0,120.798072814941,127,1,16.0718593597412,0.754495620727539
"Stenocereus pruinosus",-96.305765,16.670507,"Pacific Lowlands province","Stenocereus","No",20.7999992370605,22.1666660308838,3,98.5431137084961,269,15,2.37531876564026,-0.02838134765625
"Stenocereus pruinosus",-96.233247,16.682919,"Sierra Madre del Sur province","Stenocereus","No",19.2999992370605,21.4333324432373,3,99.4943161010742,262,14,17.2195205688477,-1.90583801269531
"Stenocereus pruinosus",-96.170303,16.686133,"Pacific Lowlands province","Stenocereus","No",20.7999992370605,22.4500007629395,4,98.5421524047852,253,16,18.7909355163574,1.92555999755859
"Stenocereus pruinosus",-96.319167,16.715472,"Sierra Madre del Sur province","Stenocereus","No",20.2999992370605,21.1333332061768,3,96.9214096069336,263,16,22.6867179870605,2.18943786621094
"Stenocereus pruinosus",-96.14517,16.72772,"Sierra Madre del Sur province","Stenocereus","No",19.5,21.4500007629395,6,96.8390197753906,286,23,3.77450561523438,3.69534301757812
"Stenocereus pruinosus",-96.322556,16.727731,"Sierra Madre del Sur province","Stenocereus","No",20.3000011444092,20.75,3,97.0690994262695,262,14,16.3503475189209,-0.040313720703125
"Stenocereus pruinosus",-96.3504794,16.7740133,"Sierra Madre del Sur province","Stenocereus","No",20,19.1000003814697,1,97.1565093994141,236,11,17.9756965637207,-0.785797119140625
"Stenocereus pruinosus",-96.6669881,16.8513067,"Balsas Basin province","Stenocereus","No",23.4000015258789,19.5833339691162,2,93.1794891357422,275,18,3.89726495742798,-0.327392578125
"Stenocereus pruinosus",-96.656675,16.853519,"Balsas Basin province","Stenocereus","No",22.5,19.283332824707,2,92.8451995849609,272,17,3.56569862365723,1.18670654296875
"Stenocereus pruinosus",-96.27737,16.863895,"Sierra Madre del Sur province","Stenocereus","No",19.7000007629395,18.75,3,94.1548461914062,276,22,17.2927951812744,-0.774093627929688
"Stenocereus pruinosus",-96.322376,16.93357,"Balsas Basin province","Stenocereus","No",19.2000007629395,17.4166660308838,2,92.2413635253906,267,27,7.81861114501953,-12.3196258544922
"Stenocereus pruinosus",-96.366934,16.940379,"Balsas Basin province","Stenocereus","No",20.2999992370605,18.466667175293,2,91.9694747924805,276,23,5.97514343261719,0.75726318359375
"Stenocereus pruinosus",-96.445651,16.945567,"Balsas Basin province","Stenocereus","No",22.1000003814697,19.2000007629395,3,90.0235824584961,274,23,18.9653663635254,-4.31324768066406
"Stenocereus pruinosus",-96.451944,16.956553,"Balsas Basin province","Stenocereus","No",22.2999992370605,19.3166656494141,3,89.6775436401367,274,24,8.32944202423096,-0.601898193359375
"Stenocereus pruinosus",-96.446549,16.957469,"Balsas Basin province","Stenocereus","No",22.1000003814697,19.25,3,89.6923904418945,277,24,29.6896286010742,2.98635864257812
"Stenocereus pruinosus",-96.562147,16.972712,"Balsas Basin province","Stenocereus","No",23.5,19.5833339691162,2,92.3446655273438,257,18,0.427734315395355,0.09759521484375
"Stenocereus pruinosus",-96.570148,16.995849,"Balsas Basin province","Stenocereus","No",22.9999980926514,19.2666664123535,2,91.1490325927734,255,20,11.3447265625,0.331085205078125
"Stenocereus pruinosus",-96.462307,16.997938,"Balsas Basin province","Stenocereus","No",21.0999984741211,18.4833335876465,2,91.2611999511719,279,23,5.73125743865967,-0.0023651123046875
"Stenocereus pruinosus",-96.744791,17.143344,"Sierra Madre del Sur province","Stenocereus","No",22.1999988555908,18.5666675567627,3,90.2740936279297,250,25,14.48362159729,0.88525390625
"Stenocereus pruinosus",-96.876611,17.276556,"Sierra Madre del Sur province","Stenocereus","No",22.5999984741211,18.8833332061768,3,92.4015274047852,255,19,6.50908088684082,-1.70285034179688
"Stenocereus pruinosus",-96.576027,17.394516,"Balsas Basin province","Stenocereus","No",22.8000011444092,18.1666660308838,12,84.72412109375,296,71,6.90788269042969,10.8952026367188
"Stenocereus pruinosus",-98.045832,17.547478,"Balsas Basin province","Stenocereus","No",22.6999988555908,19.283332824707,4,97.5543060302734,239,22,6.53617477416992,-4.54612731933594
"Stenocereus pruinosus",-96.951111,17.714167,"Balsas Basin province","Stenocereus","No",23.5999984741211,21.9833335876465,9,91.6989440917969,224,32,10.8772478103638,-4.61639404296875
"Stenocereus pruinosus",-96.926619,17.721936,"Balsas Basin province","Stenocereus","No",23.0999984741211,21.783332824707,5,96.0266494750977,166,21,15.996732711792,-0.621513366699219
"Stenocereus pruinosus",-96.944504,17.790098,"Balsas Basin province","Stenocereus","No",23.5,21.5666656494141,10,91.8392639160156,210,33,19.9751834869385,0.213973999023438
"Stenocereus pruinosus",-96.958656,17.793447,"Balsas Basin province","Stenocereus","No",23.4000015258789,21.9833335876465,5,98.4327011108398,163,18,1.61538755893707,0.145919799804688
"Stenocereus pruinosus",-96.961211,17.817032,"Balsas Basin province","Stenocereus","No",23.6999988555908,21.7999992370605,9,93.6790618896484,209,30,29.174186706543,1.7806396484375
"Stenocereus pruinosus",-97.773496,17.817347,"Balsas Basin province","Stenocereus","No",23.7999992370605,19.0166664123535,5,94.0422668457031,216,20,13.5262985229492,-0.433609008789062
"Stenocereus pruinosus",-96.881486,17.843268,"Sierra Madre del Sur province","Stenocereus","No",19.3999996185303,14.716667175293,11,94.3928756713867,275,88,17.6309013366699,-3.18557739257812
"Stenocereus pruinosus",-96.896722,17.848078,"Sierra Madre del Sur province","Stenocereus","No",18.5999984741211,14.5500001907349,9,96.7607345581055,232,62,21.8932495117188,-1.3382568359375
"Stenocereus pruinosus",-96.967386,17.897394,"Balsas Basin province","Stenocereus","No",23.7999992370605,21.8833332061768,7,96.7850570678711,194,26,18.6893615722656,-0.212425231933594
"Stenocereus pruinosus",-96.964687,17.900877,"Balsas Basin province","Stenocereus","No",23.8999996185303,21.533332824707,10,93.6481094360352,233,37,8.34202003479004,-2.42759704589844
"Stenocereus pruinosus",-96.980056,17.902917,"Balsas Basin province","Stenocereus","No",23.8000011444092,22.1833343505859,5,99.2186279296875,169,19,18.7717876434326,2.29972839355469
"Stenocereus pruinosus",-97.6769,17.92853,"Balsas Basin province","Stenocereus","No",22.4000015258789,18.1666660308838,5,93.3957443237305,208,22,26.121654510498,1.46040344238281
"Stenocereus pruinosus",-97.428436,17.929635,"Sierra Madre del Sur province","Stenocereus","No",22.2000007629395,14.25,6,90.4336013793945,228,26,14.3420829772949,-0.09033203125
"Stenocereus pruinosus",-98.044444,17.953889,"Balsas Basin province","Stenocereus","No",21.7999992370605,20.5166664123535,5,97.849739074707,214,21,11.8298444747925,-4.32884216308594
"Stenocereus pruinosus",-97.034614,17.983619,"Balsas Basin province","Stenocereus","No",24.5000019073486,22.5499992370605,7,95.149528503418,209,30,11.3002328872681,-1.62766265869141
"Stenocereus pruinosus",-97.658882,18.015207,"Balsas Basin province","Stenocereus","No",21.1999988555908,15.8166666030884,5,95.5063171386719,237,18,13.0179014205933,-0.6187744140625
"Stenocereus pruinosus",-97.452538,18.045279,"Balsas Basin province","Stenocereus","No",23.8999996185303,18.5666656494141,5,90.9501953125,170,31,17.2987480163574,-1.03672790527344
"Stenocereus pruinosus",-97.06761,18.06603,"Balsas Basin province","Stenocereus","No",25.3999996185303,21.7999992370605,10,91.3773345947266,235,39,11.0288505554199,-0.380760192871094
"Stenocereus pruinosus",-97.083,18.067,"Balsas Basin province","Stenocereus","No",25.4000015258789,21.9833335876465,10,91.7263793945312,231,37,4.38624477386475,-1.25534820556641
"Stenocereus pruinosus",-97.799721,18.076876,"Balsas Basin province","Stenocereus","No",22.0999984741211,19.5499992370605,5,93.8772354125977,160,17,12.9734582901001,-0.005767822265625
"Stenocereus pruinosus",-97.060194,18.149056,"Balsas Basin province","Stenocereus","No",25.6999988555908,20.5666675567627,16,86.6872863769531,264,59,29.2319393157959,3.52983093261719
"Stenocereus pruinosus",-97.748316,18.162451,"Balsas Basin province","Stenocereus","No",21.3000011444092,19.2666664123535,5,93.7664337158203,160,16,7.98042631149292,-1.32615661621094
"Stenocereus pruinosus",-97.689753,18.216952,"Balsas Basin province","Stenocereus","No",20.2999992370605,17.3333339691162,4,97.9785003662109,220,13,17.2119770050049,-0.068603515625
"Stenocereus stellatus",-96.678375,16.418037,"Balsas Basin province","Stenocereus","Mexico",20.0999984741211,20.3833332061768,1,97.3057708740234,253,8,7.5394926071167,1.10850524902344
"Stenocereus stellatus",-96.673496,16.857611,"Balsas Basin province","Stenocereus","Mexico",23.4000015258789,19.5833339691162,2,93.1794891357422,275,18,18.9327659606934,-1.27153015136719
"Stenocereus stellatus",-96.277086,16.866178,"Sierra Madre del Sur province","Stenocereus","Mexico",19.7000007629395,18.75,3,94.1548461914062,276,22,11.2457513809204,4.3177490234375
"Stenocereus stellatus",-96.277245,16.866787,"Sierra Madre del Sur province","Stenocereus","Mexico",18.2999992370605,17.8333339691162,2,95.2834625244141,255,19,23.3062114715576,3.86546325683594
"Stenocereus stellatus",-96.260911,16.898561,"Pacific Lowlands province","Stenocereus","Mexico",18,17.5499992370605,2,95.0778579711914,259,22,16.4833297729492,0.458038330078125
"Stenocereus stellatus",-96.353611,16.911944,"Balsas Basin province","Stenocereus","Mexico",20.4000015258789,18.3166675567627,2,94.9869079589844,274,18,8.53526401519775,-0.189544677734375
"Stenocereus stellatus",-96.766883,17.04479,"Balsas Basin province","Stenocereus","Mexico",21.2000007629395,18.6166667938232,3,92.0785827636719,257,23,11.7155418395996,0.406143188476562
"Stenocereus stellatus",-96.725,17.108333,"Balsas Basin province","Stenocereus","Mexico",21.7999992370605,18.8999996185303,4,91.2962341308594,246,22,1.59408175945282,-3.63520812988281
"Stenocereus stellatus",-97.035267,17.35525,"Sierra Madre del Sur province","Stenocereus","Mexico",21.5,17.4166660308838,5,93.3541793823242,248,27,13.9349508285522,3.99420166015625
"Stenocereus stellatus",-97.0423,17.4366,"Sierra Madre del Sur province","Stenocereus","Mexico",20.5,16.5833339691162,4,94.443977355957,231,25,26.4931259155273,-3.0048828125
"Stenocereus stellatus",-98.027017,17.508263,"Balsas Basin province","Stenocereus","Mexico",22.2999992370605,17.8166675567627,5,96.9237747192383,280,20,11.1851654052734,1.12762451171875
"Stenocereus stellatus",-97.322216,17.552145,"Sierra Madre del Sur province","Stenocereus","Mexico",21.5999984741211,13.9166669845581,4,90.8073806762695,218,22,26.2652626037598,3.11526489257812
"Stenocereus stellatus",-96.94286,17.70158,"Balsas Basin province","Stenocereus","Mexico",23.5,21.966667175293,7,92.9291305541992,200,27,9.40039253234863,1.26522064208984
"Stenocereus stellatus",-96.95396,17.768124,"Balsas Basin province","Stenocereus","Mexico",23.1999988555908,22.033332824707,5,97.1727676391602,165,20,9.47603607177734,-1.60110473632812
"Stenocereus stellatus",-96.961242,17.823747,"Balsas Basin province","Stenocereus","Mexico",23.6999988555908,21.7999992370605,9,93.6790618896484,209,30,23.1873073577881,0.841201782226562
"Stenocereus stellatus",-96.97825,17.829722,"Balsas Basin province","Stenocereus","Mexico",23.7999992370605,22.1833324432373,6,96.8700103759766,173,22,31.5084857940674,-2.84526062011719
"Stenocereus stellatus",-97.933166,17.899079,"Balsas Basin province","Stenocereus","Mexico",22.7000007629395,19.2666664123535,6,96.6672439575195,228,24,18.385669708252,1.10020446777344
"Stenocereus stellatus",-97.686111,17.901161,"Balsas Basin province","Stenocereus","Mexico",23.1000022888184,18.5666675567627,4,94.233642578125,207,22,23.170726776123,0.299758911132812
"Stenocereus stellatus",-97.0841,17.9019,"Balsas Basin province","Stenocereus","Mexico",24.4999980926514,20.0166664123535,14,89.2482376098633,258,48,9.46321868896484,-2.61790466308594
"Stenocereus stellatus",-96.966389,17.905194,"Balsas Basin province","Stenocereus","Mexico",23.8999996185303,21.533332824707,10,93.6481094360352,233,37,15.1461448669434,1.77555847167969
"Stenocereus stellatus",-98.043016,17.947228,"Balsas Basin province","Stenocereus","Mexico",22.3999996185303,20.9166660308838,5,98.1414642333984,206,20,19.4705047607422,0.315231323242188
"Stenocereus stellatus",-97.023333,17.950278,"Balsas Basin province","Stenocereus","Mexico",24.1999988555908,22.5499992370605,7,95.9459686279297,191,27,4.91344881057739,-0.130828857421875
"Stenocereus stellatus",-97.035178,17.983661,"Balsas Basin province","Stenocereus","Mexico",24.5000019073486,22.5499992370605,7,95.149528503418,209,30,10.361777305603,1.58264923095703
"Stenocereus stellatus",-97.654195,18.012108,"Balsas Basin province","Stenocereus","Mexico",21.2000007629395,16.1166667938232,4,94.8756866455078,229,19,25.8607082366943,0.359588623046875
"Stenocereus stellatus",-97.110981,18.045296,"Balsas Basin province","Stenocereus","Mexico",24.6999988555908,22.0833320617676,7,96.6302337646484,199,23,15.0197792053223,-0.197357177734375
"Stenocereus stellatus",-97.058,18.147583,"Balsas Basin province","Stenocereus","Mexico",23.9000015258789,19.5833339691162,17,88.6277694702148,330,71,20.8360404968262,-1.63430786132812
"Stenocereus stellatus",-97.758844,18.168685,"Balsas Basin province","Stenocereus","Mexico",21.0000019073486,19.3833332061768,5,94.7362442016602,158,15,14.8244438171387,-0.932281494140625
"Stenocereus stellatus",-97.689805,18.216722,"Balsas Basin province","Stenocereus","Mexico",20.2999992370605,17.3333339691162,4,97.9785003662109,220,13,17.8675842285156,-0.577529907226562
"Stenocereus treleasei",-96.630347,16.292121,"Sierra Madre del Sur province","Stenocereus","Oaxaca",17.5999984741211,17.533332824707,9,88.9160995483398,284,44,21.7293663024902,2.01979064941406
"Stenocereus treleasei",-96.643136,16.316115,"Sierra Madre del Sur province","Stenocereus","Oaxaca",18.5,18.0666656494141,6,89.9333801269531,261,32,8.10345554351807,0.387542724609375
"Stenocereus treleasei",-96.670957,16.416016,"Balsas Basin province","Stenocereus","Oaxaca",20,20.3333339691162,1,97.8544387817383,248,7,2.831955909729,1.38052368164062
"Stenocereus treleasei",-96.684998,16.423056,"Balsas Basin province","Stenocereus","Oaxaca",20.2000007629395,20.4499988555908,1,97.0996551513672,262,9,10.7852840423584,-0.661483764648438
"Stenocereus treleasei",-96.548737,16.563931,"Balsas Basin province","Stenocereus","Oaxaca",19.7000007629395,19.6166667938232,1,99.3893890380859,212,6,12.1400938034058,0.726516723632812
"Stenocereus treleasei",-96.348491,16.568947,"Pacific Lowlands province","Stenocereus","Oaxaca",20.2000007629395,21.7999992370605,2,100.444381713867,267,10,21.5080757141113,1.52946472167969
"Stenocereus treleasei",-96.58021,16.575498,"Balsas Basin province","Stenocereus","Oaxaca",17.5,17.4333343505859,2,95.6185760498047,235,17,15.7848281860352,1.7547607421875
"Stenocereus treleasei",-96.365163,16.581955,"Sierra Madre del Sur province","Stenocereus","Oaxaca",19.7999992370605,21.716667175293,2,99.4614791870117,266,11,26.741231918335,2.54324340820312
"Stenocereus treleasei",-96.700087,16.718331,"Balsas Basin province","Stenocereus","Oaxaca",22.8000011444092,19.8833332061768,2,92.9315490722656,284,16,1.37048053741455,0.232528686523438
"Stenocereus treleasei",-96.6872662,16.7193681,"Balsas Basin province","Stenocereus","Oaxaca",22.5999984741211,19.9166660308838,2,92.8194198608398,281,16,1.10675990581512,0.209426879882812
"Stenocereus treleasei",-96.627639,16.796134,"Balsas Basin province","Stenocereus","Oaxaca",22,19.6833324432373,3,91.6423416137695,276,20,7.44685220718384,-0.6126708984375
"Stenocereus treleasei",-96.277083,16.865317,"Sierra Madre del Sur province","Stenocereus","Oaxaca",19.7000007629395,18.75,3,94.1548461914062,276,22,16.0279769897461,6.36329650878906
"Stenocereus treleasei",-96.275703,16.868664,"Sierra Madre del Sur province","Stenocereus","Oaxaca",18.2999992370605,17.8333339691162,2,95.2834625244141,255,19,2.45686388015747,0.374008178710938
"Stenocereus treleasei",-96.85007,16.88046,"Sierra Madre del Sur province","Stenocereus","Oaxaca",20.0999984741211,17.4166660308838,2,94.0452575683594,279,20,11.0659952163696,-0.221435546875
"Stenocereus treleasei",-96.79919,16.91125,"Balsas Basin province","Stenocereus","Oaxaca",23.7999992370605,19.4333343505859,2,91.0523910522461,279,18,8.65711784362793,2.78608703613281
"Stenocereus treleasei",-96.3815946,16.921923,"Balsas Basin province","Stenocereus","Oaxaca",21,18.75,2,93.6115188598633,277,18,1.69541752338409,-0.172592163085938
"Stenocereus treleasei",-96.322857,16.931424,"Balsas Basin province","Stenocereus","Oaxaca",19.3999996185303,17.5499992370605,2,92.1326217651367,268,26,17.1104431152344,-0.87701416015625
"Stenocereus treleasei",-96.341354,16.939556,"Balsas Basin province","Stenocereus","Oaxaca",18.6000003814697,17.2000007629395,2,94.2467269897461,115,25,24.678394317627,0.263229370117188
"Stenocereus treleasei",-96.439801,16.955426,"Balsas Basin province","Stenocereus","Oaxaca",21.5,19,3,90.7807159423828,277,23,7.18321847915649,-0.289688110351562
"Stenocereus treleasei",-96.451872,16.9565,"Balsas Basin province","Stenocereus","Oaxaca",22.2999992370605,19.3166656494141,3,89.6775436401367,274,24,8.32944202423096,-0.601898193359375
"Stenocereus treleasei",-96.447778,16.958056,"Balsas Basin province","Stenocereus","Oaxaca",22.1000003814697,19.25,3,89.6923904418945,277,24,23.2958946228027,2.66584777832031
"Stenocereus treleasei",-96.454442,16.958579,"Balsas Basin province","Stenocereus","Oaxaca",21.8999996185303,19.1166667938232,2,91.5393524169922,276,21,3.15714120864868,-0.298782348632812
"Stenocereus treleasei",-96.569346,16.99626,"Balsas Basin province","Stenocereus","Oaxaca",22.9999980926514,19.2666664123535,2,91.1490325927734,255,20,6.76981210708618,-0.049041748046875
"Stenocereus treleasei",-96.441389,16.996389,"Balsas Basin province","Stenocereus","Oaxaca",20.7000007629395,18.0833339691162,3,90.452507019043,283,25,1.84391534328461,0.150924682617188
"Stenocereus treleasei",-96.742172,17.008202,"Balsas Basin province","Stenocereus","Oaxaca",23.7000007629395,19.7999992370605,3,91.4696578979492,246,13,0.869497418403625,-0.205062866210938
"Stenocereus treleasei",-96.767883,17.038703,"Balsas Basin province","Stenocereus","Oaxaca",21.8999996185303,19.0499992370605,3,91.5585250854492,257,22,8.96006774902344,3.8343505859375
"Stenocereus treleasei",-96.516303,17.041478,"Balsas Basin province","Stenocereus","Oaxaca",20.3999996185303,17.6333332061768,3,89.0122756958008,273,27,14.4230737686157,-0.272293090820312
"Stenocereus treleasei",-96.734727,17.077957,"Balsas Basin province","Stenocereus","Oaxaca",22.2000007629395,19.5,3,91.8260269165039,246,20,33.534740447998,1.34751892089844
"Stenocereus treleasei",-96.898571,17.160447,"Balsas Basin province","Stenocereus","Oaxaca",22.5,18.9833335876465,3,92.7958297729492,258,16,4.32058143615723,-1.39100646972656
"Stenocereus treleasei",-96.841287,17.161976,"Balsas Basin province","Stenocereus","Oaxaca",23.1999988555908,19.533332824707,3,93.4531402587891,252,15,12.1596918106079,0.447921752929688
"Stenocereus treleasei",-96.802786,17.168217,"Balsas Basin province","Stenocereus","Oaxaca",23.5,19.5499992370605,2,94.1211166381836,248,16,0.874431252479553,-0.884674072265625
"Stenocereus treleasei",-96.801139,17.197778,"Balsas Basin province","Stenocereus","Oaxaca",23.3000011444092,19.4833335876465,3,92.9973526000977,249,17,2.04329943656921,2.83480834960938
"Stenocereus treleasei",-96.820622,17.223737,"Balsas Basin province","Stenocereus","Oaxaca",23.4000015258789,19.6000003814697,3,93.0338592529297,251,20,0.452857911586761,0.17138671875
"Stenocereus treleasei",-96.822657,17.256063,"Sierra Madre del Sur province","Stenocereus","Oaxaca",22.6999988555908,19.0499992370605,3,93.0419845581055,254,24,5.10128021240234,-1.40554809570312
"Stenocereus treleasei",-97.02092,17.41931,"Sierra Madre del Sur province","Stenocereus","Oaxaca",22.8999996185303,18.5833339691162,5,93.7063674926758,255,18,10.0060224533081,-0.444442749023438
"Stenocereus treleasei",-96.771146,18.161572,"Sierra Madre del Sur province","Stenocereus","Oaxaca",20.5999984741211,17.5,57,79.9230194091797,645,251,13.4447565078735,1.05699157714844
"Isolatocereus dumortieri",-95.90579,16.50045,"Pacific Lowlands province","Isolatocereus","Mexico",19.6999988555908,21.8333339691162,0,104.631538391113,212,6,19.1733512878418,-0.226066589355469
"Isolatocereus dumortieri",-96.171944,16.684444,"Pacific Lowlands province","Isolatocereus","Mexico",20.7999992370605,22.4500007629395,4,98.5421524047852,253,16,15.9820756912231,2.12442779541016
"Isolatocereus dumortieri",-95.983333,16.633333,"Pacific Lowlands province","Isolatocereus","Mexico",22,22.8500003814697,2,96.4924468994141,200,8,1.39529049396515,-0.102745056152344
"Selenicereus purpusii",-96.1292,15.910925,"Pacific Lowlands province","Selenicereus","Mexico",14,23.8333339691162,3,105.538269042969,391,15,10.2122764587402,0.228763580322266
"Cephalocereus nudus",-96.160469,15.7269,"Pacific Lowlands province","Cephalocereus","Mexico",13.5,25.6666660308838,4,107.214950561523,362,14,1.50742673873901,-0.877400040626526
"Cephalocereus nudus",-95.595078,15.978082,"Pacific Lowlands province","Cephalocereus","Mexico",14.5000019073486,26.283332824707,1,113.891082763672,290,5,37.2248992919922,-2.12461853027344
"Cephalocereus nudus",-95.884552,15.849292,"Pacific Lowlands province","Cephalocereus","Mexico",14.2000007629395,26.3999996185303,2,110.963859558105,346,10,16.3716583251953,-0.799985408782959
"Cephalocereus nudus",-96.274501,16.868775,"Pacific Lowlands province","Cephalocereus","Mexico",18.7999992370605,18.3166656494141,3,94.1707458496094,266,20,14.4235162734985,2.52381896972656
"Cephalocereus nudus",-96.276886,16.513168,"Pacific Lowlands province","Cephalocereus","Mexico",19.3999996185303,20.966667175293,3,98.1940612792969,227,13,22.1040649414062,-5.80455017089844
"Cephalocereus nudus",-96.138847,16.668475,"Pacific Lowlands province","Cephalocereus","Mexico",20.5,22.2000007629395,4,99.1607437133789,251,15,15.7474155426025,-0.62017822265625
"Cephalocereus nudus",-95.581008,15.964762,"Pacific Lowlands province","Cephalocereus","Mexico",14.4000015258789,26.5166664123535,1,114.948539733887,297,6,7.14836835861206,-1.56008660793304
"Cephalocereus nudus",-96.15779,15.730642,"Pacific Lowlands province","Cephalocereus","Mexico",13.4000015258789,25.6333332061768,4,107.498657226562,370,14,18.5257415771484,-3.29788279533386
"Cephalocereus nudus",-96.057823,15.79635,"Pacific Lowlands province","Cephalocereus","Mexico",13.6000003814697,25.9166660308838,4,108.739051818848,369,13,23.8812732696533,-1.23356008529663
"Cephalocereus nudus",-96.20134,15.75851,"Pacific Lowlands province","Cephalocereus","Mexico",13.6999988555908,25.7000007629395,5,105.19181060791,383,18,2.99074554443359,-1.01884269714355
"Cephalocereus nudus",-96.159576,15.734646,"Pacific Lowlands province","Cephalocereus","Mexico",13.4000015258789,25.6333332061768,4,106.962257385254,373,15,6.73835563659668,-1.43285501003265
"Cephalocereus nudus",-96.001137,15.87185,"Pacific Lowlands province","Cephalocereus","Mexico",14.1000003814697,25.75,3,108.39608001709,374,13,4.72080659866333,1.55590724945068
"Cephalocereus nudus",-96.14167,15.75167,"Pacific Lowlands province","Cephalocereus","Mexico",13.3000011444092,25.7000007629395,4,106.516403198242,381,16,16.5096969604492,-0.850419044494629
"Cephalocereus nudus",-95.61314,15.98033,"Pacific Lowlands province","Cephalocereus","Mexico",14.6000003814697,26.4833335876465,2,113.205963134766,294,8,5.65892219543457,-0.852847576141357
"Cephalocereus nudus",-95.348522,16.382905,"Pacific Lowlands province","Cephalocereus","Mexico",15.7999992370605,24.4833335876465,2,102.457336425781,210,13,6.0576548576355,2.32801818847656
"Cephalocereus nudus",-95.2268,16.42244,"Pacific Lowlands province","Cephalocereus","Mexico",15.8999996185303,25.7000007629395,2,117.287330627441,242,6,7.93589115142822,-1.2539005279541
"Cephalocereus nudus",-95.3135,16.38208,"Pacific Lowlands province","Cephalocereus","Mexico",16.5,25.783332824707,1,119.938133239746,219,3,8.76729965209961,-0.518722534179688
"Cephalocereus nudus",-95.8727,16.43394,"Pacific Lowlands province","Cephalocereus","Mexico",19.6000003814697,22.9833335876465,1,103.020072937012,202,6,5.35175514221191,-0.248558044433594
"Cephalocereus nudus",-96.015774,16.554626,"Pacific Lowlands province","Cephalocereus","Mexico",20.1000022888184,22.4333343505859,1,104.005294799805,215,7,3.74149823188782,0.784034729003906
"Cephalocereus nudus",-96.330487,16.587508,"Pacific Lowlands province","Cephalocereus","Mexico",20.2000007629395,21.75,2,100.13688659668,266,10,7.69770431518555,-3.70500183105469
"Cephalocereus nudus",-96.338171,16.575386,"Pacific Lowlands province","Cephalocereus","Mexico",20.2999992370605,21.7999992370605,2,100.388603210449,265,11,19.3333301544189,0.324554443359375
"Cephalocereus nudus",-96.074425,15.811898,"Pacific Lowlands province","Cephalocereus","Mexico",13.6000003814697,25.9833335876465,4,106.951606750488,384,16,21.2102031707764,4.80503749847412
"Cephalocereus nudus",-96.167435,15.722217,"Pacific Lowlands province","Cephalocereus","Mexico",13.4000015258789,25.6499996185303,4,106.895240783691,370,15,20.218168258667,4.64452219009399
"Cephalocereus nudus",-96.132241,15.776324,"Pacific Lowlands province","Cephalocereus","Mexico",13.5999984741211,25.9500007629395,4,106.702934265137,380,16,2.31885409355164,-0.76279354095459
"Cephalocereus nudus",-96.130919,15.759169,"Pacific Lowlands province","Cephalocereus","Mexico",13.6000003814697,25.8666667938232,4,105.97705078125,368,16,24.4903373718262,3.04582214355469
"Cephalocereus nudus",-95.341667,16.391667,"Pacific Lowlands province","Cephalocereus","Mexico",16.2000007629395,24.6499996185303,3,103.413803100586,205,13,43.9470748901367,3.40972900390625
"Cephalocereus nudus",-96.1256329999999,15.7533259999999,"Pacific Lowlands province","Cephalocereus","Mexico",13.4999980926514,25.8166675567627,4,106.832847595215,368,15,9.14624691009521,-3.60397362709045
"Isolatocereus dumortieri",-97.200951,17.641263,"Sierra Madre del Sur province","Isolatocereus","Mexico",20.1999988555908,12.4166669845581,3,91.8580932617188,177,24,13.14328956604,0.625885009765625
"Isolatocereus dumortieri",-97.14561,17.64466,"Sierra Madre del Sur province","Isolatocereus","Mexico",21.2000007629395,13.9666662216187,4,93.3301849365234,173,26,20.2272720336914,-2.28729248046875
"Isolatocereus dumortieri",-97.350107,17.655951,"Sierra Madre del Sur province","Isolatocereus","Mexico",20.7000007629395,12.6333332061768,6,91.7175750732422,226,25,14.1372861862183,1.63763427734375
"Isolatocereus dumortieri",-97.361427,17.939473,"Sierra Madre del Sur province","Isolatocereus","Mexico",23.4000015258789,14.5999994277954,5,92.0408248901367,211,20,2.72135853767395,0.16412353515625
"Isolatocereus dumortieri",-97.34269,17.889382,"Sierra Madre del Sur province","Isolatocereus","Mexico",23.9000015258789,15.2833337783813,4,89.1032943725586,176,20,13.4885168075562,0.420501708984375
"Isolatocereus dumortieri",-97.67086,17.724,"Sierra Madre del Sur province","Isolatocereus","Mexico",22.4000015258789,17.4500007629395,4,92.314453125,238,13,14.1422920227051,0.294189453125
"Isolatocereus dumortieri",-97.371917,17.546953,"Sierra Madre del Sur province","Isolatocereus","Mexico",21.5,13.4833335876465,5,91.2420959472656,232,23,5.70253419876099,-4.58221435546875
"Isolatocereus dumortieri",-97.582361,17.680278,"Sierra Madre del Sur province","Isolatocereus","Mexico",23.5999984741211,16.033332824707,5,88.4971313476562,233,17,15.4227075576782,-0.2713623046875
"Isolatocereus dumortieri",-97.59292,17.71292,"Sierra Madre del Sur province","Isolatocereus","Mexico",23,16.2999992370605,5,89.3711318969727,230,16,15.5676536560059,1.33076477050781
"Isolatocereus dumortieri",-96.9295,17.283778,"Sierra Madre del Sur province","Isolatocereus","Mexico",21.7000007629395,17.9333343505859,4,93.1833114624023,254,28,12.1611614227295,3.66741943359375
"Isolatocereus dumortieri",-97.640167,17.700472,"Sierra Madre del Sur province","Isolatocereus","Mexico",22.2999992370605,16.6166667938232,4,91.8665161132812,234,13,18.0834369659424,2.49331665039062
"Isolatocereus dumortieri",-96.075,17.058333,"Sierra Madre del Sur province","Isolatocereus","Mexico",16.2000007629395,14.8333330154419,15,85.9086303710938,328,104,16.8155536651611,-1.84095764160156
"Isolatocereus dumortieri",-96.905639,17.722639,"Sierra Madre del Sur province","Isolatocereus","Mexico",23.6000003814697,20.8166675567627,17,85.5643005371094,285,61,22.8597393035889,0.757865905761719
"Isolatocereus dumortieri",-97.575,17.675,"Sierra Madre del Sur province","Isolatocereus","Mexico",23.3999996185303,15.7833337783813,6,88.5817337036133,236,18,2.20365858078003,-0.330810546875
"Selenicereus purpusii",-96.644051,16.303058,"Sierra Madre del Sur province","Selenicereus","Mexico",18.2999992370605,17.8500003814697,7,89.2866134643555,265,34,6.47483730316162,0.141754150390625
"Selenicereus purpusii",-96.343004,15.878373,"Sierra Madre del Sur province","Selenicereus","Mexico",14.1000003814697,23.2999992370605,4,103.623085021973,400,18,7.67461633682251,2.0803337097168
"Selenicereus purpusii",-96.10567,15.98969,"Sierra Madre del Sur province","Selenicereus","Mexico",13.5999994277954,21.8666667938232,4,100.791542053223,402,21,31.3359527587891,0.971702575683594
"Selenicereus purpusii",-96.901806,17.919861,"Sierra Madre del Sur province","Selenicereus","Mexico",24.4000015258789,19.8500003814697,31,83.4543228149414,407,116,18.4984264373779,-1.91802978515625
"Selenicereus purpusii",-96.91967,17.92641,"Sierra Madre del Sur province","Selenicereus","Mexico",24.7000007629395,20.4833335876465,25,85.4651565551758,355,89,27.5123672485352,5.46671295166016
"Selenicereus purpusii",-96.953889,17.911139,"Sierra Madre del Sur province","Selenicereus","Mexico",24.3999996185303,21.1499996185303,19,88.1058807373047,320,66,39.1259574890137,-1.55550384521484
"Selenicereus purpusii",-96.919306,17.91525,"Sierra Madre del Sur province","Selenicereus","Mexico",23,19.5833339691162,26,86.4598083496094,399,103,31.1185970306396,1.478271484375
"Selenicereus purpusii",-97.01892,17.51633,"Sierra Madre del Sur province","Selenicereus","Mexico",22.2999992370605,18.033332824707,7,91.7444839477539,257,43,24.5386924743652,-2.71917724609375
"Selenicereus purpusii",-96.94056,17.92583,"Sierra Madre del Sur province","Selenicereus","Mexico",24.5999984741211,20.7999992370605,24,86.9231338500977,344,82,21.5619354248047,-4.13847351074219
"Cephalocereus nudus",-96.275585,16.867252,"Sierra Madre del Sur province","Cephalocereus","Mexico",18.2999992370605,17.8333339691162,2,95.2834625244141,255,19,19.840274810791,-0.520278930664062
"Cephalocereus nudus",-96.276838,16.863108,"Sierra Madre del Sur province","Cephalocereus","Mexico",19.7000007629395,18.75,3,94.1548461914062,276,22,29.5542240142822,3.61190795898438
"Cephalocereus nudus",-96.252182,16.672298,"Sierra Madre del Sur province","Cephalocereus","Mexico",20.2999992370605,22.0166664123535,4,98.7123184204102,270,16,27.7861461639404,-0.626388549804688
"Cephalocereus nudus",-96.253774,16.666248,"Sierra Madre del Sur province","Cephalocereus","Mexico",20.6999988555908,22.2000007629395,3,99.6972198486328,261,13,14.361213684082,4.34190368652344
"Cephalocereus nudus",-96.285723,16.675827,"Sierra Madre del Sur province","Cephalocereus","Mexico",19.8999977111816,21.8666667938232,4,97.7862854003906,268,16,34.4018592834473,1.50883483886719
"Isolatocereus dumortieri",-97.019756,17.869281,"Balsas Basin province","Isolatocereus","Mexico",24,22.533332824707,4,100.58415222168,152,16,16.6393985748291,-2.53230285644531
"Isolatocereus dumortieri",-97.06133,17.47861,"Balsas Basin province","Isolatocereus","Mexico",23,18.1333332061768,6,93.0744094848633,252,36,34.1166114807129,-2.42216491699219
"Isolatocereus dumortieri",-96.94806,17.69694,"Balsas Basin province","Isolatocereus","Mexico",23.5,21.8833332061768,8,91.8026885986328,216,31,17.8865356445312,3.22254180908203
"Isolatocereus dumortieri",-97.021861,17.523917,"Balsas Basin province","Isolatocereus","Mexico",23.2000007629395,18.6499996185303,9,90.9225616455078,259,46,18.7723484039307,0.251174926757812
"Isolatocereus dumortieri",-97.053194,17.496111,"Balsas Basin province","Isolatocereus","Mexico",22.2999992370605,17.9500007629395,6,93.0499649047852,250,37,23.2728652954102,-3.86909484863281
"Isolatocereus dumortieri",-97.0602,18.1491,"Balsas Basin province","Isolatocereus","Mexico",25.6999988555908,20.5666675567627,16,86.6872863769531,264,59,29.2319393157959,3.52983093261719
"Isolatocereus dumortieri",-97.057722,18.151806,"Balsas Basin province","Isolatocereus","Mexico",24.1000022888184,19.5,18,87.79638671875,327,70,28.6505813598633,-1.91996765136719
"Isolatocereus dumortieri",-98.045098,17.63791,"Balsas Basin province","Isolatocereus","Mexico",22.3999977111816,21.0499992370605,4,96.6201477050781,260,24,29.8551063537598,-1.26579284667969
"Isolatocereus dumortieri",-97.990959,17.642262,"Balsas Basin province","Isolatocereus","Mexico",23.2000007629395,20.6833324432373,4,94.9828262329102,255,18,17.6615867614746,-4.86627197265625
"Isolatocereus dumortieri",-97.093894,17.779625,"Balsas Basin province","Isolatocereus","Mexico",21.6000003814697,15.966667175293,6,92.9512329101562,213,54,7.98509168624878,0.973175048828125
"Isolatocereus dumortieri",-96.974306,17.956778,"Balsas Basin province","Isolatocereus","Mexico",24.8000011444092,21.466667175293,19,87.9040832519531,325,66,18.5310325622559,-2.98524475097656
"Isolatocereus dumortieri",-96.982722,17.9535,"Balsas Basin province","Isolatocereus","Mexico",24.4999980926514,21.7000007629395,14,90.0356826782227,285,53,16.0742225646973,-2.36960601806641
"Isolatocereus dumortieri",-96.934556,17.686278,"Balsas Basin province","Isolatocereus","Mexico",23,21.966667175293,5,95.6468811035156,169,19,3.22080397605896,-3.94408416748047
"Isolatocereus dumortieri",-96.96584,17.903891,"Balsas Basin province","Isolatocereus","Mexico",23.8999996185303,21.533332824707,10,93.6481094360352,233,37,12.8447933197021,0.761993408203125
"Isolatocereus dumortieri",-97.72525,18.222455,"Balsas Basin province","Isolatocereus","Mexico",20.0999984741211,18.2333335876465,4,97.8453140258789,208,13,27.3399543762207,-2.75682067871094
"Isolatocereus dumortieri",-97.68734,17.776478,"Balsas Basin province","Isolatocereus","Mexico",23.2000007629395,18.4333343505859,4,94.5931243896484,221,14,32.979923248291,-0.866226196289062
"Isolatocereus dumortieri",-97.425127,18.067992,"Balsas Basin province","Isolatocereus","Mexico",24.1000003814697,19.4333343505859,5,94.5602416992188,160,19,5.66151237487793,-5.78129577636719
"Isolatocereus dumortieri",-97.033616,18.079172,"Balsas Basin province","Isolatocereus","Mexico",24.5999984741211,20.7000007629395,18,86.5052490234375,319,74,36.9503440856934,3.61186218261719
"Selenicereus purpusii",-97.053194,17.496111,"Balsas Basin province","Selenicereus","Mexico",22.2999992370605,17.9500007629395,6,93.0499649047852,250,37,23.2728652954102,-3.86909484863281
"Selenicereus purpusii",-96.9215,17.71822,"Balsas Basin province","Selenicereus","Mexico",23.1000022888184,21.5500011444092,6,93.7846069335938,173,24,30.3505229949951,-0.964927673339844
"Selenicereus purpusii",-96.960417,17.932417,"Balsas Basin province","Selenicereus","Mexico",24.1000022888184,21.5499992370605,11,93.9328765869141,249,40,28.1698379516602,11.065185546875
"Selenicereus purpusii",-97.0302,17.5098,"Balsas Basin province","Selenicereus","Mexico",23.3999977111816,19,8,91.5542984008789,256,43,16.7211818695068,-0.0823211669921875
"Selenicereus purpusii",-96.9539,17.92539,"Balsas Basin province","Selenicereus","Mexico",24.2999992370605,21.2333335876465,17,89.6857757568359,304,58,25.1464176177979,-3.70730590820312
"Cephalocereus nudus",-96.639499,17.016357,"Balsas Basin province","Cephalocereus","Mexico",20.8000011444092,17.6833343505859,2,92.417839050293,259,19,34.1922607421875,-0.212814331054688
