"","Species","lon","lat","Province","Genus","Endemismo","bio_07","bio_11","bio_14","bio_15","bio_18","bio_19","slope","tpi","PC1","PC2","PC3","PC4","PC5","PC6","PC7","PC8","mahal_ver"
"1","Cephalocereus parvispinus",-97.416667,17.183333,"Sierra Madre del Sur province","Cephalocereus","Mexico",21.1000003814697,18.0499992370605,5,95.9455871582031,305,16,3.89831805229187,1.45974731445312,0.100372030899653,-0.30064968542518,0.402243552859385,1.19083360098886,0.335328510103988,0.570200729017132,-0.36853177038753,-0.00131456987202622,5.73188472804451
"2","Epiphyllum anguliger",-96.11888,16.00333,"Sierra Madre del Sur province","Epiphyllum","Mexico",12.8000001907349,21.1833343505859,9,94.5150985717773,460,41,25.1314449310303,-0.677261352539062,-0.230353790847549,2.36500868149007,0.00895192178772924,-1.36403655033053,1.03162502928509,0.95668503045208,0.274118093378702,0.122116097206275,5.34550536912412
"3","Epiphyllum anguliger",-96.11014,16.01089,"Sierra Madre del Sur province","Epiphyllum","Mexico",12.7000007629395,20.8833332061768,9,94.2445602416992,435,40,28.4190559387207,1.22230529785156,-0.356844405758247,2.15719123122035,0.876778987381072,-1.49300932734036,0.99495457914548,0.774085192422176,0.336809378454225,0.194024713117717,4.63853442324318
"4","Epiphyllum anguliger",-96.983,16.183,"Sierra Madre del Sur province","Epiphyllum","Mexico",14.9000005722046,19.033332824707,7,94.4186096191406,456,31,21.8814010620117,-1.40768432617188,-0.238066513164058,1.72965193891699,-0.371800329524669,-1.04664356482403,1.17044309493183,1.23617662986313,-0.100254587760009,-0.00184312970443879,4.41317004626711
"5","Epiphyllum anguliger",-97.075583,16.388083,"Sierra Madre del Sur province","Epiphyllum","Mexico",19.2999992370605,21.0499992370605,4,100.700393676758,475,20,19.226619720459,0.481163024902344,0.329163978558315,1.39305890506176,0.359272653475643,-0.52520301605316,0.236025343604952,1.71621379676387,-0.792238263738825,-0.550931961318393,5.36875692199869
"6","Epiphyllum anguliger",-97.831118,17.070586,"Sierra Madre del Sur province","Epiphyllum","Mexico",19.5999984741211,18.7999992370605,10,98.9985809326172,448,36,10.7332401275635,3.76811218261719,-0.370576540201964,1.48138967099501,1.46762809626562,0.782092623541683,0.378009419074021,1.10498429581184,-0.978101160262087,-0.17703319413975,4.01141461762454
"7","Epiphyllum anguliger",-97.836123,17.072445,"Sierra Madre del Sur province","Epiphyllum","Mexico",20.1000003814697,19.6166667938232,9,104.695129394531,508,32,34.4889030456543,0.09014892578125,-0.482325444195943,1.79843498366844,0.465580546145664,-1.90130814227299,-0.0815875718157211,1.65384115032298,-1.62506892694626,-0.522365389630304,3.97796358111314
"8","Epiphyllum crenatum",-95.9164,16.2711,"Sierra Madre del Sur province","Epiphyllum","Mexico",15.8999996185303,20.9500007629395,4,102.401824951172,282,18,23.0098838806152,5.6239013671875,0.626720255897445,0.406160292724263,2.66788770338221,-0.632578479176162,0.27926719471348,-0.197725519773311,-0.0155536662908037,0.0916410762710247,5.3950523434978
"9","Epiphyllum oxypetalum",-96.428401,17.644974,"Sierra Madre del Sur province","Epiphyllum","No",19.2000007629395,19.2666664123535,57,75.2037124633789,555,230,33.3896026611328,0.286079406738281,-7.66067462339758,6.02183009701797,-0.242513137733379,-0.198617594856804,-1.26586972773635,-0.609510480293287,-0.323918327317722,0.971837225353022,2.12278338557644
"10","Epiphyllum phyllanthus",-96.27944,17.52306,"Sierra Madre del Sur province","Epiphyllum","No",19.1999988555908,20.4333343505859,42,81.2220993041992,569,171,37.0798683166504,4.04632949829102,-5.69691944964432,5.01815941391517,1.6336532221595,-0.632335158086133,-0.96551649016964,0.428068394090664,-0.431142933957844,0.440790687344486,0.660433134416222
"11","Epiphyllum phyllanthus",-96.279481,17.523775,"Sierra Madre del Sur province","Epiphyllum","No",19.1999988555908,20.4333343505859,42,81.2220993041992,569,171,12.844762802124,5.54724884033203,-5.07632310046464,5.14510972349805,1.74001066066584,1.80609067257517,-0.636075522434255,0.256300820036862,-0.366333229536659,0.50078692527005,0.230849242542164
"12","Epiphyllum pumilum",-95.8182349,17.1246597,"Sierra Madre del Sur province","Epiphyllum","No",16.8999996185303,19.6000003814697,52,86.4681549072266,600,180,5.16466045379639,0.977935791015625,-5.10964803957897,6.26684254617918,-0.370582908657456,2.0478793980028,-0.440393232199094,-0.361495064485415,-1.0296627909994,1.30914744204549,0.835601418395782
"13","Mammillaria discolor",-96.865472,17.718667,"Sierra Madre del Sur province","Mammillaria","Mexico",19.5,15.7333335876465,13,90.9266738891602,299,103,19.4543743133545,1.43487548828125,-2.27500346386572,0.7332803780708,0.532394668412948,0.0387892446020493,0.422842360634873,-0.660370880080398,-0.0911338588612868,-0.581798683884468,5.75469349743721
"14","Neobuxbaumia laui",-97.75011,16.98436,"Sierra Madre del Sur province","Neobuxbaumia","Oaxaca",19.6999988555908,18.5833339691162,12,99.3136901855469,490,38,28.6233768463135,0.313980102539062,-0.966477687124385,1.77393582360096,0.386610315271173,-1.20638127463906,0.166930203996301,1.49516897917324,-1.27581527064384,-0.168124891840067,3.23442793134338
"15","Neobuxbaumia laui",-97.752222,16.985556,"Sierra Madre del Sur province","Neobuxbaumia","Oaxaca",19.6999988555908,18.5833339691162,12,99.3136901855469,490,38,31.2581596374512,2.10733032226562,-1.06375017539458,1.77854001108325,1.19224530930946,-1.27769491236715,0.122677989564091,1.50008706698627,-1.28704947575911,-0.179908586538955,3.12787823353044
"16","Neobuxbaumia laui",-97.75222,16.98556,"Sierra Madre del Sur province","Neobuxbaumia","Oaxaca",19.6999988555908,18.5833339691162,12,99.3136901855469,490,38,31.2581596374512,2.10733032226562,-1.06375017539458,1.77854001108325,1.19224530930946,-1.27769491236715,0.122677989564091,1.50008706698627,-1.28704947575911,-0.179908586538955,3.12787823353044
"17","Opuntia stricta",-97.5977,16.91156,"Sierra Madre del Sur province","Opuntia","Oaxaca",18.4000015258789,14.5500001907349,7,103.471382141113,366,28,22.8262042999268,1.45166015625,-0.332224949090925,0.463040348479424,0.828902982835582,-0.777411940940574,0.951357185005897,0.342538631485033,-1.38628130729025,-0.131576692022606,4.52346138826934
"18","Pachycereus grandis",-96.940114,17.881241,"Sierra Madre del Sur province","Pachycereus","Mexico",24,20.5666656494141,24,86.311408996582,361,83,17.1158638000488,1.37886047363281,-2.87704872785461,1.332253830517,0.327211718910673,0.681764205197881,-1.20324709738467,0.449794813895608,-0.225174049089078,0.394826613274982,4.9776997932212
"19","Pachycereus grandis",-96.940758,17.913575,"Sierra Madre del Sur province","Pachycereus","Mexico",23.0000019073486,20.1000003814697,24,88.0947113037109,384,90,34.9444198608398,2.34162902832031,-3.31679627602803,1.60914545059333,1.12021852269276,-0.968741575211282,-1.21551980739549,0.483481434714829,-0.430570655061383,0.214257368553803,5.02116051736007
"20","Pachycereus grandis",-96.94058,17.91972,"Sierra Madre del Sur province","Pachycereus","Mexico",23.6000003814697,20.4833335876465,25,87.1156845092773,383,91,11.3442249298096,-1.2122802734375,-2.78299221174958,1.67962514968553,-0.891949930196872,0.973265996279424,-1.05145787668628,0.405056166345424,-0.318867203915588,0.337118837646856,3.73434158092616
"21","Pachycereus grandis",-96.9425539,17.9226429,"Sierra Madre del Sur province","Pachycereus","Mexico",23.5,20.6166667938232,24,88.0605392456055,377,83,10.5343952178955,0.747116088867188,-2.5496687838198,1.57010730870079,-0.0651396966397183,1.1883214419886,-1.03759493725304,0.418735015561182,-0.344478277069784,0.382753623535974,3.68053469697245
"22","Polaskia chende",-96.940417,17.922361,"Sierra Madre del Sur province","Polaskia","Mexico",23.6000003814697,20.4833335876465,25,87.1156845092773,383,91,12.5929040908813,0.17279052734375,-2.83724357125009,1.68684170147151,-0.286616208576178,0.992474858020349,-1.07473746388297,0.403624284519727,-0.325336932999452,0.330095253799745,3.80113533306698
"23","Polaskia chende",-96.84944,17.95028,"Sierra Madre del Sur province","Polaskia","Mexico",20.7000007629395,16.216667175293,24,89.4789657592773,454,121,16.1884174346924,-3.20645141601562,-3.22674617583986,2.45081068735999,-1.62274184677843,0.208178738951488,0.13419681630109,0.236921146021331,-0.824745869251561,-0.25536510935084,2.47017302665907
"24","Selenicereus anthonyanus",-97.880688,17.144456,"Sierra Madre del Sur province","Selenicereus","Mexico",19.7999992370605,18.1833324432373,11,94.9084091186523,367,36,6.09640455245972,-0.827072143554688,-0.519557236619969,0.766681798199248,-0.570925505986304,0.842530969279614,0.396790424617334,0.614165152631024,-0.484226747606597,0.178861494070936,4.11656624943712
"25","Selenicereus chontalensis",-95.470834,16.678362,"Sierra Madre del Sur province","Selenicereus","No",16.5,21.9833335876465,3,96.8386611938477,205,21,20.9973888397217,-0.0050201416015625,0.525977936050676,-0.321112131565613,0.255207588452153,-0.909364358686948,0.050745384986218,-0.480825922587762,0.79914675272459,0.18588020363948,5.79240572752067
"26","Acanthocereus tetragonus",-96.372928,16.561146,"Sierra Madre del Sur province","Acanthocereus","No",19.5,21.7000007629395,2,98.4284973144531,258,11,5.84985828399658,4.88764953613281,0.854217847546577,-0.307181311699672,1.95145790104149,1.12949476412029,-0.0577240035849795,0.147788755523144,0.215598421513512,-0.0561743005868379,5.97319465075177
"27","Acanthocereus tetragonus",-96.358079,16.582879,"Sierra Madre del Sur province","Acanthocereus","No",19.7999992370605,21.6833324432373,2,99.4614791870117,266,11,29.8231792449951,-0.112075805664062,0.328435099261007,-0.424679524525545,0.376751956162831,-1.62712386400664,-0.41550721959398,0.38587553639035,0.0196622665302145,-0.16193437511284,5.92594044551284
"28","Aporocactus martianus",-96.739555,16.202132,"Sierra Madre del Sur province","Aporocactus","Oaxaca",15.5999994277954,17.3333339691162,5,94.2128295898438,337,30,28.2669925689697,-0.651718139648438,-0.443023908912308,0.498467985337229,0.0938922556947757,-1.57266692239521,1.07047309866048,0.420169034254728,0.0894596544060715,0.0391131000129953,4.45771213670021
"29","Aporocactus martianus",-96.617651,16.268913,"Sierra Madre del Sur province","Aporocactus","Oaxaca",17.7000007629395,17.7333335876465,8,87.7558517456055,263,38,14.5160875320435,0.352615356445312,-0.867426492873671,-0.0807335007421222,0.134771055597738,0.0930375246432033,0.70503779879992,0.0163230794014635,0.655758141417217,0.339877017479593,5.94091905433722
"30","Aporocactus martianus",-96.665191,16.271115,"Sierra Madre del Sur province","Aporocactus","Oaxaca",16.8999996185303,16.2999992370605,11,87.9710083007812,309,52,29.6234912872314,1.17147827148438,-1.70881195975707,0.469579096655483,0.763039720322446,-1.20878670107891,0.8080626598293,0.113968582076918,0.305601604414499,0.291554888564835,5.54047726319877
"31","Aporocactus martianus",-97.62383,16.91047,"Sierra Madre del Sur province","Aporocactus","Oaxaca",18.5,14.3166666030884,8,103.034614562988,362,29,13.2801923751831,0.359954833984375,-0.188316767811642,0.490367398357955,0.155690898894465,0.0466943398123539,1.07009193205389,0.237127492297032,-1.37430937151064,-0.0172978658699033,4.54242689938087
"32","Aporocactus martianus",-97.536012,16.922226,"Sierra Madre del Sur province","Aporocactus","Oaxaca",17.2999992370605,13.3333330154419,7,100.571792602539,335,36,31.0418262481689,3.76025390625,-0.867862653020531,0.276216956856048,1.96308643981168,-1.32485754186034,1.17425978531198,0.0427468725912951,-1.08745445638429,-0.0972082078375696,5.01101441720435
"33","Aporocactus martianus",-96.411774,17.14656,"Sierra Madre del Sur province","Aporocactus","Oaxaca",13.8999996185303,9.11666679382324,10,84.3309860229492,361,60,1.80650067329407,-0.471038818359375,-1.61403890540533,0.723246760183139,-0.513909669839053,1.19210233595378,3.01783962036644,0.0589935575768782,0.0500966574613902,0.332083855981228,4.66207044978119
"34","Aporocactus martianus",-96.807361,17.902861,"Sierra Madre del Sur province","Aporocactus","Oaxaca",16.1000003814697,10.7666664123535,14,89.2066192626953,280,114,7.04047536849976,3.56680297851562,-2.43423564778099,0.811831287352078,1.16819460750865,1.31822690076252,1.85064759253945,-1.38689130296636,-0.091136949386155,-0.319298233029979,5.82628642969006
"35","Aporocactus martianus",-96.802582,18.035412,"Sierra Madre del Sur province","Aporocactus","Oaxaca",22.6000003814697,20.3166675567627,47,81.7192001342773,606,202,19.0949840545654,-0.71484375,-6.10524359997325,5.47710877845529,-0.879560209702288,0.941115897265663,-1.36783232632548,0.372342405753735,-0.936143126450422,0.105639809686602,0.474520856987583
"36","Aporocactus martianus",-96.754805,18.065222,"Sierra Madre del Sur province","Aporocactus","Oaxaca",16.8999996185303,14,24,86.9051361083984,421,161,15.0693216323853,-3.22976684570312,-3.73661398941926,2.82176017960603,-1.67265456516478,0.231414714040796,1.03636402843332,-0.795748056622828,-0.270717009194272,-0.552738014858301,2.29436894915401
"37","Aporocactus martianus",-96.937055,18.123222,"Sierra Madre del Sur province","Aporocactus","Oaxaca",16.6999988555908,11.7166662216187,15,87.7707214355469,317,154,6.20691108703613,1.93817138671875,-3.0234482428068,1.47987428858511,0.384189550336258,1.40226841037538,1.64826183023355,-1.48392104519161,0.0484128551479776,-1.01472324044457,4.7954799636575
"38","Aporocactus martianus",-96.874509,18.168351,"Sierra Madre del Sur province","Aporocactus","Oaxaca",21.3999996185303,17.9833335876465,40,82.4219818115234,535,183,28.6486358642578,-2.50221252441406,-5.69653363025462,4.3277380415993,-1.31700521013365,-0.365814733844493,-0.807801081006152,0.137496924127295,-0.760522154088491,0.0051457165867531,2.00953574635975
"39","Cephalocereus apicicephalium",-96.393571,16.486687,"Sierra Madre del Sur province","Cephalocereus","Mexico",19.3999977111816,21.6000003814697,2,97.750732421875,263,12,26.6194190979004,0.0586395263671875,0.319170602648657,-0.411254402945322,0.377252659407223,-1.30312286436203,-0.27117408164304,0.367665866048665,0.207154700143739,-0.107378757416679,5.9027666320119
"40","Cephalocereus apicicephalium",-96.387575,16.53453,"Sierra Madre del Sur province","Cephalocereus","Mexico",19.7999992370605,21.8666667938232,2,99.6577529907227,271,11,9.85690593719482,0.626327514648438,0.872734861162208,-0.27005796190407,0.256965862614914,0.329257546517741,-0.164201052071353,0.282810016690276,0.0626015846504083,-0.126593357126758,5.95941417087467
"41","Cephalocereus apicicephalium",-96.189776,16.647563,"Sierra Madre del Sur province","Cephalocereus","Mexico",20.4000015258789,22.4333324432373,3,100.049736022949,253,13,22.0575618743896,1.10214996337891,0.489481683847386,-0.405040424746044,0.702620640932761,-0.733945584434906,-0.604884993372453,0.205958156527854,0.0340951617052652,-0.11329546305123,5.90247802977282
"42","Cephalocereus apicicephalium",-97.091667,16.675,"Sierra Madre del Sur province","Cephalocereus","Mexico",16,14.966667175293,6,95.9154357910156,312,51,34.5169448852539,3.11123657226562,-1.11095773112295,0.370479466792345,1.75786340954422,-1.71724118124478,1.1356830370689,-0.147996447293505,-0.262339465984983,-0.245714891255229,5.00370295590785
"43","Cephalocereus apicicephalium",-97.105969,16.733427,"Sierra Madre del Sur province","Cephalocereus","Mexico",14.0000009536743,11.6833333969116,6,93.4766464233398,307,44,10.4713926315308,-3.69598388671875,-0.552674781822851,0.252551726689572,-1.57631915929687,-0.197612670378556,2.37575751626042,-0.335114976703598,-0.166235079799252,0.165507908217711,4.87526759306792
"44","Cephalocereus apicicephalium",-95.185173,16.793152,"Sierra Madre del Sur province","Cephalocereus","Mexico",15.8000001907349,21.8166675567627,18,77.5089111328125,223,106,15.676061630249,-2.30156707763672,-2.43344414347886,1.10322093807574,-1.12690401038536,0.0406951938307372,0.00566160612470609,-1.05225092206873,2.12965777537999,0.467476190633619,4.83232509465044
"45","Coryphantha elephantidens",-96.24336,16.67583,"Sierra Madre del Sur province","Coryphantha","Mexico",19.8999996185303,21.7000007629395,4,99.1455764770508,272,15,14.6443748474121,-1.06019592285156,0.545235782322165,-0.194813103840586,-0.369472548816267,-0.236240443065765,-0.281659072982777,0.255372286549541,0.00937949397627076,-0.0178733844009664,5.64719303525327
"46","Coryphantha elephantidens",-96.321434,16.686548,"Sierra Madre del Sur province","Coryphantha","Mexico",20.8999996185303,22.1000003814697,3,98.0358963012695,275,16,3.35490751266479,-0.26690673828125,0.767889882068286,-0.261940489494488,-0.293700832581249,0.969241454261689,-0.285292396418549,0.358174388343127,0.103749704213105,-0.158756299403477,5.86350702224895
"47","Coryphantha elephantidens",-96.210964,16.689065,"Sierra Madre del Sur province","Coryphantha","Mexico",19.6999988555908,21.7333335876465,4,99.8382339477539,273,15,11.1572322845459,3.401611328125,0.630282894463446,-0.0902919433047503,1.42489343524689,0.51320778480906,-0.237157087692627,0.161098997069825,-0.0264120093035019,-0.021139475396484,5.60571428293434
"48","Coryphantha pallida",-96.629982,16.29399,"Sierra Madre del Sur province","Coryphantha","Mexico",17.5999984741211,17.533332824707,9,88.9160995483398,284,44,5.22959136962891,0.937637329101562,-0.714442668593769,0.248514297075871,0.166536554986137,1.03921672533167,0.8565018608379,-0.0493077954262066,0.492066267670906,0.293614563506447,4.96429359137164
"49","Coryphantha pallida",-96.941028,17.832389,"Sierra Madre del Sur province","Coryphantha","Mexico",24.1000022888184,20.8666667938232,21,86.4162826538086,320,69,9.77734279632568,4.57833862304688,-2.32838792431438,0.821258438319997,1.55320925428507,1.60974996072281,-1.13695357607296,0.320131349842076,-0.00733856798571637,0.449725049308155,5.55995044890946
"50","Coryphantha pallida",-97.016616,18.090218,"Sierra Madre del Sur province","Coryphantha","Mexico",21.3999996185303,16.9166660308838,15,92.2684478759766,358,69,24.1460990905762,-2.70672607421875,-2.02134830544244,0.779682664088877,-1.08520629154278,-0.772410499456509,-0.0535105443025296,0.375029998411654,-0.613405416375371,-0.101030059426616,5.10527290782633
"51","Coryphantha retusa",-96.729281,16.208367,"Sierra Madre del Sur province","Coryphantha","Mexico",16.3999996185303,17.8833332061768,4,94.4810409545898,323,24,8.6086254119873,6.0352783203125,0.121119583310413,0.394496541167926,2.47275378099018,0.954852384304376,1.1112649964753,0.300922597566942,0.153869593232336,0.0523490329276676,4.82004552898948
"52","Coryphantha retusa",-96.473454,16.20954,"Sierra Madre del Sur province","Coryphantha","Mexico",15.5000009536743,15.9499998092651,9,89.1439208984375,325,52,27.7575569152832,-1.61798095703125,-1.35125122816297,0.627852439794942,-0.403996277692713,-1.43273881047975,1.2099245215836,0.127670566668518,0.330291923362813,0.161436775508882,4.61043552382051
"53","Coryphantha retusa",-96.689381,16.21969,"Sierra Madre del Sur province","Coryphantha","Mexico",14.8000011444092,14.9499998092651,8,92.0526351928711,351,43,15.4078712463379,-0.419158935546875,-0.732359050524181,0.81064413433104,-0.129895858333131,-0.256969752336717,1.692539728233,0.179571506768534,0.00446668833822665,0.20014088508577,4.00983751330129
"54","Coryphantha retusa",-96.779069,16.226694,"Sierra Madre del Sur province","Coryphantha","Mexico",18,19.1833324432373,4,94.072883605957,374,29,19.4829998016357,-2.700439453125,-0.159894648554504,0.589484727385775,-0.978173127397866,-0.826117708863604,0.649327798992781,0.963112062224522,0.0169752111889111,-0.262243003174176,4.46712893162072
"55","Coryphantha retusa",-96.762657,16.236555,"Sierra Madre del Sur province","Coryphantha","Mexico",18,19.0166664123535,3,94.0508193969727,336,23,17.7021350860596,4.6116943359375,-0.0854723038195073,0.264795800868265,2.05759374214532,0.0322978895728682,0.634357220562717,0.695623789853518,0.127389026732808,-0.180925695530078,4.8372725965358
"56","Coryphantha retusa",-96.713027,16.244274,"Sierra Madre del Sur province","Coryphantha","Mexico",16.6000003814697,16.7666664123535,7,92.9584655761719,324,35,18.2414627075195,1.22805786132812,-0.587878528220658,0.431233181194698,0.621346474885914,-0.31944142420267,1.04818149173746,0.246712857182366,0.047844493963705,0.144095693408868,4.56442323416421
"57","Coryphantha retusa",-96.765612,16.248773,"Sierra Madre del Sur province","Coryphantha","Mexico",17.9000015258789,18.8999996185303,3,93.9893112182617,324,22,29.2400398254395,-3.15066528320312,-0.261337758344681,0.0416727090162594,-0.933008536580047,-1.83521518684753,0.519231220615044,0.734774017310848,0.149029062407771,-0.138164142039328,5.17853169398235
"58","Coryphantha retusa",-96.678957,16.254835,"Sierra Madre del Sur province","Coryphantha","Mexico",16.5,15.8500003814697,10,89.3943786621094,322,52,15.8670978546143,-1.8656005859375,-1.1627580160516,0.588343491354039,-0.784232432395691,-0.26426251010534,1.185078473544,0.0703072654370585,0.214716811576565,0.220349036579341,4.53488705401935
"59","Coryphantha retusa",-96.634426,16.262185,"Sierra Madre del Sur province","Coryphantha","Mexico",16.7999992370605,16.5833339691162,11,87.1624145507812,301,53,20.4804782867432,-3.89712524414062,-1.41507712115481,0.43390902904113,-1.55220604724087,-0.841489282697686,0.924736684760992,0.0447100763462531,0.477277671059196,0.348866242379943,5.19485676269568
"60","Coryphantha retusa",-96.600389,16.264666,"Sierra Madre del Sur province","Coryphantha","Mexico",17.3999996185303,17.6499996185303,9,88.7197799682617,279,41,15.209792137146,0.555633544921875,-0.919755309370139,0.162268727442521,0.229001726544373,0.0410165077400718,0.729131900258386,0.0113028307414351,0.519799067871334,0.347594952135082,5.33721644916278
"61","Coryphantha retusa",-96.75059,16.274029,"Sierra Madre del Sur province","Coryphantha","Mexico",17.9000015258789,18.2999992370605,3,95.1612548828125,309,22,28.9280776977539,3.70115661621094,-0.330294167830477,-0.028234416379836,1.92687568321517,-1.14326496560882,0.53595576333858,0.499386431579251,0.0229699758928701,-0.13928910539635,5.33989219074037
"62","Coryphantha retusa",-96.750986,16.280339,"Sierra Madre del Sur province","Coryphantha","Mexico",18,18.2333335876465,4,94.7942352294922,307,23,30.6976928710938,-2.26434326171875,-0.394935263714542,-0.0704709408111725,-0.538547670169252,-1.87272008701437,0.495331224772838,0.519637457244381,0.0201422521373672,-0.0483426407530055,5.46464547754969
"63","Coryphantha retusa",-96.668955,16.296019,"Sierra Madre del Sur province","Coryphantha","Mexico",17.2999992370605,16.3999996185303,9,89.0233383178711,308,51,26.4790725708008,2.83737182617188,-1.47431279333211,0.360437400042923,1.40586678538614,-0.77187940106226,0.821526871272885,0.131799154877599,0.265014548536973,0.0835040872881274,5.49598227357564
"64","Coryphantha retusa",-96.68197,16.296925,"Sierra Madre del Sur province","Coryphantha","Mexico",17.2999992370605,16.2333335876465,9,89.9313659667969,311,48,8.37417888641357,-4.29354858398438,-0.80727677393142,0.375058057049477,-1.95388702502,0.213336967742793,1.12215715965879,0.0796904594474709,0.220669787976247,0.181112126095982,4.75249662635486
"65","Coryphantha retusa",-96.705809,16.302235,"Sierra Madre del Sur province","Coryphantha","Mexico",17.5999984741211,16.8500003814697,8,91.4585647583008,302,38,10.7218389511108,-4.12283325195312,-0.558095930565418,0.193739031440447,-1.80576360777775,-0.0405879809754384,0.945382135397712,0.145261528087036,0.162849382260472,0.224252544992605,4.99323827353757
"66","Coryphantha retusa",-96.784673,16.304107,"Sierra Madre del Sur province","Coryphantha","Mexico",18.9000015258789,19.4833335876465,3,94.5360488891602,324,20,11.9018850326538,0.0986175537109375,0.180002626066072,0.0709224538347659,0.0430345680214833,0.16663516973227,0.487598179303604,0.69413619892175,0.110647820657202,-0.14787926029888,5.16673372831522
"67","Coryphantha retusa",-96.674658,16.304718,"Sierra Madre del Sur province","Coryphantha","Mexico",17.7000007629395,16.8333339691162,8,89.6416244506836,297,44,8.05831718444824,1.55551147460938,-0.767700558580322,0.233105683985448,0.491325985141485,0.819754386011683,0.961784011834022,0.0613778956776695,0.327183343790307,0.14770370179272,5.03365292828893
"68","Coryphantha retusa",-96.747113,16.343882,"Sierra Madre del Sur province","Coryphantha","Mexico",18.8999996185303,18.4333324432373,4,93.792839050293,282,22,9.03870582580566,0.419601440429688,0.0489160725196791,-0.247704548155593,0.104153004244935,0.499047633424237,0.577992247730483,0.293789546826349,0.170382059805574,0.0283297559708187,5.64333532269999
"69","Coryphantha retusa",-96.774484,16.388843,"Sierra Madre del Sur province","Coryphantha","Mexico",18,17.9166660308838,5,93.3271560668945,291,29,22.0252571105957,1.76864624023438,-0.47219096499767,-0.0536977881061592,0.938204397263922,-0.603724409596562,0.597653833592796,0.260058315050991,0.155929082747833,0.014956411976588,5.4771345111938
"70","Disocactus ackermannii",-97.620699,17.046725,"Sierra Madre del Sur province","Disocactus","Mexico",19.3999996185303,12.9333333969116,7,101.012817382812,332,26,9.71573543548584,-0.404327392578125,-0.282326180063881,-0.052036273821988,-0.249433715229665,0.371589789929312,1.21664516217837,0.185732639936771,-1.31981230453945,1.89191412406566e-05,5.36745630739645
"71","Disocactus ackermannii",-96.083,17.233,"Sierra Madre del Sur province","Disocactus","Mexico",14.4000005722046,13.216667175293,23,81.0003204345703,359,165,20.0829238891602,2.61932373046875,-4.1525223513702,2.5096523542006,0.898544759638203,0.26791069932697,1.47353173144029,-1.28936114222307,0.573739689665546,-0.329304408321576,3.91924090483995
"72","Disocactus ackermannii",-96.553333,17.533333,"Sierra Madre del Sur province","Disocactus","Mexico",19.2000007629395,15.1833333969116,27,84.7129211425781,498,248,9.31481552124023,-4.13143920898438,-5.0990413265566,4.1652548653153,-2.37858825205131,1.10943333352471,0.566630414967574,-1.07619766834697,-0.245624534211961,-2.05723354016266,1.35528397839542
"73","Disocactus ackermannii",-96.38444,17.53917,"Sierra Madre del Sur province","Disocactus","Mexico",16.6000003814697,14.6999998092651,44,79.9840087890625,604,383,30.1638317108154,5.06379699707031,-8.70725110882101,7.26866215268863,1.58467811021096,0.563413920122191,0.242314168410035,-2.36231675662484,-0.237134766172343,-2.86557332190588,1.75262543837999
"74","Disocactus ackermannii",-96.5438,17.61517,"Sierra Madre del Sur province","Disocactus","Mexico",15,11.1333332061768,17,84.9001312255859,319,120,16.8582324981689,-4.89126586914062,-2.98821605257058,1.26448125815164,-2.18802017822592,-0.384356452554471,1.90669370109975,-1.00249109820754,0.184184322077961,-0.0871912087680598,5.47529359437384
"75","Disocactus ackermannii",-96.5389,17.63267,"Sierra Madre del Sur province","Disocactus","Mexico",14.6999988555908,11.1666669845581,17,85.9282150268555,325,123,17.079065322876,0.626953125,-3.02955073816449,1.44496798328974,0.124883529660538,0.116558999643359,1.9120711035861,-1.10091366451596,0.11127281653155,-0.164820295673057,4.92827873204813
"76","Disocactus ackermannii",-96.55667,17.665,"Sierra Madre del Sur province","Disocactus","Mexico",14.8999996185303,11.6333332061768,20,82.3038787841797,338,170,8.68057346343994,2.83978271484375,-3.81937401021716,2.14559907679571,0.756209644712833,1.35030837913238,1.84425564459751,-1.55954800222286,0.457704970362093,-0.665531058587766,4.35155218927524
"77","Disocactus ackermannii",-96.55277,17.66944,"Sierra Madre del Sur province","Disocactus","Mexico",15.6000003814697,12.5333337783813,25,81.7219314575195,408,235,26.4144039154053,0.419281005859375,-5.42357027969368,3.40454703289657,-0.0295335538515654,-0.280406810149658,1.25415741206179,-1.72304788137321,0.301804735887363,-1.56316210623226,4.17103389073336
"78","Disocactus ackermannii",-96.67639,17.73944,"Sierra Madre del Sur province","Disocactus","Mexico",15.5000009536743,12.6999998092651,17,87.2029037475586,329,146,5.57564496994019,4.68820190429688,-2.93118556604454,1.83168265348381,1.53383987420859,1.67949174457281,1.64568132508562,-1.42528630103661,0.18524724746465,-0.636753553035147,3.55467237085985
"79","Disocactus ackermannii",-96.67361,17.74028,"Sierra Madre del Sur province","Disocactus","Mexico",16.0999984741211,13.6333332061768,23,84.8473739624023,394,204,14.3525791168213,2.39932250976562,-4.36752550283958,3.06347342526925,0.609463797866679,0.925697933308009,1.18121067700878,-1.55745179637684,0.171886569517198,-1.24946087664141,2.71437685570672
"80","Disocactus ackermannii",-96.92778,17.90833,"Sierra Madre del Sur province","Disocactus","Mexico",21.3999977111816,18.5499992370605,18,92.4074859619141,377,76,27.7306423187256,-2.02491760253906,-2.25782426282068,1.25860894391881,-0.754325456257338,-0.991097531850236,-0.449929112614657,0.397454277444702,-0.591856890566027,-0.00871366378151681,4.09076777246611
"81","Disocactus ackermannii",-96.9252,17.91097,"Sierra Madre del Sur province","Disocactus","Mexico",22.1999988555908,19.1499996185303,22,89.5017318725586,390,90,24.5588512420654,4.51588439941406,-2.88816559559105,1.66669284272151,1.83498704402611,0.137393043761796,-0.741571014318804,0.354638863664481,-0.503087896050334,0.0735020975567669,3.94402518881683
"82","Disocactus ackermannii",-96.799522,17.925444,"Sierra Madre del Sur province","Disocactus","Mexico",19.0999984741211,14.4833335876465,23,88.0229110717773,428,132,21.2083740234375,-1.16764831542969,-3.56970162138091,2.33601623387835,-0.655616052741867,-0.118348092700226,0.581875410134615,-0.169085585385287,-0.616680273007379,-0.354776833459154,3.24390700600354
"83","Disocactus ackermannii",-96.952833,17.993167,"Sierra Madre del Sur province","Disocactus","Mexico",19.2999992370605,16.4333343505859,12,93.667236328125,309,105,17.8662624359131,-1.19563293457031,-1.91842392204397,0.885665654140126,-0.582125839700057,-0.136655135875559,0.382824844750057,-0.696149942279818,-0.197320301405741,-0.75681494342318,4.62805615450075
"84","Disocactus ackermannii",-96.7548,18.06578,"Sierra Madre del Sur province","Disocactus","Mexico",16.8999996185303,14,24,86.9051361083984,421,161,11.8541669845581,2.54925537109375,-3.7392781679367,2.89109470729137,0.672057328545373,1.10757611697586,1.05600987083661,-0.857767169088889,-0.274063665390667,-0.559782809772362,2.14832222615918
"85","Disocactus ackermannii",-96.935333,18.121611,"Sierra Madre del Sur province","Disocactus","Mexico",16.6999988555908,11.7166662216187,15,87.7707214355469,317,154,8.15596008300781,4.32476806640625,-3.11155062731124,1.49325195683825,1.42288167396555,1.45450254199865,1.61095631635839,-1.48773557567903,0.0378334191027501,-1.02629036465168,4.94686575607611
"86","Disocactus ackermannii",-96.998049,18.1656841,"Sierra Madre del Sur province","Disocactus","Mexico",17.1000003814697,10.7333335876465,13,88.9290008544922,306,131,8.59131240844727,1.50387573242188,-2.70793062669302,0.960956589635908,0.301986923631704,1.05981656048419,1.76595840529437,-1.2414324303679,-0.167682678634602,-0.825425426638181,5.92182466025459
"87","Disocactus speciosus",-96.12469,16.00864,"Sierra Madre del Sur province","Disocactus","No",12.6999998092651,20.6499996185303,9,94.14794921875,429,37,34.9115104675293,-1.88748168945312,-0.467145250451639,2.0051413742656,-0.27826169023707,-2.4197155504922,0.947742112920999,0.828726182747378,0.31724017434922,0.253261876133889,4.1874665072793
"88","Disocactus speciosus",-96.11289,16.01386,"Sierra Madre del Sur province","Disocactus","No",12.7000007629395,20.8833332061768,9,94.2445602416992,435,40,34.9377861022949,-0.771011352539062,-0.499558127648745,2.10809019648295,0.184229822028281,-2.30633792258986,0.913196000118159,0.831463301961965,0.322779728370293,0.182161390030365,4.22833337972734
"89","Disocactus speciosus",-96.5058,16.06139,"Sierra Madre del Sur province","Disocactus","No",13.5000009536743,16.6499996185303,6,92.1640548706055,383,42,17.5501136779785,-3.78326416015625,-0.364020273813193,1.18125575739682,-1.45225259727054,-0.907198021503339,1.75488379884361,0.460656494127679,0.268781603879968,0.0427315446373889,3.99332421643302
"90","Disocactus speciosus",-96.511694,16.069806,"Sierra Madre del Sur province","Disocactus","No",13.1999988555908,15.8999996185303,6,92.4401321411133,381,41,28.410623550415,1.12274169921875,-0.737572704499722,1.13498612946185,0.835968408609106,-1.46711579543005,1.74102620892702,0.442670552904869,0.153849150501898,0.042618651750154,3.68226185563322
"91","Disocactus speciosus",-96.47802,16.0852,"Sierra Madre del Sur province","Disocactus","No",13.6999998092651,15.6499996185303,7,92.1455917358398,377,42,20.4626731872559,-0.611480712890625,-0.650348985968614,1.10279555300218,-0.0768178804193962,-0.836325225179524,1.77741883173779,0.380042936714621,0.111314631325039,0.124568274508424,3.75999316368686
"92","Disocactus speciosus",-96.487783,16.091922,"Sierra Madre del Sur province","Disocactus","No",13.3000001907349,14.8666667938232,7,92.0959930419922,376,40,18.0015525817871,-1.8201904296875,-0.579857185508766,1.06222315473861,-0.62706260017195,-0.746255611000432,2.00478689783311,0.342645986173952,0.0724726658613652,0.203780517927566,3.83540207853426
"93","Disocactus speciosus",-96.23806,16.1345,"Sierra Madre del Sur province","Disocactus","No",13.4000005722046,15.4166660308838,4,95.4942779541016,378,30,28.39111328125,-3.00830078125,-0.282550085248719,0.862333377020824,-0.850016797909071,-1.96147741994584,1.82915011172067,0.514331069784769,-0.11396384299713,0.00183359562179785,4.18781600887551
"94","Disocactus speciosus",-96.440201,16.1383,"Sierra Madre del Sur province","Disocactus","No",14.6000003814697,15.5666666030884,4,94.5739059448242,364,33,26.9186496734619,-1.90679931640625,-0.4289717911792,0.657401824630935,-0.446291553932417,-1.62577588952514,1.61686237850189,0.493141482830937,-0.0812130279790305,-0.0857073237929692,4.26636775203658
"95","Disocactus speciosus",-96.500345,16.178687,"Sierra Madre del Sur province","Disocactus","No",13.8999996185303,14.7666664123535,8,92.2438201904297,366,41,12.1462373733521,1.29940795898438,-0.587238240553094,1.02956278287282,0.533506514527473,0.164952858002289,1.93095656531827,0.202848170134545,0.00495072474358625,0.265145543867532,3.85236234938304
"96","Disocactus speciosus",-96.515358,16.186245,"Sierra Madre del Sur province","Disocactus","No",14.3999996185303,15.5833330154419,9,91.4894638061523,352,45,13.1806602478027,1.8865966796875,-0.743649967476459,1.00633559380171,0.779941731129867,0.18281647018278,1.64826908797555,0.105631923567978,0.130092598104203,0.289328986584156,3.7890653460056
"97","Disocactus speciosus",-96.505806,16.197107,"Sierra Madre del Sur province","Disocactus","No",14.9000005722046,15.8999996185303,11,89.9291915893555,343,53,14.9909400939941,1.87277221679688,-1.11737040096546,1.04622989381652,0.773828937769152,0.108039046079207,1.419694220161,0.00587346414912187,0.22642574801017,0.342154650383013,3.68088742356954
"98","Disocactus speciosus",-96.675666,16.24845,"Sierra Madre del Sur province","Disocactus","No",16.2000007629395,15.5333337783813,10,89.7398834228516,329,52,6.43833065032959,0.861083984375,-0.939764338124044,0.726819117654107,0.156676390317002,0.87712640154922,1.40963651545652,-0.00236811106510541,0.17804535871682,0.238937439941349,4.14669591888865
"99","Disocactus speciosus",-96.65715,16.253721,"Sierra Madre del Sur province","Disocactus","No",16.0999984741211,15.6499996185303,12,87.834098815918,326,61,22.3287982940674,1.9154052734375,-1.7103377839031,0.814141087082354,0.904331317626751,-0.44744475671719,1.12536521153511,-0.0199391249760891,0.278657543936563,0.269416451353942,4.54237259724849
"100","Disocactus speciosus",-96.659042,16.254196,"Sierra Madre del Sur province","Disocactus","No",15.8999996185303,15.3333330154419,12,88.0712890625,332,62,25.1164665222168,-2.6470947265625,-1.72728026372878,0.81544113689491,-0.940287189327916,-1.17260021331057,1.19516492137755,0.0326236085697548,0.228777350841641,0.255242809709867,4.56024583828252
"101","Disocactus speciosus",-96.657033,16.2715,"Sierra Madre del Sur province","Disocactus","No",16.7000007629395,16.1666660308838,11,88.2717590332031,313,54,36.9351921081543,-0.9967041015625,-1.87441050175271,0.482436608512162,0.0148991389307077,-2.1242363839528,0.769364263801268,0.151543996563112,0.2628664528013,0.24403263424855,5.80208324158561
"102","Disocactus speciosus",-96.684761,16.279995,"Sierra Madre del Sur province","Disocactus","No",16.8999996185303,15.7666664123535,10,90.1445770263672,320,49,4.21041679382324,-5.43942260742188,-0.752604184517375,0.525737204663861,-2.52577262878411,0.488353793070491,1.29730653990798,0.0387641883307596,0.144780800658806,0.277143569458122,4.440842989683
"103","Disocactus speciosus",-95.91561,16.29819,"Sierra Madre del Sur province","Disocactus","No",16,21.1000003814697,4,102.478950500488,276,20,23.1452713012695,-5.30557250976562,0.77691087752902,0.278581044629106,-1.89765350277294,-1.72034587964007,0.268930646047012,-0.185836669560611,0.0341669825638912,0.0903648966314037,5.62708250623127
"104","Disocactus speciosus",-97.066591,16.529858,"Sierra Madre del Sur province","Disocactus","No",15.7999992370605,15.4499998092651,6,97.2739334106445,322,45,15.8848695755005,0.899078369140625,-0.371207646888078,0.539421505129779,0.451335387551344,-0.223289901062438,1.36025481993597,-0.168965846621096,-0.292120567965483,-0.121164488429626,4.41954778596414
"105","Disocactus speciosus",-97.21733,16.70392,"Sierra Madre del Sur province","Disocactus","No",14.9999990463257,13.466667175293,9,92.9291076660156,318,64,21.4013710021973,-2.66619873046875,-1.25727255250427,0.645348853707029,-0.979268639487636,-0.978696036055718,1.67731527896299,-0.375993051444226,-0.123639940079742,-0.0272174982350574,4.48336365728915
"106","Disocactus speciosus",-97.138353,16.713644,"Sierra Madre del Sur province","Disocactus","No",14.7000007629395,12.8500003814697,10,91.4375457763672,306,68,24.336462020874,6.1455078125,-1.69588547978129,0.675402603377569,2.74932653152301,-0.352481342677982,1.70382588239996,-0.564606593420181,-0.0527871130200184,0.0409758441591433,4.9015421709376
"107","Disocactus speciosus",-97.21936,16.72867,"Sierra Madre del Sur province","Disocactus","No",15.0000009536743,12.6999998092651,7,96.0918045043945,316,50,6.87068128585815,0.20599365234375,-0.488267213751549,0.488781752453568,-0.0444002540063172,0.573106648282937,2.01597165018482,-0.431381744147343,-0.399481332750295,0.014582721029841,4.4676928248653
"108","Disocactus speciosus",-97.62944,16.75556,"Sierra Madre del Sur province","Disocactus","No",15.8000001907349,13.9500007629395,10,101.431213378906,372,33,10.7887201309204,1.4215087890625,-0.233330956207755,0.987693753031565,0.557578922770073,0.296759613333504,1.55320280125275,0.0195130861728893,-1.11022407133165,0.295607237438258,4.18410234154478
"109","Disocactus speciosus",-97.2976,16.78356,"Sierra Madre del Sur province","Disocactus","No",15.6000003814697,14.3000001907349,8,96.3562622070312,325,46,29.763334274292,1.410888671875,-1.02236608642332,0.531170540026108,0.943803529965656,-1.44229761547411,1.3252533412998,-0.123135775685517,-0.440069049333381,0.0380440300506729,4.5578599253054
"110","Disocactus speciosus",-97.31217,16.78475,"Sierra Madre del Sur province","Disocactus","No",15.3000001907349,14,8,97.5277786254883,323,42,40.568489074707,-2.00262451171875,-1.13644216214867,0.429775501472242,-0.2349993965824,-2.84412507288296,1.26318728631076,-0.0768906568520009,-0.567757441520005,0.0944602169691317,4.88214591194345
"111","Disocactus speciosus",-97.208515,16.819534,"Sierra Madre del Sur province","Disocactus","No",17.2999992370605,15.6666660308838,7,96.9403915405273,328,29,23.7277736663818,-0.41363525390625,-0.540300349204472,0.267615777872456,0.0649773093666509,-1.02546416483624,0.98398101374365,0.263117017425146,-0.504540188767365,0.118773886102856,4.84225023939879
"112","Disocactus speciosus",-97.580789,16.849748,"Sierra Madre del Sur province","Disocactus","No",18.1000003814697,17.3333339691162,8,99.9348297119141,409,29,0.695530354976654,-0.452407836914062,0.237085615132524,1.11287441128417,-0.458166030474925,1.16722457432568,0.988744636594255,0.700376295944388,-0.866199353906355,-0.0220934467740526,4.9205134190902
"113","Disocactus speciosus",-97.62353,16.91486,"Sierra Madre del Sur province","Disocactus","No",18.5,14.3166666030884,8,103.034614562988,362,29,11.1642732620239,1.05841064453125,-0.142776838542765,0.506789091777933,0.401972842156569,0.315788531571906,1.09640818947576,0.218141397934275,-1.369865601137,-0.0135854726067406,4.54984149149909
"114","Disocactus speciosus",-97.78042,17.03347,"Sierra Madre del Sur province","Disocactus","No",17.1000003814697,14.3833332061768,10,95.9925689697266,354,34,5.4568018913269,-0.5107421875,-0.463865399818948,0.651197452012106,-0.403584997228555,0.762186742728516,1.42458523715737,0.204618899365585,-0.668681528134034,0.33855300231839,4.26170848704482
"115","Disocactus speciosus",-98.046111,17.263611,"Sierra Madre del Sur province","Disocactus","No",19.2999992370605,15.283332824707,7,98.5825576782227,336,28,8.89917850494385,1.93014526367188,-0.262388356173061,0.171874602116527,0.701523236462339,0.701236136000207,0.912610681459153,0.315827054350481,-0.862234643460902,-0.0121716385105993,4.95159507958975
"116","Echinocactus platyacanthus",-96.644152,17.195402,"Sierra Madre del Sur province","Echinocactus","Mexico",13.6000003814697,9.35000038146973,11,83.7755126953125,330,63,10.3792028427124,4.52951049804688,-1.99261338039982,0.624564835245728,1.7526592827871,0.883658984697788,2.79181483356593,-0.232252632716976,0.191975336101056,0.434177944154908,5.55257330540556
"117","Epiphyllum hookeri",-96.250839,17.466136,"Sierra Madre del Sur province","Epiphyllum","No",19.5999984741211,19.8999996185303,37,82.9687728881836,500,145,33.8197479248047,1.3245735168457,-4.87483153961065,3.93976821354523,0.51023700269621,-0.740838744852808,-0.845411326094051,0.28650794345185,-0.345864890610613,0.540631876970427,1.48784369536224
"118","Epiphyllum hookeri",-96.279444,17.523056,"Sierra Madre del Sur province","Epiphyllum","No",19.1999988555908,20.4333343505859,42,81.2220993041992,569,171,37.0798683166504,4.04632949829102,-5.69691944964432,5.01815941391517,1.6336532221595,-0.632335158086133,-0.96551649016964,0.428068394090664,-0.431142933957844,0.440790687344486,0.660433134416222
"119","Epiphyllum hookeri",-96.5454664,17.5728339,"Sierra Madre del Sur province","Epiphyllum","No",19.1000003814697,14.7333335876465,32,86.6735992431641,572,278,17.5968189239502,-6.94647216796875,-5.90405393596221,5.19900819611531,-3.45885576537302,0.173997406508981,0.446777805961346,-1.0324365364915,-0.773059505730678,-2.31408694653161,0.629547809309239
"120","Epiphyllum hookeri",-96.555067,17.761444,"Sierra Madre del Sur province","Epiphyllum","No",19.6000022888184,19.7999992370605,47,78.7679138183594,516,183,36.8237495422363,-0.571182250976562,-6.28664631130159,4.81267634525875,-0.367633543337484,-0.907757513825592,-1.17357661046537,-0.130585409275558,-0.286657500196123,0.845060201257914,2.01666333248745
"121","Epiphyllum hookeri",-96.63325,18.00019,"Sierra Madre del Sur province","Epiphyllum","No",20.2999992370605,19.6000003814697,74,77.7829666137695,728,282,22.3986949920654,2.08448028564453,-9.06661618162276,8.67147448573028,0.0441432628609779,1.44711277044831,-1.73791139484995,-0.458731333833089,-1.53023300443874,1.16921895645625,0.764325134883334
"122","Escontria chiotilla",-96.363183,16.567855,"Sierra Madre del Sur province","Escontria","Mexico",19.9000015258789,21.8500003814697,2,99.5075607299805,269,11,25.3141498565674,-0.1044921875,0.455946897082445,-0.379535528586056,0.281789273497733,-1.19572550144423,-0.389784003526986,0.389677494093316,0.0279426246069454,-0.165262596073922,5.85762109751079
"123","Escontria chiotilla",-96.363702,16.577624,"Sierra Madre del Sur province","Escontria","Mexico",19.7999992370605,21.716667175293,2,99.4614791870117,266,11,24.8590240478516,-0.8326416015625,0.474074793259109,-0.405760645027063,-0.0307690120591603,-1.22967547782541,-0.348878043941027,0.358544492127297,0.0388643508640976,-0.147066430795315,5.90092292578049
"124","Escontria chiotilla",-96.364209,16.585192,"Sierra Madre del Sur province","Escontria","Mexico",19.9000015258789,21.5833339691162,2,99.0713272094727,263,11,26.8098926544189,4.39414978027344,0.300909818789733,-0.417133775374667,2.19124696440848,-0.884384465872307,-0.392079082232164,0.334237259007532,0.0388228386324619,-0.159110172405078,5.9148202196387
"125","Escontria chiotilla",-96.317869,16.681801,"Sierra Madre del Sur province","Escontria","Mexico",20.7999992370605,22.1166667938232,3,98.2189559936523,273,16,8.15816783905029,-0.233345031738281,0.661232593296989,-0.28227070399844,-0.174070732577652,0.509778526580086,-0.346501559399748,0.357219538852523,0.0934142569461243,-0.16346232683785,5.80998041471135
"126","Escontria chiotilla",-96.075,17.058333,"Sierra Madre del Sur province","Escontria","Mexico",16.2000007629395,14.8333330154419,15,85.9086303710938,328,104,16.8155536651611,-1.84095764160156,-2.42867594248109,1.26946970008178,-0.882843329856194,-0.112024402680244,1.21203776387311,-0.564707419369883,0.383103245312274,-0.144470614031191,4.32004713653767
"127","Escontria chiotilla",-96.901333,17.811639,"Sierra Madre del Sur province","Escontria","Mexico",20.2000007629395,16.3999996185303,13,94.6667709350586,310,89,9.01753902435303,6.04086303710938,-1.66519958345233,0.811102434398247,2.25799552594885,1.43097895303734,0.299864060858216,-0.591879352621229,-0.442614286362694,-0.464849936180615,4.49537333211229
"128","Ferocactus macrodiscus",-96.116476,16.80778,"Sierra Madre del Sur province","Ferocactus","Mexico",18.2999992370605,19.2333335876465,6,93.4766464233398,268,36,24.320032119751,-1.5714111328125,-0.522070066350243,-0.0787530465087392,-0.424894576735486,-1.11633632739391,0.22789456076111,0.0396189574070526,0.326873831327301,0.00997209416082801,5.57342694934509
"129","Ferocactus macrodiscus",-96.686564,17.18008,"Sierra Madre del Sur province","Ferocactus","Mexico",13.6999998092651,10.2666664123535,8,87.6042709350586,318,46,12.1122694015503,2.10784912109375,-1.29401551336033,0.320065992593322,0.843196776889692,0.336576494227184,2.65338957238555,-0.146258673829398,0.0630363668902495,0.400875573858971,5.35416762354691
"130","Ferocactus macrodiscus",-96.436308,17.394638,"Sierra Madre del Sur province","Ferocactus","Mexico",13,9.89999961853027,19,79.3950042724609,344,109,23.1977844238281,-0.228729248046875,-3.50803298462101,1.50173958453645,-0.0978729273042366,-0.541399801360197,2.39865867909827,-0.655695405220461,0.470371570894496,0.441986461403557,5.93394666597763
"131","Ferocactus recurvus",-96.904027,17.7968,"Sierra Madre del Sur province","Ferocactus","Mexico",20.8999996185303,17.25,16,90.8260116577148,338,109,24.933931350708,0.741561889648438,-2.67176204891774,1.14945882285491,0.306933435223581,-0.408371348859361,-0.148451825515393,-0.312702987683595,-0.267356869229251,-0.609226494551713,5.15881669528766
"132","Ferocactus recurvus",-97.016101,18.08879,"Sierra Madre del Sur province","Ferocactus","Mexico",21.3999996185303,16.9166660308838,15,92.2684478759766,358,69,18.9614639282227,0.028839111328125,-1.92536202175069,0.829555266247358,-0.0539814219219627,-0.0116122419137924,0.00655626452844906,0.321307799422587,-0.604709178174786,-0.0946874678197841,4.79834482876874
"133","Mammillaria albilanata",-96.516667,16.233333,"Sierra Madre del Sur province","Mammillaria","No",15.4000005722046,15.8500003814697,11,88.7181167602539,331,57,13.0911026000977,1.24655151367188,-1.21983678123287,0.913281017534496,0.454049233982138,0.280422957608731,1.37120368844754,-0.0533209628242466,0.328310894654607,0.292895780722155,3.91835015823195
"134","Mammillaria albilanata",-96.678974,16.250303,"Sierra Madre del Sur province","Mammillaria","No",16.5,15.8500003814697,10,89.3943786621094,322,52,3.05746793746948,0.45892333984375,-0.858061595961809,0.669848651801969,-0.0884669127157874,1.17624361502952,1.35260447654461,-0.0312473333684745,0.245694644573359,0.247943093507954,4.22173955287519
"135","Mammillaria albilanata",-96.670288,16.251638,"Sierra Madre del Sur province","Mammillaria","No",16.3999996185303,15.6999998092651,11,88.8998794555664,324,56,8.48191833496094,-1.01348876953125,-1.12720314405448,0.725674688557118,-0.601417936536838,0.545029970124101,1.29423957177796,-0.0370186096606959,0.239141151655769,0.272883479628776,4.22454267491602
"136","Mammillaria albilanata",-96.660983,16.253325,"Sierra Madre del Sur province","Mammillaria","No",15.8999996185303,15.3333330154419,12,88.0712890625,332,62,18.9774436950684,-0.6885986328125,-1.59411763497354,0.862446809583966,-0.2541261051876,-0.398595721524957,1.27181067572592,-0.0219838238512593,0.241815784056679,0.266196530222136,4.2901000253028
"137","Mammillaria albilanata",-96.657249,16.253635,"Sierra Madre del Sur province","Mammillaria","No",16.0999984741211,15.6499996185303,12,87.834098815918,326,61,22.3287982940674,1.9154052734375,-1.7103377839031,0.814141087082354,0.904331317626751,-0.44744475671719,1.12536521153511,-0.0199391249760891,0.278657543936563,0.269416451353942,4.54237259724849
"138","Mammillaria albilanata",-96.687816,16.255014,"Sierra Madre del Sur province","Mammillaria","No",16.5,15.8999996185303,10,89.4803619384766,324,51,9.82726955413818,0.104461669921875,-1.0111565260085,0.645739116133891,-0.0893100035447078,0.49788951854377,1.2560018192396,0.0421592743678986,0.21657078865571,0.242113014887863,4.3199417075002
"139","Mammillaria albilanata",-96.669934,16.264524,"Sierra Madre del Sur province","Mammillaria","No",16.7000007629395,15.9333333969116,11,88.4877777099609,318,54,6.43669414520264,-2.58621215820312,-1.04957727191905,0.632228946055981,-1.30419894208059,0.598913275898918,1.24236890860032,-0.0139169646227417,0.292189993748069,0.315442775309019,4.36644111659834
"140","Mammillaria albilanata",-96.652127,16.267007,"Sierra Madre del Sur province","Mammillaria","No",16.7000007629395,16.1666660308838,11,88.2717590332031,313,54,19.0133686065674,1.68034362792969,-1.43935156290757,0.59105876985745,0.748101767535682,-0.165807173123077,1.00622822503994,0.0135039289801016,0.307438466245619,0.284185816840606,4.79845530711575
"141","Mammillaria albilanata",-96.674121,16.267515,"Sierra Madre del Sur province","Mammillaria","No",17.1000003814697,16.3333339691162,11,88.017448425293,307,51,1.22053372859955,3.98974609375,-0.994025321546267,0.583858316732066,1.32907559778646,1.76195994127901,1.14882716795491,-0.0825393053916177,0.363671725292795,0.36598625028045,4.43226923100222
"142","Mammillaria albilanata",-96.665338,16.268282,"Sierra Madre del Sur province","Mammillaria","No",16.8999996185303,16.2999992370605,11,87.9710083007812,309,52,9.9416971206665,-6.9136962890625,-1.06308932086077,0.485150043057479,-3.03670231777447,-0.150028482256941,1.11572554122682,0.0398887023381722,0.37815167889046,0.365297457271351,4.68792292263955
"143","Mammillaria albilanata",-96.681172,16.278677,"Sierra Madre del Sur province","Mammillaria","No",17.5,16.3833332061768,10,88.6596069335938,302,45,21.3930778503418,-4.08334350585938,-1.25549938278487,0.237414891141332,-1.59589182832041,-0.960054364696828,0.855262379017507,0.179000305248873,0.27082980704803,0.317669631086794,5.53951612906869
"144","Mammillaria albilanata",-96.683802,16.279485,"Sierra Madre del Sur province","Mammillaria","No",16.8999996185303,15.7666664123535,10,90.1445770263672,320,49,35.4173889160156,-4.37847900390625,-1.59733198931741,0.390428824452794,-1.41234850089661,-2.35504111607655,0.860185170261785,0.238897340765407,0.054918522042888,0.191838010919,5.60144833489461
"145","Mammillaria albilanata",-96.638625,16.283429,"Sierra Madre del Sur province","Mammillaria","No",17.7999992370605,17.5833339691162,8,88.1663436889648,269,38,10.0728731155396,-0.103469848632812,-0.740884556956148,-0.0360142881409695,-0.15197011528899,0.469318066880101,0.781540191123149,0.0256726127812499,0.590454342735278,0.326526794448372,5.66835128354287
"146","Mammillaria albilanata",-96.649412,16.288151,"Sierra Madre del Sur province","Mammillaria","No",17.6999988555908,17.283332824707,9,87.9811553955078,279,43,15.6316061019897,-0.091583251953125,-1.04648894226247,0.0956904257976009,-0.0435143253198519,-0.0275380394787116,0.748623632248929,0.0454938253922278,0.515799162806198,0.30771481456284,5.66615503768331
"147","Mammillaria albilanata",-96.630062,16.291824,"Sierra Madre del Sur province","Mammillaria","No",17.5999984741211,17.533332824707,9,88.9160995483398,284,44,24.8082485198975,5.42716979980469,-1.30265643186735,0.199597706214807,2.46224307697607,-0.365931049570833,0.565772259263681,0.0493664755933508,0.427502706286567,0.229813079848462,5.72152153379032
"148","Mammillaria albilanata",-96.646242,16.298342,"Sierra Madre del Sur province","Mammillaria","No",17.8999996185303,17.4166660308838,8,88.4725799560547,279,42,4.86986637115479,1.17283630371094,-0.68071418723968,0.0927461683025784,0.261501862568042,1.10079124345045,0.869872127979519,0.0037481235088863,0.529317447466266,0.234469409374052,5.29114967108871
"149","Mammillaria albilanata",-96.63131,16.300983,"Sierra Madre del Sur province","Mammillaria","No",18.2000007629395,18.0499992370605,7,89.4585342407227,263,35,12.8193807601929,2.11485290527344,-0.658319324737657,-0.139260876051952,0.846046226067325,0.407883221982273,0.60177829727809,0.0313412114379904,0.531375722916052,0.233547655619613,5.85608549104401
"150","Mammillaria albilanata",-96.643021,16.316338,"Sierra Madre del Sur province","Mammillaria","No",18.5,18.0666656494141,6,89.9333801269531,261,32,8.35841274261475,0.5511474609375,-0.409439582353775,-0.253038417413839,0.106643108305253,0.662487328900226,0.648856464114256,0.0677563126582755,0.512398953197979,0.184283143515446,5.90914236757254
"151","Mammillaria albilanata",-96.96342,16.44116,"Sierra Madre del Sur province","Mammillaria","No",18.7000007629395,18.4499988555908,3,95.1128921508789,359,29,6.22372722625732,0.73797607421875,0.153418105741943,0.401001319575449,0.173893209013976,0.779704790665384,0.811881920102691,0.757699833147505,-0.103813749978609,-0.357768962470848,4.84139857293845
"152","Mammillaria albilanata",-97.0775,16.541389,"Sierra Madre del Sur province","Mammillaria","No",17,16.5499992370605,6,97.8404159545898,341,37,20.8923492431641,1.79824829101562,-0.390518402610906,0.542712504933306,0.931381843938758,-0.568374268600926,0.961286622772889,0.210953294101722,-0.431299291100184,-0.138931182365664,4.41041693084301
"153","Mammillaria albilanata",-96.364425,16.572323,"Sierra Madre del Sur province","Mammillaria","No",19.9000015258789,21.8500003814697,2,99.5075607299805,269,11,20.6507778167725,-2.3787841796875,0.614405785432925,-0.379219722415274,-0.768296336626747,-0.980383367104944,-0.315340631061621,0.374646424768521,0.0459001677975769,-0.146825876340129,5.90235506048355
"154","Mammillaria albilanata",-96.984925,16.657309,"Sierra Madre del Sur province","Mammillaria","No",18.2000007629395,16.5666675567627,4,96.0335006713867,308,34,16.2208671569824,-0.285354614257812,-0.262965741171723,-0.00318920574469644,-0.0417889661195469,-0.279140300591816,0.88771592551126,0.208113454902755,-0.217778740514563,-0.233261639902662,5.26363990467979
"155","Mammillaria albilanata",-96.993575,16.689411,"Sierra Madre del Sur province","Mammillaria","No",17.2000007629395,15.3333330154419,5,95.3358306884766,294,44,10.1001205444336,0.613525390625,-0.36500471359856,0.0861842823466794,0.190517409632141,0.384092117295337,1.25657902913359,-0.184787967374828,-0.145570512650718,-0.181086177168795,5.12611887090171
"156","Mammillaria albilanata",-97.58569,16.84397,"Sierra Madre del Sur province","Mammillaria","No",17.9000015258789,16.8833332061768,8,100.660949707031,401,29,18.7130184173584,-0.03125,-0.222558691116689,0.975952027350787,0.110409427758245,-0.514365092783081,0.809771957952538,0.69435650115429,-0.981126446436797,-0.0492985283805178,4.19925901470391
"157","Mammillaria albilanata",-97.580435,16.845628,"Sierra Madre del Sur province","Mammillaria","No",18.1000003814697,17.3333339691162,8,99.9348297119141,409,29,20.5072078704834,-5.02317810058594,-0.219304199703146,0.97763863003998,-1.94174273010173,-1.15732631647443,0.733851579742509,0.864302403813789,-0.912021968355683,-0.0621476906130349,4.20238399147292
"158","Mammillaria albilanata",-97.232244,16.996368,"Sierra Madre del Sur province","Mammillaria","No",20.3999996185303,18.2666664123535,5,95.1680297851562,329,21,14.4939308166504,0.339401245117188,-0.212292373786657,-0.0505922738039961,0.159825662281537,0.0640219958641691,0.328558843986757,0.757857764819168,-0.30533729189717,-0.105511445689914,5.33859249958516
"159","Mammillaria albilanata",-97.387779,17.002486,"Sierra Madre del Sur province","Mammillaria","No",22.5000019073486,20.4833335876465,6,99.3345794677734,431,21,36.1510467529297,0.451309204101562,-0.616310475569191,0.653276898291785,0.643473927851929,-1.89213667079104,-0.556426283594285,1.72996821367667,-1.0175336267198,-0.523734518429278,4.2292942092874
"160","Mammillaria albilanata",-96.103081,17.079132,"Sierra Madre del Sur province","Mammillaria","No",16.2000007629395,15.3333330154419,17,83.8082962036133,337,118,15.0024366378784,6.99617004394531,-2.90325525298611,1.66269906018505,2.72484859604058,1.02717048140577,1.08657905248403,-0.696756103480264,0.541945867126416,-0.206715296440518,3.98197841077743
"161","Mammillaria albilanata",-96.108489,17.082073,"Sierra Madre del Sur province","Mammillaria","No",16.7000007629395,15.75,18,83.3812942504883,346,121,17.6243476867676,-7.3721923828125,-2.88635906674353,1.62663383415677,-3.24141883582843,-0.587245937233527,0.952830860957421,-0.50220780964453,0.545764197563783,-0.183448793469386,4.05798324968603
"162","Mammillaria albilanata",-96.457908,17.129224,"Sierra Madre del Sur province","Mammillaria","No",14.0999994277954,8.83333301544189,10,84.7798461914062,362,61,14.9491882324219,-3.11614990234375,-1.94830459826493,0.616587667731151,-1.33994810317495,-0.302345156789943,2.85321090579549,0.152046039321511,-0.068059039696538,0.265148864414802,5.4952810126968
"163","Mammillaria albilanata",-97.52947,17.13155,"Sierra Madre del Sur province","Mammillaria","No",20.1000003814697,17.6499996185303,6,96.61474609375,305,20,16.7259864807129,-2.50962829589844,-0.206197523044686,-0.209125294902014,-0.976843983343726,-0.455648718735263,0.340580253193251,0.480643344885472,-0.419521339608906,0.0585795839521858,5.66159039636904
"164","Mammillaria albilanata",-96.692643,18.042115,"Sierra Madre del Sur province","Mammillaria","No",21.5999984741211,19.3999996185303,89,73.5200576782227,809,384,12.2451601028442,2.13880920410156,-11.4150901402434,10.8028104671908,-0.464557758336812,3.03117582068803,-2.20185608871963,-1.29386719451063,-1.747045162995,0.629645754385158,2.69111965836101
"165","Mammillaria carnea",-96.940933,17.827142,"Sierra Madre del Sur province","Mammillaria","Mexico",24.1000022888184,20.8666667938232,21,86.4162826538086,320,69,7.01604318618774,0.7752685546875,-2.19714332550263,0.798336935742841,-0.0945587529596019,1.4939623030379,-1.08228222628239,0.328501724261229,0.00855285951556655,0.46724709945419,5.37032005516852
"166","Mammillaria deherdtiana",-96.251634,17.086208,"Sierra Madre del Sur province","Mammillaria","Oaxaca",17.8999996185303,15.6666669845581,17,80.9192810058594,338,103,20.2991580963135,3.70716857910156,-3.08608366002481,1.2442077803867,1.45197476429293,0.30525926233014,0.778412087581859,-0.157662975418376,0.591869889215952,-0.0243550039987421,5.79847940422258
"167","Mammillaria deherdtiana",-96.470025,17.093449,"Sierra Madre del Sur province","Mammillaria","Oaxaca",14.3000001907349,10.6166667938232,7,85.2972869873047,333,48,17.7295684814453,1.195556640625,-1.55867615020342,0.277778134231744,0.568346385435575,-0.225180406763223,2.5399718417798,0.183847941993338,0.206197419776268,0.224342356777215,5.89706771722956
"168","Mammillaria deherdtiana",-96.470364,17.118208,"Sierra Madre del Sur province","Mammillaria","Oaxaca",14.4000005722046,10.0333337783813,10,82.2330322265625,345,62,11.7748432159424,2.3131103515625,-2.02772273533163,0.577427823139986,0.847712573771272,0.582782595530872,2.64713528255671,0.105940120582592,0.297456437095374,0.295455506375093,5.78158970729729
"169","Mammillaria deherdtiana",-96.378444,17.152278,"Sierra Madre del Sur province","Mammillaria","Oaxaca",12.8999996185303,8.56666660308838,13,84.313102722168,376,68,25.988920211792,1.9036865234375,-2.55272694069287,1.04824961360833,0.975368937822422,-0.845997366581223,2.82560683675954,0.0418201643743294,-0.109875395235607,0.440573487653741,5.25163645230997
"170","Mammillaria deherdtiana",-96.410907,17.15378,"Sierra Madre del Sur province","Mammillaria","Oaxaca",13.6000003814697,8.85000038146973,11,83.616325378418,367,67,12.0979118347168,-3.98028564453125,-2.02892796188856,0.805780521475577,-1.77618302807684,-0.10058177306405,2.96009614595503,0.0847270858056734,0.0541022228384107,0.307143413637368,5.03742909461777
"171","Mammillaria deherdtiana",-96.38306,17.17139,"Sierra Madre del Sur province","Mammillaria","Oaxaca",12.8999996185303,8.66666698455811,13,83.7225494384766,374,70,26.4356441497803,1.79794311523438,-2.61483686792567,1.04630778468971,0.935800275161833,-0.886116598134814,2.80873099785057,0.032532831851073,-0.0397145298721232,0.419087998782055,5.3928398621791
"172","Mammillaria dixanthocentron",-96.912389,17.838278,"Sierra Madre del Sur province","Mammillaria","Mexico",21.7000007629395,18.0166664123535,19,90.6912307739258,365,115,25.2453193664551,-0.40948486328125,-2.93827805963956,1.50902553017944,-0.212161509359923,-0.444457906831282,-0.457278273828541,-0.157107021155076,-0.412959723127939,-0.54923820585465,4.51992048652193
"173","Mammillaria dixanthocentron",-96.894416,17.863044,"Sierra Madre del Sur province","Mammillaria","Mexico",21.2999992370605,17.0166664123535,16,93.8190002441406,370,109,20.3070297241211,-2.35379028320312,-2.38485198196973,1.36738819910755,-1.08335078760763,-0.292090567184052,-0.0856870882826683,-0.168377486632279,-0.65616859457748,-0.736751809731702,3.98031555122793
"174","Mammillaria flavicentra",-97.31839,17.12058,"Sierra Madre del Sur province","Mammillaria","Mexico",22.2000007629395,19.4833335876465,4,97.1417388916016,351,16,8.01006317138672,-1.14402770996094,0.180492312910251,-0.053009441373593,-0.603129256092829,0.574850257298844,0.00142612751730162,1.08308741365022,-0.532094563943289,-0.303560093345327,5.32604669251787
"175","Mammillaria flavicentra",-96.901917,17.803556,"Sierra Madre del Sur province","Mammillaria","Mexico",20.2000007629395,16.533332824707,14,92.745849609375,313,97,20.96923828125,0.292816162109375,-2.1642327529784,0.825627531659105,0.086643838549126,-0.205523558037454,0.133252480325645,-0.488609760406579,-0.312767151535935,-0.501037061010394,5.21744408100771
"176","Mammillaria flavicentra",-96.880407,17.824343,"Sierra Madre del Sur province","Mammillaria","Mexico",23.5000019073486,17.9833335876465,24,87.3362884521484,395,137,7.71738862991333,-2.58103942871094,-3.38456557568648,1.9786553663537,-1.60973932633024,1.28299511769082,-0.572074257477249,-0.132636609848774,-0.458783799383724,-0.546298850022446,3.93922968449087
"177","Mammillaria flavicentra",-96.901431,17.863853,"Sierra Madre del Sur province","Mammillaria","Mexico",20.7000007629395,16.716667175293,14,95.2111663818359,344,96,23.1662616729736,2.01600646972656,-2.12314867960503,1.05109999123364,0.854485316569955,-0.248156805920285,0.00763729263909499,-0.287976328346354,-0.651484294072,-0.640244535852357,4.46469819087732
"178","Mammillaria flavicentra",-96.887898,17.886373,"Sierra Madre del Sur province","Mammillaria","Mexico",20.6000003814697,16.4833335876465,16,93.2291717529297,368,117,21.3125782012939,-0.70166015625,-2.56385050719467,1.46993556255186,-0.376742456575823,-0.233584081256827,0.086399698117996,-0.334405648910883,-0.577087063422902,-0.81643946125878,3.96844606356924
"179","Mammillaria flavicentra",-96.964774,18.071615,"Sierra Madre del Sur province","Mammillaria","Mexico",18.7999992370605,14.6000003814697,13,90.086296081543,314,131,17.3419399261475,0.191864013671875,-2.65430140143576,1.08687047151446,-0.0721723894265157,0.16287219433611,0.765058943628133,-0.943085457073608,-0.0380970755461822,-1.02086176772616,5.33770679681118
"180","Mammillaria flavicentra",-97.014341,18.088831,"Sierra Madre del Sur province","Mammillaria","Mexico",21.3999996185303,16.9166660308838,15,92.2684478759766,358,69,29.7356414794922,1.32376098632812,-2.23114885779963,0.791576234329874,0.718296311403095,-0.90131431483708,-0.148363563225255,0.3838744945022,-0.637721925855371,-0.12663619763361,5.46075160240232
"181","Mammillaria haageana",-96.559472,16.257278,"Sierra Madre del Sur province","Mammillaria","Mexico",17.5,17.9333324432373,8,89.5346298217773,262,35,10.6702194213867,1.07867431640625,-0.596404021560469,-0.0200574916685718,0.37048528034447,0.481813238185296,0.722954787427833,-0.0780137389038891,0.557790389346252,0.384356445233587,5.49223747902428
"182","Mammillaria haageana",-97.58125,16.90128,"Sierra Madre del Sur province","Mammillaria","Mexico",17.8999996185303,14.2166662216187,8,103.218887329102,359,28,24.5233459472656,0.749359130859375,-0.429094249741943,0.476699844085814,0.571250272021431,-1.01696860379728,1.01420978853408,0.235926045279288,-1.36877620816475,0.0145070045030597,4.48914855433044
"183","Mammillaria haageana",-97.304583,17.182383,"Sierra Madre del Sur province","Mammillaria","Mexico",18.2999992370605,14.5833330154419,3,98.6613693237305,276,23,2.22672963142395,0.853271484375,0.288409150402821,-0.43645061027592,0.165325992851219,1.08848177106949,1.30935622487335,-0.130315797821204,-0.519891753736169,-0.0720159177933697,5.95171341534663
"184","Mammillaria huitzilopochtli",-96.871878,17.728208,"Sierra Madre del Sur province","Mammillaria","Oaxaca",21.2999992370605,17.3833332061768,19,87.7863388061523,354,124,7.49375915527344,-5.28604125976562,-2.70195242994855,1.49490026260408,-2.64968806680557,0.792857429312321,-0.00523854424844738,-0.359074740421672,-0.0889699009094837,-0.539700595243531,4.12227911936015
"185","Mammillaria huitzilopochtli",-96.941,17.8272,"Sierra Madre del Sur province","Mammillaria","Oaxaca",24.1000022888184,20.8666667938232,21,86.4162826538086,320,69,7.01604318618774,0.7752685546875,-2.19714332550263,0.798336935742841,-0.0945587529596019,1.4939623030379,-1.08228222628239,0.328501724261229,0.00855285951556655,0.46724709945419,5.37032005516852
"186","Mammillaria huitzilopochtli",-96.862665,17.890587,"Sierra Madre del Sur province","Mammillaria","Oaxaca",20.3999996185303,15.716667175293,16,93.5186767578125,374,121,31.8119697570801,-0.439422607421875,-2.93234082659921,1.47518012258602,-0.0459246027728675,-1.20038500992107,0.0957306431619395,-0.313292654962685,-0.704244885293072,-0.914166765570142,4.61749703249375
"187","Mammillaria huitzilopochtli",-96.912779,17.912034,"Sierra Madre del Sur province","Mammillaria","Oaxaca",23.7000007629395,19.6666660308838,29,84.4033279418945,403,113,21.8461723327637,-3.3065185546875,-3.80407899062255,2.04673093098568,-1.62029740589236,-0.0602895568701435,-1.15797269406559,0.373584359521338,-0.355409365771011,0.305478071131881,4.65912275708408
"188","Mammillaria huitzilopochtli",-96.829737,17.971066,"Sierra Madre del Sur province","Mammillaria","Oaxaca",20.7000007629395,16.5833339691162,25,90.8949813842773,480,121,19.4172801971436,0.363006591796875,-3.32162366871734,2.76675183952571,-0.066129549546482,0.252635041012276,0.00572572617900486,0.357664691729843,-1.03131790660313,-0.264539472652042,1.95896802928788
"189","Mammillaria huitzilopochtli",-96.810577,17.981171,"Sierra Madre del Sur province","Mammillaria","Oaxaca",20.3999996185303,16.5833339691162,26,90.34228515625,498,135,15.5427150726318,-0.708480834960938,-3.45865230776321,3.11669008488145,-0.625356166922813,0.554435353443152,0.10632341861441,0.277830817965556,-0.993547663310585,-0.410288892670904,1.51425230292921
"190","Mammillaria huitzilopochtli",-96.859233,17.983756,"Sierra Madre del Sur province","Mammillaria","Oaxaca",24.5999984741211,20.033332824707,39,82.6853866577148,488,146,18.8696479797363,-2.3209228515625,-4.9483600978366,3.41162910262556,-1.42504027802622,0.635570868243389,-1.52795580810938,0.490864662874852,-0.758225598640972,0.444902229510012,2.92570418287055
"191","Mammillaria karwinskiana",-96.791001,16.218691,"Sierra Madre del Sur province","Mammillaria","Mexico",17.6000003814697,18.9500007629395,4,93.8961486816406,372,28,30.76025390625,-0.521636962890625,-0.478484240326895,0.55925224825273,0.180726680492547,-1.69779495472662,0.583716449937008,0.988580179540628,0.0103200438391728,-0.244388923005269,4.37148340274115
"192","Mammillaria karwinskiana",-96.718347,16.234465,"Sierra Madre del Sur province","Mammillaria","Mexico",17.1000003814697,17.7999992370605,4,93.6165008544922,314,26,42.5590286254883,-6.35923767089844,-0.727398695321585,-0.0327846809281136,-1.99128670263766,-3.42307946246787,0.592334127117353,0.613451552089318,0.11384443575207,-0.051557616636398,5.64579886138823
"193","Mammillaria karwinskiana",-96.653403,16.265112,"Sierra Madre del Sur province","Mammillaria","Mexico",16.6000003814697,16.1499996185303,11,88.1972122192383,313,54,9.43790817260742,-6.834228515625,-1.05358161725179,0.564717093040177,-3.01272670744045,-0.109063092357336,1.19543078037332,0.0041297240814197,0.366189363862212,0.34062160337262,4.50748451596148
"194","Mammillaria karwinskiana",-96.670313,16.281288,"Sierra Madre del Sur province","Mammillaria","Mexico",17.6000003814697,16.7333335876465,10,88.1131286621094,292,44,17.5902233123779,0.185394287109375,-1.21350467225025,0.217316446164896,0.104993552419739,-0.170191114758202,0.808643011869831,0.095443035283476,0.37527168192342,0.356130730227194,5.53968211818933
"195","Mammillaria karwinskiana",-96.649608,16.287885,"Sierra Madre del Sur province","Mammillaria","Mexico",17.6999988555908,17.283332824707,9,87.9811553955078,279,43,17.1145477294922,0.8309326171875,-1.09991427987036,0.0974648690119991,0.373652122686785,-0.0762768447100819,0.724091482010252,0.0488724463304891,0.509662080699823,0.30131607776493,5.73269666836518
"196","Mammillaria karwinskiana",-96.643257,16.291733,"Sierra Madre del Sur province","Mammillaria","Mexico",17.8999996185303,17.4166660308838,8,88.4725799560547,279,42,8.09887409210205,0.839981079101562,-0.761376400723137,0.0745816776745008,0.191831123947849,0.762742213728073,0.826551413467092,0.0275681280772492,0.520966855347504,0.226833007202096,5.40437267537887
"197","Mammillaria karwinskiana",-96.773492,16.318319,"Sierra Madre del Sur province","Mammillaria","Mexico",18.2999992370605,18.6166667938232,3,96.3867416381836,302,21,10.5343532562256,-0.0137481689453125,0.301368780343257,-0.0390356004639992,-0.0182832445544683,0.22637206476031,0.65738521241876,0.344384264456936,0.0012342733382863,-0.0981531700502906,5.34818002030509
"198","Mammillaria karwinskiana",-96.264781,16.670547,"Sierra Madre del Sur province","Mammillaria","Mexico",20.4000015258789,22.033332824707,4,98.6246032714844,270,16,28.5613422393799,-1.27602386474609,0.124931054211001,-0.309777371068784,-0.17095311185055,-1.53563467336913,-0.600699477352583,0.393328665697258,0.0117488883450026,-0.0942402214193888,5.74387140586193
"199","Mammillaria karwinskiana",-97.012555,16.674041,"Sierra Madre del Sur province","Mammillaria","Mexico",18.5,16.6333332061768,4,95.0882186889648,316,35,30.7794742584229,-0.439239501953125,-0.739079184788506,-0.0515298940776877,0.196271135139446,-1.63513149584926,0.662065972834031,0.427559123023554,-0.22659453246865,-0.311113361438299,5.70765597634382
"200","Mammillaria karwinskiana",-96.269416,16.676467,"Sierra Madre del Sur province","Mammillaria","Mexico",20.7999992370605,22.1666660308838,4,98.8645782470703,269,15,28.0803718566895,2.69466400146484,0.0851204197431258,-0.319642943301167,1.47398752254738,-1.08050331058507,-0.700756415322575,0.392859541864932,-0.0376811413105048,-0.116503301622061,5.77220614437799
"201","Mammillaria karwinskiana",-96.324614,16.702431,"Sierra Madre del Sur province","Mammillaria","Mexico",20.7000007629395,21.6166667938232,3,97.9087982177734,276,16,6.23587465286255,-1.87785339355469,0.68185832585427,-0.299279251909621,-0.903225922397805,0.530812013173148,-0.205731553260981,0.376225145396226,0.0710860214037842,-0.145636463075433,5.84083354119083
"202","Mammillaria karwinskiana",-96.33344,16.72127,"Sierra Madre del Sur province","Mammillaria","Mexico",20.6000003814697,21.0500011444092,3,97.8831100463867,272,15,3.5798032283783,-0.661102294921875,0.705928449347829,-0.347058121848725,-0.449868715172122,0.897232675212282,-0.0754447035592762,0.31234099823276,0.0341353165372091,-0.105308824955652,5.90775205791688
"203","Mammillaria karwinskiana",-95.773163,16.787465,"Sierra Madre del Sur province","Mammillaria","Mexico",20.1999988555908,22.3999996185303,13,94.1518783569336,262,47,23.0356502532959,3.99494934082031,-0.970177078467861,0.430590810436278,1.78482485247271,-0.232782336294241,-0.883608049823234,-0.203501539919168,0.261898736281861,0.310543261100028,4.73948155881521
"204","Mammillaria karwinskiana",-96.4525,17.118889,"Sierra Madre del Sur province","Mammillaria","Mexico",14.0000009536743,8.86666679382324,11,84.5808486938477,366,60,5.31769227981567,-0.438262939453125,-1.78491368950816,0.768589403893339,-0.433686013224235,0.882964588890798,2.96048300071707,0.0865873108334546,-0.0662812829463676,0.394578175872742,4.76528867702653
"205","Mammillaria karwinskiana",-96.170916,17.176442,"Sierra Madre del Sur province","Mammillaria","Mexico",18.8999996185303,17.966667175293,37,80.4243011474609,479,193,18.4611206054688,-0.91802978515625,-5.2959142186169,4.17608845094017,-0.832262142628758,0.607490576794514,-0.252956512555648,-0.55958115357323,-0.0277940793492021,-0.09303577319292,1.63234194133094
"206","Mammillaria karwinskiana",-96.241182,17.221912,"Sierra Madre del Sur province","Mammillaria","Mexico",19.2000007629395,17.5666675567627,39,75.6286163330078,458,217,11.4916906356812,-0.176727294921875,-5.88823102339257,4.23579951720559,-0.746242175775002,1.51369595595011,-0.199654951061686,-0.907519140095629,0.378135439955348,-0.195851677089394,2.68416676436489
"207","Mammillaria karwinskiana",-96.45576,17.271169,"Sierra Madre del Sur province","Mammillaria","Mexico",18.8000011444092,14.2666664123535,15,83.2902908325195,320,109,3.67664265632629,6.40582275390625,-2.67719925228641,0.996933149225436,2.22185621515275,2.15048003490946,1.06591984691308,-0.507311955231027,0.342565558264429,-0.331448526647969,5.71329855828366
"208","Mammillaria polyedra",-96.86667,17.71667,"Sierra Madre del Sur province","Mammillaria","Mexico",21.1000003814697,17.4166660308838,18,87.7864685058594,345,125,22.9063549041748,0.966506958007812,-3.13550918717218,1.4001316021159,0.302650449973691,-0.0699050141786599,-0.201252557871791,-0.373857597822987,-0.0578227058622501,-0.673715732722645,5.33699912801313
"209","Mammillaria polyedra",-96.917306,17.840917,"Sierra Madre del Sur province","Mammillaria","Mexico",23.4000015258789,19.6166667938232,24,86.9489059448242,370,82,21.8073749542236,-2.55950927734375,-2.92876512011448,1.33929476815408,-1.20670161248911,-0.191104925831405,-0.998261242061525,0.49592600479844,-0.3624095334953,0.426039854379183,5.06803074169065
"210","Mammillaria polyedra",-96.863704,17.874268,"Sierra Madre del Sur province","Mammillaria","Mexico",22.2000007629395,16.8833332061768,22,91.0634460449219,417,139,14.0620222091675,-6.00372314453125,-3.17935165933113,2.1326887649386,-2.86178644796759,0.198908553674722,-0.215182976480817,-0.157400447687369,-0.767438352607002,-0.790554925265607,3.14675123562801
"211","Mammillaria polyedra",-96.94058,17.92142,"Sierra Madre del Sur province","Mammillaria","Mexico",23.6000003814697,20.4833335876465,25,87.1156845092773,383,91,15.7274370193481,1.31657409667969,-2.93789027095019,1.68300845619789,0.258443232499932,0.809607148459761,-1.12311569504062,0.416433784753284,-0.33658332951308,0.318737824080445,3.98380699506912
"212","Mammillaria polyedra",-96.965053,18.071484,"Sierra Madre del Sur province","Mammillaria","Mexico",18.7999992370605,14.6000003814697,13,90.086296081543,314,131,14.9241752624512,-1.9405517578125,-2.55762609042298,1.07806617920409,-1.01476626133039,0.180098566765934,0.807765148314636,-0.944175990575971,-0.0267461705398131,-1.00873972388313,5.16043294325779
"213","Mammillaria rekoi",-96.362517,16.583059,"Sierra Madre del Sur province","Mammillaria","Oaxaca",19.7999992370605,21.716667175293,2,99.4614791870117,266,11,29.0602474212646,2.55337524414062,0.310951959263602,-0.393466349003654,1.47373305819099,-1.29124124224619,-0.421709318257824,0.36268490696734,0.019824138577623,-0.16727149417281,5.87193201982606
"214","Mammillaria rekoi",-96.058021,17.100122,"Sierra Madre del Sur province","Mammillaria","Oaxaca",15.0000009536743,12.9833335876465,16,86.0383529663086,322,101,18.3730487823486,-2.69110107421875,-2.53421392774305,1.23353479708658,-1.19170637900094,-0.397242218081177,1.62616242765096,-0.730894642145581,0.255385815912675,0.102016891906801,4.61065051548595
"215","Mammillaria rekoi",-96.422459,17.129552,"Sierra Madre del Sur province","Mammillaria","Oaxaca",14.2999992370605,9.63333320617676,9,84.0197448730469,354,58,18.361291885376,-3.6109619140625,-1.92242653004667,0.481936713040339,-1.46487097685214,-0.679029569184219,2.68854718879823,0.246654810506411,0.104260661144213,0.229085570499737,5.89879770075288
"216","Mammillaria supertexta",-96.935145,17.924306,"Sierra Madre del Sur province","Mammillaria","Mexico",23.6000003814697,20.4833335876465,25,87.1156845092773,383,91,26.8908596038818,2.75770568847656,-3.25623897114985,1.64459269079571,1.10015008875799,-0.102389832231699,-1.28406111441007,0.480561803591911,-0.371001587695777,0.285367506405405,4.75391116815086
"217","Mammillaria voburnensis",-95.848181,16.236609,"Sierra Madre del Sur province","Mammillaria","Mexico",16,22.8500003814697,2,101.757064819336,287,12,31.4260864257812,0.53363037109375,0.791729576784109,0.320667224654664,0.746001977993012,-1.97131895872501,-0.0271433944207564,0.140795528788058,0.256962785483975,-0.0160917209495442,5.65196950915921
"218","Marginatocereus marginatus",-96.648998,16.301935,"Sierra Madre del Sur province","Marginatocereus","Mexico",18.2999992370605,17.8500003814697,7,89.2866134643555,265,34,10.5487184524536,-4.37657165527344,-0.522969883460372,-0.214963618342707,-1.91526672144635,-0.0129928928571399,0.68562651354082,0.103286047980104,0.523974809784761,0.267029554109605,5.91743148124371
"219","Myrtillocactus geometrizans",-96.319903,16.694106,"Sierra Madre del Sur province","Myrtillocactus","Mexico",20.8999996185303,21.8999996185303,3,98.3466949462891,276,16,4.77704095840454,-1.57783508300781,0.751478008412894,-0.283342436072849,-0.810006025679332,0.701814352159325,-0.271338053703643,0.367163542734219,0.0520222645664683,-0.165396150867432,5.87101817421733
"220","Myrtillocactus geometrizans",-96.596389,17.597778,"Sierra Madre del Sur province","Myrtillocactus","Mexico",19.6999988555908,16.1833343505859,28,86.4691619873047,514,241,22.8852005004883,-2.86587524414062,-5.30435414162005,4.26745202844009,-1.55523296927634,-0.0494264585889732,0.10573762457359,-0.822943532588973,-0.469354285973891,-1.988236535619,1.45116042505232
"221","Myrtillocactus schenckii",-96.334722,16.706944,"Sierra Madre del Sur province","Myrtillocactus","No",20.3999996185303,21.283332824707,2,97.7640686035156,269,14,13.5137329101562,-2.18960571289062,0.568705167824622,-0.450840931023257,-0.86268960960371,-0.221801674397361,-0.176820374198357,0.398722394560746,0.103578205196482,-0.181722135488542,5.98785997511252
"222","Myrtillocactus schenckii",-96.914758,17.834464,"Sierra Madre del Sur province","Myrtillocactus","No",21.7000007629395,18.0166664123535,19,90.6912307739258,365,115,35.2154884338379,0.592544555664062,-3.21825643019563,1.47203432045398,0.420512299539023,-1.2872060004425,-0.599791178664311,-0.0978293993944467,-0.443088812594628,-0.578275065162236,5.2771979654338
"223","Myrtillocactus schenckii",-96.918583,17.859639,"Sierra Madre del Sur province","Myrtillocactus","No",23.5,19.6499996185303,24,87.6414184570312,380,84,7.88116502761841,-1.72958374023438,-2.56414120436664,1.50811049717798,-1.16202478554275,1.20864548834741,-0.823892133975295,0.430804637809205,-0.412864994743754,0.385061627215957,3.86478199870047
"224","Neobuxbaumia tetetzo",-96.253774,16.666248,"Sierra Madre del Sur province","Neobuxbaumia","Mexico",20.6999988555908,22.2000007629395,3,99.6972198486328,261,13,14.361213684082,4.34190368652344,0.575688034537174,-0.339742690169246,1.88334795834976,0.339538864029167,-0.499127319859696,0.233834930828607,-0.00366943395956148,-0.13265792866868,5.8355966772765
"225","Neobuxbaumia tetetzo",-96.252182,16.672298,"Sierra Madre del Sur province","Neobuxbaumia","Mexico",20.2999992370605,22.0166664123535,4,98.7123184204102,270,16,27.7861461639404,-0.626388549804688,0.147380366760451,-0.287909093220492,0.0855511610659095,-1.40507475159964,-0.576005174484844,0.370748264994726,0.0131661470249934,-0.0884703361124657,5.69970298006149
"226","Neobuxbaumia tetetzo",-96.285723,16.675827,"Sierra Madre del Sur province","Neobuxbaumia","Mexico",19.8999977111816,21.8666667938232,4,97.7862854003906,268,16,34.4018592834473,1.50883483886719,-0.0980833781686162,-0.294623075863781,1.12184703433985,-1.82767729552448,-0.577135886553163,0.388173553871148,0.0921741568304557,-0.0631162492083848,5.79143553193743
"227","Neobuxbaumia tetetzo",-96.276944,16.729167,"Sierra Madre del Sur province","Neobuxbaumia","Mexico",20.2999992370605,21.033332824707,3,97.4934692382812,277,18,20.8615550994873,-1.65988159179688,0.220329527542324,-0.344510513106046,-0.497995323448566,-0.838151999163731,-0.246242970154317,0.428127118695185,0.0386769088568275,-0.183779475745307,5.79261690953178
"228","Neobuxbaumia tetetzo",-96.276778,16.736222,"Sierra Madre del Sur province","Neobuxbaumia","Mexico",20.1000003814697,20.716667175293,4,97.6324005126953,271,16,14.3692321777344,5.62863159179688,0.245851361682481,-0.256163424590192,2.40606465489958,0.494499001662247,-0.157295571882661,0.25271887657138,-0.00545037778229033,-0.032615522808607,5.64056173066654
"229","Neobuxbaumia tetetzo",-97.062509,16.95758,"Sierra Madre del Sur province","Neobuxbaumia","Mexico",18.5,15.3666667938232,5,93.8074951171875,284,39,12.3068771362305,-1.547607421875,-0.51531623459231,-0.244825035238526,-0.681479210746764,0.0461861380727329,1.03814055764247,0.00894771411686036,-0.127502481139954,-0.136078887420283,5.98882415974807
"230","Opuntia auberi",-96.8019,16.479,"Sierra Madre del Sur province","Opuntia","Mexico",20.3000011444092,19.7999992370605,4,93.8656692504883,349,24,11.3203058242798,0.347412109375,-0.0546645388135903,0.196115115665806,0.0953839729760852,0.364340811699427,0.246359466501013,0.967463372525638,-0.0342691162924081,-0.265248833848414,4.93338258651171
"231","Opuntia decumbens",-96.355934,16.581687,"Sierra Madre del Sur province","Opuntia","No",19.7999992370605,21.6833324432373,2,99.4614791870117,266,11,20.5007629394531,-1.51296997070312,0.597290875236411,-0.394456332823251,-0.408605826592919,-0.885082302609697,-0.280252713954912,0.33371120714282,0.0488270871743076,-0.133536422837133,5.91618823758672
"232","Opuntia decumbens",-96.319763,16.694188,"Sierra Madre del Sur province","Opuntia","No",20.8999996185303,21.8999996185303,3,98.3466949462891,276,16,6.54006767272949,-1.365478515625,0.701433696463978,-0.289552761332533,-0.683441505789168,0.556274266092912,-0.296690271092827,0.377398356661909,0.0466192509221137,-0.170625308245229,5.84279820282807
"233","Opuntia decumbens",-97.68847,16.884975,"Sierra Madre del Sur province","Opuntia","No",16.3999996185303,17.1166667938232,9,99.8217391967773,395,34,33.1251487731934,3.2681884765625,-0.690518813693901,1.17437956775364,1.80342954106653,-1.59987846874686,0.754488781061334,0.54004559483682,-0.790086116765502,0.0394726495375255,3.68606796139554
"234","Opuntia decumbens",-97.208389,16.943286,"Sierra Madre del Sur province","Opuntia","No",21.5,19.2666664123535,5,95.533805847168,387,19,11.1908988952637,-3.4295654296875,-0.0466971342105493,0.292559268152276,-1.50094864283555,0.0602155534898104,0.175520378199957,1.35259787914078,-0.505265931787053,-0.267752288381395,4.81769334391546
"235","Opuntia decumbens",-96.041667,17.258333,"Sierra Madre del Sur province","Opuntia","No",15.3000001907349,13.7833337783813,36,78.2508239746094,458,246,13.9866619110107,0.871047973632812,-6.01314987309503,4.57134587160802,-0.216792116007566,1.16295973262109,1.01047584111446,-1.70447831521796,0.294209936298706,-0.73978527845775,2.04610776037867
"236","Opuntia decumbens",-96.941167,17.825611,"Sierra Madre del Sur province","Opuntia","No",24.1000022888184,20.8666667938232,21,86.4162826538086,320,69,12.5632667541504,-2.6690673828125,-2.29196025559727,0.740108520154541,-1.41403350360535,0.628705269256451,-1.14431863339997,0.38961917545714,0.000356148549677213,0.461852369443363,5.76725530580255
"237","Opuntia decumbens",-96.912557,17.876834,"Sierra Madre del Sur province","Opuntia","No",24.1000003814697,19.6499996185303,26,86.078125,386,94,29.8197612762451,-8.02821350097656,-3.44394785821563,1.48836713111172,-3.3675479282364,-1.37534072336176,-1.24056824031189,0.607627620275269,-0.446943037361146,0.328842946556831,5.80724365143909
"238","Opuntia depressa",-97.30295,17.065133,"Sierra Madre del Sur province","Opuntia","Mexico",22.8000011444092,20.6000003814697,5,98.6401214599609,384,18,17.5464973449707,-2.11933898925781,-0.0186570868983399,0.250098317181006,-0.820295506600919,-0.391677255065164,-0.397177539325275,1.37076986746381,-0.74324614868756,-0.414024968316551,4.87765691493724
"239","Opuntia karwinskiana",-96.230744,16.677694,"Sierra Madre del Sur province","Opuntia","Mexico",19.2999992370605,21.4333324432373,3,99.4943161010742,262,14,15.5581903457642,-2.84831237792969,0.67170173678914,-0.293598494681926,-1.07696885777494,-0.55710753066523,-0.138015008433109,0.162261964843582,0.072183092498117,-0.0319942290065361,5.82855102017235
"240","Opuntia lasiacantha",-96.465176,17.083312,"Sierra Madre del Sur province","Opuntia","Mexico",15,11.5500001907349,7,86.7402114868164,306,48,6.22414112091064,2.51385498046875,-1.14716366616676,0.160423702175202,0.871315251947309,1.00176377344815,2.35234553183764,-0.107287521285822,0.245399009401231,0.232913191725988,5.61388692341722
"241","Opuntia pilifera",-96.338611,16.596667,"Sierra Madre del Sur province","Opuntia","Mexico",20.2000007629395,21.783332824707,2,100.607360839844,266,10,25.3709163665771,2.44970703125,0.467617070397533,-0.40794002327884,1.35125501557828,-0.949365798350487,-0.463916854950355,0.335506303065614,-0.0952539262410824,-0.187419483962165,5.90330191727684
"242","Opuntia pubescens",-96.5523,16.25189,"Sierra Madre del Sur province","Opuntia","No",17.4000015258789,17.8500003814697,8,89.2975082397461,265,36,6.95654535293579,0.436126708984375,-0.515861481092394,0.0238326846053711,0.0209246010922052,0.770105295637141,0.815786139081472,-0.0861279859479358,0.582128534794032,0.383381939783613,5.330789039262
"243","Opuntia pubescens",-96.645056,16.290273,"Sierra Madre del Sur province","Opuntia","No",17.6999988555908,17.283332824707,9,87.9811553955078,279,43,2.16101026535034,2.14311218261719,-0.722875103200933,0.179427764105646,0.600534997771415,1.46651988893417,0.925698330959645,-0.0598260256714607,0.548824474802977,0.337296772212258,5.12262971286909
"244","Opuntia pubescens",-96.28556,16.30056,"Sierra Madre del Sur province","Opuntia","No",16.8999996185303,17.3333339691162,6,93.5775833129883,288,34,26.0463943481445,2.59982299804688,-0.662824676689558,0.101267034539011,1.3732993892359,-0.939310271736281,0.749538661276863,0.0481247337275268,0.154834861804378,0.0896187904537552,5.25751078579148
"245","Opuntia pubescens",-96.649574,16.300953,"Sierra Madre del Sur province","Opuntia","No",18.2999992370605,17.8500003814697,7,89.2866134643555,265,34,6.83508777618408,-4.21833801269531,-0.42678067213116,-0.196185629889761,-1.928940726874,0.353548397896005,0.736417319808593,0.077470014297243,0.534059437437285,0.276415943236692,5.7819081974111
"246","Opuntia pubescens",-96.631363,16.30252,"Sierra Madre del Sur province","Opuntia","No",18.2000007629395,18.0499992370605,7,89.4585342407227,263,35,7.95996189117432,3.60243225097656,-0.551957853210855,-0.102642733208019,1.36300027586451,1.01434655640359,0.662718502328798,-0.0114431910710759,0.541830657307811,0.242386785368523,5.65701881324604
"247","Opuntia pubescens",-96.90675,17.86425,"Sierra Madre del Sur province","Opuntia","No",20.7000007629395,16.716667175293,14,95.2111663818359,344,96,17.2943172454834,-1.60494995117188,-1.91208831870091,1.04437382793405,-0.784031072875078,-0.0520088770516351,0.104638747960873,-0.301578750786694,-0.62725180756321,-0.61499347305986,4.19623643651212
"248","Opuntia tomentosa",-96.66063,16.290869,"Sierra Madre del Sur province","Opuntia","No",17.8999996185303,17.1833324432373,9,87.9286575317383,280,41,4.65581035614014,0.4676513671875,-0.766261680324468,0.108099936702276,-0.0460936193634256,1.0733080366637,0.887870491597053,0.0196469319702432,0.50999516944752,0.355248781329607,5.32596707553855
"249","Opuntia tomentosa",-96.9334,17.91689,"Sierra Madre del Sur province","Opuntia","No",23.6000003814697,20.4833335876465,25,87.1156845092773,383,91,16.858528137207,-0.555099487304688,-2.93941131953627,1.66013480514721,-0.499018871504843,0.517358279749825,-1.13072296673394,0.437117420531795,-0.335751447763604,0.32078221994574,4.05414741903252
"250","Opuntia tomentosa",-96.91753,17.92397,"Sierra Madre del Sur province","Opuntia","No",24.5,20.2999992370605,29,83.9094161987305,386,105,23.5289688110352,-1.79484558105469,-3.80138152070358,1.797287209375,-0.951382009043608,-0.0413025107780688,-1.43213311970653,0.441219488203818,-0.298400200965022,0.422641589029163,5.58955396017295
"251","Opuntia velutina",-96.328056,16.606111,"Sierra Madre del Sur province","Opuntia","Mexico",20.2999992370605,21.8166675567627,2,100.153030395508,266,11,27.491003036499,-1.20329284667969,0.421589930897338,-0.46026719865993,-0.133738823889085,-1.4967605994345,-0.491170363043736,0.392309487377469,-0.0596798963887766,-0.199767450413289,5.98502657216376
"252","Opuntia velutina",-96.93417,17.91889,"Sierra Madre del Sur province","Opuntia","Mexico",23.6000003814697,20.4833335876465,25,87.1156845092773,383,91,17.5152072906494,-0.611236572265625,-2.95599150538995,1.65654942147127,-0.508361345637192,0.449754184823667,-1.13958286892238,0.441880420845438,-0.33747443277478,0.319198142876192,4.09518959696506
"253","Pachycereus pecten-aboriginum",-96.364976,16.585936,"Sierra Madre del Sur province","Pachycereus","Mexico",19.9000015258789,21.5833339691162,2,99.0713272094727,263,11,20.336971282959,3.05384826660156,0.493186528588779,-0.399606850182796,1.49240140949856,-0.405565599079802,-0.296581497383634,0.300602091418166,0.0598600405279928,-0.138403872899209,5.89495275104821
"254","Pachycereus pecten-aboriginum",-96.2172,16.679297,"Sierra Madre del Sur province","Pachycereus","Mexico",19.6000003814697,21.6333332061768,3,99.96923828125,269,14,23.1683101654053,-1.10435485839844,0.462577763547979,-0.272257177486357,-0.18806538029758,-1.09299557930148,-0.324130036861812,0.265231076772357,-0.0200216159999301,-0.102115146657143,5.70523792649144
"255","Pachycereus pecten-aboriginum",-96.32035,16.693586,"Sierra Madre del Sur province","Pachycereus","Mexico",20.8999996185303,21.8999996185303,3,98.3466949462891,276,16,4.59614181518555,-0.166122436523438,0.734777135050227,-0.269219617398878,-0.224250363050296,0.858730485222513,-0.274917729110978,0.356034620226279,0.0495080189700127,-0.168714249856272,5.84535934781325
"256","Pachycereus pecten-aboriginum",-96.324635,16.702562,"Sierra Madre del Sur province","Pachycereus","Mexico",20.7000007629395,21.6166667938232,3,97.9087982177734,276,16,14.9337453842163,-2.20780944824219,0.455949799740462,-0.342877653047194,-0.85422058091262,-0.323655479396635,-0.324866389472772,0.436404295689159,0.0473793175111883,-0.167730078738784,5.80271517954203
"257","Pachycereus pecten-aboriginum",-96.325556,16.730278,"Sierra Madre del Sur province","Pachycereus","Mexico",20.6999988555908,20.8666667938232,3,97.4024047851562,272,16,16.3218898773193,0.178848266601562,0.289225885053474,-0.423862475244238,0.16934850914842,-0.207027237113051,-0.234463660178493,0.405340765986427,0.00817332411561513,-0.156146167528521,5.92839845399354
"258","Peniocereus oaxacensis",-96.481113,16.080103,"Sierra Madre del Sur province","Peniocereus","Oaxaca",13.7000007629395,15.8999996185303,6,92.4449005126953,379,41,16.364294052124,-1.91754150390625,-0.409343697667402,1.08861594749868,-0.69998298842333,-0.601348110336162,1.83813439220689,0.410504729790319,0.152638969072524,0.0525898250089745,3.9675097711719
"259","Pereskiopsis rotundifolia",-96.362901,16.550334,"Sierra Madre del Sur province","Pereskiopsis","Mexico",20.0000019073486,21.9833335876465,2,99.6139450073242,269,12,32.0358352661133,0.380691528320312,0.267594573709615,-0.39633904193223,0.626427046593849,-1.77692111312433,-0.524939370637229,0.424595981370889,0.00794238934741631,-0.21103289323544,5.88083818984795
"260","Pilosocereus chrysacanthus",-96.3652,16.579502,"Sierra Madre del Sur province","Pilosocereus","Mexico",19.7999992370605,21.716667175293,2,99.4614791870117,266,11,27.9884281158447,1.25569152832031,0.359176444195776,-0.400684211262355,0.908697746055128,-1.31850471963731,-0.401257908368355,0.364678874937378,0.0256103950028308,-0.160950177612506,5.88318305438425
"261","Pilosocereus chrysacanthus",-96.926667,17.844444,"Sierra Madre del Sur province","Pilosocereus","Mexico",24.2999992370605,20.4500007629395,24,86.0830001831055,347,78,17.3275508880615,3.29144287109375,-2.88966876417711,1.14983680609215,1.13407400889082,0.858569795488381,-1.26296224966088,0.42202894369475,-0.222941787562303,0.490361352557218,5.6591867831027
"262","Pilosocereus leucocephalus",-96.247945,16.674436,"Sierra Madre del Sur province","Pilosocereus","No",20.0999984741211,21.8666667938232,4,99.4866943359375,270,15,20.0827732086182,-3.08381652832031,0.45211445904703,-0.258430610699934,-1.09906031792813,-0.945233408869855,-0.416736063316502,0.294562603783782,-0.0228392473039167,-0.0428841391402898,5.68320953761702
"263","Pilosocereus quadricentralis",-96.2735173,16.6693587,"Sierra Madre del Sur province","Pilosocereus","Mexico",21,22.216667175293,4,98.7996292114258,263,15,4.82043695449829,-1.44161987304688,0.753138781059206,-0.315530071149037,-0.755843090615575,0.718770214326856,-0.411269803062513,0.239832391023322,0.0477205903713412,-0.0435791574429815,5.90383876019875
"264","Pilosocereus quadricentralis",-96.221148,16.679759,"Sierra Madre del Sur province","Pilosocereus","Mexico",19.6000003814697,21.6333332061768,3,99.96923828125,269,14,38.4612579345703,-0.82855224609375,0.05233811189804,-0.340861393026523,0.255606969875319,-2.51057692646199,-0.53728839416544,0.365022459683498,-0.0635359831263918,-0.143262646501448,5.82461461944409
"265","Pilosocereus quadricentralis",-95.835956,16.702203,"Sierra Madre del Sur province","Pilosocereus","Mexico",15.4000005722046,19.1833324432373,3,100.070755004883,250,23,41.5092353820801,1.57929992675781,-0.0454311965447665,-0.0785186097877524,1.37347682303329,-2.7731917088549,0.40848038420888,-0.310349512091992,0.130457516702429,0.0293866025283353,5.35297908429859
"266","Pilosocereus quadricentralis",-95.662057,16.737251,"Sierra Madre del Sur province","Pilosocereus","Mexico",19.2000007629395,22.9500007629395,9,100.034545898438,222,28,24.3158302307129,3.58015441894531,-0.0108041768157397,0.00966413493430247,1.74080300617944,-0.654841625944544,-0.84956663387577,-0.500675440494012,0.146680248457954,0.319382937642772,5.20661480887807
"267","Rhipsalis baccifera",-95.464389,16.7372,"Sierra Madre del Sur province","Rhipsalis","No",15.8999996185303,20.8666667938232,13,84.0638427734375,394,73,27.0451393127441,0.039642333984375,-1.81792411478711,1.80062101997199,0.18875729595514,-1.01175714151379,0.434208901678398,0.643349017505157,0.95691041743918,0.0462079738639284,2.73398913521127
"268","Rhipsalis baccifera",-95.299065,16.883904,"Sierra Madre del Sur province","Rhipsalis","No",15.9999990463257,21.6833324432373,15,84.7575759887695,489,132,11.7567625045776,0.693096160888672,-2.22769931392867,3.30440510466204,0.020468588284026,0.673819621028751,0.545768263462647,0.491386316796993,0.830899810735279,-0.982150904138305,2.05732575855664
"269","Rhipsalis baccifera",-96.3235,17.43183,"Sierra Madre del Sur province","Rhipsalis","No",20,19.466667175293,37,80.7058410644531,469,145,29.7078170776367,0.70318603515625,-4.94876650717572,3.60189290972656,0.149683731284851,-0.359552746563239,-0.802755572730201,0.141565512164541,-0.137156698781581,0.635272936158129,2.39452588699383
"270","Rhipsalis baccifera",-96.265333,17.441361,"Sierra Madre del Sur province","Rhipsalis","No",19.4999980926514,19.3666667938232,41,81.3661727905273,501,160,26.6119289398193,0.0573883056640625,-5.23327284665449,4.25652998678207,-0.232452286478298,-0.0688224864776783,-0.776515369804094,0.00491816182043623,-0.332381779819752,0.709674032703629,1.36696545948448
"271","Rhipsalis baccifera",-96.428375,17.645535,"Sierra Madre del Sur province","Rhipsalis","No",19.2000007629395,19.2666664123535,57,75.2037124633789,555,230,27.2460021972656,3.19251251220703,-7.54182987863636,6.07777474970365,0.839481966625456,0.669708797904845,-1.19324785299964,-0.670813180040539,-0.312896251980183,0.98025406360108,1.71348858602943
"272","Rhipsalis baccifera",-96.54056,17.72667,"Sierra Madre del Sur province","Rhipsalis","No",19.8999977111816,19.0666656494141,53,76.3202819824219,538,209,24.7620983123779,2.92658996582031,-6.95921493349341,5.47999322723789,0.732091303803859,0.791240387805799,-1.11755356867423,-0.43628483069398,-0.362392542960428,0.951082679945235,1.8306270103733
"273","Rhipsalis baccifera",-96.91744,17.91019,"Sierra Madre del Sur province","Rhipsalis","No",23,19.5833339691162,26,86.4598083496094,399,103,26.0441303253174,-0.64276123046875,-3.47210522696027,1.8886169643961,-0.361197531227308,-0.332916620041093,-1.02568697142342,0.408467624362278,-0.400101939601374,0.204241319063545,4.41518964780225
"274","Rhipsalis baccifera",-96.93944,17.91583,"Sierra Madre del Sur province","Rhipsalis","No",23.0000019073486,20.1000003814697,24,88.0947113037109,384,90,17.9426517486572,5.36335754394531,-2.91141579372083,1.71672671045601,2.01714847666976,0.936898815465424,-0.992894548316701,0.34913828160254,-0.389318879142365,0.251052812834413,3.84034229560208
"275","Rhipsalis baccifera",-96.65275,18.00522,"Sierra Madre del Sur province","Rhipsalis","No",21.1000003814697,19.3666667938232,82,77.4738693237305,812,330,24.4661083221436,0.0513381958007812,-10.3235690745905,10.0079687550438,-0.915976848857778,1.3501408202923,-2.02140996646225,-0.511195928033855,-1.99674423379877,0.847379416437928,1.65491264809834
"276","Rhipsalis baccifera",-96.623611,18.012889,"Sierra Madre del Sur province","Rhipsalis","No",19.7999992370605,20.0666656494141,60,80.9441223144531,667,235,42.3301811218262,3.95521545410156,-7.87858179308272,7.13822887177027,1.45619653597646,-0.659769671418526,-1.61934977054864,-0.0130834166678864,-1.23222042529263,0.738620557369378,0.545794518636014
"277","Rhipsalis baccifera",-96.683333,18.033333,"Sierra Madre del Sur province","Rhipsalis","No",20.3999996185303,20.4333343505859,56,79.8584899902344,630,231,26.0779151916504,6.0269775390625,-7.24957841463362,6.65543280866021,1.99908690010719,1.05462510526252,-1.45560452370713,-0.162216429039259,-0.881362576486018,0.531474368062046,0.332672155743446
"278","Rhipsalis baccifera",-96.851944,18.152778,"Sierra Madre del Sur province","Rhipsalis","No",22.7000007629395,18.6000003814697,52,78.8447723388672,575,217,26.0118312835693,2.82406616210938,-7.1529579619994,5.44952597437867,0.673904484598907,0.801922415207884,-1.44085772291654,-0.083550666084211,-0.950442542365039,0.402409965195093,2.3663349539153
"279","Stenocereus chacalapensis",-96.169689,15.949942,"Sierra Madre del Sur province","Stenocereus","Oaxaca",13.8999996185303,22.9333324432373,4,102.306571960449,412,20,46.3447456359863,2.81588745117188,0.285440434449762,1.63839537786523,2.01461757283708,-3.21644482622894,0.239894946382239,0.870785754346667,-0.0719770220334359,-0.156306799852454,5.58159727813588
"280","Stenocereus chacalapensis",-97.093611,16.368056,"Sierra Madre del Sur province","Stenocereus","Oaxaca",19.4000015258789,21.466667175293,4,100.671432495117,475,22,14.5028104782104,2.09542846679688,0.430921178523852,1.46913913276531,0.928165024997954,0.0894789672149193,0.211204062799154,1.665792021892,-0.736936470524093,-0.58603471559571,5.73172466845893
"281","Stenocereus pruinosus",-96.358836,16.546419,"Sierra Madre del Sur province","Stenocereus","No",19.2999992370605,21.6833324432373,2,98.5695571899414,252,11,18.5994701385498,3.57588195800781,0.561322724043107,-0.398205634660904,1.68151729103696,-0.219663072229671,-0.209833414897142,0.169547730479118,0.208029539274786,-0.0616382608643975,5.90970504011008
"282","Stenocereus pruinosus",-96.362308,16.574662,"Sierra Madre del Sur province","Stenocereus","No",19.9000015258789,21.8500003814697,2,99.5075607299805,269,11,32.2408103942871,0.129470825195312,0.268475363597422,-0.409582732340867,0.528287501902066,-1.82699270030178,-0.486800350914609,0.434109504456141,0.00800016511625569,-0.184192816744718,5.90493815697337
"283","Stenocereus pruinosus",-96.356845,16.578746,"Sierra Madre del Sur province","Stenocereus","No",19.7999992370605,21.6833324432373,2,99.4614791870117,266,11,26.3203945159912,3.64955139160156,0.36413761329064,-0.372984426618706,1.87266455176114,-0.923601751604997,-0.383176024433205,0.336127104593187,0.0214414724007729,-0.162794494933565,5.83702667106695
"284","Stenocereus pruinosus",-96.348889,16.608056,"Sierra Madre del Sur province","Stenocereus","No",20,21.6000003814697,2,99.3224792480469,265,12,18.8284492492676,-2.88047790527344,0.619049726078577,-0.43012473990092,-1.02089517116082,-0.846091232120774,-0.269998404015795,0.333335941527298,0.045539900052824,-0.151412082789739,5.97243323066017
"285","Stenocereus pruinosus",-96.233247,16.682919,"Sierra Madre del Sur province","Stenocereus","No",19.2999992370605,21.4333324432373,3,99.4943161010742,262,14,17.2195205688477,-1.90583801269531,0.613236039549306,-0.292466810176045,-0.647634596202653,-0.620723923147479,-0.165105785652726,0.166686922533954,0.0655025882537764,-0.0389179585634279,5.79460199291121
"286","Stenocereus pruinosus",-96.14517,16.72772,"Sierra Madre del Sur province","Stenocereus","No",19.5,21.4500007629395,6,96.8390197753906,286,23,3.77450561523438,3.69534301757812,0.401020987339657,0.167645695107644,1.3514897320524,1.32522852053127,-0.0615899831059149,0.169071180126419,0.138547811333925,0.082560668564394,5.21483665018815
"287","Stenocereus stellatus",-96.277086,16.866178,"Sierra Madre del Sur province","Stenocereus","Mexico",19.7000007629395,18.75,3,94.1548461914062,276,22,11.2457513809204,4.3177490234375,-0.0187439054095242,-0.380222856955235,1.77759390553481,0.700091169833989,0.373446343482152,0.31950217693965,0.138140334277718,-0.130326546799168,5.93809328987136
"288","Stenocereus treleasei",-96.630347,16.292121,"Sierra Madre del Sur province","Stenocereus","Oaxaca",17.5999984741211,17.533332824707,9,88.9160995483398,284,44,21.7293663024902,2.01979064941406,-1.16900714255397,0.18187720299749,0.972925097397307,-0.412521455313518,0.623139342899222,0.0528422035241649,0.443438481072051,0.247110220664098,5.58147443958108
"289","Stenocereus treleasei",-96.643136,16.316115,"Sierra Madre del Sur province","Stenocereus","Oaxaca",18.5,18.0666656494141,6,89.9333801269531,261,32,8.10345554351807,0.387542724609375,-0.400178185308395,-0.253390525597939,0.0328328250404931,0.670371631821459,0.653095752364288,0.0672105896169298,0.513464783778478,0.185396700917813,5.90189816268753
"290","Stenocereus treleasei",-96.365163,16.581955,"Sierra Madre del Sur province","Stenocereus","Oaxaca",19.7999992370605,21.716667175293,2,99.4614791870117,266,11,26.741231918335,2.54324340820312,0.372677781309432,-0.38276510856995,1.41969131246973,-1.0731410221343,-0.3895227284763,0.347329774654576,0.0263547980587977,-0.161117121944037,5.85356082867317
"291","Stenocereus treleasei",-96.771146,18.161572,"Sierra Madre del Sur province","Stenocereus","Oaxaca",20.5999984741211,17.5,57,79.9230194091797,645,251,13.4447565078735,1.05699157714844,-7.42224383526781,6.76870260722759,-0.396806021488473,1.84943095892932,-0.854554568602496,-0.413045147242386,-1.20757900653276,0.293760035308507,0.400541346997517
"292","Isolatocereus dumortieri",-96.075,17.058333,"Sierra Madre del Sur province","Isolatocereus","Mexico",16.2000007629395,14.8333330154419,15,85.9086303710938,328,104,16.8155536651611,-1.84095764160156,-2.42867594248109,1.26946970008178,-0.882843329856194,-0.112024402680244,1.21203776387311,-0.564707419369883,0.383103245312274,-0.144470614031191,4.32004713653767
"293","Selenicereus purpusii",-96.644051,16.303058,"Sierra Madre del Sur province","Selenicereus","Mexico",18.2999992370605,17.8500003814697,7,89.2866134643555,265,34,6.47483730316162,0.141754150390625,-0.483630748606798,-0.153491085100775,-0.115564361033735,0.81943518055736,0.722610693287334,0.0444183695322155,0.525737127924193,0.265643600147769,5.72420175034272
"294","Selenicereus purpusii",-96.901806,17.919861,"Sierra Madre del Sur province","Selenicereus","Mexico",24.4000015258789,19.8500003814697,31,83.4543228149414,407,116,18.4984264373779,-1.91802978515625,-3.99482966868539,2.14959712785154,-1.14587856491098,0.484830237793328,-1.31040647989343,0.38509064179685,-0.388228847574583,0.402333289475585,4.77814306991786
"295","Selenicereus purpusii",-96.919306,17.91525,"Sierra Madre del Sur province","Selenicereus","Mexico",23,19.5833339691162,26,86.4598083496094,399,103,31.1185970306396,1.478271484375,-3.63914444963108,1.88494546124792,0.633704926537169,-0.602279260705675,-1.10516752943419,0.427310889618673,-0.418885260582919,0.185130546031351,4.82479096401398
"296","Selenicereus purpusii",-96.94056,17.92583,"Sierra Madre del Sur province","Selenicereus","Mexico",24.5999984741211,20.7999992370605,24,86.9231338500977,344,82,21.5619354248047,-4.13847351074219,-2.88006343646192,1.08298672943802,-1.88481274874855,-0.265457773807562,-1.41838748085866,0.421972579834624,-0.253760652294533,0.39977103159997,5.88783765923315
"297","Cephalocereus nudus",-96.252182,16.672298,"Sierra Madre del Sur province","Cephalocereus","Mexico",20.2999992370605,22.0166664123535,4,98.7123184204102,270,16,27.7861461639404,-0.626388549804688,0.147380366760451,-0.287909093220492,0.0855511610659095,-1.40507475159964,-0.576005174484844,0.370748264994726,0.0131661470249934,-0.0884703361124657,5.69970298006149
"298","Cephalocereus nudus",-96.253774,16.666248,"Sierra Madre del Sur province","Cephalocereus","Mexico",20.6999988555908,22.2000007629395,3,99.6972198486328,261,13,14.361213684082,4.34190368652344,0.575688034537174,-0.339742690169246,1.88334795834976,0.339538864029167,-0.499127319859696,0.233834930828607,-0.00366943395956148,-0.13265792866868,5.8355966772765
"299","Cephalocereus nudus",-96.285723,16.675827,"Sierra Madre del Sur province","Cephalocereus","Mexico",19.8999977111816,21.8666667938232,4,97.7862854003906,268,16,34.4018592834473,1.50883483886719,-0.0980833781686162,-0.294623075863781,1.12184703433985,-1.82767729552448,-0.577135886553163,0.388173553871148,0.0921741568304557,-0.0631162492083848,5.79143553193743
