"GBIF.ID","Species","State.Province","coordinateUncertaintyInMeters","day","month","year","institutionCode","catalogNumber","identifiedBy","lon","lat","Province","Genus"
219011256,"Disocactus phyllanthoides","Oaxaca",NA,"23","4","2003","IBUNAM","1175463","Arias Montes, _ngel Salvador, 2006",-96.446389,17.31,"Sierra Madre del Sur province","Disocactus"
219012171,"Pilosocereus quadricentralis","Oaxaca",NA,"19","4","2000","IBUNAM","1084981","Arias Montes, _ngel Salvador, 2006",-95.985278,15.851944,"Pacific Lowlands province","Pilosocereus"
219012267,"Neobuxbaumia laui ","Oaxaca",NA,"10","8","2006","IBUNAM","1197205","Arias Montes, _ngel Salvador, 2006",-97.752222,16.985556,"Sierra Madre del Sur province","Neobuxbaumia"
1257819273,"Opuntia parviclada","Oaxaca",NA,"12","11","2009","MO","100472439","L. Scheinvar",-97.1525,17.826389,"Sierra Madre del Sur province","Opuntia"
1258387148,"Peniocereus macdougallii","Oaxaca",NA,"26","2","1947","MO","1182105","H. Bravo & S. Arias M.",-95.52,16.34,"Pacific Lowlands province","Peniocereus"
1258678920,"Epiphyllum pumilum","Oaxaca",NA,"15","7","1985","MO","1450326","A.D. Zimmerman",-94.73,16.86,"Veracruzan province","Epiphyllum"
1258679004,"Epiphyllum crenatum","Oaxaca",NA,"9","11","1957","MO","1450435","M. Kimnach",-96.2,16.03,"Sierra Madre del Sur province","Epiphyllum"
1259220367,"Cephalocereus fulviceps","Oaxaca",NA,"26","5","2002","MO","1955040","C. A. Cruz-Expinosa",-96.965278,17.6775,"Balsas Basin province","Cephalocereus"
1259471510,"Mammillaria beneckei","Oaxaca",NA,"17","6","2002","MO","2183297","C. Hinostrosa",-95.31333,16.38111,"Pacific Lowlands province","Mammillaria"
1417671868,"Ortegocactus macdougallii","Oaxaca",NA,"1","1","1988","IBUNAM","GE02245.6","NO DISPONIBLE",-96.333007,16.383001,"Pacific Lowlands province","Ortegocactus"
1503279092,"Epiphyllum crenatum","Oaxaca",NA,"9","11","1957","USF","284151","M. Kimnach",-96.2035,16.0399,"Sierra Madre del Sur province","Epiphyllum"
1584410085,"Mammillaria uncinata","Oaxaca",NA,"11","7","2017","iNaturalist","7150020","Carlos Martorell",-97.41331,17.882797,"Sierra Madre del Sur province","Mammillaria"
1586150197,"Neobuxbaumia mezcalaensis","Oaxaca",506,"4","9","2014","iNaturalist","7408411","Ulises Guzm_n",-97.903496,17.708823,"Balsas Basin province","Neobuxbaumia"
1586153361,"Echinocereus pulchellus","Oaxaca",252,"22","9","2016","iNaturalist","7420400","Wolfgang Blum",-97.452679,17.914063,"Sierra Madre del Sur province","Echinocereus"
1668861394,"Neobuxbaumia mezcalaensis","Oaxaca",253,"14","9","2009","iNaturalist","8103855","Ulises Guzm_n",-97.814381,17.724243,"Balsas Basin province","Neobuxbaumia"
1703207622,"Selenicereus chontalensis","Oaxaca",NA,"14","5","2004","iNaturalist","8932555","Ulises Guzm_n",-95.91,16.55,"Sierra Madre del Sur province","Selenicereus"
1846505289,"Selenicereus testudo","Oaxaca",NA,"1","1","1956","DES","DES00001930","D.Z. Damrel 10/29/01",-95.034167,16.8775,"Veracruzan province","Selenicereus"
1846516743,"Ortegocactus macdougallii","Oaxaca",NA,"11","3","2010","DES","DES00066268","",-96.334861,16.378639,"Pacific Lowlands province","Ortegocactus"
1890091709,"Echinocereus pulchellus","Oaxaca",NA,"20","4","2018","iNaturalist","15056665","Ulises Guzm_n",-97.492222,17.831389,"Sierra Madre del Sur province","Echinocereus"
1890710581,"Mammillaria uncinata","Oaxaca",252,"17","5","2018","iNaturalist","15206406","Carlos G Velazco-Macias",-97.412086,17.952807,"Sierra Madre del Sur province","Mammillaria"
1893407068,"Ferocactus flavovirens","Oaxaca",90,"18","11","1959","SDNHM","14425","NO DISPONIBLE",-97.708333,18.125,"Balsas Basin province","Ferocactus"
1893428276,"Mitrocereus militaris","Oaxaca",100,"19","7","1978","SDNHM","39338","NO DISPONIBLE",-96.375,16.875,"Balsas Basin province","Mitrocereus"
1893442107,"Coryphantha pycnacantha","Oaxaca",90,"29","7","1991","IBUNAM","NO DISPONIBLE","Leonardo Ulises Guzm_n Cruz",-97.225,17.475,"Sierra Madre del Sur province","Coryphantha"
1893752095,"Polaskia chende","Oaxaca",100,"17","3","1985","INECOL","19267","J. Reyes S.",-96.52,17.028333,"Balsas Basin province","Polaskia"
1893916322,"Pachycereus grandis","Oaxaca",90,"17","11","2006","NO DISPONIBLE","NO DISPONIBLE","NO DISPONIBLE",-97.012743,17.628602,"Balsas Basin province","Pachycereus"
1893916324,"Pachycereus grandis","Oaxaca",90,"17","11","2006","NO DISPONIBLE","NO DISPONIBLE","NO DISPONIBLE",-97.013361,17.628085,"Balsas Basin province","Pachycereus"
1893916342,"Pachycereus grandis","Oaxaca",90,"2","2","2007","NO DISPONIBLE","NO DISPONIBLE","NO DISPONIBLE",-96.940758,17.913575,"Sierra Madre del Sur province","Pachycereus"
1894553334,"Stenocereus chacalapensis","Oaxaca",NA,"13","3","1999","CP","NO DISPONIBLE","1",-96.2533645,15.8882993,"Pacific Lowlands province","Stenocereus"
1894553337,"Pachycereus grandis","Oaxaca",NA,"25","7","1998","CP","NO DISPONIBLE","1",-96.9425539,17.9226429,"Sierra Madre del Sur province","Pachycereus"
1894553345,"Stenocereus chacalapensis","Oaxaca",NA,"13","3","1999","CP","NO DISPONIBLE","1",-96.2514201,15.7677493,"Pacific Lowlands province","Stenocereus"
1894559625,"Cephalocereus fulviceps","Oaxaca",90,"20","11","2003","FESI-UNAM","NO APLICA","OT_llez",-97.030833,17.702778,"Balsas Basin province","Cephalocereus"
1894559662,"Cephalocereus fulviceps","Oaxaca",90,"15","11","2004","FESI-UNAM","NO APLICA","OT_llez",-96.933056,17.606944,"Balsas Basin province","Cephalocereus"
1894559667,"Cephalocereus fulviceps","Oaxaca",90,"28","6","2007","FESI-UNAM","NO APLICA","OT_llez",-97.031083,17.701917,"Balsas Basin province","Cephalocereus"
1894561862,"Neobuxbaumia mezcalaensis","Oaxaca",90,"7","12","2005","FESI-UNAM","NO APLICA","OT_llez",-97.649722,18.272694,"Balsas Basin province","Neobuxbaumia"
1894565251,"Cylindropuntia leptocaulis","Oaxaca",90,"20","11","2003","FESI-UNAM","NO APLICA","OT_llez",-97.004167,17.723056,"Balsas Basin province","Cylindropuntia"
1894565334,"Cylindropuntia leptocaulis","Oaxaca",90,"2","11","2003","FESI-UNAM","NO APLICA","OT_llez",-96.998889,17.893333,"Balsas Basin province","Cylindropuntia"
1894567856,"Mammillaria uncinata","Oaxaca",90,"30","11","2004","FC-UNAM","NO DISPONIBLE","OT_llez",-97.343,17.87375,"Sierra Madre del Sur province","Mammillaria"
1894568712,"Pachycereus grandis","Oaxaca",90,"23","4","2003","FESI-UNAM","NO APLICA","OT_llez",-96.945778,17.9245,"Sierra Madre del Sur province","Pachycereus"
1894571202,"Echinocactus platyacanthus","Oaxaca",90,"30","6","2004","FESI-UNAM","NO APLICA","OT_llez",-97.663889,18.202778,"Balsas Basin province","Echinocactus"
1894571306,"Echinocactus platyacanthus","Oaxaca",90,"26","11","2006","FESI-UNAM","NO APLICA","OT_llez",-97.338889,18.116111,"Sierra Madre del Sur province","Echinocactus"
1895115173,"Opuntia hyptiacantha","Oaxaca",100,"12","4","2001","FC-UNAM","NO DISPONIBLE","L. Scheinvar",-96.475556,16.953333,"Balsas Basin province","Opuntia"
1895115666,"Opuntia hyptiacantha","Oaxaca",100,"12","5","2001","FC-UNAM","80936","L. Scheinvar",-96.402444,16.900167,"Balsas Basin province","Opuntia"
1895116251,"Opuntia chiangiana","Oaxaca",NA,NA,NA,"2007","IBUNAM","NO DISPONIBLE","L. Scheinvar",-96.975,17.902778,"Balsas Basin province","Opuntia"
1895116748,"Opuntia nejapensis","Oaxaca",100,"14","5","1997","CIIDIR-IPN","24448","L. Scheinvar",-96.300835,16.300278,"Pacific Lowlands province","Opuntia"
1895497364,"Ferocactus flavovirens","Oaxaca",90,"11","3","1985","CNS-UT","181968","M. Lavin",-97.6546836,18.2065552,"Balsas Basin province","Ferocactus"
1895548024,"Echinocactus platyacanthus","Oaxaca",90,NA,NA,NA,"IBUNAM","NO DISPONIBLE","Leonardo Ulises Guzm_n Cruz",-97.675,18.258333,"Balsas Basin province","Echinocactus"
1895548070,"Echinocactus platyacanthus","Oaxaca",90,"19","7","1989","IBUNAM","NO DISPONIBLE","Leonardo Ulises Guzm_n Cruz",-97.658333,18.225,"Balsas Basin province","Echinocactus"
1895584000,"Mammillaria tepexicensis","Oaxaca",90,NA,"2","1988","ENCB-IPN","NO DISPONIBLE","J. MEYRAN",-97.584722,17.684444,"Sierra Madre del Sur province","Mammillaria"
1895767344,"Pilosocereus quadricentralis","Oaxaca",100,NA,NA,"1952","IBUNAM","59798","NO DISPONIBLE",-94.091944,16.238611,"Pacific Lowlands province","Pilosocereus"
1895767504,"Mitrocereus militaris","Oaxaca",100,"19","7","1978","ENCB-IPN","NO DISPONIBLE","NO DISPONIBLE",-96.394722,16.896389,"Balsas Basin province","Mitrocereus"
1895767586,"Pilosocereus quadricentralis","Oaxaca",100,"8","4","1972","IBUNAM","NO DISPONIBLE","NO DISPONIBLE",-96.171944,16.684444,"Pacific Lowlands province","Pilosocereus"
1895767652,"Pachycereus grandis","Oaxaca",100,NA,NA,NA,"NO DISPONIBLE","NO DISPONIBLE","NO DISPONIBLE",-95.341667,16.353333,"Pacific Lowlands province","Pachycereus"
1895768127,"Neobuxbaumia mezcalaensis","Oaxaca",100,NA,NA,NA,"NO DISPONIBLE","NO DISPONIBLE","NO DISPONIBLE",-97.041667,16.14,"Sierra Madre del Sur province","Neobuxbaumia"
1896090938,"Ferocactus flavovirens","Oaxaca",90,"29","4","2004","STDOM","NO APLICA","C. Ch_vez; F. Mart_nez",-97.297361,18.154222,"Balsas Basin province","Ferocactus"
1896091212,"Coryphantha pycnacantha","Oaxaca",90,"8","10","2004","STDOM","NO APLICA","C. Ch_vez; F. Mart_nez",-97.218583,17.485361,"Sierra Madre del Sur province","Coryphantha"
1896094276,"Epiphyllum phyllanthus","Oaxaca",100,"8","5","2001","STDOM","3695","J. Reyes",-96.722222,17.066389,"Balsas Basin province","Epiphyllum"
1897487344,"Mammillaria deherdtiana","Oaxaca",NA,"19","1","2015","UAMI","JF102/OAX/2074","SAM",-96.378444,17.152278,"Sierra Madre del Sur province","Mammillaria"
1897487350,"Mammillaria deherdtiana","Oaxaca",NA,"21","2","2015","UAMI","JF102/OAX/2380","SAM",-96.3555,17.116222,"Sierra Madre del Sur province","Mammillaria"
1897575623,"Epiphyllum phyllanthus","Oaxaca",NA,"29","10","2002","SERBO","30754","E. P_rez G.",-94.976667,16.743861,"Pacific Lowlands province","Epiphyllum"
1897575648,"Epiphyllum phyllanthus","Oaxaca",NA,"25","6","1998","SERBO","16769","J. Reyes S.",-96.279481,17.523775,"Sierra Madre del Sur province","Epiphyllum"
1897575664,"Epiphyllum phyllanthus","Oaxaca",NA,"18","11","1998","SERBO","16781","J. Reyes S.",-96.2903153,17.5287747,"Veracruzan province","Epiphyllum"
1897575672,"Epiphyllum phyllanthus","Oaxaca",NA,"11","8","2002","SERBO","29223","E.J. Lott",-94.979417,16.741777,"Pacific Lowlands province","Epiphyllum"
1897600729,"Mammillaria duoformis","Oaxaca",NA,"5","2","2004","FESZ-UNAM","NO APLICA","Ulises Guzm_n",-97.796555,17.822166,"Balsas Basin province","Mammillaria"
1897600746,"Mammillaria duoformis","Oaxaca",NA,NA,NA,NA,"FESZ-UNAM","NO APLICA","Michel Lacoste",-97.78333,17.76666,"Balsas Basin province","Mammillaria"
1933602410,"Polaskia chende","Oaxaca",100,"11","7","2014","iNaturalist","783672","Ulises Guzm_n",-97.426672,17.930784,"Sierra Madre del Sur province","Polaskia"
2268968056,"Selenicereus alliodorus","Oaxaca",NA,"18","1","2013","MO","101074727","Arias & Korotkova",-96.107222,16.003056,"Sierra Madre del Sur province","Selenicereus"
2425457251,"Cephalocereus parvispinus","Oaxaca",NA,"10","4","2013","MEXU","101158535","",-97.416667,17.183333,"Sierra Madre del Sur province","Cephalocereus"
2518004206,"Opuntia hyptiacantha","Oaxaca",252,"24","8","2016","iNaturalist","4899933","ricardo_munoz",-97.035756,18.07576,"Balsas Basin province","Opuntia"
2518064594,"Opuntia hyptiacantha","Oaxaca",71,"6","11","2019","iNaturalist","35571854","ricardo_munoz",-97.346308,17.527821,"Sierra Madre del Sur province","Opuntia"
2596294190,"Opuntia parviclada","Oaxaca",244,"27","11","2018","iNaturalist","41191570","Leticia Soriano Flores",-96.962488,17.826489,"Balsas Basin province","Opuntia"
2597726046,"Selenicereus testudo","Oaxaca",8,"3","1","2012","iNaturalist","41315999","Pablo Carrillo-Reyes",-95.014399,16.675123,"Pacific Lowlands province","Selenicereus"
2629440475,"Echinocactus platyacanthus","Oaxaca",NA,"26","2","2010","FCN-UAQ","NO APLICA","NO DISPONIBLE",-97.68,18.200556,"Balsas Basin province","Echinocactus"
2629483151,"Mammillaria beneckei","Oaxaca",100,"12","6","1986","INECOL","P8439","H. Bravo H.",-95.3225,16.385833,"Pacific Lowlands province","Mammillaria"
2629483206,"Epiphyllum pumilum","Oaxaca",100,"28","8","1984","INECOL","P9809","M. Kimnach",-94.763333,16.846667,"Veracruzan province","Epiphyllum"
2629491202,"Aporocactus flagelliformis","Oaxaca",90,"30","12","1992","INECOL","P8671","P. Hietz",-97.066667,18.116667,"Balsas Basin province","Aporocactus"
2629781502,"Mammillaria tonalensis","Oaxaca",NA,"13","10","2017","IBUNAM","NO APLICA","JSSV; JLRCJ; LJC",-97.961289,17.645167,"Sierra Madre del Sur province","Mammillaria"
2629784925,"Neobuxbaumia mezcalaensis","Oaxaca",NA,"19","6","2017","IBUNAM","NO DISPONIBLE","ASAM",-97.932819,17.697911,"Balsas Basin province","Neobuxbaumia"
2629785851,"Cylindropuntia prolifera","Oaxaca",NA,"20","6","2017","IBUNAM","NO DISPONIBLE","ASAM",-97.990959,17.642262,"Balsas Basin province","Cylindropuntia"
2803004687,"Opuntia hyptiacantha","Oaxaca",8,"2","6","2020","iNaturalist","50523055","Carlos Dom_nguez-Rodr_guez",-96.227662,15.699255,"Pacific Lowlands province","Opuntia"
2850549444,"Opuntia hyptiacantha","Oaxaca",NA,"6","11","2019","iNaturalist","35561152","ricardo_munoz",-97.346428,17.528275,"Sierra Madre del Sur province","Opuntia"
2862523458,"Lemaireocereus hollianus","Oaxaca",61,"2","8","2020","iNaturalist","55397483","AMAURI DIAZ SOLIS",-96.972648,17.896423,"Balsas Basin province","Lemaireocereus"
2984387802,"Polaskia chende","Oaxaca",244,"15","9","2017","iNaturalist","64550384","ricardo_munoz",-97.420911,17.966845,"Sierra Madre del Sur province","Polaskia"
3039194985,"Selenicereus testudo","Oaxaca",31,"3","1","2012","iNaturalist","68807305","cactus-d",-95.011678,16.680733,"Pacific Lowlands province","Selenicereus"
3090662849,"Peniocereus serpentinus","Oaxaca",NA,"13","4","2021","iNaturalist","73949272","Delgado Fabela Jared Fabi_n",-96.568655,15.6903,"Pacific Lowlands province","Peniocereus"
3125110486,"Ferocactus flavovirens","Oaxaca",NA,"18","11","1959","SD","SD00014018","J. Hugo Cota, 1999",-97.66667,18.11667,"Balsas Basin province","Ferocactus"
3306203431,"Pachycereus grandis","Oaxaca",NA,"12","5","2002","FESI-UNAM","NO APLICA","J.I.C.",-96.936861,17.922222,"Sierra Madre del Sur province","Pachycereus"
3307622924,"Mammillaria duoformis","Oaxaca",NA,NA,"8","1969","IBUNAM","126928","_ngel Salvador Arias Montes",-97.793222,17.847083,"Balsas Basin province","Mammillaria"
3307656107,"Stenocereus chacalapensis","Oaxaca",100,"15","12","1973","IBUNAM","208299","Susana Gama L_pez",-97.093611,16.368056,"Sierra Madre del Sur province","Stenocereus"
3307782849,"Mammillaria beneckei","Oaxaca",100,"12","6","1986","IBUNAM","504761","U. Guzman",-95.317,16.35,"Pacific Lowlands province","Mammillaria"
3307787528,"Opuntia hyptiacantha","Oaxaca",90,"22","10","1990","IBUNAM","518176","_ngel Salvador Arias Montes",-97.368611,17.700556,"Sierra Madre del Sur province","Opuntia"
3307805182,"Mammillaria beneckei","Oaxaca",100,"29","6","1991","IBUNAM","577965","",-95.367,16.417,"Pacific Lowlands province","Mammillaria"
3307815682,"Echinocactus platyacanthus","Oaxaca",NA,"19","7","1989","IBUNAM","574808","Gladys Isabel Manzanero Medina",-97.652433,18.211533,"Balsas Basin province","Echinocactus"
3307891462,"Mammillaria oteroi","Oaxaca",90,"4","12","1992","IBUNAM","791401","Leonardo Ulises Guzm_n Cruz",-97.4465,17.67836,"Sierra Madre del Sur province","Mammillaria"
3307902800,"Mammillaria duoformis","Oaxaca",90,"3","12","1992","IBUNAM","791393","Leonardo Ulises Guzm_n Cruz",-97.79181,17.77411,"Balsas Basin province","Mammillaria"
3308015133,"Cephalocereus fulviceps","Oaxaca",90,"26","5","2002","IBUNAM","1127260","_ngel Salvador Arias Montes",-96.96531,17.67758,"Balsas Basin province","Cephalocereus"
3308036571,"Epiphyllum phyllanthus","Oaxaca",90,"25","6","1998","IBUNAM","1120749","J. Reyes",-96.27944,17.52306,"Sierra Madre del Sur province","Epiphyllum"
3308038963,"Epiphyllum phyllanthus","Oaxaca",100,"29","11","2004","IBUNAM","1186062","_ngel Salvador Arias Montes",-96.1005,15.97083,"Pacific Lowlands province","Epiphyllum"
3308040852,"Lemaireocereus hollianus","Oaxaca",90,"9","1","2002","IBUNAM","1128150","_ngel Salvador Arias Montes",-97.06211,18.09275,"Balsas Basin province","Lemaireocereus"
3308049849,"Neobuxbaumia laui ","Oaxaca",100,"10","8","2006","IBUNAM","1197205","_ngel Salvador Arias Montes",-97.75222,16.98556,"Sierra Madre del Sur province","Neobuxbaumia"
3308076973,"Pachycereus grandis","Oaxaca",90,"14","12","2000","IBUNAM","1272793","_ngel Salvador Arias Montes",-96.94611,17.92417,"Sierra Madre del Sur province","Pachycereus"
3308090607,"Mammillaria duoformis","Oaxaca",NA,"14","9","2008","IBUNAM","1300844","_ngel Salvador Arias Montes",-97.75,17.78055,"Balsas Basin province","Mammillaria"
3308098834,"Echinocactus platyacanthus","Oaxaca",90,"5","9","2009","IBUNAM","1272977","_ngel Salvador Arias Montes",-97.65517,18.20525,"Balsas Basin province","Echinocactus"
3308104666,"Peniocereus serpentinus","Oaxaca",90,"21","5","1994","IBUNAM","1267626","_ngel Salvador Arias Montes",-97.3224,18.1268,"Sierra Madre del Sur province","Peniocereus"
3308107374,"Mammillaria deherdtiana","Oaxaca",90,"13","5","2006","IBUNAM","1265522","",-96.38306,17.17139,"Sierra Madre del Sur province","Mammillaria"
3308127724,"Polaskia chende","Oaxaca",90,"12","1","2001","IBUNAM","1324225","_ngel Salvador Arias Montes",-96.84944,17.95028,"Sierra Madre del Sur province","Polaskia"
3308151606,"Opuntia nejapensis","Oaxaca",100,"27","5","2011","IBUNAM","1389218","L. Scheinvar",-96.8844,16.58883,"Balsas Basin province","Opuntia"
3308152601,"Opuntia nejapensis","Oaxaca",90,"20","5","2011","IBUNAM","1389431","L. Scheinvar",-97.6524,17.26169,"Sierra Madre del Sur province","Opuntia"
3308152835,"Opuntia hyptiacantha","Oaxaca",90,"19","5","2011","IBUNAM","1395595","L. Scheinvar",-97.4812,17.50989,"Sierra Madre del Sur province","Opuntia"
3308155935,"Neobuxbaumia laui ","Oaxaca",100,"10","4","2013","IBUNAM","1402541","_ngel Salvador Arias Montes",-97.75011,16.98436,"Sierra Madre del Sur province","Neobuxbaumia"
3308359877,"Mammillaria duoformis","Oaxaca",90,"17","1","1988","IBUNAM","501445","_ngel Salvador Arias Montes",-97.7932,17.8471,"Balsas Basin province","Mammillaria"
3308365344,"Mammillaria tepexicensis","Oaxaca",90,NA,"2","1988","IBUNAM","515428","_ngel Salvador Arias Montes",-97.5333,17.7833,"Sierra Madre del Sur province","Mammillaria"
3308375795,"Epiphyllum crenatum","Oaxaca",100,"7","11","1990","IBUNAM","553786","R. Baner",-95.583,16.267,"Pacific Lowlands province","Epiphyllum"
3308389513,"Epiphyllum pumilum","Oaxaca",100,"15","7","1985","IBUNAM","565406","H. Bravo; _ngel Salvador Arias Montes",-94.733,16.867,"Veracruzan province","Epiphyllum"
3308395591,"Mammillaria uncinata","Oaxaca",NA,"30","3","1988","IBUNAM","474795","Leonardo Ulises Guzm_n Cruz",-97.455361,17.854667,"Sierra Madre del Sur province","Mammillaria"
3308411271,"Cephalocereus fulviceps","Oaxaca",90,"24","10","1990","IBUNAM","518095","_ngel Salvador Arias Montes",-97.0892,17.892,"Balsas Basin province","Cephalocereus"
3308411276,"Opuntia parviclada","Oaxaca",90,"11","11","1990","IBUNAM","518162","_ngel Salvador Arias Montes",-97.0142,17.9278,"Balsas Basin province","Opuntia"
3308418457,"Ferocactus flavovirens","Oaxaca",NA,"26","10","1990","IBUNAM","518272","_ngel Salvador Arias Montes",-97.656278,18.203528,"Balsas Basin province","Ferocactus"
3308484806,"Opuntia hyptiacantha","Oaxaca",90,"2","6","1992","IBUNAM","832918","_ngel Salvador Arias Montes",-97.033,17.433,"Sierra Madre del Sur province","Opuntia"
3308503529,"Selenicereus testudo","Oaxaca",NA,"23","7","1996","IBUNAM","742824","J. Reyes",-95.0072264,16.6654863,"Pacific Lowlands province","Selenicereus"
3308509644,"Cephalocereus fulviceps","Oaxaca",90,"11","12","1993","IBUNAM","771937","_ngel Salvador Arias Montes",-97.0922,17.8761,"Balsas Basin province","Cephalocereus"
3308629818,"Pachycereus grandis","Oaxaca",90,"31","3","2006","IBUNAM","1206584","_ngel Salvador Arias Montes",-96.94058,17.91972,"Sierra Madre del Sur province","Pachycereus"
3308638752,"Pilosocereus quadricentralis","Oaxaca",100,"28","6","2002","IBUNAM","1213416","J. Reyes",-95.786,15.92272,"Pacific Lowlands province","Pilosocereus"
3308659396,"Polaskia chende","Oaxaca",90,"7","12","1994","IBUNAM","1267611","_ngel Salvador Arias Montes",-96.9477,17.9257,"Balsas Basin province","Polaskia"
3308661114,"Lemaireocereus hollianus","Oaxaca",90,"9","1","2002","IBUNAM","1128151","_ngel Salvador Arias Montes",-97.00986,17.83475,"Balsas Basin province","Lemaireocereus"
3308661523,"Polaskia chende","Oaxaca",90,"4","10","2006","IBUNAM","1273378","_ngel Salvador Arias Montes",-97.05168,17.53416,"Sierra Madre del Sur province","Polaskia"
3308662207,"Opuntia parviclada","Oaxaca",90,"12","11","2009","IBUNAM","1290491","L. Scheinvar",-97.15247,17.82642,"Sierra Madre del Sur province","Opuntia"
3308668632,"Epiphyllum phyllanthus","Oaxaca",90,"18","11","1998","IBUNAM","1120743","J. Reyes",-96.29028,17.52806,"Veracruzan province","Epiphyllum"
3308674176,"Stenocereus chacalapensis","Oaxaca",100,"8","9","2004","IBUNAM","1185995","_ngel Salvador Arias Montes",-96.16492,15.72414,"Pacific Lowlands province","Stenocereus"
3308682200,"Cephalocereus fulviceps","Oaxaca",90,"30","10","2004","IBUNAM","1179847","_ngel Salvador Arias Montes",-96.94894,17.60808,"Balsas Basin province","Cephalocereus"
3308688845,"Disocactus phyllanthoides","Oaxaca",90,"23","4","2003","IBUNAM","1175463","_ngel Salvador Arias Montes",-96.44631,17.30994,"Sierra Madre del Sur province","Disocactus"
3308706483,"Cephalocereus fulviceps","Oaxaca",NA,"11","8","2006","IBUNAM","1215565","_ngel Salvador Arias Montes",-96.948556,17.605694,"Balsas Basin province","Cephalocereus"
3308707134,"Mammillaria oteroi","Oaxaca",90,NA,NA,"1971","IBUNAM","1231802","_ngel Salvador Arias Montes",-97.4062,17.8764,"Sierra Madre del Sur province","Mammillaria"
3308709822,"Epiphyllum phyllanthus","Oaxaca",100,"11","8","2002","IBUNAM","1242429","E. J. Lott",-94.97942,16.74178,"Pacific Lowlands province","Epiphyllum"
3308730307,"Polaskia chende","Oaxaca",NA,"19","2","1993","IBUNAM","1279747","_ngel Salvador Arias Montes",-96.940417,17.922361,"Sierra Madre del Sur province","Polaskia"
3308731008,"Ortegocactus macdougallii","Oaxaca",100,"22","10","2008","IBUNAM","1296080","_ngel Salvador Arias Montes",-96.35,16.383,"Pacific Lowlands province","Ortegocactus"
3308747459,"Opuntia nejapensis","Oaxaca",100,"21","5","2011","IBUNAM","1389430","L. Scheinvar",-97.5977,16.91156,"Sierra Madre del Sur province","Opuntia"
3308752222,"Epiphyllum crenatum","Oaxaca",100,"20","5","2010","IBUNAM","1383182","Carlos G_mez Hinostrosa",-95.9164,16.2711,"Sierra Madre del Sur province","Epiphyllum"
3308762737,"Mammillaria beneckei","Oaxaca",100,"28","6","1996","IBUNAM","1461436","D. Aquino",-95.3074,16.38211,"Pacific Lowlands province","Mammillaria"
3325514954,"Lemaireocereus hollianus","Oaxaca",4,"6","6","2021","iNaturalist","85685174","Joseph Scheer",-97.017814,17.8745,"Balsas Basin province","Lemaireocereus"
3398714472,"Neobuxbaumia mezcalaensis","Oaxaca",122,"29","11","2012","iNaturalist","49839671","Eugenio Padilla",-98.047288,17.634897,"Balsas Basin province","Neobuxbaumia"
3398792820,"Echinocereus pulchellus","Oaxaca",6,"22","10","2021","iNaturalist","99048418","Carlos Martorell",-97.496139,17.839173,"Sierra Madre del Sur province","Echinocereus"
3399199195,"Echinocereus pulchellus","Oaxaca",12,"13","10","2021","iNaturalist","98452459","Wolfgang Blum",-97.453042,17.911913,"Sierra Madre del Sur province","Echinocereus"
3456285474,"Neobuxbaumia mezcalaensis","Oaxaca",12,"22","12","2021","iNaturalist","103838102","Joseph Scheer",-97.683144,18.119458,"Balsas Basin province","Neobuxbaumia"
3712399862,"Peniocereus serpentinus","Oaxaca",4,"27","1","2018","iNaturalist","108093156","Vladimir Malov",-96.594851,16.329027,"Balsas Basin province","Peniocereus"
3772826839,"Lemaireocereus hollianus","Oaxaca",4,"28","4","2022","iNaturalist","115554995","Ulises Guzm_n",-97.037972,17.864057,"Balsas Basin province","Lemaireocereus"
3772975760,"Lemaireocereus hollianus","Oaxaca",NA,"1","5","2022","iNaturalist","115769315","Carlos Dom_nguez-Rodr_guez",-97.045326,17.862324,"Balsas Basin province","Lemaireocereus"
3773042067,"Lemaireocereus hollianus","Oaxaca",NA,"1","5","2022","iNaturalist","115966370","Carlos Dom_nguez-Rodr_guez",-97.037109,17.86408,"Balsas Basin province","Lemaireocereus"
3859265819,"Opuntia parviclada","Oaxaca",8,"28","7","2021","iNaturalist","93110952","Leticia Soriano Flores",-97.346649,17.883524,"Sierra Madre del Sur province","Opuntia"
4111977122,"Mammillaria beneckei","Oaxaca",8,"7","5","2023","iNaturalist","160752669","Jonathan Mohl",-95.313261,16.380804,"Pacific Lowlands province","Mammillaria"
4168487286,"Selenicereus testudo","Oaxaca",90,"17","12","1961","CECOY-INIFAP","36008","NO DISPONIBLE",-96.141667,18.091667,"Veracruzan province","Selenicereus"
4453825517,"Lemaireocereus hollianus","Oaxaca",NA,"1","5","2022","iNaturalist","116064314","Carlos Dom_nguez-Rodr_guez",-97.037254,17.864012,"Balsas Basin province","Lemaireocereus"
4453826524,"Lemaireocereus hollianus","Oaxaca",NA,"1","5","2022","iNaturalist","115766339","Carlos Dom_nguez-Rodr_guez",-97.042603,17.862328,"Balsas Basin province","Lemaireocereus"
4465386334,"Polaskia chende","Oaxaca",505,"11","10","2016","iNaturalist","4965375","Alfredo Maldonado Velasco",-97.425127,18.067992,"Balsas Basin province","Polaskia"
4519229809,"Neobuxbaumia mezcalaensis","Oaxaca",61,"3","1","2024","iNaturalist","198320374","Ryan E. Gray",-96.276324,16.867889,"Sierra Madre del Sur province","Neobuxbaumia"
4519239409,"Neobuxbaumia mezcalaensis","Oaxaca",61,"3","1","2024","iNaturalist","198319461","Ryan E. Gray",-96.276495,16.864644,"Sierra Madre del Sur province","Neobuxbaumia"
1895202622,"Selenicereus vagans","Itsmo de Tehuantepec",100,"","","","3942094","IBUNAM","MEXU-ND48",-95.130278,16.385833,"Pacific Lowlands province","Selenicereus"
1228149861,"Selenicereus vagans","Oaxaca",NA,"21","5","1960","F","","M. W. Kimnach",-96.5,17,"Balsas Basin province","Selenicereus"
1258387220,"Selenicereus vagans","Oaxaca",NA,"21","5","1960","MO","1182137","H. Bravo & S. Arias (MEXU)",-95.05,17.13,"Veracruzan province","Selenicereus"
219010926,"Coryphantha pallida","Oaxaca",NA,"20","7","1993","IBUNAM","768864","Guzm_n Cruz, Leonardo Ulises, 2006",-97.383333,17.716667,"Sierra Madre del Sur province","Coryphantha"
219010927,"Coryphantha retusa","Oaxaca",NA,"5","6","1993","IBUNAM","768867","Guzm_n Cruz, Leonardo Ulises, 2006",-97.483333,17.816667,"Sierra Madre del Sur province","Coryphantha"
219011283,"Ferocactus recurvus","Oaxaca",NA,"13","10","2005","IBUNAM","1191930","Manzanero Medina, Gladis, 2006",-96.555556,16.679167,"Balsas Basin province","Ferocactus"
219012121,"Opuntia auberi","Oaxaca",NA,"8","11","1999","IBUNAM","1031325","Arias Montes, _ngel Salvador, 2006",-95.908056,15.863056,"Pacific Lowlands province","Opuntia"
219012138,"Mammillaria albilanata","Oaxaca",NA,"23","12","1992","IBUNAM","1041182","Guzm_n Cruz, Leonardo Ulises, 2006",-94.833333,16.583333,"Pacific Lowlands province","Mammillaria"
219012170,"Peniocereus fosterianus","Oaxaca",NA,"22","5","2000","IBUNAM","1084949","Gama L_pez, Susana, 2006",-96.001389,15.871944,"Pacific Lowlands province","Peniocereus"
219012261,"Neobuxbaumia tetetzo","Oaxaca",NA,"7","3","2005","IBUNAM","1191931","Arias Montes, _ngel Salvador, 2006",-95.613056,15.980278,"Pacific Lowlands province","Neobuxbaumia"
219012720,"Rhipsalis baccifera","Oaxaca",NA,"10","5","1991","IBUNAM","553657","Gama L_pez, Susana, 2006",-95.516667,16.733333,"Sierra Madre del Sur province","Rhipsalis"
219012834,"Pachycereus pecten-aboriginum","Oaxaca",NA,"20","5","1995","IBUNAM","657389","Arias Montes, _ngel Salvador, 2006",-95.59,16.429167,"Pacific Lowlands province","Pachycereus"
219012900,"Pilosocereus chrysacanthus","Oaxaca",NA,"4","12","1992","IBUNAM","771941","Arias Montes, _ngel Salvador",-97.7,18.183333,"Balsas Basin province","Pilosocereus"
219012912,"Mammillaria haageana","Oaxaca",NA,"4","4","1993","IBUNAM","791368","Guzm_n Cruz, Leonardo Ulises, 2006",-97.366667,18.066667,"Balsas Basin province","Mammillaria"
219012937,"Opuntia decumbens","Oaxaca",NA,"30","4","1992","IBUNAM","832157","Arias Montes, _ngel Salvador, 2006",-96.099444,17.783333,"Veracruzan province","Opuntia"
788779902,"Opuntia velutina","Oaxaca",NA,"22","7","2008","LD","1545989","",-97.943028,17.677,"Sierra Madre del Sur province","Opuntia"
891025805,"Coryphantha pallida","Oaxaca",NA,"28","6","2013","iNaturalist","324877","Carlos Martorell",-97.418282,17.917166,"Sierra Madre del Sur province","Coryphantha"
1024178713,"Opuntia huajuapensis","Oaxaca",NA,"28","6","2013","iNaturalist","324846","Carlos Martorell",-97.429912,17.905079,"Sierra Madre del Sur province","Opuntia"
1024182024,"Escontria chiotilla","Oaxaca",384,"4","6","2014","iNaturalist","721012","Leticia Soriano Flores",-97.721071,18.230224,"Balsas Basin province","Escontria"
1052584351,"Pereskia lychnidiflora","Oaxaca",NA,"13","9","2011","iNaturalist","1107596","ae",-94.999466,16.662917,"Pacific Lowlands province","Pereskia"
1065590790,"Mammillaria rekoi","Oaxaca",NA,"1","3","2014","iNaturalist","1179236","Opuntia Cadereytensis",-96.467836,17.102525,"Sierra Madre del Sur province","Mammillaria"
1065590799,"Mammillaria karwinskiana","Oaxaca",15,"1","3","2014","iNaturalist","1179241","Ulises Guzm_n",-96.51482,17.066739,"Sierra Madre del Sur province","Mammillaria"
1065605447,"Melocactus curvispinus","Oaxaca",NA,"13","4","2006","iNaturalist","1214778","Ulises Guzm_n",-95.010643,16.660554,"Pacific Lowlands province","Melocactus"
1088941922,"Mammillaria albilanata","Oaxaca",NA,"2","3","2014","iNaturalist","1378262","Jonathan Mohl",-96.930951,17.439065,"Sierra Madre del Sur province","Mammillaria"
1088941967,"Mammillaria carnea","Oaxaca",15,"2","3","2014","iNaturalist","1378367","Opuntia Cadereytensis",-97.069372,17.847683,"Balsas Basin province","Mammillaria"
1088941975,"Mammillaria albilanata","Oaxaca",15,"2","3","2014","iNaturalist","1378350","Jonathan Mohl",-96.940127,17.484824,"Sierra Madre del Sur province","Mammillaria"
1088942000,"Mammillaria carnea","Oaxaca",63,"3","3","2014","iNaturalist","1378391","Opuntia Cadereytensis",-96.945259,17.789368,"Balsas Basin province","Mammillaria"
1098899163,"Opuntia decumbens","Oaxaca",63,"27","5","2015","iNaturalist","1593298","Aurelio Molina Hern_ndez.",-96.157764,15.726525,"Pacific Lowlands province","Opuntia"
1143522382,"Myrtillocactus schenckii","Oaxaca",NA,"21","7","2015","iNaturalist","1833687","Miguel Gonz_lez Botello",-96.439304,16.965539,"Balsas Basin province","Myrtillocactus"
1143558530,"Opuntia tomentosa","Oaxaca",253,"9","9","2015","iNaturalist","2015413","Ulises Guzm_n",-97.263808,17.667577,"Sierra Madre del Sur province","Opuntia"
1143567866,"Marginatocereus marginatus","Oaxaca",156,"25","4","2012","iNaturalist","477318","Clarita Alicia Ibarra Contreras",-97.340788,17.531695,"Sierra Madre del Sur province","Marginatocereus"
1212004559,"Stenocereus treleasei","Oaxaca",NA,"15","5","2007","iNaturalist","311660","Elizabeth Torres Bahena",-96.735784,17.082309,"Balsas Basin province","Stenocereus"
1212004825,"Stenocereus stellatus","Oaxaca",451,"19","3","2009","iNaturalist","477211","Ulises Guzm_n",-97.322216,17.552145,"Sierra Madre del Sur province","Stenocereus"
1212004826,"Opuntia lasiacantha","Oaxaca",869,"17","4","2012","iNaturalist","477200","Ulises Guzm_n",-97.401695,17.491823,"Sierra Madre del Sur province","Opuntia"
1212004827,"Coryphantha pallida","Oaxaca",239,"26","7","2012","iNaturalist","477173","Ulises Guzm_n",-97.320982,17.551613,"Sierra Madre del Sur province","Coryphantha"
1253300974,"Mammillaria carnea","Oaxaca",NA,"3","2","2016","iNaturalist","2657808","Leticia Soriano Flores",-97.112194,18.119528,"Balsas Basin province","Mammillaria"
1257612952,"Opuntia pilifera","Oaxaca",NA,"30","7","2008","MEXU","100261602","L. Scheivar",-96.96296,17.79537,"Balsas Basin province","Opuntia"
1257612971,"Opuntia tomentosa","Oaxaca",NA,"31","7","2008","MEXU","100261610","L. Scheivar",-97.05785,18.02309,"Balsas Basin province","Opuntia"
1257612979,"Opuntia decumbens","Oaxaca",NA,"30","7","2008","MEXU","100261604","L. Scheivar",-96.96581,17.79608,"Balsas Basin province","Opuntia"
1257613041,"Opuntia tomentosa","Oaxaca",NA,"31","7","2008","MEXU","100261699","L. Scheivar",-97.01328,17.94294,"Balsas Basin province","Opuntia"
1257613048,"Opuntia pilifera","Oaxaca",NA,"30","7","2008","MEXU","100261694","L. Scheivar",-97.00788,17.87933,"Balsas Basin province","Opuntia"
1257613070,"Opuntia pilifera","Oaxaca",NA,"31","7","2008","MEXU","100261716","L. Scheivar",-97.06494,18.10365,"Balsas Basin province","Opuntia"
1257613073,"Opuntia pilifera","Oaxaca",NA,"31","7","2008","MEXU","100261710","L. Scheivar",-97.0612,18.03301,"Balsas Basin province","Opuntia"
1257613100,"Opuntia velutina","Oaxaca",NA,"31","7","2008","MEXU","100261707","L. Scheivar",-97.06136,18.03237,"Balsas Basin province","Opuntia"
1257613105,"Opuntia decumbens","Oaxaca",NA,"31","7","2008","MEXU","100261703","L. Scheivar",-97.05082,18.02339,"Balsas Basin province","Opuntia"
1257682926,"Acanthocereus tetragonus","Oaxaca",NA,"18","6","2002","MEXU","100333535","C. Gomez H.",-95.099722,16.966111,"Veracruzan province","Acanthocereus"
1257682936,"Acanthocereus tetragonus","Oaxaca",NA,"16","6","2002","MEXU","100333537","",-95.0075,16.641667,"Pacific Lowlands province","Acanthocereus"
1257683088,"Acanthocereus tetragonus","Oaxaca",NA,"22","7","2001","MEXU","100333671","C. G_mez H.",-94.962778,16.525556,"Pacific Lowlands province","Acanthocereus"
1257692031,"Acanthocereus tetragonus","Oaxaca",NA,"16","6","2002","MEXU","100342762","C. G_mez Hinostrosa",-94.969722,16.618611,"Pacific Lowlands province","Acanthocereus"
1257692074,"Peniocereus oaxacensis","Oaxaca",NA,"21","7","2001","MEXU","100342812","C. G_mez Hinostrosa",-96.038611,16.600833,"Pacific Lowlands province","Peniocereus"
1257692091,"Acanthocereus tetragonus","Oaxaca",NA,"10","6","2002","MEXU","100342827","C. G_mez Hinostrosa",-94.372222,16.49,"Pacific Lowlands province","Acanthocereus"
1257692094,"Acanthocereus tetragonus","Oaxaca",NA,"20","7","2001","MEXU","100342848","C. G_mez Hinostrosa",-97.079444,18.136944,"Balsas Basin province","Acanthocereus"
1257692104,"Acanthocereus tetragonus","Oaxaca",NA,"22","7","2001","MEXU","100342839","C. G_mez Hinostrosa",-94.968611,16.514722,"Pacific Lowlands province","Acanthocereus"
1257718090,"Epiphyllum hookeri","Oaxaca",NA,"25","6","1998","MO","100369556","B. Hammel 09/Oct./",-96.279444,17.523056,"Sierra Madre del Sur province","Epiphyllum"
1257718132,"Opuntia auberi","Oaxaca",NA,"21","4","2000","MO","100369600","J. Reyes",-95.525833,15.983611,"Pacific Lowlands province","Opuntia"
1257718153,"Opuntia decumbens","Oaxaca",NA,"20","2","2000","MO","100369599","J. Reyes",-96.013611,15.873611,"Pacific Lowlands province","Opuntia"
1257718166,"Mammillaria albilanata","Oaxaca",NA,"18","4","2000","MO","100369596","J. Reyes",-96.093055,15.961389,"Pacific Lowlands province","Mammillaria"
1257718784,"Pereskiopsis rotundifolia","Oaxaca",NA,"17","12","2000","MO","100370221","J. Reyes",-95.950833,15.831945,"Pacific Lowlands province","Pereskiopsis"
1257756926,"Epiphyllum hookeri","Oaxaca",NA,"8","6","2001","MO","100409357","B. Hammel 09/Oct./",-95.007222,16.664722,"Pacific Lowlands province","Epiphyllum"
1257778770,"Rhipsalis baccifera","Oaxaca",NA,"3","3","2003","MO","100431457","H. Tovar",-95.0425,16.703889,"Pacific Lowlands province","Rhipsalis"
1257819185,"Opuntia pubescens","Oaxaca",NA,"12","11","2009","MO","100472399","L. Scheinvar",-97.1525,17.826111,"Sierra Madre del Sur province","Opuntia"
1257819192,"Opuntia huajuapensis","Oaxaca",NA,"12","11","2009","MO","100472391","L. Scheinvar",-97.2275,17.842222,"Sierra Madre del Sur province","Opuntia"
1257819214,"Opuntia tehuacana","Oaxaca",NA,"12","11","2009","MO","100472438","L. Scheinvar",-97.1525,17.831945,"Sierra Madre del Sur province","Opuntia"
1257819233,"Opuntia pilifera","Oaxaca",NA,"11","11","2009","MO","100472464","L. Scheinvar",-97.338611,18.027778,"Sierra Madre del Sur province","Opuntia"
1257819238,"Opuntia huajuapensis","Oaxaca",NA,"12","11","2009","MO","100472428","L. Scheinvar",-97.136667,17.799722,"Sierra Madre del Sur province","Opuntia"
1257819256,"Opuntia pubescens","Oaxaca",NA,"12","11","2009","MO","100472436","L. Scheinvar",-96.995833,17.500278,"Sierra Madre del Sur province","Opuntia"
1257819269,"Opuntia decumbens","Oaxaca",NA,"12","11","2009","MO","100472465","L. Scheinvar",-96.954444,17.783611,"Balsas Basin province","Opuntia"
1257819277,"Opuntia tehuantepecana","Oaxaca",NA,"7","5","2010","MO","100472462","L. Scheinvar",-97.514444,17.752778,"Sierra Madre del Sur province","Opuntia"
1257819286,"Opuntia velutina","Oaxaca",NA,"12","11","2009","MO","100472484","L. Scheinvar",-97.028611,17.805556,"Balsas Basin province","Opuntia"
1257849182,"Opuntia pubescens","Oaxaca",NA,"11","6","2009","MO","100502654","C. G_mez H.",-95.9325,16.625278,"Pacific Lowlands province","Opuntia"
1257887089,"Opuntia decumbens","Oaxaca",NA,"16","11","2009","MEXU","100541418","Raul Puente-Martinez (DES)",-95.620944,15.98275,"Pacific Lowlands province","Opuntia"
1257927983,"Opuntia karwinskiana","Oaxaca",NA,"25","4","2006","MEXU","100583721","C. G_mez H.",-96.160417,15.732889,"Pacific Lowlands province","Opuntia"
1257931789,"Pereskiopsis kellermanii","Oaxaca",NA,"30","11","2004","MEXU","100587612","Carlos G_mez Hinostrosa",-96.184805,15.761111,"Pacific Lowlands province","Pereskiopsis"
1258064474,"Opuntia depressa","Oaxaca",NA,"31","7","2008","MEXU","100733947","L. Scheinvar",-97.01328,17.94295,"Balsas Basin province","Opuntia"
1258064481,"Opuntia decumbens","Oaxaca",NA,"31","7","2008","MEXU","100733941","L. Scheinvar",-97.085555,18.0425,"Balsas Basin province","Opuntia"
1258193065,"Coryphantha retusa","Oaxaca",NA,NA,NA,"1953","MEXU","100877377","",-97.779167,17.811111,"Balsas Basin province","Coryphantha"
1258193392,"Aporocactus martianus","Oaxaca",NA,NA,NA,"1912","K","100877669","S. Arias",-96.6775,17.133611,"Sierra Madre del Sur province","Aporocactus"
1258194964,"Mammillaria karwinskiana","Oaxaca",NA,"15","6","1907","MEXU","100880290","A. Arias M.",-96.688333,17.162222,"Sierra Madre del Sur province","Mammillaria"
1258494365,"Pereskiopsis diguetii","Oaxaca",NA,"1","5","1994","MO","1280922","S. Arias (MEXU)",-95.6725,16.003333,"Pacific Lowlands province","Pereskiopsis"
1258494368,"Pereskiopsis diguetii","Oaxaca",NA,"9","2","1993","MO","1280928","S. Arias (MEXU)",-97.943055,17.686667,"Sierra Madre del Sur province","Pereskiopsis"
1258655298,"Aporocactus martianus","Oaxaca",NA,"8","4","1981","MO","1428419","R.E. Gereau, 1985 (MO)",-96.45,17.32,"Sierra Madre del Sur province","Aporocactus"
1258655386,"Aporocactus martianus","Oaxaca",NA,"24","11","1959","MO","1428497","P.C. Hutchison",-96.5,17.38,"Sierra Madre del Sur province","Aporocactus"
1258666934,"Pilosocereus collinsii","Oaxaca",NA,"30","3","1984","MO","1439435","H. Bravo-Hollis",-95.34,16.38,"Pacific Lowlands province","Pilosocereus"
1258673693,"Disocactus macranthus","Oaxaca",NA,"16","8","1984","MO","1445624","A.D. Zimmerman",-94.19,16.72,"Veracruzan province","Disocactus"
1258673742,"Disocactus macranthus","Oaxaca",NA,NA,NA,"1939","MO","1445668","H. Bravo H. & S. Arias M.",-94.61,16.79,"Veracruzan province","Disocactus"
1258673743,"Disocactus macranthus","Oaxaca",NA,"28","8","1984","MO","1445633","J. Reyes",-94.76,16.84,"Veracruzan province","Disocactus"
1258678988,"Epiphyllum anguliger","Oaxaca",NA,"28","12","1987","MO","1450403","J.C. Solomon, 1989 (MO)",-97.96,16.91,"Sierra Madre del Sur province","Epiphyllum"
1258679278,"Epiphyllum hookeri","Oaxaca",NA,"15","6","1985","MO","1450684","B. Hammel 09/Oct./",-94.68,16.93,"Veracruzan province","Epiphyllum"
1258683172,"Escontria chiotilla","Oaxaca",NA,"24","4","1982","MO","1454237","H. Bravo H.",-96.521389,17.306389,"Balsas Basin province","Escontria"
1258683211,"Escontria chiotilla","Oaxaca",NA,"26","2","1988","MO","1454246","G. Flores M",-96.3375,16.591111,"Pacific Lowlands province","Escontria"
1258683807,"Escontria chiotilla","Oaxaca",NA,"13","2","1905","MO","1455689","",-96.96,17.75,"Balsas Basin province","Escontria"
1258690426,"Disocactus ackermannii","Oaxaca",NA,NA,NA,NA,"MO","1461709","M. Kimnach",-95.53,16.68,"Pacific Lowlands province","Disocactus"
1258690427,"Disocactus ackermannii","Oaxaca",NA,"22","2","1979","MO","1461699","M. Chazaro B., 1991 (IBUG)",-96.99,18.16,"Sierra Madre del Sur province","Disocactus"
1258703125,"Opuntia pilifera","Oaxaca",NA,"16","7","1969","MO","1480780","",-96.31,16.92,"Balsas Basin province","Opuntia"
1258872355,"Coryphantha retusa","Oaxaca",NA,"21","7","1979","UMO","1636015","",-96.386667,16.917778,"Balsas Basin province","Coryphantha"
1258910865,"Opuntia velutina","Oaxaca",NA,"3","8","1975","UMO","1672629","",-96.11,17.01,"Sierra Madre del Sur province","Opuntia"
1258911802,"Opuntia tomentosa","Oaxaca",NA,"3","8","1975","UMO","1673509","",-96.7,17.06,"Balsas Basin province","Opuntia"
1258912800,"Pachycereus pecten-aboriginum","Oaxaca",NA,"19","7","1978","UMO","1674401","H. Cota, June",-96.325556,16.730278,"Sierra Madre del Sur province","Pachycereus"
1258913037,"Pereskia lychnidiflora","Oaxaca",NA,"14","11","1979","UMO","1674645","",-96.03,15.81,"Pacific Lowlands province","Pereskia"
1258926999,"Escontria chiotilla","Oaxaca",NA,"18","7","1978","UMO","1687501","",-97.707778,17.874445,"Balsas Basin province","Escontria"
1259220207,"Pereskia lychnidiflora","Oaxaca",NA,"21","5","1995","MO","1955032","J. Reyes",-95.59111,16.42777,"Pacific Lowlands province","Pereskia"
1259419990,"Pereskia lychnidiflora","Oaxaca",NA,"21","7","2001","MO","2136647","",-95.326944,16.364167,"Pacific Lowlands province","Pereskia"
1259553196,"Opuntia lasiacantha","Oaxaca",NA,"22","5","1983","MO","2257423","",-96.881944,17.841667,"Sierra Madre del Sur province","Opuntia"
1259554912,"Pereskiopsis rotundifolia","Oaxaca",NA,"29","4","1994","MO","2259017","Salvador Arias Montes",-98.119167,17.5325,"Balsas Basin province","Pereskiopsis"
1259556279,"Pereskia lychnidiflora","Oaxaca",NA,"6","12","1999","MO","2260257","J. F. Castrejon R.",-95.95416,15.86666,"Pacific Lowlands province","Pereskia"
1259556663,"Disocactus speciosus","Oaxaca",NA,"18","4","1995","MO","2260611","J.I. Calzada",-98.046111,17.263611,"Sierra Madre del Sur province","Disocactus"
1259556815,"Stenocereus pruinosus","Oaxaca",NA,"31","3","1994","MO","2260737","R. Torres C.",-95.35,16.71666,"Pacific Lowlands province","Stenocereus"
1259557122,"Ferocactus recurvus","Oaxaca",NA,"1","11","2001","MO","2261026","Salvador Arias Montes",-97.566667,18.016667,"Sierra Madre del Sur province","Ferocactus"
1259912420,"Opuntia decumbens","Oaxaca",NA,"3","11","2000","MO","2583299","Eduardo A. P_rez-Garc_a",-95.00972,16.66722,"Pacific Lowlands province","Opuntia"
1259912576,"Pereskia lychnidiflora","Oaxaca",NA,"24","6","1998","MO","2583436","Eduardo A. P_rez-Garc_a",-95.01472,16.64527,"Pacific Lowlands province","Pereskia"
1260325576,"Aporocactus martianus","Oaxaca",NA,"22","2","1987","MO","295857","J.C. Solomon",-96.41,17.36,"Sierra Madre del Sur province","Aporocactus"
1260329883,"Rhipsalis baccifera","Oaxaca",NA,"21","5","1986","MO","296247","J.C. Solomon",-96.38,18.23,"Veracruzan province","Rhipsalis"
1260330090,"Disocactus ackermannii","Oaxaca",NA,"3","5","1986","MO","296266","J.C. Solomon",-96.06,17.03,"Sierra Madre del Sur province","Disocactus"
1260437636,"Disocactus ackermannii","Oaxaca",NA,"15","5","1994","MO","3059951","S. Arias M.",-96.55277,17.66944,"Sierra Madre del Sur province","Disocactus"
1260845341,"Epiphyllum anguliger","Oaxaca",NA,"23","1","2004","MO","3428896","J. Reyes",-96.11888,16.00333,"Sierra Madre del Sur province","Epiphyllum"
1260851002,"Opuntia auberi","Oaxaca",NA,"15","9","2002","MO","3433919","J. Reyes",-94.95861,16.61166,"Pacific Lowlands province","Opuntia"
1272093382,"Coryphantha pallida","Oaxaca",63,"2","6","2016","iNaturalist","3394952","Leticia Soriano Flores",-97.037548,17.862998,"Balsas Basin province","Coryphantha"
1272093999,"Pachycereus weberi","Oaxaca",31,"2","6","2016","iNaturalist","3396568","Leticia Soriano Flores",-97.017426,17.844163,"Balsas Basin province","Pachycereus"
1291082980,"Coryphantha pallida","Oaxaca",NA,"15","6","2016","iNaturalist","3492221","Ulises Guzm_n",-97.116158,18.048411,"Balsas Basin province","Coryphantha"
1291146796,"Coryphantha pallida","Oaxaca",4,"25","6","2016","iNaturalist","3744775","Ciro Rodriguez Perez",-97.582377,17.703575,"Sierra Madre del Sur province","Coryphantha"
1291663037,"Mammillaria karwinskiana","Oaxaca",NA,"13","7","2006","iNaturalist","311655","Ulises Guzm_n",-96.735441,17.084196,"Balsas Basin province","Mammillaria"
1291664168,"Opuntia pubescens","Oaxaca",447,"6","7","2006","iNaturalist","351915","Ulises Guzm_n",-96.734787,17.080286,"Balsas Basin province","Opuntia"
1306577972,"Pachycereus weberi","Oaxaca",500,"24","7","2015","iNaturalist","4018016","Alexis L_pez Hern_ndez",-96.966856,17.90708,"Balsas Basin province","Pachycereus"
1417671479,"Mammillaria crucigera","Oaxaca",NA,"8","9","2009","IBUNAM","GE02283.6","NO DISPONIBLE",-97.100005,18.133002,"Balsas Basin province","Mammillaria"
1417671607,"Mammillaria crucigera","Oaxaca",NA,"28","10","1991","IBUNAM","890177","NO DISPONIBLE",-97.05001,18.033003,"Balsas Basin province","Mammillaria"
1417671638,"Mammillaria huitzilopochtli","Oaxaca",NA,"1","1","1991","IBUNAM","GE02235.6","NO DISPONIBLE",-96.950004,17.800002,"Balsas Basin province","Mammillaria"
1419191940,"Disocactus speciosus","Oaxaca",100,"7","11","1990","UACh","37644","S. Arias",-95.591667,16.275,"Pacific Lowlands province","Disocactus"
1419192165,"Pachycereus pecten-aboriginum","Oaxaca",100,"15","2","1982","UACh","41653","J.L. Elizondo",-95.673889,15.986667,"Pacific Lowlands province","Pachycereus"
1419192902,"Opuntia pubescens","Oaxaca",100,"13","1","1998","UACh","50204","L. Scheivar",-97.048611,16.810833,"Sierra Madre del Sur province","Opuntia"
1419218837,"Opuntia decumbens","Oaxaca",90,"24","2","2001","UACh","52511","L. Scheivar",-97.783333,18.191389,"Balsas Basin province","Opuntia"
1419219087,"Pereskia lychnidiflora","Oaxaca",100,"19","6","1990","UACh","43707","R. Torres C.",-95.366667,16.377778,"Pacific Lowlands province","Pereskia"
1419220887,"Rhipsalis baccifera","Oaxaca",100,"10","5","1991","UACh","37571","S.A. Gama L.",-95.525,16.741667,"Sierra Madre del Sur province","Rhipsalis"
1419226152,"Peniocereus oaxacensis","Oaxaca",100,"26","5","1986","UACh","37643","S. Arias",-95.413889,16.008333,"Pacific Lowlands province","Peniocereus"
1419228345,"Opuntia depressa","Oaxaca",90,"29","8","2001","UACh","52766","L. Scheivar",-97.716667,18.191111,"Balsas Basin province","Opuntia"
1453306467,"Opuntia decumbens","Oaxaca",NA,"30","6","2015","iNaturalist","4839141","Miguel Gonz_lez Botello",-97.076327,15.916185,"Pacific Lowlands province","Opuntia"
1453363610,"Ferocactus recurvus","Oaxaca",505,"11","10","2016","iNaturalist","4970571","Ulises Guzm_n",-97.428045,18.067828,"Balsas Basin province","Ferocactus"
1453363789,"Opuntia pubescens","Oaxaca",63,"7","6","2016","iNaturalist","4970846","Ignacio Torres Garc_a",-97.033535,18.079046,"Balsas Basin province","Opuntia"
1453364777,"Coryphantha pallida","Oaxaca",63,"30","11","2016","iNaturalist","4973185","Leticia Soriano Flores",-96.937909,17.658761,"Balsas Basin province","Coryphantha"
1453365583,"Escontria chiotilla","Oaxaca",126,"30","11","2016","iNaturalist","4974599","Leticia Soriano Flores",-96.939518,17.661729,"Balsas Basin province","Escontria"
1453366031,"Opuntia pilifera","Oaxaca",NA,"8","6","2016","iNaturalist","4975249","Valerio Lazzeri",-97.001166,17.895629,"Balsas Basin province","Opuntia"
1453393679,"Escontria chiotilla","Oaxaca",252,"8","9","2016","iNaturalist","5036611","Leticia Soriano Flores",-96.990352,17.8719,"Balsas Basin province","Escontria"
1453492428,"Myrtillocactus schenckii","Oaxaca",126,"24","1","2017","iNaturalist","5258489","Ulises Guzm_n",-96.938596,17.699142,"Balsas Basin province","Myrtillocactus"
1457638841,"Pilosocereus chrysacanthus","Oaxaca",15,"23","11","2016","iNaturalist","5665981","Leticia Soriano Flores",-97.262652,17.953818,"Sierra Madre del Sur province","Pilosocereus"
1457639350,"Mammillaria sphacelata","Oaxaca",63,"23","11","2016","iNaturalist","5667747","Jonathan Mohl",-97.263122,17.954342,"Sierra Madre del Sur province","Mammillaria"
1503229948,"Opuntia pubescens","Oaxaca",NA,"9","6","1994","USF","212414","G. G. Robinson",-97.379,16.2602,"Pacific Lowlands province","Opuntia"
1503279069,"Epiphyllum anguliger","Oaxaca",NA,NA,NA,NA,"USF","284148","M. Kimnach",-96.8102,17.1727,"Balsas Basin province","Epiphyllum"
1562873217,"Opuntia tehuacana","Oaxaca",957,"10","9","2015","iNaturalist","2081901","Richard Joyce",-97.004128,18.053581,"Sierra Madre del Sur province","Opuntia"
1562915802,"Opuntia decumbens","Oaxaca",4,"14","4","2017","iNaturalist","6151975","Abel Jossafat",-95.24536,16.333414,"Pacific Lowlands province","Opuntia"
1562916051,"Rhipsalis baccifera","Oaxaca",61,"11","4","2017","iNaturalist","6152825","Azul B.M",-96.428375,17.645535,"Sierra Madre del Sur province","Rhipsalis"
1572334726,"Epiphyllum hookeri","Oaxaca",31,"28","7","2016","iNaturalist","6236089","Manuel Campos",-96.555067,17.761444,"Veracruzan province","Epiphyllum"
1586084041,"Mammillaria karwinskiana","Oaxaca",NA,"27","12","2013","iNaturalist","1254591","Jonathan Mohl",-96.448975,16.958358,"Balsas Basin province","Mammillaria"
1586085857,"Mammillaria flavicentra","Oaxaca",505,"10","9","2015","iNaturalist","2626752","Leticia Soriano Flores",-97.014341,18.088831,"Sierra Madre del Sur province","Mammillaria"
1586086065,"Mammillaria mystax","Oaxaca",252,"29","10","2010","iNaturalist","2764929","Lex Garc_a",-97.738023,18.188976,"Balsas Basin province","Mammillaria"
1586089203,"Mammillaria rekoi","Oaxaca",61,"19","10","2013","iNaturalist","4591594","Robert Bader",-96.30111,16.882007,"Sierra Madre del Sur province","Mammillaria"
1586914755,"Mammillaria albilanata","Oaxaca",253,"31","1","2007","iNaturalist","2626673","Jonathan Mohl",-97.154975,17.720646,"Sierra Madre del Sur province","Mammillaria"
1586915023,"Mammillaria albilanata","Oaxaca",126,"31","3","2016","iNaturalist","2892061","Jonathan Mohl",-96.952951,17.588672,"Balsas Basin province","Mammillaria"
1586926106,"Coryphantha pallida","Oaxaca",126,"22","9","2016","iNaturalist","7406309","Ulises Guzm_n",-97.453279,17.91443,"Sierra Madre del Sur province","Coryphantha"
1586933481,"Pachycereus weberi","Oaxaca",701,"6","5","2013","iNaturalist","7466298","Bodo Nu_ez Oberg",-96.985738,17.912205,"Balsas Basin province","Pachycereus"
1621777222,"Mammillaria albilanata","Oaxaca",506,"27","2","2015","iNaturalist","7533847","Jonathan Mohl",-97.981396,17.5241,"Sierra Madre del Sur province","Mammillaria"
1640027536,"Opuntia pubescens","Oaxaca",253,"25","2","2015","iNaturalist","1292509","Ulises Guzm_n",-96.730242,17.073851,"Balsas Basin province","Opuntia"
1640034296,"Myrtillocactus schenckii","Oaxaca",63,"25","1","2017","iNaturalist","5306476","Leticia Soriano Flores",-97.04362,18.072206,"Balsas Basin province","Myrtillocactus"
1640036258,"Opuntia huajuapensis","Oaxaca",126,"4","5","2017","iNaturalist","6115189","Leticia Soriano Flores",-97.288485,17.70971,"Sierra Madre del Sur province","Opuntia"
1640041405,"Coryphantha pallida","Oaxaca",63,"3","7","2017","iNaturalist","7071550","Pedro N_jera Quezada",-96.996467,17.815436,"Balsas Basin province","Coryphantha"
1640045777,"Opuntia depressa","Oaxaca",NA,"29","4","2017","iNaturalist","7486659","rpmundo",-96.767,17.045705,"Balsas Basin province","Opuntia"
1640073186,"Stenocereus pruinosus","Oaxaca",719,"5","1","2017","iNaturalist","7717842","Gabriela",-96.961211,17.817032,"Balsas Basin province","Stenocereus"
1640073241,"Mammillaria carnea","Oaxaca",649,"5","1","2017","iNaturalist","7717840","Ulises Guzm_n",-96.995,17.808889,"Balsas Basin province","Mammillaria"
1668788385,"Mammillaria flavicentra","Oaxaca",253,"23","1","2007","iNaturalist","1642816","Leticia Soriano Flores",-97.133346,17.655841,"Sierra Madre del Sur province","Mammillaria"
1668790143,"Opuntia huajuapensis","Oaxaca",547,"5","4","2011","iNaturalist","266605","Clarita Alicia Ibarra Contreras",-97.3211,17.545025,"Sierra Madre del Sur province","Opuntia"
1668795571,"Mammillaria flavicentra","Oaxaca",252,"7","6","2016","iNaturalist","4970683","Leticia Soriano Flores",-96.901431,17.863853,"Sierra Madre del Sur province","Mammillaria"
1668795717,"Opuntia tehuacana","Oaxaca",NA,"8","9","2016","iNaturalist","5036788","Leticia Soriano Flores",-96.980588,17.890013,"Balsas Basin province","Opuntia"
1668802915,"Opuntia huajuapensis","Oaxaca",384,"26","5","2014","iNaturalist","721030","Leticia Soriano Flores",-97.418243,17.971377,"Sierra Madre del Sur province","Opuntia"
1668805242,"Mammillaria polyedra","Oaxaca",505,"3","9","2014","iNaturalist","7545750","Ulises Guzm_n",-98.02474,17.974106,"Balsas Basin province","Mammillaria"
1668840042,"Ferocactus recurvus","Oaxaca",506,"5","12","2009","iNaturalist","8026208","Ulises Guzm_n",-97.680645,17.765852,"Sierra Madre del Sur province","Ferocactus"
1668840322,"Ferocactus recurvus","Oaxaca",NA,"5","12","2009","iNaturalist","8027983","Ulises Guzm_n",-97.685452,17.766997,"Sierra Madre del Sur province","Ferocactus"
1668840348,"Mammillaria haageana","Oaxaca",NA,"5","12","2009","iNaturalist","8027830","Ulises Guzm_n",-97.680817,17.768631,"Balsas Basin province","Mammillaria"
1668840440,"Mammillaria haageana","Oaxaca",506,"5","12","2009","iNaturalist","8027850","Ulises Guzm_n",-97.687168,17.778603,"Balsas Basin province","Mammillaria"
1668886195,"Opuntia depressa","Oaxaca",NA,"17","4","2004","iNaturalist","8215995","Ulises Guzm_n",-96.33,16.75,"Sierra Madre del Sur province","Opuntia"
1668886258,"Mammillaria karwinskiana","Oaxaca",NA,"17","4","2004","iNaturalist","8216147","Ulises Guzm_n",-96.316,16.73,"Sierra Madre del Sur province","Mammillaria"
1668890545,"Coryphantha pallida","Oaxaca",NA,"11","8","2011","iNaturalist","8231731","Ulises Guzm_n",-97,17.46,"Sierra Madre del Sur province","Coryphantha"
1668893396,"Mammillaria haageana","Oaxaca",1,"6","7","2017","iNaturalist","8243420","Ulises Guzm_n",-97.84087,17.87829,"Balsas Basin province","Mammillaria"
1675495097,"Mammillaria karwinskiana","Oaxaca",NA,"7","6","1984","USF","185995","",-96.7217,16.9467,"Balsas Basin province","Mammillaria"
1675495315,"Myrtillocactus geometrizans","Oaxaca",NA,"11","4","1996","USF","224147","",-96.4708,17.2753,"Balsas Basin province","Myrtillocactus"
1677266975,"Mammillaria rekoi","Oaxaca",31,"25","3","2017","iNaturalist","5484226","geomanuel",-96.670375,17.024883,"Balsas Basin province","Mammillaria"
1677278449,"Coryphantha elephantidens","Oaxaca",NA,"17","4","2004","iNaturalist","8214916","Ulises Guzm_n",-96.23,16.6,"Pacific Lowlands province","Coryphantha"
1677278450,"Coryphantha elephantidens","Oaxaca",NA,"17","4","2004","iNaturalist","8214917","Ulises Guzm_n",-96.24336,16.67583,"Sierra Madre del Sur province","Coryphantha"
1677339701,"Stenocactus crispatus","Oaxaca",63,"20","10","2017","iNaturalist","8524377","Leticia Soriano Flores",-97.398659,18.013057,"Sierra Madre del Sur province","Stenocactus"
1699375933,"Pereskia lychnidiflora","Oaxaca",203,"12","8","2017","iNaturalist","8595170","Carlos Dom_nguez-Rodr_guez",-96.157365,15.732717,"Pacific Lowlands province","Pereskia"
1699378587,"Pereskia lychnidiflora","Oaxaca",443,"15","6","2017","iNaturalist","8602982","Carlos Dom_nguez-Rodr_guez",-96.19998,15.755828,"Pacific Lowlands province","Pereskia"
1699378805,"Pereskia lychnidiflora","Oaxaca",NA,"18","10","2016","iNaturalist","8603871","Carlos Dom_nguez-Rodr_guez",-96.134155,15.768548,"Pacific Lowlands province","Pereskia"
1702455531,"Opuntia depressa","Oaxaca",NA,"26","12","2016","iNaturalist","4848696","rpmundo",-97.328742,18.130028,"Balsas Basin province","Opuntia"
1703178443,"Ferocactus recurvus","Oaxaca",10,"12","11","2017","iNaturalist","8852398","Ulises Guzm_n",-96.952492,17.694117,"Balsas Basin province","Ferocactus"
1703179504,"Mammillaria carnea","Oaxaca",10,"12","11","2017","iNaturalist","8855105","Luis Alberto",-97.06396,17.712662,"Sierra Madre del Sur province","Mammillaria"
1703193073,"Pereskia lychnidiflora","Oaxaca",90,"20","11","2017","iNaturalist","8891978","Carlos Dom_nguez-Rodr_guez",-96.199315,15.780257,"Pacific Lowlands province","Pereskia"
1703206764,"Stenocactus crispatus","Oaxaca",244,"20","10","2017","iNaturalist","8929440","monitorzapotitlansalinas",-97.398262,17.927619,"Sierra Madre del Sur province","Stenocactus"
1802612901,"Ferocactus recurvus","Oaxaca",NA,"2","10","2016","iNaturalist","4333786","Ulises Guzm_n",-97.323128,17.550661,"Sierra Madre del Sur province","Ferocactus"
1802683390,"Opuntia tomentosa","Oaxaca",61,"11","12","2017","iNaturalist","9129713","marianne_05",-96.716208,17.028081,"Balsas Basin province","Opuntia"
1802694639,"Opuntia karwinskiana","Oaxaca",76,"14","12","2017","iNaturalist","9161629","rpmundo",-96.194385,15.7697,"Pacific Lowlands province","Opuntia"
1802708326,"Opuntia karwinskiana","Oaxaca",47,"18","12","2017","iNaturalist","9198976","Ulises Guzm_n",-95.96144,15.865932,"Pacific Lowlands province","Opuntia"
1802720561,"Opuntia karwinskiana","Oaxaca",166,"17","12","2017","iNaturalist","9236864","rpmundo",-96.135778,15.768549,"Pacific Lowlands province","Opuntia"
1802723091,"Opuntia karwinskiana","Oaxaca",53,"21","12","2017","iNaturalist","9243517","rpmundo",-96.146121,15.738294,"Pacific Lowlands province","Opuntia"
1802737434,"Opuntia decumbens","Oaxaca",15,"27","12","2017","iNaturalist","9277900","rpmundo",-96.134727,15.767681,"Pacific Lowlands province","Opuntia"
1802741161,"Opuntia karwinskiana","Oaxaca",15,"28","12","2017","iNaturalist","9287347","Carlos Dom_nguez-Rodr_guez",-96.158996,15.733998,"Pacific Lowlands province","Opuntia"
1802752263,"Opuntia decumbens","Oaxaca",576,"30","12","2017","iNaturalist","9316476","rpmundo",-96.168609,15.728235,"Pacific Lowlands province","Opuntia"
1802752274,"Opuntia decumbens","Oaxaca",81,"30","12","2017","iNaturalist","9316464","rpmundo",-96.15876,15.733977,"Pacific Lowlands province","Opuntia"
1802752713,"Opuntia karwinskiana","Oaxaca",185,"28","12","2017","iNaturalist","9317334","Carlos Dom_nguez-Rodr_guez",-96.15715,15.72679,"Pacific Lowlands province","Opuntia"
1802752714,"Opuntia karwinskiana","Oaxaca",50,"28","12","2017","iNaturalist","9317339","Carlos Dom_nguez-Rodr_guez",-96.167214,15.722938,"Pacific Lowlands province","Opuntia"
1802770432,"Pachycereus pecten-aboriginum","Oaxaca",265,"3","1","2018","iNaturalist","9358980","Martha Gonz_lez",-96.130199,15.746906,"Pacific Lowlands province","Pachycereus"
1802786797,"Opuntia decumbens","Oaxaca",39,"7","1","2018","iNaturalist","9396526","Valerio Lazzeri",-96.120994,15.76288,"Pacific Lowlands province","Opuntia"
1802792419,"Opuntia decumbens","Oaxaca",258,"7","1","2018","iNaturalist","9415143","Abel Jossafat",-95.403111,16.007137,"Pacific Lowlands province","Opuntia"
1802792451,"Opuntia decumbens","Oaxaca",129,"7","1","2018","iNaturalist","9415191","Abel Jossafat",-95.401968,16.009911,"Pacific Lowlands province","Opuntia"
1802792481,"Opuntia karwinskiana","Oaxaca",31,"8","1","2018","iNaturalist","9415279","Carlos Dom_nguez-Rodr_guez",-96.201546,15.774372,"Pacific Lowlands province","Opuntia"
1802793320,"Opuntia decumbens","Oaxaca",203,"3","1","2018","iNaturalist","9416871","Valerio Lazzeri",-96.070547,15.779741,"Pacific Lowlands province","Opuntia"
1802794610,"Myrtillocactus schenckii","Oaxaca",NA,"8","1","2018","iNaturalist","9419780","rpmundo",-96.344247,16.754333,"Sierra Madre del Sur province","Myrtillocactus"
1805378993,"Myrtillocactus geometrizans","Oaxaca",NA,"9","1","2018","iNaturalist","9427217","rpmundo",-97.005981,17.900519,"Balsas Basin province","Myrtillocactus"
1805401612,"Pachycereus weberi","Oaxaca",NA,"9","1","2018","iNaturalist","9481931","rpmundo",-96.913025,17.635589,"Balsas Basin province","Pachycereus"
1805401619,"Opuntia decumbens","Oaxaca",NA,"9","1","2018","iNaturalist","9481934","rpmundo",-96.913681,17.635953,"Balsas Basin province","Opuntia"
1805401738,"Mammillaria carnea","Oaxaca",NA,"9","1","2018","iNaturalist","9481801","Ulises Guzm_n",-96.912889,17.635575,"Balsas Basin province","Mammillaria"
1805401789,"Opuntia velutina","Oaxaca",NA,"9","1","2018","iNaturalist","9481929","rpmundo",-96.913789,17.635992,"Balsas Basin province","Opuntia"
1805402272,"Coryphantha pallida","Oaxaca",732,"4","10","2017","iNaturalist","9483859","Carlos G Velazco-Macias",-96.91349,17.649666,"Balsas Basin province","Coryphantha"
1805406026,"Stenocereus pruinosus","Oaxaca",NA,"8","1","2018","iNaturalist","9492892","rpmundo",-96.322556,16.727731,"Sierra Madre del Sur province","Stenocereus"
1805406050,"Stenocereus pruinosus","Oaxaca",NA,"8","1","2018","iNaturalist","9492895","rpmundo",-96.233247,16.682919,"Sierra Madre del Sur province","Stenocereus"
1805406094,"Opuntia karwinskiana","Oaxaca",NA,"8","1","2018","iNaturalist","9492897","rpmundo",-96.230744,16.677694,"Sierra Madre del Sur province","Opuntia"
1805418326,"Opuntia pilifera","Oaxaca",NA,"18","1","2018","iNaturalist","9524874","rpmundo",-96.574013,17.395069,"Balsas Basin province","Opuntia"
1805419232,"Stenocereus pruinosus","Oaxaca",NA,"18","1","2018","iNaturalist","9527965","Diego Manzano M_ndez",-96.576027,17.394516,"Balsas Basin province","Stenocereus"
1806363419,"Mammillaria haageana","Oaxaca",115,"21","9","2017","iNaturalist","9625371","Gabriel Geovanni Reyes",-97.719335,18.067345,"Balsas Basin province","Mammillaria"
1807294419,"Opuntia karwinskiana","Oaxaca",NA,"28","12","2017","iNaturalist","9690782","Carlos Dom_nguez-Rodr_guez",-96.136627,15.753242,"Pacific Lowlands province","Opuntia"
1807300703,"Opuntia tomentosa","Oaxaca",1,"28","1","2018","iNaturalist","9710980","rpmundo",-96.671157,17.032405,"Balsas Basin province","Opuntia"
1831098445,"Opuntia decumbens","Oaxaca",4,"28","2","2018","iNaturalist","10041890","Carlos Dom_nguez-Rodr_guez",-96.127751,15.743227,"Pacific Lowlands province","Opuntia"
1831219260,"Opuntia dejecta","Oaxaca",15,"15","2","2018","iNaturalist","9942251","Carlos Dom_nguez-Rodr_guez",-96.19395,15.76956,"Pacific Lowlands province","Opuntia"
1831223167,"Pachycereus pecten-aboriginum","Oaxaca",175,"18","2","2018","iNaturalist","9952604","J. Fernando P_o Le_n",-96.133332,15.758595,"Pacific Lowlands province","Pachycereus"
1836563909,"Opuntia karwinskiana","Oaxaca",4,"28","2","2018","iNaturalist","10041883","Carlos Dom_nguez-Rodr_guez",-96.127367,15.743627,"Pacific Lowlands province","Opuntia"
1836571308,"Pachycereus pecten-aboriginum","Oaxaca",NA,"2","3","2018","iNaturalist","10072742","Carlos Dom_nguez-Rodr_guez",-96.134163,15.768415,"Pacific Lowlands province","Pachycereus"
1836594502,"Acanthocereus tetragonus","Oaxaca",NA,"7","3","2018","iNaturalist","10132253","Gabriela",-96.211205,15.779965,"Pacific Lowlands province","Acanthocereus"
1836594541,"Opuntia karwinskiana","Oaxaca",NA,"7","3","2018","iNaturalist","10132235","Carlos Dom_nguez-Rodr_guez",-96.211822,15.780572,"Pacific Lowlands province","Opuntia"
1836594850,"Opuntia karwinskiana","Oaxaca",NA,"7","3","2018","iNaturalist","10133701","rpmundo",-96.203827,15.775495,"Pacific Lowlands province","Opuntia"
1836594913,"Pachycereus pecten-aboriginum","Oaxaca",NA,"7","3","2018","iNaturalist","10133673","Carlos Dom_nguez-Rodr_guez",-96.207497,15.77539,"Pacific Lowlands province","Pachycereus"
1836600589,"Pachycereus pecten-aboriginum","Oaxaca",NA,"7","3","2018","iNaturalist","10148974","Carlos Dom_nguez-Rodr_guez",-96.199203,15.772661,"Pacific Lowlands province","Pachycereus"
1836618165,"Stenocereus pruinosus","Oaxaca",244,"17","1","2016","iNaturalist","10200100","Ulises Guzm_n",-95.160484,16.459957,"Pacific Lowlands province","Stenocereus"
1836626769,"Acanthocereus tetragonus","Oaxaca",31,"8","3","2018","iNaturalist","10224036","J. Fernando P_o Le_n",-96.158223,15.731127,"Pacific Lowlands province","Acanthocereus"
1836631755,"Acanthocereus tetragonus","Oaxaca",NA,"8","3","2018","iNaturalist","10237248","Carlos Dom_nguez-Rodr_guez",-96.161377,15.726222,"Pacific Lowlands province","Acanthocereus"
1836633845,"Opuntia decumbens","Oaxaca",31,"8","3","2018","iNaturalist","10242828","Carlos Dom_nguez-Rodr_guez",-96.160927,15.725881,"Pacific Lowlands province","Opuntia"
1836633873,"Opuntia karwinskiana","Oaxaca",31,"8","3","2018","iNaturalist","10242841","Carlos Dom_nguez-Rodr_guez",-96.165283,15.724869,"Pacific Lowlands province","Opuntia"
1836670542,"Pachycereus pecten-aboriginum","Oaxaca",125,"15","3","2018","iNaturalist","10354564","J. Fernando P_o Le_n",-96.051557,15.789611,"Pacific Lowlands province","Pachycereus"
1837057313,"Stenocereus pruinosus","Oaxaca",NA,"16","2","2017","iNaturalist","10365429","Ignacio Torres Garc_a",-96.366934,16.940379,"Balsas Basin province","Stenocereus"
1837060904,"Pachycereus pecten-aboriginum","Oaxaca",185,"8","3","2018","iNaturalist","10381808","Carlos Dom_nguez-Rodr_guez",-96.158438,15.733358,"Pacific Lowlands province","Pachycereus"
1837748983,"Ferocactus recurvus","Oaxaca",10,"27","3","2018","iNaturalist","10540366","Ulises Guzm_n",-97.550025,17.817942,"Sierra Madre del Sur province","Ferocactus"
1837749113,"Ferocactus recurvus","Oaxaca",5,"27","3","2018","iNaturalist","10540541","Ulises Guzm_n",-97.549994,17.817531,"Sierra Madre del Sur province","Ferocactus"
1837760027,"Stenocereus pruinosus","Oaxaca",NA,"26","3","2018","iNaturalist","10574822","Eugenio Padilla",-96.445651,16.945567,"Balsas Basin province","Stenocereus"
1837762756,"Pachycereus pecten-aboriginum","Oaxaca",31,"27","3","2018","iNaturalist","10582800","Carlos Dom_nguez-Rodr_guez",-96.1467,15.738583,"Pacific Lowlands province","Pachycereus"
1837767818,"Opuntia karwinskiana","Oaxaca",15,"3","4","2018","iNaturalist","10600021","Carlos Dom_nguez-Rodr_guez",-96.170712,15.766205,"Pacific Lowlands province","Opuntia"
1837767876,"Acanthocereus tetragonus","Oaxaca",31,"3","4","2018","iNaturalist","10600256","Carlos Dom_nguez-Rodr_guez",-96.175153,15.776834,"Pacific Lowlands province","Acanthocereus"
1837767917,"Opuntia decumbens","Oaxaca",42,"3","4","2018","iNaturalist","10600254","Carlos Dom_nguez-Rodr_guez",-96.175003,15.777098,"Pacific Lowlands province","Opuntia"
1837768219,"Acanthocereus tetragonus","Oaxaca",NA,"3","4","2018","iNaturalist","10601249","Carlos Dom_nguez-Rodr_guez",-96.180206,15.760325,"Pacific Lowlands province","Acanthocereus"
1837768309,"Pachycereus pecten-aboriginum","Oaxaca",NA,"3","4","2018","iNaturalist","10601988","Carlos Dom_nguez-Rodr_guez",-96.188919,15.763968,"Pacific Lowlands province","Pachycereus"
1837768431,"Opuntia karwinskiana","Oaxaca",NA,"3","4","2018","iNaturalist","10601980","Carlos Dom_nguez-Rodr_guez",-96.184814,15.761137,"Pacific Lowlands province","Opuntia"
1837769344,"Pachycereus pecten-aboriginum","Oaxaca",31,"29","3","2018","iNaturalist","10604864","Carlos Dom_nguez-Rodr_guez",-96.227574,15.698223,"Pacific Lowlands province","Pachycereus"
1837779874,"Acanthocereus tetragonus","Oaxaca",NA,"5","4","2018","iNaturalist","10646129","Carlos Dom_nguez-Rodr_guez",-96.188072,15.753491,"Pacific Lowlands province","Acanthocereus"
1837779997,"Pachycereus pecten-aboriginum","Oaxaca",NA,"5","4","2018","iNaturalist","10646142","J. Fernando P_o Le_n",-96.188965,15.753995,"Pacific Lowlands province","Pachycereus"
1839256978,"Myrtillocactus schenckii","Oaxaca",7,"23","3","2018","iNaturalist","11392961","Eugenio Padilla",-96.443865,16.949957,"Balsas Basin province","Myrtillocactus"
1846505023,"Mammillaria karwinskiana","Oaxaca",NA,"15","11","1955","DES","DES00001914","D.Z. Damrel 11/5/2001",-95.979722,16.611111,"Pacific Lowlands province","Mammillaria"
1847468087,"Pachycereus pecten-aboriginum","Oaxaca",31,"5","4","2018","iNaturalist","12254908","Carlos Dom_nguez-Rodr_guez",-96.192877,15.763882,"Pacific Lowlands province","Pachycereus"
1848765351,"Ferocactus recurvus","Oaxaca",NA,"24","5","2018","iNaturalist","12933715","Ulises Guzm_n",-96.440266,16.956654,"Balsas Basin province","Ferocactus"
1848812982,"Mammillaria flavicentra","Oaxaca",126,"15","5","2015","iNaturalist","1606949","Leticia Soriano Flores",-96.884072,17.803693,"Sierra Madre del Sur province","Mammillaria"
1848817453,"Mammillaria albilanata","Oaxaca",NA,"28","9","2017","iNaturalist","8330634","Jonathan Mohl",-96.931343,17.662179,"Balsas Basin province","Mammillaria"
1848818261,"Mammillaria albilanata","Oaxaca",NA,"9","1","2018","iNaturalist","9503068","Jonathan Mohl",-96.949806,17.585442,"Balsas Basin province","Mammillaria"
1850902102,"Mammillaria albilanata","Oaxaca",NA,"27","4","2018","iNaturalist","12386494","Jonathan Mohl",-97.085307,17.469148,"Sierra Madre del Sur province","Mammillaria"
1850915499,"Stenocactus crispatus","Oaxaca",2,"21","5","2018","iNaturalist","13149952","geomanuel",-97.429114,17.908085,"Sierra Madre del Sur province","Stenocactus"
1850915785,"Ferocactus recurvus","Oaxaca",1,"21","5","2018","iNaturalist","13149934","Ulises Guzm_n",-97.428859,17.908073,"Sierra Madre del Sur province","Ferocactus"
1850994042,"Mammillaria karwinskiana","Oaxaca",63,"26","10","2017","iNaturalist","8666890","Ulises Guzm_n",-96.449339,16.94959,"Balsas Basin province","Mammillaria"
1850995045,"Mammillaria albilanata","Oaxaca",129,"27","1","2018","iNaturalist","9805752","Jonathan Mohl",-96.92516,17.370764,"Sierra Madre del Sur province","Mammillaria"
1880483214,"Opuntia karwinskiana","Oaxaca",NA,"15","6","2018","iNaturalist","13461651","Carlos Dom_nguez-Rodr_guez",-96.17038,15.747602,"Pacific Lowlands province","Opuntia"
1880483266,"Pachycereus pecten-aboriginum","Oaxaca",244,"15","6","2018","iNaturalist","13461644","Carlos Dom_nguez-Rodr_guez",-96.169872,15.750636,"Pacific Lowlands province","Pachycereus"
1880491279,"Acanthocereus tetragonus","Oaxaca",NA,"15","6","2018","iNaturalist","13489871","Carlos Dom_nguez-Rodr_guez",-96.231125,15.775396,"Pacific Lowlands province","Acanthocereus"
1880491398,"Opuntia karwinskiana","Oaxaca",NA,"15","6","2018","iNaturalist","13489865","Carlos Dom_nguez-Rodr_guez",-96.237457,15.773922,"Pacific Lowlands province","Opuntia"
1880491418,"Pereskia lychnidiflora","Oaxaca",NA,"15","6","2018","iNaturalist","13489869","Carlos Dom_nguez-Rodr_guez",-96.218185,15.783434,"Pacific Lowlands province","Pereskia"
1880571770,"Mammillaria mystax","Oaxaca",31,"28","4","2018","iNaturalist","13787401","Jonathan Mohl",-97.520868,17.852189,"Sierra Madre del Sur province","Mammillaria"
1880576658,"Mammillaria haageana","Oaxaca",NA,"22","5","2018","iNaturalist","13806826","Jonathan Mohl",-97.305983,18.073063,"Sierra Madre del Sur province","Mammillaria"
1880652765,"Pachycereus pecten-aboriginum","Oaxaca",8,"3","7","2018","iNaturalist","14115219","Carlos Dom_nguez-Rodr_guez",-96.205142,15.757891,"Pacific Lowlands province","Pachycereus"
1880652810,"Pereskia lychnidiflora","Oaxaca",NA,"3","7","2018","iNaturalist","14115201","Carlos Dom_nguez-Rodr_guez",-96.2043,15.754002,"Pacific Lowlands province","Pereskia"
1880663711,"Ferocactus recurvus","Oaxaca",63,"18","9","2008","iNaturalist","326600","Ulises Guzm_n",-97.452861,17.912123,"Sierra Madre del Sur province","Ferocactus"
1880666142,"Ferocactus recurvus","Oaxaca",5,"14","12","2013","iNaturalist","481801","Ulises Guzm_n",-96.35081,16.721219,"Sierra Madre del Sur province","Ferocactus"
1880672533,"Ferocactus recurvus","Oaxaca",63,"21","6","2017","iNaturalist","8066587","Ulises Guzm_n",-96.935592,17.690307,"Balsas Basin province","Ferocactus"
1880674308,"Mammillaria karwinskiana","Oaxaca",5,"1","12","2017","iNaturalist","9007626","Jonathan Mohl",-96.407076,16.941172,"Sierra Madre del Sur province","Mammillaria"
1880675303,"Ferocactus recurvus","Oaxaca",NA,"9","1","2018","iNaturalist","9481930","Ulises Guzm_n",-96.913881,17.636019,"Balsas Basin province","Ferocactus"
1880675375,"Mammillaria sphacelata","Oaxaca",NA,"9","1","2018","iNaturalist","9503067","Ulises Guzm_n",-96.949806,17.585444,"Balsas Basin province","Mammillaria"
1880675423,"Mammillaria karwinskiana","Oaxaca",NA,"18","1","2018","iNaturalist","9527969","ricardo_munoz",-96.577087,17.394596,"Balsas Basin province","Mammillaria"
1883566030,"Coryphantha elephantidens","Oaxaca",207,"20","8","2015","iNaturalist","1879853","Ulises Guzm_n",-96.598056,17.040661,"Balsas Basin province","Coryphantha"
1883566644,"Mammillaria haageana","Oaxaca",NA,"6","3","2016","iNaturalist","2879519","Jonathan Mohl",-97.680924,18.002938,"Balsas Basin province","Mammillaria"
1883920243,"Pereskia lychnidiflora","Oaxaca",132,"15","7","2018","iNaturalist","14542385","ae",-95.331242,16.416844,"Pacific Lowlands province","Pereskia"
1883971577,"Opuntia lasiacantha","Oaxaca",NA,"21","5","2008","iNaturalist","351914","Ulises Guzm_n",-96.73616,17.081188,"Balsas Basin province","Opuntia"
1883972304,"Mammillaria flavicentra","Oaxaca",NA,"1","10","2016","iNaturalist","5444847","Carlos Martorell",-97.261264,17.693223,"Sierra Madre del Sur province","Mammillaria"
1883972322,"Mammillaria karwinskiana","Oaxaca",61,"25","3","2017","iNaturalist","5484236","cactus-d",-96.670074,17.023836,"Balsas Basin province","Mammillaria"
1883972518,"Mammillaria flavicentra","Oaxaca",505,"21","11","2016","iNaturalist","5976258","Jonathan Mohl",-96.964731,18.073899,"Sierra Madre del Sur province","Mammillaria"
1883973379,"Mammillaria karwinskiana","Oaxaca",207,"1","3","2010","iNaturalist","7644778","Jonathan Mohl",-96.276943,16.869344,"Sierra Madre del Sur province","Mammillaria"
1890090782,"Mammillaria mystax","Oaxaca",NA,"20","4","2018","iNaturalist","15052212","Diego",-97.510556,17.8525,"Sierra Madre del Sur province","Mammillaria"
1890676697,"Mammillaria haageana","Oaxaca",NA,"18","4","2018","iNaturalist","15051090","Ulises Guzm_n",-97.412778,17.880833,"Sierra Madre del Sur province","Mammillaria"
1890711441,"Stenocactus crispatus","Oaxaca",63,"17","5","2018","iNaturalist","15209347","Leticia Soriano Flores",-97.417577,17.950234,"Sierra Madre del Sur province","Stenocactus"
1890727574,"Ferocactus recurvus","Oaxaca",398,"21","12","2007","iNaturalist","2742576","cactus-d",-97.79607,18.147499,"Balsas Basin province","Ferocactus"
1890727786,"Ferocactus recurvus","Oaxaca",31,"19","5","2016","iNaturalist","3298469","cactus-d",-97.72525,18.222455,"Balsas Basin province","Ferocactus"
1891338210,"Acanthocereus tetragonus","Oaxaca",NA,"8","8","2018","iNaturalist","15442049","Carlos Dom_nguez-Rodr_guez",-96.051437,15.788591,"Pacific Lowlands province","Acanthocereus"
1893399147,"Pereskia lychnidiflora","Oaxaca",100,"20","11","1959","SDNHM","15012","NO DISPONIBLE",-95.141667,16.241667,"Pacific Lowlands province","Pereskia"
1893406793,"Escontria chiotilla","Oaxaca",90,"18","7","1978","SDNHM","39035","NO DISPONIBLE",-97.708333,17.991667,"Balsas Basin province","Escontria"
1893418994,"Aporocactus martianus","Oaxaca",100,"6","12","1962","SDNHM","3287","NO DISPONIBLE",-96.725,17.091667,"Balsas Basin province","Aporocactus"
1893435961,"Ferocactus macrodiscus","Oaxaca",90,NA,NA,NA,"IBUNAM","NO DISPONIBLE","Leonardo Ulises Guzm_n Cruz",-96.441667,17.558333,"Sierra Madre del Sur province","Ferocactus"
1893438588,"Opuntia tomentosa","Oaxaca",90,"20","4","1969","IBUNAM","NO DISPONIBLE","_ngel Salvador Arias Montes",-97.491667,17.825,"Sierra Madre del Sur province","Opuntia"
1893438696,"Mammillaria haageana","Oaxaca",90,NA,NA,NA,"IBUNAM","NO DISPONIBLE","Leonardo Ulises Guzm_n Cruz",-96.908333,17.291667,"Balsas Basin province","Mammillaria"
1893439891,"Opuntia pubescens","Oaxaca",90,NA,"5","1907","IBUNAM","NO DISPONIBLE","_ngel Salvador Arias Montes",-97.208333,17.591667,"Sierra Madre del Sur province","Opuntia"
1893440520,"Mammillaria solisioides","Oaxaca",90,NA,NA,"1971","IBUNAM","NO DISPONIBLE","Leonardo Ulises Guzm_n Cruz",-97.758333,17.791667,"Balsas Basin province","Mammillaria"
1893441296,"Myrtillocactus schenckii","Oaxaca",90,NA,NA,"1953","IBUNAM","NO DISPONIBLE","_ngel Salvador Arias Montes",-97.575,17.675,"Sierra Madre del Sur province","Myrtillocactus"
1893564139,"Rhipsalis baccifera","Oaxaca",90,"26","6","1995","FC-UNAM","NO DISPONIBLE","Rodolfo Noriega-Trejo",-94.061111,17.0775,"Veracruzan province","Rhipsalis"
1893564201,"Rhipsalis baccifera","Oaxaca",90,"1","6","1995","FC-UNAM","NO DISPONIBLE","Carlos Alberto Ruiz Jim_nez",-94.587778,17.073889,"Veracruzan province","Rhipsalis"
1893605315,"Pereskia lychnidiflora","Oaxaca",100,"30","4","1998","INECOL","162108","S. Arias",-95.960556,15.834722,"Pacific Lowlands province","Pereskia"
1893605342,"Pereskia lychnidiflora","Oaxaca",100,"2","11","1992","INECOL","19773","P. Zamora C.",-96.166111,15.725556,"Pacific Lowlands province","Pereskia"
1893616111,"Opuntia velutina","Oaxaca",100,"26","2","1988","INECOL","19758","S. Acosta C.; J.A. P_rez de la R.",-96.33,16.623333,"Sierra Madre del Sur province","Opuntia"
1893647182,"Opuntia pilifera","Oaxaca",10,"3","5","1978","INECOL","19635","L. Scheinvar",-96.866571,17.264514,"Sierra Madre del Sur province","Opuntia"
1893658589,"Opuntia decumbens","Oaxaca",100,"30","3","1999","INECOL","162026","S. Arias",-96.004167,15.870833,"Pacific Lowlands province","Opuntia"
1893665694,"Pachycereus pecten-aboriginum","Oaxaca",100,"9","6","1980","INECOL","19766","S. Gama L.",-95.236667,16.323333,"Pacific Lowlands province","Pachycereus"
1893677675,"Opuntia lasiacantha","Oaxaca",90,"17","5","1977","INECOL","19695","L. Scheinvar",-95.916667,17.158333,"Sierra Madre del Sur province","Opuntia"
1893690355,"Marginatocereus marginatus","Oaxaca",100,"29","4","1988","INECOL","19769","S. Arias",-96.353333,16.56,"Pacific Lowlands province","Marginatocereus"
1893715419,"Rhipsalis baccifera","Oaxaca",90,"30","5","1990","INECOL","19803","J. Reyes S.",-96.208333,17.86,"Veracruzan province","Rhipsalis"
1893726071,"Disocactus macranthus","Oaxaca",100,"28","8","1984","INECOL","19132","J. Reyes S.",-94.683333,16.908333,"Veracruzan province","Disocactus"
1893731821,"Disocactus ackermannii","Oaxaca",90,"19","3","1980","INECOL","19491","F. Ramos M.",-96.553333,17.533333,"Sierra Madre del Sur province","Disocactus"
1893735325,"Opuntia velutina","Oaxaca",100,"6","3","1987","INECOL","19759","S. Acosta C.; J.A. P_rez de la R.",-95.768333,16.01,"Pacific Lowlands province","Opuntia"
1893737721,"Myrtillocactus schenckii","Oaxaca",100,"12","11","1987","INECOL","19461","S. Acosta C.; J.A. P_rez de la R.",-96.228333,16.713333,"Sierra Madre del Sur province","Myrtillocactus"
1893746158,"Melocactus curvispinus","Oaxaca",100,"25","6","1984","INECOL","19443","H. Bravo-Hollis",-95.408333,16.508333,"Pacific Lowlands province","Melocactus"
1893749900,"Opuntia pubescens","Oaxaca",100,"14","5","1987","INECOL","19645","G. Flores F.",-96.37,16.668333,"Sierra Madre del Sur province","Opuntia"
1893753316,"Escontria chiotilla","Oaxaca",100,"26","2","1988","INECOL","19200","G. Flores F.",-96.308333,16.673333,"Pacific Lowlands province","Escontria"
1893890830,"Pereskia lychnidiflora","Oaxaca",NA,NA,NA,NA,"IGL-UNAM","M-1160","NO DISPONIBLE",-95.3333444,16.4174426,"Pacific Lowlands province","Pereskia"
1893916671,"Neobuxbaumia tetetzo","Oaxaca",100,"1","9","2006","NO DISPONIBLE","NO DISPONIBLE","NO DISPONIBLE",-97.062509,16.95758,"Sierra Madre del Sur province","Neobuxbaumia"
1893916674,"Neobuxbaumia tetetzo","Oaxaca",90,"1","9","2006","NO DISPONIBLE","NO DISPONIBLE","NO DISPONIBLE",-97.0531,17.861257,"Balsas Basin province","Neobuxbaumia"
1893917341,"Cephalocereus columna-trajani","Oaxaca",90,"28","7","2006","NO DISPONIBLE","NO DISPONIBLE","NO DISPONIBLE",-97.050383,17.857761,"Balsas Basin province","Cephalocereus"
1893917399,"Cephalocereus columna-trajani","Oaxaca",90,"29","7","2006","NO DISPONIBLE","NO DISPONIBLE","NO DISPONIBLE",-97.049787,17.858785,"Balsas Basin province","Cephalocereus"
1893917414,"Cephalocereus columna-trajani","Oaxaca",90,"28","7","2006","NO DISPONIBLE","NO DISPONIBLE","NO DISPONIBLE",-97.050065,17.858345,"Balsas Basin province","Cephalocereus"
1893924049,"Aporocactus martianus","Oaxaca",90,"6","5","2001","NO DISPONIBLE","NO DISPONIBLE","D.X. Munn-Estrada",-96.963389,18.1355,"Sierra Madre del Sur province","Aporocactus"
1893925247,"Rhipsalis baccifera","Oaxaca",90,"4","7","2001","CNS-UT","419241","D.X. Munn-Estrada",-96.851167,18.154889,"Sierra Madre del Sur province","Rhipsalis"
1894009507,"Mammillaria supertexta","Oaxaca",90,NA,NA,NA,"IBUNAM","NO APLICA","Jer_nimo Reyes",-97.055833,18.0385,"Balsas Basin province","Mammillaria"
1894009508,"Mammillaria kraehenbuehlii","Oaxaca",90,NA,NA,NA,"IBUNAM","NO APLICA","Jer_nimo Reyes",-97.309722,17.801389,"Sierra Madre del Sur province","Mammillaria"
1894009509,"Mammillaria kraehenbuehlii","Oaxaca",90,NA,NA,NA,"IBUNAM","NO APLICA","Jer_nimo Reyes",-97.551917,17.656028,"Sierra Madre del Sur province","Mammillaria"
1894009510,"Mammillaria crucigera","Oaxaca",90,NA,NA,NA,"IBUNAM","NO APLICA","Jer_nimo Reyes",-97.073067,18.111267,"Balsas Basin province","Mammillaria"
1894009511,"Mammillaria kraehenbuehlii","Oaxaca",90,NA,NA,NA,"IBUNAM","NO APLICA","Jer_nimo Reyes",-97.278639,17.839639,"Sierra Madre del Sur province","Mammillaria"
1894009512,"Mammillaria crucigera","Oaxaca",90,NA,NA,NA,"IBUNAM","NO APLICA","Jer_nimo Reyes",-97.086417,18.091,"Balsas Basin province","Mammillaria"
1894009513,"Mammillaria kraehenbuehlii","Oaxaca",90,NA,NA,NA,"IBUNAM","NO APLICA","Jer_nimo Reyes",-97.553833,17.67825,"Sierra Madre del Sur province","Mammillaria"
1894009514,"Mammillaria kraehenbuehlii","Oaxaca",90,NA,NA,NA,"IBUNAM","NO APLICA","Jer_nimo Reyes",-97.352861,17.890694,"Sierra Madre del Sur province","Mammillaria"
1894009518,"Mammillaria supertexta","Oaxaca",90,NA,NA,NA,"IBUNAM","NO APLICA","Jer_nimo Reyes",-96.987389,17.870722,"Balsas Basin province","Mammillaria"
1894009519,"Mammillaria kraehenbuehlii","Oaxaca",90,NA,NA,NA,"IBUNAM","NO APLICA","Jer_nimo Reyes",-97.540306,17.747944,"Sierra Madre del Sur province","Mammillaria"
1894009522,"Mammillaria kraehenbuehlii","Oaxaca",90,NA,NA,NA,"IBUNAM","NO APLICA","Jer_nimo Reyes",-97.347333,18.028056,"Sierra Madre del Sur province","Mammillaria"
1894009523,"Mammillaria crucigera","Oaxaca",90,NA,NA,NA,"IBUNAM","NO APLICA","Jer_nimo Reyes",-97.082,18.135167,"Balsas Basin province","Mammillaria"
1894009524,"Mammillaria kraehenbuehlii","Oaxaca",90,NA,NA,NA,"IBUNAM","NO APLICA","Jer_nimo Reyes",-97.492389,17.662111,"Sierra Madre del Sur province","Mammillaria"
1894009527,"Mammillaria kraehenbuehlii","Oaxaca",90,NA,NA,NA,"IBUNAM","NO APLICA","Jer_nimo Reyes",-97.246194,17.816889,"Sierra Madre del Sur province","Mammillaria"
1894009528,"Mammillaria kraehenbuehlii","Oaxaca",90,NA,NA,NA,"IBUNAM","NO APLICA","Jer_nimo Reyes",-97.389833,17.8955,"Sierra Madre del Sur province","Mammillaria"
1894009529,"Mammillaria crucigera","Oaxaca",90,NA,NA,NA,"IBUNAM","NO APLICA","Jer_nimo Reyes",-97.067183,18.081817,"Balsas Basin province","Mammillaria"
1894009531,"Mammillaria zephyranthoides","Oaxaca",90,NA,NA,NA,"IBUNAM","NO APLICA","Jer_nimo Reyes",-97.381306,17.901056,"Sierra Madre del Sur province","Mammillaria"
1894009533,"Mammillaria dixanthocentron","Oaxaca",90,NA,NA,NA,"IBUNAM","NO APLICA","Jer_nimo Reyes",-97.449222,17.910333,"Sierra Madre del Sur province","Mammillaria"
1894009534,"Mammillaria zephyranthoides","Oaxaca",90,NA,NA,NA,"IBUNAM","NO APLICA","Jer_nimo Reyes",-97.338194,17.904889,"Sierra Madre del Sur province","Mammillaria"
1894009535,"Mammillaria supertexta","Oaxaca",90,NA,NA,NA,"IBUNAM","NO APLICA","Jer_nimo Reyes",-97.337861,18.088556,"Sierra Madre del Sur province","Mammillaria"
1894009536,"Mammillaria dixanthocentron","Oaxaca",90,NA,NA,NA,"IBUNAM","NO APLICA","Jer_nimo Reyes",-97.070917,17.904667,"Balsas Basin province","Mammillaria"
1894009537,"Mammillaria zephyranthoides","Oaxaca",90,NA,NA,NA,"IBUNAM","NO APLICA","Jer_nimo Reyes",-97.353944,17.842806,"Sierra Madre del Sur province","Mammillaria"
1894009539,"Mammillaria dixanthocentron","Oaxaca",90,NA,NA,NA,"IBUNAM","NO APLICA","Jer_nimo Reyes",-97.074117,18.075133,"Balsas Basin province","Mammillaria"
1894009540,"Mammillaria supertexta","Oaxaca",90,NA,NA,NA,"IBUNAM","NO APLICA","Jer_nimo Reyes",-97.044861,18.053528,"Balsas Basin province","Mammillaria"
1894009544,"Mammillaria dixanthocentron","Oaxaca",90,NA,NA,NA,"IBUNAM","NO APLICA","Jer_nimo Reyes",-97.414083,17.693694,"Sierra Madre del Sur province","Mammillaria"
1894009545,"Mammillaria dixanthocentron","Oaxaca",90,NA,NA,NA,"IBUNAM","NO APLICA","Jer_nimo Reyes",-97.416667,17.895611,"Sierra Madre del Sur province","Mammillaria"
1894009546,"Mammillaria zephyranthoides","Oaxaca",90,NA,NA,NA,"IBUNAM","NO APLICA","Jer_nimo Reyes",-97.349444,17.887722,"Sierra Madre del Sur province","Mammillaria"
1894009547,"Mammillaria dixanthocentron","Oaxaca",90,NA,NA,NA,"IBUNAM","NO APLICA","Jer_nimo Reyes",-97.062694,18.070333,"Balsas Basin province","Mammillaria"
1894009548,"Mammillaria dixanthocentron","Oaxaca",90,NA,NA,NA,"IBUNAM","NO APLICA","Jer_nimo Reyes",-97.066194,18.059472,"Balsas Basin province","Mammillaria"
1894009550,"Mammillaria crucigera","Oaxaca",90,NA,NA,NA,"IBUNAM","NO APLICA","Jer_nimo Reyes",-97.044,17.957222,"Balsas Basin province","Mammillaria"
1894009551,"Mammillaria dixanthocentron","Oaxaca",90,NA,NA,NA,"IBUNAM","NO APLICA","Jer_nimo Reyes",-97.460472,17.869222,"Sierra Madre del Sur province","Mammillaria"
1894009557,"Mammillaria dixanthocentron","Oaxaca",90,NA,NA,NA,"IBUNAM","NO APLICA","Jer_nimo Reyes",-96.912389,17.838278,"Sierra Madre del Sur province","Mammillaria"
1894009560,"Mammillaria dixanthocentron","Oaxaca",90,NA,NA,NA,"IBUNAM","NO APLICA","Jer_nimo Reyes",-97.008933,17.9096,"Balsas Basin province","Mammillaria"
1894009561,"Mammillaria hernandezii","Oaxaca",90,NA,NA,NA,"IBUNAM","NO APLICA","Jer_nimo Reyes",-97.430033,17.905533,"Sierra Madre del Sur province","Mammillaria"
1894009565,"Mammillaria huitzilopochtli","Oaxaca",90,NA,NA,NA,"IBUNAM","NO APLICA","Jer_nimo Reyes",-97.031917,17.988056,"Balsas Basin province","Mammillaria"
1894009566,"Mammillaria hernandezii","Oaxaca",90,NA,NA,NA,"IBUNAM","NO APLICA","Jer_nimo Reyes",-97.412717,17.940933,"Sierra Madre del Sur province","Mammillaria"
1894009569,"Mammillaria dixanthocentron","Oaxaca",90,NA,NA,NA,"IBUNAM","NO APLICA","Jer_nimo Reyes",-97.0065,17.8865,"Balsas Basin province","Mammillaria"
1894009572,"Mammillaria dixanthocentron","Oaxaca",90,NA,NA,NA,"IBUNAM","NO APLICA","Jer_nimo Reyes",-97.018694,17.809778,"Balsas Basin province","Mammillaria"
1894009574,"Mammillaria huitzilopochtli","Oaxaca",90,NA,NA,NA,"IBUNAM","NO APLICA","Jer_nimo Reyes",-96.981783,17.956683,"Balsas Basin province","Mammillaria"
1894009575,"Mammillaria solisioides","Oaxaca",90,NA,NA,NA,"IBUNAM","NO APLICA","Jer_nimo Reyes",-97.789806,17.938583,"Balsas Basin province","Mammillaria"
1894009576,"Mammillaria dixanthocentron","Oaxaca",90,NA,NA,NA,"IBUNAM","NO APLICA","Jer_nimo Reyes",-97.943028,17.688667,"Sierra Madre del Sur province","Mammillaria"
1894009580,"Mammillaria huitzilopochtli","Oaxaca",90,NA,NA,NA,"IBUNAM","NO APLICA","Jer_nimo Reyes",-96.960683,17.816683,"Balsas Basin province","Mammillaria"
1894009582,"Mammillaria huitzilopochtli","Oaxaca",90,NA,NA,NA,"IBUNAM","NO APLICA","Jer_nimo Reyes",-96.969722,17.850639,"Balsas Basin province","Mammillaria"
1894009583,"Mammillaria solisioides","Oaxaca",90,NA,NA,NA,"IBUNAM","NO APLICA","Jer_nimo Reyes",-97.776472,17.854361,"Balsas Basin province","Mammillaria"
1894009584,"Mammillaria hernandezii","Oaxaca",90,NA,NA,NA,"IBUNAM","NO APLICA","Jer_nimo Reyes",-97.41165,17.95245,"Sierra Madre del Sur province","Mammillaria"
1894009586,"Mammillaria huitzilopochtli","Oaxaca",90,NA,NA,NA,"IBUNAM","NO APLICA","Jer_nimo Reyes",-96.971417,17.918028,"Balsas Basin province","Mammillaria"
1894009589,"Mammillaria hernandezii","Oaxaca",90,NA,NA,NA,"IBUNAM","NO APLICA","Jer_nimo Reyes",-97.438683,17.926567,"Sierra Madre del Sur province","Mammillaria"
1894009590,"Mammillaria solisioides","Oaxaca",90,NA,NA,NA,"IBUNAM","NO APLICA","Jer_nimo Reyes",-97.804333,17.93375,"Balsas Basin province","Mammillaria"
1894009591,"Mammillaria huitzilopochtli","Oaxaca",90,NA,NA,NA,"IBUNAM","NO APLICA","Jer_nimo Reyes",-97.028722,18.013917,"Balsas Basin province","Mammillaria"
1894009592,"Mammillaria dixanthocentron","Oaxaca",90,NA,NA,NA,"IBUNAM","NO APLICA","Jer_nimo Reyes",-97.008717,17.893283,"Balsas Basin province","Mammillaria"
1894009595,"Mammillaria hernandezii","Oaxaca",90,NA,NA,NA,"IBUNAM","NO APLICA","Jer_nimo Reyes",-97.455583,17.905694,"Sierra Madre del Sur province","Mammillaria"
1894009596,"Mammillaria hernandezii","Oaxaca",90,NA,NA,NA,"IBUNAM","NO APLICA","Jer_nimo Reyes",-97.418778,17.919,"Sierra Madre del Sur province","Mammillaria"
1894009597,"Mammillaria solisioides","Oaxaca",90,NA,NA,NA,"IBUNAM","NO APLICA","Jer_nimo Reyes",-97.806722,17.808417,"Balsas Basin province","Mammillaria"
1894009598,"Mammillaria huitzilopochtli","Oaxaca",90,NA,NA,NA,"IBUNAM","NO APLICA","Jer_nimo Reyes",-96.967667,17.885556,"Balsas Basin province","Mammillaria"
1894009604,"Mammillaria hernandezii","Oaxaca",90,NA,NA,NA,"IBUNAM","NO APLICA","Jer_nimo Reyes",-97.409778,17.919583,"Sierra Madre del Sur province","Mammillaria"
1894009605,"Mammillaria solisioides","Oaxaca",90,NA,NA,NA,"IBUNAM","NO APLICA","Jer_nimo Reyes",-97.775028,17.8585,"Balsas Basin province","Mammillaria"
1894009606,"Mammillaria hernandezii","Oaxaca",90,NA,NA,NA,"IBUNAM","NO APLICA","Jer_nimo Reyes",-97.42785,17.8935,"Sierra Madre del Sur province","Mammillaria"
1894009609,"Mammillaria solisioides","Oaxaca",90,NA,NA,NA,"IBUNAM","NO APLICA","Jer_nimo Reyes",-97.789083,17.831083,"Balsas Basin province","Mammillaria"
1894009614,"Mammillaria hernandezii","Oaxaca",90,NA,NA,NA,"IBUNAM","NO APLICA","Jer_nimo Reyes",-97.424183,17.9026,"Sierra Madre del Sur province","Mammillaria"
1894009625,"Mammillaria solisioides","Oaxaca",90,NA,NA,NA,"IBUNAM","NO APLICA","Jer_nimo Reyes",-97.778639,17.84175,"Balsas Basin province","Mammillaria"
1894242188,"Escontria chiotilla","Oaxaca",NA,"19","6","2013","FESI-UNAM","NO DISPONIBLE","D.T.A.R.",-97.108055,17.814722,"Balsas Basin province","Escontria"
1894553223,"Stenocereus pruinosus","Oaxaca",NA,"14","3","1999","CP","NO DISPONIBLE","1",-95.2038968,16.2368959,"Pacific Lowlands province","Stenocereus"
1894553232,"Stenocereus pruinosus","Oaxaca",NA,"12","3","1999","CP","NO DISPONIBLE","1",-96.6669881,16.8513067,"Balsas Basin province","Stenocereus"
1894553262,"Cephalocereus apicicephalium","Oaxaca",NA,"14","3","1999","CP","NO DISPONIBLE","1",-96.189776,16.647563,"Sierra Madre del Sur province","Cephalocereus"
1894553322,"Neobuxbaumia scoparia","Oaxaca",NA,"14","3","1999","CP","NO DISPONIBLE","1",-94.8872233,16.5677144,"Pacific Lowlands province","Neobuxbaumia"
1894553326,"Neobuxbaumia scoparia","Oaxaca",NA,"13","3","1999","CP","NO DISPONIBLE","1",-96.4175348,15.704975,"Pacific Lowlands province","Neobuxbaumia"
1894553370,"Cephalocereus apicicephalium","Oaxaca",NA,"14","3","1999","CP","NO DISPONIBLE","1",-95.375,16.375,"Pacific Lowlands province","Cephalocereus"
1894553373,"Cephalocereus apicicephalium","Oaxaca",NA,"14","3","1999","CP","NO DISPONIBLE","1",-95.316944,16.381111,"Pacific Lowlands province","Cephalocereus"
1894553388,"Stenocereus treleasei","Oaxaca",NA,"12","3","1999","CP","NO DISPONIBLE","1",-96.6872662,16.7193681,"Balsas Basin province","Stenocereus"
1894554047,"Opuntia pilifera","Oaxaca",90,"24","4","2003","FESI-UNAM","NO APLICA","OT_llez",-97.039917,17.796417,"Balsas Basin province","Opuntia"
1894554078,"Opuntia pilifera","Oaxaca",90,"28","6","2007","FESI-UNAM","NO APLICA","OT_llez",-97.231278,17.732833,"Sierra Madre del Sur province","Opuntia"
1894554699,"Mammillaria polyedra","Oaxaca",90,"29","6","2007","FESI-UNAM","NO APLICA","OT_llez",-96.917306,17.840917,"Sierra Madre del Sur province","Mammillaria"
1894555019,"Coryphantha retusa","Oaxaca",90,"6","2","2004","FESI-UNAM","NO APLICA","OT_llez",-97.796556,17.822167,"Balsas Basin province","Coryphantha"
1894555590,"Mammillaria flavicentra","Oaxaca",90,"14","10","2006","FESI-UNAM","NO APLICA","OT_llez",-97.003444,18.054361,"Sierra Madre del Sur province","Mammillaria"
1894555595,"Mammillaria flavicentra","Oaxaca",90,"12","9","2006","FESI-UNAM","NO APLICA","OT_llez",-97.038333,17.650833,"Sierra Madre del Sur province","Mammillaria"
1894555787,"Ferocactus macrodiscus","Oaxaca",90,"24","4","2003","FESI-UNAM","NO APLICA","UGuzm_n",-97.42,17.688611,"Sierra Madre del Sur province","Ferocactus"
1894555788,"Ferocactus macrodiscus","Oaxaca",90,"12","9","2006","FESI-UNAM","NO APLICA","OT_llez",-97.093667,17.578083,"Sierra Madre del Sur province","Ferocactus"
1894555791,"Ferocactus macrodiscus","Oaxaca",90,"12","9","2006","FESI-UNAM","NO APLICA","OT_llez",-97.135833,17.545278,"Sierra Madre del Sur province","Ferocactus"
1894555793,"Ferocactus macrodiscus","Oaxaca",90,"17","6","2007","FESI-UNAM","NO APLICA","OT_llez",-97.2085,17.660694,"Sierra Madre del Sur province","Ferocactus"
1894557687,"Ferocactus recurvus","Oaxaca",90,"19","11","2003","FESI-UNAM","NO APLICA","OT_llez",-97.056389,18.017222,"Balsas Basin province","Ferocactus"
1894558257,"Opuntia depressa","Oaxaca",90,"9","9","2007","FC-UNAM","NO DISPONIBLE","OT_llez",-97.044917,17.932944,"Balsas Basin province","Opuntia"
1894558904,"Ferocactus recurvus","Oaxaca",90,"14","8","2006","FESI-UNAM","NO APLICA","OT_llez",-97.249028,17.815722,"Sierra Madre del Sur province","Ferocactus"
1894558926,"Ferocactus recurvus","Oaxaca",90,"14","8","2006","FESI-UNAM","NO APLICA","OT_llez",-97.229972,17.839306,"Sierra Madre del Sur province","Ferocactus"
1894558933,"Ferocactus recurvus","Oaxaca",90,"11","7","2007","FESI-UNAM","NO APLICA","OT_llez",-96.942611,17.791083,"Balsas Basin province","Ferocactus"
1894558940,"Ferocactus recurvus","Oaxaca",90,"11","8","2007","FESI-UNAM","NO APLICA","OT_llez",-96.974306,17.956778,"Balsas Basin province","Ferocactus"
1894558955,"Ferocactus recurvus","Oaxaca",90,"28","6","2004","FESI-UNAM","NO APLICA","OT_llez",-96.023889,17.867778,"Veracruzan province","Ferocactus"
1894558968,"Ferocactus recurvus","Oaxaca",90,"18","6","2007","FESI-UNAM","NO APLICA","OT_llez",-96.974639,17.839861,"Balsas Basin province","Ferocactus"
1894560201,"Disocactus ackermannii","Oaxaca",90,"11","8","2007","FC-UNAM","NO DISPONIBLE","OT_llez",-96.952833,17.993167,"Sierra Madre del Sur province","Disocactus"
1894560438,"Opuntia huajuapensis","Oaxaca",90,"16","6","2007","FESI-UNAM","NO APLICA","OT_llez",-97.359028,17.855667,"Sierra Madre del Sur province","Opuntia"
1894563043,"Coryphantha pallida","Oaxaca",90,"14","10","2006","FESI-UNAM","NO APLICA","OT_llez",-97.024667,18.028833,"Balsas Basin province","Coryphantha"
1894563360,"Mammillaria haageana","Oaxaca",90,"16","6","2007","FESI-UNAM","NO APLICA","OT_llez",-97.320833,17.817528,"Sierra Madre del Sur province","Mammillaria"
1894563417,"Mammillaria carnea","Oaxaca",90,"19","11","2003","FESI-UNAM","NO APLICA","OT_llez",-97.14297,18.149569,"Balsas Basin province","Mammillaria"
1894563475,"Mammillaria carnea","Oaxaca",90,"2","11","2003","FESI-UNAM","NO APLICA","OT_llez",-97.042587,17.86236,"Balsas Basin province","Mammillaria"
1894563482,"Mammillaria carnea","Oaxaca",90,"19","11","2003","FESI-UNAM","NO APLICA","OT_llez",-97.05833,18.04611,"Balsas Basin province","Mammillaria"
1894563509,"Mammillaria carnea","Oaxaca",90,"24","4","2003","FESI-UNAM","NO APLICA","OT_llez",-97.266667,17.946111,"Sierra Madre del Sur province","Mammillaria"
1894563522,"Mammillaria haageana","Oaxaca",90,"30","11","2004","FESI-UNAM","NO APLICA","OT_llez",-97.296389,17.936,"Sierra Madre del Sur province","Mammillaria"
1894563527,"Mammillaria carnea","Oaxaca",90,"2","11","2003","FESI-UNAM","NO APLICA","OT_llez",-96.988035,17.908037,"Balsas Basin province","Mammillaria"
1894563585,"Mammillaria carnea","Oaxaca",90,"15","11","2006","FESI-UNAM","NO APLICA","OT_llez",-97.036094,17.984256,"Balsas Basin province","Mammillaria"
1894563599,"Mammillaria carnea","Oaxaca",90,"2","11","2003","FESI-UNAM","NO APLICA","OT_llez",-97.003611,17.9,"Balsas Basin province","Mammillaria"
1894563602,"Mammillaria carnea","Oaxaca",90,"19","11","2003","FESI-UNAM","NO APLICA","OT_llez",-96.962961,17.758271,"Balsas Basin province","Mammillaria"
1894563612,"Mammillaria carnea","Oaxaca",90,"2","11","2003","FESI-UNAM","NO APLICA","OT_llez",-96.9603,17.81658,"Balsas Basin province","Mammillaria"
1894563627,"Mammillaria carnea","Oaxaca",90,"2","11","2003","FESI-UNAM","NO APLICA","OT_llez",-97.008294,17.906836,"Balsas Basin province","Mammillaria"
1894563646,"Mammillaria carnea","Oaxaca",90,"14","10","2006","FESI-UNAM","NO APLICA","OT_llez",-97.361612,18.053173,"Balsas Basin province","Mammillaria"
1894563673,"Mammillaria carnea","Oaxaca",90,"12","9","2006","FESI-UNAM","NO APLICA","OT_llez",-96.940555,17.749167,"Balsas Basin province","Mammillaria"
1894563707,"Mammillaria carnea","Oaxaca",90,"18","7","2006","FESI-UNAM","NO APLICA","OT_llez",-97.320591,17.723944,"Sierra Madre del Sur province","Mammillaria"
1894564017,"Mammillaria dixanthocentron","Oaxaca",90,"12","9","2006","FESI-UNAM","NO APLICA","OT_llez",-97.086889,17.585417,"Sierra Madre del Sur province","Mammillaria"
1894564429,"Opuntia pubescens","Oaxaca",90,"29","6","2007","FESI-UNAM","NO APLICA","OT_llez",-96.90675,17.86425,"Sierra Madre del Sur province","Opuntia"
1894564499,"Opuntia pubescens","Oaxaca",90,"14","8","2006","FESI-UNAM","NO APLICA","OT_llez",-97.148528,17.82575,"Sierra Madre del Sur province","Opuntia"
1894564520,"Opuntia pubescens","Oaxaca",90,"15","11","2006","FESI-UNAM","NO APLICA","OT_llez",-97.274444,17.943611,"Sierra Madre del Sur province","Opuntia"
1894564642,"Coryphantha pallida","Oaxaca",90,"19","11","2003","FESI-UNAM","NO APLICA","OT_llez",-96.9775,17.746667,"Balsas Basin province","Coryphantha"
1894564654,"Coryphantha pallida","Oaxaca",90,"2","11","2003","FESI-UNAM","NO APLICA","OT_llez",-97.023056,17.850556,"Balsas Basin province","Coryphantha"
1894564657,"Coryphantha pallida","Oaxaca",90,"2","11","2003","FESI-UNAM","NO APLICA","OT_llez",-96.989444,17.809444,"Balsas Basin province","Coryphantha"
1894564688,"Coryphantha pallida","Oaxaca",90,"28","8","2006","FESI-UNAM","NO APLICA","OT_llez",-97.270306,17.764722,"Sierra Madre del Sur province","Coryphantha"
1894564696,"Coryphantha pallida","Oaxaca",90,"19","11","2003","FESI-UNAM","NO APLICA","OT_llez",-97.052222,18.007778,"Balsas Basin province","Coryphantha"
1894564702,"Coryphantha pallida","Oaxaca",90,"2","11","2003","FESI-UNAM","NO APLICA","OT_llez",-96.991111,17.808333,"Balsas Basin province","Coryphantha"
1894564723,"Coryphantha pallida","Oaxaca",90,"12","8","2004","FESI-UNAM","NO APLICA","OT_llez",-97.623889,18.103333,"Balsas Basin province","Coryphantha"
1894564728,"Coryphantha pallida","Oaxaca",90,"19","11","2003","FESI-UNAM","NO APLICA","OT_llez",-97.080556,18.072222,"Balsas Basin province","Coryphantha"
1894564737,"Coryphantha pallida","Oaxaca",90,"13","8","2004","FESI-UNAM","NO APLICA","OT_llez",-97.040278,17.796111,"Balsas Basin province","Coryphantha"
1894564750,"Coryphantha pallida","Oaxaca",90,"20","11","2003","FESI-UNAM","NO APLICA","OT_llez",-96.983889,17.746111,"Balsas Basin province","Coryphantha"
1894564752,"Coryphantha pallida","Oaxaca",90,"13","8","2004","FESI-UNAM","NO APLICA","OT_llez",-97.055278,17.785,"Sierra Madre del Sur province","Coryphantha"
1894564960,"Mammillaria mystax","Oaxaca",90,"15","11","2006","FESI-UNAM","NO APLICA","OT_llez",-97.265833,17.946389,"Sierra Madre del Sur province","Mammillaria"
1894564973,"Disocactus macranthus","Oaxaca",90,"12","7","2007","FC-UNAM","NO DISPONIBLE","OT_llez",-96.865833,17.731417,"Sierra Madre del Sur province","Disocactus"
1894565001,"Mammillaria mystax","Oaxaca",90,"21","2","2007","FESI-UNAM","NO APLICA","OT_llez",-97.426306,17.889667,"Sierra Madre del Sur province","Mammillaria"
1894565411,"Escontria chiotilla","Oaxaca",90,"24","4","2003","FESI-UNAM","NO APLICA","OT_llez",-97.009,17.923917,"Balsas Basin province","Escontria"
1894565415,"Escontria chiotilla","Oaxaca",90,"19","11","2003","FESI-UNAM","NO APLICA","OT_llez",-97.073056,18.067222,"Balsas Basin province","Escontria"
1894565441,"Escontria chiotilla","Oaxaca",90,"18","7","2006","FESI-UNAM","NO APLICA","OT_llez",-96.934556,17.686278,"Balsas Basin province","Escontria"
1894565465,"Escontria chiotilla","Oaxaca",90,"5","2","2004","FESI-UNAM","NO APLICA","OT_llez",-97.682611,18.17725,"Balsas Basin province","Escontria"
1894565473,"Escontria chiotilla","Oaxaca",90,"19","11","2003","FESI-UNAM","NO APLICA","OT_llez",-97.084167,18.075,"Balsas Basin province","Escontria"
1894565513,"Escontria chiotilla","Oaxaca",90,"19","11","2003","FESI-UNAM","NO APLICA","OT_llez",-97.035,17.985556,"Balsas Basin province","Escontria"
1894565535,"Escontria chiotilla","Oaxaca",90,"18","7","2006","FESI-UNAM","NO APLICA","OT_llez",-96.935111,17.728,"Balsas Basin province","Escontria"
1894565563,"Escontria chiotilla","Oaxaca",90,"19","11","2003","FESI-UNAM","NO APLICA","OT_llez",-97.051944,18.010278,"Balsas Basin province","Escontria"
1894565576,"Escontria chiotilla","Oaxaca",90,"12","7","2007","FESI-UNAM","NO APLICA","OT_llez",-96.903167,17.721083,"Sierra Madre del Sur province","Escontria"
1894565603,"Escontria chiotilla","Oaxaca",90,"14","10","2006","FESI-UNAM","NO APLICA","OT_llez",-97.036861,18.026167,"Balsas Basin province","Escontria"
1894565617,"Escontria chiotilla","Oaxaca",90,"11","7","2007","FESI-UNAM","NO APLICA","OT_llez",-96.945833,17.78975,"Balsas Basin province","Escontria"
1894565667,"Escontria chiotilla","Oaxaca",90,"29","6","2007","FESI-UNAM","NO APLICA","OT_llez",-96.959917,17.824111,"Balsas Basin province","Escontria"
1894565678,"Escontria chiotilla","Oaxaca",90,"18","6","2007","FESI-UNAM","NO APLICA","OT_llez",-96.966694,17.825333,"Balsas Basin province","Escontria"
1894565744,"Escontria chiotilla","Oaxaca",90,"18","6","2007","FESI-UNAM","NO APLICA","OT_llez",-96.982389,17.861583,"Balsas Basin province","Escontria"
1894565754,"Escontria chiotilla","Oaxaca",90,"8","9","2004","FESI-UNAM","NO APLICA","OT_llez",-97.085833,18.076667,"Balsas Basin province","Escontria"
1894565776,"Escontria chiotilla","Oaxaca",90,"13","10","2006","FESI-UNAM","NO APLICA","OT_llez",-97.055833,18.118056,"Balsas Basin province","Escontria"
1894565825,"Marginatocereus marginatus","Oaxaca",90,"24","4","2003","FESI-UNAM","NO APLICA","OT_llez",-97.0325,17.8025,"Balsas Basin province","Marginatocereus"
1894565938,"Marginatocereus marginatus","Oaxaca",90,"6","9","2004","FC-UNAM","97305","OT_llez",-97.370833,18.014722,"Balsas Basin province","Marginatocereus"
1894566232,"Myrtillocactus schenckii","Oaxaca",90,"11","7","2007","FESI-UNAM","NO APLICA","OT_llez",-96.933,17.795528,"Balsas Basin province","Myrtillocactus"
1894566238,"Myrtillocactus schenckii","Oaxaca",90,"29","6","2007","FESI-UNAM","NO APLICA","OT_llez",-96.918583,17.859639,"Sierra Madre del Sur province","Myrtillocactus"
1894566673,"Mammillaria sphacelata","Oaxaca",90,"1","12","2004","FESI-UNAM","NO APLICA","OT_llez",-97.279972,17.943306,"Sierra Madre del Sur province","Mammillaria"
1894566706,"Coryphantha pallida","Oaxaca",90,"24","4","2003","FESI-UNAM","NO APLICA","AAguilar",-97.231389,17.838333,"Sierra Madre del Sur province","Coryphantha"
1894566850,"Mammillaria sphacelata","Oaxaca",90,"14","11","2006","FESI-UNAM","NO APLICA","OT_llez",-97.337222,17.872778,"Sierra Madre del Sur province","Mammillaria"
1894567092,"Mammillaria sphacelata","Oaxaca",90,"14","11","2006","FESI-UNAM","NO APLICA","OT_llez",-97.286111,18.153333,"Balsas Basin province","Mammillaria"
1894568166,"Stenocereus stellatus","Oaxaca",90,"23","4","2003","FESI-UNAM","NO APLICA","OT_llez",-97.058,18.147583,"Balsas Basin province","Stenocereus"
1894568558,"Myrtillocactus geometrizans","Oaxaca",90,"12","8","2004","FESI-UNAM","NO APLICA","OT_llez",-97.566111,18.036667,"Sierra Madre del Sur province","Myrtillocactus"
1894568560,"Myrtillocactus geometrizans","Oaxaca",90,"25","12","2004","FESI-UNAM","NO APLICA","OT_llez",-97.34,18.115278,"Sierra Madre del Sur province","Myrtillocactus"
1894568605,"Myrtillocactus geometrizans","Oaxaca",90,"20","11","2003","FESI-UNAM","NO APLICA","OT_llez",-97.014444,17.723333,"Balsas Basin province","Myrtillocactus"
1894569177,"Pilosocereus chrysacanthus","Oaxaca",90,"23","4","2003","FESI-UNAM","NO APLICA","OT_llez",-96.955556,17.917222,"Balsas Basin province","Pilosocereus"
1894569408,"Cephalocereus columna-trajani","Oaxaca",90,"17","7","2006","FESI-UNAM","NO APLICA","OT_llez",-96.993028,17.728528,"Balsas Basin province","Cephalocereus"
1894569466,"Cephalocereus columna-trajani","Oaxaca",90,"24","4","2003","FESI-UNAM","NO APLICA","OT_llez",-97.004528,17.816444,"Balsas Basin province","Cephalocereus"
1894569474,"Cephalocereus columna-trajani","Oaxaca",90,"13","8","2004","FESI-UNAM","NO APLICA","OT_llez",-97.026944,17.804167,"Balsas Basin province","Cephalocereus"
1894569481,"Cephalocereus columna-trajani","Oaxaca",90,"24","4","2003","FESI-UNAM","NO APLICA","OT_llez",-97.01725,17.808611,"Balsas Basin province","Cephalocereus"
1894569502,"Cephalocereus columna-trajani","Oaxaca",90,"19","11","2003","FESI-UNAM","NO APLICA","OT_llez",-97.088056,18.095,"Balsas Basin province","Cephalocereus"
1894569505,"Cephalocereus columna-trajani","Oaxaca",90,"12","9","2006","FESI-UNAM","NO APLICA","OT_llez",-97.010417,17.723139,"Balsas Basin province","Cephalocereus"
1894569514,"Cephalocereus columna-trajani","Oaxaca",90,"14","11","2006","FESI-UNAM","NO APLICA","OT_llez",-97.306111,18.145278,"Balsas Basin province","Cephalocereus"
1894569516,"Cephalocereus columna-trajani","Oaxaca",90,"12","9","2006","FESI-UNAM","NO APLICA","OT_llez",-96.988694,17.729778,"Balsas Basin province","Cephalocereus"
1894570959,"Opuntia decumbens","Oaxaca",90,"14","10","2006","FESI-UNAM","NO APLICA","OT_llez",-97.021194,18.031278,"Balsas Basin province","Opuntia"
1894570992,"Opuntia decumbens","Oaxaca",90,"11","8","2007","FESI-UNAM","NO APLICA","OT_llez",-96.982722,17.9535,"Balsas Basin province","Opuntia"
1894570995,"Opuntia decumbens","Oaxaca",90,"24","4","2003","FESI-UNAM","NO APLICA","OT_llez",-97.028083,17.795083,"Balsas Basin province","Opuntia"
1894570998,"Opuntia decumbens","Oaxaca",90,"29","6","2007","FESI-UNAM","NO APLICA","OT_llez",-96.941167,17.825611,"Sierra Madre del Sur province","Opuntia"
1894571008,"Opuntia decumbens","Oaxaca",90,"18","7","2005","FC-UNAM","NO DISPONIBLE","OT_llez",-96.941222,17.8215,"Sierra Madre del Sur province","Opuntia"
1894571024,"Opuntia decumbens","Oaxaca",90,"18","7","2005","FC-UNAM","97899","OT_llez",-96.959361,17.822528,"Balsas Basin province","Opuntia"
1894614607,"Pereskiopsis kellermanii","Oaxaca",100,"10","9","2004","SERBO","36171","S. Arias",-96.149111,15.753889,"Pacific Lowlands province","Pereskiopsis"
1894614719,"Pereskiopsis rotundifolia","Oaxaca",100,"22","7","2005","SERBO","39325","A. Saynes",-96.146,15.750139,"Pacific Lowlands province","Pereskiopsis"
1894614846,"Pereskia lychnidiflora","Oaxaca",100,"23","8","2005","SERBO","39988","S. Salas",-96.172278,15.756444,"Pacific Lowlands province","Pereskia"
1894615615,"Opuntia dejecta","Oaxaca",100,"31","10","2004","SERBO","37886","S. Arias",-96.166306,15.755028,"Pacific Lowlands province","Opuntia"
1894615715,"Opuntia dejecta","Oaxaca",100,"3","6","2005","SERBO","39067","S. Arias",-96.157611,15.740111,"Pacific Lowlands province","Opuntia"
1894615719,"Opuntia dejecta","Oaxaca",100,"17","2","2005","SERBO","38447","S. Arias",-96.213889,15.769639,"Pacific Lowlands province","Opuntia"
1894615728,"Opuntia dejecta","Oaxaca",100,"11","1","2005","SERBO","38028","S. Arias",-96.159167,15.733472,"Pacific Lowlands province","Opuntia"
1894617289,"Opuntia decumbens","Oaxaca",100,"4","5","2005","SERBO","38827","S. Arias",-96.166,15.778833,"Pacific Lowlands province","Opuntia"
1894617295,"Opuntia decumbens","Oaxaca",100,"3","12","2004","SERBO","37381","S. Arias",-96.167389,15.721222,"Pacific Lowlands province","Opuntia"
1894617717,"Opuntia tehuantepecana","Oaxaca",100,"8","9","2004","SERBO","36088","S. Arias",-96.164917,15.724139,"Pacific Lowlands province","Opuntia"
1894892378,"Melocactus curvispinus","Oaxaca",100,"4","3","1982","INECOL","NO DISPONIBLE","NO DISPONIBLE",-95.175,16.208333,"Pacific Lowlands province","Melocactus"
1894893469,"Pereskia lychnidiflora","Oaxaca",100,NA,NA,NA,"INECOL","NO DISPONIBLE","NO DISPONIBLE",-95.025,16.425,"Pacific Lowlands province","Pereskia"
1895115136,"Opuntia decumbens","Oaxaca",90,"12","11","2009","IBUNAM","NO DISPONIBLE","L. Scheinvar",-96.953389,17.766583,"Balsas Basin province","Opuntia"
1895115140,"Opuntia decumbens","Oaxaca",90,"4","12","1993","INEGI","12474","L. Scheinvar",-97.041667,17.691667,"Sierra Madre del Sur province","Opuntia"
1895115163,"Opuntia decumbens","Oaxaca",NA,"12","11","2009","IBUNAM","NO DISPONIBLE","L. Scheinvar",-97,17,"Sierra Madre del Sur province","Opuntia"
1895115187,"Opuntia decumbens","Oaxaca",100,"22","1","1999","CIIDIR-IPN","22511","L. Scheinvar",-95.954167,15.867778,"Pacific Lowlands province","Opuntia"
1895115229,"Opuntia decumbens","Oaxaca",90,"24","4","1993","IBUNAM","NO DISPONIBLE","C. Gom_z",-98.151389,17.716944,"Balsas Basin province","Opuntia"
1895115252,"Opuntia decumbens","Oaxaca",90,"21","12","1993","INEGI","12509","S. Arias",-97.225,17.458333,"Sierra Madre del Sur province","Opuntia"
1895115264,"Opuntia pilifera","Oaxaca",90,"12","11","2009","IBUNAM","NO DISPONIBLE","L. Scheinvar",-96.968917,17.784639,"Balsas Basin province","Opuntia"
1895115274,"Opuntia pilifera","Oaxaca",100,"21","5","1975","ENCB-IPN","308","J. Rzedowski",-96.548611,17.009722,"Balsas Basin province","Opuntia"
1895115287,"Opuntia pilifera","Oaxaca",100,"4","8","1987","CIIDIR-IPN","9483","L. Scheinvar",-96.308056,16.669167,"Pacific Lowlands province","Opuntia"
1895115291,"Opuntia pilifera","Oaxaca",90,"5","12","1993","INEGI","12521","S. Arias",-96.970278,17.900556,"Balsas Basin province","Opuntia"
1895115303,"Opuntia pilifera","Oaxaca",90,"10","3","2000","FB-UMSNH","16080","S. Arias",-97.776108,17.80472,"Balsas Basin province","Opuntia"
1895115312,"Opuntia pilifera","Oaxaca",90,"12","11","2009","IBUNAM","NO DISPONIBLE","L. Scheinvar",-96.998472,17.815611,"Balsas Basin province","Opuntia"
1895115319,"Opuntia pilifera","Oaxaca",90,"12","11","2009","IBUNAM","NO DISPONIBLE","L. Scheinvar",-97.256694,17.791861,"Sierra Madre del Sur province","Opuntia"
1895115399,"Opuntia auberi","Oaxaca",100,"3","5","1985","ENCB-IPN","NO DISPONIBLE","L. Scheinvar",-96.710833,17.105278,"Balsas Basin province","Opuntia"
1895116350,"Opuntia auberi","Oaxaca",NA,"31","7","2008","IBUNAM","NO DISPONIBLE","L. Scheinvar",-96.962778,17.795278,"Balsas Basin province","Opuntia"
1895116385,"Opuntia auberi","Oaxaca",100,"20","5","2000","IBUNAM","NO DISPONIBLE","L. Scheinvar",-96.3625,16.921944,"Balsas Basin province","Opuntia"
1895116481,"Opuntia lasiacantha","Oaxaca",90,"2","5","1994","CIIDIR-IPN","12148","L. Scheinvar",-97.558333,17.341667,"Sierra Madre del Sur province","Opuntia"
1895116723,"Opuntia auberi","Oaxaca",100,NA,"1","1993","IBUNAM","NO DISPONIBLE","L. Scheinvar",-95.934722,15.911944,"Pacific Lowlands province","Opuntia"
1895116852,"Opuntia pubescens","Oaxaca",100,"2","6","1988","CIIDIR-IPN","6210","L. Scheinvar",-96.041667,16.791667,"Pacific Lowlands province","Opuntia"
1895116871,"Opuntia pubescens","Oaxaca",100,"12","5","1988","CIIDIR-IPN","341","L. Scheinvar",-96.391701,16.64583,"Sierra Madre del Sur province","Opuntia"
1895118276,"Opuntia tehuacana","Oaxaca",90,"12","11","2009","IBUNAM","NO DISPONIBLE","L. Scheinvar",-97.2705,17.750167,"Sierra Madre del Sur province","Opuntia"
1895118739,"Opuntia decumbens","Oaxaca",90,"21","6","1999","CIIDIR-IPN","23392","L. Scheinvar",-96.041667,17.258333,"Sierra Madre del Sur province","Opuntia"
1895118884,"Opuntia decumbens","Oaxaca",NA,"31","7","2008","IBUNAM","NO DISPONIBLE","L. Scheinvar",-97.108333,18.058333,"Balsas Basin province","Opuntia"
1895119045,"Opuntia tomentosa","Oaxaca",90,"10","3","2000","FB-UMSNH","16078","L. Scheinvar",-97.067328,17.712499,"Sierra Madre del Sur province","Opuntia"
1895119415,"Opuntia tomentosa","Oaxaca",90,"20","4","1982","ENCB-IPN","473","D. Lorense",-96.516899,17.308361,"Balsas Basin province","Opuntia"
1895119467,"Opuntia tomentosa","Oaxaca",90,"2","5","1994","CIIDIR-IPN","12152","L. Scheinvar",-97.458333,17.241667,"Sierra Madre del Sur province","Opuntia"
1895119724,"Opuntia velutina","Oaxaca",100,"26","2","1988","INECOL","19758","A. Castellanos",-96.328056,16.606111,"Sierra Madre del Sur province","Opuntia"
1895119769,"Opuntia depressa","Oaxaca",NA,"31","7","2008","IBUNAM","NO DISPONIBLE","L. Scheinvar",-97.05722,18.100381,"Balsas Basin province","Opuntia"
1895119801,"Opuntia velutina","Oaxaca",90,"17","11","1993","INEGI","12500","S. Arias",-96.816111,17.834722,"Sierra Madre del Sur province","Opuntia"
1895119812,"Opuntia depressa","Oaxaca",90,"30","12","1993","INEGI","12471","S. Arias",-96.925,17.508333,"Balsas Basin province","Opuntia"
1895119881,"Opuntia depressa","Oaxaca",90,"6","12","1993","INEGI","12516","S. Arias",-96.913611,17.633889,"Balsas Basin province","Opuntia"
1895120170,"Opuntia huajuapensis","Oaxaca",90,"10","4","1981","CIIDIR-IPN","6388","L. Scheinvar",-97.424722,17.573056,"Sierra Madre del Sur province","Opuntia"
1895120227,"Opuntia huajuapensis","Oaxaca",90,"19","7","1968","ENCB-IPN","NO DISPONIBLE","R. Cruz",-97.480556,17.784722,"Sierra Madre del Sur province","Opuntia"
1895120282,"Opuntia huajuapensis","Oaxaca",90,"20","4","1969","ENCB-IPN","NO DISPONIBLE","R. Cruz",-97.470833,17.806667,"Sierra Madre del Sur province","Opuntia"
1895195980,"Myrtillocactus schenckii","Oaxaca",NA,"21","3","1957","IBUNAM","MEXU-ND46","L. Scheinvar",-95.390555,16.063056,"Pacific Lowlands province","Myrtillocactus"
1895196076,"Myrtillocactus schenckii","Oaxaca",NA,NA,NA,"1957","IBUNAM","MEXU-ND47","H. Bravo H.",-95.376389,16.028333,"Pacific Lowlands province","Myrtillocactus"
1895200682,"Pereskiopsis kellermanii","Oaxaca",100,"22","6","1962","IBUNAM","MEXU-ND33","NO DISPONIBLE",-95.623611,16.386667,"Pacific Lowlands province","Pereskiopsis"
1895202158,"Mammillaria karwinskiana","Oaxaca",100,"22","10","1991","IBUNAM","MEXU-4030b","U. Guzm_n C.",-95.241667,16.575,"Pacific Lowlands province","Mammillaria"
1895203551,"Acanthocereus tetragonus","Oaxaca",100,"1","7","1987","IBUNAM","MEXU-9759","S. Arias M.",-95.458333,16.291667,"Pacific Lowlands province","Acanthocereus"
1895223650,"Stenocereus pruinosus","Oaxaca",100,"26","3","1967","IBUNAM","MEXU-ND51","NO DISPONIBLE",-95.608333,16.408333,"Pacific Lowlands province","Stenocereus"
1895233032,"Disocactus ackermannii","Oaxaca",100,"2","8","1961","IBUNAM","MEXU-ND53","H. S_nchez M.",-95.528055,16.684167,"Pacific Lowlands province","Disocactus"
1895238526,"Opuntia decumbens","Oaxaca",100,"8","3","1966","IBUNAM","MEXU-ND49","L. Scheinvar",-95.238889,16.332778,"Pacific Lowlands province","Opuntia"
1895256506,"Aporocactus martianus","Oaxaca",NA,"19","2","1978","IBUNAM","MEXU-ND11","NO DISPONIBLE",-95.378333,16.358611,"Pacific Lowlands province","Aporocactus"
1895382205,"Pereskia lychnidiflora","Oaxaca",100,"25","7","1982","CNS-UT","271289","H. Bravo",-96.129344,15.763225,"Pacific Lowlands province","Pereskia"
1895382210,"Pereskia lychnidiflora","Oaxaca",100,"3","7","1962","CNS-UT","271292","A. D. Zimmerman",-95.198642,16.353572,"Pacific Lowlands province","Pereskia"
1895382213,"Pereskia lychnidiflora","Oaxaca",100,NA,"5","1965","CNS-UT","271288","B. Leuenberger",-95.2388909,16.3252174,"Pacific Lowlands province","Pereskia"
1895382243,"Pereskia lychnidiflora","Oaxaca",100,"23","12","1965","CNS-UT","271287","H. Bravo",-96.038267,16.599256,"Pacific Lowlands province","Pereskia"
1895382268,"Pereskia lychnidiflora","Oaxaca",100,"11","7","1959","CNS-UT","271294","A. D. Zimmerman",-95.018611,16.360281,"Pacific Lowlands province","Pereskia"
1895382296,"Pereskia lychnidiflora","Oaxaca",100,"5","7","1959","CNS-UT","271285","A. D. Zimmerman",-95.212264,16.346214,"Pacific Lowlands province","Pereskia"
1895382330,"Pereskia lychnidiflora","Oaxaca",90,"14","11","1979","CNS-UT","271283","S. D. Koch",-96.348331,18.296669,"Veracruzan province","Pereskia"
1895382333,"Pereskia lychnidiflora","Oaxaca",100,"30","6","1960","CNS-UT","271291","A. D. Zimmerman",-95.1958315,16.1832855,"Pacific Lowlands province","Pereskia"
1895382359,"Pereskia lychnidiflora","Oaxaca",100,"7","7","1959","CNS-UT","271295","UTHerbarium",-95.114431,16.3958,"Pacific Lowlands province","Pereskia"
1895399406,"Stenocereus treleasei","Oaxaca",100,"21","6","1960","CNS-UT","271360","A. D. Zimmerman",-96.6833875,16.8550704,"Balsas Basin province","Stenocereus"
1895405640,"Opuntia tehuantepecana","Oaxaca",100,"3","7","1959","CNS-UT","271231","S. Arias M.",-95.1575,16.175281,"Pacific Lowlands province","Opuntia"
1895405729,"Opuntia tehuantepecana","Oaxaca",100,"9","7","1959","CNS-UT","271228","S. Arias M.",-95.123439,16.559239,"Pacific Lowlands province","Opuntia"
1895405752,"Opuntia tehuantepecana","Oaxaca",100,"22","6","1960","CNS-UT","271230","S. Arias M.",-96.1231207,16.6660092,"Pacific Lowlands province","Opuntia"
1895406185,"Opuntia pubescens","Oaxaca",100,"8","3","1975","CNS-UT","271195","Wallace",-96.4038,16.919939,"Balsas Basin province","Opuntia"
1895406219,"Opuntia pubescens","Oaxaca",100,"21","6","1960","CNS-UT","271194","R. Merrill K.",-96.529814,16.997669,"Balsas Basin province","Opuntia"
1895415328,"Opuntia pilifera","Oaxaca",100,"24","7","1960","CNS-UT","271193","UTHerbarium",-96.4176205,16.9270626,"Balsas Basin province","Opuntia"
1895415391,"Opuntia pilifera","Oaxaca",90,"3","5","1978","CNS-UT","271191","L. Scheinvar",-96.932725,17.455211,"Sierra Madre del Sur province","Opuntia"
1895415423,"Opuntia pilifera","Oaxaca",100,"21","7","1947","CNS-UT","271192","A. D. Zimmerman",-96.4293738,16.9336373,"Balsas Basin province","Opuntia"
1895417586,"Pilosocereus collinsii","Oaxaca",100,"18","7","1959","CNS-UT","181833","A. D. Zimmerman",-94.530503,16.528483,"Pacific Lowlands province","Pilosocereus"
1895424315,"Stenocactus crispatus","Oaxaca",90,"24","3","1985","CNS-UT","181927","A. D. Zimmerman",-96.945625,17.567061,"Balsas Basin province","Stenocactus"
1895425211,"Mammillaria supertexta","Oaxaca",90,"10","12","1982","CNS-UT","271062","O. T_llez V.",-97.632906,17.700783,"Sierra Madre del Sur province","Mammillaria"
1895449875,"Opuntia decumbens","Oaxaca",100,"3","7","1959","CNS-UT","271107","S. Arias M.",-95.161925,16.181347,"Pacific Lowlands province","Opuntia"
1895449899,"Opuntia decumbens","Oaxaca",100,"23","7","1959","CNS-UT","271106","S. Arias M.",-95.8935538,16.4897995,"Pacific Lowlands province","Opuntia"
1895449917,"Opuntia decumbens","Oaxaca",100,"15","7","1959","CNS-UT","271105","S. Arias M.",-94.970625,16.621489,"Pacific Lowlands province","Opuntia"
1895450009,"Opuntia decumbens","Oaxaca",100,"8","7","1959","CNS-UT","271108","S. Arias M.",-95.137344,16.383789,"Pacific Lowlands province","Opuntia"
1895493806,"Stenocereus stellatus","Oaxaca",100,"16","5","1908","CNS-UT","271358","M. Flores",-96.72,17.067781,"Balsas Basin province","Stenocereus"
1895508584,"Aporocactus martianus","Oaxaca",90,"22","2","1987","CNS-UT","181824","W. L. Wagner; J. C. Solomon",-96.416667,17.366667,"Sierra Madre del Sur province","Aporocactus"
1895516038,"Acanthocereus tetragonus","Oaxaca",100,"1","7","1959","CNS-UT","181817","F. Chiang C.",-95.220522,16.342083,"Pacific Lowlands province","Acanthocereus"
1895528405,"Acanthocereus tetragonus","Oaxaca",100,"12","7","1959","CNS-UT","181819","UTHerbarium",-94.977894,16.441267,"Pacific Lowlands province","Acanthocereus"
1895528408,"Acanthocereus tetragonus","Oaxaca",100,"2","7","1959","CNS-UT","181821","UTHerbarium",-95.153836,16.375408,"Pacific Lowlands province","Acanthocereus"
1895528420,"Acanthocereus tetragonus","Oaxaca",100,"16","7","1959","CNS-UT","181818","UTHerbarium",-94.866903,16.573331,"Pacific Lowlands province","Acanthocereus"
1895544793,"Opuntia pilifera","Oaxaca",90,"3","5","1978","IBUNAM","NO DISPONIBLE","_ngel Salvador Arias Montes",-96.908333,17.308333,"Balsas Basin province","Opuntia"
1895545237,"Escontria chiotilla","Oaxaca",90,"4","9","1905","IBUNAM","NO DISPONIBLE","_ngel Salvador Arias Montes",-96.958333,17.741667,"Balsas Basin province","Escontria"
1895545829,"Mammillaria sphacelata","Oaxaca",90,"11","12","1993","IBUNAM","NO DISPONIBLE","Leonardo Ulises Guzm_n Cruz",-97.191667,17.858333,"Sierra Madre del Sur province","Mammillaria"
1895647674,"Pereskia lychnidiflora","Oaxaca",100,"14","10","2005","INECOL","NO DISPONIBLE","NO DISPONIBLE",-96.1675,15.724444,"Pacific Lowlands province","Pereskia"
1895697186,"Pereskia lychnidiflora","Oaxaca",100,NA,NA,"1838","JCJB","NO DISPONIBLE","Leuenberger, B.",-95.603333,16.399167,"Pacific Lowlands province","Pereskia"
1895697191,"Pereskia lychnidiflora","Oaxaca",100,"7","7","1959","NMNH-SI","NO DISPONIBLE","Leuenberger, B.",-95.092778,16.401944,"Pacific Lowlands province","Pereskia"
1895697194,"Pereskia lychnidiflora","Oaxaca",100,"27","5","1995","SERBO","NO DISPONIBLE","Cer_n, M.",-94.913611,16.885556,"Veracruzan province","Pereskia"
1895697199,"Pereskia lychnidiflora","Oaxaca",100,"3","7","1959","NMNH-SI","NO DISPONIBLE","Leuenberger, B.",-95.178889,16.360278,"Pacific Lowlands province","Pereskia"
1895697202,"Pereskia lychnidiflora","Oaxaca",100,"30","9","1998","SERBO","NO DISPONIBLE","Arias, A. S.",-95.856944,15.914167,"Pacific Lowlands province","Pereskia"
1895697222,"Pereskia lychnidiflora","Oaxaca",100,"11","4","1997","SERBO","NO DISPONIBLE","Rivera, J. E.",-95.810833,15.8925,"Pacific Lowlands province","Pereskia"
1895697225,"Pereskia lychnidiflora","Oaxaca",100,NA,"5","1923","NMNH-SI","NO DISPONIBLE","Leuenberger, B.",-95.138333,16.565,"Pacific Lowlands province","Pereskia"
1895697226,"Pereskia lychnidiflora","Oaxaca",100,"21","7","1998","SERBO","NO DISPONIBLE","Arias, A. S.",-96.075,15.949167,"Pacific Lowlands province","Pereskia"
1895697300,"Pereskia lychnidiflora","Oaxaca",100,"14","9","2002","SERBO","NO DISPONIBLE","Reyes, J. P.",-94.943167,16.599778,"Pacific Lowlands province","Pereskia"
1895697311,"Pereskiopsis diguetii","Oaxaca",100,"31","10","1992","INECOL","NO DISPONIBLE","Arias, A. S.",-96.141667,15.741667,"Pacific Lowlands province","Pereskiopsis"
1895697338,"Pereskiopsis rotundifolia","Oaxaca",100,"3","5","1994","IBUNAM","NO DISPONIBLE","Arias, A. S.",-96.668055,17.070833,"Balsas Basin province","Pereskiopsis"
1895697402,"Pereskia lychnidiflora","Oaxaca",100,"5","9","1995","SERBO","NO DISPONIBLE","Arias, A. S.",-95.623889,16.386944,"Pacific Lowlands province","Pereskia"
1895697461,"Pereskiopsis diguetii","Oaxaca",100,"2","7","1959","UM","NO DISPONIBLE","Arias, A. S.",-95.191667,16.175,"Pacific Lowlands province","Pereskiopsis"
1895767234,"Myrtillocactus schenckii","Oaxaca",100,NA,NA,NA,"NO DISPONIBLE","NO DISPONIBLE","NO DISPONIBLE",-96.538333,17.001667,"Balsas Basin province","Myrtillocactus"
1895767261,"Myrtillocactus schenckii","Oaxaca",100,"15","4","1920","IBUNAM","59759","NO DISPONIBLE",-96.478611,16.950278,"Balsas Basin province","Myrtillocactus"
1895767266,"Myrtillocactus schenckii","Oaxaca",100,NA,NA,NA,"IBUNAM","124983","NO DISPONIBLE",-96.360278,16.918611,"Balsas Basin province","Myrtillocactus"
1895767489,"Myrtillocactus schenckii","Oaxaca",100,NA,NA,NA,"NO DISPONIBLE","NO DISPONIBLE","NO DISPONIBLE",-95.603333,16.396667,"Pacific Lowlands province","Myrtillocactus"
1895767573,"Polaskia chichipe","Oaxaca",90,NA,NA,NA,"NO DISPONIBLE","NO DISPONIBLE","NO DISPONIBLE",-97.705,17.73,"Balsas Basin province","Polaskia"
1895767634,"Neobuxbaumia tetetzo","Oaxaca",100,"25","1","1956","IBUNAM","NO DISPONIBLE","NO DISPONIBLE",-95.235,16.326667,"Pacific Lowlands province","Neobuxbaumia"
1895767778,"Myrtillocactus geometrizans","Oaxaca",90,"9","3","1913","NMNH-SI","3045574","NO DISPONIBLE",-96.596389,17.597778,"Sierra Madre del Sur province","Myrtillocactus"
1895767851,"Stenocereus stellatus","Oaxaca",90,"24","10","1990","IBUNAM","NO DISPONIBLE","NO DISPONIBLE",-97.023333,17.950278,"Balsas Basin province","Stenocereus"
1895768100,"Stenocereus treleasei","Oaxaca",100,"11","2","1966","NMNH-SI","279088","NO DISPONIBLE",-96.3815946,16.921923,"Balsas Basin province","Stenocereus"
1895768111,"Neobuxbaumia scoparia","Oaxaca",100,"1","4","1964","IBUNAM","NO DISPONIBLE","NO DISPONIBLE",-95.238333,16.324167,"Pacific Lowlands province","Neobuxbaumia"
1895768286,"Cephalocereus columna-trajani","Oaxaca",90,"7","9","1906","NYBG","NO DISPONIBLE","NO DISPONIBLE",-96.9575,17.7575,"Balsas Basin province","Cephalocereus"
1895768543,"Pachycereus pecten-aboriginum","Oaxaca",100,NA,NA,NA,"IBUNAM","2834004","NO DISPONIBLE",-95.485833,16.571944,"Pacific Lowlands province","Pachycereus"
1895768607,"Escontria chiotilla","Oaxaca",90,"31","3","1968","ENCB-IPN","NO DISPONIBLE","NO DISPONIBLE",-97.011667,17.943333,"Balsas Basin province","Escontria"
1895768699,"Escontria chiotilla","Oaxaca",100,"18","7","1978","ENCB-IPN","NO DISPONIBLE","NO DISPONIBLE",-94.596667,16.459444,"Pacific Lowlands province","Escontria"
1895768706,"Escontria chiotilla","Oaxaca",100,"1","1","1978","IBUNAM","NO DISPONIBLE","NO DISPONIBLE",-96.415,16.916667,"Balsas Basin province","Escontria"
1895768742,"Pilosocereus collinsii","Oaxaca",100,NA,NA,"1952","IBUNAM","59796","NO DISPONIBLE",-95.193333,16.186944,"Pacific Lowlands province","Pilosocereus"
1895768781,"Escontria chiotilla","Oaxaca",100,"18","4","1965","ENCB-IPN","NO DISPONIBLE","NO DISPONIBLE",-96.527778,16.313056,"Balsas Basin province","Escontria"
1895768784,"Pilosocereus chrysacanthus","Oaxaca",100,NA,NA,NA,"NO DISPONIBLE","NO DISPONIBLE","NO DISPONIBLE",-96.716667,17.066667,"Balsas Basin province","Pilosocereus"
1895768825,"Escontria chiotilla","Oaxaca",90,NA,NA,NA,"NO DISPONIBLE","NO DISPONIBLE","NO DISPONIBLE",-96.075,17.058333,"Sierra Madre del Sur province","Escontria"
1895768956,"Neobuxbaumia tetetzo","Oaxaca",90,NA,NA,NA,"NO DISPONIBLE","NO DISPONIBLE","NO DISPONIBLE",-97.061667,18.026667,"Balsas Basin province","Neobuxbaumia"
1895769010,"Neobuxbaumia tetetzo","Oaxaca",100,NA,NA,NA,"NO DISPONIBLE","NO DISPONIBLE","NO DISPONIBLE",-95.226667,16.316667,"Pacific Lowlands province","Neobuxbaumia"
1895769042,"Neobuxbaumia tetetzo","Oaxaca",100,NA,NA,NA,"NO DISPONIBLE","NO DISPONIBLE","NO DISPONIBLE",-96.306667,16.663333,"Pacific Lowlands province","Neobuxbaumia"
1895769116,"Cephalocereus apicicephalium","Oaxaca",100,NA,NA,NA,"NO DISPONIBLE","NO DISPONIBLE","NO DISPONIBLE",-95.3485016,16.3699179,"Pacific Lowlands province","Cephalocereus"
1895769123,"Cephalocereus apicicephalium","Oaxaca",100,"1","7","1953","ASU","NO DISPONIBLE","NO DISPONIBLE",-95.458333,16.325,"Pacific Lowlands province","Cephalocereus"
1895769139,"Cephalocereus apicicephalium","Oaxaca",100,"13","4","1972","IBUNAM","NO DISPONIBLE","NO DISPONIBLE",-95.227222,16.4225,"Pacific Lowlands province","Cephalocereus"
1895769143,"Cephalocereus apicicephalium","Oaxaca",100,NA,NA,NA,"NO DISPONIBLE","NO DISPONIBLE","NO DISPONIBLE",-96.393571,16.486687,"Sierra Madre del Sur province","Cephalocereus"
1895769150,"Cephalocereus apicicephalium","Oaxaca",100,NA,NA,NA,"NO DISPONIBLE","NO DISPONIBLE","NO DISPONIBLE",-95.976756,16.451293,"Pacific Lowlands province","Cephalocereus"
1895769154,"Cephalocereus apicicephalium","Oaxaca",100,"1","4","1959","IBUNAM","NO DISPONIBLE","NO DISPONIBLE",-96.15946,16.702005,"Pacific Lowlands province","Cephalocereus"
1895769167,"Cephalocereus apicicephalium","Oaxaca",100,NA,NA,NA,"NO DISPONIBLE","NO DISPONIBLE","NO DISPONIBLE",-94.940848,16.541097,"Pacific Lowlands province","Cephalocereus"
1895769176,"Cephalocereus apicicephalium","Oaxaca",100,"1","4","1963","IBUNAM","NO DISPONIBLE","NO DISPONIBLE",-95.149417,16.725101,"Pacific Lowlands province","Cephalocereus"
1895769199,"Cephalocereus apicicephalium","Oaxaca",100,"19","2","1978","IBUNAM","NO DISPONIBLE","NO DISPONIBLE",-95.378333,16.36,"Pacific Lowlands province","Cephalocereus"
1895769210,"Cephalocereus apicicephalium","Oaxaca",100,"1","4","1959","IBUNAM","NO DISPONIBLE","NO DISPONIBLE",-95.545914,16.424224,"Pacific Lowlands province","Cephalocereus"
1895769215,"Cephalocereus apicicephalium","Oaxaca",100,"3","9","1972","IBUNAM","NO DISPONIBLE","NO DISPONIBLE",-95.459535,16.580393,"Pacific Lowlands province","Cephalocereus"
1895769220,"Cephalocereus apicicephalium","Oaxaca",100,NA,NA,NA,"NO DISPONIBLE","NO DISPONIBLE","NO DISPONIBLE",-95.341667,16.391667,"Pacific Lowlands province","Cephalocereus"
1895769225,"Cephalocereus apicicephalium","Oaxaca",100,"1","1","1952","IBUNAM","NO DISPONIBLE","NO DISPONIBLE",-94.886667,16.458333,"Pacific Lowlands province","Cephalocereus"
1895769238,"Cephalocereus apicicephalium","Oaxaca",100,"1","1","1952","IBUNAM","NO DISPONIBLE","NO DISPONIBLE",-96.3667,16.3267,"Sierra Madre del Sur province","Cephalocereus"
1895769244,"Cephalocereus apicicephalium","Oaxaca",100,"1","1","1966","IBUNAM","NO DISPONIBLE","NO DISPONIBLE",-95.86633,16.43633,"Pacific Lowlands province","Cephalocereus"
1895769253,"Cephalocereus apicicephalium","Oaxaca",100,NA,NA,NA,"NO DISPONIBLE","NO DISPONIBLE","NO DISPONIBLE",-96.083,16.65,"Pacific Lowlands province","Cephalocereus"
1896090328,"Rhipsalis baccifera","Oaxaca",90,"9","12","2002","STDOM","4213","J. Reyes",-96.623611,18.012889,"Veracruzan province","Rhipsalis"
1896090807,"Opuntia pilifera","Oaxaca",100,"15","4","2004","STDOM","1589","C. Ch_vez; P. Carrera",-96.199528,16.960639,"Pacific Lowlands province","Opuntia"
1896090856,"Escontria chiotilla","Oaxaca",90,"18","12","2000","STDOM","652","J. Reyes",-96.961111,17.815,"Balsas Basin province","Escontria"
1896090868,"Escontria chiotilla","Oaxaca",90,"9","1","2001","STDOM","651","J. Reyes",-96.991667,17.794722,"Balsas Basin province","Escontria"
1896091247,"Mammillaria karwinskiana","Oaxaca",100,"22","9","2004","STDOM","NO APLICA","C. Ch_vez; F. Mart_nez",-96.753194,16.706056,"Balsas Basin province","Mammillaria"
1896091710,"Opuntia pubescens","Oaxaca",100,"15","10","2003","STDOM","3150","J. Reyes",-96.417278,16.805944,"Balsas Basin province","Opuntia"
1896093286,"Cephalocereus columna-trajani","Oaxaca",90,NA,NA,NA,"STDOM","NO APLICA","C. Ch_vez; F. Mart_nez",-97.351083,18.083889,"Sierra Madre del Sur province","Cephalocereus"
1896093538,"Epiphyllum anguliger","Oaxaca",100,"28","11","2003","STDOM","3212","J. Reyes",-97.075583,16.388083,"Sierra Madre del Sur province","Epiphyllum"
1896093862,"Disocactus ackermannii","Oaxaca",90,"30","9","2002","STDOM","4134","J. Reyes",-96.947222,17.592778,"Balsas Basin province","Disocactus"
1896093949,"Pachycereus pecten-aboriginum","Oaxaca",100,"27","8","2004","STDOM","NO APLICA","C. Ch_vez; F. Mart_nez",-95.972861,15.844667,"Pacific Lowlands province","Pachycereus"
1896093998,"Mammillaria carnea","Oaxaca",90,"9","1","2001","STDOM","653","J. Reyes",-96.988828,17.802308,"Balsas Basin province","Mammillaria"
1896094351,"Stenocereus treleasei","Oaxaca",90,"18","5","2004","STDOM","NO APLICA","C. Ch_vez; F. Mart_nez",-96.801139,17.197778,"Balsas Basin province","Stenocereus"
1896094397,"Myrtillocactus schenckii","Oaxaca",100,"15","4","2004","STDOM","2910","J. Reyes",-96.201361,16.954778,"Pacific Lowlands province","Myrtillocactus"
1897332847,"Rhipsalis baccifera","Oaxaca",90,"11","8","2005","INECOL","214234","NO DISPONIBLE",-96.3235,17.431833,"Sierra Madre del Sur province","Rhipsalis"
1897339505,"Epiphyllum oxypetalum","Oaxaca",90,"22","5","1995","INECOL","175607","C. E. Glass",-96.642167,18.048667,"Veracruzan province","Epiphyllum"
1897339516,"Epiphyllum oxypetalum","Oaxaca",90,"27","6","1999","INECOL","210565","NO DISPONIBLE",-94.352222,17.160556,"Veracruzan province","Epiphyllum"
1897349202,"Mammillaria sphacelata","Oaxaca",90,"16","4","2002","INECOL","217969","C. A. Cruz E.",-96.940555,17.743611,"Balsas Basin province","Mammillaria"
1897350351,"Mammillaria crucigera","Oaxaca",90,"10","8","1994","INECOL","221827","C. E. Glass",-97.060167,17.912667,"Balsas Basin province","Mammillaria"
1897351653,"Stenocereus pruinosus","Oaxaca",90,"19","4","2002","INECOL","217976","C. A. Cruz E.",-96.951111,17.714167,"Balsas Basin province","Stenocereus"
1897361122,"Mammillaria supertexta","Oaxaca",90,"11","8","1994","INECOL","221823","C. E. Glass",-97.0065,17.909667,"Balsas Basin province","Mammillaria"
1897364300,"Marginatocereus marginatus","Oaxaca",90,"22","4","2002","INECOL","217285","C. A. Cruz E.",-96.948055,17.696944,"Balsas Basin province","Marginatocereus"
1897375846,"Escontria chiotilla","Oaxaca",90,"19","4","2002","INECOL","217365","C. A. Cruz E.",-96.941111,17.710278,"Balsas Basin province","Escontria"
1897379877,"Mammillaria huitzilopochtli","Oaxaca",90,"10","8","1994","INECOL","211825","C. E. Glass",-96.991833,17.929333,"Balsas Basin province","Mammillaria"
1897380029,"Stenocereus stellatus","Oaxaca",90,"5","8","2002","INECOL","182185","C. A. Cruz E.",-96.942861,17.701583,"Balsas Basin province","Stenocereus"
1897382159,"Pereskia lychnidiflora","Oaxaca",100,"17","9","2001","INECOL","221447","J. Reyes S.",-95.837,15.865111,"Pacific Lowlands province","Pereskia"
1897486936,"Pachycereus pecten-aboriginum","Oaxaca",NA,"1","3","2015","UAMI","JF102/OAX/2564","DBA",-95.170583,16.574,"Pacific Lowlands province","Pachycereus"
1897486960,"Epiphyllum oxypetalum","Oaxaca",NA,"9","4","2014","UAMI","JF102/OAX/1003","SAM",-96.599472,17.955417,"Veracruzan province","Epiphyllum"
1897487925,"Mammillaria voburnensis","Oaxaca",NA,"9","7","2013","UAMI","JF102/OAX/0315","SAM",-95.238028,16.548944,"Pacific Lowlands province","Mammillaria"
1897488140,"Aporocactus martianus","Oaxaca",NA,"20","2","2013","UAMI","JF102/OAX/0102","SAM",-96.937055,18.123222,"Sierra Madre del Sur province","Aporocactus"
1897488164,"Aporocactus martianus","Oaxaca",NA,"6","4","2014","UAMI","JF102/OAX/0981","SAM",-96.754805,18.065222,"Sierra Madre del Sur province","Aporocactus"
1897488189,"Aporocactus martianus","Oaxaca",NA,"12","4","2014","UAMI","JF102/OAX/1125","SAM",-96.807361,17.902861,"Sierra Madre del Sur province","Aporocactus"
1897488552,"Opuntia lasiacantha","Oaxaca",NA,"1","3","2015","UAMI","JF102/OAX/2580","DBA",-95.170028,16.566778,"Pacific Lowlands province","Opuntia"
1897488556,"Opuntia lasiacantha","Oaxaca",NA,"22","5","2014","UAMI","JF102/OAX/1256","SAM",-94.742055,16.714778,"Pacific Lowlands province","Opuntia"
1897488623,"Opuntia lasiacantha","Oaxaca",NA,"10","9","2014","UAMI","JF102/OAX/1593","SAM",-96.565889,17.432472,"Balsas Basin province","Opuntia"
1897488797,"Disocactus ackermannii","Oaxaca",NA,"20","2","2013","UAMI","JF102/OAX/0109","SAM",-96.935333,18.121611,"Sierra Madre del Sur province","Disocactus"
1897488833,"Disocactus ackermannii","Oaxaca",NA,"13","4","2014","UAMI","JF102/OAX/1153","SAM",-96.799522,17.925444,"Sierra Madre del Sur province","Disocactus"
1897489082,"Rhipsalis baccifera","Oaxaca",NA,"6","10","2014","UAMI","JF102/OAX/1804","JRdSG",-96.265333,17.441361,"Sierra Madre del Sur province","Rhipsalis"
1897566411,"Peniocereus fosterianus","Oaxaca",NA,"24","7","1998","SERBO","11073","S. Arias M.",-95.872778,15.872222,"Pacific Lowlands province","Peniocereus"
1897566458,"Peniocereus fosterianus","Oaxaca",NA,"5","10","1999","SERBO","3586","E.J. Lott",-95.9825,15.840833,"Pacific Lowlands province","Peniocereus"
1897566547,"Opuntia velutina","Oaxaca",NA,"24","4","2000","SERBO","6345","J. Reyes S.",-95.946667,15.832861,"Pacific Lowlands province","Opuntia"
1897567244,"Coryphantha pallida","Oaxaca",NA,"20","9","1994","SERBO","1482","S. Arias M.",-97.029444,17.795556,"Balsas Basin province","Coryphantha"
1897567457,"Peniocereus oaxacensis","Oaxaca",NA,"10","6","2000","SERBO","6399","J. Reyes S.",-95.978333,15.861944,"Pacific Lowlands province","Peniocereus"
1897567465,"Peniocereus oaxacensis","Oaxaca",NA,"10","8","2000","SERBO","7617","J. Reyes S.",-95.894167,15.856667,"Pacific Lowlands province","Peniocereus"
1897567491,"Peniocereus oaxacensis","Oaxaca",NA,"13","5","1999","SERBO","3638","E.J. Lott",-95.958333,15.979722,"Pacific Lowlands province","Peniocereus"
1897568014,"Mammillaria voburnensis","Oaxaca",NA,"14","9","2002","SERBO","29648","E. P_rez G.",-94.964591,16.626333,"Pacific Lowlands province","Mammillaria"
1897568088,"Mammillaria voburnensis","Oaxaca",NA,"4","12","1999","SERBO","14807","S. Arias M.",-95.944444,15.951111,"Pacific Lowlands province","Mammillaria"
1897568414,"Acanthocereus tetragonus","Oaxaca",NA,"9","5","2000","SERBO","6390","J. Reyes S.",-95.980278,15.841667,"Pacific Lowlands province","Acanthocereus"
1897569105,"Epiphyllum hookeri","Oaxaca",NA,"9","8","2002","SERBO","29112","C. G_mez H.",-94.978889,16.742972,"Pacific Lowlands province","Epiphyllum"
1897570226,"Pachycereus pecten-aboriginum","Oaxaca",NA,"15","2","1998","SERBO","5054","C. G_mez H.",-95.664444,15.992778,"Pacific Lowlands province","Pachycereus"
1897570238,"Pachycereus pecten-aboriginum","Oaxaca",NA,"7","2","1997","SERBO","13113","S. Arias M.",-95.915278,15.873333,"Pacific Lowlands province","Pachycereus"
1897570519,"Peniocereus oaxacensis","Oaxaca",NA,"27","8","1999","SERBO","4099","E.J. Lott",-96.004722,15.875278,"Pacific Lowlands province","Peniocereus"
1897571383,"Mammillaria polyedra","Oaxaca",NA,"21","12","1996","SERBO","2674","S. Arias M.",-96.949722,17.924444,"Balsas Basin province","Mammillaria"
1897571441,"Disocactus speciosus","Oaxaca",NA,"20","4","2004","SERBO","35154","S. Arias M.",-96.511694,16.069806,"Sierra Madre del Sur province","Disocactus"
1897571932,"Opuntia decumbens","Oaxaca",NA,"15","1","1998","SERBO","10405","S. Arias M.",-95.906944,15.862222,"Pacific Lowlands province","Opuntia"
1897571940,"Opuntia decumbens","Oaxaca",NA,"9","2","1997","SERBO","10404","S. Arias M.",-95.969444,15.81825,"Pacific Lowlands province","Opuntia"
1897572535,"Stenocereus pruinosus","Oaxaca",NA,"12","4","2011","SERBO","68446","C. G_mez H.",-96.145166,16.727722,"Sierra Madre del Sur province","Stenocereus"
1897572545,"Stenocereus pruinosus","Oaxaca",NA,"7","12","1999","SERBO","4636","S. Arias M.",-95.993055,15.844722,"Pacific Lowlands province","Stenocereus"
1897572899,"Neobuxbaumia tetetzo","Oaxaca",NA,"13","3","2012","SERBO","73539","C. G_mez H.",-96.276944,16.729167,"Sierra Madre del Sur province","Neobuxbaumia"
1897572923,"Neobuxbaumia tetetzo","Oaxaca",NA,"19","4","2000","SERBO","6635","J. Reyes S.",-95.908611,15.863889,"Pacific Lowlands province","Neobuxbaumia"
1897572946,"Neobuxbaumia tetetzo","Oaxaca",NA,"20","5","2011","SERBO","68489","C. G_mez H.",-96.276778,16.736222,"Sierra Madre del Sur province","Neobuxbaumia"
1897572955,"Neobuxbaumia tetetzo","Oaxaca",NA,"18","4","2000","SERBO","7161","J. Reyes S.",-96.09,15.957222,"Pacific Lowlands province","Neobuxbaumia"
1897572991,"Mammillaria karwinskiana","Oaxaca",NA,"30","10","2001","SERBO","26920","J. Reyes S.",-95.863722,15.898333,"Pacific Lowlands province","Mammillaria"
1897573203,"Rhipsalis baccifera","Oaxaca",NA,"10","12","2008","SERBO","56742","C. G_mez H.",-95.567972,17.247556,"Veracruzan province","Rhipsalis"
1897573560,"Pereskiopsis rotundifolia","Oaxaca",NA,"24","5","2002","SERBO","28874","J. Reyes S.",-95.966111,15.820472,"Pacific Lowlands province","Pereskiopsis"
1897574497,"Pereskia lychnidiflora","Oaxaca",NA,"9","7","1998","SERBO","12114","S. Arias M.",-95.933055,15.904722,"Pacific Lowlands province","Pereskia"
1897574509,"Pereskia lychnidiflora","Oaxaca",NA,"22","5","2000","SERBO","6795","J. Reyes S.",-95.913611,15.843889,"Pacific Lowlands province","Pereskia"
1897574532,"Pereskia lychnidiflora","Oaxaca",NA,"14","9","2002","SERBO","29592","C. G_mez H.",-94.965166,16.622417,"Pacific Lowlands province","Pereskia"
1897574543,"Pereskia lychnidiflora","Oaxaca",NA,"21","6","1999","SERBO","12112","S. Arias M.",-95.950833,15.831944,"Pacific Lowlands province","Pereskia"
1897574565,"Pereskia lychnidiflora","Oaxaca",NA,"8","8","1998","SERBO","12113","S. Arias M.",-95.903333,15.841111,"Pacific Lowlands province","Pereskia"
1897575256,"Opuntia dejecta","Oaxaca",NA,"24","9","1999","SERBO","10411","S. Arias M.",-96.041667,15.936111,"Pacific Lowlands province","Opuntia"
1897575268,"Opuntia dejecta","Oaxaca",NA,"6","12","1999","SERBO","10410","S. Arias M.",-95.954167,15.866667,"Pacific Lowlands province","Opuntia"
1897575274,"Opuntia dejecta","Oaxaca",NA,"4","2","1997","SERBO","10412","S. Arias M.",-96.018611,15.874444,"Pacific Lowlands province","Opuntia"
1897576060,"Neobuxbaumia scoparia","Oaxaca",NA,"12","8","2002","SERBO","29195","J. Reyes S.",-94.956472,16.612417,"Pacific Lowlands province","Neobuxbaumia"
1897576091,"Disocactus macranthus","Oaxaca",NA,"10","7","2008","SERBO","55062","C. G_mez H.",-94.196111,16.736556,"Veracruzan province","Disocactus"
1897576509,"Mammillaria haageana","Oaxaca",NA,"14","2","2012","SERBO","72310","C. G_mez H.",-96.897278,17.049639,"Sierra Madre del Sur province","Mammillaria"
1897576542,"Mammillaria haageana","Oaxaca",NA,"21","2","2012","SERBO","72200","C. G_mez H.",-96.895139,17.070111,"Sierra Madre del Sur province","Mammillaria"
1897576553,"Mammillaria haageana","Oaxaca",NA,"17","10","2011","SERBO","69976","C. G_mez H.",-96.889028,17.0715,"Balsas Basin province","Mammillaria"
1897576567,"Mammillaria haageana","Oaxaca",NA,"22","11","2011","SERBO","71446","C. G_mez H.",-96.844555,17.070194,"Balsas Basin province","Mammillaria"
1897576641,"Opuntia auberi","Oaxaca",NA,"24","2","1999","SERBO","9566","S. Arias M.",-95.874722,15.888889,"Pacific Lowlands province","Opuntia"
1897577605,"Opuntia karwinskiana","Oaxaca",NA,"5","5","2000","SERBO","6370","J. Reyes S.",-95.949444,15.85,"Pacific Lowlands province","Opuntia"
1897577655,"Opuntia karwinskiana","Oaxaca",NA,"10","4","2000","SERBO","6324","J. Reyes S.",-95.956389,15.846944,"Pacific Lowlands province","Opuntia"
1897600291,"Coryphantha retusa","Oaxaca",NA,"5","9","2009","FESZ-UNAM","2559","Balbina V_zquez B.",-97.658611,18.20875,"Balsas Basin province","Coryphantha"
1897600303,"Coryphantha retusa","Oaxaca",NA,"5","9","2009","FESZ-UNAM","2558","Balbina V_zquez B.",-97.692833,18.05925,"Balsas Basin province","Coryphantha"
1897600310,"Coryphantha retusa","Oaxaca",NA,"19","10","2012","FESZ-UNAM","NO APLICA","Balbina V_zquez B.",-97.797944,17.852417,"Balsas Basin province","Coryphantha"
1897600315,"Coryphantha retusa","Oaxaca",NA,"19","1","2004","FESZ-UNAM","NO APLICA","Ulises Guzm_n",-96.36525,16.83638,"Sierra Madre del Sur province","Coryphantha"
1897600321,"Coryphantha retusa","Oaxaca",NA,"18","10","2012","FESZ-UNAM","NO APLICA","Balbina V_zquez B.",-96.516889,17.041194,"Balsas Basin province","Coryphantha"
1897600327,"Coryphantha retusa","Oaxaca",NA,"25","6","2011","FESZ-UNAM","2634","Balbina V_zquez B.",-97.6625,18.203083,"Balsas Basin province","Coryphantha"
1897600331,"Coryphantha retusa","Oaxaca",NA,"22","1","2004","FESZ-UNAM","NO APLICA","Ulises Guzm_n",-96.52955,16.35797,"Balsas Basin province","Coryphantha"
1897600334,"Coryphantha retusa","Oaxaca",NA,"18","10","2012","FESZ-UNAM","NO APLICA","Balbina V_zquez B.",-97.646472,17.709694,"Sierra Madre del Sur province","Coryphantha"
1897600337,"Coryphantha retusa","Oaxaca",NA,"18","10","2012","FESZ-UNAM","NO APLICA","Balbina V_zquez B.",-96.331555,16.922417,"Balsas Basin province","Coryphantha"
1897600339,"Coryphantha retusa","Oaxaca",NA,"20","10","1990","IBUNAM","NO DISPONIBLE","Salvador Arias M.",-97.362222,17.875,"Sierra Madre del Sur province","Coryphantha"
1897600340,"Mammillaria discolor","Oaxaca",NA,"8","4","1981","IBUNAM","399575","Ulises Guzm_n",-97.54361,17.49388,"Sierra Madre del Sur province","Mammillaria"
1897600344,"Mammillaria discolor","Oaxaca",NA,NA,NA,NA,"FESZ-UNAM","NO APLICA","Michel Lacoste",-97.5,17.833333,"Sierra Madre del Sur province","Mammillaria"
1897600345,"Mammillaria discolor","Oaxaca",NA,"13","12","2004","FESZ-UNAM","NO APLICA","Ulises Guzm_n",-97.07086,17.70155,"Sierra Madre del Sur province","Mammillaria"
1897600359,"Coryphantha retusa","Oaxaca",NA,"11","7","2004","FESZ-UNAM","NO APLICA","Ulises Guzm_n",-96.44144,16.99644,"Balsas Basin province","Coryphantha"
1897600368,"Mammillaria discolor","Oaxaca",NA,"7","2","2004","FESZ-UNAM","NO APLICA","Ulises Guzm_n",-96.85941,17.71947,"Sierra Madre del Sur province","Mammillaria"
1897600867,"Mammillaria carnea","Oaxaca",NA,"8","2","2004","FESZ-UNAM","NO APLICA","Ulises Guzm_n",-96.962317,17.828777,"Balsas Basin province","Mammillaria"
1897600910,"Mammillaria carnea","Oaxaca",NA,NA,NA,NA,"FESZ-UNAM","NO APLICA","Michel Lacoste",-97.025421,17.868721,"Balsas Basin province","Mammillaria"
1897600929,"Mammillaria carnea","Oaxaca",NA,"16","4","2004","FESZ-UNAM","NO APLICA","Ulises Guzm_n",-96.940933,17.827142,"Sierra Madre del Sur province","Mammillaria"
1897600941,"Coryphantha elephantidens","Oaxaca",NA,"18","4","2004","FESZ-UNAM","NO APLICA","Ulises Guzm_n",-96.321434,16.686548,"Sierra Madre del Sur province","Coryphantha"
1897600975,"Coryphantha pallida","Oaxaca",NA,"5","3","2005","FESZ-UNAM","NO APLICA","Ulises Guzm_n",-97.04788,18.05105,"Balsas Basin province","Coryphantha"
1897600984,"Mammillaria carnea","Oaxaca",NA,"15","4","2004","FESZ-UNAM","NO APLICA","Ulises Guzm_n",-97.319298,17.934969,"Sierra Madre del Sur province","Mammillaria"
1897601004,"Coryphantha pallida","Oaxaca",NA,NA,"3","1954","IBUNAM","61667","Helia Bravo Hollis",-97.058888,18.129999,"Balsas Basin province","Coryphantha"
1897601008,"Coryphantha pallida","Oaxaca",NA,"16","4","2004","FESZ-UNAM","NO APLICA","Ulises Guzm_n",-97.01469,17.81163,"Balsas Basin province","Coryphantha"
1897601009,"Coryphantha pallida","Oaxaca",NA,"8","2","2004","FESZ-UNAM","NO APLICA","Ulises Guzm_n",-97.00133,17.81355,"Balsas Basin province","Coryphantha"
1897601023,"Mammillaria carnea","Oaxaca",NA,NA,NA,NA,"FESZ-UNAM","NO APLICA","Michel Lacoste",-96.65,17.583333,"Balsas Basin province","Mammillaria"
1897601027,"Coryphantha pallida","Oaxaca",NA,"4","9","2009","FESZ-UNAM","2555","Balbina V_zquez B.",-97.022805,17.835886,"Balsas Basin province","Coryphantha"
1897601064,"Coryphantha pallida","Oaxaca",NA,"4","9","2009","FESZ-UNAM","2556","Balbina V_zquez B.",-97.138694,17.802083,"Sierra Madre del Sur province","Coryphantha"
1897601066,"Mammillaria haageana","Oaxaca",NA,NA,NA,NA,"FESZ-UNAM","NO APLICA","Ulises Guzm_n",-97.483333,17.65,"Sierra Madre del Sur province","Mammillaria"
1897601084,"Mammillaria haageana","Oaxaca",NA,"3","9","2012","FESZ-UNAM","NO APLICA","Ulises Guzm_n",-97.64891,18.21291,"Balsas Basin province","Mammillaria"
1897601098,"Mammillaria haageana","Oaxaca",NA,NA,NA,NA,"FESZ-UNAM","NO APLICA","Ulises Guzm_n",-97.75,17.766667,"Balsas Basin province","Mammillaria"
1897601141,"Mammillaria haageana","Oaxaca",NA,"5","2","2004","FESZ-UNAM","NO APLICA","Ulises Guzm_n",-97.69344,18.03202,"Balsas Basin province","Mammillaria"
1897601152,"Mammillaria haageana","Oaxaca",NA,NA,NA,NA,"FESZ-UNAM","NO APLICA","Ulises Guzm_n",-97.9,17.733333,"Balsas Basin province","Mammillaria"
1897601227,"Mammillaria zephyranthoides","Oaxaca",NA,"3","5","1995","FESZ-UNAM","NO APLICA","Ulises Guzm_n",-97.47471,17.80444,"Sierra Madre del Sur province","Mammillaria"
1897601229,"Mammillaria zephyranthoides","Oaxaca",NA,"3","5","1995","FESZ-UNAM","NO APLICA","Ulises Guzm_n",-97.56694,17.66833,"Sierra Madre del Sur province","Mammillaria"
1897601242,"Mammillaria zephyranthoides","Oaxaca",NA,NA,NA,NA,"FESZ-UNAM","NO APLICA","Michel Lacoste",-97.41666,18,"Sierra Madre del Sur province","Mammillaria"
1897601320,"Mammillaria albilanata","Oaxaca",NA,"23","9","2011","FESZ-UNAM","NO APLICA","Ulises Guzm_n",-96.945556,17.567528,"Balsas Basin province","Mammillaria"
1897601328,"Mammillaria albilanata","Oaxaca",NA,NA,NA,NA,"FESZ-UNAM","NO APLICA","Ulises Guzm_n",-96.516667,16.233333,"Sierra Madre del Sur province","Mammillaria"
1897601329,"Mammillaria albilanata","Oaxaca",NA,NA,NA,NA,"FESZ-UNAM","NO APLICA","Ulises Guzm_n",-96.566667,17.6,"Sierra Madre del Sur province","Mammillaria"
1897601357,"Mammillaria albilanata","Oaxaca",NA,"6","10","2006","FESZ-UNAM","NO APLICA","Ulises Guzm_n",-97.52947,17.13155,"Sierra Madre del Sur province","Mammillaria"
1897601368,"Mammillaria albilanata","Oaxaca",NA,NA,NA,NA,"FESZ-UNAM","NO APLICA","Ulises Guzm_n",-96.466667,16.383333,"Balsas Basin province","Mammillaria"
1897601386,"Mammillaria albilanata","Oaxaca",NA,"5","3","2005","FESZ-UNAM","NO APLICA","Ulises Guzm_n",-96.93347,17.60772,"Balsas Basin province","Mammillaria"
1897601401,"Mammillaria albilanata","Oaxaca",NA,NA,NA,NA,"FESZ-UNAM","NO APLICA","Ulises Guzm_n",-96.3,16.666667,"Pacific Lowlands province","Mammillaria"
1897601425,"Mammillaria albilanata","Oaxaca",NA,"9","6","2002","IBUNAM","NO DISPONIBLE","Carlos G_mez",-95.452778,16.403333,"Pacific Lowlands province","Mammillaria"
1897601426,"Mammillaria albilanata","Oaxaca",NA,NA,NA,NA,"FESZ-UNAM","NO APLICA","Ulises Guzm_n",-96.21666,16.476667,"Sierra Madre del Sur province","Mammillaria"
1897601463,"Mammillaria albilanata","Oaxaca",NA,"2","9","2012","FESZ-UNAM","NO APLICA","Ulises Guzm_n",-96.10027,16.66166,"Pacific Lowlands province","Mammillaria"
1897601798,"Mammillaria karwinskiana","Oaxaca",NA,NA,NA,NA,"FESZ-UNAM","NO APLICA","Ulises Guzm_n",-95.966667,16.516667,"Sierra Madre del Sur province","Mammillaria"
1897601807,"Mammillaria karwinskiana","Oaxaca",NA,NA,NA,NA,"FESZ-UNAM","NO APLICA","Ulises Guzm_n",-95.766667,16.4,"Pacific Lowlands province","Mammillaria"
1897601819,"Mammillaria karwinskiana","Oaxaca",NA,"6","3","2005","FESZ-UNAM","NO APLICA","Ulises Guzm_n",-96.33344,16.72127,"Sierra Madre del Sur province","Mammillaria"
1897601822,"Mammillaria karwinskiana","Oaxaca",NA,NA,NA,NA,"FESZ-UNAM","NO APLICA","Ulises Guzm_n",-96.033333,16.616667,"Pacific Lowlands province","Mammillaria"
1897601824,"Mammillaria mystax","Oaxaca",NA,NA,NA,NA,"FESZ-UNAM","NO APLICA","Ulises Guzm_n",-97.683333,17.266667,"Sierra Madre del Sur province","Mammillaria"
1897601826,"Mammillaria karwinskiana","Oaxaca",NA,NA,NA,NA,"FESZ-UNAM","NO APLICA","Ulises Guzm_n",-96.316667,16.7,"Sierra Madre del Sur province","Mammillaria"
1897601833,"Mammillaria karwinskiana","Oaxaca",NA,"2","9","2012","FESZ-UNAM","NO APLICA","Ulises Guzm_n",-95.73333,16.40527,"Pacific Lowlands province","Mammillaria"
1897601859,"Mammillaria karwinskiana","Oaxaca",NA,"17","4","2004","FESZ-UNAM","NO APLICA","Ulises Guzm_n",-96.3235,16.73555,"Sierra Madre del Sur province","Mammillaria"
1897601863,"Mammillaria mystax","Oaxaca",NA,"1","11","2011","FESZ-UNAM","NO APLICA","Ulises Guzm_n",-97.656944,17.355277,"Sierra Madre del Sur province","Mammillaria"
1897601864,"Coryphantha pallida","Oaxaca",NA,"26","6","2011","FESZ-UNAM","2637","Balbina V_zquez B.",-97.407055,17.691917,"Sierra Madre del Sur province","Coryphantha"
1897601866,"Coryphantha pallida","Oaxaca",NA,"11","8","1995","IBUNAM","NO DISPONIBLE","Balbina V_zquez B.",-97.366666,17.726389,"Sierra Madre del Sur province","Coryphantha"
1897601869,"Coryphantha pallida","Oaxaca",NA,"4","9","2009","FESZ-UNAM","2557","Balbina V_zquez B.",-97.234361,17.849861,"Sierra Madre del Sur province","Coryphantha"
1897601880,"Coryphantha pallida","Oaxaca",NA,"23","10","1990","IBUNAM","NO DISPONIBLE","Salvador Arias M.",-97.192777,17.852778,"Sierra Madre del Sur province","Coryphantha"
1897601882,"Coryphantha pallida","Oaxaca",NA,"26","6","2011","FESZ-UNAM","2636","Balbina V_zquez B.",-97.4355,17.684972,"Sierra Madre del Sur province","Coryphantha"
1897601902,"Mammillaria karwinskiana","Oaxaca",NA,"2","9","2012","FESZ-UNAM","NO APLICA","Ulises Guzm_n",-96.04597,16.54113,"Pacific Lowlands province","Mammillaria"
1897601918,"Coryphantha pallida","Oaxaca",NA,"26","6","2011","FESZ-UNAM","2635","Balbina V_zquez B.",-97.532528,17.66875,"Sierra Madre del Sur province","Coryphantha"
1897601932,"Mammillaria mystax","Oaxaca",NA,NA,NA,NA,"FESZ-UNAM","NO APLICA","Ulises Guzm_n",-97.41666,17.68333,"Sierra Madre del Sur province","Mammillaria"
1897601933,"Mammillaria karwinskiana","Oaxaca",NA,NA,NA,NA,"FESZ-UNAM","NO APLICA","Michel Lacoste",-96.516667,17.083333,"Sierra Madre del Sur province","Mammillaria"
1897602073,"Mammillaria dixanthocentron","Oaxaca",NA,NA,NA,NA,"FESZ-UNAM","NO APLICA","Michel Lacoste",-97.018055,17.849444,"Balsas Basin province","Mammillaria"
1897602104,"Mammillaria dixanthocentron","Oaxaca",NA,NA,NA,NA,"FESZ-UNAM","NO APLICA","Michel Lacoste",-97.01666,17.845,"Balsas Basin province","Mammillaria"
1897602108,"Mammillaria dixanthocentron","Oaxaca",NA,NA,NA,NA,"FESZ-UNAM","NO APLICA","Michel Lacoste",-97,17.89833,"Balsas Basin province","Mammillaria"
1897602160,"Mammillaria dixanthocentron","Oaxaca",NA,NA,NA,NA,"FESZ-UNAM","NO APLICA","Michel Lacoste",-97.016667,17.86833,"Balsas Basin province","Mammillaria"
1897602161,"Mammillaria dixanthocentron","Oaxaca",NA,NA,NA,NA,"FESZ-UNAM","NO APLICA","Michel Lacoste",-97.087222,18.005556,"Balsas Basin province","Mammillaria"
1897602242,"Mammillaria sphacelata","Oaxaca",NA,"27","3","1994","FESZ-UNAM","NO APLICA","Ulises Guzm_n",-97.34183,18.08999,"Sierra Madre del Sur province","Mammillaria"
1897602247,"Mammillaria sphacelata","Oaxaca",NA,"22","4","2000","FESZ-UNAM","NO APLICA","Ulises Guzm_n",-97.32222,18.13194,"Sierra Madre del Sur province","Mammillaria"
1897606502,"Mammillaria haageana","Oaxaca",90,"1","10","2006","FESZ-UNAM","10468","D. Aquino",-97.152511,17.363806,"Sierra Madre del Sur province","Mammillaria"
1897606504,"Stenocereus stellatus","Oaxaca",90,"4","10","2006","FESZ-UNAM","10545","D. Aquino",-97.035267,17.35525,"Sierra Madre del Sur province","Stenocereus"
1897606505,"Stenocereus stellatus","Oaxaca",90,"10","3","2007","FESZ-UNAM","10536","D. Aquino",-97.061333,17.478611,"Balsas Basin province","Stenocereus"
1898780339,"Pereskia lychnidiflora","Oaxaca",NA,"7","3","2018","iNaturalist","10132254","Carlos Dom_nguez-Rodr_guez",-96.211037,15.780024,"Pacific Lowlands province","Pereskia"
1898810994,"Mammillaria carnea","Oaxaca",5,"10","8","2018","iNaturalist","15700104","cactus-d",-97.009406,17.938469,"Balsas Basin province","Mammillaria"
1898847534,"Pereskia lychnidiflora","Oaxaca",61,"18","12","2017","iNaturalist","9244296","Carlos Dom_nguez-Rodr_guez",-95.960641,15.866324,"Pacific Lowlands province","Pereskia"
1898847967,"Pereskia lychnidiflora","Oaxaca",122,"1","2","2018","iNaturalist","9865690","Carlos Dom_nguez-Rodr_guez",-96.143761,15.750541,"Pacific Lowlands province","Pereskia"
1899758418,"Ferocactus recurvus","Oaxaca",5,"9","8","2018","iNaturalist","15696198","Ulises Guzm_n",-96.968925,17.903281,"Balsas Basin province","Ferocactus"
1899758457,"Mammillaria carnea","Oaxaca",10,"9","8","2018","iNaturalist","15697976","cactus-d",-97.032168,17.935339,"Balsas Basin province","Mammillaria"
1899758594,"Mammillaria rekoi","Oaxaca",NA,"15","8","2018","iNaturalist","15706101","cactus-d",-96.480932,17.269154,"Sierra Madre del Sur province","Mammillaria"
1899816347,"Coryphantha elephantidens","Oaxaca",31,"23","7","2017","iNaturalist","8816734","Ulises Guzm_n",-96.932031,17.405322,"Sierra Madre del Sur province","Coryphantha"
1901055210,"Acanthocereus tetragonus","Oaxaca",NA,"6","8","2018","iNaturalist","16142812","Carlos Dom_nguez-Rodr_guez",-96.199654,15.78087,"Pacific Lowlands province","Acanthocereus"
1901061724,"Opuntia decumbens","Oaxaca",10,"16","8","2018","iNaturalist","16170108","Carlos Dom_nguez-Rodr_guez",-96.112756,15.764097,"Pacific Lowlands province","Opuntia"
1901086771,"Acanthocereus tetragonus","Oaxaca",122,"4","9","2018","iNaturalist","16280383","Carlos Dom_nguez-Rodr_guez",-96.203557,15.748823,"Pacific Lowlands province","Acanthocereus"
1913148772,"Ferocactus recurvus","Oaxaca",50,"15","8","2018","iNaturalist","15713652","Ulises Guzm_n",-96.493569,17.249394,"Sierra Madre del Sur province","Ferocactus"
1913152692,"Pachycereus pecten-aboriginum","Oaxaca",5,"21","8","2018","iNaturalist","16226441","Carlos Dom_nguez-Rodr_guez",-96.190483,15.771592,"Pacific Lowlands province","Pachycereus"
1913155554,"Pereskia lychnidiflora","Oaxaca",NA,"4","9","2018","iNaturalist","16291673","Carlos Dom_nguez-Rodr_guez",-96.202347,15.746896,"Pacific Lowlands province","Pereskia"
1913157057,"Pachycereus pecten-aboriginum","Oaxaca",NA,"4","9","2018","iNaturalist","16299236","Carlos Dom_nguez-Rodr_guez",-96.156509,15.778245,"Pacific Lowlands province","Pachycereus"
1913195981,"Epiphyllum hookeri","Oaxaca",1,"16","7","2018","iNaturalist","16478490","Ulises Guzm_n",-96.24817,17.720727,"Veracruzan province","Epiphyllum"
1913205603,"Mammillaria polyedra","Oaxaca",126,"27","2","2015","iNaturalist","7533719","Ulises Guzm_n",-97.982512,17.516018,"Sierra Madre del Sur province","Mammillaria"
1913663398,"Opuntia karwinskiana","Oaxaca",NA,"4","9","2018","iNaturalist","16280614","Carlos Dom_nguez-Rodr_guez",-96.203522,15.740011,"Pacific Lowlands province","Opuntia"
1913692368,"Coryphantha elephantidens","Oaxaca",7,"2","9","2018","iNaturalist","16634762","Eugenio Padilla",-96.786889,17.147033,"Balsas Basin province","Coryphantha"
1913716262,"Mammillaria karwinskiana","Oaxaca",NA,"19","6","2007","iNaturalist","311661","Ulises Guzm_n",-96.736556,17.083047,"Balsas Basin province","Mammillaria"
1914192102,"Opuntia huajuapensis","Oaxaca",NA,"5","5","2018","iNaturalist","13093032","Pedro N_jera Quezada",-97.486389,17.8375,"Sierra Madre del Sur province","Opuntia"
1914192809,"Coryphantha pallida","Oaxaca",63,"3","3","2014","iNaturalist","1378373","Pedro N_jera Quezada",-96.962854,17.758424,"Balsas Basin province","Coryphantha"
1914195746,"Coryphantha pallida","Oaxaca",5,"9","8","2018","iNaturalist","15696204","Pedro N_jera Quezada",-96.970153,17.904733,"Balsas Basin province","Coryphantha"
1914207235,"Opuntia karwinskiana","Oaxaca",NA,"4","9","2018","iNaturalist","16780922","Carlos Dom_nguez-Rodr_guez",-96.225815,15.776644,"Pacific Lowlands province","Opuntia"
1914242156,"Mammillaria discolor","Oaxaca",NA,"7","2","2004","iNaturalist","16951820","Ulises Guzm_n",-96.88,17.72,"Sierra Madre del Sur province","Mammillaria"
1914251162,"Coryphantha pallida","Oaxaca",505,"19","9","2016","iNaturalist","5841794","Pedro N_jera Quezada",-96.966619,17.902269,"Balsas Basin province","Coryphantha"
1914252729,"Mammillaria carnea","Oaxaca",NA,"9","1","2018","iNaturalist","9481802","Jonathan Mohl",-96.916742,17.637662,"Balsas Basin province","Mammillaria"
1914313752,"Mammillaria karwinskiana","Oaxaca",NA,"15","8","2018","iNaturalist","15711960","Pedro N_jera Quezada",-96.490346,17.256326,"Sierra Madre del Sur province","Mammillaria"
1914313754,"Mammillaria karwinskiana","Oaxaca",NA,"15","8","2018","iNaturalist","15711949","Pedro N_jera Quezada",-96.487928,17.260167,"Sierra Madre del Sur province","Mammillaria"
1914314819,"Opuntia karwinskiana","Oaxaca",NA,"6","8","2018","iNaturalist","16142815","Carlos Dom_nguez-Rodr_guez",-96.199303,15.780824,"Pacific Lowlands province","Opuntia"
1914377769,"Opuntia karwinskiana","Oaxaca",31,"7","1","2018","iNaturalist","9396537","Carlos Dom_nguez-Rodr_guez",-96.121058,15.762952,"Pacific Lowlands province","Opuntia"
1920782025,"Pachycereus pecten-aboriginum","Oaxaca",NA,"7","3","2018","iNaturalist","10132237","Carlos Dom_nguez-Rodr_guez",-96.211685,15.780653,"Pacific Lowlands province","Pachycereus"
1920790317,"Pilosocereus chrysacanthus","Oaxaca",4,"27","8","2018","iNaturalist","16102361","Alexis L_pez Hern_ndez",-96.924462,17.60963,"Balsas Basin province","Pilosocereus"
1920793579,"Pilosocereus chrysacanthus","Oaxaca",31,"29","7","2017","iNaturalist","16949042","Pedro N_jera Quezada",-97.026107,17.86866,"Balsas Basin province","Pilosocereus"
1920793580,"Coryphantha pallida","Oaxaca",31,"29","7","2017","iNaturalist","16949044","cactus-d",-97.025571,17.868701,"Balsas Basin province","Coryphantha"
1920793584,"Ferocactus recurvus","Oaxaca",31,"29","7","2017","iNaturalist","16949047","Ulises Guzm_n",-97.02482,17.868905,"Balsas Basin province","Ferocactus"
1920793585,"Mammillaria carnea","Oaxaca",31,"29","7","2017","iNaturalist","16949040","cactus-d",-97.0175,17.874167,"Balsas Basin province","Mammillaria"
1920793593,"Mammillaria carnea","Oaxaca",31,"29","7","2017","iNaturalist","16949045","cactus-d",-96.992006,17.892253,"Balsas Basin province","Mammillaria"
1920799264,"Stenocereus pruinosus","Oaxaca",15,"30","9","2018","iNaturalist","17225037","Eugenio Padilla",-96.744791,17.143344,"Sierra Madre del Sur province","Stenocereus"
1920851335,"Mammillaria mystax","Oaxaca",NA,"27","9","2017","iNaturalist","8292874","Carlos Martorell",-97.508641,17.837583,"Sierra Madre del Sur province","Mammillaria"
1928764439,"Rhipsalis baccifera","Oaxaca",NA,"6","10","2002","NY","1528673","C. G_mez",-96.65275,18.00522,"Veracruzan province","Rhipsalis"
1928770109,"Peniocereus fosterianus","Oaxaca",NA,"28","6","2006","NY","1414559","C. G_mez Hinostrosa",-96.21439,15.78,"Pacific Lowlands province","Peniocereus"
1929081812,"Aporocactus martianus","Oaxaca",NA,NA,NA,"1912","NY","118685","Unspecified Determiner",-96.72,17.067778,"Balsas Basin province","Aporocactus"
1929793430,"Opuntia tomentosa","Oaxaca",NA,"21","6","2006","NY","1046016","S. Arias Montes",-96.91753,17.92397,"Sierra Madre del Sur province","Opuntia"
1931487061,"Pachycereus pecten-aboriginum","Oaxaca",NA,"2","10","2018","iNaturalist","17446431","Carlos Dom_nguez-Rodr_guez",-96.13961,15.778187,"Pacific Lowlands province","Pachycereus"
1931489532,"Mammillaria haageana","Oaxaca",NA,"23","9","2018","iNaturalist","17454510","cactus-d",-97.309745,18.067554,"Sierra Madre del Sur province","Mammillaria"
1931511063,"Mammillaria karwinskiana","Oaxaca",15,"24","5","2018","iNaturalist","17540431","Eugenio Padilla",-96.440538,16.95413,"Balsas Basin province","Mammillaria"
1931535189,"Mammillaria flavicentra","Oaxaca",253,"12","9","2015","iNaturalist","2496951","Ulises Guzm_n",-97.251363,17.668231,"Sierra Madre del Sur province","Mammillaria"
1931537253,"Mammillaria karwinskiana","Oaxaca",NA,"25","10","2015","iNaturalist","5529984","cactus-d",-96.725617,17.061614,"Balsas Basin province","Mammillaria"
1932320859,"Acanthocereus tetragonus","Oaxaca",NA,"4","9","2018","iNaturalist","17688195","Ulises Guzm_n",-94.762442,17.179077,"Veracruzan province","Acanthocereus"
1932360653,"Epiphyllum oxypetalum","Oaxaca",2,"11","4","2017","iNaturalist","6152819","cactus-d",-96.428401,17.644974,"Sierra Madre del Sur province","Epiphyllum"
1932361067,"Epiphyllum hookeri","Oaxaca",488,"14","6","2017","iNaturalist","6910742","geomanuel",-96.390266,17.729394,"Veracruzan province","Epiphyllum"
1933537141,"Opuntia decumbens","Oaxaca",258,"20","3","2018","iNaturalist","10328195","Abel Jossafat",-95.278088,16.108208,"Pacific Lowlands province","Opuntia"
1933596078,"Pachycereus weberi","Oaxaca",4,"1","11","2018","iNaturalist","18022267","Ignacio Torres Garc_a",-96.929371,17.651083,"Balsas Basin province","Pachycereus"
1933596111,"Mammillaria carnea","Oaxaca",4,"1","11","2018","iNaturalist","18022243","cactus-d",-96.941129,17.655421,"Balsas Basin province","Mammillaria"
1933602782,"Epiphyllum oxypetalum","Oaxaca",8,"6","9","2017","iNaturalist","8912475","Ulises Guzm_n",-96.314714,17.719578,"Veracruzan province","Epiphyllum"
1935587015,"Escontria chiotilla","Oaxaca",3,"1","11","2018","iNaturalist","18017878","Ignacio Torres Garc_a",-96.929389,17.651402,"Balsas Basin province","Escontria"
1935605007,"Coryphantha elephantidens","Oaxaca",47,"31","10","2018","iNaturalist","18115096","Ulises Guzm_n",-96.275945,16.866458,"Sierra Madre del Sur province","Coryphantha"
1935605026,"Ferocactus recurvus","Oaxaca",84,"31","10","2018","iNaturalist","18115102","cactus-d",-96.27571,16.86654,"Sierra Madre del Sur province","Ferocactus"
1935605048,"Mammillaria albilanata","Oaxaca",75,"31","10","2018","iNaturalist","18115117","Ulises Guzm_n",-96.275859,16.866561,"Sierra Madre del Sur province","Mammillaria"
1935633794,"Disocactus speciosus","Oaxaca",61,"14","7","2015","iNaturalist","7903875","cactus-d",-97.138353,16.713644,"Sierra Madre del Sur province","Disocactus"
1944374225,"Mammillaria karwinskiana","Oaxaca",NA,"24","6","2018","iNaturalist","15433727","cactus-d",-96.672613,17.044665,"Balsas Basin province","Mammillaria"
1944384104,"Myrtillocactus schenckii","Oaxaca",459,"1","11","2018","iNaturalist","18295728","cactus-d",-96.722029,17.066598,"Balsas Basin province","Myrtillocactus"
1944410045,"Mammillaria karwinskiana","Oaxaca",234,"2","11","2018","iNaturalist","18385462","Jonathan Mohl",-96.360045,16.928334,"Balsas Basin province","Mammillaria"
1944410087,"Myrtillocactus schenckii","Oaxaca",307,"2","11","2018","iNaturalist","18385468","cactus-d",-96.359797,16.926558,"Balsas Basin province","Myrtillocactus"
1944410165,"Ferocactus recurvus","Oaxaca",266,"2","11","2018","iNaturalist","18385466","cactus-d",-96.35983,16.928129,"Balsas Basin province","Ferocactus"
1944417542,"Opuntia decumbens","Oaxaca",NA,"31","10","2018","iNaturalist","18413866","Valerio Lazzeri",-97.086502,15.862877,"Pacific Lowlands province","Opuntia"
1946322409,"Pereskia lychnidiflora","Oaxaca",NA,"9","10","2018","iNaturalist","18590884","Carlos Dom_nguez-Rodr_guez",-96.200218,15.772347,"Pacific Lowlands province","Pereskia"
1946323371,"Pachycereus pecten-aboriginum","Oaxaca",NA,"9","10","2018","iNaturalist","18593690","Carlos Dom_nguez-Rodr_guez",-96.202065,15.747,"Pacific Lowlands province","Pachycereus"
1949871911,"Aporocactus martianus","Oaxaca",NA,"3","5","1968","NY","3858421","",-96.68,17.13,"Sierra Madre del Sur province","Aporocactus"
1949988990,"Pereskiopsis kellermanii","Oaxaca",66,"6","12","2018","iNaturalist","18873054","Pedro N_jera Quezada",-95.286627,16.106171,"Pacific Lowlands province","Pereskiopsis"
1950012182,"Mammillaria flavicentra","Oaxaca",NA,"4","12","2018","iNaturalist","18942916","cactus-d",-97.341559,17.95606,"Sierra Madre del Sur province","Mammillaria"
1950033206,"Opuntia tehuacana","Oaxaca",NA,"3","2","2016","iNaturalist","2657645","Kevin Meza",-97.033616,18.079172,"Balsas Basin province","Opuntia"
1981504199,"Opuntia decumbens","Oaxaca",NA,NA,"9","1905","NY","3889062","",-96.959513,17.754435,"Balsas Basin province","Opuntia"
1981506645,"Disocactus speciosus","Oaxaca",NA,"23","11","1959","NY","3860037","",-96.768621,17.069038,"Balsas Basin province","Disocactus"
1981508088,"Stenocereus treleasei","Oaxaca",NA,"4","9","1906","NY","3860211","",-96.771146,18.161572,"Sierra Madre del Sur province","Stenocereus"
1981512904,"Peniocereus oaxacensis","Oaxaca",NA,"21","11","1959","NY","3860958","",-95.240118,16.421608,"Pacific Lowlands province","Peniocereus"
1986513161,"Ferocactus recurvus","Oaxaca",207,"30","9","2018","iNaturalist","18572507","Ulises Guzm_n",-96.399134,16.921173,"Balsas Basin province","Ferocactus"
1986596079,"Myrtillocactus schenckii","Oaxaca",5,"1","1","2019","iNaturalist","19467570","Tom Turner",-96.450203,16.957472,"Balsas Basin province","Myrtillocactus"
1986599858,"Mammillaria karwinskiana","Oaxaca",NA,"31","12","2018","iNaturalist","19476259","Ulises Guzm_n",-96.517983,17.042361,"Balsas Basin province","Mammillaria"
1990501634,"Mammillaria karwinskiana","Oaxaca",11,"23","12","2018","iNaturalist","19647413","izanami",-96.561439,16.974925,"Balsas Basin province","Mammillaria"
1990501825,"Acanthocereus tetragonus","Oaxaca",NA,"11","1","2019","iNaturalist","19647658","Carlos Dom_nguez-Rodr_guez",-96.158226,15.733583,"Pacific Lowlands province","Acanthocereus"
1990503013,"Pilosocereus leucocephalus","Oaxaca",NA,"11","1","2019","iNaturalist","19650805","",-96.160271,15.727192,"Pacific Lowlands province","Pilosocereus"
1990503583,"Neobuxbaumia tetetzo","Oaxaca",NA,"11","1","2019","iNaturalist","19652461","Pedro N_jera Quezada",-96.160576,15.726726,"Pacific Lowlands province","Neobuxbaumia"
1990517216,"Neobuxbaumia tetetzo","Oaxaca",31,"11","1","2019","iNaturalist","19687850","Pedro N_jera Quezada",-96.157933,15.730053,"Pacific Lowlands province","Neobuxbaumia"
1990601026,"Stenocereus pruinosus","Oaxaca",12,"20","1","2019","iNaturalist","19908127","Ulises Guzm_n",-96.27737,16.863895,"Sierra Madre del Sur province","Stenocereus"
1990601130,"Neobuxbaumia tetetzo","Oaxaca",16,"20","1","2019","iNaturalist","19908260","Ulises Guzm_n",-96.277519,16.863585,"Sierra Madre del Sur province","Neobuxbaumia"
1990601173,"Opuntia tomentosa","Oaxaca",48,"20","1","2019","iNaturalist","19908486","Ulises Guzm_n",-96.276192,16.863549,"Sierra Madre del Sur province","Opuntia"
1990611434,"Mammillaria karwinskiana","Oaxaca",122,"16","5","2012","iNaturalist","19935962","cactus-d",-96.901708,17.234991,"Balsas Basin province","Mammillaria"
1990612467,"Mammillaria mystax","Oaxaca",4,"19","1","2019","iNaturalist","19938881","Carlos Martorell",-97.35698,17.85293,"Sierra Madre del Sur province","Mammillaria"
1990612491,"Ferocactus recurvus","Oaxaca",2,"19","1","2019","iNaturalist","19938884","Ulises Guzm_n",-97.35689,17.852849,"Sierra Madre del Sur province","Ferocactus"
1990612496,"Mammillaria haageana","Oaxaca",31,"19","1","2019","iNaturalist","19938895","Jonathan Mohl",-97.356222,17.853157,"Sierra Madre del Sur province","Mammillaria"
1990612500,"Coryphantha pallida","Oaxaca",15,"19","1","2019","iNaturalist","19938877","Carlos Martorell",-97.357721,17.853698,"Sierra Madre del Sur province","Coryphantha"
1990633117,"Coryphantha pallida","Oaxaca",6,"2","1","2019","iNaturalist","19996517","Pedro N_jera Quezada",-96.958912,17.683569,"Balsas Basin province","Coryphantha"
1990633128,"Mammillaria sphacelata","Oaxaca",5,"2","1","2019","iNaturalist","19996534","cactus-d",-96.959387,17.682975,"Balsas Basin province","Mammillaria"
1990638166,"Ferocactus recurvus","Oaxaca",126,"25","1","2017","iNaturalist","5038131","Ulises Guzm_n",-96.904027,17.7968,"Sierra Madre del Sur province","Ferocactus"
1991404628,"Pereskia lychnidiflora","Oaxaca",NA,"3","7","1959","NY","3889926","",-95.132693,16.195862,"Pacific Lowlands province","Pereskia"
1991406912,"Cephalocereus columna-trajani","Oaxaca",NA,"7","9","1906","NY","3889775","",-96.95945,17.754495,"Balsas Basin province","Cephalocereus"
1991408815,"Pereskiopsis diguetii","Oaxaca",NA,"25","12","1912","NY","3890089","",-95.181298,17.089752,"Veracruzan province","Pereskiopsis"
1991417265,"Pereskia lychnidiflora","Oaxaca",NA,"9","12","1980","NY","3889936","",-95.099813,16.319511,"Pacific Lowlands province","Pereskia"
1991426976,"Pereskia lychnidiflora","Oaxaca",NA,"23","1","1913","NY","3889925","",-95.19644,16.19751,"Pacific Lowlands province","Pereskia"
1991428686,"Pereskia lychnidiflora","Oaxaca",NA,"9","7","1959","NY","3889914","",-95.123394,16.556994,"Pacific Lowlands province","Pereskia"
1991432073,"Pereskia lychnidiflora","Oaxaca",NA,NA,"5","1923","NY","3889917","",-95.105677,16.559254,"Pacific Lowlands province","Pereskia"
1991443897,"Pereskia lychnidiflora","Oaxaca",NA,"7","7","1959","NY","3889928","",-95.182883,16.45309,"Pacific Lowlands province","Pereskia"
1993701278,"Ferocactus recurvus","Oaxaca",126,"28","12","2017","iNaturalist","10379884","Pedro N_jera Quezada",-96.940055,17.706905,"Balsas Basin province","Ferocactus"
1993742040,"Mammillaria karwinskiana","Oaxaca",357,"3","2","2019","iNaturalist","20066470","geomanuel",-96.48306,17.263085,"Sierra Madre del Sur province","Mammillaria"
1993767470,"Mammillaria karwinskiana","Oaxaca",244,"25","11","2018","iNaturalist","20174654","cactus-d",-96.269416,16.676467,"Sierra Madre del Sur province","Mammillaria"
1993767497,"Mammillaria karwinskiana","Oaxaca",244,"25","11","2018","iNaturalist","20174655","cactus-d",-96.264781,16.670547,"Sierra Madre del Sur province","Mammillaria"
1993767522,"Escontria chiotilla","Oaxaca",244,"25","11","2018","iNaturalist","20174650","Ulises Guzm_n",-96.273945,16.6666,"Sierra Madre del Sur province","Escontria"
1993772598,"Mammillaria mystax","Oaxaca",505,"17","5","2018","iNaturalist","20190929","Leticia Soriano Flores",-97.37587,17.899901,"Sierra Madre del Sur province","Mammillaria"
1993774238,"Opuntia tomentosa","Oaxaca",126,"17","3","2013","iNaturalist","218893","Pedro N_jera Quezada",-96.780152,17.079307,"Balsas Basin province","Opuntia"
1993775331,"Ferocactus recurvus","Oaxaca",63,"19","5","2016","iNaturalist","3453980","",-97.236139,17.831578,"Sierra Madre del Sur province","Ferocactus"
1993777208,"Ferocactus recurvus","Oaxaca",126,"8","9","2016","iNaturalist","5036734","Ulises Guzm_n",-96.990802,17.873133,"Balsas Basin province","Ferocactus"
2005266762,"Coryphantha pallida","Oaxaca",6,"27","8","2018","iNaturalist","16102302","Ignacio Torres Garc_a",-96.924249,17.609399,"Balsas Basin province","Coryphantha"
2005268115,"Pachycereus pecten-aboriginum","Oaxaca",12,"21","9","2018","iNaturalist","16757461","adantapia",-96.268572,15.780217,"Pacific Lowlands province","Pachycereus"
2005272042,"Pachycereus pecten-aboriginum","Oaxaca",61,"9","10","2018","iNaturalist","18592203","Carlos Dom_nguez-Rodr_guez",-96.202273,15.737717,"Pacific Lowlands province","Pachycereus"
2005278418,"Marginatocereus marginatus","Oaxaca",4,"19","1","2019","iNaturalist","19938890","Pedro N_jera Quezada",-97.356431,17.853567,"Sierra Madre del Sur province","Marginatocereus"
2005383928,"Escontria chiotilla","Oaxaca",15,"2","5","2018","iNaturalist","20492209","rosariochaparro",-97.765331,18.167634,"Balsas Basin province","Escontria"
2005384915,"Myrtillocactus geometrizans","Oaxaca",8,"27","4","2018","iNaturalist","20495462","rosariochaparro",-97.758575,18.165318,"Balsas Basin province","Myrtillocactus"
2005405431,"Opuntia karwinskiana","Oaxaca",318,"13","8","2017","iNaturalist","7498888","rpmundo",-96.107669,15.778047,"Pacific Lowlands province","Opuntia"
2006040320,"Stenocereus stellatus","Oaxaca",8,"8","4","2018","iNaturalist","20535574","rosariochaparro",-97.758844,18.168685,"Balsas Basin province","Stenocereus"
2006074355,"Opuntia decumbens","Oaxaca",88,"10","2","2018","iNaturalist","20763729","Rodrigo Arrazola",-96.100211,15.768534,"Pacific Lowlands province","Opuntia"
2006074760,"Ferocactus recurvus","Oaxaca",NA,"19","2","2019","iNaturalist","20764621","Ulises Guzm_n",-97.339804,17.912253,"Sierra Madre del Sur province","Ferocactus"
2012875885,"Epiphyllum hookeri","Oaxaca",NA,"20","5","1939","GH","barcode-01875100","",-95.683333,17.333333,"Veracruzan province","Epiphyllum"
2012975778,"Mammillaria karwinskiana","Oaxaca",325,"26","12","2018","iNaturalist","20892294","Graciela Nu_ez Matadamas",-96.84266,17.161874,"Balsas Basin province","Mammillaria"
2013012450,"Mammillaria karwinskiana","Oaxaca",NA,"2","3","2019","iNaturalist","21001296","",-96.812952,17.106631,"Balsas Basin province","Mammillaria"
2013687296,"Myrtillocactus schenckii","Oaxaca",5,"31","12","2018","iNaturalist","19476261","cactus-d",-96.517669,17.042614,"Balsas Basin province","Myrtillocactus"
2013752313,"Disocactus speciosus","Oaxaca",132,"13","3","2019","iNaturalist","21218662","cactus-d",-97.580789,16.849748,"Sierra Madre del Sur province","Disocactus"
2028484407,"Mammillaria mystax","Oaxaca",122,"23","10","2018","iNaturalist","21358705","Jonathan Mohl",-97.572079,17.864689,"Sierra Madre del Sur province","Mammillaria"
2028484511,"Ferocactus recurvus","Oaxaca",69,"23","10","2018","iNaturalist","21358863","Ulises Guzm_n",-97.566105,17.865222,"Sierra Madre del Sur province","Ferocactus"
2028491881,"Neobuxbaumia tetetzo","Oaxaca",NA,"14","3","2019","iNaturalist","21380421","Pedro N_jera Quezada",-96.551491,15.666393,"Pacific Lowlands province","Neobuxbaumia"
2028499213,"Acanthocereus tetragonus","Oaxaca",NA,"15","3","2019","iNaturalist","21405398","Carlos Dom_nguez-Rodr_guez",-96.372292,15.795114,"Pacific Lowlands province","Acanthocereus"
2235477510,"Opuntia decumbens","Oaxaca",252,"24","3","2019","iNaturalist","21600076","Leticia Soriano Flores",-97.038996,18.024486,"Balsas Basin province","Opuntia"
2235519152,"Pachycereus pecten-aboriginum","Oaxaca",NA,"30","3","2019","iNaturalist","21855324","Carlos Dom_nguez-Rodr_guez",-96.160561,15.728459,"Pacific Lowlands province","Pachycereus"
2235526727,"Acanthocereus tetragonus","Oaxaca",NA,"30","3","2019","iNaturalist","21885468","Carlos Dom_nguez-Rodr_guez",-96.167618,15.72254,"Pacific Lowlands province","Acanthocereus"
2235526869,"Neobuxbaumia tetetzo","Oaxaca",4,"30","3","2019","iNaturalist","21884824","Carlos Dom_nguez-Rodr_guez",-96.167484,15.722182,"Pacific Lowlands province","Neobuxbaumia"
2235527475,"Pachycereus pecten-aboriginum","Oaxaca",NA,"30","3","2019","iNaturalist","21885464","Carlos Dom_nguez-Rodr_guez",-96.167488,15.722548,"Pacific Lowlands province","Pachycereus"
2235561467,"Ferocactus recurvus","Oaxaca",126,"20","10","2017","iNaturalist","8524142","Leticia Soriano Flores",-97.398155,18.012647,"Sierra Madre del Sur province","Ferocactus"
2236221484,"Pachycereus pecten-aboriginum","Oaxaca",NA,"5","4","2019","iNaturalist","22059904","Carlos Dom_nguez-Rodr_guez",-96.19915,15.78028,"Pacific Lowlands province","Pachycereus"
2236262257,"Pachycereus pecten-aboriginum","Oaxaca",NA,"5","4","2019","iNaturalist","22216329","Carlos Dom_nguez-Rodr_guez",-96.200768,15.774761,"Pacific Lowlands province","Pachycereus"
2236865977,"Pachycereus pecten-aboriginum","Oaxaca",NA,"2","3","2017","iNaturalist","22451160","Carlos Dom_nguez-Rodr_guez",-96.143684,15.786712,"Pacific Lowlands province","Pachycereus"
2236867100,"Pereskia lychnidiflora","Oaxaca",122,"1","3","2017","iNaturalist","22451139","Carlos Dom_nguez-Rodr_guez",-96.155095,15.781602,"Pacific Lowlands province","Pereskia"
2236872415,"Mammillaria rekoi","Oaxaca",NA,"3","4","2019","iNaturalist","22469929","cactus-d",-96.4907,17.255628,"Sierra Madre del Sur province","Mammillaria"
2237435840,"Acanthocereus tetragonus","Oaxaca",31,"7","4","2019","iNaturalist","22694389","Carlos Dom_nguez-Rodr_guez",-96.117646,15.766902,"Pacific Lowlands province","Acanthocereus"
2237456255,"Pachycereus pecten-aboriginum","Oaxaca",8,"6","4","2019","iNaturalist","22781179","Carlos Dom_nguez-Rodr_guez",-96.192852,15.70787,"Pacific Lowlands province","Pachycereus"
2237457450,"Pachycereus pecten-aboriginum","Oaxaca",15,"6","4","2019","iNaturalist","22782892","Carlos Dom_nguez-Rodr_guez",-96.203776,15.712192,"Pacific Lowlands province","Pachycereus"
2237459633,"Pachycereus pecten-aboriginum","Oaxaca",15,"6","4","2019","iNaturalist","22782898","Carlos Dom_nguez-Rodr_guez",-96.21691,15.699828,"Pacific Lowlands province","Pachycereus"
2237489020,"Pachycereus pecten-aboriginum","Oaxaca",61,"19","4","2019","iNaturalist","22901986","Carlos Dom_nguez-Rodr_guez",-96.1628,15.719931,"Pacific Lowlands province","Pachycereus"
2239003031,"Acanthocereus tetragonus","Oaxaca",NA,"26","4","2019","iNaturalist","24198134","Carlos Dom_nguez-Rodr_guez",-96.136734,15.772275,"Pacific Lowlands province","Acanthocereus"
2239003496,"Mammillaria rekoi","Oaxaca",94,"18","4","2019","iNaturalist","24199420","Ulises Guzm_n",-96.692216,17.131097,"Sierra Madre del Sur province","Mammillaria"
2239006521,"Pachycereus pecten-aboriginum","Oaxaca",61,"26","4","2019","iNaturalist","24210830","Carlos Dom_nguez-Rodr_guez",-96.197238,15.710758,"Pacific Lowlands province","Pachycereus"
2239029470,"Acanthocereus tetragonus","Oaxaca",NA,"27","4","2019","iNaturalist","24312242","Carlos Dom_nguez-Rodr_guez",-96.196831,15.708913,"Pacific Lowlands province","Acanthocereus"
2239030639,"Pachycereus pecten-aboriginum","Oaxaca",31,"28","4","2019","iNaturalist","24298687","Carlos Dom_nguez-Rodr_guez",-96.113516,15.764158,"Pacific Lowlands province","Pachycereus"
2239056314,"Coryphantha pallida","Oaxaca",126,"11","9","2016","iNaturalist","5505778","Ulises Guzm_n",-96.982434,17.893419,"Balsas Basin province","Coryphantha"
2242465541,"Cephalocereus apicicephalium","Oaxaca",NA,"11","4","1996","USF","222252","G. G. Robinson",-95.375,16.358333,"Pacific Lowlands province","Cephalocereus"
2242741076,"Ferocactus recurvus","Oaxaca",4,"29","8","2018","iNaturalist","16103562","Ulises Guzm_n",-96.937804,17.65191,"Balsas Basin province","Ferocactus"
2242804288,"Coryphantha elephantidens","Oaxaca",244,"2","5","2019","iNaturalist","24423776","eduardo_fose",-96.700949,16.814818,"Balsas Basin province","Coryphantha"
2242898146,"Ferocactus recurvus","Oaxaca",15,"2","5","2019","iNaturalist","24774289","Ulises Guzm_n",-97.414888,17.93373,"Sierra Madre del Sur province","Ferocactus"
2242902377,"Pachycereus pecten-aboriginum","Oaxaca",NA,"23","4","2019","iNaturalist","24797785","Carlos Dom_nguez-Rodr_guez",-96.174484,15.778628,"Pacific Lowlands province","Pachycereus"
2242904307,"Acanthocereus tetragonus","Oaxaca",NA,"23","4","2019","iNaturalist","24797783","Carlos Dom_nguez-Rodr_guez",-96.17453,15.778506,"Pacific Lowlands province","Acanthocereus"
2242905415,"Opuntia decumbens","Oaxaca",NA,"23","4","2019","iNaturalist","24797776","Carlos Dom_nguez-Rodr_guez",-96.174538,15.77849,"Pacific Lowlands province","Opuntia"
2242906130,"Opuntia karwinskiana","Oaxaca",NA,"23","4","2019","iNaturalist","24797769","Carlos Dom_nguez-Rodr_guez",-96.174652,15.778559,"Pacific Lowlands province","Opuntia"
2243008645,"Coryphantha pallida","Oaxaca",20,"15","5","2019","iNaturalist","25197815","ricardo_munoz",-97.459191,17.504962,"Sierra Madre del Sur province","Coryphantha"
2251825550,"Mammillaria carnea","Oaxaca",NA,"21","10","2017","iNaturalist","18780232","cactus-d",-96.94672,17.64444,"Balsas Basin province","Mammillaria"
2252047990,"Opuntia decumbens","Oaxaca",NA,"26","5","2019","iNaturalist","26371473","Carlos Dom_nguez-Rodr_guez",-96.145721,15.738247,"Pacific Lowlands province","Opuntia"
2265776935,"Opuntia decumbens","Oaxaca",258,"30","3","2018","iNaturalist","10521715","Abel Jossafat",-95.246131,16.33284,"Pacific Lowlands province","Opuntia"
2265776985,"Opuntia decumbens","Oaxaca",NA,"5","4","2018","iNaturalist","10664955","Carlos Dom_nguez-Rodr_guez",-96.189735,15.754305,"Pacific Lowlands province","Opuntia"
2265777806,"Mammillaria haageana","Oaxaca",8,"21","5","2018","iNaturalist","13149958","Carlos Martorell",-97.439257,17.928038,"Sierra Madre del Sur province","Mammillaria"
2265779146,"Opuntia decumbens","Oaxaca",NA,"6","8","2018","iNaturalist","16141424","Carlos Dom_nguez-Rodr_guez",-96.199959,15.781453,"Pacific Lowlands province","Opuntia"
2265779147,"Opuntia decumbens","Oaxaca",244,"6","8","2018","iNaturalist","16141422","Carlos Dom_nguez-Rodr_guez",-96.200127,15.779477,"Pacific Lowlands province","Opuntia"
2265779157,"Opuntia decumbens","Oaxaca",50,"19","8","2018","iNaturalist","16173469","Carlos Dom_nguez-Rodr_guez",-96.133744,15.766522,"Pacific Lowlands province","Opuntia"
2265908466,"Opuntia karwinskiana","Oaxaca",15,"22","5","2014","iNaturalist","4532391","Ulises Guzm_n",-94.744463,16.714806,"Pacific Lowlands province","Opuntia"
2265910508,"Opuntia decumbens","Oaxaca",61,"17","2","2018","iNaturalist","9906758","Carlos Dom_nguez-Rodr_guez",-96.191654,15.791015,"Pacific Lowlands province","Opuntia"
2268885060,"Opuntia huajuapensis","Oaxaca",NA,"10","11","2012","MEXU","100986355","Daniel Sandoval Guti_rrez",-97.566667,16.85,"Sierra Madre del Sur province","Opuntia"
2268885994,"Epiphyllum hookeri","Oaxaca",NA,"17","3","2013","MEXU","100986351","Daniel Sandoval Guti_rrez",-97.55,16.8,"Sierra Madre del Sur province","Epiphyllum"
2268979659,"Pereskia lychnidiflora","Oaxaca",NA,"27","7","2015","MEXU","101084993","Carlos G_mez Hinostrosa",-95.1413,16.32663,"Pacific Lowlands province","Pereskia"
2268990526,"Cephalocereus apicicephalium","Oaxaca",NA,NA,NA,"1958","MEXU","101096621","",-94.826848,16.684169,"Pacific Lowlands province","Cephalocereus"
2268990683,"Cephalocereus apicicephalium","Oaxaca",NA,"16","3","2012","MEXU","101096641","",-94.930282,16.683912,"Pacific Lowlands province","Cephalocereus"
2268994441,"Pereskia lychnidiflora","Oaxaca",NA,"3","9","2015","MEXU","101100659","Carlos G_mez Hinostrosa",-95.50175,16.61372,"Pacific Lowlands province","Pereskia"
2269271711,"Pachycereus pecten-aboriginum","Oaxaca",NA,"6","6","2019","iNaturalist","27107582","Carlos Dom_nguez-Rodr_guez",-96.247818,15.771052,"Pacific Lowlands province","Pachycereus"
2269272565,"Pereskia lychnidiflora","Oaxaca",NA,"7","6","2019","iNaturalist","27116022","Carlos Dom_nguez-Rodr_guez",-96.161911,15.724754,"Pacific Lowlands province","Pereskia"
2269276024,"Neobuxbaumia tetetzo","Oaxaca",15,"8","6","2019","iNaturalist","27120730","Carlos Dom_nguez-Rodr_guez",-96.146159,15.73775,"Pacific Lowlands province","Neobuxbaumia"
2269334266,"Opuntia decumbens","Oaxaca",NA,"8","1","2018","iNaturalist","9482220","rpmundo",-96.344222,16.754706,"Sierra Madre del Sur province","Opuntia"
2270563753,"Opuntia auberi","Oaxaca",200,"11","1","1983","ASU","ASU0059028","",-94.968063,16.363483,"Pacific Lowlands province","Opuntia"
2273285649,"Pachycereus pecten-aboriginum","Oaxaca",NA,"15","6","2019","iNaturalist","27614475","Carlos Dom_nguez-Rodr_guez",-96.068527,15.810864,"Pacific Lowlands province","Pachycereus"
2294689025,"Ferocactus recurvus","Oaxaca",505,"11","9","2016","iNaturalist","5505577","Ulises Guzm_n",-96.982412,17.905536,"Balsas Basin province","Ferocactus"
2311337671,"Ferocactus recurvus","Oaxaca",22,"25","7","2019","iNaturalist","29640135","Miguel _ngel Cruz Ramirez",-97.342979,17.527099,"Sierra Madre del Sur province","Ferocactus"
2311387610,"Opuntia decumbens","Oaxaca",NA,"12","7","2019","iNaturalist","29837069","Carlos Dom_nguez-Rodr_guez",-95.532043,15.979146,"Pacific Lowlands province","Opuntia"
2331838373,"Epiphyllum hookeri","Oaxaca",122,"29","6","2019","iNaturalist","28499563","Manuel Campos",-96.250839,17.466136,"Sierra Madre del Sur province","Epiphyllum"
2331854406,"Mammillaria rekoi","Oaxaca",122,"14","7","2019","iNaturalist","30024106","cactus-d",-96.502506,17.239862,"Sierra Madre del Sur province","Mammillaria"
2350368891,"Pereskia lychnidiflora","Oaxaca",4,"7","8","2019","iNaturalist","30595389","Carlos Dom_nguez-Rodr_guez",-96.16451,15.780895,"Pacific Lowlands province","Pereskia"
2350408767,"Acanthocereus tetragonus","Oaxaca",4,"10","8","2019","iNaturalist","30737717","Carlos Dom_nguez-Rodr_guez",-96.158689,15.733379,"Pacific Lowlands province","Acanthocereus"
2366122220,"Pachycereus weberi","Oaxaca",5,"20","8","2019","iNaturalist","31194461","cactus-d",-96.973595,17.889118,"Balsas Basin province","Pachycereus"
2366126692,"Opuntia decumbens","Oaxaca",7,"20","8","2019","iNaturalist","31200835","Miguel A. Chavez Caballero",-96.973683,17.888909,"Balsas Basin province","Opuntia"
2366129906,"Acanthocereus tetragonus","Oaxaca",NA,"16","5","2019","iNaturalist","31218971","Carlos Dom_nguez-Rodr_guez",-96.148087,15.75463,"Pacific Lowlands province","Acanthocereus"
2366130358,"Opuntia karwinskiana","Oaxaca",15,"16","5","2019","iNaturalist","31218997","Carlos Dom_nguez-Rodr_guez",-96.152456,15.755259,"Pacific Lowlands province","Opuntia"
2366130472,"Pilosocereus leucocephalus","Oaxaca",4,"16","5","2019","iNaturalist","31218977","ricardo_munoz",-96.148579,15.754536,"Pacific Lowlands province","Pilosocereus"
2366152283,"Mammillaria rekoi","Oaxaca",122,"20","8","2019","iNaturalist","31300361","Ulises Guzm_n",-96.058021,17.100122,"Sierra Madre del Sur province","Mammillaria"
2397509613,"Opuntia decumbens","Oaxaca",31,"24","3","2019","iNaturalist","31269130","cactus-d",-96.251932,16.884802,"Pacific Lowlands province","Opuntia"
2397523998,"Mammillaria albilanata","Oaxaca",244,"20","8","2019","iNaturalist","31369530","Ulises Guzm_n",-96.103081,17.079132,"Sierra Madre del Sur province","Mammillaria"
2397556526,"Ferocactus recurvus","Oaxaca",NA,"20","8","2019","iNaturalist","31493776","Ignacio Torres Garc_a",-96.97348,17.88916,"Balsas Basin province","Ferocactus"
2397560201,"Opuntia tomentosa","Oaxaca",24,"13","1","2014","iNaturalist","31500796","maluruto72",-96.768011,17.046164,"Balsas Basin province","Opuntia"
2422757903,"Opuntia huajuapensis","Oaxaca",5,"11","4","2018","iNaturalist","11396606","Ray Mart_nez Jim_nez",-97.37455,17.804031,"Sierra Madre del Sur province","Opuntia"
2422759988,"Opuntia tomentosa","Oaxaca",4,"10","5","2018","iNaturalist","13013434","geomanuel",-96.71287,17.10968,"Balsas Basin province","Opuntia"
2422817322,"Pachycereus weberi","Oaxaca",6,"27","8","2018","iNaturalist","16102342","Ignacio Torres Garc_a",-96.924434,17.60969,"Balsas Basin province","Pachycereus"
2422854736,"Pereskia lychnidiflora","Oaxaca",3,"3","7","2019","iNaturalist","28134130","Oscar Gonz_lez",-96.719362,17.025915,"Balsas Basin province","Pereskia"
2429270975,"Acanthocereus tetragonus","Oaxaca",1,"15","3","2011","iNaturalist","33496387","Ulises Guzm_n",-96.719525,17.026101,"Balsas Basin province","Acanthocereus"
2429321870,"Coryphantha elephantidens","Oaxaca",5,"29","9","2019","iNaturalist","33668372","cactus-d",-96.781991,16.934334,"Balsas Basin province","Coryphantha"
2429414943,"Pereskiopsis kellermanii","Oaxaca",1,"1","10","2019","iNaturalist","33997261","Carlos Dom_nguez-Rodr_guez",-96.200826,15.774108,"Pacific Lowlands province","Pereskiopsis"
2429433266,"Mammillaria mystax","Oaxaca",15,"6","10","2019","iNaturalist","34041336","ricardo_munoz",-97.321237,17.54788,"Sierra Madre del Sur province","Mammillaria"
2429433271,"Mammillaria mystax","Oaxaca",8,"18","9","2019","iNaturalist","34041622","Leoncio Paz",-97.322148,17.55088,"Sierra Madre del Sur province","Mammillaria"
2429449474,"Pereskiopsis kellermanii","Oaxaca",15,"1","10","2019","iNaturalist","34047978","Carlos Dom_nguez-Rodr_guez",-96.196912,15.771694,"Pacific Lowlands province","Pereskiopsis"
2429609276,"Pereskia lychnidiflora","Oaxaca",NA,"18","2","2019","iNaturalist","34436018","Carlos Dom_nguez-Rodr_guez",-96.131325,15.769459,"Pacific Lowlands province","Pereskia"
2444962251,"Pereskia lychnidiflora","Oaxaca",8,"15","10","2019","iNaturalist","34768164","Carlos Dom_nguez-Rodr_guez",-96.202419,15.783768,"Pacific Lowlands province","Pereskia"
2445048311,"Pereskia lychnidiflora","Oaxaca",61,"15","10","2019","iNaturalist","34768218","Carlos Dom_nguez-Rodr_guez",-96.203694,15.781593,"Pacific Lowlands province","Pereskia"
2445079615,"Ferocactus recurvus","Oaxaca",NA,"18","9","2019","iNaturalist","34841454","cactus-d",-97.415245,17.930958,"Sierra Madre del Sur province","Ferocactus"
2445121558,"Stenocactus crispatus","Oaxaca",15,"12","10","2019","iNaturalist","34322155","Ciro Rodriguez Perez",-97.452993,17.936969,"Sierra Madre del Sur province","Stenocactus"
2447836551,"Mammillaria albilanata","Oaxaca",122,"20","8","2019","iNaturalist","31300600","Ulises Guzm_n",-96.108489,17.082073,"Sierra Madre del Sur province","Mammillaria"
2451576831,"Mammillaria haageana","Oaxaca",5,"20","4","2018","iNaturalist","12490393","Ray Mart_nez Jim_nez",-97.318047,17.762786,"Sierra Madre del Sur province","Mammillaria"
2451587213,"Mammillaria mystax","Oaxaca",12,"17","7","2019","iNaturalist","29886109","Jonathan Mohl",-97.655139,18.010802,"Balsas Basin province","Mammillaria"
2456537098,"Myrtillocactus schenckii","Oaxaca",61,"6","11","2018","iNaturalist","35504503","cactus-d",-96.566885,16.996276,"Balsas Basin province","Myrtillocactus"
2456540271,"Pereskia lychnidiflora","Oaxaca",NA,"5","11","2019","iNaturalist","35514412","Carlos Dom_nguez-Rodr_guez",-96.239754,15.772959,"Pacific Lowlands province","Pereskia"
2456570443,"Mammillaria haageana","Oaxaca",4,"9","11","2019","iNaturalist","35615112","",-97.512417,17.847204,"Sierra Madre del Sur province","Mammillaria"
2459993423,"Ferocactus recurvus","Oaxaca",5,"31","12","2018","iNaturalist","19476262","cactus-d",-96.517656,17.042619,"Balsas Basin province","Ferocactus"
2459995101,"Stenocactus crispatus","Oaxaca",31,"21","2","2019","iNaturalist","23039164","Carlos Martorell",-97.423257,17.895327,"Sierra Madre del Sur province","Stenocactus"
2459996641,"Opuntia tomentosa","Oaxaca",11,"13","5","2019","iNaturalist","25168736","m4nue1",-97.426055,17.552228,"Sierra Madre del Sur province","Opuntia"
2460013013,"Rhipsalis baccifera","Oaxaca",6,"12","11","2019","iNaturalist","35700038","Azul B.M",-95.464389,16.7372,"Sierra Madre del Sur province","Rhipsalis"
2460022778,"Pachycereus pecten-aboriginum","Oaxaca",NA,"20","11","2019","iNaturalist","35926197","Pablo Carrillo-Reyes",-95.442108,16.006145,"Pacific Lowlands province","Pachycereus"
2460024901,"Opuntia pubescens","Oaxaca",NA,"6","7","2006","iNaturalist","311651","Ulises Guzm_n",-96.735011,17.083334,"Balsas Basin province","Opuntia"
2460031217,"Acanthocereus tetragonus","Oaxaca",4,"17","11","2019","iNaturalist","35840080","Carlos Dom_nguez-Rodr_guez",-97.680635,15.965892,"Pacific Lowlands province","Acanthocereus"
2460037234,"Myrtillocactus geometrizans","Oaxaca",31,"14","3","2015","iNaturalist","35703264","Pedro N_jera Quezada",-96.98666,17.912743,"Balsas Basin province","Myrtillocactus"
2460049123,"Opuntia pilifera","Oaxaca",132,"20","8","2019","iNaturalist","31213778","Ignacio Torres Garc_a",-96.97331,17.89072,"Balsas Basin province","Opuntia"
2460081158,"Mammillaria albilanata","Oaxaca",203,"29","12","2018","iNaturalist","31829961","cactus-d",-96.490591,17.255614,"Sierra Madre del Sur province","Mammillaria"
2460094549,"Mammillaria albilanata","Oaxaca",NA,"22","10","2019","iNaturalist","35018361","Ulises Guzm_n",-97.0775,16.541389,"Sierra Madre del Sur province","Mammillaria"
2460151314,"Opuntia streptacantha","Oaxaca",15,"28","4","2012","iNaturalist","35703075","Pedro N_jera Quezada",-97.323315,17.554959,"Sierra Madre del Sur province","Opuntia"
2460164466,"Mammillaria karwinskiana","Oaxaca",122,"6","11","2018","iNaturalist","35504502","",-96.568308,16.997218,"Balsas Basin province","Mammillaria"
2465087218,"Coryphantha elephantidens","Oaxaca",NA,"3","6","2018","iNaturalist","15049664","Ulises Guzm_n",-96.662232,17.130775,"Sierra Madre del Sur province","Coryphantha"
2465089760,"Myrtillocactus geometrizans","Oaxaca",31,"29","7","2017","iNaturalist","16949056","cactus-d",-97.029679,17.868006,"Balsas Basin province","Myrtillocactus"
2465091174,"Coryphantha elephantidens","Oaxaca",84,"31","10","2018","iNaturalist","18115113","Ulises Guzm_n",-96.275971,16.868662,"Sierra Madre del Sur province","Coryphantha"
2465106460,"Ferocactus recurvus","Oaxaca",NA,"3","2","2016","iNaturalist","2657814","cactus-d",-97.016101,18.08879,"Sierra Madre del Sur province","Ferocactus"
2465110308,"Myrtillocactus geometrizans","Oaxaca",31,"15","3","2016","iNaturalist","2825396","Ignacio Torres Garc_a",-96.97906,17.902481,"Balsas Basin province","Myrtillocactus"
2465118755,"Coryphantha elephantidens","Oaxaca",NA,"26","7","2006","iNaturalist","311654","",-96.697464,17.115774,"Sierra Madre del Sur province","Coryphantha"
2465132277,"Acanthocereus tetragonus","Oaxaca",61,"22","11","2019","iNaturalist","36083517","Carlos Dom_nguez-Rodr_guez",-96.150726,15.754865,"Pacific Lowlands province","Acanthocereus"
2465137225,"Pilosocereus leucocephalus","Oaxaca",15,"23","6","2017","iNaturalist","6772654","ricardo_munoz",-96.136519,15.76892,"Pacific Lowlands province","Pilosocereus"
2465139672,"Pachycereus pecten-aboriginum","Oaxaca",15,"25","11","2019","iNaturalist","36069505","Carlos Dom_nguez-Rodr_guez",-96.17189,15.737749,"Pacific Lowlands province","Pachycereus"
2465158311,"Mammillaria karwinskiana","Oaxaca",61,"14","1","2017","iNaturalist","4956131","cactus-d",-96.657801,17.023467,"Balsas Basin province","Mammillaria"
2465172999,"Acanthocereus tetragonus","Oaxaca",8,"25","11","2019","iNaturalist","36069461","Carlos Dom_nguez-Rodr_guez",-96.168067,15.736353,"Pacific Lowlands province","Acanthocereus"
2465184503,"Stenocactus crispatus","Oaxaca",4,"26","6","2016","iNaturalist","3742135","",-97.561472,17.719414,"Sierra Madre del Sur province","Stenocactus"
2465204814,"Mammillaria albilanata","Oaxaca",253,"14","11","2016","iNaturalist","4890671","Jonathan Mohl",-97.245097,17.695323,"Sierra Madre del Sur province","Mammillaria"
2465205821,"Myrtillocactus geometrizans","Oaxaca",NA,"26","12","2016","iNaturalist","4848728","ricardo_munoz",-97.328728,18.129903,"Balsas Basin province","Myrtillocactus"
2465215712,"Opuntia pubescens","Oaxaca",NA,"2","10","2016","iNaturalist","4277216","Pedro N_jera Quezada",-96.676,17.033,"Balsas Basin province","Opuntia"
2465219932,"Mammillaria karwinskiana","Oaxaca",NA,"8","1","2018","iNaturalist","9482225","Jonathan Mohl",-96.342933,16.754925,"Sierra Madre del Sur province","Mammillaria"
2465243322,"Mammillaria polyedra","Oaxaca",126,"23","11","2016","iNaturalist","5933399","Ulises Guzm_n",-96.965053,18.071484,"Sierra Madre del Sur province","Mammillaria"
2465270394,"Coryphantha elephantidens","Oaxaca",8,"14","8","2019","iNaturalist","36161549","cactus-d",-97.12131,17.646915,"Sierra Madre del Sur province","Coryphantha"
2465279444,"Pereskiopsis kellermanii","Oaxaca",NA,"23","6","2019","iNaturalist","36310009","Carlos Dom_nguez-Rodr_guez",-96.067734,15.813722,"Pacific Lowlands province","Pereskiopsis"
2465295831,"Pachycereus pecten-aboriginum","Oaxaca",8,"21","3","2005","iNaturalist","36014380","Pablo Carrillo-Reyes",-95.438884,16.45898,"Pacific Lowlands province","Pachycereus"
2465306894,"Pereskia lychnidiflora","Oaxaca",15,"22","11","2019","iNaturalist","36083647","Carlos Dom_nguez-Rodr_guez",-96.163599,15.756201,"Pacific Lowlands province","Pereskia"
2465315878,"Acanthocereus tetragonus","Oaxaca",8,"23","6","2019","iNaturalist","36309965","Carlos Dom_nguez-Rodr_guez",-96.077769,15.814515,"Pacific Lowlands province","Acanthocereus"
2517941305,"Opuntia karwinskiana","Oaxaca",NA,"3","4","2018","iNaturalist","10602878","ricardo_munoz",-96.175232,15.777304,"Pacific Lowlands province","Opuntia"
2517941955,"Opuntia pilifera","Oaxaca",7,"23","3","2018","iNaturalist","12521131","Eugenio Padilla",-96.443953,16.949903,"Balsas Basin province","Opuntia"
2517942109,"Opuntia tomentosa","Oaxaca",507,"25","2","2015","iNaturalist","1292512","rpmundo",-96.730671,17.074015,"Balsas Basin province","Opuntia"
2517943498,"Opuntia pubescens","Oaxaca",NA,"4","9","2018","iNaturalist","16783592","Ulises Guzm_n",-96.194023,15.76967,"Pacific Lowlands province","Opuntia"
2517943611,"Ferocactus recurvus","Oaxaca",126,"29","9","2018","iNaturalist","17078397","cactus-d",-96.358042,16.927562,"Balsas Basin province","Ferocactus"
2517944315,"Opuntia tomentosa","Oaxaca",NA,"23","9","2018","iNaturalist","18644790","ricardo_munoz",-96.780121,16.994497,"Balsas Basin province","Opuntia"
2517944450,"Opuntia depressa","Oaxaca",253,"30","5","2018","iNaturalist","18697506","ricardo_munoz",-96.930162,17.645617,"Balsas Basin province","Opuntia"
2517944999,"Opuntia pilifera","Oaxaca",5,"1","1","2019","iNaturalist","19467569","Ulises Guzm_n",-96.449281,16.957736,"Balsas Basin province","Opuntia"
2517945714,"Opuntia karwinskiana","Oaxaca",44,"10","2","2018","iNaturalist","20763649","Rodrigo Arrazola",-96.100258,15.768452,"Pacific Lowlands province","Opuntia"
2517946089,"Opuntia karwinskiana","Oaxaca",NA,"15","3","2019","iNaturalist","21405382","Carlos Dom_nguez-Rodr_guez",-96.373726,15.792265,"Pacific Lowlands province","Opuntia"
2517946092,"Opuntia auberi","Oaxaca",488,"21","8","2018","iNaturalist","21413604","ricardo_munoz",-96.18409,15.770497,"Pacific Lowlands province","Opuntia"
2517946368,"Opuntia depressa","Oaxaca",252,"28","3","2019","iNaturalist","21884144","ricardo_munoz",-97.257894,18.156395,"Balsas Basin province","Opuntia"
2517946434,"Opuntia karwinskiana","Oaxaca",NA,"5","4","2019","iNaturalist","22059900","Carlos Dom_nguez-Rodr_guez",-96.219177,15.786327,"Pacific Lowlands province","Opuntia"
2517946910,"Opuntia decumbens","Oaxaca",NA,"16","4","2019","iNaturalist","22890711","ricardo_munoz",-97.208389,16.943286,"Sierra Madre del Sur province","Opuntia"
2517947740,"Pereskiopsis kellermanii","Oaxaca",122,"27","4","2019","iNaturalist","24227274","Carlos Dom_nguez-Rodr_guez",-96.19642,15.711299,"Pacific Lowlands province","Pereskiopsis"
2517947780,"Opuntia auberi","Oaxaca",15,"27","4","2019","iNaturalist","24312225","ricardo_munoz",-96.196559,15.709723,"Pacific Lowlands province","Opuntia"
2517949363,"Opuntia auberi","Oaxaca",NA,"26","5","2019","iNaturalist","26371472","ricardo_munoz",-96.145256,15.738181,"Pacific Lowlands province","Opuntia"
2517959105,"Opuntia decumbens","Oaxaca",4,"18","7","2019","iNaturalist","34268194","Carlos Dom_nguez-Rodr_guez",-96.165437,15.756067,"Pacific Lowlands province","Opuntia"
2517959405,"Mammillaria flavicentra","Oaxaca",51,"27","9","2019","iNaturalist","34413456","Ulises Guzm_n",-97.437684,17.887936,"Sierra Madre del Sur province","Mammillaria"
2517972810,"Opuntia lasiacantha","Oaxaca",253,"4","5","2017","iNaturalist","6116727","Leticia Soriano Flores",-97.279472,17.719215,"Sierra Madre del Sur province","Opuntia"
2517975910,"Opuntia pilifera","Oaxaca",NA,"9","1","2018","iNaturalist","9481804","rpmundo",-96.912742,17.635672,"Balsas Basin province","Opuntia"
2517998224,"Opuntia depressa","Oaxaca",NA,"9","1","2018","iNaturalist","9427216","rpmundo",-97.005067,17.899906,"Balsas Basin province","Opuntia"
2518014322,"Opuntia decumbens","Oaxaca",5,"19","10","2019","iNaturalist","34712322","Eric Wrubel",-96.100472,15.76532,"Pacific Lowlands province","Opuntia"
2518014453,"Pilosocereus leucocephalus","Oaxaca",NA,"4","12","2019","iNaturalist","36383623","Rodrigo Arrazola",-96.626111,15.7075,"Pacific Lowlands province","Pilosocereus"
2518030413,"Mammillaria albilanata","Oaxaca",NA,"1","4","2013","iNaturalist","7408517","Ulises Guzm_n",-97.944283,17.70238,"Balsas Basin province","Mammillaria"
2518036696,"Opuntia huajuapensis","Oaxaca",61,"26","4","2019","iNaturalist","34862788","Ulises Guzm_n",-96.540723,17.274483,"Balsas Basin province","Opuntia"
2518044214,"Opuntia pilifera","Oaxaca",63,"25","8","2017","iNaturalist","8520951","Leticia Soriano Flores",-97.64141,18.231846,"Balsas Basin province","Opuntia"
2518089705,"Opuntia streptacantha","Oaxaca",126,"25","1","2017","iNaturalist","5038137","ricardo_munoz",-96.90407,17.796759,"Sierra Madre del Sur province","Opuntia"
2518091723,"Opuntia tomentosa","Oaxaca",NA,"9","1","2018","iNaturalist","9503069","rpmundo",-96.949836,17.585481,"Balsas Basin province","Opuntia"
2518110776,"Neobuxbaumia tetetzo","Oaxaca",NA,"23","6","2019","iNaturalist","36309999","Carlos Dom_nguez-Rodr_guez",-96.074425,15.811898,"Pacific Lowlands province","Neobuxbaumia"
2518140354,"Pachycereus pecten-aboriginum","Oaxaca",15,"26","11","2019","iNaturalist","36478359","Carlos Dom_nguez-Rodr_guez",-96.202105,15.783721,"Pacific Lowlands province","Pachycereus"
2518145522,"Pereskiopsis kellermanii","Oaxaca",4,"5","12","2019","iNaturalist","36525564","Carlos Dom_nguez-Rodr_guez",-96.1667,15.723083,"Pacific Lowlands province","Pereskiopsis"
2529277742,"Opuntia karwinskiana","Oaxaca",122,"11","12","2019","iNaturalist","36746355","Carlos Dom_nguez-Rodr_guez",-96.16624,15.755948,"Pacific Lowlands province","Opuntia"
2529376712,"Opuntia decumbens","Oaxaca",31,"11","12","2019","iNaturalist","36746343","Carlos Dom_nguez-Rodr_guez",-96.156602,15.755559,"Pacific Lowlands province","Opuntia"
2529391228,"Ferocactus recurvus","Oaxaca",61,"28","9","2018","iNaturalist","36114475","D. Valencia",-96.971209,17.82118,"Balsas Basin province","Ferocactus"
2540761706,"Opuntia karwinskiana","Oaxaca",31,"17","12","2019","iNaturalist","36817102","Carlos Dom_nguez-Rodr_guez",-96.202679,15.783632,"Pacific Lowlands province","Opuntia"
2540782786,"Opuntia decumbens","Oaxaca",4,"18","12","2019","iNaturalist","36817750","Carlos Dom_nguez-Rodr_guez",-96.203513,15.712208,"Pacific Lowlands province","Opuntia"
2540817891,"Opuntia decumbens","Oaxaca",31,"15","12","2019","iNaturalist","36793651","Carlos Dom_nguez-Rodr_guez",-96.164464,15.724558,"Pacific Lowlands province","Opuntia"
2540845919,"Acanthocereus tetragonus","Oaxaca",4,"18","12","2019","iNaturalist","36817765","Carlos Dom_nguez-Rodr_guez",-96.202449,15.712654,"Pacific Lowlands province","Acanthocereus"
2540856531,"Myrtillocactus schenckii","Oaxaca",NA,"14","5","2019","iNaturalist","36963899","cactus-d",-96.451093,16.946733,"Balsas Basin province","Myrtillocactus"
2540873513,"Opuntia karwinskiana","Oaxaca",4,"18","12","2019","iNaturalist","36817775","Carlos Dom_nguez-Rodr_guez",-96.202897,15.712537,"Pacific Lowlands province","Opuntia"
2540897753,"Pachycereus pecten-aboriginum","Oaxaca",8,"30","11","2019","iNaturalist","36818275","Carlos Dom_nguez-Rodr_guez",-96.051001,15.8128,"Pacific Lowlands province","Pachycereus"
2549961261,"Mammillaria albilanata","Oaxaca",NA,"27","4","2018","iNaturalist","12387142","Ulises Guzm_n",-97.0855,17.462142,"Sierra Madre del Sur province","Mammillaria"
2550021895,"Opuntia karwinskiana","Oaxaca",15,"24","12","2019","iNaturalist","37300674","ricardo_munoz",-96.07162,15.77913,"Pacific Lowlands province","Opuntia"
2550086225,"Ferocactus recurvus","Oaxaca",6,"5","1","2020","iNaturalist","37326571","ricardo_munoz",-97.557732,17.689355,"Sierra Madre del Sur province","Ferocactus"
2550093151,"Mammillaria rekoi","Oaxaca",NA,"6","1","2020","iNaturalist","37384891","Ulises Guzm_n",-96.494564,17.243888,"Sierra Madre del Sur province","Mammillaria"
2550120863,"Stenocactus crispatus","Oaxaca",80,"24","1","2016","iNaturalist","37264502","zahora",-97.323611,17.554774,"Sierra Madre del Sur province","Stenocactus"
2550172506,"Opuntia pilifera","Oaxaca",NA,"8","1","2020","iNaturalist","37413647","ricardo_munoz",-96.515554,17.04218,"Balsas Basin province","Opuntia"
2557650704,"Opuntia pilifera","Oaxaca",126,"15","6","2016","iNaturalist","3491934","ricardo_munoz",-97.11633,18.04686,"Balsas Basin province","Opuntia"
2557718091,"Mammillaria polyedra","Oaxaca",22,"1","5","2018","iNaturalist","36210510","ricardo_munoz",-98.039784,17.546384,"Balsas Basin province","Mammillaria"
2557731976,"Marginatocereus marginatus","Oaxaca",263,"30","12","2019","iNaturalist","37191261","ricardo_munoz",-96.722037,17.065684,"Balsas Basin province","Marginatocereus"
2557737504,"Stenocereus treleasei","Oaxaca",15,"31","12","2019","iNaturalist","37346804","ricardo_munoz",-96.275703,16.868664,"Sierra Madre del Sur province","Stenocereus"
2557760014,"Pachycereus weberi","Oaxaca",NA,"22","10","2018","iNaturalist","37493078","Miguel A. Chavez Caballero",-96.954365,17.690865,"Balsas Basin province","Pachycereus"
2557883006,"Mammillaria mystax","Oaxaca",NA,"7","9","2017","iNaturalist","8292982","ricardo_munoz",-97.332026,18.083715,"Sierra Madre del Sur province","Mammillaria"
2563466895,"Ferocactus recurvus","Oaxaca",241,"10","10","2019","iNaturalist","34250729","ricardo_munoz",-98.042989,17.530839,"Balsas Basin province","Ferocactus"
2563541603,"Pereskiopsis kellermanii","Oaxaca",8,"24","12","2019","iNaturalist","37809932","Carlos Dom_nguez-Rodr_guez",-96.158808,15.733477,"Pacific Lowlands province","Pereskiopsis"
2563576522,"Neobuxbaumia tetetzo","Oaxaca",NA,"18","2","2012","iNaturalist","37915703","Ulises Guzm_n",-97.03009,17.865361,"Balsas Basin province","Neobuxbaumia"
2563577352,"Opuntia decumbens","Oaxaca",NA,"20","2","2012","iNaturalist","37915706","cactus-d",-96.052871,16.631123,"Pacific Lowlands province","Opuntia"
2563611780,"Opuntia decumbens","Oaxaca",249,"18","1","2020","iNaturalist","38012658","ricardo_munoz",-96.309117,15.684378,"Pacific Lowlands province","Opuntia"
2563616033,"Mammillaria rekoi","Oaxaca",100,"9","10","2019","iNaturalist","38022121","cactus-d",-96.49867,17.08486,"Sierra Madre del Sur province","Mammillaria"
2563621059,"Myrtillocactus schenckii","Oaxaca",5,"27","1","2020","iNaturalist","38036968","ricardo_munoz",-96.449212,16.958362,"Balsas Basin province","Myrtillocactus"
2563630625,"Myrtillocactus schenckii","Oaxaca",20,"9","10","2019","iNaturalist","38061948","Anneke Jonker",-96.516921,17.056032,"Sierra Madre del Sur province","Myrtillocactus"
2563656603,"Opuntia decumbens","Oaxaca",8,"27","12","2019","iNaturalist","38134310","Carlos Dom_nguez-Rodr_guez",-96.217762,15.700479,"Pacific Lowlands province","Opuntia"
2563656887,"Acanthocereus tetragonus","Oaxaca",4,"27","12","2019","iNaturalist","38134330","Carlos Dom_nguez-Rodr_guez",-96.218389,15.69971,"Pacific Lowlands province","Acanthocereus"
2563657177,"Opuntia karwinskiana","Oaxaca",1,"27","12","2019","iNaturalist","38134315","Carlos Dom_nguez-Rodr_guez",-96.217799,15.700451,"Pacific Lowlands province","Opuntia"
2572935627,"Opuntia velutina","Oaxaca",301,"1","1","1913","DES","DES00088279","Lyman Benson",-96.726083,17.051561,"Balsas Basin province","Opuntia"
2573814543,"Myrtillocactus schenckii","Oaxaca",150,"10","10","2019","iNaturalist","38148461","Anneke Jonker",-96.51233,17.01456,"Balsas Basin province","Myrtillocactus"
2573831270,"Mammillaria haageana","Oaxaca",505,"18","10","2019","iNaturalist","35172433","Zaira Elizabeth Delgado Huerta",-97.1851,17.85249,"Sierra Madre del Sur province","Mammillaria"
2573842331,"Acanthocereus tetragonus","Oaxaca",4,"7","2","2020","iNaturalist","38409805","Carlos Dom_nguez-Rodr_guez",-96.165048,15.724872,"Pacific Lowlands province","Acanthocereus"
2573902372,"Myrtillocactus schenckii","Oaxaca",NA,"8","8","2019","iNaturalist","36567894","C_sar Luis",-96.35302,16.925314,"Balsas Basin province","Myrtillocactus"
2574080421,"Opuntia decumbens","Oaxaca",4,"7","2","2020","iNaturalist","38409827","Carlos Dom_nguez-Rodr_guez",-96.194048,15.769538,"Pacific Lowlands province","Opuntia"
2574080955,"Ferocactus recurvus","Oaxaca",61,"24","1","2020","iNaturalist","38249176","Ulises Guzm_n",-97.349368,17.900482,"Sierra Madre del Sur province","Ferocactus"
2574126538,"Myrtillocactus geometrizans","Oaxaca",12,"12","1","2020","iNaturalist","37538515","ricardo_munoz",-96.448023,16.958149,"Balsas Basin province","Myrtillocactus"
2574150218,"Mammillaria mystax","Oaxaca",4,"30","1","2020","iNaturalist","38336191","Leticia Soriano Flores",-97.35715,17.904954,"Sierra Madre del Sur province","Mammillaria"
2574244150,"Stenocactus crispatus","Oaxaca",15,"31","1","2020","iNaturalist","38312434","Leticia Soriano Flores",-97.359897,17.901461,"Sierra Madre del Sur province","Stenocactus"
2574244223,"Polaskia chichipe","Oaxaca",4,"30","1","2020","iNaturalist","38336159","Leticia Soriano Flores",-97.357148,17.904972,"Sierra Madre del Sur province","Polaskia"
2574252762,"Mammillaria karwinskiana","Oaxaca",3,"19","2","2020","iNaturalist","38945310","Ulises Guzm_n",-96.565472,17.408306,"Balsas Basin province","Mammillaria"
2576307101,"Ferocactus recurvus","Oaxaca",31,"16","10","2012","iNaturalist","766665","cactus-d",-97.352654,17.872938,"Sierra Madre del Sur province","Ferocactus"
2576331841,"Opuntia dejecta","Oaxaca",NA,"22","2","2020","iNaturalist","39521979","ricardo_munoz",-96.495201,17.320784,"Balsas Basin province","Opuntia"
2576341808,"Mammillaria haageana","Oaxaca",122,"28","2","2020","iNaturalist","39498042","Jonathan Mohl",-97.323871,17.856039,"Sierra Madre del Sur province","Mammillaria"
2576466155,"Opuntia pubescens","Oaxaca",NA,"22","2","2020","iNaturalist","39521985","Carlos Dom_nguez-Rodr_guez",-96.497475,17.316837,"Balsas Basin province","Opuntia"
2579216464,"Opuntia decumbens","Oaxaca",24,"11","3","2020","iNaturalist","39839933","cactus-d",-96.091697,15.776283,"Pacific Lowlands province","Opuntia"
2579217414,"Mammillaria karwinskiana","Oaxaca",NA,"8","3","2020","iNaturalist","39846069","cactus-d",-96.447222,16.958333,"Balsas Basin province","Mammillaria"
2579229628,"Opuntia auberi","Oaxaca",NA,"31","1","2018","iNaturalist","9690806","ricardo_munoz",-96.296951,15.692717,"Pacific Lowlands province","Opuntia"
2579241404,"Myrtillocactus schenckii","Oaxaca",NA,"8","3","2020","iNaturalist","39814039","Eugenio Padilla",-96.45,16.958611,"Balsas Basin province","Myrtillocactus"
2579266454,"Stenocereus treleasei","Oaxaca",NA,"8","3","2020","iNaturalist","39843635","Eugenio Padilla",-96.447778,16.958056,"Balsas Basin province","Stenocereus"
2579313914,"Stenocereus treleasei","Oaxaca",NA,"22","2","2020","iNaturalist","39523345","Pedro N_jera Quezada",-96.494904,17.317459,"Balsas Basin province","Stenocereus"
2579316866,"Pilosocereus chrysacanthus","Oaxaca",2,"18","2","2020","iNaturalist","38919990","Ulises Guzm_n",-96.569667,17.401472,"Balsas Basin province","Pilosocereus"
2579318551,"Myrtillocactus schenckii","Oaxaca",NA,"8","3","2020","iNaturalist","39844765","Eugenio Padilla",-96.44606,16.957173,"Balsas Basin province","Myrtillocactus"
2579324592,"Stenocereus pruinosus","Oaxaca",NA,"8","3","2020","iNaturalist","39843483","Eugenio Padilla",-96.447707,16.957693,"Balsas Basin province","Stenocereus"
2580076953,"Opuntia pilifera","Oaxaca",122,"28","2","2020","iNaturalist","39498041","ricardo_munoz",-97.322412,17.856693,"Sierra Madre del Sur province","Opuntia"
2580114914,"Opuntia velutina","Oaxaca",258,"24","1","2018","iNaturalist","9606255","ricardo_munoz",-96.921353,17.648823,"Balsas Basin province","Opuntia"
2596127677,"Coryphantha pallida","Oaxaca",NA,"2","6","2016","iNaturalist","41055379","ricardo_munoz",-97.023507,17.868803,"Balsas Basin province","Coryphantha"
2596143006,"Ferocactus recurvus","Oaxaca",61,"28","3","2017","iNaturalist","41186491","Ulises Guzm_n",-96.994127,17.900707,"Balsas Basin province","Ferocactus"
2596162141,"Ferocactus recurvus","Oaxaca",122,"1","9","2016","iNaturalist","41202726","Ulises Guzm_n",-97.094237,17.77987,"Balsas Basin province","Ferocactus"
2596190917,"Pachycereus pecten-aboriginum","Oaxaca",NA,"31","3","2020","iNaturalist","41151029","Carlos Dom_nguez-Rodr_guez",-96.132652,15.770152,"Pacific Lowlands province","Pachycereus"
2596195061,"Stenocereus pruinosus","Oaxaca",122,"28","3","2017","iNaturalist","41186621","Ignacio Torres Garc_a",-96.967386,17.897394,"Balsas Basin province","Stenocereus"
2596287877,"Opuntia decumbens","Oaxaca",6,"20","3","2020","iNaturalist","40678222","cactus-d",-96.145692,16.675217,"Pacific Lowlands province","Opuntia"
2596295074,"Ferocactus recurvus","Oaxaca",244,"27","11","2018","iNaturalist","41191576","Ulises Guzm_n",-96.96472,17.82845,"Balsas Basin province","Ferocactus"
2596334137,"Opuntia karwinskiana","Oaxaca",61,"10","3","2020","iNaturalist","40701107","Martha Gonz_lez",-96.890539,17.796217,"Sierra Madre del Sur province","Opuntia"
2596356211,"Opuntia pilifera","Oaxaca",122,"28","3","2017","iNaturalist","41186575","Ignacio Torres Garc_a",-96.967128,17.897884,"Balsas Basin province","Opuntia"
2596356326,"Pachycereus pecten-aboriginum","Oaxaca",403,"17","3","2016","iNaturalist","41239495","James Telford",-96.556717,15.659415,"Pacific Lowlands province","Pachycereus"
2596381983,"Pachycereus weberi","Oaxaca",61,"11","3","2020","iNaturalist","40644402","Leticia Soriano Flores",-96.89107,17.799363,"Sierra Madre del Sur province","Pachycereus"
2596383182,"Coryphantha pallida","Oaxaca",122,"1","9","2016","iNaturalist","41202741","ricardo_munoz",-97.094752,17.780115,"Balsas Basin province","Coryphantha"
2597710919,"Opuntia decumbens","Oaxaca",31,"31","3","2020","iNaturalist","41151064","Carlos Dom_nguez-Rodr_guez",-96.133151,15.768353,"Pacific Lowlands province","Opuntia"
2597769869,"Opuntia decumbens","Oaxaca",5,"4","1","2019","iNaturalist","41665365","zapoteca",-96.140761,15.739808,"Pacific Lowlands province","Opuntia"
2597770906,"Opuntia decumbens","Oaxaca",5,"3","3","2020","iNaturalist","41736143","Aidan Campos",-94.87133,16.584722,"Pacific Lowlands province","Opuntia"
2597886908,"Opuntia huajuapensis","Oaxaca",122,"1","5","2019","iNaturalist","40724996","Leticia Soriano Flores",-97.323699,17.855794,"Sierra Madre del Sur province","Opuntia"
2603358131,"Mammillaria albilanata","Oaxaca",122,"12","11","2015","iNaturalist","42221757","Ulises Guzm_n",-96.629508,16.294656,"Sierra Madre del Sur province","Mammillaria"
2603479246,"Opuntia decumbens","Oaxaca",244,"27","11","2018","iNaturalist","41191568","ricardo_munoz",-96.964892,17.827797,"Balsas Basin province","Opuntia"
2603540349,"Opuntia tomentosa","Oaxaca",244,"12","11","2015","iNaturalist","42221990","Pedro N_jera Quezada",-96.651102,16.286667,"Sierra Madre del Sur province","Opuntia"
2609108116,"Mammillaria karwinskiana","Oaxaca",207,"9","4","2020","iNaturalist","42365457","ricardo_munoz",-96.881289,17.106569,"Balsas Basin province","Mammillaria"
2609240897,"Acanthocereus tetragonus","Oaxaca",NA,"19","4","2020","iNaturalist","42785336","Carlos Dom_nguez-Rodr_guez",-96.16082,15.78068,"Pacific Lowlands province","Acanthocereus"
2609332516,"Acanthocereus tetragonus","Oaxaca",31,"19","4","2020","iNaturalist","42785283","Carlos Dom_nguez-Rodr_guez",-96.165863,15.75595,"Pacific Lowlands province","Acanthocereus"
2611134888,"Opuntia decumbens","Oaxaca",NA,"26","4","2020","iNaturalist","43841036","Carlos Dom_nguez-Rodr_guez",-96.119736,15.77015,"Pacific Lowlands province","Opuntia"
2611141898,"Neobuxbaumia tetetzo","Oaxaca",NA,"26","4","2020","iNaturalist","43841042","Carlos Dom_nguez-Rodr_guez",-96.120605,15.772248,"Pacific Lowlands province","Neobuxbaumia"
2611187514,"Acanthocereus tetragonus","Oaxaca",NA,"24","4","2020","iNaturalist","43774012","Carlos Dom_nguez-Rodr_guez",-96.130669,15.766446,"Pacific Lowlands province","Acanthocereus"
2611424078,"Pereskiopsis kellermanii","Oaxaca",NA,"28","4","2020","iNaturalist","44201565","Carlos Dom_nguez-Rodr_guez",-96.139145,15.763542,"Pacific Lowlands province","Pereskiopsis"
2611424250,"Pereskia lychnidiflora","Oaxaca",4,"27","10","2018","iNaturalist","44241363","Pablo Carrillo-Reyes",-95.571361,16.410078,"Pacific Lowlands province","Pereskia"
2619947640,"Opuntia decumbens","Oaxaca",122,"28","3","2017","iNaturalist","42143403","sashiro_xo",-96.979357,17.910082,"Balsas Basin province","Opuntia"
2619957562,"Neobuxbaumia tetetzo","Oaxaca",15,"3","5","2020","iNaturalist","44834783","Carlos Dom_nguez-Rodr_guez",-96.130919,15.759169,"Pacific Lowlands province","Neobuxbaumia"
2626105164,"Pachycereus pecten-aboriginum","Oaxaca",4,"28","2","2019","iNaturalist","45417795","Carlos Dom_nguez-Rodr_guez",-96.128587,15.738272,"Pacific Lowlands province","Pachycereus"
2626111355,"Mammillaria albilanata","Oaxaca",217,"26","7","2016","iNaturalist","10592038","ricardo_munoz",-96.984925,16.657309,"Sierra Madre del Sur province","Mammillaria"
2626151563,"Stenocereus stellatus","Oaxaca",61,"8","9","2016","iNaturalist","42105364","Leticia Soriano Flores",-96.982812,17.9007,"Balsas Basin province","Stenocereus"
2626250012,"Opuntia decumbens","Oaxaca",31,"12","5","2020","iNaturalist","46059877","Carlos Dom_nguez-Rodr_guez",-96.205009,15.76438,"Pacific Lowlands province","Opuntia"
2626262030,"Acanthocereus tetragonus","Oaxaca",15,"18","5","2020","iNaturalist","46459140","Carlos Dom_nguez-Rodr_guez",-96.127017,15.777798,"Pacific Lowlands province","Acanthocereus"
2626285475,"Pachycereus pecten-aboriginum","Oaxaca",8,"11","5","2020","iNaturalist","45662335","Carlos Dom_nguez-Rodr_guez",-96.124771,15.772342,"Pacific Lowlands province","Pachycereus"
2626334045,"Pereskia lychnidiflora","Oaxaca",31,"15","5","2020","iNaturalist","46403062","Carlos Dom_nguez-Rodr_guez",-96.059947,15.783229,"Pacific Lowlands province","Pereskia"
2626371385,"Stenocereus treleasei","Oaxaca",161,"26","12","2018","iNaturalist","20892297","Graciela Nu_ez Matadamas",-96.841287,17.161976,"Balsas Basin province","Stenocereus"
2626378377,"Stenocereus treleasei","Oaxaca",63,"24","5","2018","iNaturalist","17443832","Eugenio Padilla",-96.439801,16.955426,"Balsas Basin province","Stenocereus"
2626399376,"Stenocereus treleasei","Oaxaca",61,"1","11","2014","iNaturalist","14121432","Ulises Guzm_n",-96.876205,17.245875,"Balsas Basin province","Stenocereus"
2626439685,"Opuntia decumbens","Oaxaca",31,"15","5","2020","iNaturalist","46403159","Carlos Dom_nguez-Rodr_guez",-96.061041,15.782327,"Pacific Lowlands province","Opuntia"
2626533626,"Acanthocereus tetragonus","Oaxaca",31,"15","5","2020","iNaturalist","46403265","Carlos Dom_nguez-Rodr_guez",-96.061363,15.781617,"Pacific Lowlands province","Acanthocereus"
2626561418,"Opuntia decumbens","Oaxaca",31,"11","5","2020","iNaturalist","45662352","Carlos Dom_nguez-Rodr_guez",-96.125411,15.776012,"Pacific Lowlands province","Opuntia"
2626638998,"Opuntia karwinskiana","Oaxaca",4,"11","5","2020","iNaturalist","45662316","Carlos Dom_nguez-Rodr_guez",-96.124993,15.770354,"Pacific Lowlands province","Opuntia"
2626675318,"Opuntia auberi","Oaxaca",15,"11","5","2020","iNaturalist","45662314","Carlos Dom_nguez-Rodr_guez",-96.124977,15.770162,"Pacific Lowlands province","Opuntia"
2629436581,"Melocactus curvispinus","Oaxaca",NA,"24","7","2004","FCN-UAQ","NO APLICA","A. Cabrera",-96.154861,15.728,"Pacific Lowlands province","Melocactus"
2629445144,"Pereskia lychnidiflora","Oaxaca",100,"25","7","1982","INECOL","19404","H. Bravo H.",-96.188889,15.713889,"Pacific Lowlands province","Pereskia"
2629446148,"Opuntia decumbens","Oaxaca",100,"6","11","1992","INECOL","19354","P. Zamora C.",-96.169444,15.752778,"Pacific Lowlands province","Opuntia"
2629519601,"Rhipsalis baccifera","Oaxaca",90,"20","6","1982","INECOL","P30037","F. Ramos M.",-96.683333,18.033333,"Sierra Madre del Sur province","Rhipsalis"
2629616130,"Pereskiopsis kellermanii","Oaxaca",100,"4","11","1992","INECOL","19398","P. Zamora C.",-96.141667,15.744444,"Pacific Lowlands province","Pereskiopsis"
2629621155,"Pereskiopsis kellermanii","Oaxaca",100,"31","10","1992","INECOL","19395","P. Zamora C.",-96.305555,15.697222,"Pacific Lowlands province","Pereskiopsis"
2629655016,"Rhipsalis baccifera","Oaxaca",90,"30","5","1990","INECOL","P1303","J. Reyes S.",-96.103889,17.925556,"Veracruzan province","Rhipsalis"
2629673356,"Pilosocereus collinsii","Oaxaca",100,"2","11","1992","INECOL","102912","S. Avenda_o R.",-96.063889,15.791667,"Pacific Lowlands province","Pilosocereus"
2629753905,"Opuntia auberi","Oaxaca",NA,"27","2","2001","INECOL","XAL0122296","R.A. Palestina G.",-96.733047,16.617547,"Balsas Basin province","Opuntia"
2629757083,"Aporocactus martianus","Oaxaca",NA,"22","8","1960","INECOL","XAL0146141","H.H. Iltis",-96.714444,17.156667,"Sierra Madre del Sur province","Aporocactus"
2629766138,"Opuntia decumbens","Oaxaca",NA,"8","2","2012","INECOL","XAL0144201","C. G_mez H.",-95.967805,16.428583,"Pacific Lowlands province","Opuntia"
2629779429,"Mammillaria albilanata","Oaxaca",NA,"25","6","2017","IBUNAM","NO APLICA","ASAM; GIMM",-97.9622,17.65678,"Sierra Madre del Sur province","Mammillaria"
2630139724,"Opuntia decumbens","Oaxaca",100,"30","6","2006","UNICACH","HEM 20088","M.A. Perez-Farrera",-95.466111,16.541556,"Pacific Lowlands province","Opuntia"
2633972173,"Opuntia karwinskiana","Oaxaca",31,"20","5","2020","iNaturalist","47051352","Carlos Dom_nguez-Rodr_guez",-96.114794,15.76563,"Pacific Lowlands province","Opuntia"
2633977832,"Pereskia lychnidiflora","Oaxaca",31,"20","5","2020","iNaturalist","46817369","Carlos Dom_nguez-Rodr_guez",-96.122128,15.768958,"Pacific Lowlands province","Pereskia"
2634026217,"Pilosocereus leucocephalus","Oaxaca",31,"20","5","2020","iNaturalist","47051490","Carlos Dom_nguez-Rodr_guez",-96.113528,15.765321,"Pacific Lowlands province","Pilosocereus"
2634029785,"Pilosocereus leucocephalus","Oaxaca",61,"20","5","2020","iNaturalist","46817380","Carlos Dom_nguez-Rodr_guez",-96.122278,15.770177,"Pacific Lowlands province","Pilosocereus"
2634048268,"Opuntia decumbens","Oaxaca",31,"21","5","2020","iNaturalist","47778840","Carlos Dom_nguez-Rodr_guez",-96.14481,15.754801,"Pacific Lowlands province","Opuntia"
2634096825,"Pilosocereus leucocephalus","Oaxaca",31,"21","5","2020","iNaturalist","47478252","Carlos Dom_nguez-Rodr_guez",-96.144021,15.761624,"Pacific Lowlands province","Pilosocereus"
2634128386,"Neobuxbaumia tetetzo","Oaxaca",31,"22","5","2020","iNaturalist","47817795","Carlos Dom_nguez-Rodr_guez",-96.132639,15.777333,"Pacific Lowlands province","Neobuxbaumia"
2634142884,"Neobuxbaumia tetetzo","Oaxaca",15,"30","5","2020","iNaturalist","48157081","Carlos Dom_nguez-Rodr_guez",-96.144756,15.755885,"Pacific Lowlands province","Neobuxbaumia"
2634153893,"Pereskiopsis diguetii","Oaxaca",5,"30","5","2020","iNaturalist","48149318","Carlos Dom_nguez-Rodr_guez",-96.1444,15.75528,"Pacific Lowlands province","Pereskiopsis"
2634219659,"Neobuxbaumia tetetzo","Oaxaca",61,"17","2","2019","iNaturalist","45602762","Ulises Guzm_n",-96.162345,15.72031,"Pacific Lowlands province","Neobuxbaumia"
2634221377,"Stenocereus pruinosus","Oaxaca",NA,"11","4","2018","iNaturalist","20353460","rosariochaparro",-97.748316,18.162451,"Balsas Basin province","Stenocereus"
2634234397,"Stenocereus pruinosus","Oaxaca",488,"9","8","2015","iNaturalist","22392307","Ulises Guzm_n",-94.915658,16.479337,"Pacific Lowlands province","Stenocereus"
2634258516,"Stenocereus pruinosus","Oaxaca",7,"4","1","2020","iNaturalist","37273310","ricardo_munoz",-96.305765,16.670507,"Pacific Lowlands province","Stenocereus"
2634335121,"Ferocactus recurvus","Oaxaca",122,"27","11","2012","iNaturalist","48358332","Ulises Guzm_n",-98.047481,17.546846,"Balsas Basin province","Ferocactus"
2634336006,"Pereskia lychnidiflora","Oaxaca",8,"26","5","2020","iNaturalist","48193690","Carlos Dom_nguez-Rodr_guez",-96.159302,15.73489,"Pacific Lowlands province","Pereskia"
2634354482,"Stenocereus pruinosus","Oaxaca",39,"16","5","2018","iNaturalist","36210528","ricardo_munoz",-97.799721,18.076876,"Balsas Basin province","Stenocereus"
2634360662,"Neobuxbaumia tetetzo","Oaxaca",1,"28","2","2019","iNaturalist","45417773","Carlos Dom_nguez-Rodr_guez",-96.127968,15.738524,"Pacific Lowlands province","Neobuxbaumia"
2634379855,"Opuntia decumbens","Oaxaca",15,"21","5","2020","iNaturalist","47478274","Carlos Dom_nguez-Rodr_guez",-96.144169,15.761194,"Pacific Lowlands province","Opuntia"
2634507524,"Pachycereus pecten-aboriginum","Oaxaca",8,"21","5","2020","iNaturalist","47942460","Carlos Dom_nguez-Rodr_guez",-96.14457,15.755287,"Pacific Lowlands province","Pachycereus"
2634575390,"Pereskia lychnidiflora","Oaxaca",15,"28","5","2020","iNaturalist","47814764","Carlos Dom_nguez-Rodr_guez",-96.058516,15.785362,"Pacific Lowlands province","Pereskia"
2641291460,"Opuntia karwinskiana","Oaxaca",15,"11","5","2020","iNaturalist","45658980","Carlos Dom_nguez-Rodr_guez",-96.125052,15.768739,"Pacific Lowlands province","Opuntia"
2641363518,"Acanthocereus tetragonus","Oaxaca",15,"28","5","2020","iNaturalist","47814785","Carlos Dom_nguez-Rodr_guez",-96.059012,15.784881,"Pacific Lowlands province","Acanthocereus"
2641483533,"Opuntia karwinskiana","Oaxaca",31,"22","5","2020","iNaturalist","47817716","Carlos Dom_nguez-Rodr_guez",-96.127154,15.778668,"Pacific Lowlands province","Opuntia"
2641488424,"Pachycereus weberi","Oaxaca",61,"8","9","2016","iNaturalist","42105363","Leticia Soriano Flores",-96.982554,17.900291,"Balsas Basin province","Pachycereus"
2641522295,"Ferocactus recurvus","Oaxaca",122,"27","11","2012","iNaturalist","48960187","Ulises Guzm_n",-98.042629,17.55412,"Balsas Basin province","Ferocactus"
2641530529,"Opuntia karwinskiana","Oaxaca",NA,"21","5","2020","iNaturalist","47778646","Carlos Dom_nguez-Rodr_guez",-96.14478,15.75603,"Pacific Lowlands province","Opuntia"
2641570428,"Coryphantha pallida","Oaxaca",61,"27","11","2012","iNaturalist","49045164","Eugenio Padilla",-98.042082,17.552005,"Balsas Basin province","Coryphantha"
2802571524,"Myrtillocactus schenckii","Oaxaca",NA,"2","7","2019","iNaturalist","39867003","ricardo_munoz",-96.466872,16.877047,"Balsas Basin province","Myrtillocactus"
2802605349,"Pachycereus pecten-aboriginum","Oaxaca",5,"8","3","2018","iNaturalist","10686222","P Gonzalez Zamora",-96.320342,16.693647,"Sierra Madre del Sur province","Pachycereus"
2802657859,"Opuntia decumbens","Oaxaca",122,"29","11","2012","iNaturalist","49848707","Eugenio Padilla",-98.045766,17.637723,"Balsas Basin province","Opuntia"
2802691704,"Mammillaria albilanata","Oaxaca",NA,"22","6","2020","iNaturalist","50619294","ricardo_munoz",-97.812778,17.838889,"Balsas Basin province","Mammillaria"
2802700865,"Pereskia lychnidiflora","Oaxaca",61,"26","5","2020","iNaturalist","49674921","Carlos Dom_nguez-Rodr_guez",-96.145918,15.784511,"Pacific Lowlands province","Pereskia"
2802770376,"Pachycereus pecten-aboriginum","Oaxaca",314,"25","2","2015","iNaturalist","20196242","Carlos Dom_nguez-Rodr_guez",-94.832474,16.59392,"Pacific Lowlands province","Pachycereus"
2802857656,"Pilosocereus collinsii","Oaxaca",8,"19","6","2020","iNaturalist","50519837","Carlos Dom_nguez-Rodr_guez",-96.159335,15.727943,"Pacific Lowlands province","Pilosocereus"
2802895741,"Pereskiopsis rotundifolia","Oaxaca",NA,"28","5","2020","iNaturalist","47814860","Carlos Dom_nguez-Rodr_guez",-96.07338,15.779845,"Pacific Lowlands province","Pereskiopsis"
2802919610,"Marginatocereus marginatus","Oaxaca",NA,"31","7","2019","iNaturalist","46030886","joshicas90",-96.747226,16.94974,"Balsas Basin province","Marginatocereus"
2802927568,"Opuntia depressa","Oaxaca",NA,"14","12","2017","iNaturalist","45229171","sashiro_xo",-97.028889,17.805833,"Balsas Basin province","Opuntia"
2803011523,"Pilosocereus collinsii","Oaxaca",15,"17","6","2020","iNaturalist","50524079","Carlos Dom_nguez-Rodr_guez",-96.07181,15.779047,"Pacific Lowlands province","Pilosocereus"
2803033198,"Acanthocereus tetragonus","Oaxaca",15,"17","6","2020","iNaturalist","50236081","Carlos Dom_nguez-Rodr_guez",-96.071939,15.77929,"Pacific Lowlands province","Acanthocereus"
2803042067,"Ferocactus recurvus","Oaxaca",244,"6","11","2012","iNaturalist","50178458","Ulises Guzm_n",-98.04642,17.636334,"Balsas Basin province","Ferocactus"
2807184798,"Pereskiopsis kellermanii","Oaxaca",NA,"28","7","1999","PRC","418448","Arias Montes, Salvador",-95.72583,15.97306,"Pacific Lowlands province","Pereskiopsis"
2807399871,"Opuntia auberi","Oaxaca",NA,"3","12","1999","PRC","195300","Arias Montes, Salvador",-95.71556,15.96194,"Pacific Lowlands province","Opuntia"
2807481210,"Pilosocereus collinsii","Oaxaca",NA,"24","9","1999","PRC","418593","Arias Montes, Salvador",-96.14167,15.75167,"Pacific Lowlands province","Pilosocereus"
2807504508,"Pereskia lychnidiflora","Oaxaca",NA,"22","1","1999","PRC","202777","Arias Montes, Salvador",-95.95306,15.83583,"Pacific Lowlands province","Pereskia"
2813891371,"Escontria chiotilla","Oaxaca",502,"9","6","2019","iNaturalist","27580899","ricardo_munoz",-96.982797,17.900325,"Balsas Basin province","Escontria"
2813897702,"Mammillaria polyedra","Oaxaca",122,"29","11","2012","iNaturalist","50177845","ricardo_munoz",-98.046284,17.637654,"Balsas Basin province","Mammillaria"
2813901598,"Escontria chiotilla","Oaxaca",61,"4","11","2012","iNaturalist","49053368","Eugenio Padilla",-98.04266,17.551314,"Balsas Basin province","Escontria"
2813905365,"Neobuxbaumia tetetzo","Oaxaca",NA,"28","4","2019","iNaturalist","24306344","Carlos Dom_nguez-Rodr_guez",-96.113731,15.764396,"Pacific Lowlands province","Neobuxbaumia"
2813920506,"Escontria chiotilla","Oaxaca",61,"11","3","2020","iNaturalist","40644396","Leticia Soriano Flores",-96.890941,17.799036,"Sierra Madre del Sur province","Escontria"
2813931318,"Escontria chiotilla","Oaxaca",NA,"9","1","2018","iNaturalist","9481936","rpmundo",-96.912919,17.635536,"Balsas Basin province","Escontria"
2813992075,"Mammillaria mystax","Oaxaca",61,"17","11","2012","iNaturalist","52286353","Eugenio Padilla",-97.811361,17.536538,"Sierra Madre del Sur province","Mammillaria"
2814019512,"Marginatocereus marginatus","Oaxaca",61,"21","10","2012","iNaturalist","51494753","Eugenio Padilla",-98.041875,17.951406,"Balsas Basin province","Marginatocereus"
2814073113,"Opuntia auberi","Oaxaca",NA,"9","3","2019","iNaturalist","51490509","Heriberto _vila-Gonz_lez",-95.013473,16.33423,"Pacific Lowlands province","Opuntia"
2814114470,"Opuntia karwinskiana","Oaxaca",NA,"1","1","2020","iNaturalist","37573748","ricardo_munoz",-96.516172,17.062567,"Sierra Madre del Sur province","Opuntia"
2814123505,"Neobuxbaumia tetetzo","Oaxaca",NA,"26","4","2020","iNaturalist","43841008","Carlos Dom_nguez-Rodr_guez",-96.119736,15.765767,"Pacific Lowlands province","Neobuxbaumia"
2814130836,"Ferocactus recurvus","Oaxaca",31,"28","11","2012","iNaturalist","52392111","Ulises Guzm_n",-98.02605,17.602138,"Balsas Basin province","Ferocactus"
2814150449,"Opuntia pilifera","Oaxaca",5,"1","3","2020","iNaturalist","41146140","ricardo_munoz",-96.50985,17.013589,"Balsas Basin province","Opuntia"
2814172066,"Ferocactus recurvus","Oaxaca",84,"7","7","2020","iNaturalist","52315221","cactus-d",-96.613971,16.957649,"Balsas Basin province","Ferocactus"
2814188308,"Pachycereus pecten-aboriginum","Oaxaca",15,"16","1","2016","iNaturalist","2592103","Ulises Guzm_n",-95.299722,16.330505,"Pacific Lowlands province","Pachycereus"
2814196136,"Myrtillocactus schenckii","Oaxaca",15,"2","3","2018","iNaturalist","51214589","Pablo Carrillo-Reyes",-95.932572,16.430668,"Pacific Lowlands province","Myrtillocactus"
2814230689,"Opuntia decumbens","Oaxaca",NA,"16","6","2020","iNaturalist","50225559","Carlos Dom_nguez-Rodr_guez",-96.20003,15.77351,"Pacific Lowlands province","Opuntia"
2814246323,"Neobuxbaumia scoparia","Oaxaca",16,"20","12","2011","iNaturalist","9140820","Ulises Guzm_n",-95.007816,16.666466,"Pacific Lowlands province","Neobuxbaumia"
2814382953,"Pachycereus weberi","Oaxaca",31,"15","11","2012","iNaturalist","52172277","Eugenio Padilla",-97.968951,17.481187,"Sierra Madre del Sur province","Pachycereus"
2818507710,"Mammillaria albilanata","Oaxaca",31,"29","11","2012","iNaturalist","52601501","Eugenio Padilla",-98.017745,17.643565,"Balsas Basin province","Mammillaria"
2818518554,"Pilosocereus collinsii","Oaxaca",NA,"3","7","2020","iNaturalist","52339377","Carlos Dom_nguez-Rodr_guez",-96.113441,15.76777,"Pacific Lowlands province","Pilosocereus"
2818546529,"Opuntia velutina","Oaxaca",61,"22","10","2012","iNaturalist","52383816","Eugenio Padilla",-98.043024,17.948389,"Balsas Basin province","Opuntia"
2818594576,"Opuntia decumbens","Oaxaca",NA,"10","3","2019","iNaturalist","53267598","cactus-d",-94.870697,16.582768,"Pacific Lowlands province","Opuntia"
2818681471,"Mammillaria mystax","Oaxaca",122,"16","1","2012","iNaturalist","51490109","Eugenio Padilla",-98.042263,17.955617,"Balsas Basin province","Mammillaria"
2818739513,"Stenocereus stellatus","Oaxaca",61,"16","1","2012","iNaturalist","51485369","Eugenio Padilla",-98.043016,17.947228,"Balsas Basin province","Stenocereus"
2818747654,"Mammillaria albilanata","Oaxaca",126,"29","11","2012","iNaturalist","52600711","Eugenio Padilla",-98.04599,17.636128,"Balsas Basin province","Mammillaria"
2818753553,"Opuntia velutina","Oaxaca",61,"29","11","2012","iNaturalist","52523423","Eugenio Padilla",-98.041136,17.639965,"Balsas Basin province","Opuntia"
2818809619,"Mammillaria albilanata","Oaxaca",31,"13","11","2012","iNaturalist","53290897","Eugenio Padilla",-98.041745,17.949431,"Balsas Basin province","Mammillaria"
2818825592,"Opuntia decumbens","Oaxaca",122,"13","11","2012","iNaturalist","53290047","Eugenio Padilla",-98.042263,17.948681,"Balsas Basin province","Opuntia"
2823109528,"Opuntia tomentosa","Oaxaca",122,"28","11","2012","iNaturalist","52519341","ricardo_munoz",-98.025209,17.602446,"Balsas Basin province","Opuntia"
2823118397,"Opuntia pilifera","Oaxaca",NA,"23","6","2018","iNaturalist","45042269","sashiro_xo",-97.045231,17.47964,"Balsas Basin province","Opuntia"
2823128403,"Pilosocereus collinsii","Oaxaca",227,"20","7","2016","iNaturalist","46204043","Ulises Guzm_n",-94.719977,16.538119,"Pacific Lowlands province","Pilosocereus"
2823236726,"Pereskia lychnidiflora","Oaxaca",NA,"9","3","2019","iNaturalist","53414265","Ulises Guzm_n",-95.009013,16.333725,"Pacific Lowlands province","Pereskia"
2826305648,"Mammillaria polyedra","Oaxaca",122,"29","11","2012","iNaturalist","52614198","ricardo_munoz",-98.015122,17.64243,"Balsas Basin province","Mammillaria"
2850541439,"Pilosocereus collinsii","Oaxaca",8,"30","9","2019","iNaturalist","34583483","Carlos Dom_nguez-Rodr_guez",-96.166713,15.72311,"Pacific Lowlands province","Pilosocereus"
2850552233,"Pachycereus weberi","Oaxaca",61,"2","8","2020","iNaturalist","55397469","Leticia Soriano Flores",-96.972347,17.896505,"Balsas Basin province","Pachycereus"
2850575489,"Disocactus speciosus","Oaxaca",40,"26","12","2019","iNaturalist","37324439","Ulises Guzm_n",-96.47802,16.0852,"Sierra Madre del Sur province","Disocactus"
2850632964,"Coryphantha elephantidens","Oaxaca",538,"9","8","2020","iNaturalist","56583233","Eugenio Padilla",-97.8903,17.712683,"Balsas Basin province","Coryphantha"
2850844976,"Epiphyllum oxypetalum","Oaxaca",17,"9","8","2020","iNaturalist","55927787","Ad_n Esperanza",-96.676617,16.795583,"Balsas Basin province","Epiphyllum"
2850845267,"Opuntia pubescens","Oaxaca",NA,"31","7","2020","iNaturalist","56142765","yabin-salmeron",-97.763611,17.801111,"Balsas Basin province","Opuntia"
2850987809,"Opuntia lasiacantha","Oaxaca",122,"13","11","2012","iNaturalist","54529104","Eugenio Padilla",-98.036027,17.942021,"Balsas Basin province","Opuntia"
2851008996,"Pereskiopsis rotundifolia","Oaxaca",8,"17","7","2020","iNaturalist","55263351","Carlos Dom_nguez-Rodr_guez",-96.16675,15.722885,"Pacific Lowlands province","Pereskiopsis"
2851018468,"Disocactus speciosus","Oaxaca",61,"22","10","2019","iNaturalist","35172276","Ulises Guzm_n",-97.066591,16.529858,"Sierra Madre del Sur province","Disocactus"
2851051424,"Pilosocereus chrysacanthus","Oaxaca",122,"13","11","2012","iNaturalist","55532760","Eugenio Padilla",-98.033415,17.969802,"Balsas Basin province","Pilosocereus"
2851077452,"Pilosocereus collinsii","Oaxaca",15,"19","7","2020","iNaturalist","55520556","Carlos Dom_nguez-Rodr_guez",-96.198652,15.778672,"Pacific Lowlands province","Pilosocereus"
2851138399,"Stenocereus pruinosus","Oaxaca",NA,"13","11","2012","iNaturalist","55542892","Eugenio Padilla",-98.044444,17.953889,"Balsas Basin province","Stenocereus"
2851220339,"Stenocereus pruinosus","Oaxaca",502,"2","8","2020","iNaturalist","56135217","Leticia Soriano Flores",-96.964687,17.900877,"Balsas Basin province","Stenocereus"
2851226609,"Opuntia decumbens","Oaxaca",9,"11","8","2020","iNaturalist","56265736","ricardo_munoz",-95.530119,16.092922,"Pacific Lowlands province","Opuntia"
2856484762,"Pilosocereus collinsii","Oaxaca",8,"13","8","2020","iNaturalist","57220702","Carlos Dom_nguez-Rodr_guez",-96.060623,15.783007,"Pacific Lowlands province","Pilosocereus"
2856487160,"Pereskiopsis rotundifolia","Oaxaca",8,"23","8","2020","iNaturalist","57475197","Carlos Dom_nguez-Rodr_guez",-96.287614,15.692299,"Pacific Lowlands province","Pereskiopsis"
2856492587,"Mammillaria rekoi","Oaxaca",NA,"7","8","2020","iNaturalist","57098248","Ulises Guzm_n",-96.264091,16.787701,"Sierra Madre del Sur province","Mammillaria"
2856547130,"Acanthocereus tetragonus","Oaxaca",15,"23","8","2020","iNaturalist","57475225","Carlos Dom_nguez-Rodr_guez",-96.286039,15.686254,"Pacific Lowlands province","Acanthocereus"
2856625704,"Opuntia decumbens","Oaxaca",4,"15","8","2020","iNaturalist","57194268","Carlos Dom_nguez-Rodr_guez",-96.127308,15.740368,"Pacific Lowlands province","Opuntia"
2856657103,"Pereskiopsis rotundifolia","Oaxaca",31,"23","8","2020","iNaturalist","57475202","Carlos Dom_nguez-Rodr_guez",-96.288001,15.691342,"Pacific Lowlands province","Pereskiopsis"
2856661344,"Mammillaria albilanata","Oaxaca",371,"16","6","2013","iNaturalist","40605283","P Gonzalez Zamora",-96.90965,17.053715,"Sierra Madre del Sur province","Mammillaria"
2856692768,"Opuntia decumbens","Oaxaca",8,"13","8","2020","iNaturalist","57220670","Carlos Dom_nguez-Rodr_guez",-96.059357,15.785147,"Pacific Lowlands province","Opuntia"
2856730749,"Pilosocereus collinsii","Oaxaca",8,"13","8","2020","iNaturalist","57220682","Carlos Dom_nguez-Rodr_guez",-96.060334,15.783538,"Pacific Lowlands province","Pilosocereus"
2859914349,"Opuntia auberi","Oaxaca",4,"10","10","2019","iNaturalist","34167543","ricardo_munoz",-96.166552,17.951438,"Veracruzan province","Opuntia"
2859942357,"Pilosocereus collinsii","Oaxaca",NA,"24","9","2019","iNaturalist","33563064","Carlos Dom_nguez-Rodr_guez",-96.14756,15.772289,"Pacific Lowlands province","Pilosocereus"
2859949350,"Stenocereus stellatus","Oaxaca",19,"2","10","2019","iNaturalist","34250962","Ulises Guzm_n",-98.027017,17.508263,"Balsas Basin province","Stenocereus"
2859965171,"Coryphantha pallida","Oaxaca",8,"27","8","2020","iNaturalist","58221351","Ciro Rodriguez Perez",-97.457553,17.80722,"Sierra Madre del Sur province","Coryphantha"
2859982418,"Marginatocereus marginatus","Oaxaca",13,"19","6","2020","iNaturalist","50214137","Heriberto _vila-Gonz_lez",-96.508423,16.213135,"Sierra Madre del Sur province","Marginatocereus"
2860062250,"Pachycereus pecten-aboriginum","Oaxaca",486,"3","2","2020","iNaturalist","58282284","Delgado Fabela Jared Fabi_n",-97.051391,15.845834,"Pacific Lowlands province","Pachycereus"
2862379278,"Pilosocereus collinsii","Oaxaca",15,"1","9","2020","iNaturalist","58999722","Carlos Dom_nguez-Rodr_guez",-96.203367,15.71231,"Pacific Lowlands province","Pilosocereus"
2862569249,"Acanthocereus tetragonus","Oaxaca",8,"1","9","2020","iNaturalist","59003243","Carlos Dom_nguez-Rodr_guez",-96.205045,15.707615,"Pacific Lowlands province","Acanthocereus"
2862668384,"Ferocactus recurvus","Oaxaca",804,"9","8","2019","iNaturalist","59095551","Ulises Guzm_n",-97.040364,17.860454,"Balsas Basin province","Ferocactus"
2864591416,"Pereskiopsis rotundifolia","Oaxaca",791,"17","6","2020","iNaturalist","50422287","Ulises Guzm_n",-96.810855,17.050491,"Balsas Basin province","Pereskiopsis"
2864813747,"Opuntia streptacantha","Oaxaca",103,"11","9","2020","iNaturalist","59269474","Ulises Guzm_n",-96.677597,16.946883,"Balsas Basin province","Opuntia"
2864814344,"Epiphyllum hookeri","Oaxaca",66,"12","8","2019","iNaturalist","30703174","Ulises Guzm_n",-95.599609,17.296775,"Veracruzan province","Epiphyllum"
2868378715,"Mammillaria carnea","Oaxaca",NA,"26","10","2018","iNaturalist","60449008","Socorro Garcia M_ndez",-96.914991,17.648544,"Balsas Basin province","Mammillaria"
2873782894,"Opuntia tomentosa","Oaxaca",395,"15","8","2020","iNaturalist","61178895","Gerardo Rey Hernandez Cruz",-96.898915,17.160118,"Balsas Basin province","Opuntia"
2873804981,"Stenocereus treleasei","Oaxaca",216,"15","8","2020","iNaturalist","61178894","Ulises Guzm_n",-96.898571,17.160447,"Balsas Basin province","Stenocereus"
2873862552,"Pilosocereus collinsii","Oaxaca",4,"29","9","2020","iNaturalist","61261472","filimonios",-96.145696,15.73819,"Pacific Lowlands province","Pilosocereus"
2882956691,"Acanthocereus tetragonus","Oaxaca",8,"23","9","2020","iNaturalist","61482233","Carlos Dom_nguez-Rodr_guez",-96.193148,15.76436,"Pacific Lowlands province","Acanthocereus"
2883019546,"Acanthocereus tetragonus","Oaxaca",15,"28","9","2020","iNaturalist","61488783","Carlos Dom_nguez-Rodr_guez",-96.187524,15.781026,"Pacific Lowlands province","Acanthocereus"
2883098696,"Mammillaria polyedra","Oaxaca",269,"29","7","2020","iNaturalist","61598194","ricardo_munoz",-96.863704,17.874268,"Sierra Madre del Sur province","Mammillaria"
2883127796,"Pereskia lychnidiflora","Oaxaca",8,"28","9","2020","iNaturalist","61492670","Carlos Dom_nguez-Rodr_guez",-96.190162,15.78169,"Pacific Lowlands province","Pereskia"
2883166562,"Opuntia decumbens","Oaxaca",31,"28","9","2020","iNaturalist","61492679","Carlos Dom_nguez-Rodr_guez",-96.191135,15.780566,"Pacific Lowlands province","Opuntia"
2883185661,"Myrtillocactus geometrizans","Oaxaca",61,"20","7","2020","iNaturalist","61909148","sayra-amador",-97.662639,18.2534,"Balsas Basin province","Myrtillocactus"
2897614305,"Opuntia tomentosa","Oaxaca",NA,"24","4","2012","PRC","557069","L_pez Bautista, Fausto",-96.5945,17.075528,"Sierra Madre del Sur province","Opuntia"
2897616305,"Cephalocereus apicicephalium","Oaxaca",NA,"23","4","2012","PRC","557070","G_mez H., Carlos",-95.292501,16.442891,"Pacific Lowlands province","Cephalocereus"
2898254468,"Opuntia decumbens","Oaxaca",NA,"19","4","2019","iNaturalist","59993612","ricardo_munoz",-97.072092,18.052536,"Balsas Basin province","Opuntia"
2898257528,"Pachycereus weberi","Oaxaca",376,"24","5","2020","iNaturalist","61597093","Ulises Guzm_n",-96.9265,17.836696,"Sierra Madre del Sur province","Pachycereus"
2898261057,"Escontria chiotilla","Oaxaca",837,"6","10","2020","iNaturalist","62462467","Ulises Guzm_n",-96.322775,16.584764,"Pacific Lowlands province","Escontria"
2898273049,"Ferocactus recurvus","Oaxaca",837,"4","10","2020","iNaturalist","62462550","ricardo_munoz",-96.323802,16.570386,"Pacific Lowlands province","Ferocactus"
2898273053,"Disocactus speciosus","Oaxaca",61,"4","4","2018","iNaturalist","62465241","Ulises Guzm_n",-97.208515,16.819534,"Sierra Madre del Sur province","Disocactus"
2898278628,"Melocactus curvispinus","Oaxaca",15,"13","9","2020","iNaturalist","62091837","Ulises Guzm_n",-95.400011,16.007156,"Pacific Lowlands province","Melocactus"
2898286028,"Ferocactus recurvus","Oaxaca",837,"4","10","2020","iNaturalist","62462557","ricardo_munoz",-96.334784,16.571909,"Pacific Lowlands province","Ferocactus"
2898287025,"Acanthocereus tetragonus","Oaxaca",837,"1","10","2020","iNaturalist","62457169","ricardo_munoz",-96.370027,16.563113,"Sierra Madre del Sur province","Acanthocereus"
2898294094,"Mammillaria rekoi","Oaxaca",837,"5","10","2020","iNaturalist","62462493","Ulises Guzm_n",-96.362517,16.583059,"Sierra Madre del Sur province","Mammillaria"
2898313026,"Marginatocereus marginatus","Oaxaca",15,"8","10","2020","iNaturalist","62426823","ricardo_munoz",-97.316381,17.706031,"Sierra Madre del Sur province","Marginatocereus"
2898315524,"Opuntia karwinskiana","Oaxaca",4,"30","9","2020","iNaturalist","61462305","Carlos Dom_nguez-Rodr_guez",-96.168358,15.756346,"Pacific Lowlands province","Opuntia"
2898333515,"Opuntia pubescens","Oaxaca",382,"26","9","2020","iNaturalist","60923683","Ahui",-97.147581,17.330191,"Sierra Madre del Sur province","Opuntia"
2898336077,"Mammillaria rekoi","Oaxaca",837,"4","10","2020","iNaturalist","62460618","Ulises Guzm_n",-96.357168,16.585226,"Sierra Madre del Sur province","Mammillaria"
2898339996,"Mammillaria haageana","Oaxaca",31,"1","9","2020","iNaturalist","62451780","Jonathan Mohl",-97.319549,17.707729,"Sierra Madre del Sur province","Mammillaria"
2898341077,"Mammillaria albilanata","Oaxaca",837,"5","10","2020","iNaturalist","62462542","ricardo_munoz",-96.338711,16.561306,"Pacific Lowlands province","Mammillaria"
2898343527,"Mammillaria flavicentra","Oaxaca",319,"9","8","2019","iNaturalist","61596489","ricardo_munoz",-96.887898,17.886373,"Sierra Madre del Sur province","Mammillaria"
2898344012,"Mammillaria karwinskiana","Oaxaca",837,"4","10","2020","iNaturalist","62462486","cactus-d",-96.350054,16.599558,"Sierra Madre del Sur province","Mammillaria"
2898385103,"Escontria chiotilla","Oaxaca",837,"4","10","2020","iNaturalist","62462869","Ulises Guzm_n",-96.363702,16.577624,"Sierra Madre del Sur province","Escontria"
2898400507,"Opuntia huajuapensis","Oaxaca",15,"27","8","2020","iNaturalist","60329229","Ciro Rodriguez Perez",-97.453468,17.804176,"Sierra Madre del Sur province","Opuntia"
2898413064,"Pilosocereus chrysacanthus","Oaxaca",837,"11","10","2020","iNaturalist","62463115","Ulises Guzm_n",-96.336865,16.571458,"Pacific Lowlands province","Pilosocereus"
2898414063,"Neobuxbaumia tetetzo","Oaxaca",837,"9","10","2020","iNaturalist","62463110","Ulises Guzm_n",-96.338171,16.575386,"Pacific Lowlands province","Neobuxbaumia"
2898419044,"Pilosocereus chrysacanthus","Oaxaca",837,"12","10","2020","iNaturalist","62463118","Ulises Guzm_n",-96.340972,16.55203,"Pacific Lowlands province","Pilosocereus"
2898425042,"Opuntia decumbens","Oaxaca",837,"4","10","2020","iNaturalist","62462435","ricardo_munoz",-96.357399,16.592892,"Sierra Madre del Sur province","Opuntia"
2898426577,"Opuntia pubescens","Oaxaca",5,"4","6","2020","iNaturalist","62086418","JUANA VICTORIA ORTIZ GARC_A",-96.794074,16.597246,"Balsas Basin province","Opuntia"
2898427506,"Opuntia karwinskiana","Oaxaca",NA,"15","9","2020","iNaturalist","60571974","Carlos Dom_nguez-Rodr_guez",-96.414902,15.933122,"Sierra Madre del Sur province","Opuntia"
2898428069,"Coryphantha elephantidens","Oaxaca",837,"5","10","2020","iNaturalist","62462874","cactus-d",-96.331691,16.579887,"Pacific Lowlands province","Coryphantha"
2898469060,"Acanthocereus tetragonus","Oaxaca",837,"11","10","2020","iNaturalist","62464162","Luis Humberto Vicente-Rivera",-96.337363,16.545653,"Sierra Madre del Sur province","Acanthocereus"
2898486569,"Ferocactus recurvus","Oaxaca",NA,"7","10","2020","iNaturalist","62027103","Ulises Guzm_n",-96.717494,17.103897,"Balsas Basin province","Ferocactus"
2898490100,"Coryphantha elephantidens","Oaxaca",194,"13","10","2020","iNaturalist","62486063","ignacioguzman",-96.869459,17.263218,"Balsas Basin province","Coryphantha"
2898495042,"Acanthocereus tetragonus","Oaxaca",837,"7","10","2020","iNaturalist","62464170","Luis Humberto Vicente-Rivera",-96.358079,16.582879,"Sierra Madre del Sur province","Acanthocereus"
2898499048,"Opuntia decumbens","Oaxaca",837,"4","10","2020","iNaturalist","62462455","ricardo_munoz",-96.355934,16.581687,"Sierra Madre del Sur province","Opuntia"
2898511073,"Myrtillocactus geometrizans","Oaxaca",837,"4","10","2020","iNaturalist","62462461","Ulises Guzm_n",-96.329831,16.591069,"Sierra Madre del Sur province","Myrtillocactus"
2898523009,"Mammillaria rekoi","Oaxaca",837,"11","10","2020","iNaturalist","62460666","Ulises Guzm_n",-96.355271,16.581956,"Sierra Madre del Sur province","Mammillaria"
2898525076,"Mammillaria albilanata","Oaxaca",837,"5","10","2020","iNaturalist","62462537","ricardo_munoz",-96.350351,16.535162,"Sierra Madre del Sur province","Mammillaria"
2901506811,"Opuntia huajuapensis","Oaxaca",488,"17","10","2020","iNaturalist","62860621","Ulises Guzm_n",-97.954256,17.870914,"Balsas Basin province","Opuntia"
2901521573,"Neobuxbaumia tetetzo","Oaxaca",837,"4","10","2020","iNaturalist","62462208","Ulises Guzm_n",-96.330487,16.587508,"Pacific Lowlands province","Neobuxbaumia"
2901526579,"Pachycereus pecten-aboriginum","Oaxaca",837,"1","10","2020","iNaturalist","62462271","Ulises Guzm_n",-96.364976,16.585936,"Sierra Madre del Sur province","Pachycereus"
2901529198,"Acanthocereus tetragonus","Oaxaca",8,"29","9","2020","iNaturalist","63170187","Carlos Dom_nguez-Rodr_guez",-96.14552,15.738169,"Pacific Lowlands province","Acanthocereus"
2901542570,"Acanthocereus tetragonus","Oaxaca",837,"7","10","2020","iNaturalist","62461517","Luis Humberto Vicente-Rivera",-96.344511,16.566026,"Pacific Lowlands province","Acanthocereus"
2901561230,"Pereskiopsis rotundifolia","Oaxaca",NA,"29","9","2020","iNaturalist","63170194","Carlos Dom_nguez-Rodr_guez",-96.145447,15.738207,"Pacific Lowlands province","Pereskiopsis"
2901568589,"Pilosocereus chrysacanthus","Oaxaca",837,"7","10","2020","iNaturalist","62462202","Ulises Guzm_n",-96.3652,16.579502,"Sierra Madre del Sur province","Pilosocereus"
2901574603,"Stenocereus treleasei","Oaxaca",837,"9","10","2020","iNaturalist","62462052","Ulises Guzm_n",-96.348491,16.568947,"Pacific Lowlands province","Stenocereus"
2901584611,"Stenocereus treleasei","Oaxaca",837,"7","10","2020","iNaturalist","62461881","Ulises Guzm_n",-96.365163,16.581955,"Sierra Madre del Sur province","Stenocereus"
2901592573,"Stenocereus pruinosus","Oaxaca",837,"4","10","2020","iNaturalist","62462190","Ulises Guzm_n",-96.362308,16.574662,"Sierra Madre del Sur province","Stenocereus"
2901599582,"Opuntia huajuapensis","Oaxaca",15,"11","10","2020","iNaturalist","62453302","Ulises Guzm_n",-97.316268,17.708457,"Sierra Madre del Sur province","Opuntia"
2901671565,"Pereskiopsis rotundifolia","Oaxaca",837,"4","10","2020","iNaturalist","62461531","Ulises Guzm_n",-96.362901,16.550334,"Sierra Madre del Sur province","Pereskiopsis"
2901681579,"Marginatocereus marginatus","Oaxaca",837,"7","10","2020","iNaturalist","62462227","P Gonzalez Zamora",-96.365402,16.583793,"Sierra Madre del Sur province","Marginatocereus"
2901721596,"Escontria chiotilla","Oaxaca",837,"6","10","2020","iNaturalist","62462222","Ulises Guzm_n",-96.364209,16.585192,"Sierra Madre del Sur province","Escontria"
2901727241,"Pachycereus pecten-aboriginum","Oaxaca",NA,"18","10","2020","iNaturalist","63209915","Carlos Dom_nguez-Rodr_guez",-96.071732,15.78056,"Pacific Lowlands province","Pachycereus"
2901739572,"Stenocereus pruinosus","Oaxaca",837,"6","10","2020","iNaturalist","62462153","Ulises Guzm_n",-96.356845,16.578746,"Sierra Madre del Sur province","Stenocereus"
2901794592,"Pachycereus pecten-aboriginum","Oaxaca",837,"7","10","2020","iNaturalist","62462233","Ulises Guzm_n",-96.35961,16.594012,"Sierra Madre del Sur province","Pachycereus"
2901828233,"Pereskiopsis rotundifolia","Oaxaca",NA,"22","9","2020","iNaturalist","63174037","Ulises Guzm_n",-96.166595,15.722898,"Pacific Lowlands province","Pereskiopsis"
2963758867,"Mammillaria karwinskiana","Oaxaca",287,"24","10","2020","iNaturalist","63512275","Jonathan Mohl",-96.241182,17.221912,"Sierra Madre del Sur province","Mammillaria"
2980773069,"Mammillaria albilanata","Oaxaca",244,"19","9","2018","iNaturalist","64123094","Ulises Guzm_n",-97.320934,17.725252,"Sierra Madre del Sur province","Mammillaria"
2980797281,"Pachycereus pecten-aboriginum","Oaxaca",5,"5","11","2020","iNaturalist","64325924","Jim Riley",-95.370308,16.024567,"Pacific Lowlands province","Pachycereus"
2980812027,"Mammillaria haageana","Oaxaca",244,"3","11","2016","iNaturalist","64130718","Ulises Guzm_n",-97.319904,17.724639,"Sierra Madre del Sur province","Mammillaria"
2980865210,"Pachycereus pecten-aboriginum","Oaxaca",10,"5","11","2020","iNaturalist","64253747","Jim Riley",-95.377075,16.0358,"Pacific Lowlands province","Pachycereus"
2980948307,"Mammillaria haageana","Oaxaca",NA,"9","10","2016","iNaturalist","5445412","Jonathan Mohl",-97.256457,17.691261,"Sierra Madre del Sur province","Mammillaria"
2981075055,"Mammillaria carnea","Oaxaca",244,"19","9","2018","iNaturalist","64121277","cactus-d",-96.921688,17.723519,"Balsas Basin province","Mammillaria"
2981075198,"Pachycereus pecten-aboriginum","Oaxaca",4,"4","11","2020","iNaturalist","64237657","Jim Riley",-96.2172,16.679297,"Sierra Madre del Sur province","Pachycereus"
2981094079,"Coryphantha pallida","Oaxaca",244,"19","9","2018","iNaturalist","64121284","cactus-d",-97.320591,17.720346,"Sierra Madre del Sur province","Coryphantha"
2984387545,"Mammillaria haageana","Oaxaca",244,"9","10","2016","iNaturalist","64125124","Jonathan Mohl",-97.322479,17.727868,"Sierra Madre del Sur province","Mammillaria"
2984397693,"Mammillaria albilanata","Oaxaca",191,"30","9","2020","iNaturalist","64441432","ricardo_munoz",-97.942945,17.687084,"Sierra Madre del Sur province","Mammillaria"
2984409813,"Ferocactus recurvus","Oaxaca",244,"22","8","2017","iNaturalist","64550361","ricardo_munoz",-97.421255,17.964886,"Sierra Madre del Sur province","Ferocactus"
2984413794,"Coryphantha pallida","Oaxaca",44,"29","8","2017","iNaturalist","64550371","cactus-d",-97.470403,18.004478,"Sierra Madre del Sur province","Coryphantha"
2984481857,"Myrtillocactus geometrizans","Oaxaca",244,"30","7","2020","iNaturalist","64615317","josechilar20",-96.938158,17.713861,"Balsas Basin province","Myrtillocactus"
2984524923,"Pachycereus weberi","Oaxaca",244,"30","7","2020","iNaturalist","64615316","ricardo_munoz",-96.937986,17.713207,"Balsas Basin province","Pachycereus"
2984536532,"Stenocereus pruinosus","Oaxaca",4,"4","11","2020","iNaturalist","64238254","Ulises Guzm_n",-96.170303,16.686133,"Pacific Lowlands province","Stenocereus"
2984542778,"Opuntia pubescens","Oaxaca",31,"6","11","2020","iNaturalist","64532477","ricardo_munoz",-97.951928,17.861236,"Balsas Basin province","Opuntia"
2984547850,"Pilosocereus chrysacanthus","Oaxaca",244,"30","7","2020","iNaturalist","64615326","ricardo_munoz",-96.939188,17.714188,"Balsas Basin province","Pilosocereus"
2984552799,"Stenocereus treleasei","Oaxaca",20,"8","11","2020","iNaturalist","64548233","Pablo Carrillo-Reyes",-96.627639,16.796134,"Balsas Basin province","Stenocereus"
2984555822,"Mammillaria supertexta","Oaxaca",122,"24","10","2019","iNaturalist","64556608","ricardo_munoz",-97.192426,17.852772,"Sierra Madre del Sur province","Mammillaria"
2984556535,"Opuntia pubescens","Oaxaca",5,"4","11","2020","iNaturalist","64238704","Jim Riley",-96.170295,16.686108,"Pacific Lowlands province","Opuntia"
2988272932,"Opuntia lasiacantha","Oaxaca",203,"6","10","2020","iNaturalist","64819720","Ulises Guzm_n",-97.09068,15.866364,"Pacific Lowlands province","Opuntia"
2988315845,"Opuntia huajuapensis","Oaxaca",244,"20","9","2018","iNaturalist","64123082","Ulises Guzm_n",-97.321106,17.724434,"Sierra Madre del Sur province","Opuntia"
2988402703,"Epiphyllum anguliger","Oaxaca",343,"17","4","2019","iNaturalist","65385805","cactus-d",-97.831118,17.070586,"Sierra Madre del Sur province","Epiphyllum"
2988485754,"Opuntia pubescens","Oaxaca",837,"5","10","2020","iNaturalist","62462294","Ulises Guzm_n",-96.328462,16.597709,"Sierra Madre del Sur province","Opuntia"
2988502928,"Acanthocereus tetragonus","Oaxaca",190,"6","10","2020","iNaturalist","64819650","Luis Humberto Vicente-Rivera",-97.090859,15.866619,"Pacific Lowlands province","Acanthocereus"
2988521823,"Pereskia lychnidiflora","Oaxaca",26,"15","11","2020","iNaturalist","65495476","Carlos Dom_nguez-Rodr_guez",-95.98492,15.813888,"Pacific Lowlands province","Pereskia"
2988596960,"Acanthocereus tetragonus","Oaxaca",208,"6","10","2020","iNaturalist","64817608","Manuel Campos",-97.104717,15.871403,"Pacific Lowlands province","Acanthocereus"
2988687884,"Pachycereus weberi","Oaxaca",NA,"1","11","2020","iNaturalist","65566674","yabin-salmeron",-98.111667,17.776667,"Balsas Basin province","Pachycereus"
2993506530,"Mammillaria dixanthocentron","Oaxaca",NA,"18","12","2004","PRC","429212","Arias, S.",-96.96725,17.87125,"Balsas Basin province","Mammillaria"
2993512553,"Disocactus speciosus","Oaxaca",NA,"18","2","1995","PRC","474714","Calzada, Juan Ismael",-98.05,17.21667,"Sierra Madre del Sur province","Disocactus"
2999121908,"Opuntia velutina","Oaxaca",3,"2","12","2020","iNaturalist","66269362","Heriberto _vila-Gonz_lez",-97.740415,17.74826,"Balsas Basin province","Opuntia"
3005136552,"Pereskiopsis rotundifolia","Oaxaca",166,"11","11","2020","iNaturalist","65508274","Luis Humberto Vicente-Rivera",-96.205938,15.76089,"Pacific Lowlands province","Pereskiopsis"
3008481139,"Acanthocereus tetragonus","Oaxaca",15,"2","3","2016","iNaturalist","67002466","John E. Christensen",-96.359217,16.928476,"Balsas Basin province","Acanthocereus"
3013879593,"Opuntia karwinskiana","Oaxaca",15,"11","11","2020","iNaturalist","65487552","Carlos Dom_nguez-Rodr_guez",-96.202799,15.760989,"Pacific Lowlands province","Opuntia"
3013891686,"Mammillaria rekoi","Oaxaca",NA,"25","12","2020","iNaturalist","67067839","Ulises Guzm_n",-96.305535,16.950008,"Sierra Madre del Sur province","Mammillaria"
3014025619,"Epiphyllum oxypetalum","Oaxaca",290,"8","12","2020","iNaturalist","66305824","adrianaangelescarreo",-96.616886,16.779496,"Balsas Basin province","Epiphyllum"
3014039960,"Mammillaria polyedra","Oaxaca",61,"21","12","2020","iNaturalist","67238217","eder_o",-98.054061,17.680657,"Balsas Basin province","Mammillaria"
3018073966,"Mammillaria karwinskiana","Oaxaca",NA,"23","12","2020","iNaturalist","67546697","Ulises Guzm_n",-96.56098,16.975159,"Balsas Basin province","Mammillaria"
3031662833,"Pereskia lychnidiflora","Oaxaca",5,"14","6","2020","iNaturalist","50795652","Carlos Dom_nguez-Rodr_guez",-96.19248,15.77098,"Pacific Lowlands province","Pereskia"
3031669179,"Opuntia decumbens","Oaxaca",231,"1","1","2021","iNaturalist","67410299","Luis Humberto Vicente-Rivera",-96.069056,15.818696,"Pacific Lowlands province","Opuntia"
3031957126,"Acanthocereus tetragonus","Oaxaca",4,"1","7","2020","iNaturalist","67220807","Luis Humberto Vicente-Rivera",-96.464657,15.828089,"Pacific Lowlands province","Acanthocereus"
3031982912,"Mammillaria karwinskiana","Oaxaca",427,"16","1","2021","iNaturalist","68155717","Ulises Guzm_n",-96.658941,17.121574,"Sierra Madre del Sur province","Mammillaria"
3032070891,"Pachycereus pecten-aboriginum","Oaxaca",15,"23","1","2021","iNaturalist","68651185","Carlos Dom_nguez-Rodr_guez",-96.157957,15.732906,"Pacific Lowlands province","Pachycereus"
3032104025,"Mammillaria karwinskiana","Oaxaca",NA,"28","1","2021","iNaturalist","68726758","",-96.683881,16.996066,"Balsas Basin province","Mammillaria"
3032119235,"Pachycereus pecten-aboriginum","Oaxaca",NA,"17","1","2021","iNaturalist","68312229","Pablo Carrillo-Reyes",-96.502525,15.66834,"Pacific Lowlands province","Pachycereus"
3039124228,"Mammillaria albilanata","Oaxaca",15,"11","12","2016","iNaturalist","68949912","Ulises Guzm_n",-96.63147,16.290555,"Sierra Madre del Sur province","Mammillaria"
3039125262,"Neobuxbaumia scoparia","Oaxaca",4,"29","12","2003","iNaturalist","68958485","Ulises Guzm_n",-95.2167,16.581842,"Pacific Lowlands province","Neobuxbaumia"
3039134249,"Pilosocereus collinsii","Oaxaca",4,"29","12","2003","iNaturalist","68958484","Ulises Guzm_n",-95.216616,16.582073,"Pacific Lowlands province","Pilosocereus"
3039146284,"Pachycereus pecten-aboriginum","Oaxaca",4,"29","12","2003","iNaturalist","68958486","Pablo Carrillo-Reyes",-95.216578,16.581913,"Pacific Lowlands province","Pachycereus"
3039265115,"Epiphyllum oxypetalum","Oaxaca",30,"31","1","2021","iNaturalist","68876800","adrianaangelescarreo",-96.616069,16.77877,"Balsas Basin province","Epiphyllum"
3039287428,"Mammillaria albilanata","Oaxaca",622,"1","2","2021","iNaturalist","69059265","ricardo_munoz",-96.806959,17.08768,"Balsas Basin province","Mammillaria"
3039326452,"Mammillaria rekoi","Oaxaca",225,"29","11","2020","iNaturalist","69072116","cactus-d",-96.407651,16.996627,"Balsas Basin province","Mammillaria"
3039433806,"Mammillaria albilanata","Oaxaca",100,"18","4","2019","iNaturalist","69263877","",-97.580435,16.845628,"Sierra Madre del Sur province","Mammillaria"
3039434446,"Mammillaria rekoi","Oaxaca",94,"29","11","2020","iNaturalist","69072096","cactus-d",-96.408838,16.996367,"Balsas Basin province","Mammillaria"
3039493481,"Mammillaria karwinskiana","Oaxaca",165,"29","11","2020","iNaturalist","69071703","Jonathan Mohl",-96.400673,16.995038,"Balsas Basin province","Mammillaria"
3044566118,"Pachycereus pecten-aboriginum","Oaxaca",NA,"9","2","2021","iNaturalist","69562169","Carlos Dom_nguez-Rodr_guez",-96.165779,15.755838,"Pacific Lowlands province","Pachycereus"
3044609147,"Pachycereus pecten-aboriginum","Oaxaca",NA,"9","2","2021","iNaturalist","69562176","Carlos Dom_nguez-Rodr_guez",-96.153557,15.75541,"Pacific Lowlands province","Pachycereus"
3044609326,"Escontria chiotilla","Oaxaca",200,"29","6","2006","iNaturalist","12131016","Ulises Guzm_n",-96.969,17.723,"Balsas Basin province","Escontria"
3044630232,"Mammillaria karwinskiana","Oaxaca",4,"25","12","2016","iNaturalist","69655548","Ulises Guzm_n",-96.644724,16.290396,"Sierra Madre del Sur province","Mammillaria"
3044655401,"Mammillaria karwinskiana","Oaxaca",8,"21","9","2014","iNaturalist","69730845","Ulises Guzm_n",-96.658002,16.290254,"Sierra Madre del Sur province","Mammillaria"
3044687347,"Mammillaria albilanata","Oaxaca",4,"21","9","2014","iNaturalist","69706698","Ulises Guzm_n",-96.652127,16.267007,"Sierra Madre del Sur province","Mammillaria"
3044715660,"Mammillaria albilanata","Oaxaca",4,"12","12","2014","iNaturalist","69828681","Ulises Guzm_n",-96.646242,16.298342,"Sierra Madre del Sur province","Mammillaria"
3044729407,"Opuntia decumbens","Oaxaca",NA,"14","2","2021","iNaturalist","69725124","Carlos Dom_nguez-Rodr_guez",-96.114433,15.767012,"Pacific Lowlands province","Opuntia"
3044797408,"Pilosocereus collinsii","Oaxaca",31,"9","2","2021","iNaturalist","69703247","Carlos Dom_nguez-Rodr_guez",-96.160044,15.755615,"Pacific Lowlands province","Pilosocereus"
3044802489,"Mammillaria karwinskiana","Oaxaca",4,"5","9","2014","iNaturalist","69769773","Ulises Guzm_n",-96.670313,16.281288,"Sierra Madre del Sur province","Mammillaria"
3044813351,"Pilosocereus collinsii","Oaxaca",4,"17","2","2019","iNaturalist","69657518","Carlos Dom_nguez-Rodr_guez",-96.164246,15.724764,"Pacific Lowlands province","Pilosocereus"
3044827052,"Mammillaria karwinskiana","Oaxaca",15,"15","11","2017","iNaturalist","70049736","Ulises Guzm_n",-96.660722,16.285495,"Sierra Madre del Sur province","Mammillaria"
3044841865,"Mammillaria karwinskiana","Oaxaca",8,"13","2","2016","iNaturalist","69938183","Ulises Guzm_n",-96.632603,16.300923,"Sierra Madre del Sur province","Mammillaria"
3044842632,"Opuntia karwinskiana","Oaxaca",NA,"18","2","2021","iNaturalist","69820723","Carlos Dom_nguez-Rodr_guez",-96.196442,15.70953,"Pacific Lowlands province","Opuntia"
3044846700,"Opuntia decumbens","Oaxaca",4,"18","2","2021","iNaturalist","69871448","Carlos Dom_nguez-Rodr_guez",-96.196686,15.710631,"Pacific Lowlands province","Opuntia"
3044856761,"Mammillaria albilanata","Oaxaca",4,"7","2","2016","iNaturalist","69906007","P Gonzalez Zamora",-96.625897,16.310215,"Sierra Madre del Sur province","Mammillaria"
3044860068,"Mammillaria albilanata","Oaxaca",8,"30","9","2017","iNaturalist","70086182","Ulises Guzm_n",-96.635844,16.322395,"Sierra Madre del Sur province","Mammillaria"
3044869582,"Opuntia decumbens","Oaxaca",4,"31","12","2003","iNaturalist","69819174","Pablo Carrillo-Reyes",-94.986814,16.739698,"Pacific Lowlands province","Opuntia"
3044885311,"Mammillaria karwinskiana","Oaxaca",15,"25","12","2016","iNaturalist","69655403","Ulises Guzm_n",-96.643324,16.291742,"Sierra Madre del Sur province","Mammillaria"
3044902529,"Myrtillocactus geometrizans","Oaxaca",4,"30","3","2018","iNaturalist","69779042","La Rata Mutante",-96.646957,16.305863,"Sierra Madre del Sur province","Myrtillocactus"
3044904830,"Mammillaria karwinskiana","Oaxaca",4,"13","2","2016","iNaturalist","69938481","Ulises Guzm_n",-96.635617,16.293534,"Sierra Madre del Sur province","Mammillaria"
3044906391,"Pachycereus pecten-aboriginum","Oaxaca",NA,"19","5","2019","iNaturalist","69701148","La Rata Mutante",-96.340753,15.68627,"Pacific Lowlands province","Pachycereus"
3044961578,"Pereskiopsis rotundifolia","Oaxaca",4,"18","2","2021","iNaturalist","69816874","Carlos Dom_nguez-Rodr_guez",-96.196847,15.708844,"Pacific Lowlands province","Pereskiopsis"
3058691964,"Acanthocereus tetragonus","Oaxaca",NA,"25","2","2021","iNaturalist","70263964","Carlos Dom_nguez-Rodr_guez",-96.170265,15.751058,"Pacific Lowlands province","Acanthocereus"
3058702732,"Neobuxbaumia tetetzo","Oaxaca",4,"25","2","2021","iNaturalist","70183322","Carlos Dom_nguez-Rodr_guez",-96.125633,15.753326,"Pacific Lowlands province","Neobuxbaumia"
3058755341,"Opuntia lasiacantha","Oaxaca",30,"10","1","2013","iNaturalist","16648413","Ulises Guzm_n",-96.768794,17.046294,"Balsas Basin province","Opuntia"
3058761696,"Opuntia tomentosa","Oaxaca",4,"24","8","2014","iNaturalist","69828327","La Rata Mutante",-96.66063,16.290869,"Sierra Madre del Sur province","Opuntia"
3058766981,"Opuntia karwinskiana","Oaxaca",NA,"25","2","2021","iNaturalist","70263946","Carlos Dom_nguez-Rodr_guez",-96.179947,15.760185,"Pacific Lowlands province","Opuntia"
3058772430,"Opuntia velutina","Oaxaca",NA,"3","1","2020","iNaturalist","37857699","Miguel A. Chavez Caballero",-97.763336,17.800278,"Balsas Basin province","Opuntia"
3058802450,"Opuntia tehuacana","Oaxaca",122,"28","3","2017","iNaturalist","41186560","ricardo_munoz",-96.966699,17.897802,"Balsas Basin province","Opuntia"
3058818206,"Pilosocereus collinsii","Oaxaca",4,"5","3","2021","iNaturalist","70670731","Carlos Dom_nguez-Rodr_guez",-96.125613,15.751979,"Pacific Lowlands province","Pilosocereus"
3058850447,"Opuntia tehuacana","Oaxaca",502,"27","7","2016","iNaturalist","42143408","Leticia Soriano Flores",-96.981896,17.911086,"Balsas Basin province","Opuntia"
3058944711,"Opuntia tomentosa","Oaxaca",4,"28","8","2015","iNaturalist","69577558","La Rata Mutante",-96.639861,16.30393,"Sierra Madre del Sur province","Opuntia"
3058971656,"Pilosocereus collinsii","Oaxaca",NA,"7","3","2021","iNaturalist","70861144","Carlos Dom_nguez-Rodr_guez",-96.058311,15.785576,"Pacific Lowlands province","Pilosocereus"
3059040839,"Pachycereus pecten-aboriginum","Oaxaca",NA,"7","3","2021","iNaturalist","70861147","Carlos Dom_nguez-Rodr_guez",-96.058418,15.785157,"Pacific Lowlands province","Pachycereus"
3067667842,"Opuntia decumbens","Oaxaca",4,"10","3","2020","iNaturalist","39828205","Teri",-96.319763,16.694188,"Sierra Madre del Sur province","Opuntia"
3067734382,"Opuntia decumbens","Oaxaca",331,"17","1","2021","iNaturalist","68311849","Cecilia Chapa-Balcorta",-96.503296,15.666843,"Pacific Lowlands province","Opuntia"
3067813628,"Pachycereus pecten-aboriginum","Oaxaca",49,"20","3","2021","iNaturalist","71930554","Carlos Dom_nguez-Rodr_guez",-95.379532,16.028295,"Pacific Lowlands province","Pachycereus"
3067891266,"Pachycereus weberi","Oaxaca",NA,"14","3","2021","iNaturalist","71737091","Carlos Dom_nguez-Rodr_guez",-96.766632,17.05666,"Balsas Basin province","Pachycereus"
3068009259,"Ferocactus recurvus","Oaxaca",NA,"13","3","2021","iNaturalist","71730872","cactus-d",-97.68811,18.093452,"Balsas Basin province","Ferocactus"
3068021520,"Pachycereus pecten-aboriginum","Oaxaca",7,"18","3","2021","iNaturalist","71926358","Carlos Dom_nguez-Rodr_guez",-96.125486,15.753314,"Pacific Lowlands province","Pachycereus"
3068085819,"Polaskia chichipe","Oaxaca",NA,"13","3","2021","iNaturalist","71730889","Ignacio Torres Garc_a",-97.572365,17.684046,"Sierra Madre del Sur province","Polaskia"
3068096612,"Opuntia lasiacantha","Oaxaca",4,"28","5","2013","iNaturalist","71535081","Ulises Guzm_n",-96.643924,16.30542,"Sierra Madre del Sur province","Opuntia"
3070294394,"Opuntia pilifera","Oaxaca",NA,"31","7","2017","iNaturalist","7304457","rpmundo",-96.450455,16.958143,"Balsas Basin province","Opuntia"
3070380451,"Opuntia decumbens","Oaxaca",15,"28","2","2021","iNaturalist","70500593","Carlos Dom_nguez-Rodr_guez",-96.173588,15.744266,"Pacific Lowlands province","Opuntia"
3070498270,"Opuntia decumbens","Oaxaca",NA,"20","2","2021","iNaturalist","69883406","Roberto Valdivieso Lavias",-95.228325,16.161966,"Pacific Lowlands province","Opuntia"
3070501380,"Coryphantha pallida","Oaxaca",NA,"26","7","2017","iNaturalist","7237261","Joey Santore",-96.931702,17.695768,"Balsas Basin province","Coryphantha"
3070592465,"Acanthocereus tetragonus","Oaxaca",NA,"31","8","2018","iNaturalist","16090344","P Gonzalez Zamora",-96.514725,15.663055,"Pacific Lowlands province","Acanthocereus"
3070659552,"Pilosocereus collinsii","Oaxaca",8,"24","3","2021","iNaturalist","72066221","Carlos Dom_nguez-Rodr_guez",-96.158854,15.733485,"Pacific Lowlands province","Pilosocereus"
3070716527,"Opuntia decumbens","Oaxaca",4,"5","3","2021","iNaturalist","70670717","Carlos Dom_nguez-Rodr_guez",-96.125356,15.75172,"Pacific Lowlands province","Opuntia"
3079610211,"Cephalocereus columna-trajani","Oaxaca",31,"28","3","2021","iNaturalist","73303688","Leoncio Paz",-97.07377,17.903883,"Balsas Basin province","Cephalocereus"
3079706226,"Cephalocereus columna-trajani","Oaxaca",15,"28","3","2021","iNaturalist","73302713","Leoncio Paz",-97.086962,17.892891,"Balsas Basin province","Cephalocereus"
3079774242,"Cephalocereus columna-trajani","Oaxaca",15,"28","3","2021","iNaturalist","73301764","Leoncio Paz",-97.093363,17.876126,"Balsas Basin province","Cephalocereus"
3079862898,"Opuntia decumbens","Oaxaca",NA,"28","3","2021","iNaturalist","73122787","Delgado Fabela Jared Fabi_n",-96.560566,15.674841,"Pacific Lowlands province","Opuntia"
3090596328,"Opuntia huajuapensis","Oaxaca",4,"25","10","2016","iNaturalist","4442324","ricardo_munoz",-97.285677,17.600798,"Sierra Madre del Sur province","Opuntia"
3090628133,"Mammillaria karwinskiana","Oaxaca",NA,"28","3","2021","iNaturalist","73434748","Jonathan Mohl",-96.743611,17.1775,"Sierra Madre del Sur province","Mammillaria"
3090667971,"Mammillaria sphacelata","Oaxaca",31,"6","9","2020","iNaturalist","71551957","Miguel Casta_eda-Z_rate",-97.221624,17.849202,"Sierra Madre del Sur province","Mammillaria"
3090710626,"Opuntia decumbens","Oaxaca",NA,"12","4","2021","iNaturalist","73800226","Carlos Dom_nguez-Rodr_guez",-96.209129,15.780149,"Pacific Lowlands province","Opuntia"
3090822608,"Mammillaria mystax","Oaxaca",31,"12","6","2019","iNaturalist","34611827","Miguel _ngel Cruz Ramirez",-97.392847,17.611491,"Sierra Madre del Sur province","Mammillaria"
3096999308,"Stenocereus pruinosus","Oaxaca",NA,"26","12","2016","iNaturalist","4848690","Ulises Guzm_n",-95.545089,16.421792,"Pacific Lowlands province","Stenocereus"
3097013468,"Pachycereus pecten-aboriginum","Oaxaca",4,"7","2","2021","iNaturalist","69836210","La Rata Mutante",-96.194362,15.819713,"Pacific Lowlands province","Pachycereus"
3097057477,"Opuntia auberi","Oaxaca",6,"13","12","2020","iNaturalist","67208988","jramirez",-96.8019,16.479,"Sierra Madre del Sur province","Opuntia"
3097198490,"Opuntia decumbens","Oaxaca",NA,"20","4","2021","iNaturalist","74710177","Carlos Dom_nguez-Rodr_guez",-96.13398,15.754777,"Pacific Lowlands province","Opuntia"
3097335460,"Pachycereus pecten-aboriginum","Oaxaca",4,"19","4","2021","iNaturalist","74708879","Carlos Dom_nguez-Rodr_guez",-96.136159,15.766151,"Pacific Lowlands province","Pachycereus"
3108995973,"Acanthocereus tetragonus","Oaxaca",8,"25","4","2021","iNaturalist","75252966","La Rata Mutante",-96.48168,15.819453,"Pacific Lowlands province","Acanthocereus"
3109059555,"Pereskiopsis kellermanii","Oaxaca",NA,"17","4","2021","iNaturalist","74487589","Carlos Dom_nguez-Rodr_guez",-96.198357,15.779315,"Pacific Lowlands province","Pereskiopsis"
3109119364,"Mammillaria albilanata","Oaxaca",NA,"1","1","2021","iNaturalist","75516294","Jonathan Mohl",-96.355743,16.62639,"Sierra Madre del Sur province","Mammillaria"
3109213536,"Ferocactus recurvus","Oaxaca",NA,"1","1","2021","iNaturalist","75625749","cactus-d",-96.379183,16.625304,"Sierra Madre del Sur province","Ferocactus"
3109253356,"Stenocereus pruinosus","Oaxaca",31,"19","4","2011","iNaturalist","75515900","Juve",-96.358836,16.546419,"Sierra Madre del Sur province","Stenocereus"
3109407500,"Escontria chiotilla","Oaxaca",61,"23","7","2019","iNaturalist","75630079","Juve",-96.317869,16.681801,"Sierra Madre del Sur province","Escontria"
3112325347,"Acanthocereus tetragonus","Oaxaca",15,"11","5","2019","iNaturalist","45844602","Daniel Juarez Santiago",-97.683652,16.887174,"Sierra Madre del Sur province","Acanthocereus"
3112407727,"Mammillaria albilanata","Oaxaca",31,"7","7","2012","iNaturalist","76827719","Juve",-96.364425,16.572323,"Sierra Madre del Sur province","Mammillaria"
3112527334,"Disocactus ackermannii","Oaxaca",61,"12","4","2019","iNaturalist","41975689","Manuel Campos",-97.660372,16.875958,"Sierra Madre del Sur province","Disocactus"
3112565758,"Neobuxbaumia tetetzo","Oaxaca",122,"12","11","2016","iNaturalist","76799859","Juve",-96.348934,16.567712,"Pacific Lowlands province","Neobuxbaumia"
3112722335,"Opuntia decumbens","Oaxaca",131,"4","3","2020","iNaturalist","41587289","ricardo_munoz",-96.443696,15.769925,"Pacific Lowlands province","Opuntia"
3112800133,"Mammillaria karwinskiana","Oaxaca",1,"10","4","2021","iNaturalist","77118000","cactus-d",-96.201205,16.722853,"Pacific Lowlands province","Mammillaria"
3113452472,"Pereskiopsis rotundifolia","Oaxaca",4,"2","3","2021","iNaturalist","75603889","La Rata Mutante",-96.162929,15.725023,"Pacific Lowlands province","Pereskiopsis"
3113460725,"Coryphantha pallida","Oaxaca",8,"4","5","2021","iNaturalist","77752379","Ulises Guzm_n",-97.340432,17.822431,"Sierra Madre del Sur province","Coryphantha"
3113575701,"Ferocactus recurvus","Oaxaca",4,"4","5","2021","iNaturalist","77752399","Leticia Soriano Flores",-97.340412,17.822452,"Sierra Madre del Sur province","Ferocactus"
3113584678,"Mammillaria haageana","Oaxaca",4,"4","5","2021","iNaturalist","77752400","Leticia Soriano Flores",-97.34041,17.822419,"Sierra Madre del Sur province","Mammillaria"
3117759751,"Neobuxbaumia tetetzo","Oaxaca",4,"14","5","2021","iNaturalist","78775584","Carlos Dom_nguez-Rodr_guez",-96.137858,15.761636,"Pacific Lowlands province","Neobuxbaumia"
3117788419,"Mammillaria haageana","Oaxaca",4,"1","7","2018","iNaturalist","69751627","amantedarmanin",-96.643096,16.279638,"Sierra Madre del Sur province","Mammillaria"
3117788538,"Mammillaria karwinskiana","Oaxaca",836,"3","11","2020","iNaturalist","78225546","amantedarmanin",-96.524987,17.036451,"Balsas Basin province","Mammillaria"
3117808410,"Mammillaria haageana","Oaxaca",NA,"31","1","2021","iNaturalist","68892087","biologa_marina_lorena",-96.864822,17.083977,"Balsas Basin province","Mammillaria"
3117820802,"Acanthocereus tetragonus","Oaxaca",4,"14","5","2021","iNaturalist","78775588","La Rata Mutante",-96.137839,15.761643,"Pacific Lowlands province","Acanthocereus"
3118212383,"Coryphantha pallida","Oaxaca",31,"17","5","2019","iNaturalist","79287676","ricardo_munoz",-97.295507,17.743196,"Sierra Madre del Sur province","Coryphantha"
3118313596,"Pilosocereus collinsii","Oaxaca",15,"17","5","2021","iNaturalist","79484315","Carlos Dom_nguez-Rodr_guez",-96.193086,15.768302,"Pacific Lowlands province","Pilosocereus"
3118318502,"Escontria chiotilla","Oaxaca",8,"10","4","2021","iNaturalist","77118005","Pablo Carrillo-Reyes",-96.196632,16.729007,"Pacific Lowlands province","Escontria"
3118381224,"Opuntia pubescens","Oaxaca",NA,"16","5","2021","iNaturalist","79084189","Miguel Angel Cruz Cruz",-96.69611,16.99814,"Balsas Basin province","Opuntia"
3118425476,"Stenocereus stellatus","Oaxaca",61,"16","5","2021","iNaturalist","79294558","Leticia Soriano Flores",-97.689805,18.216722,"Balsas Basin province","Stenocereus"
3118432447,"Stenocereus pruinosus","Oaxaca",122,"16","5","2021","iNaturalist","79294557","Leticia Soriano Flores",-97.689753,18.216952,"Balsas Basin province","Stenocereus"
3118461414,"Ferocactus recurvus","Oaxaca",122,"16","5","2021","iNaturalist","79294569","Leticia Soriano Flores",-97.689854,18.216741,"Balsas Basin province","Ferocactus"
3124536314,"Polaskia chichipe","Oaxaca",NA,"19","2","2019","iNaturalist","20765908","Ulises Guzm_n",-97.347872,17.876805,"Sierra Madre del Sur province","Polaskia"
3124744641,"Pachycereus pecten-aboriginum","Oaxaca",4,"22","5","2021","iNaturalist","80143565","Heriberto _vila-Gonz_lez",-96.223432,15.786997,"Pacific Lowlands province","Pachycereus"
3124760503,"Neobuxbaumia tetetzo","Oaxaca",NA,"27","9","2017","iNaturalist","80190380","amantedarmanin",-97.02473,17.869886,"Balsas Basin province","Neobuxbaumia"
3124924696,"Escontria chiotilla","Oaxaca",NA,"15","11","2017","iNaturalist","80177801","Socorro Garcia M_ndez",-96.944691,17.771439,"Balsas Basin province","Escontria"
3125114571,"Pereskia lychnidiflora","Oaxaca",NA,"20","11","1959","SD","SD00019090","Jon P. Rebman, 1998",-95.16667,16.16667,"Pacific Lowlands province","Pereskia"
3125238449,"Cephalocereus apicicephalium","Oaxaca",NA,"23","4","2012","SD","SD00013183","Carlos Gomez H., 2012",-95.212222,16.450278,"Pacific Lowlands province","Cephalocereus"
3301786314,"Epiphyllum oxypetalum","Oaxaca",4,"2","11","2017","iNaturalist","9149239","cactus-d",-96.604244,18.11442,"Veracruzan province","Epiphyllum"
3301871809,"Mammillaria carnea","Oaxaca",4,"4","6","2021","iNaturalist","81664275","ricardo_munoz",-97.034894,17.865169,"Balsas Basin province","Mammillaria"
3301971831,"Neobuxbaumia tetetzo","Oaxaca",NA,"27","5","2021","iNaturalist","80812213","Carlos Dom_nguez-Rodr_guez",-96.108345,15.784019,"Pacific Lowlands province","Neobuxbaumia"
3302024987,"Ferocactus recurvus","Oaxaca",506,"13","12","2017","iNaturalist","80676076","cactus-d",-96.934369,17.74283,"Balsas Basin province","Ferocactus"
3302254796,"Mammillaria karwinskiana","Oaxaca",8,"11","10","2017","iNaturalist","81582162","Jonathan Mohl",-96.888936,17.250145,"Balsas Basin province","Mammillaria"
3302441664,"Escontria chiotilla","Oaxaca",NA,"15","11","2017","iNaturalist","79340239","Socorro Garcia M_ndez",-96.946923,17.780103,"Balsas Basin province","Escontria"
3302479937,"Pachycereus pecten-aboriginum","Oaxaca",NA,"2","6","2021","iNaturalist","81785632","Carlos Dom_nguez-Rodr_guez",-97.05587,15.853563,"Pacific Lowlands province","Pachycereus"
3306067302,"Pereskia lychnidiflora","Oaxaca",100,"20","11","1959","UCB","NO DISPONIBLE","Leuenberger, B.",-95.160833,16.178333,"Pacific Lowlands province","Pereskia"
3306199333,"Escontria chiotilla","Oaxaca",NA,"18","4","2004","FESI-UNAM","NO APLICA","U.G.",-96.315083,16.677111,"Pacific Lowlands province","Escontria"
3306199690,"Stenocereus pruinosus","Oaxaca",NA,"13","5","2004","FESI-UNAM","NO APLICA","U.G.",-96.319167,16.715472,"Sierra Madre del Sur province","Stenocereus"
3306199699,"Pachycereus weberi","Oaxaca",NA,"7","5","2001","FESI-UNAM","NO DISPONIBLE","J.I.C.",-97.061611,18.002361,"Balsas Basin province","Pachycereus"
3306200194,"Opuntia decumbens","Oaxaca",NA,"4","7","2001","FESI-UNAM","NO DISPONIBLE","J.I.C.",-97.052139,18.014417,"Balsas Basin province","Opuntia"
3306200467,"Pachycereus pecten-aboriginum","Oaxaca",NA,"13","5","2004","FESI-UNAM","NO APLICA","U.G.",-96.319222,16.727611,"Sierra Madre del Sur province","Pachycereus"
3306200749,"Stenocereus treleasei","Oaxaca",NA,"11","7","2004","FESI-UNAM","NO DISPONIBLE","U.G.",-96.441389,16.996389,"Balsas Basin province","Stenocereus"
3306201317,"Mammillaria huitzilopochtli","Oaxaca",NA,"3","7","2005","FESI-UNAM","NO DISPONIBLE","U.G.",-96.961889,17.806556,"Balsas Basin province","Mammillaria"
3306201595,"Opuntia decumbens","Oaxaca",NA,"16","5","2004","FESI-UNAM","NO DISPONIBLE","U.G.",-94.955444,16.605278,"Pacific Lowlands province","Opuntia"
3306202251,"Stenocereus stellatus","Oaxaca",NA,"10","9","2002","FESI-UNAM","NO APLICA","U.G.",-96.966389,17.905194,"Balsas Basin province","Stenocereus"
3306202535,"Escontria chiotilla","Oaxaca",NA,"11","6","2003","FESI-UNAM","NO APLICA","J.I.C.",-96.968333,17.902639,"Balsas Basin province","Escontria"
3306204192,"Opuntia huajuapensis","Oaxaca",NA,"3","10","2013","FESI-UNAM","NO APLICA","H.H.C.M.",-96.921222,17.385556,"Sierra Madre del Sur province","Opuntia"
3307131444,"Stenocereus pruinosus","Oaxaca",19,"30","5","2021","iNaturalist","80959915","Juve",-96.570148,16.995849,"Balsas Basin province","Stenocereus"
3307242303,"Stenocereus pruinosus","Oaxaca",4,"21","2","2020","iNaturalist","83452837","Rafael Guti_rrez",-96.325226,16.899768,"Balsas Basin province","Stenocereus"
3307266233,"Mammillaria haageana","Oaxaca",NA,"12","5","2021","iNaturalist","83452246","Jonathan Mohl",-97.664906,18.199438,"Balsas Basin province","Mammillaria"
3307299328,"Myrtillocactus schenckii","Oaxaca",5,"2","3","2020","iNaturalist","41964869","C_sar Luis",-96.544472,17.003422,"Balsas Basin province","Myrtillocactus"
3307305234,"Ferocactus recurvus","Oaxaca",NA,"15","6","2021","iNaturalist","83385331","ivonnect",-98.158494,17.76085,"Balsas Basin province","Ferocactus"
3307597287,"Pilosocereus chrysacanthus","Oaxaca",NA,"25","9","1920","IBUNAM","59802","_ngel Salvador Arias Montes",-96.944917,17.564472,"Balsas Basin province","Pilosocereus"
3307601336,"Escontria chiotilla","Oaxaca",NA,NA,"5","1953","IBUNAM","59744","_ngel Salvador Arias Montes",-97.582361,17.680278,"Sierra Madre del Sur province","Escontria"
3307601368,"Polaskia chichipe","Oaxaca",NA,NA,"6","1965","IBUNAM","60453","_ngel Salvador Arias Montes",-97.74975,17.736833,"Balsas Basin province","Polaskia"
3307601822,"Cephalocereus columna-trajani","Oaxaca",NA,"17","9","1948","IBUNAM","70310","_ngel Salvador Arias Montes",-96.970194,17.806583,"Balsas Basin province","Cephalocereus"
3307602472,"Aporocactus martianus","Oaxaca",90,NA,"4","1962","IBUNAM","61675","Carlos G_mez Hinostrosa",-96.998333,18.164167,"Sierra Madre del Sur province","Aporocactus"
3307603014,"Stenocereus pruinosus","Oaxaca",NA,"22","1","1966","IBUNAM","75022","S. Gama L.",-96.876611,17.276556,"Sierra Madre del Sur province","Stenocereus"
3307605769,"Opuntia pubescens","Oaxaca",NA,"22","5","1907","IBUNAM","70114","_ngel Salvador Arias Montes",-97.200333,17.601778,"Sierra Madre del Sur province","Opuntia"
3307605773,"Pereskiopsis kellermanii","Oaxaca",100,"21","3","1957","IBUNAM","70183","_ngel Salvador Arias Montes",-96.308333,16.669444,"Pacific Lowlands province","Pereskiopsis"
3307606395,"Myrtillocactus geometrizans","Oaxaca",NA,"24","3","1919","IBUNAM","59760","_ngel Salvador Arias Montes",-97.055047,18.129464,"Balsas Basin province","Myrtillocactus"
3307606818,"Opuntia pilifera","Oaxaca",NA,NA,NA,"1955","IBUNAM","70102","_ngel Salvador Arias Montes",-97.670861,17.724,"Sierra Madre del Sur province","Opuntia"
3307610333,"Coryphantha retusa","Oaxaca",90,NA,NA,"1953","IBUNAM","60670","_ngel Salvador Arias Montes",-97.8,17.8,"Balsas Basin province","Coryphantha"
3307610729,"Opuntia velutina","Oaxaca",NA,NA,NA,"1955","IBUNAM","70165","_ngel Salvador Arias Montes",-97.738583,17.822683,"Balsas Basin province","Opuntia"
3307615670,"Escontria chiotilla","Oaxaca",NA,"15","9","1948","IBUNAM","91322","_ngel Salvador Arias Montes",-96.901333,17.811639,"Sierra Madre del Sur province","Escontria"
3307618331,"Pereskia lychnidiflora","Oaxaca",100,NA,"7","1936","IBUNAM","83139","B. Leuenberger",-95.238889,16.324444,"Pacific Lowlands province","Pereskia"
3307627751,"Disocactus ackermannii","Oaxaca",90,NA,NA,NA,"IBUNAM","118867","Carlos G_mez Hinostrosa",-96.033,17.25,"Sierra Madre del Sur province","Disocactus"
3307643696,"Mammillaria mystax","Oaxaca",NA,NA,NA,"1971","IBUNAM","166226","_ngel Salvador Arias Montes",-97.696611,17.989611,"Balsas Basin province","Mammillaria"
3307647544,"Mammillaria mystax","Oaxaca",NA,NA,NA,"1971","IBUNAM","166220","_ngel Salvador Arias Montes",-97.474056,17.691,"Sierra Madre del Sur province","Mammillaria"
3307669153,"Pachycereus weberi","Oaxaca",NA,NA,"1","1978","IBUNAM","235407","_ngel Salvador Arias Montes",-96.939417,17.488083,"Sierra Madre del Sur province","Pachycereus"
3307670896,"Myrtillocactus geometrizans","Oaxaca",NA,NA,"1","1978","IBUNAM","227773","_ngel Salvador Arias Montes",-96.914917,17.648639,"Balsas Basin province","Myrtillocactus"
3307678264,"Stenocereus stellatus","Oaxaca",NA,"18","7","1978","IBUNAM","259550","_ngel Salvador Arias Montes; S. Gama",-97.686111,17.901161,"Balsas Basin province","Stenocereus"
3307678765,"Ferocactus recurvus","Oaxaca",NA,"10","3","1988","IBUNAM","249823","_ngel Salvador Arias Montes",-96.926,17.312806,"Balsas Basin province","Ferocactus"
3307683729,"Pereskia lychnidiflora","Oaxaca",100,"20","10","1978","IBUNAM","275257","H. Bravo",-95.560278,16.4125,"Pacific Lowlands province","Pereskia"
3307683927,"Cephalocereus columna-trajani","Oaxaca",NA,"27","3","1994","IBUNAM","280206","_ngel Salvador Arias Montes",-97.336972,18.1045,"Sierra Madre del Sur province","Cephalocereus"
3307689822,"Stenocereus stellatus","Oaxaca",100,"21","10","1978","IBUNAM","275253","",-96.353611,16.911944,"Balsas Basin province","Stenocereus"
3307690814,"Stenocereus pruinosus","Oaxaca",100,"18","10","1978","IBUNAM","275261","",-95.203056,16.213889,"Pacific Lowlands province","Stenocereus"
3307709267,"Ferocactus recurvus","Oaxaca",NA,"18","2","1982","IBUNAM","337378","_ngel Salvador Arias Montes",-97.407056,17.567722,"Sierra Madre del Sur province","Ferocactus"
3307713207,"Coryphantha pallida","Oaxaca",NA,"25","7","1982","IBUNAM","337377","NO DISPONIBLE",-97.470667,17.563333,"Sierra Madre del Sur province","Coryphantha"
3307716328,"Opuntia pubescens","Oaxaca",NA,"11","5","1981","IBUNAM","341054","_ngel Salvador Arias Montes",-97.609833,17.691111,"Sierra Madre del Sur province","Opuntia"
3307718396,"Pereskiopsis rotundifolia","Oaxaca",100,NA,NA,NA,"IBUNAM","340059","_ngel Salvador Arias Montes",-96.7806,16.9958,"Balsas Basin province","Pereskiopsis"
3307735881,"Mammillaria albilanata","Oaxaca",NA,"8","4","1981","IBUNAM","399548","U. Guzman",-97.468667,17.56825,"Sierra Madre del Sur province","Mammillaria"
3307739639,"Opuntia huajuapensis","Oaxaca",NA,"12","5","1981","IBUNAM","399568","_ngel Salvador Arias Montes",-97.513694,17.551694,"Sierra Madre del Sur province","Opuntia"
3307746224,"Opuntia pilifera","Oaxaca",NA,"3","5","1978","IBUNAM","430840","_ngel Salvador Arias Montes",-96.927778,17.668667,"Balsas Basin province","Opuntia"
3307762306,"Myrtillocactus schenckii","Oaxaca",100,"12","11","1987","IBUNAM","470657","",-96.334722,16.706944,"Sierra Madre del Sur province","Myrtillocactus"
3307766714,"Mammillaria dixanthocentron","Oaxaca",NA,"13","8","1987","IBUNAM","500126","U. Guzman",-97.087417,18.136167,"Balsas Basin province","Mammillaria"
3307766762,"Mammillaria dixanthocentron","Oaxaca",NA,"2","1","1988","IBUNAM","501454","",-96.96425,17.755889,"Balsas Basin province","Mammillaria"
3307767043,"Aporocactus martianus","Oaxaca",NA,"17","3","1980","IBUNAM","508289","Carlos G_mez Hinostrosa",-96.938417,17.457972,"Sierra Madre del Sur province","Aporocactus"
3307768684,"Pereskia lychnidiflora","Oaxaca",100,"9","12","1980","IBUNAM","496928","David H. Lorence",-95.105833,16.395278,"Pacific Lowlands province","Pereskia"
3307776482,"Opuntia pubescens","Oaxaca",NA,"23","10","1990","IBUNAM","518227","_ngel Salvador Arias Montes",-97.104028,17.864,"Balsas Basin province","Opuntia"
3307776887,"Myrtillocactus geometrizans","Oaxaca",NA,"6","3","1919","IBUNAM","528506","Susana Gama L_pez",-96.957806,17.789639,"Balsas Basin province","Myrtillocactus"
3307778571,"Opuntia lasiacantha","Oaxaca",90,"21","10","1990","IBUNAM","518094","_ngel Salvador Arias Montes",-97.495277,17.850381,"Sierra Madre del Sur province","Opuntia"
3307778574,"Opuntia depressa","Oaxaca",90,"24","10","1990","IBUNAM","518105","_ngel Salvador Arias Montes",-97.058333,17.925,"Balsas Basin province","Opuntia"
3307778579,"Ferocactus recurvus","Oaxaca",NA,"20","10","1990","IBUNAM","518245","_ngel Salvador Arias Montes",-97.492861,17.804389,"Sierra Madre del Sur province","Ferocactus"
3307780687,"Pachycereus weberi","Oaxaca",90,NA,NA,"1909","IBUNAM","528892","_ngel Salvador Arias Montes",-96.9645,17.7986,"Balsas Basin province","Pachycereus"
3307781020,"Ferocactus recurvus","Oaxaca",90,"1","11","1991","IBUNAM","538192","_ngel Salvador Arias Montes",-97.3436,17.7976,"Sierra Madre del Sur province","Ferocactus"
3307781021,"Opuntia depressa","Oaxaca",90,"31","5","1991","IBUNAM","538201","NO DISPONIBLE",-97.06667,17.91667,"Balsas Basin province","Opuntia"
3307782015,"Mammillaria albilanata","Oaxaca",NA,"19","3","1980","IBUNAM","507859","U. Guzman",-97.1992,17.312833,"Sierra Madre del Sur province","Mammillaria"
3307783690,"Opuntia tomentosa","Oaxaca",90,"24","10","1990","IBUNAM","518111","_ngel Salvador Arias Montes",-96.951389,17.758889,"Balsas Basin province","Opuntia"
3307787027,"Mammillaria voburnensis","Oaxaca",100,"22","10","1991","IBUNAM","557052","U. Guzm_n C.",-95.233,16.567,"Pacific Lowlands province","Mammillaria"
3307787529,"Opuntia pubescens","Oaxaca",NA,"26","10","1990","IBUNAM","518177","_ngel Salvador Arias Montes",-97.755556,17.822833,"Balsas Basin province","Opuntia"
3307787532,"Opuntia decumbens","Oaxaca",NA,"28","11","1990","IBUNAM","518181","_ngel Salvador Arias Montes",-97.035861,17.984583,"Balsas Basin province","Opuntia"
3307787539,"Mammillaria flavicentra","Oaxaca",90,"20","10","1990","IBUNAM","518276","_ngel Salvador Arias Montes",-97.4929,17.8044,"Sierra Madre del Sur province","Mammillaria"
3307788396,"Ferocactus macrodiscus","Oaxaca",NA,"29","7","1991","IBUNAM","538222","Gladys Isabel Manzanero Medina",-97.418167,17.581889,"Sierra Madre del Sur province","Ferocactus"
3307789729,"Opuntia pubescens","Oaxaca",100,"15","7","1988","IBUNAM","552999","Susana Gama L_pez",-95.833,16.333,"Sierra Madre del Sur province","Opuntia"
3307790481,"Ferocactus recurvus","Oaxaca",NA,"24","10","1990","IBUNAM","518107","_ngel Salvador Arias Montes",-97.044181,17.934611,"Balsas Basin province","Ferocactus"
3307792638,"Pachycereus weberi","Oaxaca",NA,"9","8","1990","IBUNAM","518087","_ngel Salvador Arias Montes",-97.099389,18.134861,"Balsas Basin province","Pachycereus"
3307792639,"Mammillaria dixanthocentron","Oaxaca",NA,"9","8","1990","IBUNAM","518088","U. Guzman",-97.055778,18.048694,"Balsas Basin province","Mammillaria"
3307792642,"Escontria chiotilla","Oaxaca",NA,"30","11","1990","IBUNAM","518130","Gladys Isabel Manzanero Medina",-97.052778,18.018639,"Balsas Basin province","Escontria"
3307793403,"Escontria chiotilla","Oaxaca",90,"26","10","1990","IBUNAM","518235","_ngel Salvador Arias Montes",-97.769722,17.813611,"Balsas Basin province","Escontria"
3307793948,"Stenocereus pruinosus","Oaxaca",90,"22","9","1991","IBUNAM","531964","_ngel Salvador Arias Montes",-97.7386,17.8227,"Balsas Basin province","Stenocereus"
3307794187,"Coryphantha pallida","Oaxaca",90,"31","7","1991","IBUNAM","538185","NO DISPONIBLE",-96.967,17.85,"Balsas Basin province","Coryphantha"
3307794191,"Coryphantha retusa","Oaxaca",90,"2","11","1991","IBUNAM","538211","NO DISPONIBLE",-97.66667,17.7,"Sierra Madre del Sur province","Coryphantha"
3307794488,"Coryphantha pallida","Oaxaca",NA,"31","7","1991","IBUNAM","538184","NO DISPONIBLE",-96.941028,17.832389,"Sierra Madre del Sur province","Coryphantha"
3307795430,"Myrtillocactus schenckii","Oaxaca",NA,"5","8","1990","IBUNAM","518192","_ngel Salvador Arias Montes",-96.956667,17.819083,"Balsas Basin province","Myrtillocactus"
3307795432,"Ferocactus recurvus","Oaxaca",NA,"23","10","1990","IBUNAM","518228","_ngel Salvador Arias Montes",-97.341,17.874389,"Sierra Madre del Sur province","Ferocactus"
3307795434,"Opuntia lasiacantha","Oaxaca",NA,"23","10","1990","IBUNAM","518241","_ngel Salvador Arias Montes",-97.162972,17.850333,"Sierra Madre del Sur province","Opuntia"
3307795437,"Opuntia pubescens","Oaxaca",90,"28","11","1990","IBUNAM","518270","_ngel Salvador Arias Montes",-97.068832,17.955561,"Balsas Basin province","Opuntia"
3307796162,"Pereskiopsis rotundifolia","Oaxaca",90,"2","11","1991","IBUNAM","538210","_ngel Salvador Arias Montes",-97.6431,17.7018,"Sierra Madre del Sur province","Pereskiopsis"
3307799448,"Epiphyllum hookeri","Oaxaca",100,"22","7","1985","IBUNAM","564643","R. Bauer",-94.65,16.917,"Veracruzan province","Epiphyllum"
3307801874,"Opuntia decumbens","Oaxaca",100,"9","2","1988","IBUNAM","553296","_ngel Salvador Arias Montes",-95.1575,16.175278,"Pacific Lowlands province","Opuntia"
3307802842,"Stenocereus pruinosus","Oaxaca",100,"28","3","1991","IBUNAM","549473","_ngel Salvador Arias Montes",-95.285278,16.661944,"Pacific Lowlands province","Stenocereus"
3307802898,"Mammillaria albilanata","Oaxaca",90,"6","12","1991","IBUNAM","550989","U. Guzman",-96.95,17.55,"Balsas Basin province","Mammillaria"
3307803759,"Opuntia decumbens","Oaxaca",100,"13","3","1986","IBUNAM","553026","_ngel Salvador Arias Montes",-95.66667,16.41667,"Pacific Lowlands province","Opuntia"
3307805789,"Peniocereus fosterianus","Oaxaca",100,"12","6","1987","IBUNAM","553780","_ngel Salvador Arias Montes",-95.26667,16.36667,"Pacific Lowlands province","Peniocereus"
3307808034,"Disocactus macranthus","Oaxaca",100,"14","11","1984","IBUNAM","608013","Carlos G_mez Hinostrosa",-94.133,16.717,"Chiapas Highlands province","Disocactus"
3307809520,"Opuntia auberi","Oaxaca",100,"22","3","1988","IBUNAM","567995","Ra_l Puente Mart_nez",-96.167,15.783,"Pacific Lowlands province","Opuntia"
3307816045,"Opuntia decumbens","Oaxaca",100,"15","9","1992","IBUNAM","583821","L. Scheinvar",-96.321944,15.834167,"Pacific Lowlands province","Opuntia"
3307826918,"Mammillaria flavicentra","Oaxaca",90,"10","9","1990","IBUNAM","651727","_ngel Salvador Arias Montes",-97.31667,18.06667,"Sierra Madre del Sur province","Mammillaria"
3307827229,"Rhipsalis baccifera","Oaxaca",90,"21","4","1994","IBUNAM","659163","Guillermo Ibarra Manr_quez",-96.54056,17.72667,"Veracruzan province","Rhipsalis"
3307831200,"Opuntia pubescens","Oaxaca",100,"16","5","1995","IBUNAM","657378","J. Reyes",-95.834167,16.436111,"Pacific Lowlands province","Opuntia"
3307845109,"Pereskiopsis diguetii","Oaxaca",100,"19","6","1990","IBUNAM","659880","Carlos G_mez Hinostrosa",-95.376389,16.355556,"Pacific Lowlands province","Pereskiopsis"
3307872426,"Pereskia lychnidiflora","Oaxaca",100,"5","11","1992","IBUNAM","708873","P. Zamora C.",-96.14167,15.74444,"Pacific Lowlands province","Pereskia"
3307874364,"Pereskia lychnidiflora","Oaxaca",100,"24","8","1994","IBUNAM","714512","Rafael Torres Col_n",-95.317,16.45,"Pacific Lowlands province","Pereskia"
3307878789,"Acanthocereus tetragonus","Oaxaca",90,"6","9","1992","IBUNAM","765821","",-96.841667,17.491667,"Balsas Basin province","Acanthocereus"
3307880608,"Stenocactus crispatus","Oaxaca",90,"22","10","1990","IBUNAM","768861","_ngel Salvador Arias Montes",-97.48333,17.66667,"Sierra Madre del Sur province","Stenocactus"
3307887609,"Mammillaria haageana","Oaxaca",90,"24","10","1990","IBUNAM","791378","_ngel Salvador Arias Montes",-97.0334,17.6918,"Balsas Basin province","Mammillaria"
3307887614,"Mammillaria polyedra","Oaxaca",NA,"4","12","1993","IBUNAM","791588","_ngel Salvador Arias Montes",-97.007611,17.693333,"Balsas Basin province","Mammillaria"
3307888700,"Pachycereus weberi","Oaxaca",NA,"13","12","1993","IBUNAM","787538","_ngel Salvador Arias Montes",-97.033361,18.027,"Balsas Basin province","Pachycereus"
3307888874,"Mammillaria sphacelata","Oaxaca",NA,"23","5","1991","IBUNAM","791584","Leonardo Ulises Guzm_n Cruz",-97.073917,17.902083,"Balsas Basin province","Mammillaria"
3307888875,"Mammillaria supertexta","Oaxaca",NA,"11","12","1993","IBUNAM","791586","_ngel Salvador Arias Montes",-97.094778,17.869389,"Balsas Basin province","Mammillaria"
3307889360,"Mammillaria huitzilopochtli","Oaxaca",NA,NA,"1","1994","IBUNAM","790173","Leonardo Ulises Guzm_n Cruz",-96.963917,17.809917,"Balsas Basin province","Mammillaria"
3307890493,"Mammillaria polyedra","Oaxaca",NA,"5","9","1992","IBUNAM","791589","_ngel Salvador Arias Montes",-96.838889,17.509139,"Balsas Basin province","Mammillaria"
3307891311,"Myrtillocactus schenckii","Oaxaca",NA,"3","12","1993","IBUNAM","787519","_ngel Salvador Arias Montes",-97.043278,17.685556,"Sierra Madre del Sur province","Myrtillocactus"
3307893626,"Coryphantha pallida","Oaxaca",90,"9","8","1990","IBUNAM","768863","NO DISPONIBLE",-97.167,18.083,"Balsas Basin province","Coryphantha"
3307894424,"Acanthocereus tetragonus","Oaxaca",90,"2","12","1993","IBUNAM","765822","",-97.017,17.517,"Sierra Madre del Sur province","Acanthocereus"
3307901165,"Opuntia decumbens","Oaxaca",NA,"30","4","1992","IBUNAM","832157","_ngel Salvador Arias Montes",-96.989889,17.803472,"Balsas Basin province","Opuntia"
3307901166,"Mammillaria zephyranthoides","Oaxaca",90,"11","8","1995","IBUNAM","832163","Leonardo Ulises Guzm_n Cruz",-97.33033,17.72797,"Sierra Madre del Sur province","Mammillaria"
3307901196,"Opuntia depressa","Oaxaca",NA,"30","12","1993","IBUNAM","832915","_ngel Salvador Arias Montes",-96.937222,17.505861,"Sierra Madre del Sur province","Opuntia"
3307902122,"Opuntia depressa","Oaxaca",NA,"8","12","1993","IBUNAM","832911","_ngel Salvador Arias Montes",-96.913444,17.644389,"Balsas Basin province","Opuntia"
3307902646,"Myrtillocactus geometrizans","Oaxaca",NA,"4","9","1992","IBUNAM","787517","_ngel Salvador Arias Montes",-96.835889,17.536583,"Balsas Basin province","Myrtillocactus"
3307902736,"Mammillaria hernandezii","Oaxaca",NA,"5","6","1993","IBUNAM","790175","Leonardo Ulises Guzm_n Cruz",-97.443278,17.919361,"Sierra Madre del Sur province","Mammillaria"
3307902798,"Mammillaria flavicentra","Oaxaca",NA,"23","10","1990","IBUNAM","791383","_ngel Salvador Arias Montes",-97.203278,17.847694,"Sierra Madre del Sur province","Mammillaria"
3307902799,"Mammillaria discolor","Oaxaca",NA,"29","10","1991","IBUNAM","791389","U. Guzman",-97.48805,17.84944,"Sierra Madre del Sur province","Mammillaria"
3307905333,"Pereskia lychnidiflora","Oaxaca",100,"14","11","1979","IBUNAM","786625","Stephen D. Koch",-96.065,15.8075,"Pacific Lowlands province","Pereskia"
3307906317,"Mammillaria haageana","Oaxaca",90,"9","10","1994","IBUNAM","791381","Leonardo Ulises Guzm_n Cruz",-97.11667,18.1,"Balsas Basin province","Mammillaria"
3307907506,"Opuntia lasiacantha","Oaxaca",90,"29","3","1992","IBUNAM","832931","_ngel Salvador Arias Montes",-97.517,17.733,"Sierra Madre del Sur province","Opuntia"
3307908375,"Opuntia tehuantepecana","Oaxaca",NA,"14","12","1993","IBUNAM","835227","_ngel Salvador Arias Montes",-96.986861,17.954278,"Balsas Basin province","Opuntia"
3307909213,"Escontria chiotilla","Oaxaca",90,"11","3","1989","IBUNAM","855374","_ngel Salvador Arias Montes",-97.75,17.78333,"Balsas Basin province","Escontria"
3307910079,"Opuntia pubescens","Oaxaca",90,"12","7","1989","IBUNAM","855225","_ngel Salvador Arias Montes",-97.71667,17.86667,"Balsas Basin province","Opuntia"
3307910304,"Opuntia tehuacana","Oaxaca",NA,"14","12","1993","IBUNAM","835248","_ngel Salvador Arias Montes",-97.003528,17.956306,"Balsas Basin province","Opuntia"
3307911172,"Mammillaria karwinskiana","Oaxaca",NA,"15","3","1989","IBUNAM","856194","David Hunt",-97.833333,17.4,"Sierra Madre del Sur province","Mammillaria"
3307911946,"Mammillaria sphacelata","Oaxaca",90,"14","7","1989","IBUNAM","853143","Leonardo Ulises Guzm_n Cruz",-96.93333,17.5,"Sierra Madre del Sur province","Mammillaria"
3307917956,"Opuntia lasiacantha","Oaxaca",90,"31","3","1992","IBUNAM","832929","_ngel Salvador Arias Montes",-97.38194,17.59639,"Sierra Madre del Sur province","Opuntia"
3307922534,"Opuntia tehuacana","Oaxaca",90,"1","4","1992","IBUNAM","835228","L. Scheinvar",-97.0503,18.0839,"Balsas Basin province","Opuntia"
3307926863,"Aporocactus martianus","Oaxaca",100,"13","12","1987","IBUNAM","855933","Carlos G_mez Hinostrosa",-96.95,16.2,"Sierra Madre del Sur province","Aporocactus"
3307926875,"Ferocactus macrodiscus","Oaxaca",NA,"21","8","1990","IBUNAM","856199","_ngel Salvador Arias Montes",-97.432444,17.573361,"Sierra Madre del Sur province","Ferocactus"
3307952804,"Disocactus macranthus","Oaxaca",100,"16","8","1984","IBUNAM","920924","Carlos G_mez Hinostrosa",-94.19167,16.725,"Veracruzan province","Disocactus"
3307955364,"Pachycereus pecten-aboriginum","Oaxaca",100,"15","3","1998","IBUNAM","913331","_ngel Salvador Arias Montes",-95.01111,16.65806,"Pacific Lowlands province","Pachycereus"
3307956189,"Mammillaria haageana","Oaxaca",100,"16","7","1997","IBUNAM","933670","E. Hunn",-96.30083,16.3,"Pacific Lowlands province","Mammillaria"
3307956410,"Pereskia lychnidiflora","Oaxaca",100,"18","6","1999","IBUNAM","960615","C. Gom_z",-95.44306,16.31528,"Pacific Lowlands province","Pereskia"
3307957001,"Mammillaria supertexta","Oaxaca",NA,"10","5","2000","IBUNAM","974872","_ngel Salvador Arias Montes",-97.032389,18.026861,"Balsas Basin province","Mammillaria"
3307957003,"Mammillaria haageana","Oaxaca",90,"7","12","1999","IBUNAM","974894","U. Guzman",-97.683,18.017,"Balsas Basin province","Mammillaria"
3307957015,"Mammillaria huitzilopochtli","Oaxaca",90,"12","5","2000","IBUNAM","975078","_ngel Salvador Arias Montes",-96.967,17.883,"Balsas Basin province","Mammillaria"
3307958071,"Mammillaria supertexta","Oaxaca",90,"9","5","1999","IBUNAM","974802","_ngel Salvador Arias Montes",-97.033,18.05,"Balsas Basin province","Mammillaria"
3307962032,"Mammillaria huitzilopochtli","Oaxaca",NA,"23","4","1999","IBUNAM","975106","_ngel Salvador Arias Montes",-96.994194,17.956056,"Balsas Basin province","Mammillaria"
3307965255,"Opuntia pubescens","Oaxaca",100,"14","5","1997","IBUNAM","958170","E. Hunn",-96.30083,16.30028,"Pacific Lowlands province","Opuntia"
3307967711,"Opuntia depressa","Oaxaca",90,"26","2","2000","IBUNAM","989793","L. Scheinvar",-98.153056,17.631667,"Balsas Basin province","Opuntia"
3307977162,"Escontria chiotilla","Oaxaca",90,"4","3","2002","IBUNAM","1025387","Cruz Gonz_lez Zamora, Yuriria",-97.740233,17.743417,"Balsas Basin province","Escontria"
3307981525,"Escontria chiotilla","Oaxaca",NA,"20","5","2000","IBUNAM","964093","_ngel Salvador Arias Montes",-97.708611,17.747694,"Balsas Basin province","Escontria"
3307991063,"Pereskiopsis diguetii","Oaxaca",100,"3","5","1994","IBUNAM","1047324","_ngel Salvador Arias Montes",-96.66667,17.06667,"Balsas Basin province","Pereskiopsis"
3307996343,"Opuntia decumbens","Oaxaca",100,"22","1","1999","IBUNAM","1005764","",-95.953056,15.835833,"Pacific Lowlands province","Opuntia"
3307997192,"Mammillaria voburnensis","Oaxaca",100,"22","7","2001","IBUNAM","1026788","Carlos G_mez Hinostrosa",-95.0978,16.39444,"Pacific Lowlands province","Mammillaria"
3307998059,"Opuntia decumbens","Oaxaca",100,"22","7","2001","IBUNAM","1026772","",-94.98528,16.62583,"Pacific Lowlands province","Opuntia"
3307998560,"Disocactus ackermannii","Oaxaca",90,"24","5","2002","IBUNAM","1067649","Carlos G_mez Hinostrosa",-96.54306,17.61528,"Sierra Madre del Sur province","Disocactus"
3307999136,"Mammillaria voburnensis","Oaxaca",NA,"30","10","2001","IBUNAM","1084969","U. Guzman",-95.863722,15.931667,"Pacific Lowlands province","Mammillaria"
3308005240,"Mammillaria haageana","Oaxaca",90,"8","5","2000","IBUNAM","1105849","U. Guzman",-97.33333,18.08333,"Sierra Madre del Sur province","Mammillaria"
3308006662,"Peniocereus fosterianus","Oaxaca",100,"7","7","1998","IBUNAM","1038308","",-96.31056,15.71472,"Pacific Lowlands province","Peniocereus"
3308007941,"Mammillaria albilanata","Oaxaca",90,"8","1","2001","IBUNAM","1048296","U. Guzman",-96.94778,17.59306,"Balsas Basin province","Mammillaria"
3308009150,"Coryphantha pallida","Oaxaca",90,"6","8","2002","IBUNAM","1117801","NO DISPONIBLE",-96.95572,17.70567,"Balsas Basin province","Coryphantha"
3308012493,"Disocactus macranthus","Oaxaca",100,"5","12","1998","IBUNAM","1035429","_ngel Salvador Arias Montes",-94.183,16.733,"Veracruzan province","Disocactus"
3308012874,"Marginatocereus marginatus","Oaxaca",100,"27","2","1997","IBUNAM","1044820","E. Hunn",-96.30028,16.30167,"Pacific Lowlands province","Marginatocereus"
3308013461,"Myrtillocactus geometrizans","Oaxaca",90,"22","4","2002","IBUNAM","1041560","_ngel Salvador Arias Montes",-96.94806,17.69694,"Balsas Basin province","Myrtillocactus"
3308013699,"Pereskiopsis rotundifolia","Oaxaca",100,"8","7","1995","IBUNAM","1047291","_ngel Salvador Arias Montes",-96.777778,17.101389,"Balsas Basin province","Pereskiopsis"
3308022127,"Peniocereus oaxacensis","Oaxaca",100,"25","3","2004","IBUNAM","1150732","Carlos G_mez Hinostrosa",-94.21472,16.38917,"Pacific Lowlands province","Peniocereus"
3308025165,"Polaskia chichipe","Oaxaca",90,"12","4","2003","IBUNAM","1152969","_ngel Salvador Arias Montes",-97.66408,17.61772,"Sierra Madre del Sur province","Polaskia"
3308029095,"Epiphyllum anguliger","Oaxaca",100,"22","7","1994","IBUNAM","1165841","Carlos G_mez Hinostrosa",-96.983,16.183,"Sierra Madre del Sur province","Epiphyllum"
3308029873,"Escontria chiotilla","Oaxaca",90,"20","1","2003","IBUNAM","1152970","_ngel Salvador Arias Montes",-97.66408,17.6175,"Sierra Madre del Sur province","Escontria"
3308038962,"Opuntia dejecta","Oaxaca",100,"12","1","2005","IBUNAM","1186060","_ngel Salvador Arias Montes",-96.20319,15.77475,"Pacific Lowlands province","Opuntia"
3308045499,"Peniocereus oaxacensis","Oaxaca",100,"7","9","2004","IBUNAM","1186065","_ngel Salvador Arias Montes",-96.17839,15.75875,"Pacific Lowlands province","Peniocereus"
3308049137,"Opuntia lasiacantha","Oaxaca",90,"28","4","2007","IBUNAM","1212897","_ngel Salvador Arias Montes",-97.46664,17.49403,"Sierra Madre del Sur province","Opuntia"
3308049613,"Disocactus speciosus","Oaxaca",100,"15","3","1989","IBUNAM","1191519","Carlos G_mez Hinostrosa",-96.95,16.233,"Sierra Madre del Sur province","Disocactus"
3308051481,"Ferocactus recurvus","Oaxaca",90,"6","11","2004","IBUNAM","1203608","_ngel Salvador Arias Montes",-96.9335,17.60769,"Balsas Basin province","Ferocactus"
3308052608,"Mammillaria supertexta","Oaxaca",NA,NA,"2","1997","IBUNAM","1148086","_ngel Salvador Arias Montes",-96.971333,17.828417,"Balsas Basin province","Mammillaria"
3308052838,"Opuntia tomentosa","Oaxaca",90,"13","4","2003","IBUNAM","1152992","_ngel Salvador Arias Montes",-97.61717,17.686,"Sierra Madre del Sur province","Opuntia"
3308054899,"Epiphyllum hookeri","Oaxaca",90,"10","6","2004","IBUNAM","1216820","_ngel Salvador Arias Montes",-96.63325,18.00019,"Veracruzan province","Epiphyllum"
3308055671,"Opuntia huajuapensis","Oaxaca",90,"27","4","2007","IBUNAM","1212898","_ngel Salvador Arias Montes",-97.46686,17.49592,"Sierra Madre del Sur province","Opuntia"
3308056979,"Mammillaria carnea","Oaxaca",90,"6","11","2004","IBUNAM","1179393","_ngel Salvador Arias Montes",-96.92072,17.62681,"Balsas Basin province","Mammillaria"
3308057261,"Opuntia decumbens","Oaxaca",100,"2","6","2005","IBUNAM","1186056","_ngel Salvador Arias Montes",-96.21389,15.76964,"Pacific Lowlands province","Opuntia"
3308057817,"Aporocactus martianus","Oaxaca",90,"15","4","2003","IBUNAM","1175371","Carlos G_mez Hinostrosa",-96.44253,17.30033,"Balsas Basin province","Aporocactus"
3308058277,"Coryphantha pallida","Oaxaca",90,"11","8","1994","IBUNAM","1186108","Carlos G_mez Hinostrosa",-97.19389,17.37333,"Sierra Madre del Sur province","Coryphantha"
3308058603,"Ferocactus macrodiscus","Oaxaca",90,"10","8","2006","IBUNAM","1215555","_ngel Salvador Arias Montes",-97.6833,18.13197,"Balsas Basin province","Ferocactus"
3308060010,"Disocactus speciosus","Oaxaca",100,"1","5","2005","IBUNAM","1234553","Carlos G_mez Hinostrosa",-96.12469,16.00864,"Sierra Madre del Sur province","Disocactus"
3308060244,"Opuntia dejecta","Oaxaca",100,"9","4","1997","IBUNAM","1240196","_ngel Salvador Arias Montes",-95.94417,15.91833,"Pacific Lowlands province","Opuntia"
3308061238,"Coryphantha pallida","Oaxaca",90,"6","9","1994","IBUNAM","1186058","NO DISPONIBLE",-97.52694,17.73972,"Sierra Madre del Sur province","Coryphantha"
3308061395,"Aporocactus martianus","Oaxaca",90,"20","4","2001","IBUNAM","1224989","J. Reyes",-96.43278,17.20778,"Sierra Madre del Sur province","Aporocactus"
3308064084,"Opuntia auberi","Oaxaca",100,"31","10","2004","IBUNAM","1185998","L. Scheinvar",-96.16739,15.72122,"Pacific Lowlands province","Opuntia"
3308065757,"Mammillaria kraehenbuehlii","Oaxaca",90,"7","9","1994","IBUNAM","1240159","_ngel Salvador Arias Montes",-97.32528,17.81028,"Sierra Madre del Sur province","Mammillaria"
3308067238,"Mammillaria flavicentra","Oaxaca",90,"2","10","2006","IBUNAM","1265532","_ngel Salvador Arias Montes",-97.05275,17.56748,"Sierra Madre del Sur province","Mammillaria"
3308067274,"Ferocactus macrodiscus","Oaxaca",90,"19","6","2007","IBUNAM","1266185","_ngel Salvador Arias Montes",-97.18591,17.21787,"Sierra Madre del Sur province","Ferocactus"
3308068966,"Mammillaria sphacelata","Oaxaca",90,"17","1","2007","IBUNAM","1203581","Leonardo Ulises Guzm_n Cruz",-96.96361,17.93394,"Balsas Basin province","Mammillaria"
3308071112,"Ferocactus macrodiscus","Oaxaca",90,"3","10","2006","IBUNAM","1265087","_ngel Salvador Arias Montes",-97.1494,17.6605,"Sierra Madre del Sur province","Ferocactus"
3308073183,"Mammillaria polyedra","Oaxaca",90,"31","3","2006","IBUNAM","1206449","_ngel Salvador Arias Montes",-96.94058,17.92142,"Sierra Madre del Sur province","Mammillaria"
3308074237,"Acanthocereus tetragonus","Oaxaca",100,"25","7","2007","IBUNAM","1274040","_ngel Salvador Arias Montes",-95.01397,16.75286,"Pacific Lowlands province","Acanthocereus"
3308074681,"Opuntia dejecta","Oaxaca",100,"27","2","1997","IBUNAM","1199435","L. Scheinvar",-96.30083,16.30194,"Pacific Lowlands province","Opuntia"
3308074886,"Mammillaria dixanthocentron","Oaxaca",NA,"12","9","1991","IBUNAM","1204294","U. Guzman",-97.0500598,18.0336933,"Balsas Basin province","Mammillaria"
3308074972,"Opuntia velutina","Oaxaca",90,"31","3","2006","IBUNAM","1206459","_ngel Salvador Arias Montes",-96.93417,17.91889,"Sierra Madre del Sur province","Opuntia"
3308075544,"Aporocactus martianus","Oaxaca",90,"15","2","1993","IBUNAM","1259860","Carlos G_mez Hinostrosa",-97.017,18.167,"Sierra Madre del Sur province","Aporocactus"
3308075809,"Ferocactus macrodiscus","Oaxaca",90,"21","6","2007","IBUNAM","1266192","_ngel Salvador Arias Montes",-97.07058,17.24758,"Sierra Madre del Sur province","Ferocactus"
3308076076,"Opuntia depressa","Oaxaca",90,"18","6","2007","IBUNAM","1273381","_ngel Salvador Arias Montes",-96.97464,17.83986,"Balsas Basin province","Opuntia"
3308076197,"Opuntia decumbens","Oaxaca",100,"9","7","2007","IBUNAM","1276448","_ngel Salvador Arias Montes",-95.01342,16.61367,"Pacific Lowlands province","Opuntia"
3308076677,"Ferocactus macrodiscus","Oaxaca",90,"9","3","2007","IBUNAM","1265883","_ngel Salvador Arias Montes",-97.37297,17.2661,"Sierra Madre del Sur province","Ferocactus"
3308076736,"Ferocactus macrodiscus","Oaxaca",NA,"14","4","2006","IBUNAM","1267281","_ngel Salvador Arias Montes",-97.196028,17.574111,"Sierra Madre del Sur province","Ferocactus"
3308077243,"Disocactus speciosus","Oaxaca",100,"12","2","2007","IBUNAM","1279279","Carlos G_mez Hinostrosa",-97.31217,16.78475,"Sierra Madre del Sur province","Disocactus"
3308077273,"Mammillaria flavicentra","Oaxaca",90,"3","5","1995","IBUNAM","1280103","_ngel Salvador Arias Montes",-97.44861,17.68889,"Sierra Madre del Sur province","Mammillaria"
3308077780,"Mammillaria kraehenbuehlii","Oaxaca",NA,"21","6","2007","IBUNAM","1279116","_ngel Salvador Arias Montes",-97.223056,17.160778,"Sierra Madre del Sur province","Mammillaria"
3308077828,"Mammillaria crucigera","Oaxaca",90,"9","11","1994","IBUNAM","1280147","_ngel Salvador Arias Montes",-97.19278,17.85278,"Sierra Madre del Sur province","Mammillaria"
3308078369,"Coryphantha pallida","Oaxaca",90,"28","4","2007","IBUNAM","1212839","NO DISPONIBLE",-97.45733,17.50042,"Sierra Madre del Sur province","Coryphantha"
3308080651,"Mammillaria flavicentra","Oaxaca",NA,"20","6","2007","IBUNAM","1278506","U. Guzman",-97.292917,17.265556,"Sierra Madre del Sur province","Mammillaria"
3308080728,"Opuntia tomentosa","Oaxaca",90,"29","7","1991","IBUNAM","1280074","_ngel Salvador Arias Montes",-97.42417,17.57278,"Sierra Madre del Sur province","Opuntia"
3308080967,"Coryphantha pallida","Oaxaca",90,"1","10","2006","IBUNAM","1285857","Balbina V_zquez B.",-97.15251,17.36381,"Sierra Madre del Sur province","Coryphantha"
3308081421,"Opuntia tomentosa","Oaxaca",90,"28","4","2007","IBUNAM","1212837","_ngel Salvador Arias Montes",-97.47067,17.50083,"Sierra Madre del Sur province","Opuntia"
3308081915,"Disocactus ackermannii","Oaxaca",90,"20","5","2001","IBUNAM","1225198","G. Reyes",-96.38444,17.53917,"Sierra Madre del Sur province","Disocactus"
3308082447,"Mammillaria flavicentra","Oaxaca",100,"20","6","2007","IBUNAM","1279432","U. Guzman",-97.31839,17.12058,"Sierra Madre del Sur province","Mammillaria"
3308082477,"Mammillaria flavicentra","Oaxaca",90,"13","7","1995","IBUNAM","1280098","_ngel Salvador Arias Montes",-97.03667,18.17417,"Balsas Basin province","Mammillaria"
3308082479,"Coryphantha pallida","Oaxaca",90,"1","10","2006","IBUNAM","1280123","NO DISPONIBLE",-97.18535,17.38428,"Sierra Madre del Sur province","Coryphantha"
3308082480,"Myrtillocactus geometrizans","Oaxaca",90,"17","6","2005","IBUNAM","1280133","_ngel Salvador Arias Montes",-97.69,18.12556,"Balsas Basin province","Myrtillocactus"
3308082714,"Coryphantha pallida","Oaxaca",90,"18","6","2007","IBUNAM","1285853","Balbina V_zquez B.",-97.25172,17.32564,"Sierra Madre del Sur province","Coryphantha"
3308082722,"Opuntia decumbens","Oaxaca",100,"16","3","2009","IBUNAM","1286011","Carlos G_mez Hinostrosa",-95.90292,16.65714,"Pacific Lowlands province","Opuntia"
3308083839,"Stenocereus treleasei","Oaxaca",100,"5","7","2006","IBUNAM","1221945","_ngel Salvador Arias Montes",-96.79919,16.91125,"Balsas Basin province","Stenocereus"
3308085311,"Mammillaria zephyranthoides","Oaxaca",90,"14","9","2007","IBUNAM","1279117","_ngel Salvador Arias Montes",-97.2078,17.473,"Sierra Madre del Sur province","Mammillaria"
3308085312,"Opuntia pilifera","Oaxaca",NA,"11","3","2007","IBUNAM","1279119","D. Aquino",-97.027639,17.429806,"Sierra Madre del Sur province","Opuntia"
3308085357,"Rhipsalis baccifera","Oaxaca",NA,"22","5","2010","IBUNAM","1280081","_ngel Salvador Arias Montes",-96.918417,17.913472,"Sierra Madre del Sur province","Rhipsalis"
3308085358,"Opuntia lasiacantha","Oaxaca",90,"19","7","2010","IBUNAM","1280109","_ngel Salvador Arias Montes",-97.26038,17.51128,"Sierra Madre del Sur province","Opuntia"
3308085361,"Opuntia huajuapensis","Oaxaca",90,"16","7","2010","IBUNAM","1280142","_ngel Salvador Arias Montes",-97.15208,17.71642,"Sierra Madre del Sur province","Opuntia"
3308085586,"Coryphantha pallida","Oaxaca",90,"9","3","2007","IBUNAM","1285878","D. Aquino",-97.32988,17.54942,"Sierra Madre del Sur province","Coryphantha"
3308086346,"Mammillaria flavicentra","Oaxaca",90,"9","3","2007","IBUNAM","1281810","_ngel Salvador Arias Montes",-97.31887,17.53601,"Sierra Madre del Sur province","Mammillaria"
3308087684,"Ferocactus recurvus","Oaxaca",90,"30","3","1992","IBUNAM","1301485","_ngel Salvador Arias Montes",-97.47111,17.80667,"Sierra Madre del Sur province","Ferocactus"
3308088345,"Ferocactus recurvus","Oaxaca",90,"16","12","2004","IBUNAM","1236131","_ngel Salvador Arias Montes",-96.99361,17.76942,"Balsas Basin province","Ferocactus"
3308090462,"Peniocereus oaxacensis","Oaxaca",100,"3","9","2009","IBUNAM","1297429","Carlos G_mez Hinostrosa",-95.58572,15.96969,"Pacific Lowlands province","Peniocereus"
3308090463,"Coryphantha retusa","Oaxaca",100,"22","9","2009","IBUNAM","1297432","Carlos G_mez Hinostrosa",-96.39914,16.93433,"Sierra Madre del Sur province","Coryphantha"
3308091369,"Coryphantha pallida","Oaxaca",90,"20","10","1990","IBUNAM","1301760","Balbina V_zquez B.",-97.49286,17.80439,"Sierra Madre del Sur province","Coryphantha"
3308091371,"Coryphantha retusa","Oaxaca",90,"26","10","1990","IBUNAM","1301773","_ngel Salvador Arias Montes",-97.75556,17.82283,"Balsas Basin province","Coryphantha"
3308093286,"Disocactus macranthus","Oaxaca",100,"5","9","1985","IBUNAM","1257724","Carlos G_mez Hinostrosa",-94.233,16.683,"Chiapas Highlands province","Disocactus"
3308094106,"Opuntia decumbens","Oaxaca",100,"27","7","2007","IBUNAM","1252852","_ngel Salvador Arias Montes",-94.98078,16.65781,"Pacific Lowlands province","Opuntia"
3308095890,"Opuntia decumbens","Oaxaca",100,"2","4","2007","IBUNAM","1252851","_ngel Salvador Arias Montes",-94.98597,16.64003,"Pacific Lowlands province","Opuntia"
3308097141,"Neobuxbaumia scoparia","Oaxaca",100,"16","1","2010","IBUNAM","1326990","Carlos G_mez Hinostrosa",-95.63897,15.97608,"Pacific Lowlands province","Neobuxbaumia"
3308098164,"Disocactus speciosus","Oaxaca",100,"24","6","2010","IBUNAM","1339916","Carlos G_mez Hinostrosa",-95.91561,16.29819,"Sierra Madre del Sur province","Disocactus"
3308098576,"Ferocactus macrodiscus","Oaxaca",90,"9","3","2007","IBUNAM","1265885","_ngel Salvador Arias Montes",-97.38463,17.58503,"Sierra Madre del Sur province","Ferocactus"
3308098592,"Ferocactus macrodiscus","Oaxaca",NA,"21","6","2007","IBUNAM","1266193","_ngel Salvador Arias Montes",-97.171111,17.175861,"Sierra Madre del Sur province","Ferocactus"
3308098859,"Opuntia dejecta","Oaxaca",100,"10","7","2007","IBUNAM","1273621","_ngel Salvador Arias Montes",-95.00967,16.61581,"Pacific Lowlands province","Opuntia"
3308098973,"Myrtillocactus schenckii","Oaxaca",90,"10","3","2007","IBUNAM","1276464","_ngel Salvador Arias Montes",-97.053194,17.496111,"Balsas Basin province","Myrtillocactus"
3308099096,"Mammillaria flavicentra","Oaxaca",90,"18","2","1995","IBUNAM","1279441","_ngel Salvador Arias Montes",-96.9097,17.91389,"Sierra Madre del Sur province","Mammillaria"
3308099121,"Ferocactus macrodiscus","Oaxaca",90,"29","3","2008","IBUNAM","1280068","_ngel Salvador Arias Montes",-97.415,17.69111,"Sierra Madre del Sur province","Ferocactus"
3308099124,"Mammillaria crucigera","Oaxaca",90,"21","9","1991","IBUNAM","1280150","_ngel Salvador Arias Montes",-97.0676,18.066,"Balsas Basin province","Mammillaria"
3308099223,"Mammillaria flavicentra","Oaxaca",90,"4","10","2006","IBUNAM","1281962","U. Guzman",-97.03527,17.43386,"Sierra Madre del Sur province","Mammillaria"
3308099282,"Opuntia tomentosa","Oaxaca",90,"18","6","2007","IBUNAM","1282990","_ngel Salvador Arias Montes",-97.2522,17.3062,"Sierra Madre del Sur province","Opuntia"
3308099960,"Myrtillocactus schenckii","Oaxaca",90,"4","10","2006","IBUNAM","1273614","_ngel Salvador Arias Montes",-97.05692,17.46897,"Sierra Madre del Sur province","Myrtillocactus"
3308100182,"Mammillaria polyedra","Oaxaca",90,"4","10","2006","IBUNAM","1278507","_ngel Salvador Arias Montes",-97.05692,17.4669,"Sierra Madre del Sur province","Mammillaria"
3308100207,"Disocactus speciosus","Oaxaca",100,"22","6","2006","IBUNAM","1279073","Carlos G_mez Hinostrosa",-96.11289,16.01386,"Sierra Madre del Sur province","Disocactus"
3308100249,"Aporocactus martianus","Oaxaca",90,"22","5","2010","IBUNAM","1280082","_ngel Salvador Arias Montes",-96.82756,17.85894,"Sierra Madre del Sur province","Aporocactus"
3308100251,"Mammillaria flavicentra","Oaxaca",NA,"14","7","1995","IBUNAM","1280096","U. Guzman",-96.901917,17.803556,"Sierra Madre del Sur province","Mammillaria"
3308100506,"Polaskia chichipe","Oaxaca",90,"17","6","2005","IBUNAM","1324235","_ngel Salvador Arias Montes",-97.74653,17.76483,"Balsas Basin province","Polaskia"
3308101314,"Opuntia decumbens","Oaxaca",100,"1","11","1995","IBUNAM","1324994","_ngel Salvador Arias Montes",-96.19167,16.72194,"Pacific Lowlands province","Opuntia"
3308102906,"Opuntia huajuapensis","Oaxaca",90,"4","9","2009","IBUNAM","1272980","_ngel Salvador Arias Montes",-97.21844,17.84986,"Sierra Madre del Sur province","Opuntia"
3308103026,"Mammillaria carnea","Oaxaca",90,"10","3","2007","IBUNAM","1276188","_ngel Salvador Arias Montes",-97.0519,17.4841,"Balsas Basin province","Mammillaria"
3308104860,"Mammillaria albilanata","Oaxaca",90,"31","1","2007","IBUNAM","1272661","U. Guzman",-96.44444,17.32028,"Sierra Madre del Sur province","Mammillaria"
3308105142,"Opuntia streptacantha","Oaxaca",90,"9","3","2007","IBUNAM","1279332","_ngel Salvador Arias Montes",-97.38464,17.58473,"Sierra Madre del Sur province","Opuntia"
3308105149,"Mammillaria albilanata","Oaxaca",90,"20","6","2007","IBUNAM","1279428","U. Guzman",-97.28994,17.21913,"Sierra Madre del Sur province","Mammillaria"
3308105161,"Mammillaria karwinskiana","Oaxaca",90,"21","6","2007","IBUNAM","1279735","_ngel Salvador Arias Montes",-97.09744,17.24064,"Sierra Madre del Sur province","Mammillaria"
3308105181,"Coryphantha pallida","Oaxaca",90,"17","7","2010","IBUNAM","1280134","D. Aquino",-97.15243,17.51784,"Sierra Madre del Sur province","Coryphantha"
3308106113,"Opuntia pubescens","Oaxaca",100,"16","6","2009","IBUNAM","1351971","C. Gom_z",-96.35447,16.9225,"Balsas Basin province","Opuntia"
3308106114,"Opuntia karwinskiana","Oaxaca",100,"28","4","2009","IBUNAM","1351973","C. Gom_z",-95.69725,16.05161,"Pacific Lowlands province","Opuntia"
3308106388,"Opuntia karwinskiana","Oaxaca",100,"6","11","2009","IBUNAM","1345135","Carlos G_mez Hinostrosa",-95.58119,15.96503,"Pacific Lowlands province","Opuntia"
3308106592,"Opuntia karwinskiana","Oaxaca",100,"20","9","2010","IBUNAM","1349603","C. Gom_z",-95.725,15.99969,"Pacific Lowlands province","Opuntia"
3308106653,"Opuntia pubescens","Oaxaca",100,"23","6","2009","IBUNAM","1350912","C. Gom_z",-96.40136,16.94714,"Sierra Madre del Sur province","Opuntia"
3308107398,"Ferocactus recurvus","Oaxaca",90,"11","3","2007","IBUNAM","1266184","_ngel Salvador Arias Montes",-97.02763,17.42982,"Sierra Madre del Sur province","Ferocactus"
3308107674,"Myrtillocactus geometrizans","Oaxaca",90,"4","10","2006","IBUNAM","1273102","_ngel Salvador Arias Montes",-97.05319,17.49611,"Balsas Basin province","Myrtillocactus"
3308107675,"Mammillaria dixanthocentron","Oaxaca",NA,"16","12","2004","IBUNAM","1273122","_ngel Salvador Arias Montes",-96.991861,17.769417,"Balsas Basin province","Mammillaria"
3308107702,"Opuntia dejecta","Oaxaca",100,"24","7","2007","IBUNAM","1273883","_ngel Salvador Arias Montes",-95.00714,16.77972,"Pacific Lowlands province","Opuntia"
3308107882,"Disocactus speciosus","Oaxaca",100,"14","1","2007","IBUNAM","1278611","Carlos G_mez Hinostrosa",-97.21733,16.70392,"Sierra Madre del Sur province","Disocactus"
3308107905,"Opuntia pilifera","Oaxaca",NA,"19","6","2007","IBUNAM","1279123","D. Aquino",-97.051944,17.484111,"Balsas Basin province","Opuntia"
3308107916,"Mammillaria karwinskiana","Oaxaca",90,"21","6","2007","IBUNAM","1279329","_ngel Salvador Arias Montes",-97.12111,17.21886,"Sierra Madre del Sur province","Mammillaria"
3308107956,"Mammillaria dixanthocentron","Oaxaca",90,"20","2","1995","IBUNAM","1280094","_ngel Salvador Arias Montes",-97.11667,17.88333,"Balsas Basin province","Mammillaria"
3308107960,"Coryphantha pallida","Oaxaca",90,"15","7","2010","IBUNAM","1280138","_ngel Salvador Arias Montes",-97.1761,17.4594,"Sierra Madre del Sur province","Coryphantha"
3308107962,"Mammillaria flavicentra","Oaxaca",NA,"3","4","1993","IBUNAM","1280154","U. Guzman",-97.162444,17.709861,"Sierra Madre del Sur province","Mammillaria"
3308108047,"Mammillaria flavicentra","Oaxaca",90,"9","3","2007","IBUNAM","1281957","U. Guzman",-97.3668,17.28599,"Sierra Madre del Sur province","Mammillaria"
3308108415,"Coryphantha pallida","Oaxaca",90,"11","3","2008","IBUNAM","1285877","D. Aquino",-97.13103,17.41961,"Sierra Madre del Sur province","Coryphantha"
3308108987,"Disocactus speciosus","Oaxaca",100,"18","7","2006","IBUNAM","1299087","Carlos G_mez Hinostrosa",-97.2976,16.78356,"Sierra Madre del Sur province","Disocactus"
3308109093,"Mammillaria mystax","Oaxaca",90,"20","10","1990","IBUNAM","1301774","_ngel Salvador Arias Montes",-97.34253,17.8735,"Sierra Madre del Sur province","Mammillaria"
3308109509,"Peniocereus oaxacensis","Oaxaca",100,"11","7","2009","IBUNAM","1349088","Carlos G_mez Hinostrosa",-95.61806,16.10656,"Pacific Lowlands province","Peniocereus"
3308109710,"Coryphantha retusa","Oaxaca",100,"24","7","2009","IBUNAM","1354169","C. Gom_z",-96.40061,16.93942,"Sierra Madre del Sur province","Coryphantha"
3308109936,"Peniocereus oaxacensis","Oaxaca",100,"26","5","2006","IBUNAM","1359488","Carlos G_mez Hinostrosa",-96.19289,15.76711,"Pacific Lowlands province","Peniocereus"
3308113464,"Coryphantha pallida","Oaxaca",NA,"14","4","2006","IBUNAM","1286800","D. Aquino",-97.187972,17.576194,"Sierra Madre del Sur province","Coryphantha"
3308113998,"Coryphantha pallida","Oaxaca",90,"29","10","1991","IBUNAM","1301498","Balbina V_zquez B.",-97.34056,17.80194,"Sierra Madre del Sur province","Coryphantha"
3308115956,"Peniocereus oaxacensis","Oaxaca",100,"22","5","2010","IBUNAM","1383190","Carlos G_mez Hinostrosa",-95.6988,16.45575,"Pacific Lowlands province","Peniocereus"
3308117061,"Coryphantha pallida","Oaxaca",90,"1","10","2006","IBUNAM","1301605","Balbina V_zquez B.",-97.49528,17.83333,"Sierra Madre del Sur province","Coryphantha"
3308119170,"Opuntia pubescens","Oaxaca",100,"26","5","2011","IBUNAM","1389766","L. Scheinvar",-96.5523,16.25189,"Sierra Madre del Sur province","Opuntia"
3308121553,"Peniocereus oaxacensis","Oaxaca",100,"22","5","2010","IBUNAM","1383184","Carlos G_mez Hinostrosa",-95.6453,16.43865,"Pacific Lowlands province","Peniocereus"
3308122717,"Opuntia tomentosa","Oaxaca",90,"19","5","2011","IBUNAM","1389424","L. Scheinvar",-97.6661,17.35822,"Sierra Madre del Sur province","Opuntia"
3308124227,"Neobuxbaumia tetetzo","Oaxaca",100,"29","6","2012","IBUNAM","1404303","_ngel Salvador Arias Montes",-95.8727,16.43394,"Pacific Lowlands province","Neobuxbaumia"
3308124869,"Opuntia tehuantepecana","Oaxaca",100,"1","6","1995","IBUNAM","1322927","_ngel Salvador Arias Montes",-94.51,16.18667,"Pacific Lowlands province","Opuntia"
3308125116,"Pilosocereus chrysacanthus","Oaxaca",90,"11","8","2011","IBUNAM","1328884","_ngel Salvador Arias Montes",-97.01369,17.43914,"Sierra Madre del Sur province","Pilosocereus"
3308125845,"Neobuxbaumia tetetzo","Oaxaca",100,"29","6","2012","IBUNAM","1404305","_ngel Salvador Arias Montes",-95.3135,16.38208,"Pacific Lowlands province","Neobuxbaumia"
3308126455,"Mammillaria karwinskiana","Oaxaca",100,"16","5","2009","IBUNAM","1311537","Carlos G_mez Hinostrosa",-96.13156,16.50919,"Pacific Lowlands province","Mammillaria"
3308127767,"Ferocactus recurvus","Oaxaca",100,"1","11","1995","IBUNAM","1325310","Carlos G_mez Hinostrosa",-96.19167,16.70528,"Pacific Lowlands province","Ferocactus"
3308128762,"Disocactus speciosus","Oaxaca",100,NA,NA,NA,"IBUNAM","1404308","NO DISPONIBLE",-96.5058,16.06139,"Sierra Madre del Sur province","Disocactus"
3308129921,"Disocactus speciosus","Oaxaca",100,"10","4","2004","IBUNAM","1350914","_ngel Salvador Arias Montes",-97.62944,16.75556,"Sierra Madre del Sur province","Disocactus"
3308130389,"Mammillaria mystax","Oaxaca",90,"16","9","2011","IBUNAM","1404298","D. Aquino",-97.40278,17.7025,"Sierra Madre del Sur province","Mammillaria"
3308130390,"Disocactus ackermannii","Oaxaca",90,"16","4","2012","IBUNAM","1404315","NO DISPONIBLE",-96.5389,17.63267,"Sierra Madre del Sur province","Disocactus"
3308132000,"Acanthocereus tetragonus","Oaxaca",100,"25","8","2005","IBUNAM","1349600","_ngel Salvador Arias Montes",-96.18547,15.76083,"Pacific Lowlands province","Acanthocereus"
3308134373,"Peniocereus oaxacensis","Oaxaca",100,"10","8","2014","IBUNAM","1429112","",-94.9228,16.53028,"Pacific Lowlands province","Peniocereus"
3308140283,"Opuntia pubescens","Oaxaca",100,"22","5","2010","IBUNAM","1385159","Carlos G_mez Hinostrosa",-95.6581,16.50813,"Sierra Madre del Sur province","Opuntia"
3308141211,"Pereskia lychnidiflora","Oaxaca",100,"22","1","2014","IBUNAM","1467426","Kenia Velasco Guti_rrez",-94.93,16.55806,"Pacific Lowlands province","Pereskia"
3308143399,"Opuntia karwinskiana","Oaxaca",100,"27","4","2006","IBUNAM","1359489","Carlos G_mez Hinostrosa",-96.24536,15.72653,"Pacific Lowlands province","Opuntia"
3308144595,"Pilosocereus leucocephalus","Oaxaca",100,"22","5","2014","IBUNAM","1469127","_ngel Salvador Arias Montes",-94.7421,16.71478,"Pacific Lowlands province","Pilosocereus"
3308145457,"Mammillaria haageana","Oaxaca",90,"27","6","2012","IBUNAM","1362554","_ngel Salvador Arias Montes",-97.38642,17.55453,"Sierra Madre del Sur province","Mammillaria"
3308146555,"Mammillaria albilanata","Oaxaca",100,"25","1","2011","IBUNAM","1363838","_ngel Salvador Arias Montes",-97.58569,16.84397,"Sierra Madre del Sur province","Mammillaria"
3308148174,"Peniocereus oaxacensis","Oaxaca",100,"24","8","2009","IBUNAM","1385157","Carlos G_mez Hinostrosa",-95.533,16.37006,"Pacific Lowlands province","Peniocereus"
3308148175,"Myrtillocactus schenckii","Oaxaca",100,"18","4","2012","IBUNAM","1385162","C. Gom_z",-95.9843,16.43333,"Sierra Madre del Sur province","Myrtillocactus"
3308152163,"Neobuxbaumia tetetzo","Oaxaca",90,"13","4","2013","IBUNAM","1402922","_ngel Salvador Arias Montes",-96.9756,17.93447,"Balsas Basin province","Neobuxbaumia"
3308152226,"Disocactus speciosus","Oaxaca",100,"11","3","2012","IBUNAM","1404320","_ngel Salvador Arias Montes",-97.78042,17.03347,"Sierra Madre del Sur province","Disocactus"
3308153389,"Peniocereus fosterianus","Oaxaca",100,"29","11","2005","IBUNAM","1384147","Carlos G_mez Hinostrosa",-96.1761,15.74603,"Pacific Lowlands province","Peniocereus"
3308153599,"Mammillaria haageana","Oaxaca",100,"14","10","2011","IBUNAM","1389249","Carlos G_mez Hinostrosa",-96.9151,17.04683,"Sierra Madre del Sur province","Mammillaria"
3308154128,"Neobuxbaumia tetetzo","Oaxaca",100,"28","6","2012","IBUNAM","1402547","_ngel Salvador Arias Montes",-95.2268,16.42244,"Pacific Lowlands province","Neobuxbaumia"
3308154129,"Neobuxbaumia tetetzo","Oaxaca",100,"29","6","2012","IBUNAM","1402550","_ngel Salvador Arias Montes",-96.14597,16.67589,"Pacific Lowlands province","Neobuxbaumia"
3308162729,"Pereskiopsis kellermanii","Oaxaca",100,"14","1","2014","IBUNAM","1429111","Carlos G_mez Hinostrosa",-94.9317,16.57278,"Pacific Lowlands province","Pereskiopsis"
3308165755,"Disocactus ackermannii","Oaxaca",90,"6","4","2014","IBUNAM","1469132","_ngel Salvador Arias Montes",-96.7548,18.06578,"Sierra Madre del Sur province","Disocactus"
3308170892,"Pereskiopsis kellermanii","Oaxaca",100,"26","3","1967","IBUNAM","48510","_ngel Salvador Arias Montes",-95.6033,16.3992,"Pacific Lowlands province","Pereskiopsis"
3308175376,"Pachycereus pecten-aboriginum","Oaxaca",100,NA,NA,"1958","IBUNAM","59736","_ngel Salvador Arias Montes",-96.490556,15.664167,"Pacific Lowlands province","Pachycereus"
3308175987,"Opuntia huajuapensis","Oaxaca",NA,NA,NA,"1962","IBUNAM","74538","_ngel Salvador Arias Montes",-97.758333,17.799083,"Balsas Basin province","Opuntia"
3308176465,"Opuntia huajuapensis","Oaxaca",90,NA,"4","1963","IBUNAM","60920","_ngel Salvador Arias Montes",-97.775833,17.804444,"Balsas Basin province","Opuntia"
3308179349,"Escontria chiotilla","Oaxaca",90,NA,"4","1953","IBUNAM","59746","_ngel Salvador Arias Montes",-97.75,17.73333,"Balsas Basin province","Escontria"
3308186217,"Pereskia lychnidiflora","Oaxaca",100,"23","12","1965","IBUNAM","105662","H. Bravo",-95.783611,16.395833,"Pacific Lowlands province","Pereskia"
3308193653,"Pereskiopsis kellermanii","Oaxaca",100,NA,"5","1965","IBUNAM","118254","_ngel Salvador Arias Montes",-96.312778,16.673056,"Pacific Lowlands province","Pereskiopsis"
3308200296,"Polaskia chichipe","Oaxaca",NA,NA,"5","1953","IBUNAM","59680","Susana Gama L_pez",-97.502444,17.667625,"Sierra Madre del Sur province","Polaskia"
3308201784,"Myrtillocactus schenckii","Oaxaca",100,"7","8","1966","IBUNAM","143507","",-96.41667,16.91667,"Balsas Basin province","Myrtillocactus"
3308207342,"Pilosocereus chrysacanthus","Oaxaca",NA,"24","3","1919","IBUNAM","59823","_ngel Salvador Arias Montes",-97.080722,18.13575,"Balsas Basin province","Pilosocereus"
3308208383,"Cephalocereus apicicephalium","Oaxaca",100,NA,NA,"1960","IBUNAM","59785","S. Gama L.",-97.105969,16.733427,"Sierra Madre del Sur province","Cephalocereus"
3308212604,"Mammillaria discolor","Oaxaca",NA,NA,NA,"1971","IBUNAM","164274","Leonardo Ulises Guzm_n Cruz",-97.376972,17.724028,"Sierra Madre del Sur province","Mammillaria"
3308214609,"Mammillaria flavicentra","Oaxaca",NA,NA,NA,"1971","IBUNAM","166222","_ngel Salvador Arias Montes",-97.459694,17.675861,"Sierra Madre del Sur province","Mammillaria"
3308235973,"Mammillaria zephyranthoides","Oaxaca",90,NA,"8","1969","IBUNAM","126891","_ngel Salvador Arias Montes",-97.5824,17.6803,"Sierra Madre del Sur province","Mammillaria"
3308247270,"Pereskia lychnidiflora","Oaxaca",100,"26","1","1956","IBUNAM","160820","B. Leuenberger",-95.019167,16.433056,"Pacific Lowlands province","Pereskia"
3308255511,"Mammillaria mystax","Oaxaca",NA,NA,NA,"1971","IBUNAM","166221","_ngel Salvador Arias Montes",-97.385278,17.720167,"Sierra Madre del Sur province","Mammillaria"
3308255854,"Disocactus ackermannii","Oaxaca",10,"5","4","1975","IBUNAM","175528","Carlos G_mez Hinostrosa",-96.998049,18.1656841,"Sierra Madre del Sur province","Disocactus"
3308260870,"Pereskia lychnidiflora","Oaxaca",100,"20","10","1978","IBUNAM","275259","H. Bravo",-95.275,16.271944,"Pacific Lowlands province","Pereskia"
3308262023,"Opuntia tomentosa","Oaxaca",100,"21","10","1978","IBUNAM","275254","",-96.381698,16.903036,"Balsas Basin province","Opuntia"
3308264804,"Pachycereus pecten-aboriginum","Oaxaca",100,"2","10","1978","IBUNAM","275258","_ngel Salvador Arias Montes",-95.278056,16.335556,"Pacific Lowlands province","Pachycereus"
3308277198,"Coryphantha pallida","Oaxaca",NA,"16","7","1982","IBUNAM","337399","NO DISPONIBLE",-97.513139,17.559778,"Sierra Madre del Sur province","Coryphantha"
3308277229,"Mammillaria albilanata","Oaxaca",NA,"10","5","1981","IBUNAM","338161","U. Guzman",-97.521944,17.533778,"Sierra Madre del Sur province","Mammillaria"
3308288967,"Escontria chiotilla","Oaxaca",90,"24","4","1982","IBUNAM","354727","H. Bravo",-96.546944,17.313333,"Balsas Basin province","Escontria"
3308290071,"Neobuxbaumia tetetzo","Oaxaca",710,"16","6","1970","IBUNAM","356976","H. Bravo",-96.3083651,16.6702005,"Pacific Lowlands province","Neobuxbaumia"
3308295790,"Pereskia lychnidiflora","Oaxaca",100,"19","10","1978","IBUNAM","275263","H. Bravo",-95.177222,16.244444,"Pacific Lowlands province","Pereskia"
3308316712,"Opuntia huajuapensis","Oaxaca",NA,"10","4","1981","IBUNAM","399569","_ngel Salvador Arias Montes",-97.408778,17.588056,"Sierra Madre del Sur province","Opuntia"
3308318012,"Opuntia huajuapensis","Oaxaca",90,"12","5","1981","IBUNAM","399600","_ngel Salvador Arias Montes",-97.503593,17.554424,"Sierra Madre del Sur province","Opuntia"
3308325412,"Opuntia decumbens","Oaxaca",100,"9","12","1980","IBUNAM","316179","H. Bravo",-95.1225,16.390833,"Pacific Lowlands province","Opuntia"
3308342228,"Coryphantha pallida","Oaxaca",NA,"16","5","1981","IBUNAM","364233","U. Guzman",-97.117917,17.32525,"Sierra Madre del Sur province","Coryphantha"
3308348737,"Mammillaria flavicentra","Oaxaca",NA,"30","3","1988","IBUNAM","474892","_ngel Salvador Arias Montes",-97.406167,17.876417,"Sierra Madre del Sur province","Mammillaria"
3308356030,"Stenocereus stellatus","Oaxaca",100,"28","1","1989","IBUNAM","501464","L. Scheinvar",-96.725,17.108333,"Balsas Basin province","Stenocereus"
3308360019,"Opuntia decumbens","Oaxaca",100,"12","6","1986","IBUNAM","505026","H. Bravo",-95.401389,16.350278,"Pacific Lowlands province","Opuntia"
3308361640,"Opuntia streptacantha","Oaxaca",90,"10","4","1981","IBUNAM","399558","_ngel Salvador Arias Montes",-97.425003,17.55056,"Sierra Madre del Sur province","Opuntia"
3308364748,"Mammillaria zephyranthoides","Oaxaca",90,"24","10","1990","IBUNAM","518155","_ngel Salvador Arias Montes",-97.2211,17.4738,"Sierra Madre del Sur province","Mammillaria"
3308364749,"Mammillaria huitzilopochtli","Oaxaca",90,"5","8","1990","IBUNAM","518191","_ngel Salvador Arias Montes",-96.941,17.8272,"Sierra Madre del Sur province","Mammillaria"
3308366366,"Marginatocereus marginatus","Oaxaca",NA,"10","4","1981","IBUNAM","394644","S. Gama",-97.479278,17.505833,"Sierra Madre del Sur province","Marginatocereus"
3308368503,"Stenocereus stellatus","Oaxaca",90,"24","10","1990","IBUNAM","518101","_ngel Salvador Arias Montes",-97.0841,17.9019,"Balsas Basin province","Stenocereus"
3308368505,"Acanthocereus tetragonus","Oaxaca",90,"12","6","1990","IBUNAM","518223","",-97.067,18.133,"Balsas Basin province","Acanthocereus"
3308369260,"Mammillaria dixanthocentron","Oaxaca",NA,"28","10","1991","IBUNAM","538190","U. Guzman",-97.045,18.070389,"Balsas Basin province","Mammillaria"
3308370378,"Stenocereus pruinosus","Oaxaca",NA,"13","7","1990","IBUNAM","518144","_ngel Salvador Arias Montes; S. Gama",-97.060194,18.149056,"Balsas Basin province","Stenocereus"
3308370383,"Acanthocereus tetragonus","Oaxaca",90,"12","7","1990","IBUNAM","518233","_ngel Salvador Arias Montes",-97.0874,18.1362,"Balsas Basin province","Acanthocereus"
3308370803,"Stenocereus treleasei","Oaxaca",100,"16","5","1985","IBUNAM","530345","G. Flores M.",-96.735833,16.5675,"Balsas Basin province","Stenocereus"
3308374509,"Stenocactus crispatus","Oaxaca",90,"1","11","1991","IBUNAM","538193","NO DISPONIBLE",-97.34358,17.79764,"Sierra Madre del Sur province","Stenocactus"
3308375923,"Opuntia decumbens","Oaxaca",100,"14","3","1983","IBUNAM","556998","_ngel Salvador Arias Montes",-94.949444,16.633056,"Pacific Lowlands province","Opuntia"
3308378723,"Opuntia auberi","Oaxaca",100,"18","7","1988","IBUNAM","549373","Ra_l Puente Mart_nez",-95,16.617,"Pacific Lowlands province","Opuntia"
3308378914,"Disocactus ackermannii","Oaxaca",90,"15","5","1988","IBUNAM","554950","Carlos G_mez Hinostrosa",-96.083,17.233,"Sierra Madre del Sur province","Disocactus"
3308380940,"Opuntia pubescens","Oaxaca",100,"6","5","1991","IBUNAM","552996","Susana Gama L_pez",-95.5,16.317,"Pacific Lowlands province","Opuntia"
3308389031,"Stenocereus pruinosus","Oaxaca",100,"26","2","1988","IBUNAM","481470","G. Flores M.",-96.348889,16.608056,"Sierra Madre del Sur province","Stenocereus"
3308391617,"Stenocactus crispatus","Oaxaca",NA,"20","3","1988","IBUNAM","474794","_ngel Salvador Arias Montes",-97.480833,17.80075,"Sierra Madre del Sur province","Stenocactus"
3308392052,"Stenocereus pruinosus","Oaxaca",100,"16","5","1985","IBUNAM","485993","G. Flores M.",-96.733611,16.565278,"Balsas Basin province","Stenocereus"
3308394993,"Opuntia tomentosa","Oaxaca",90,"22","5","1983","IBUNAM","606576","_ngel Salvador Arias Montes",-96.896667,17.849167,"Sierra Madre del Sur province","Opuntia"
3308398098,"Rhipsalis baccifera","Oaxaca",100,"20","3","1988","IBUNAM","608300","S. Gama L.",-97.01667,16.15,"Sierra Madre del Sur province","Rhipsalis"
3308399827,"Opuntia auberi","Oaxaca",100,"17","6","1971","IBUNAM","501516","Ra_l Puente Mart_nez",-96.533,16,"Sierra Madre del Sur province","Opuntia"
3308409510,"Mammillaria zephyranthoides","Oaxaca",90,"21","10","1990","IBUNAM","518090","_ngel Salvador Arias Montes",-97.5588,17.6712,"Sierra Madre del Sur province","Mammillaria"
3308409518,"Mammillaria flavicentra","Oaxaca",NA,"5","8","1990","IBUNAM","518275","_ngel Salvador Arias Montes",-96.932417,17.835278,"Sierra Madre del Sur province","Mammillaria"
3308410567,"Mammillaria huitzilopochtli","Oaxaca",NA,"2","1","1988","IBUNAM","500043","_ngel Salvador Arias Montes",-96.865111,17.265444,"Sierra Madre del Sur province","Mammillaria"
3308411386,"Mammillaria kraehenbuehlii","Oaxaca",NA,"21","10","1990","IBUNAM","518089","U. Guzman",-97.558806,17.671222,"Sierra Madre del Sur province","Mammillaria"
3308411393,"Opuntia lasiacantha","Oaxaca",90,"23","10","1990","IBUNAM","518242","_ngel Salvador Arias Montes",-97.167198,17.878359,"Sierra Madre del Sur province","Opuntia"
3308412199,"Stenocereus stellatus","Oaxaca",90,"30","7","1991","IBUNAM","538145","_ngel Salvador Arias Montes",-97.0423,17.4366,"Sierra Madre del Sur province","Stenocereus"
3308412202,"Pereskiopsis rotundifolia","Oaxaca",90,"2","11","1991","IBUNAM","538212","_ngel Salvador Arias Montes",-97.6,17.63333,"Sierra Madre del Sur province","Pereskiopsis"
3308413165,"Melocactus curvispinus","Oaxaca",100,"24","8","1990","IBUNAM","649050","NO DISPONIBLE",-95.266667,16.433333,"Pacific Lowlands province","Melocactus"
3308414735,"Opuntia lasiacantha","Oaxaca",NA,"21","10","1990","IBUNAM","518093","_ngel Salvador Arias Montes",-97.487778,17.836306,"Sierra Madre del Sur province","Opuntia"
3308414737,"Opuntia tomentosa","Oaxaca",NA,"24","10","1990","IBUNAM","518110","_ngel Salvador Arias Montes",-97.031417,17.703861,"Balsas Basin province","Opuntia"
3308415148,"Pilosocereus chrysacanthus","Oaxaca",NA,"28","7","1907","IBUNAM","528496","Carlos G_mez Hinostrosa",-97.01675,17.412444,"Sierra Madre del Sur province","Pilosocereus"
3308415230,"Opuntia decumbens","Oaxaca",100,"14","3","1986","IBUNAM","530775","H. Bravo",-95.306944,16.381944,"Pacific Lowlands province","Opuntia"
3308416761,"Mammillaria albilanata","Oaxaca",90,"21","8","1990","IBUNAM","650623","U. Guzman",-97.433,17.583,"Sierra Madre del Sur province","Mammillaria"
3308418446,"Pilosocereus chrysacanthus","Oaxaca",90,"13","7","1990","IBUNAM","518138","_ngel Salvador Arias Montes",-97.0602,18.1491,"Balsas Basin province","Pilosocereus"
3308418449,"Pilosocereus chrysacanthus","Oaxaca",90,"5","8","1990","IBUNAM","518190","_ngel Salvador Arias Montes",-96.926667,17.844444,"Sierra Madre del Sur province","Pilosocereus"
3308418450,"Mammillaria sphacelata","Oaxaca",90,"23","10","1990","IBUNAM","518203","_ngel Salvador Arias Montes",-97.2033,17.8477,"Sierra Madre del Sur province","Mammillaria"
3308418451,"Mammillaria sphacelata","Oaxaca",90,"23","10","1990","IBUNAM","518204","",-97.205,17.858611,"Sierra Madre del Sur province","Mammillaria"
3308419883,"Opuntia huajuapensis","Oaxaca",NA,"12","4","1987","IBUNAM","552998","_ngel Salvador Arias Montes",-97.3955,17.703417,"Sierra Madre del Sur province","Opuntia"
3308419903,"Pereskiopsis diguetii","Oaxaca",100,"6","11","1985","IBUNAM","553426","_ngel Salvador Arias Montes",-95.335278,16.349444,"Pacific Lowlands province","Pereskiopsis"
3308420081,"Pilosocereus chrysacanthus","Oaxaca",90,"31","7","1985","IBUNAM","557386","_ngel Salvador Arias Montes",-96.488056,17.326389,"Balsas Basin province","Pilosocereus"
3308420091,"Opuntia tomentosa","Oaxaca",NA,"8","8","1985","IBUNAM","557650","_ngel Salvador Arias Montes",-97.418194,17.690472,"Sierra Madre del Sur province","Opuntia"
3308421954,"Mammillaria mystax","Oaxaca",90,"8","8","1985","IBUNAM","557014","Leonardo Ulises Guzm_n Cruz",-97.41819,17.69047,"Sierra Madre del Sur province","Mammillaria"
3308425100,"Opuntia pilifera","Oaxaca",100,"30","10","1987","IBUNAM","552997","_ngel Salvador Arias Montes",-96.650556,17.054167,"Balsas Basin province","Opuntia"
3308425110,"Opuntia decumbens","Oaxaca",100,"12","2","1979","IBUNAM","553295","_ngel Salvador Arias Montes",-95.126944,16.218333,"Pacific Lowlands province","Opuntia"
3308426617,"Opuntia pilifera","Oaxaca",100,"26","3","1987","IBUNAM","665714","A. Flores Mart_nez",-96.338611,16.596667,"Sierra Madre del Sur province","Opuntia"
3308442113,"Cephalocereus apicicephalium","Oaxaca",100,"6","11","1990","IBUNAM","608472","S. Gama L.",-96.231565,16.480214,"Sierra Madre del Sur province","Cephalocereus"
3308456712,"Acanthocereus tetragonus","Oaxaca",100,"10","9","1995","IBUNAM","750536","J. Reyes",-94.94722,16.64167,"Pacific Lowlands province","Acanthocereus"
3308459797,"Mammillaria karwinskiana","Oaxaca",NA,"22","8","1990","IBUNAM","650616","David Hunt",-96.55,17.883333,"Veracruzan province","Mammillaria"
3308464139,"Pachycereus weberi","Oaxaca",NA,"4","9","1992","IBUNAM","787537","_ngel Salvador Arias Montes",-96.839444,17.489528,"Balsas Basin province","Pachycereus"
3308464296,"Mammillaria dixanthocentron","Oaxaca",NA,"12","9","1991","IBUNAM","791385","U. Guzman",-97.067611,18.066028,"Balsas Basin province","Mammillaria"
3308465207,"Mammillaria haageana","Oaxaca",90,"26","10","1990","IBUNAM","791362","U. Guzman",-97.73333,18.16667,"Balsas Basin province","Mammillaria"
3308465887,"Coryphantha pallida","Oaxaca",NA,"30","7","1991","IBUNAM","768865","NO DISPONIBLE",-97.022583,17.412861,"Sierra Madre del Sur province","Coryphantha"
3308466443,"Coryphantha pallida","Oaxaca",90,"20","7","1993","IBUNAM","768864","Leonardo Ulises Guzm_n Cruz",-97.43075,17.67267,"Sierra Madre del Sur province","Coryphantha"
3308470829,"Mammillaria flavicentra","Oaxaca",90,"29","7","1991","IBUNAM","791363","U. Guzman",-97.217,17.45,"Sierra Madre del Sur province","Mammillaria"
3308470836,"Mammillaria polyedra","Oaxaca",90,"25","3","1994","IBUNAM","791590","Leonardo Ulises Guzm_n Cruz",-96.86667,17.71667,"Sierra Madre del Sur province","Mammillaria"
3308475616,"Escontria chiotilla","Oaxaca",90,"5","9","1992","IBUNAM","787522","_ngel Salvador Arias Montes",-96.83333,17.48333,"Balsas Basin province","Escontria"
3308475728,"Ferocactus macrodiscus","Oaxaca",90,"22","10","1990","IBUNAM","790183","_ngel Salvador Arias Montes",-97.4465,17.6784,"Sierra Madre del Sur province","Ferocactus"
3308481955,"Mammillaria voburnensis","Oaxaca",100,"26","10","1995","IBUNAM","704095","U. Guzman",-95.01389,16.67306,"Pacific Lowlands province","Mammillaria"
3308484893,"Opuntia velutina","Oaxaca",NA,"13","5","1981","IBUNAM","835234","_ngel Salvador Arias Montes",-97.653861,18.211111,"Balsas Basin province","Opuntia"
3308496409,"Opuntia decumbens","Oaxaca",90,"25","3","1991","IBUNAM","832154","_ngel Salvador Arias Montes",-96.95,17.817,"Sierra Madre del Sur province","Opuntia"
3308509504,"Coryphantha pallida","Oaxaca",90,"4","12","1992","IBUNAM","768862","NO DISPONIBLE",-97.391667,17.725,"Sierra Madre del Sur province","Coryphantha"
3308509505,"Coryphantha pallida","Oaxaca",90,"5","6","1993","IBUNAM","768867","Balbina V_zquez B.",-97.48333,17.81667,"Sierra Madre del Sur province","Coryphantha"
3308514676,"Peniocereus fosterianus","Oaxaca",100,"18","7","1996","IBUNAM","743096","J. Reyes",-95.02778,16.68083,"Pacific Lowlands province","Peniocereus"
3308517990,"Coryphantha retusa","Oaxaca",NA,"24","10","1990","IBUNAM","771944","NO DISPONIBLE",-97.221056,17.47375,"Sierra Madre del Sur province","Coryphantha"
3308521251,"Epiphyllum hookeri","Oaxaca",100,"8","8","1997","IBUNAM","926508","E. A. P_rez G.",-94.98528,16.65389,"Pacific Lowlands province","Epiphyllum"
3308521799,"Aporocactus martianus","Oaxaca",100,"8","7","1997","IBUNAM","930170","Carlos G_mez Hinostrosa",-96.30111,16.30222,"Pacific Lowlands province","Aporocactus"
3308523554,"Mammillaria crucigera","Oaxaca",NA,"28","10","1991","IBUNAM","790177","U. Guzman",-97.073917,18.09575,"Balsas Basin province","Mammillaria"
3308523600,"Mammillaria albilanata","Oaxaca",NA,"7","12","1993","IBUNAM","791366","U. Guzman",-97.113333,17.791694,"Balsas Basin province","Mammillaria"
3308523601,"Mammillaria haageana","Oaxaca",90,"4","4","1993","IBUNAM","791368","Leonardo Ulises Guzm_n Cruz",-97.32272,18.07442,"Sierra Madre del Sur province","Mammillaria"
3308525539,"Melocactus curvispinus","Oaxaca",100,"9","4","1998","IBUNAM","913328","NO DISPONIBLE",-95.01111,16.63556,"Pacific Lowlands province","Melocactus"
3308527769,"Mammillaria haageana","Oaxaca",90,"21","10","1990","IBUNAM","791379","Leonardo Ulises Guzm_n Cruz",-97.55881,17.67122,"Sierra Madre del Sur province","Mammillaria"
3308527771,"Mammillaria kraehenbuehlii","Oaxaca",90,"3","4","1993","IBUNAM","791395","Leonardo Ulises Guzm_n Cruz",-97.34492,18.05725,"Sierra Madre del Sur province","Mammillaria"
3308528586,"Mammillaria albilanata","Oaxaca",NA,"13","12","1993","IBUNAM","791367","U. Guzman",-97.035,17.676028,"Sierra Madre del Sur province","Mammillaria"
3308528587,"Mammillaria flavicentra","Oaxaca",NA,"31","7","1991","IBUNAM","791386","U. Guzman",-96.893222,17.84625,"Sierra Madre del Sur province","Mammillaria"
3308530286,"Stenocereus pruinosus","Oaxaca",90,"12","12","1993","IBUNAM","837954","_ngel Salvador Arias Montes",-97.083,18.067,"Balsas Basin province","Stenocereus"
3308539272,"Opuntia depressa","Oaxaca",90,"29","11","1990","IBUNAM","832148","_ngel Salvador Arias Montes",-97.117,17.833,"Balsas Basin province","Opuntia"
3308544971,"Disocactus ackermannii","Oaxaca",90,"1","4","1998","IBUNAM","981484","Carlos G_mez Hinostrosa",-96.03333,17.3,"Sierra Madre del Sur province","Disocactus"
3308547488,"Opuntia pubescens","Oaxaca",90,"29","5","1992","IBUNAM","835262","_ngel Salvador Arias Montes",-97,17.383,"Sierra Madre del Sur province","Opuntia"
3308556308,"Opuntia decumbens","Oaxaca",NA,"2","12","1993","IBUNAM","832158","_ngel Salvador Arias Montes",-97.021861,17.523917,"Balsas Basin province","Opuntia"
3308557438,"Mammillaria haageana","Oaxaca",90,"3","3","1997","IBUNAM","858296","_ngel Salvador Arias Montes",-97.95178,17.45153,"Sierra Madre del Sur province","Mammillaria"
3308561794,"Pereskiopsis diguetii","Oaxaca",100,"16","8","1994","IBUNAM","871994","NO DISPONIBLE",-96.239722,15.690833,"Pacific Lowlands province","Pereskiopsis"
3308569369,"Opuntia decumbens","Oaxaca",90,"19","4","2002","IBUNAM","1041031","_ngel Salvador Arias Montes",-96.95111,17.71417,"Balsas Basin province","Opuntia"
3308570032,"Opuntia pubescens","Oaxaca",90,"24","5","2002","IBUNAM","1056618","_ngel Salvador Arias Montes",-96.94047,17.70969,"Balsas Basin province","Opuntia"
3308573395,"Opuntia velutina","Oaxaca",90,"6","8","2002","IBUNAM","1041562","_ngel Salvador Arias Montes",-96.95067,17.713,"Balsas Basin province","Opuntia"
3308573714,"Opuntia velutina","Oaxaca",100,"14","5","1998","IBUNAM","1049776","E. Hunn",-96.29667,16.27,"Sierra Madre del Sur province","Opuntia"
3308574344,"Mammillaria karwinskiana","Oaxaca",100,"21","7","2001","IBUNAM","1026635","U. Guzman",-96.30778,16.67333,"Pacific Lowlands province","Mammillaria"
3308574717,"Escontria chiotilla","Oaxaca",90,"15","4","2002","IBUNAM","1035573","_ngel Salvador Arias Montes",-96.93333,17.74917,"Balsas Basin province","Escontria"
3308575652,"Opuntia decumbens","Oaxaca",100,"22","1","1999","IBUNAM","917578","Leonardo Ulises Guzm_n Cruz",-94.486944,16.201389,"Pacific Lowlands province","Opuntia"
3308577024,"Mammillaria haageana","Oaxaca",90,"19","12","1995","IBUNAM","900926","_ngel Salvador Arias Montes",-97.95,17.43333,"Sierra Madre del Sur province","Mammillaria"
3308578436,"Disocactus ackermannii","Oaxaca",90,"16","5","2002","IBUNAM","1067481","Carlos G_mez Hinostrosa",-96.67639,17.73944,"Sierra Madre del Sur province","Disocactus"
3308578493,"Mammillaria voburnensis","Oaxaca",100,"31","10","2002","IBUNAM","1068664","NO DISPONIBLE",-94.95681,16.602,"Pacific Lowlands province","Mammillaria"
3308595325,"Opuntia dejecta","Oaxaca",100,"3","12","1999","IBUNAM","958013","_ngel Salvador Arias Montes",-95.58028,15.96333,"Pacific Lowlands province","Opuntia"
3308596054,"Mammillaria dixanthocentron","Oaxaca",NA,"25","1","2000","IBUNAM","975091","_ngel Salvador Arias Montes",-97.065972,18.085844,"Balsas Basin province","Mammillaria"
3308596067,"Mammillaria solisioides","Oaxaca",90,"23","11","1999","IBUNAM","975314","_ngel Salvador Arias Montes",-97.8,17.933333,"Balsas Basin province","Mammillaria"
3308600399,"Mammillaria crucigera","Oaxaca",90,"11","4","2000","IBUNAM","1105847","U. Guzman",-97.033,17.95,"Balsas Basin province","Mammillaria"
3308607230,"Coryphantha pallida","Oaxaca",NA,"21","4","1990","IBUNAM","978079","Balbina V_zquez B.",-97.171361,17.360722,"Sierra Madre del Sur province","Coryphantha"
3308616283,"Opuntia decumbens","Oaxaca",100,NA,NA,NA,"IBUNAM","1026779","",-96.03861,16.60083,"Pacific Lowlands province","Opuntia"
3308616749,"Opuntia huajuapensis","Oaxaca",NA,"20","5","2000","IBUNAM","990434","_ngel Salvador Arias Montes",-97.450611,17.616111,"Sierra Madre del Sur province","Opuntia"
3308618081,"Pereskia lychnidiflora","Oaxaca",100,"8","10","2004","IBUNAM","1186064","_ngel Salvador Arias Montes",-96.16892,15.74086,"Pacific Lowlands province","Pereskia"
3308619173,"Opuntia lasiacantha","Oaxaca",90,"15","4","2003","IBUNAM","1175407","NO DISPONIBLE",-96.44222,17.30032,"Balsas Basin province","Opuntia"
3308621627,"Disocactus ackermannii","Oaxaca",90,"17","12","2004","IBUNAM","1180144","Cutberto _ngel Cruz Espinosa",-96.9252,17.91097,"Sierra Madre del Sur province","Disocactus"
3308621628,"Mammillaria albilanata","Oaxaca",90,"29","10","2004","IBUNAM","1180151","U. Guzman",-96.95139,17.53406,"Sierra Madre del Sur province","Mammillaria"
3308621957,"Opuntia pubescens","Oaxaca",100,"4","6","1997","IBUNAM","1188014","Carlos G_mez Hinostrosa",-96.28556,16.30056,"Sierra Madre del Sur province","Opuntia"
3308622888,"Pereskiopsis diguetii","Oaxaca",100,"1","5","1994","IBUNAM","1047320","_ngel Salvador Arias Montes",-95.38333,16.33333,"Pacific Lowlands province","Pereskiopsis"
3308626149,"Pereskiopsis kellermanii","Oaxaca",100,"18","5","1995","IBUNAM","1047314","_ngel Salvador Arias Montes",-95.82361,16.34611,"Pacific Lowlands province","Pereskiopsis"
3308627239,"Mammillaria voburnensis","Oaxaca",100,"21","7","2001","IBUNAM","1026752","Carlos G_mez Hinostrosa",-95.85278,16.44417,"Pacific Lowlands province","Mammillaria"
3308628281,"Mammillaria mystax","Oaxaca",90,"9","8","2006","IBUNAM","1215521","_ngel Salvador Arias Montes",-97.6838,18.17803,"Balsas Basin province","Mammillaria"
3308630116,"Mammillaria flavicentra","Oaxaca",90,"29","4","2007","IBUNAM","1212896","U. Guzman",-97.46611,17.46419,"Sierra Madre del Sur province","Mammillaria"
3308630236,"Escontria chiotilla","Oaxaca",90,"9","8","2006","IBUNAM","1215593","_ngel Salvador Arias Montes",-97.65243,18.21153,"Balsas Basin province","Escontria"
3308630337,"Mammillaria supertexta","Oaxaca",90,"14","12","2000","IBUNAM","1026944","_ngel Salvador Arias Montes",-96.97861,17.85583,"Balsas Basin province","Mammillaria"
3308632660,"Opuntia karwinskiana","Oaxaca",100,"24","3","2006","IBUNAM","1189361","",-98.217,16.346,"Pacific Lowlands province","Opuntia"
3308634250,"Peniocereus oaxacensis","Oaxaca",100,"19","4","2000","IBUNAM","1084975","Carlos G_mez Hinostrosa",-95.90861,15.86389,"Pacific Lowlands province","Peniocereus"
3308634449,"Ferocactus recurvus","Oaxaca",NA,"1","11","2001","IBUNAM","1034225","_ngel Salvador Arias Montes",-97.550917,18.032306,"Sierra Madre del Sur province","Ferocactus"
3308634843,"Mammillaria sphacelata","Oaxaca",90,"26","5","2002","IBUNAM","1043838","Leonardo Ulises Guzm_n Cruz",-96.965,17.70511,"Balsas Basin province","Mammillaria"
3308635045,"Mammillaria sphacelata","Oaxaca",90,"27","3","1994","IBUNAM","1048995","Leonardo Ulises Guzm_n Cruz",-97.33717,18.09725,"Sierra Madre del Sur province","Mammillaria"
3308639077,"Opuntia decumbens","Oaxaca",90,"8","6","2006","IBUNAM","1221898","_ngel Salvador Arias Montes",-96.95081,17.90964,"Sierra Madre del Sur province","Opuntia"
3308639502,"Opuntia tomentosa","Oaxaca",90,"31","3","2006","IBUNAM","1221893","_ngel Salvador Arias Montes",-96.9334,17.91689,"Sierra Madre del Sur province","Opuntia"
3308642302,"Disocactus speciosus","Oaxaca",NA,"30","3","1992","IBUNAM","1204289","_ngel Salvador Arias Montes",-97.497694,17.832806,"Sierra Madre del Sur province","Disocactus"
3308642303,"Mammillaria flavicentra","Oaxaca",90,"29","7","1991","IBUNAM","1204293","U. Guzman",-97.217,17.483,"Sierra Madre del Sur province","Mammillaria"
3308650167,"Aporocactus martianus","Oaxaca",90,"25","6","1996","IBUNAM","1260619","_ngel Salvador Arias Montes",-96.53833,17.42667,"Balsas Basin province","Aporocactus"
3308652165,"Aporocactus martianus","Oaxaca",90,"1","6","1996","IBUNAM","1264285","_ngel Salvador Arias Montes",-96.93861,17.46667,"Sierra Madre del Sur province","Aporocactus"
3308652189,"Ferocactus macrodiscus","Oaxaca",90,"19","6","2007","IBUNAM","1265085","_ngel Salvador Arias Montes",-97.16812,17.21308,"Sierra Madre del Sur province","Ferocactus"
3308652190,"Ferocactus macrodiscus","Oaxaca",90,"5","10","2006","IBUNAM","1265086","_ngel Salvador Arias Montes",-97.31047,17.26035,"Sierra Madre del Sur province","Ferocactus"
3308652213,"Mammillaria haageana","Oaxaca",90,"20","6","2007","IBUNAM","1265753","_ngel Salvador Arias Montes",-97.304583,17.182383,"Sierra Madre del Sur province","Mammillaria"
3308652709,"Epiphyllum anguliger","Oaxaca",100,"6","6","2005","IBUNAM","1237546","_ngel Salvador Arias Montes",-96.11014,16.01089,"Sierra Madre del Sur province","Epiphyllum"
3308653740,"Mammillaria dixanthocentron","Oaxaca",NA,"26","5","2002","IBUNAM","1127149","U. Guzman",-96.965,17.705111,"Balsas Basin province","Mammillaria"
3308655683,"Pilosocereus collinsii","Oaxaca",100,"8","7","2007","IBUNAM","1274038","_ngel Salvador Arias Montes",-95.01339,16.61131,"Pacific Lowlands province","Pilosocereus"
3308655894,"Opuntia pilifera","Oaxaca",NA,"4","10","2006","IBUNAM","1278511","_ngel Salvador Arias Montes",-97.054167,17.4805,"Balsas Basin province","Opuntia"
3308655926,"Disocactus speciosus","Oaxaca",100,"15","8","2006","IBUNAM","1279280","Carlos G_mez Hinostrosa",-97.21936,16.72867,"Sierra Madre del Sur province","Disocactus"
3308655960,"Mammillaria flavicentra","Oaxaca",90,"15","7","2010","IBUNAM","1280140","_ngel Salvador Arias Montes",-97.16823,17.46575,"Sierra Madre del Sur province","Mammillaria"
3308656086,"Mammillaria flavicentra","Oaxaca",90,"10","3","2007","IBUNAM","1283285","U. Guzman",-97.05032,17.484611,"Balsas Basin province","Mammillaria"
3308656600,"Coryphantha pallida","Oaxaca",90,"29","9","2002","IBUNAM","1117798","NO DISPONIBLE",-96.95639,17.68306,"Balsas Basin province","Coryphantha"
3308657010,"Opuntia pilifera","Oaxaca",90,"26","5","2002","IBUNAM","1127267","Cutberto _ngel Cruz Espinosa",-96.92181,17.717,"Balsas Basin province","Opuntia"
3308657949,"Ferocactus macrodiscus","Oaxaca",90,"21","6","2007","IBUNAM","1266789","_ngel Salvador Arias Montes",-97.22307,17.16078,"Sierra Madre del Sur province","Ferocactus"
3308658202,"Acanthocereus tetragonus","Oaxaca",90,"19","6","2007","IBUNAM","1273179","_ngel Salvador Arias Montes",-97.0307,17.515,"Balsas Basin province","Acanthocereus"
3308659601,"Stenocereus pruinosus","Oaxaca",NA,"19","2","1993","IBUNAM","1272739","_ngel Salvador Arias Montes",-96.980056,17.902917,"Balsas Basin province","Stenocereus"
3308659921,"Mammillaria dixanthocentron","Oaxaca",90,"14","7","1995","IBUNAM","1280099","_ngel Salvador Arias Montes",-97.02361,17.95556,"Balsas Basin province","Mammillaria"
3308660141,"Coryphantha pallida","Oaxaca",NA,"15","9","2007","IBUNAM","1285867","D. Aquino",-97.217472,17.4905,"Sierra Madre del Sur province","Coryphantha"
3308661752,"Peniocereus fosterianus","Oaxaca",100,"30","7","2006","IBUNAM","1279346","Carlos G_mez Hinostrosa",-96.21606,15.77303,"Pacific Lowlands province","Peniocereus"
3308661788,"Opuntia pubescens","Oaxaca",90,"26","10","1990","IBUNAM","1280080","_ngel Salvador Arias Montes",-97.74167,18.17833,"Balsas Basin province","Opuntia"
3308661791,"Opuntia huajuapensis","Oaxaca",90,"16","7","2010","IBUNAM","1280145","_ngel Salvador Arias Montes",-97.13602,17.65175,"Sierra Madre del Sur province","Opuntia"
3308662066,"Coryphantha pallida","Oaxaca",90,"2","10","2006","IBUNAM","1286788","D. Aquino",-97.2012,17.47719,"Sierra Madre del Sur province","Coryphantha"
3308662376,"Mammillaria karwinskiana","Oaxaca",100,"11","3","2006","IBUNAM","1252893","_ngel Salvador Arias Montes",-96.64853,16.85522,"Balsas Basin province","Mammillaria"
3308662894,"Mammillaria flavicentra","Oaxaca",90,"10","3","2007","IBUNAM","1265751","U. Guzman",-97.06133,17.46786,"Sierra Madre del Sur province","Mammillaria"
3308662895,"Opuntia huajuapensis","Oaxaca",90,"19","6","2007","IBUNAM","1265752","_ngel Salvador Arias Montes",-97.18534,17.25942,"Sierra Madre del Sur province","Opuntia"
3308663194,"Mammillaria flavicentra","Oaxaca",NA,"6","8","1989","IBUNAM","1272987","U. Guzman",-96.950833,17.34,"Sierra Madre del Sur province","Mammillaria"
3308663211,"Pachycereus weberi","Oaxaca",90,"23","6","2009","IBUNAM","1273377","",-96.95361,17.92333,"Balsas Basin province","Pachycereus"
3308664427,"Opuntia depressa","Oaxaca",90,"25","5","2002","IBUNAM","1117800","_ngel Salvador Arias Montes",-96.95722,17.69644,"Balsas Basin province","Opuntia"
3308665617,"Peniocereus oaxacensis","Oaxaca",100,"27","6","2009","IBUNAM","1297428","Carlos G_mez Hinostrosa",-95.71717,15.98103,"Pacific Lowlands province","Peniocereus"
3308666423,"Disocactus speciosus","Oaxaca",100,"4","4","2006","IBUNAM","1278600","Carlos G_mez Hinostrosa",-97.62353,16.91486,"Sierra Madre del Sur province","Disocactus"
3308667739,"Mammillaria huitzilopochtli","Oaxaca",NA,"25","3","2004","IBUNAM","1148085","_ngel Salvador Arias Montes",-96.950556,17.788028,"Balsas Basin province","Mammillaria"
3308667740,"Mammillaria dixanthocentron","Oaxaca",NA,"9","10","2002","IBUNAM","1148088","_ngel Salvador Arias Montes",-97.054167,18.018556,"Balsas Basin province","Mammillaria"
3308669767,"Mammillaria zephyranthoides","Oaxaca",NA,"29","7","1991","IBUNAM","1301497","_ngel Salvador Arias Montes",-97.21944,17.45833,"Sierra Madre del Sur province","Mammillaria"
3308670154,"Mammillaria karwinskiana","Oaxaca",100,"16","3","2009","IBUNAM","1311628","Carlos G_mez Hinostrosa",-95.89594,16.65608,"Pacific Lowlands province","Mammillaria"
3308672465,"Opuntia tomentosa","Oaxaca",90,"19","6","2007","IBUNAM","1279120","D. Aquino",-97.18363,17.20273,"Sierra Madre del Sur province","Opuntia"
3308672509,"Opuntia tomentosa","Oaxaca",90,"17","7","2010","IBUNAM","1280110","_ngel Salvador Arias Montes",-97.05168,17.54156,"Sierra Madre del Sur province","Opuntia"
3308672742,"Coryphantha pallida","Oaxaca",90,"5","10","2006","IBUNAM","1285873","NO DISPONIBLE",-97.3275,17.41747,"Sierra Madre del Sur province","Coryphantha"
3308672744,"Coryphantha pallida","Oaxaca",90,"4","10","2006","IBUNAM","1285875","D. Aquino",-97.06133,17.46744,"Sierra Madre del Sur province","Coryphantha"
3308672856,"Mammillaria polyedra","Oaxaca",90,"2","10","2006","IBUNAM","1288325","_ngel Salvador Arias Montes",-97.05026,17.5527,"Sierra Madre del Sur province","Mammillaria"
3308672947,"Opuntia pilifera","Oaxaca",90,"11","11","2009","IBUNAM","1290489","L. Scheinvar",-97.33864,18.01936,"Sierra Madre del Sur province","Opuntia"
3308673879,"Coryphantha elephantidens","Oaxaca",100,"10","8","1998","IBUNAM","1179773","E. Hunn",-96.30167,16.29333,"Pacific Lowlands province","Coryphantha"
3308674182,"Opuntia auberi","Oaxaca",100,"31","3","2005","IBUNAM","1186057","L. Scheinvar",-96.15917,15.73347,"Pacific Lowlands province","Opuntia"
3308674550,"Opuntia karwinskiana","Oaxaca",100,"18","2","2001","IBUNAM","1320948","E. A. P_rez G.",-94.99778,16.67694,"Pacific Lowlands province","Opuntia"
3308674729,"Opuntia dejecta","Oaxaca",100,"20","12","2001","IBUNAM","1325598","_ngel Salvador Arias Montes",-94.61111,16.38722,"Pacific Lowlands province","Opuntia"
3308674770,"Stenocereus pruinosus","Oaxaca",90,"1","4","1992","IBUNAM","1326621","_ngel Salvador Arias Montes",-97.06761,18.06603,"Balsas Basin province","Stenocereus"
3308674804,"Opuntia decumbens","Oaxaca",100,"9","8","2002","IBUNAM","1327295","C. Gom_z",-94.97889,16.74297,"Pacific Lowlands province","Opuntia"
3308675016,"Acanthocereus tetragonus","Oaxaca",100,"14","9","2002","IBUNAM","1332765","_ngel Salvador Arias Montes",-94.96508,16.62031,"Pacific Lowlands province","Acanthocereus"
3308677863,"Opuntia pubescens","Oaxaca",90,"22","5","2003","IBUNAM","1153000","Carlos G_mez Hinostrosa",-97.67181,17.61619,"Sierra Madre del Sur province","Opuntia"
3308678547,"Peniocereus fosterianus","Oaxaca",100,"15","8","1988","IBUNAM","1165852","Carlos G_mez Hinostrosa",-96.083,15.817,"Pacific Lowlands province","Peniocereus"
3308679767,"Opuntia pubescens","Oaxaca",100,"12","5","2009","IBUNAM","1327293","C. Gom_z",-96.04453,16.50478,"Pacific Lowlands province","Opuntia"
3308680690,"Opuntia decumbens","Oaxaca",100,"14","6","2009","IBUNAM","1327297","Carlos G_mez Hinostrosa",-95.98236,16.58661,"Pacific Lowlands province","Opuntia"
3308681998,"Mammillaria polyedra","Oaxaca",90,"6","4","2003","IBUNAM","1175405","D. Aquino",-96.45886,17.30289,"Balsas Basin province","Mammillaria"
3308684716,"Opuntia tehuantepecana","Oaxaca",100,"1","10","2010","IBUNAM","1349601","C. Gom_z",-95.71325,15.97447,"Pacific Lowlands province","Opuntia"
3308686262,"Disocactus ackermannii","Oaxaca",90,"19","2","2005","IBUNAM","1186140","_ngel Salvador Arias Montes",-96.92778,17.90833,"Sierra Madre del Sur province","Disocactus"
3308686263,"Pereskiopsis kellermanii","Oaxaca",100,"10","9","2004","IBUNAM","1186146","_ngel Salvador Arias Montes",-96.21728,15.69964,"Pacific Lowlands province","Pereskiopsis"
3308686390,"Stenocereus treleasei","Oaxaca",90,"11","8","2011","IBUNAM","1328888","_ngel Salvador Arias Montes",-97.02092,17.41931,"Sierra Madre del Sur province","Stenocereus"
3308688079,"Peniocereus oaxacensis","Oaxaca",100,"17","6","2002","IBUNAM","1361720","Carlos G_mez Hinostrosa",-95.32556,16.365,"Pacific Lowlands province","Peniocereus"
3308689430,"Peniocereus oaxacensis","Oaxaca",100,"8","9","2004","IBUNAM","1186063","_ngel Salvador Arias Montes",-96.14911,15.75389,"Pacific Lowlands province","Peniocereus"
3308691473,"Opuntia auberi","Oaxaca",100,"11","1","2005","IBUNAM","1186000","L. Scheinvar",-96.19044,15.76522,"Pacific Lowlands province","Opuntia"
3308691475,"Opuntia auberi","Oaxaca",100,"3","6","2005","IBUNAM","1186055","L. Scheinvar",-96.24278,15.73133,"Pacific Lowlands province","Opuntia"
3308691476,"Opuntia auberi","Oaxaca",100,"30","11","2004","IBUNAM","1186061","L. Scheinvar",-96.16631,15.75503,"Pacific Lowlands province","Opuntia"
3308695085,"Mammillaria haageana","Oaxaca",100,"7","1","2011","IBUNAM","1385153","Carlos G_mez Hinostrosa",-96.9162,17.03131,"Sierra Madre del Sur province","Mammillaria"
3308695685,"Stenocereus pruinosus","Oaxaca",100,"2","4","2009","IBUNAM","1359486","Carlos G_mez Hinostrosa",-95.57653,15.95589,"Pacific Lowlands province","Stenocereus"
3308695696,"Mammillaria haageana","Oaxaca",100,"9","5","2006","IBUNAM","1359734","Carlos G_mez Hinostrosa",-97.58125,16.90128,"Sierra Madre del Sur province","Mammillaria"
3308699669,"Pilosocereus chrysacanthus","Oaxaca",90,"9","8","2006","IBUNAM","1215522","_ngel Salvador Arias Montes",-97.68238,18.17927,"Balsas Basin province","Pilosocereus"
3308700085,"Aporocactus martianus","Oaxaca",90,"9","3","2001","IBUNAM","1225201","J. Reyes",-96.42583,17.22778,"Sierra Madre del Sur province","Aporocactus"
3308704182,"Opuntia tomentosa","Oaxaca",90,"24","7","1989","IBUNAM","1256869","D. Aquino",-97.86667,17.31667,"Sierra Madre del Sur province","Opuntia"
3308705290,"Acanthocereus tetragonus","Oaxaca",100,"3","9","2014","IBUNAM","1429109","Carlos G_mez Hinostrosa",-94.9517,16.615,"Pacific Lowlands province","Acanthocereus"
3308706480,"Stenocereus pruinosus","Oaxaca",100,"3","3","2002","IBUNAM","1215270","J. Reyes",-95.83742,15.86819,"Pacific Lowlands province","Stenocereus"
3308707798,"Cephalocereus apicicephalium","Oaxaca",100,"16","3","2012","IBUNAM","1404304","_ngel Salvador Arias Montes",-96.127313,16.676255,"Pacific Lowlands province","Cephalocereus"
3308712475,"Ferocactus macrodiscus","Oaxaca",90,"2","10","2006","IBUNAM","1265091","_ngel Salvador Arias Montes",-97.1638,17.5237,"Sierra Madre del Sur province","Ferocactus"
3308712488,"Mammillaria flavicentra","Oaxaca",90,"2","10","2006","IBUNAM","1265533","U. Guzman",-97.2013,17.46772,"Sierra Madre del Sur province","Mammillaria"
3308712507,"Aporocactus martianus","Oaxaca",90,"25","6","1996","IBUNAM","1265919","_ngel Salvador Arias Montes",-96.48472,17.325,"Balsas Basin province","Aporocactus"
3308712575,"Pilosocereus chrysacanthus","Oaxaca",90,"4","12","1992","IBUNAM","1267629","_ngel Salvador Arias Montes",-97.6836,18.1725,"Balsas Basin province","Pilosocereus"
3308712729,"Opuntia depressa","Oaxaca",NA,"18","12","2000","IBUNAM","1271460","_ngel Salvador Arias Montes",-96.841667,17.836389,"Sierra Madre del Sur province","Opuntia"
3308712895,"Mammillaria carnea","Oaxaca",NA,"7","3","2007","IBUNAM","1276190","_ngel Salvador Arias Montes",-97.064944,17.376278,"Sierra Madre del Sur province","Mammillaria"
3308713061,"Coryphantha pallida","Oaxaca",NA,"30","12","2005","IBUNAM","1280144","D. Aquino",-97.217483,17.319028,"Sierra Madre del Sur province","Coryphantha"
3308713102,"Acanthocereus tetragonus","Oaxaca",100,"23","7","2004","IBUNAM","1281534","",-94.98639,16.6625,"Pacific Lowlands province","Acanthocereus"
3308713279,"Coryphantha pallida","Oaxaca",90,"4","10","2006","IBUNAM","1285859","D. Aquino",-97.03527,17.43858,"Sierra Madre del Sur province","Coryphantha"
3308713280,"Coryphantha pallida","Oaxaca",90,"2","10","2006","IBUNAM","1285860","NO DISPONIBLE",-97.05275,17.58317,"Sierra Madre del Sur province","Coryphantha"
3308713466,"Disocactus ackermannii","Oaxaca",90,"31","3","1994","IBUNAM","1234324","Carlos G_mez Hinostrosa",-96.55667,17.665,"Sierra Madre del Sur province","Disocactus"
3308716341,"Rhipsalis baccifera","Oaxaca",90,"17","12","2004","IBUNAM","1236292","_ngel Salvador Arias Montes",-96.93944,17.91583,"Sierra Madre del Sur province","Rhipsalis"
3308717257,"Disocactus macranthus","Oaxaca",100,"27","7","1986","IBUNAM","1257720","Carlos G_mez Hinostrosa",-94.267,16.667,"Chiapas Highlands province","Disocactus"
3308719044,"Mammillaria polyedra","Oaxaca",90,"14","3","2007","IBUNAM","1252891","U. Guzman",-96.92717,17.61147,"Balsas Basin province","Mammillaria"
3308719339,"Neobuxbaumia scoparia","Oaxaca",100,"4","9","2014","IBUNAM","1429110","Carlos G_mez Hinostrosa",-94.9144,16.59944,"Pacific Lowlands province","Neobuxbaumia"
3308720783,"Opuntia depressa","Oaxaca",100,"20","6","2007","IBUNAM","1267120","_ngel Salvador Arias Montes",-97.30295,17.065133,"Sierra Madre del Sur province","Opuntia"
3308724815,"Ferocactus macrodiscus","Oaxaca",90,"20","6","2007","IBUNAM","1265084","_ngel Salvador Arias Montes",-97.2993,17.25259,"Sierra Madre del Sur province","Ferocactus"
3308724844,"Mammillaria dixanthocentron","Oaxaca",90,"10","3","2007","IBUNAM","1265789","_ngel Salvador Arias Montes",-97.0568,17.4713,"Sierra Madre del Sur province","Mammillaria"
3308724900,"Ferocactus recurvus","Oaxaca",90,"21","6","2007","IBUNAM","1267231","_ngel Salvador Arias Montes",-97.17611,17.21331,"Sierra Madre del Sur province","Ferocactus"
3308727089,"Mammillaria flavicentra","Oaxaca",NA,"19","6","2007","IBUNAM","1278509","U. Guzman",-97.172278,17.173639,"Sierra Madre del Sur province","Mammillaria"
3308727096,"Epiphyllum anguliger","Oaxaca",100,"4","5","2006","IBUNAM","1278715","J. Reyes",-96.12369,15.98903,"Sierra Madre del Sur province","Epiphyllum"
3308727233,"Mammillaria flavicentra","Oaxaca",90,"9","3","2007","IBUNAM","1281961","_ngel Salvador Arias Montes",-97.3351,17.36938,"Sierra Madre del Sur province","Mammillaria"
3308727286,"Mammillaria polyedra","Oaxaca",90,"10","3","2007","IBUNAM","1282994","_ngel Salvador Arias Montes",-97.06133,17.47861,"Balsas Basin province","Mammillaria"
3308728852,"Myrtillocactus schenckii","Oaxaca",90,"4","10","2006","IBUNAM","1273613","_ngel Salvador Arias Montes",-97.06133,17.47442,"Sierra Madre del Sur province","Myrtillocactus"
3308728854,"Pachycereus pecten-aboriginum","Oaxaca",100,"24","7","2007","IBUNAM","1273616","_ngel Salvador Arias Montes",-94.98442,16.68278,"Pacific Lowlands province","Pachycereus"
3308729058,"Epiphyllum anguliger","Oaxaca",100,"9","1","2006","IBUNAM","1279341","J. Reyes",-96.10983,16.00336,"Sierra Madre del Sur province","Epiphyllum"
3308729089,"Mammillaria flavicentra","Oaxaca",90,"16","7","2010","IBUNAM","1280121","U. Guzman",-97.198,17.60393,"Sierra Madre del Sur province","Mammillaria"
3308730305,"Mammillaria karwinskiana","Oaxaca",90,"11","3","2007","IBUNAM","1279734","_ngel Salvador Arias Montes",-97.2316,17.3336,"Sierra Madre del Sur province","Mammillaria"
3308730325,"Mammillaria supertexta","Oaxaca",90,"18","11","1994","IBUNAM","1280151","_ngel Salvador Arias Montes",-96.98194,17.88833,"Balsas Basin province","Mammillaria"
3308731397,"Ferocactus recurvus","Oaxaca",100,"15","3","2012","IBUNAM","1449190","_ngel Salvador Arias Montes",-96.3819,16.91353,"Balsas Basin province","Ferocactus"
3308732722,"Acanthocereus tetragonus","Oaxaca",100,"8","8","2002","IBUNAM","1321203","Jorge Meave del Castillo",-95.00722,16.66472,"Pacific Lowlands province","Acanthocereus"
3308735400,"Opuntia pilifera","Oaxaca",100,"13","4","2009","IBUNAM","1286170","Carlos G_mez Hinostrosa",-95.88867,16.63572,"Pacific Lowlands province","Opuntia"
3308736222,"Mammillaria albilanata","Oaxaca",NA,"23","9","2010","IBUNAM","1305529","U. Guzman",-97.180833,17.822222,"Sierra Madre del Sur province","Mammillaria"
3308736324,"Coryphantha pallida","Oaxaca",90,"11","3","2007","IBUNAM","1285885","Balbina V_zquez B.",-97.21692,17.33337,"Sierra Madre del Sur province","Coryphantha"
3308736593,"Disocactus ackermannii","Oaxaca",90,"19","4","2008","IBUNAM","1292642","Jaime Rivera H.",-96.67361,17.74028,"Sierra Madre del Sur province","Disocactus"
3308738185,"Acanthocereus tetragonus","Oaxaca",100,"22","7","2005","IBUNAM","1324995","_ngel Salvador Arias Montes",-96.15108,15.745,"Pacific Lowlands province","Acanthocereus"
3308738274,"Mammillaria rekoi","Oaxaca",100,"20","8","2009","IBUNAM","1326987","Carlos G_mez Hinostrosa",-95.95258,16.54683,"Sierra Madre del Sur province","Mammillaria"
3308738671,"Opuntia karwinskiana","Oaxaca",100,"10","12","2010","IBUNAM","1345134","Carlos G_mez Hinostrosa",-95.52817,15.96817,"Pacific Lowlands province","Opuntia"
3308739045,"Cephalocereus apicicephalium","Oaxaca",100,"23","4","2012","IBUNAM","1354175","Carlos G_mez Hinostrosa",-95.360988,16.44286,"Pacific Lowlands province","Cephalocereus"
3308739267,"Peniocereus oaxacensis","Oaxaca",100,"25","5","2006","IBUNAM","1359490","Carlos G_mez Hinostrosa",-96.21681,15.77319,"Pacific Lowlands province","Peniocereus"
3308739276,"Aporocactus martianus","Oaxaca",100,"4","4","2006","IBUNAM","1359739","Carlos G_mez Hinostrosa",-97.62383,16.91047,"Sierra Madre del Sur province","Aporocactus"
3308739773,"Opuntia decumbens","Oaxaca",100,"17","3","2009","IBUNAM","1312132","Carlos G_mez Hinostrosa",-95.98158,16.54564,"Sierra Madre del Sur province","Opuntia"
3308740454,"Acanthocereus tetragonus","Oaxaca",100,"14","5","2009","IBUNAM","1311536","Carlos G_mez Hinostrosa",-95.98914,16.57658,"Pacific Lowlands province","Acanthocereus"
3308742153,"Acanthocereus tetragonus","Oaxaca",100,"7","6","2009","IBUNAM","1329981","Carlos G_mez Hinostrosa",-95.71058,16.03086,"Pacific Lowlands province","Acanthocereus"
3308744061,"Myrtillocactus schenckii","Oaxaca",100,"6","12","2010","IBUNAM","1347099","Carlos G_mez Hinostrosa",-95.93392,16.43056,"Pacific Lowlands province","Myrtillocactus"
3308744062,"Opuntia decumbens","Oaxaca",100,"5","1","2011","IBUNAM","1347102","Carlos G_mez Hinostrosa",-95.69911,16.00481,"Pacific Lowlands province","Opuntia"
3308744825,"Pereskiopsis diguetii","Oaxaca",100,"6","6","2009","IBUNAM","1339837","Carlos G_mez Hinostrosa",-95.65825,16.09361,"Pacific Lowlands province","Pereskiopsis"
3308747258,"Peniocereus oaxacensis","Oaxaca",100,"26","5","2006","IBUNAM","1359487","Carlos G_mez Hinostrosa",-96.19911,15.77847,"Pacific Lowlands province","Peniocereus"
3308747450,"Opuntia karwinskiana","Oaxaca",100,"27","5","2011","IBUNAM","1389222","",-96.6729,16.41636,"Balsas Basin province","Opuntia"
3308749694,"Opuntia decumbens","Oaxaca",90,"5","2","2009","IBUNAM","1359733","Carlos G_mez Hinostrosa",-97.93481,17.68619,"Sierra Madre del Sur province","Opuntia"
3308750373,"Opuntia pubescens","Oaxaca",100,"20","5","2009","IBUNAM","1359477","Carlos G_mez Hinostrosa",-96.39036,16.93472,"Sierra Madre del Sur province","Opuntia"
3308750389,"Disocactus speciosus","Oaxaca",100,"10","3","2010","IBUNAM","1359737","Carlos G_mez Hinostrosa",-96.23806,16.1345,"Sierra Madre del Sur province","Disocactus"
3308750694,"Mammillaria voburnensis","Oaxaca",100,"9","6","2002","IBUNAM","1366263","",-95.45278,16.40333,"Pacific Lowlands province","Mammillaria"
3308753514,"Mammillaria haageana","Oaxaca",100,"11","11","2011","IBUNAM","1383948","Carlos G_mez Hinostrosa",-96.9132,17.05483,"Sierra Madre del Sur province","Mammillaria"
3308754917,"Opuntia decumbens","Oaxaca",100,"21","5","2011","IBUNAM","1389429","L. Scheinvar",-98.2095,16.34861,"Pacific Lowlands province","Opuntia"
3308756187,"Aporocactus martianus","Oaxaca",90,"15","4","2012","IBUNAM","1402543","NO DISPONIBLE",-96.9479,17.47028,"Sierra Madre del Sur province","Aporocactus"
3308757530,"Acanthocereus tetragonus","Oaxaca",100,"10","12","2009","IBUNAM","1461429","_ngel Salvador Arias Montes",-96.9402,15.788,"Pacific Lowlands province","Acanthocereus"
3308761535,"Mammillaria karwinskiana","Oaxaca",100,"3","9","2014","IBUNAM","1429113","Carlos G_mez Hinostrosa",-94.9522,16.61444,"Pacific Lowlands province","Mammillaria"
3308764470,"Opuntia pubescens","Oaxaca",100,"2","7","2010","IBUNAM","1454145","Carlos G_mez Hinostrosa",-95.8833,16.44806,"Pacific Lowlands province","Opuntia"
3308765793,"Pereskia lychnidiflora","Oaxaca",100,"13","10","2013","IBUNAM","1469005","Kenia Velasco Guti_rrez",-95.3099,16.40295,"Pacific Lowlands province","Pereskia"
3314344435,"Coryphantha pallida","Oaxaca",10,"3","1","2021","iNaturalist","84222630","ricardo_munoz",-96.98797,17.735455,"Balsas Basin province","Coryphantha"
3320884497,"Ferocactus recurvus","Oaxaca",8,"5","11","2006","iNaturalist","81590224","cactus-d",-96.748817,16.951909,"Balsas Basin province","Ferocactus"
3321224606,"Mammillaria sphacelata","Oaxaca",126,"12","5","2021","iNaturalist","85285152","Miguel Casta_eda-Z_rate",-97.664981,18.199492,"Balsas Basin province","Mammillaria"
3325738443,"Mammillaria rekoi","Oaxaca",122,"5","7","2021","iNaturalist","86069353","Ulises Guzm_n",-96.319897,16.971685,"Sierra Madre del Sur province","Mammillaria"
3325950484,"Ferocactus recurvus","Oaxaca",NA,"6","10","2016","iNaturalist","86100090","Socorro Garcia M_ndez",-97.624416,18.122171,"Balsas Basin province","Ferocactus"
3327688134,"Myrtillocactus schenckii","Oaxaca",5,"11","7","2021","iNaturalist","86656722","Jose Antonio Aranda Pineda",-96.516212,17.042445,"Balsas Basin province","Myrtillocactus"
3327749406,"Pachycereus pecten-aboriginum","Oaxaca",126,"19","2","2021","iNaturalist","70789712","Pablo Carrillo-Reyes",-96.158944,15.766373,"Pacific Lowlands province","Pachycereus"
3327998085,"Neobuxbaumia tetetzo","Oaxaca",65,"11","7","2021","iNaturalist","86655890","Elliot Greiner",-96.516275,17.037191,"Balsas Basin province","Neobuxbaumia"
3333110766,"Myrtillocactus geometrizans","Oaxaca",651,"27","1","2016","iNaturalist","88349497","nahum013",-97.338794,18.116948,"Balsas Basin province","Myrtillocactus"
3333420494,"Pereskiopsis kellermanii","Oaxaca",4,"27","6","2021","iNaturalist","85460792","La Rata Mutante",-96.200777,15.775575,"Pacific Lowlands province","Pereskiopsis"
3335086815,"Pereskiopsis kellermanii","Oaxaca",NA,"28","7","2021","iNaturalist","89283549","Flavio Enrique Zarher",-96.203695,15.741372,"Pacific Lowlands province","Pereskiopsis"
3335172732,"Acanthocereus tetragonus","Oaxaca",NA,"28","7","2021","iNaturalist","89268966","Carlos Dom_nguez-Rodr_guez",-96.202141,15.737664,"Pacific Lowlands province","Acanthocereus"
3335551413,"Pilosocereus collinsii","Oaxaca",15,"4","8","2021","iNaturalist","89933237","Carlos Dom_nguez-Rodr_guez",-96.157779,15.726099,"Pacific Lowlands province","Pilosocereus"
3337376437,"Pilosocereus collinsii","Oaxaca",31,"31","12","2003","iNaturalist","69819166","Pablo Carrillo-Reyes",-94.987096,16.739992,"Pacific Lowlands province","Pilosocereus"
3337392062,"Ferocactus recurvus","Oaxaca",NA,"6","8","2021","iNaturalist","90209748","Carlos Lim",-96.311466,16.94265,"Sierra Madre del Sur province","Ferocactus"
3337525510,"Mammillaria polyedra","Oaxaca",NA,"27","7","2021","iNaturalist","91794459","Ulises Guzm_n",-97.134507,17.653808,"Sierra Madre del Sur province","Mammillaria"
3337719793,"Opuntia tomentosa","Oaxaca",4,"14","8","2021","iNaturalist","91612475","Pedro N_jera Quezada",-96.631014,16.289185,"Sierra Madre del Sur province","Opuntia"
3337769397,"Opuntia tomentosa","Oaxaca",NA,"27","7","2021","iNaturalist","91794461","Leticia Soriano Flores",-97.13432,17.653792,"Sierra Madre del Sur province","Opuntia"
3337953925,"Mammillaria haageana","Oaxaca",4,"14","8","2021","iNaturalist","91612430","Pedro N_jera Quezada",-96.63121,16.289905,"Sierra Madre del Sur province","Mammillaria"
3337975328,"Disocactus speciosus","Oaxaca",31,"14","8","2021","iNaturalist","91359710","Ulises Guzm_n",-96.657033,16.2715,"Sierra Madre del Sur province","Disocactus"
3338151636,"Coryphantha elephantidens","Oaxaca",4,"14","8","2021","iNaturalist","91612455","Pedro N_jera Quezada",-96.630763,16.289331,"Sierra Madre del Sur province","Coryphantha"
3338160582,"Mammillaria albilanata","Oaxaca",4,"14","8","2021","iNaturalist","91492334","Ulises Guzm_n",-96.673564,16.269026,"Sierra Madre del Sur province","Mammillaria"
3343700492,"Opuntia streptacantha","Oaxaca",5,"11","7","2021","iNaturalist","86657040","Elliot Greiner",-96.516122,17.042706,"Balsas Basin province","Opuntia"
3343761701,"Escontria chiotilla","Oaxaca",77,"4","8","2021","iNaturalist","91484293","Juve",-96.363183,16.567855,"Sierra Madre del Sur province","Escontria"
3343895086,"Mammillaria flavicentra","Oaxaca",15,"22","7","2021","iNaturalist","92608689","Leticia Soriano Flores",-97.342636,17.888968,"Sierra Madre del Sur province","Mammillaria"
3343902857,"Myrtillocactus schenckii","Oaxaca",122,"12","8","2021","iNaturalist","92413410","Leticia Soriano Flores",-96.912214,17.876671,"Sierra Madre del Sur province","Myrtillocactus"
3343916513,"Pereskiopsis rotundifolia","Oaxaca",NA,"4","7","2021","iNaturalist","85953238","Carlos Dom_nguez-Rodr_guez",-96.129494,15.768414,"Pacific Lowlands province","Pereskiopsis"
3343943621,"Acanthocereus tetragonus","Oaxaca",778,"21","6","2021","iNaturalist","91779580","Leticia Soriano Flores",-97.112168,18.097811,"Balsas Basin province","Acanthocereus"
3344040533,"Stenocereus treleasei","Oaxaca",10,"11","7","2021","iNaturalist","86658719","Pedro N_jera Quezada",-96.516303,17.041478,"Balsas Basin province","Stenocereus"
3344063506,"Ferocactus recurvus","Oaxaca",15,"23","8","2021","iNaturalist","92623331","Leticia Soriano Flores",-97.34269,17.889458,"Sierra Madre del Sur province","Ferocactus"
3344125522,"Mammillaria karwinskiana","Oaxaca",448,"12","6","2010","iNaturalist","92430633","Jonathan Mohl",-96.766737,17.040521,"Balsas Basin province","Mammillaria"
3344139462,"Pachycereus pecten-aboriginum","Oaxaca",15,"17","6","2016","iNaturalist","92486753","Valeria Huerta",-96.275862,16.864012,"Sierra Madre del Sur province","Pachycereus"
3354986812,"Opuntia decumbens","Oaxaca",122,"12","8","2021","iNaturalist","92413417","Leticia Soriano Flores",-96.912557,17.876834,"Sierra Madre del Sur province","Opuntia"
3355054846,"Mammillaria polyedra","Oaxaca",122,"12","8","2021","iNaturalist","92413384","Jonathan Mohl",-96.912557,17.875854,"Sierra Madre del Sur province","Mammillaria"
3355055788,"Mammillaria albilanata","Oaxaca",15,"14","8","2021","iNaturalist","91363966","Carlos Dom_nguez-Rodr_guez",-96.656454,16.284091,"Sierra Madre del Sur province","Mammillaria"
3355092455,"Mammillaria albilanata","Oaxaca",8,"7","2","2016","iNaturalist","69905726","Ulises Guzm_n",-96.630242,16.30815,"Sierra Madre del Sur province","Mammillaria"
3355101846,"Opuntia tehuacana","Oaxaca",122,"12","8","2021","iNaturalist","92413418","Leticia Soriano Flores",-96.913244,17.876753,"Sierra Madre del Sur province","Opuntia"
3355111847,"Stenocactus crispatus","Oaxaca",15,"22","7","2021","iNaturalist","92608657","Leticia Soriano Flores",-97.342733,17.88953,"Sierra Madre del Sur province","Stenocactus"
3355116621,"Opuntia tomentosa","Oaxaca",NA,"20","7","2021","iNaturalist","87934989","paco960614",-97.775807,17.809557,"Balsas Basin province","Opuntia"
3355144363,"Pachycereus weberi","Oaxaca",8,"11","8","2021","iNaturalist","93115437","Leticia Soriano Flores",-96.994186,17.888727,"Balsas Basin province","Pachycereus"
3355180630,"Pachycereus pecten-aboriginum","Oaxaca",NA,"1","9","2021","iNaturalist","93380146","Delgado Fabela Jared Fabi_n",-96.570507,15.672953,"Pacific Lowlands province","Pachycereus"
3355187337,"Mammillaria mystax","Oaxaca",15,"28","7","2021","iNaturalist","93110985","Leticia Soriano Flores",-97.346708,17.88357,"Sierra Madre del Sur province","Mammillaria"
3355229835,"Marginatocereus marginatus","Oaxaca",122,"12","8","2021","iNaturalist","92413390","Leticia Soriano Flores",-96.912214,17.876181,"Sierra Madre del Sur province","Marginatocereus"
3355300399,"Myrtillocactus geometrizans","Oaxaca",8,"11","8","2021","iNaturalist","93115445","Leticia Soriano Flores",-96.994202,17.888666,"Balsas Basin province","Myrtillocactus"
3355355466,"Mammillaria albilanata","Oaxaca",4,"7","2","2016","iNaturalist","69906036","Ulises Guzm_n",-96.624425,16.309883,"Sierra Madre del Sur province","Mammillaria"
3355360757,"Mammillaria albilanata","Oaxaca",15,"14","8","2021","iNaturalist","91309386","Carlos Dom_nguez-Rodr_guez",-96.669934,16.264524,"Sierra Madre del Sur province","Mammillaria"
3355419784,"Mammillaria albilanata","Oaxaca",61,"14","8","2021","iNaturalist","91406956","Carlos Dom_nguez-Rodr_guez",-96.665338,16.268282,"Sierra Madre del Sur province","Mammillaria"
3355523677,"Pilosocereus collinsii","Oaxaca",17,"28","7","2021","iNaturalist","89279003","Carlos Dom_nguez-Rodr_guez",-96.202072,15.737508,"Pacific Lowlands province","Pilosocereus"
3383909925,"Opuntia karwinskiana","Oaxaca",4,"17","7","2021","iNaturalist","88749263","Pedro N_jera Quezada",-96.643408,16.30405,"Sierra Madre del Sur province","Opuntia"
3383943362,"Opuntia tomentosa","Oaxaca",NA,"12","5","2019","iNaturalist","25060900","Destino Trail",-96.824692,17.10318,"Balsas Basin province","Opuntia"
3383959911,"Pachycereus pecten-aboriginum","Oaxaca",NA,"23","7","2021","iNaturalist","88388122","Carlos Dom_nguez-Rodr_guez",-96.175278,15.777328,"Pacific Lowlands province","Pachycereus"
3383962697,"Epiphyllum oxypetalum","Oaxaca",NA,"1","6","2021","iNaturalist","81396159","Wendy Garc_a Monterrubio",-96.709384,17.09389,"Balsas Basin province","Epiphyllum"
3383964376,"Stenocereus treleasei","Oaxaca",NA,"26","5","2019","iNaturalist","25947658","Ulises Guzm_n",-96.341354,16.939556,"Balsas Basin province","Stenocereus"
3384138839,"Myrtillocactus geometrizans","Oaxaca",NA,"29","9","2021","iNaturalist","96725784","benitezbm",-97.647111,18.167239,"Balsas Basin province","Myrtillocactus"
3384337937,"Pereskiopsis kellermanii","Oaxaca",NA,"23","7","2021","iNaturalist","88388140","Carlos Dom_nguez-Rodr_guez",-96.175293,15.777994,"Pacific Lowlands province","Pereskiopsis"
3384415293,"Coryphantha elephantidens","Oaxaca",4,"14","9","2021","iNaturalist","95228893","Arturo",-96.625379,16.803381,"Balsas Basin province","Coryphantha"
3384511872,"Mammillaria haageana","Oaxaca",NA,"28","9","2021","iNaturalist","96726802","benitezbm",-97.656208,18.178061,"Balsas Basin province","Mammillaria"
3384575676,"Opuntia huajuapensis","Oaxaca",65,"28","9","2021","iNaturalist","96550293","Miguel _ngel Cruz Ramirez",-97.392618,17.931572,"Sierra Madre del Sur province","Opuntia"
3384641427,"Mammillaria rekoi","Oaxaca",NA,"10","11","2019","iNaturalist","35540988","Ulises Guzm_n",-96.682365,17.125614,"Sierra Madre del Sur province","Mammillaria"
3384667689,"Mammillaria karwinskiana","Oaxaca",192,"14","5","2021","iNaturalist","78695601","Ulises Guzm_n",-96.073388,15.810043,"Pacific Lowlands province","Mammillaria"
3384762026,"Pachycereus weberi","Oaxaca",984,"1","4","2015","iNaturalist","94962949","Sadoth V_zquez",-96.961544,17.821123,"Balsas Basin province","Pachycereus"
3384861946,"Opuntia tomentosa","Oaxaca",4,"22","9","2021","iNaturalist","95815603","Miguel _ngel Cruz Ramirez",-97.544498,17.696553,"Sierra Madre del Sur province","Opuntia"
3384870811,"Pachycereus weberi","Oaxaca",613,"3","4","2009","iNaturalist","95731483","Sadoth V_zquez",-96.939205,17.70756,"Balsas Basin province","Pachycereus"
3384887793,"Mammillaria karwinskiana","Oaxaca",NA,"24","9","2021","iNaturalist","96695934","Jonathan Mohl",-96.858333,17.060278,"Sierra Madre del Sur province","Mammillaria"
3384978812,"Mammillaria karwinskiana","Oaxaca",414,"5","7","2011","iNaturalist","94728461","Ulises Guzm_n",-96.35826,16.927888,"Balsas Basin province","Mammillaria"
3385029553,"Mammillaria karwinskiana","Oaxaca",4,"27","9","2021","iNaturalist","96417287","Jonathan Mohl",-96.737738,17.1788,"Sierra Madre del Sur province","Mammillaria"
3385180726,"Pachycereus weberi","Oaxaca",15,"9","9","2021","iNaturalist","96531071","omarjim",-98.137299,17.826139,"Balsas Basin province","Pachycereus"
3385188855,"Mammillaria karwinskiana","Oaxaca",NA,"24","9","2021","iNaturalist","96696709","Jonathan Mohl",-96.859444,17.061944,"Sierra Madre del Sur province","Mammillaria"
3391295488,"Pachycereus pecten-aboriginum","Oaxaca",NA,"3","8","2021","iNaturalist","89849469","Carlos Dom_nguez-Rodr_guez",-96.185287,15.778744,"Pacific Lowlands province","Pachycereus"
3391502442,"Pachycereus pecten-aboriginum","Oaxaca",NA,"2","6","2021","iNaturalist","81785575","Carlos Dom_nguez-Rodr_guez",-97.076584,15.916581,"Pacific Lowlands province","Pachycereus"
3391640572,"Stenocereus treleasei","Oaxaca",NA,"2","10","2021","iNaturalist","97029350","Ulises Guzm_n",-96.767883,17.038703,"Balsas Basin province","Stenocereus"
3391721931,"Opuntia streptacantha","Oaxaca",31,"20","7","2019","iNaturalist","97846015","Comisariado de Bienes Comunales de Santiago Apoala, Oax.",-97.129951,17.651526,"Sierra Madre del Sur province","Opuntia"
3398698525,"Pachycereus pecten-aboriginum","Oaxaca",NA,"1","12","2017","iNaturalist","59701664","ricardo_munoz",-96.413722,16.941056,"Sierra Madre del Sur province","Pachycereus"
3398747582,"Neobuxbaumia tetetzo","Oaxaca",15,"12","11","2016","iNaturalist","75721519","Juve",-96.34925,16.576934,"Pacific Lowlands province","Neobuxbaumia"
3398874786,"Mammillaria discolor","Oaxaca",4,"22","10","2021","iNaturalist","99048439","Jonathan Mohl",-97.496141,17.839275,"Sierra Madre del Sur province","Mammillaria"
3398990374,"Pachycereus pecten-aboriginum","Oaxaca",NA,"28","10","2021","iNaturalist","99650368","Gustavo Cruz",-96.114937,15.793805,"Pacific Lowlands province","Pachycereus"
3399032927,"Mammillaria mystax","Oaxaca",6,"23","10","2021","iNaturalist","99158675","Diego",-97.424133,17.90778,"Sierra Madre del Sur province","Mammillaria"
3399165848,"Mammillaria karwinskiana","Oaxaca",82,"19","5","2021","iNaturalist","95231710","Jonathan Mohl",-95.78877,16.750442,"Pacific Lowlands province","Mammillaria"
3399415833,"Mammillaria mystax","Oaxaca",9,"20","10","2021","iNaturalist","99048406","ricardo_munoz",-97.505889,17.860633,"Sierra Madre del Sur province","Mammillaria"
3399452446,"Acanthocereus tetragonus","Oaxaca",NA,"28","10","2021","iNaturalist","99650337","Gustavo Cruz",-96.113304,15.794927,"Pacific Lowlands province","Acanthocereus"
3407908983,"Opuntia pubescens","Oaxaca",8,"30","10","2021","iNaturalist","99990661","Carlos Dom_nguez-Rodr_guez",-96.635049,16.308466,"Sierra Madre del Sur province","Opuntia"
3407913067,"Coryphantha pallida","Oaxaca",210,"2","11","2021","iNaturalist","100114855","Ulises Guzm_n",-97.031156,17.865569,"Balsas Basin province","Coryphantha"
3407939234,"Opuntia pubescens","Oaxaca",8,"30","10","2021","iNaturalist","100221083","La Rata Mutante",-96.631363,16.30252,"Sierra Madre del Sur province","Opuntia"
3408016535,"Mammillaria karwinskiana","Oaxaca",60,"5","7","2011","iNaturalist","94729190","Ulises Guzm_n",-96.301633,16.914692,"Sierra Madre del Sur province","Mammillaria"
3408029207,"Stenocereus pruinosus","Oaxaca",8,"30","10","2021","iNaturalist","100221067","Ulises Guzm_n",-96.630513,16.304463,"Sierra Madre del Sur province","Stenocereus"
3408144199,"Marginatocereus marginatus","Oaxaca",31,"30","10","2021","iNaturalist","100253173","Carlos Dom_nguez-Rodr_guez",-96.635224,16.302563,"Sierra Madre del Sur province","Marginatocereus"
3408202040,"Mammillaria karwinskiana","Oaxaca",NA,"30","10","2021","iNaturalist","100012353","Ulises Guzm_n",-96.634689,16.302176,"Sierra Madre del Sur province","Mammillaria"
3415655133,"Coryphantha pallida","Oaxaca",19,"11","10","2021","iNaturalist","101136589","Ulises Guzm_n",-96.981603,17.900879,"Balsas Basin province","Coryphantha"
3415680575,"Mammillaria carnea","Oaxaca",502,"11","10","2021","iNaturalist","101170547","mey_sh",-97.06833,17.90819,"Balsas Basin province","Mammillaria"
3415933550,"Mammillaria carnea","Oaxaca",502,"11","10","2021","iNaturalist","101171600","Uziel OM",-96.971114,17.909169,"Balsas Basin province","Mammillaria"
3415971302,"Mammillaria karwinskiana","Oaxaca",202,"2","11","2021","iNaturalist","101051060","Ulises Guzm_n",-96.653625,16.957787,"Balsas Basin province","Mammillaria"
3416068387,"Mammillaria karwinskiana","Oaxaca",212,"10","11","2021","iNaturalist","100845982","Jonathan Mohl",-96.178773,17.185368,"Sierra Madre del Sur province","Mammillaria"
3416106943,"Coryphantha elephantidens","Oaxaca",780,"2","11","2011","iNaturalist","101480399","karel",-96.210964,16.689065,"Sierra Madre del Sur province","Coryphantha"
3455163510,"Mammillaria mystax","Oaxaca",5,"3","4","2019","iNaturalist","22469965","cactus-d",-96.490678,17.255555,"Sierra Madre del Sur province","Mammillaria"
3455233330,"Mammillaria albilanata","Oaxaca",NA,"15","8","2018","iNaturalist","15711952","Ulises Guzm_n",-96.48803,17.259864,"Sierra Madre del Sur province","Mammillaria"
3455394626,"Opuntia pubescens","Oaxaca",5,"6","11","2021","iNaturalist","103342872","Ana FLP",-96.88568,17.045161,"Sierra Madre del Sur province","Opuntia"
3455466388,"Mammillaria mystax","Oaxaca",513,"9","12","2021","iNaturalist","102974090","Jonathan Mohl",-97.779738,17.740252,"Balsas Basin province","Mammillaria"
3455470005,"Mammillaria albilanata","Oaxaca",NA,"18","10","2021","iNaturalist","103118360","Jonathan Mohl",-95.792406,16.752653,"Pacific Lowlands province","Mammillaria"
3455519924,"Mammillaria albilanata","Oaxaca",207,"15","9","2009","iNaturalist","95731738","Jonathan Mohl",-96.526597,17.304963,"Balsas Basin province","Mammillaria"
3455639279,"Marginatocereus marginatus","Oaxaca",4,"2","1","2022","iNaturalist","104535401","Carlos Dom_nguez-Rodr_guez",-96.648906,16.302942,"Sierra Madre del Sur province","Marginatocereus"
3455653971,"Mammillaria haageana","Oaxaca",122,"28","7","2020","iNaturalist","103667340","Comisariado de Bienes Comunales de Santiago Apoala, Oax.",-97.123362,17.667557,"Sierra Madre del Sur province","Mammillaria"
3455729838,"Coryphantha elephantidens","Oaxaca",35,"4","1","2022","iNaturalist","104352793","georgiakharper",-96.889051,17.073407,"Balsas Basin province","Coryphantha"
3455745357,"Stenocereus treleasei","Oaxaca",4,"22","6","2006","iNaturalist","81650671","Ulises Guzm_n",-96.85007,16.88046,"Sierra Madre del Sur province","Stenocereus"
3455831907,"Escontria chiotilla","Oaxaca",149,"22","12","2021","iNaturalist","104142613","Joseph Scheer",-97.747046,17.824488,"Balsas Basin province","Escontria"
3455932460,"Stenocereus pruinosus","Oaxaca",NA,"25","12","2021","iNaturalist","103640414","izanami",-96.562147,16.972712,"Balsas Basin province","Stenocereus"
3455957020,"Opuntia decumbens","Oaxaca",NA,"5","1","2022","iNaturalist","104435836","Bodo Nu_ez Oberg",-95.233326,16.292389,"Pacific Lowlands province","Opuntia"
3455957762,"Mammillaria karwinskiana","Oaxaca",4,"2","1","2022","iNaturalist","104407676","Ulises Guzm_n",-96.643292,16.303915,"Sierra Madre del Sur province","Mammillaria"
3455968861,"Coryphantha pallida","Oaxaca",222,"27","12","2021","iNaturalist","104296525","Alfredo Maldonado Velasco",-97.25885,17.664607,"Sierra Madre del Sur province","Coryphantha"
3456056057,"Opuntia pubescens","Oaxaca",NA,"2","1","2022","iNaturalist","104292374","Carlos Dom_nguez-Rodr_guez",-96.649574,16.300953,"Sierra Madre del Sur province","Opuntia"
3456234041,"Opuntia pubescens","Oaxaca",4,"2","1","2022","iNaturalist","104385898","La Rata Mutante",-96.638552,16.299838,"Sierra Madre del Sur province","Opuntia"
3456333331,"Mammillaria rekoi","Oaxaca",NA,"18","8","2021","iNaturalist","92494659","Ulises Guzm_n",-96.473427,17.32823,"Sierra Madre del Sur province","Mammillaria"
3456367791,"Myrtillocactus geometrizans","Oaxaca",3,"22","12","2021","iNaturalist","104180910","Joseph Scheer",-97.682244,18.180575,"Balsas Basin province","Myrtillocactus"
3456472387,"Epiphyllum oxypetalum","Oaxaca",NA,"30","10","2021","iNaturalist","100007285","Carlos Dom_nguez-Rodr_guez",-96.639122,16.305716,"Sierra Madre del Sur province","Epiphyllum"
3456705447,"Mammillaria karwinskiana","Oaxaca",NA,"19","10","2021","iNaturalist","103118305","Jonathan Mohl",-95.932738,16.808173,"Pacific Lowlands province","Mammillaria"
3456836974,"Acanthocereus tetragonus","Oaxaca",NA,"10","12","2021","iNaturalist","103012599","Carlos Dom_nguez-Rodr_guez",-96.204796,15.72223,"Pacific Lowlands province","Acanthocereus"
3456838254,"Mammillaria haageana","Oaxaca",NA,"10","12","2021","iNaturalist","102870858","Andrew Dudley",-96.490646,17.255394,"Sierra Madre del Sur province","Mammillaria"
3457002573,"Ferocactus recurvus","Oaxaca",513,"9","12","2021","iNaturalist","102973947","Uziel OM",-97.780317,17.741705,"Balsas Basin province","Ferocactus"
3457109479,"Pilosocereus collinsii","Oaxaca",4,"10","12","2021","iNaturalist","102897009","Carlos Dom_nguez-Rodr_guez",-96.202041,15.747006,"Pacific Lowlands province","Pilosocereus"
3457222192,"Opuntia decumbens","Oaxaca",NA,"14","1","2022","iNaturalist","104943608","axelvasquez20",-96.505397,15.659794,"Pacific Lowlands province","Opuntia"
3465131634,"Aporocactus martianus","Oaxaca",NA,"24","11","1959","SD","SD00013129","",-96.55,17.38333,"Sierra Madre del Sur province","Aporocactus"
3465967925,"Neobuxbaumia tetetzo","Oaxaca",383,"5","6","2021","iNaturalist","105367874","Joseph Scheer",-96.253774,16.666248,"Sierra Madre del Sur province","Neobuxbaumia"
3465978780,"Acanthocereus tetragonus","Oaxaca",NA,"23","1","2022","iNaturalist","105460937","filimonios",-96.011665,15.803705,"Pacific Lowlands province","Acanthocereus"
3466142338,"Mammillaria haageana","Oaxaca",8,"2","5","2019","iNaturalist","24774295","Ulises Guzm_n",-97.426174,17.969638,"Sierra Madre del Sur province","Mammillaria"
3466199735,"Mammillaria albilanata","Oaxaca",NA,"2","1","2022","iNaturalist","104288411","Carlos Dom_nguez-Rodr_guez",-96.640106,16.292374,"Sierra Madre del Sur province","Mammillaria"
3466228963,"Pilosocereus collinsii","Oaxaca",NA,"8","12","2021","iNaturalist","102881030","Gustavo Cruz",-96.154488,15.734325,"Pacific Lowlands province","Pilosocereus"
3466342643,"Mammillaria flavicentra","Oaxaca",NA,"3","12","2019","iNaturalist","105623750","Jonathan Mohl",-97.43143,17.898511,"Sierra Madre del Sur province","Mammillaria"
3466350868,"Opuntia decumbens","Oaxaca",NA,"21","1","2022","iNaturalist","105694370","J Floer",-96.240415,15.772575,"Pacific Lowlands province","Opuntia"
3468775537,"Mammillaria flavicentra","Oaxaca",8,"23","12","2021","iNaturalist","103537537","Ulises Guzm_n",-97.26539,17.666117,"Sierra Madre del Sur province","Mammillaria"
3468970562,"Pereskia lychnidiflora","Oaxaca",470,"8","1","2022","iNaturalist","106196229","mmkimberly",-96.114058,15.764659,"Pacific Lowlands province","Pereskia"
3468990431,"Opuntia dejecta","Oaxaca",31,"2","1","2022","iNaturalist","105280000","Carlos Dom_nguez-Rodr_guez",-96.643159,16.304457,"Sierra Madre del Sur province","Opuntia"
3469016354,"Pilosocereus collinsii","Oaxaca",123,"13","4","2020","iNaturalist","42130459","Carlos Dom_nguez-Rodr_guez",-96.106631,15.764842,"Pacific Lowlands province","Pilosocereus"
3469036439,"Pachycereus pecten-aboriginum","Oaxaca",100,"19","1","2022","iNaturalist","105210816","sammenked",-96.096974,15.764358,"Pacific Lowlands province","Pachycereus"
3499387649,"Acanthocereus tetragonus","Oaxaca",NA,"22","1","2022","iNaturalist","106552882","Dan Tucker",-96.125167,15.751728,"Pacific Lowlands province","Acanthocereus"
3499393695,"Myrtillocactus geometrizans","Oaxaca",3,"10","2","2022","iNaturalist","106592362","Wolfgang Blum",-97.17038,18.150911,"Balsas Basin province","Myrtillocactus"
3499433389,"Mammillaria karwinskiana","Oaxaca",NA,"31","8","2021","iNaturalist","96308395","Ulises Guzm_n",-96.129478,15.768417,"Pacific Lowlands province","Mammillaria"
3499436659,"Pachycereus pecten-aboriginum","Oaxaca",NA,"22","1","2022","iNaturalist","106552673","Dan Tucker",-96.124961,15.751317,"Pacific Lowlands province","Pachycereus"
3499560510,"Mammillaria karwinskiana","Oaxaca",4,"14","8","2021","iNaturalist","91497645","Ulises Guzm_n",-96.631081,16.290516,"Sierra Madre del Sur province","Mammillaria"
3499580415,"Opuntia decumbens","Oaxaca",102,"11","2","2022","iNaturalist","106899766","Grigory Heaton",-96.077163,15.809286,"Pacific Lowlands province","Opuntia"
3499606049,"Pilosocereus collinsii","Oaxaca",4,"13","2","2022","iNaturalist","106807754","La Rata Mutante",-96.136147,15.766157,"Pacific Lowlands province","Pilosocereus"
3698224387,"Mammillaria karwinskiana","Oaxaca",31,"24","8","2014","iNaturalist","69826869","Ulises Guzm_n",-96.653403,16.265112,"Sierra Madre del Sur province","Mammillaria"
3698289400,"Mammillaria karwinskiana","Oaxaca",35,"31","5","2021","iNaturalist","81144532","Carlos Dom_nguez-Rodr_guez",-96.122799,15.764838,"Pacific Lowlands province","Mammillaria"
3698393349,"Mammillaria karwinskiana","Oaxaca",NA,"22","11","2020","iNaturalist","65484091","Carlos Dom_nguez-Rodr_guez",-96.001137,15.87185,"Pacific Lowlands province","Mammillaria"
3705405434,"Opuntia streptacantha","Oaxaca",NA,"14","12","2021","iNaturalist","103102762","giovannilopezhernandez",-97.798561,17.8104,"Balsas Basin province","Opuntia"
3705448008,"Pachycereus pecten-aboriginum","Oaxaca",NA,"19","2","2022","iNaturalist","107720059","Ad Konings",-95.016609,16.335922,"Pacific Lowlands province","Pachycereus"
3705530934,"Opuntia karwinskiana","Oaxaca",NA,"18","2","2022","iNaturalist","107720148","Ad Konings",-95.005775,16.332838,"Pacific Lowlands province","Opuntia"
3705769731,"Acanthocereus tetragonus","Oaxaca",31,"21","11","2021","iNaturalist","107569903","Daniel Juarez Santiago",-96.523304,15.673507,"Pacific Lowlands province","Acanthocereus"
3746963554,"Pachycereus pecten-aboriginum","Oaxaca",NA,"11","3","2022","iNaturalist","108876100","Roger Woodruff",-96.324635,16.702562,"Sierra Madre del Sur province","Pachycereus"
3746998533,"Mammillaria karwinskiana","Oaxaca",NA,"11","3","2022","iNaturalist","108876098","Jonathan Mohl",-96.324925,16.702738,"Sierra Madre del Sur province","Mammillaria"
3747262494,"Marginatocereus marginatus","Oaxaca",4,"12","3","2022","iNaturalist","109472332","Carlos Dom_nguez-Rodr_guez",-96.694369,16.717235,"Balsas Basin province","Marginatocereus"
3759094851,"Opuntia huajuapensis","Oaxaca",840,"27","1","2019","iNaturalist","106642240","Carlos Martorell",-97.437326,17.919263,"Sierra Madre del Sur province","Opuntia"
3759121200,"Acanthocereus tetragonus","Oaxaca",4,"22","3","2022","iNaturalist","109736049","La Rata Mutante",-96.473104,15.732754,"Pacific Lowlands province","Acanthocereus"
3759134310,"Pereskia lychnidiflora","Oaxaca",NA,"20","10","2012","iNaturalist","5301415","Tereso Hern_ndez Morales",-95.006629,16.467858,"Pacific Lowlands province","Pereskia"
3759234033,"Pachycereus pecten-aboriginum","Oaxaca",NA,"12","3","2022","iNaturalist","110517732","Michael Woodruff",-94.869778,16.582525,"Pacific Lowlands province","Pachycereus"
3759295678,"Opuntia pubescens","Oaxaca",4,"2","4","2022","iNaturalist","111214515","La Rata Mutante",-96.644052,16.290899,"Sierra Madre del Sur province","Opuntia"
3759408334,"Neobuxbaumia tetetzo","Oaxaca",122,"2","4","2022","iNaturalist","110786512","Eugenio Padilla",-96.639499,17.016357,"Balsas Basin province","Neobuxbaumia"
3759579493,"Mammillaria albilanata","Oaxaca",4,"1","7","2018","iNaturalist","69751766","Ulises Guzm_n",-96.642752,16.279735,"Sierra Madre del Sur province","Mammillaria"
3759646991,"Pachycereus pecten-aboriginum","Oaxaca",4,"17","3","2022","iNaturalist","109570882","Daniel",-96.938699,15.901448,"Pacific Lowlands province","Pachycereus"
3760129764,"Pachycereus pecten-aboriginum","Oaxaca",38,"20","4","2022","iNaturalist","112211654","Pablo Carrillo-Reyes",-95.005633,16.706549,"Pacific Lowlands province","Pachycereus"
3764096392,"Opuntia decumbens","Oaxaca",NA,"21","1","2022","iNaturalist","107895847","Daniel Juarez Santiago",-96.513695,15.68387,"Pacific Lowlands province","Opuntia"
3764102418,"Opuntia decumbens","Oaxaca",122,"24","11","2020","iNaturalist","107830453","Daniel Juarez Santiago",-97.68847,16.884975,"Sierra Madre del Sur province","Opuntia"
3764153085,"Disocactus ackermannii","Oaxaca",1,"26","4","2022","iNaturalist","113012875","fpp_chinantla",-96.547932,17.565884,"Sierra Madre del Sur province","Disocactus"
3764165747,"Opuntia tomentosa","Oaxaca",3,"23","4","2022","iNaturalist","112653379","Larry Chen",-96.763833,17.055431,"Balsas Basin province","Opuntia"
3764178410,"Opuntia decumbens","Oaxaca",NA,"23","3","2022","iNaturalist","109345315","Luz de los Milagros",-94.570999,16.239435,"Pacific Lowlands province","Opuntia"
3764375423,"Acanthocereus tetragonus","Oaxaca",NA,"29","3","2022","iNaturalist","109859004","Carlos Dom_nguez-Rodr_guez",-96.156136,15.724991,"Pacific Lowlands province","Acanthocereus"
3764472725,"Opuntia pilifera","Oaxaca",4,"23","4","2022","iNaturalist","112627134","Larry Chen",-96.450203,16.959003,"Balsas Basin province","Opuntia"
3772422757,"Opuntia karwinskiana","Oaxaca",5,"28","4","2022","iNaturalist","113567790","filimonios",-96.568795,15.704558,"Pacific Lowlands province","Opuntia"
3772467129,"Myrtillocactus schenckii","Oaxaca",12,"30","4","2022","iNaturalist","115693387","Carlos Dom_nguez-Rodr_guez",-96.943884,17.790313,"Balsas Basin province","Myrtillocactus"
3772483707,"Pilosocereus chrysacanthus","Oaxaca",4,"30","4","2022","iNaturalist","115689520","Carlos Dom_nguez-Rodr_guez",-96.944402,17.790162,"Balsas Basin province","Pilosocereus"
3772487194,"Mammillaria carnea","Oaxaca",4,"28","4","2022","iNaturalist","116487695","La Rata Mutante",-97.030032,17.864916,"Balsas Basin province","Mammillaria"
3772491098,"Pachycereus weberi","Oaxaca",4,"30","4","2022","iNaturalist","115693411","Carlos Dom_nguez-Rodr_guez",-96.943919,17.790129,"Balsas Basin province","Pachycereus"
3772492516,"Pilosocereus chrysacanthus","Oaxaca",4,"28","4","2022","iNaturalist","115555003","Carlos Dom_nguez-Rodr_guez",-97.038689,17.862927,"Balsas Basin province","Pilosocereus"
3772543317,"Marginatocereus marginatus","Oaxaca",244,"29","5","2010","iNaturalist","116241221","_ngel M_ndez",-96.984337,17.89117,"Balsas Basin province","Marginatocereus"
3772670308,"Marginatocereus marginatus","Oaxaca",NA,"10","8","2018","iNaturalist","15700084","Miguel Casta_eda-Z_rate",-96.98718,17.909862,"Balsas Basin province","Marginatocereus"
3772691207,"Coryphantha pallida","Oaxaca",244,"1","5","2022","iNaturalist","114352817","AMAURI DIAZ SOLIS",-97.043633,17.861384,"Balsas Basin province","Coryphantha"
3772733472,"Marginatocereus marginatus","Oaxaca",4,"30","4","2022","iNaturalist","115693392","Carlos Dom_nguez-Rodr_guez",-96.943796,17.790261,"Balsas Basin province","Marginatocereus"
3772738700,"Opuntia pubescens","Oaxaca",4,"30","4","2022","iNaturalist","115555148","La Rata Mutante",-96.944055,17.789984,"Balsas Basin province","Opuntia"
3772769433,"Opuntia decumbens","Oaxaca",4,"1","5","2022","iNaturalist","116487732","La Rata Mutante",-97.039393,17.863526,"Balsas Basin province","Opuntia"
3772907723,"Stenocereus pruinosus","Oaxaca",NA,"30","4","2022","iNaturalist","115788314","weilival",-96.943886,17.790297,"Balsas Basin province","Stenocereus"
3772917232,"Myrtillocactus geometrizans","Oaxaca",4,"1","5","2022","iNaturalist","116487742","Luis Correa",-97.044379,17.862638,"Balsas Basin province","Myrtillocactus"
3772919197,"Mammillaria carnea","Oaxaca",4,"27","4","2022","iNaturalist","115396283","Jonathan Mohl",-96.867003,17.798025,"Sierra Madre del Sur province","Mammillaria"
3772920492,"Marginatocereus marginatus","Oaxaca",NA,"1","5","2022","iNaturalist","115775850","Carlos Dom_nguez-Rodr_guez",-97.04129,17.863169,"Balsas Basin province","Marginatocereus"
3772959835,"Opuntia decumbens","Oaxaca",4,"7","5","2022","iNaturalist","116628851","La Rata Mutante",-96.23808,15.692308,"Pacific Lowlands province","Opuntia"
3772989442,"Mammillaria carnea","Oaxaca",NA,"1","5","2022","iNaturalist","115769281","Carlos Dom_nguez-Rodr_guez",-97.050819,17.863094,"Balsas Basin province","Mammillaria"
3773000582,"Marginatocereus marginatus","Oaxaca",NA,"1","5","2022","iNaturalist","115766328","Carlos Dom_nguez-Rodr_guez",-97.04258,17.862358,"Balsas Basin province","Marginatocereus"
3773039293,"Pilosocereus chrysacanthus","Oaxaca",NA,"1","5","2022","iNaturalist","115769291","Carlos Dom_nguez-Rodr_guez",-97.043373,17.86248,"Balsas Basin province","Pilosocereus"
3773075808,"Mammillaria carnea","Oaxaca",4,"27","4","2022","iNaturalist","115396289","Jonathan Mohl",-96.890941,17.798587,"Sierra Madre del Sur province","Mammillaria"
3773221370,"Pachycereus pecten-aboriginum","Oaxaca",4,"7","5","2022","iNaturalist","116540216","Carlos Dom_nguez-Rodr_guez",-96.257446,15.71622,"Pacific Lowlands province","Pachycereus"
3773467152,"Ferocactus recurvus","Oaxaca",488,"12","4","2010","iNaturalist","116241020","Ulises Guzm_n",-97.204077,18.145747,"Balsas Basin province","Ferocactus"
3773605211,"Neobuxbaumia tetetzo","Oaxaca",NA,"1","5","2022","iNaturalist","116064325","Carlos Dom_nguez-Rodr_guez",-97.037018,17.864466,"Balsas Basin province","Neobuxbaumia"
3784924988,"Pachycereus weberi","Oaxaca",977,"19","3","2011","iNaturalist","117255125","_ngel M_ndez",-97.099619,18.0733,"Balsas Basin province","Pachycereus"
3785007405,"Myrtillocactus geometrizans","Oaxaca",84,"3","1","2022","iNaturalist","104766438","Tim Zitnak",-96.450818,16.955842,"Balsas Basin province","Myrtillocactus"
3802584469,"Ferocactus recurvus","Oaxaca",15,"1","5","2022","iNaturalist","115696914","Ulises Guzm_n",-97.042572,17.862771,"Balsas Basin province","Ferocactus"
3802648316,"Mammillaria karwinskiana","Oaxaca",122,"2","4","2022","iNaturalist","118429115","Jonathan Mohl",-96.635383,16.290306,"Sierra Madre del Sur province","Mammillaria"
3858160412,"Polaskia chichipe","Oaxaca",NA,"17","7","2019","iNaturalist","29617592","Ulises Guzm_n",-97.648376,18.010632,"Balsas Basin province","Polaskia"
3858160413,"Stenocereus pruinosus","Oaxaca",NA,"17","7","2019","iNaturalist","29619653","Francisco Alvarado Gallardo",-97.658882,18.015207,"Balsas Basin province","Stenocereus"
3858162356,"Pachycereus pecten-aboriginum","Oaxaca",10,"7","9","2018","iNaturalist","16309731","P Gonzalez Zamora",-95.414863,16.035256,"Pacific Lowlands province","Pachycereus"
3858170737,"Opuntia streptacantha","Oaxaca",170,"28","6","2021","iNaturalist","88203010","jessycruz",-97.325514,17.729345,"Sierra Madre del Sur province","Opuntia"
3858213359,"Pilosocereus collinsii","Oaxaca",5,"7","9","2018","iNaturalist","16308812","ricardo_munoz",-95.210267,16.254238,"Pacific Lowlands province","Pilosocereus"
3858215405,"Opuntia streptacantha","Oaxaca",NA,"17","7","2019","iNaturalist","29617593","ricardo_munoz",-97.648102,18.010914,"Balsas Basin province","Opuntia"
3858224396,"Mammillaria haageana","Oaxaca",31,"18","7","2019","iNaturalist","29654188","Ulises Guzm_n",-97.659088,18.015682,"Balsas Basin province","Mammillaria"
3858242409,"Escontria chiotilla","Oaxaca",NA,"17","7","2019","iNaturalist","29617596","cactus-d",-97.64814,18.010803,"Balsas Basin province","Escontria"
3858247352,"Mammillaria karwinskiana","Oaxaca",10,"9","9","2018","iNaturalist","16379276","cactus-d",-96.513847,17.04145,"Balsas Basin province","Mammillaria"
3858273852,"Mammillaria haageana","Oaxaca",6,"26","9","2021","iNaturalist","96326419","Diego",-97.331908,17.871992,"Sierra Madre del Sur province","Mammillaria"
3858293363,"Mammillaria karwinskiana","Oaxaca",10,"9","9","2018","iNaturalist","16379148","cactus-d",-96.514205,17.041695,"Balsas Basin province","Mammillaria"
3858420578,"Opuntia pilifera","Oaxaca",766,"28","5","2022","iNaturalist","119199464","Gerardo Manzanarez-Villasana",-96.567453,16.384344,"Balsas Basin province","Opuntia"
3858469182,"Opuntia pubescens","Oaxaca",4,"17","5","2022","iNaturalist","121147892","EmmaVillase_or",-96.726639,17.090772,"Balsas Basin province","Opuntia"
3858480914,"Coryphantha elephantidens","Oaxaca",NA,"28","5","2022","iNaturalist","119670426","Carlos Dom_nguez-Rodr_guez",-96.637695,16.317307,"Sierra Madre del Sur province","Coryphantha"
3858644318,"Opuntia pubescens","Oaxaca",NA,"28","5","2022","iNaturalist","122556539","weilival",-96.63829,16.319902,"Sierra Madre del Sur province","Opuntia"
3859024554,"Epiphyllum anguliger","Oaxaca",140,"17","4","2019","iNaturalist","64414413","Manuel Campos",-97.836123,17.072445,"Sierra Madre del Sur province","Epiphyllum"
3859061846,"Pereskia lychnidiflora","Oaxaca",4,"28","10","2021","iNaturalist","100028714","Carlos Dom_nguez-Rodr_guez",-96.115081,15.793794,"Pacific Lowlands province","Pereskia"
3859115409,"Escontria chiotilla","Oaxaca",NA,"16","7","2019","iNaturalist","29559650","Pedro N_jera Quezada",-97.657043,18.01137,"Balsas Basin province","Escontria"
3859146404,"Mammillaria haageana","Oaxaca",15,"17","7","2019","iNaturalist","29615116","Francisco Alvarado Gallardo",-97.655172,18.009776,"Balsas Basin province","Mammillaria"
3859203932,"Coryphantha pallida","Oaxaca",NA,"28","5","2022","iNaturalist","120777924","Carlos Dom_nguez-Rodr_guez",-96.64267,16.31694,"Sierra Madre del Sur province","Coryphantha"
3859258831,"Opuntia pubescens","Oaxaca",6,"30","9","2021","iNaturalist","96729163","Carlos Martorell",-97.425557,17.929172,"Sierra Madre del Sur province","Opuntia"
3859296353,"Opuntia huajuapensis","Oaxaca",8,"28","4","2018","iNaturalist","13778865","ricardo_munoz",-97.510323,17.846705,"Sierra Madre del Sur province","Opuntia"
3859347347,"Acanthocereus tetragonus","Oaxaca",5,"7","9","2018","iNaturalist","16308895","J. Fernando P_o Le_n",-95.210053,16.254412,"Pacific Lowlands province","Acanthocereus"
3859353341,"Rhipsalis baccifera","Oaxaca",5,"10","8","2018","iNaturalist","15309077","Diego Barrales",-96.270363,17.798228,"Veracruzan province","Rhipsalis"
3859368902,"Ferocactus recurvus","Oaxaca",10,"10","2","2022","iNaturalist","106592349","cactus-d",-97.171678,18.169738,"Balsas Basin province","Ferocactus"
3859371403,"Coryphantha pallida","Oaxaca",NA,"4","8","2019","iNaturalist","30279239","ricardo_munoz",-97.683144,18.027174,"Balsas Basin province","Coryphantha"
3859475674,"Pachycereus pecten-aboriginum","Oaxaca",4,"21","6","2022","iNaturalist","122866438","Carlos Dom_nguez-Rodr_guez",-96.185131,15.729554,"Pacific Lowlands province","Pachycereus"
3859682360,"Pachycereus pecten-aboriginum","Oaxaca",5,"6","9","2018","iNaturalist","16273668","Pedro N_jera Quezada",-94.98748,16.628863,"Pacific Lowlands province","Pachycereus"
3859955395,"Coryphantha pallida","Oaxaca",NA,"17","7","2019","iNaturalist","29615153","ricardo_munoz",-97.653069,18.009418,"Balsas Basin province","Coryphantha"
3859980660,"Opuntia huajuapensis","Oaxaca",8,"4","5","2021","iNaturalist","77752406","Leticia Soriano Flores",-97.34045,17.822454,"Sierra Madre del Sur province","Opuntia"
3859985790,"Ferocactus recurvus","Oaxaca",NA,"28","9","2021","iNaturalist","96726453","Miguel Casta_eda-Z_rate",-97.656178,18.177647,"Balsas Basin province","Ferocactus"
3860010056,"Ferocactus recurvus","Oaxaca",NA,"3","5","2022","iNaturalist","115225480","",-96.328036,16.932317,"Balsas Basin province","Ferocactus"
3860017651,"Opuntia tomentosa","Oaxaca",15,"4","5","2021","iNaturalist","77752409","Leticia Soriano Flores",-97.340501,17.82242,"Sierra Madre del Sur province","Opuntia"
3860052933,"Coryphantha elephantidens","Oaxaca",NA,"23","6","2022","iNaturalist","123155595","Wolfgang Blum",-96.783674,17.078514,"Balsas Basin province","Coryphantha"
3860653676,"Pachycereus pecten-aboriginum","Oaxaca",NA,"21","6","2022","iNaturalist","122866334","Carlos Dom_nguez-Rodr_guez",-96.179161,15.729148,"Pacific Lowlands province","Pachycereus"
3872882319,"Opuntia lasiacantha","Oaxaca",5,"12","4","2018","iNaturalist","11076638","ricardo_munoz",-97.361467,17.872222,"Sierra Madre del Sur province","Opuntia"
3872901416,"Opuntia tomentosa","Oaxaca",31,"16","4","2018","iNaturalist","64186935","Alfredo Maldonado Velasco",-97.323074,17.722833,"Sierra Madre del Sur province","Opuntia"
3872988857,"Mammillaria karwinskiana","Oaxaca",5,"23","6","2022","iNaturalist","124548237","Jonathan Mohl",-97.159254,17.29841,"Sierra Madre del Sur province","Mammillaria"
3873087086,"Pachycereus pecten-aboriginum","Oaxaca",NA,"23","7","2022","iNaturalist","127567415","Omar Correa Rodr_guez",-95.200804,16.53184,"Pacific Lowlands province","Pachycereus"
3873307493,"Opuntia tomentosa","Oaxaca",32,"21","10","2021","iNaturalist","98943865","Diego",-97.50985,17.860947,"Sierra Madre del Sur province","Opuntia"
3873628923,"Mammillaria haageana","Oaxaca",4,"11","7","2022","iNaturalist","126497311","Diego",-97.511787,17.852792,"Sierra Madre del Sur province","Mammillaria"
3873695415,"Mammillaria mystax","Oaxaca",15,"3","10","2020","iNaturalist","62451778","cactus-d",-97.316965,17.705271,"Sierra Madre del Sur province","Mammillaria"
3873816333,"Pachycereus pecten-aboriginum","Oaxaca",1,"19","3","2022","iNaturalist","125966295","Dami_n McAnally",-96.542208,15.668319,"Pacific Lowlands province","Pachycereus"
3874032169,"Mammillaria karwinskiana","Oaxaca",31,"13","8","2009","iNaturalist","127463209","Jonathan Mohl",-96.831583,17.721415,"Balsas Basin province","Mammillaria"
3874111000,"Coryphantha pallida","Oaxaca",NA,"28","5","2022","iNaturalist","128054326","Ryan",-96.637847,16.318675,"Sierra Madre del Sur province","Coryphantha"
3874149899,"Opuntia decumbens","Oaxaca",165,"23","7","2022","iNaturalist","127567278","ricardo_munoz",-95.201135,16.533169,"Pacific Lowlands province","Opuntia"
3881366639,"Acanthocereus tetragonus","Oaxaca",NA,"11","6","2022","iNaturalist","128113588","La Rata Mutante",-96.2557,15.72523,"Pacific Lowlands province","Acanthocereus"
3881386343,"Stenocereus pruinosus","Oaxaca",61,"27","11","2012","iNaturalist","48385510","Eugenio Padilla",-98.045832,17.547478,"Balsas Basin province","Stenocereus"
3881391321,"Opuntia pilifera","Oaxaca",122,"28","3","2017","iNaturalist","42143406","Leticia Soriano Flores",-96.980777,17.911839,"Balsas Basin province","Opuntia"
3881456273,"Coryphantha pallida","Oaxaca",244,"1","8","2019","iNaturalist","128621559","Alfredo Maldonado Velasco",-97.259231,17.705408,"Sierra Madre del Sur province","Coryphantha"
3881530314,"Opuntia streptacantha","Oaxaca",8,"19","1","2019","iNaturalist","19938879","ricardo_munoz",-97.357351,17.853461,"Sierra Madre del Sur province","Opuntia"
3881592162,"Mammillaria haageana","Oaxaca",61,"30","7","2019","iNaturalist","128621579","Ulises Guzm_n",-97.249742,17.675543,"Sierra Madre del Sur province","Mammillaria"
3881610241,"Mammillaria haageana","Oaxaca",122,"26","7","2018","iNaturalist","128621624","Ulises Guzm_n",-97.24254,17.665438,"Sierra Madre del Sur province","Mammillaria"
3881692365,"Opuntia lasiacantha","Oaxaca",122,"8","7","2019","iNaturalist","97117855","Comisariado de Bienes Comunales de Santiago Apoala, Oax.",-97.126942,17.654544,"Sierra Madre del Sur province","Opuntia"
3881701333,"Coryphantha pallida","Oaxaca",30,"1","11","2019","iNaturalist","55055518","cactus-d",-96.957254,17.688544,"Balsas Basin province","Coryphantha"
3881711414,"Opuntia pilifera","Oaxaca",977,"14","4","2013","iNaturalist","117256099","_ngel M_ndez",-96.995007,17.624722,"Sierra Madre del Sur province","Opuntia"
3881788379,"Opuntia lasiacantha","Oaxaca",61,"21","1","2020","iNaturalist","103668683","Comisariado de Bienes Comunales de Santiago Apoala, Oax.",-97.120624,17.644461,"Sierra Madre del Sur province","Opuntia"
3888735332,"Pachycereus pecten-aboriginum","Oaxaca",15,"28","1","2014","iNaturalist","70380509","Alexis L_pez Hern_ndez",-95.850979,16.778684,"Pacific Lowlands province","Pachycereus"
3888773351,"Stenocereus treleasei","Oaxaca",4,"3","6","2021","iNaturalist","81492423","Juve",-96.569346,16.99626,"Balsas Basin province","Stenocereus"
3888886344,"Stenocereus treleasei","Oaxaca",100,"4","4","2021","iNaturalist","72986215","Pablo Carrillo-Reyes",-96.820622,17.223737,"Balsas Basin province","Stenocereus"
3888887338,"Stenocereus treleasei","Oaxaca",NA,"18","8","2020","iNaturalist","75626354","Juve",-96.454442,16.958579,"Balsas Basin province","Stenocereus"
3892281199,"Opuntia streptacantha","Oaxaca",8,"15","8","2022","iNaturalist","131059331","_______ ___________",-96.305841,16.670595,"Pacific Lowlands province","Opuntia"
3892480378,"Marginatocereus marginatus","Oaxaca",8,"15","9","2021","iNaturalist","102965577","Comisariado de Bienes Comunales de Santiago Apoala, Oax.",-97.134149,17.655809,"Sierra Madre del Sur province","Marginatocereus"
3892646230,"Myrtillocactus geometrizans","Oaxaca",7,"15","8","2022","iNaturalist","131059298","_______ ___________",-96.305804,16.670618,"Pacific Lowlands province","Myrtillocactus"
3892646667,"Mammillaria albilanata","Oaxaca",94,"11","8","2022","iNaturalist","130338832","Jonathan Mohl",-96.784221,17.086953,"Balsas Basin province","Mammillaria"
3902112429,"Stenocereus stellatus","Oaxaca",12,"17","7","2019","iNaturalist","29886973","Francisco Alvarado Gallardo",-97.654195,18.012108,"Balsas Basin province","Stenocereus"
3902115540,"Pachycereus weberi","Oaxaca",502,"21","6","2014","iNaturalist","70479090","Ulises Guzm_n",-96.990908,17.894158,"Balsas Basin province","Pachycereus"
3902175219,"Ferocactus recurvus","Oaxaca",423,"18","11","2019","iNaturalist","131504053","Tepelmeme Villa de Morelos",-97.316458,17.879582,"Sierra Madre del Sur province","Ferocactus"
3902197508,"Stenocereus stellatus","Oaxaca",244,"28","9","2018","iNaturalist","48984399","Ulises Guzm_n",-96.97825,17.829722,"Balsas Basin province","Stenocereus"
3902207398,"Stenocereus pruinosus","Oaxaca",8,"14","7","2022","iNaturalist","126302128","Alfredo Maldonado Velasco",-97.428436,17.929635,"Sierra Madre del Sur province","Stenocereus"
3902288876,"Opuntia huajuapensis","Oaxaca",423,"18","11","2019","iNaturalist","131504387","Alfredo Maldonado Velasco",-97.313712,17.878888,"Sierra Madre del Sur province","Opuntia"
3902381974,"Acanthocereus tetragonus","Oaxaca",5,"29","8","2022","iNaturalist","133386807","filimonios",-97.684233,15.964478,"Pacific Lowlands province","Acanthocereus"
3902392178,"Coryphantha elephantidens","Oaxaca",8,"6","8","2022","iNaturalist","134088937","Eugenio Padilla",-96.735698,17.08436,"Balsas Basin province","Coryphantha"
3902431800,"Pachycereus weberi","Oaxaca",NA,"27","4","2022","iNaturalist","131377354","Socorro Garcia M_ndez",-97.079111,18.148931,"Balsas Basin province","Pachycereus"
3902432306,"Acanthocereus tetragonus","Oaxaca",126,"5","8","2022","iNaturalist","131074893","Tim Zitnak",-97.090356,15.867261,"Pacific Lowlands province","Acanthocereus"
3902456836,"Neobuxbaumia tetetzo","Oaxaca",10,"6","9","2022","iNaturalist","133996070","Ian Rhodes",-96.275483,16.867217,"Sierra Madre del Sur province","Neobuxbaumia"
3902566316,"Opuntia streptacantha","Oaxaca",505,"19","7","2017","iNaturalist","7135413","Alfredo Maldonado Velasco",-97.346592,17.856395,"Sierra Madre del Sur province","Opuntia"
3902575006,"Coryphantha elephantidens","Oaxaca",590,"19","8","2022","iNaturalist","132094520","K_rlis J_nis",-96.744445,17.144103,"Sierra Madre del Sur province","Coryphantha"
3902608473,"Opuntia pubescens","Oaxaca",NA,"20","6","2021","iNaturalist","83829068","adrianaangelescarreo",-96.632562,16.803453,"Balsas Basin province","Opuntia"
3902887604,"Pereskiopsis kellermanii","Oaxaca",5,"25","8","2022","iNaturalist","132432681","filimonios",-96.192222,15.757763,"Pacific Lowlands province","Pereskiopsis"
3902987660,"Mammillaria haageana","Oaxaca",452,"9","7","2022","iNaturalist","126000192","Alfredo Maldonado Velasco",-97.246391,17.320177,"Sierra Madre del Sur province","Mammillaria"
3903298404,"Stenocereus pruinosus","Oaxaca",61,"7","8","2022","iNaturalist","134326748","Eugenio Padilla",-96.322449,16.934712,"Sierra Madre del Sur province","Stenocereus"
3903372282,"Myrtillocactus schenckii","Oaxaca",15,"7","8","2022","iNaturalist","134322471","Eugenio Padilla",-96.322685,16.932844,"Balsas Basin province","Myrtillocactus"
3903396996,"Stenocereus treleasei","Oaxaca",4,"7","8","2022","iNaturalist","134322732","Eugenio Padilla",-96.322857,16.931424,"Balsas Basin province","Stenocereus"
3903471520,"Mammillaria albilanata","Oaxaca",14,"6","9","2022","iNaturalist","133996159","Jonathan Mohl",-96.27687,16.86922,"Sierra Madre del Sur province","Mammillaria"
3903472306,"Ferocactus recurvus","Oaxaca",31,"7","8","2022","iNaturalist","134336595","Ulises Guzm_n",-96.323822,16.933867,"Sierra Madre del Sur province","Ferocactus"
3903643830,"Mammillaria karwinskiana","Oaxaca",8,"7","8","2022","iNaturalist","134330221","Eugenio Padilla",-96.323492,16.936515,"Sierra Madre del Sur province","Mammillaria"
3912028078,"Pilosocereus leucocephalus","Oaxaca",15,"6","11","2017","iNaturalist","134924206","zoquiapam",-96.851828,17.576106,"Balsas Basin province","Pilosocereus"
3912049456,"Stenocereus pruinosus","Oaxaca",NA,"20","7","2021","iNaturalist","87935668","Pedro N_jera Quezada",-97.773496,17.817347,"Balsas Basin province","Stenocereus"
3912060394,"Stenocereus pruinosus","Oaxaca",NA,"1","5","2022","iNaturalist","116065997","Carlos Dom_nguez-Rodr_guez",-96.958656,17.793447,"Balsas Basin province","Stenocereus"
3915259881,"Mammillaria haageana","Oaxaca",122,"4","5","2009","iNaturalist","136067547","Jonathan Mohl",-97.438425,17.791439,"Sierra Madre del Sur province","Mammillaria"
3915345897,"Mammillaria haageana","Oaxaca",61,"18","3","2015","iNaturalist","136064115","Jonathan Mohl",-97.935156,17.693797,"Balsas Basin province","Mammillaria"
3915361368,"Stenocereus pruinosus","Oaxaca",NA,"5","1","2022","iNaturalist","104435838","Ulises Guzm_n",-95.232983,16.292579,"Pacific Lowlands province","Stenocereus"
3915385710,"Mammillaria haageana","Oaxaca",122,"4","5","2009","iNaturalist","136068528","Jonathan Mohl",-97.442626,17.788323,"Sierra Madre del Sur province","Mammillaria"
3915418628,"Mammillaria haageana","Oaxaca",122,"4","5","2009","iNaturalist","136064559","Jonathan Mohl",-97.446026,17.796682,"Sierra Madre del Sur province","Mammillaria"
3915426760,"Ferocactus recurvus","Oaxaca",244,"4","5","2009","iNaturalist","136074028","Ulises Guzm_n",-97.430254,17.796314,"Sierra Madre del Sur province","Ferocactus"
3915471305,"Neobuxbaumia tetetzo","Oaxaca",NA,"3","9","2018","iNaturalist","16195318","Ulises Guzm_n",-96.252182,16.672298,"Sierra Madre del Sur province","Neobuxbaumia"
3915502129,"Mammillaria albilanata","Oaxaca",31,"5","2","2015","iNaturalist","135959779","Jonathan Mohl",-97.903748,17.710107,"Balsas Basin province","Mammillaria"
3915510431,"Stenocactus crispatus","Oaxaca",244,"4","5","2009","iNaturalist","136069134","Eugenio Padilla",-97.436816,17.790698,"Sierra Madre del Sur province","Stenocactus"
3947174549,"Stenocereus pruinosus","Oaxaca",4,"30","4","2022","iNaturalist","114064769","Ulises Guzm_n",-96.67903,16.418567,"Balsas Basin province","Stenocereus"
3947380530,"Pachycereus pecten-aboriginum","Oaxaca",NA,"23","1","2022","iNaturalist","105516834","Carlos Dom_nguez-Rodr_guez",-96.008148,15.806529,"Pacific Lowlands province","Pachycereus"
3947611509,"Pachycereus pecten-aboriginum","Oaxaca",8,"5","3","2022","iNaturalist","107994783","rtg_fungi",-96.578138,15.716978,"Pacific Lowlands province","Pachycereus"
3947719244,"Opuntia huajuapensis","Oaxaca",4,"12","12","2021","iNaturalist","138616047","Heriberto _vila-Gonz_lez",-97.334876,17.725217,"Sierra Madre del Sur province","Opuntia"
3960990466,"Cephalocereus columna-trajani","Oaxaca",21,"1","5","2022","iNaturalist","116061091","Carlos Dom_nguez-Rodr_guez",-97.040087,17.86244,"Balsas Basin province","Cephalocereus"
3961021690,"Disocactus speciosus","Oaxaca",61,"30","4","2022","iNaturalist","139238441","Ulises Guzm_n",-96.440201,16.1383,"Sierra Madre del Sur province","Disocactus"
3961230516,"Cephalocereus apicicephalium","Oaxaca",NA,"11","3","2017","iNaturalist","125117985","Ulises Guzm_n",-95.025,16.441667,"Pacific Lowlands province","Cephalocereus"
3963237445,"Neobuxbaumia tetetzo","Oaxaca",61,"20","5","2022","iNaturalist","118886341","Ulises Guzm_n",-97.062189,17.91408,"Balsas Basin province","Neobuxbaumia"
3963263477,"Stenocereus treleasei","Oaxaca",8,"28","5","2022","iNaturalist","121379518","Ulises Guzm_n",-96.643136,16.316115,"Sierra Madre del Sur province","Stenocereus"
3963522409,"Neobuxbaumia tetetzo","Oaxaca",28,"22","10","2021","iNaturalist","101438613","iantroncoso",-96.982594,17.900469,"Balsas Basin province","Neobuxbaumia"
3963625420,"Neobuxbaumia tetetzo","Oaxaca",8,"1","5","2022","iNaturalist","116061179","Carlos Dom_nguez-Rodr_guez",-97.045961,17.861473,"Balsas Basin province","Neobuxbaumia"
3963656025,"Neobuxbaumia tetetzo","Oaxaca",20,"9","5","2022","iNaturalist","141180719","Santa Mar_a Tecomovaca",-97.022238,17.883735,"Balsas Basin province","Neobuxbaumia"
3966492392,"Ferocactus recurvus","Oaxaca",860,"16","7","2021","iNaturalist","87310436","Ulises Guzm_n",-97.171362,17.18548,"Sierra Madre del Sur province","Ferocactus"
3985616940,"Mammillaria karwinskiana","Oaxaca",441,"3","11","2022","iNaturalist","141434759","Jonathan Mohl",-96.324151,16.933082,"Sierra Madre del Sur province","Mammillaria"
3985639509,"Mammillaria rekoi","Oaxaca",NA,"14","3","2022","iNaturalist","110794957","Jonathan Mohl",-96.21933,16.809789,"Sierra Madre del Sur province","Mammillaria"
3985670264,"Mammillaria karwinskiana","Oaxaca",NA,"15","11","2022","iNaturalist","142270318","Jonathan Mohl",-96.466682,16.412748,"Sierra Madre del Sur province","Mammillaria"
3985689475,"Mammillaria haageana","Oaxaca",658,"1","2","2015","iNaturalist","94899921","cactus-d",-97.071211,17.751385,"Sierra Madre del Sur province","Mammillaria"
3985698564,"Mammillaria karwinskiana","Oaxaca",4,"24","4","2022","iNaturalist","115240435","cactus-d",-96.718347,16.234465,"Sierra Madre del Sur province","Mammillaria"
3985706720,"Mammillaria karwinskiana","Oaxaca",61,"25","7","2022","iNaturalist","132616264","Jonathan Mohl",-97.012555,16.674041,"Sierra Madre del Sur province","Mammillaria"
3985706967,"Opuntia tomentosa","Oaxaca",8,"1","10","2022","iNaturalist","142069405","Daniel Juarez Santiago",-96.579751,15.670217,"Pacific Lowlands province","Opuntia"
3985710121,"Pereskiopsis kellermanii","Oaxaca",15,"10","11","2022","iNaturalist","142138515","Carlos Dom_nguez-Rodr_guez",-96.203369,15.762681,"Pacific Lowlands province","Pereskiopsis"
3985728499,"Coryphantha pallida","Oaxaca",9,"20","9","2021","iNaturalist","95582706","Ulises Guzm_n",-97.553781,17.677348,"Sierra Madre del Sur province","Coryphantha"
3985735530,"Mammillaria albilanata","Oaxaca",61,"18","12","2012","iNaturalist","110338007","_ngel M_ndez",-96.979894,17.898263,"Balsas Basin province","Mammillaria"
3985813784,"Myrtillocactus geometrizans","Oaxaca",4,"23","11","2022","iNaturalist","142720926","Taylor Justason",-97.086219,15.862772,"Pacific Lowlands province","Myrtillocactus"
3985829823,"Mammillaria haageana","Oaxaca",100,"15","11","2022","iNaturalist","142636914","Eugenio Padilla",-96.467848,16.402959,"Balsas Basin province","Mammillaria"
3985915057,"Ferocactus recurvus","Oaxaca",NA,"16","10","2022","iNaturalist","142962948","cactus-d",-97.316506,17.547775,"Sierra Madre del Sur province","Ferocactus"
3986007220,"Mammillaria karwinskiana","Oaxaca",NA,"15","11","2022","iNaturalist","142270419","Jonathan Mohl",-96.466705,16.416836,"Sierra Madre del Sur province","Mammillaria"
3986055524,"Stenocactus crispatus","Oaxaca",NA,"3","12","2019","iNaturalist","105624018","Alfredo Maldonado Velasco",-97.431552,17.898707,"Sierra Madre del Sur province","Stenocactus"
3986196410,"Mammillaria albilanata","Oaxaca",61,"29","11","2020","iNaturalist","71551600","Alfredo Maldonado Velasco",-97.234609,17.846767,"Sierra Madre del Sur province","Mammillaria"
3986304636,"Stenocereus pruinosus","Oaxaca",31,"11","7","2022","iNaturalist","142562910","Aztatla San Miguel",-97.452538,18.045279,"Balsas Basin province","Stenocereus"
3988441418,"Mammillaria albilanata","Oaxaca",16,"9","1","2022","iNaturalist","104740064","Alfredo Maldonado Velasco",-97.285972,17.63498,"Sierra Madre del Sur province","Mammillaria"
3988451251,"Ferocactus recurvus","Oaxaca",5,"12","11","2022","iNaturalist","143732036","Tim Zitnak",-97.161024,17.297467,"Sierra Madre del Sur province","Ferocactus"
3988493731,"Mammillaria albilanata","Oaxaca",NA,"16","10","2022","iNaturalist","143335915","Jonathan Mohl",-97.314864,17.549328,"Sierra Madre del Sur province","Mammillaria"
3994176306,"Myrtillocactus geometrizans","Oaxaca",NA,"28","9","2017","iNaturalist","8292850","W. Thompson",-97.502778,17.857778,"Sierra Madre del Sur province","Myrtillocactus"
4006662807,"Pachycereus pecten-aboriginum","Oaxaca",9,"14","12","2022","iNaturalist","144389748","Raul Ezequiel Gonz_lez Trujillo",-96.557226,15.71822,"Pacific Lowlands province","Pachycereus"
4011607201,"Myrtillocactus geometrizans","Oaxaca",993,"1","1","2023","iNaturalist","145612436","Jim Riley",-96.323599,16.930446,"Balsas Basin province","Myrtillocactus"
4011659741,"Opuntia karwinskiana","Oaxaca",4,"26","12","2022","iNaturalist","145272774","Carlos Dom_nguez-Rodr_guez",-96.149514,15.743374,"Pacific Lowlands province","Opuntia"
4011735304,"Mammillaria karwinskiana","Oaxaca",31,"1","1","2023","iNaturalist","145716814","Carlos Dom_nguez-Rodr_guez",-96.71088,16.308585,"Sierra Madre del Sur province","Mammillaria"
4011755335,"Mammillaria karwinskiana","Oaxaca",15,"1","1","2023","iNaturalist","145716813","Carlos Dom_nguez-Rodr_guez",-96.601529,16.339124,"Balsas Basin province","Mammillaria"
4011782357,"Mammillaria karwinskiana","Oaxaca",NA,"1","1","2023","iNaturalist","145716815","Carlos Dom_nguez-Rodr_guez",-96.773492,16.318319,"Sierra Madre del Sur province","Mammillaria"
4011810375,"Mammillaria albilanata","Oaxaca",10,"1","1","2023","iNaturalist","145729944","Jonathan Mohl",-96.638686,16.280263,"Sierra Madre del Sur province","Mammillaria"
4011870922,"Pilosocereus collinsii","Oaxaca",4,"29","12","2022","iNaturalist","145396739","Jim Riley",-95.783133,15.88032,"Pacific Lowlands province","Pilosocereus"
4011909911,"Pachycereus pecten-aboriginum","Oaxaca",440,"29","12","2022","iNaturalist","145393211","Jim Riley",-95.840709,15.913746,"Pacific Lowlands province","Pachycereus"
4011935340,"Mammillaria albilanata","Oaxaca",354,"31","12","2022","iNaturalist","145726265","Jonathan Mohl",-96.646771,16.301635,"Sierra Madre del Sur province","Mammillaria"
4012032367,"Mammillaria karwinskiana","Oaxaca",15,"1","1","2023","iNaturalist","145716818","Carlos Dom_nguez-Rodr_guez",-96.791001,16.218691,"Sierra Madre del Sur province","Mammillaria"
4014920980,"Pachycereus pecten-aboriginum","Oaxaca",NA,"31","12","2022","iNaturalist","145889545","Liam Wolff",-96.451471,16.955816,"Balsas Basin province","Pachycereus"
4014929948,"Pachycereus pecten-aboriginum","Oaxaca",NA,"2","1","2023","iNaturalist","145890017","Liam Wolff",-96.076338,15.81247,"Pacific Lowlands province","Pachycereus"
4014996785,"Ferocactus recurvus","Oaxaca",NA,"1","1","2023","iNaturalist","145726286","Tim Zitnak",-97.431366,17.98439,"Sierra Madre del Sur province","Ferocactus"
4015079783,"Mammillaria albilanata","Oaxaca",5,"1","1","2023","iNaturalist","145720048","Jonathan Mohl",-96.648297,16.288975,"Sierra Madre del Sur province","Mammillaria"
4018103887,"Pilosocereus collinsii","Oaxaca",294,"11","1","2023","iNaturalist","146346831","Daniel S_nchez",-95.01241,16.538002,"Pacific Lowlands province","Pilosocereus"
4021965147,"Marginatocereus marginatus","Oaxaca",NA,"19","1","2023","iNaturalist","146925226","Juan",-96.449022,16.957703,"Balsas Basin province","Marginatocereus"
4021985108,"Opuntia streptacantha","Oaxaca",8,"15","5","2022","iNaturalist","147143237","Alfredo Maldonado Velasco",-97.272525,17.762359,"Sierra Madre del Sur province","Opuntia"
4022050906,"Opuntia tomentosa","Oaxaca",4,"31","12","2022","iNaturalist","146953529","Ulises Guzm_n",-96.638476,16.299815,"Sierra Madre del Sur province","Opuntia"
4022061718,"Opuntia tomentosa","Oaxaca",163,"31","12","2020","iNaturalist","146725870","bxnnyfer",-97.689747,17.245814,"Sierra Madre del Sur province","Opuntia"
4022180506,"Pachycereus pecten-aboriginum","Oaxaca",235,"21","1","2023","iNaturalist","147046065","Carlos Dom_nguez-Rodr_guez",-94.999783,16.539368,"Pacific Lowlands province","Pachycereus"
4022266416,"Opuntia decumbens","Oaxaca",225,"21","1","2023","iNaturalist","147046040","Kevin Meza",-95.001303,16.542004,"Pacific Lowlands province","Opuntia"
4022343358,"Opuntia decumbens","Oaxaca",262,"21","1","2023","iNaturalist","147046061","Kevin Meza",-95.000486,16.540149,"Pacific Lowlands province","Opuntia"
4027226350,"Rhipsalis baccifera","Oaxaca",NA,"21","6","2000","UCR","","",-96.70167,18.2825,"Veracruzan province","Rhipsalis"
4028811037,"Opuntia decumbens","Oaxaca",620,"28","1","2023","iNaturalist","147809150","Miguel",-94.22203,16.462702,"Pacific Lowlands province","Opuntia"
4028827059,"Ferocactus recurvus","Oaxaca",183,"20","1","2023","iNaturalist","147360850","cactus-d",-96.473349,16.649191,"Balsas Basin province","Ferocactus"
4028827681,"Opuntia tomentosa","Oaxaca",20,"20","1","2023","iNaturalist","147467338","alison_gb",-96.771478,17.088914,"Balsas Basin province","Opuntia"
4028954522,"Ferocactus recurvus","Oaxaca",NA,"26","1","2023","iNaturalist","147415506","Ulises Guzm_n",-96.343344,16.802284,"Sierra Madre del Sur province","Ferocactus"
4029012865,"Opuntia karwinskiana","Oaxaca",222,"31","1","2023","iNaturalist","147859696","atilanojose",-96.771982,17.089726,"Balsas Basin province","Opuntia"
4029193182,"Mammillaria albilanata","Oaxaca",244,"23","10","2018","iNaturalist","147979813","Jonathan Mohl",-96.908361,17.543712,"Balsas Basin province","Mammillaria"
4034645576,"Mammillaria carnea","Oaxaca",30,"12","7","2022","iNaturalist","142637862","Jonathan Mohl",-96.848999,17.588819,"Balsas Basin province","Mammillaria"
4034715876,"Mammillaria albilanata","Oaxaca",52,"4","2","2023","iNaturalist","148323685","Jonathan Mohl",-96.479649,16.398246,"Balsas Basin province","Mammillaria"
4034768518,"Coryphantha pallida","Oaxaca",4,"6","10","2022","iNaturalist","148283534","J. Erick G_mez",-97.343561,17.602205,"Sierra Madre del Sur province","Coryphantha"
4034780842,"Mammillaria albilanata","Oaxaca",113,"4","2","2023","iNaturalist","148324876","Jonathan Mohl",-96.475975,16.400503,"Balsas Basin province","Mammillaria"
4046407851,"Mammillaria flavicentra","Oaxaca",244,"7","12","2022","iNaturalist","149502329","Alfredo Maldonado Velasco",-97.451012,18.0455,"Balsas Basin province","Mammillaria"
4054958851,"Disocactus speciosus","Oaxaca",210,"28","2","2023","iNaturalist","150129974","ana_d0minguez",-96.71961,17.026361,"Balsas Basin province","Disocactus"
4062681948,"Pilosocereus chrysacanthus","Oaxaca",110,"26","2","2023","iNaturalist","150763380","Eugenio Padilla",-97.819679,17.765092,"Balsas Basin province","Pilosocereus"
4062703833,"Ferocactus recurvus","Oaxaca",122,"24","2","2023","iNaturalist","150671816","guadalupeitzel",-97.36238,17.858719,"Sierra Madre del Sur province","Ferocactus"
4062806218,"Myrtillocactus geometrizans","Oaxaca",393,"27","2","2023","iNaturalist","151037259","estherjoselin",-96.719555,17.026461,"Balsas Basin province","Myrtillocactus"
4067156928,"Myrtillocactus geometrizans","Oaxaca",NA,"4","3","2023","iNaturalist","151254778","Dan Riley",-96.319903,16.694106,"Sierra Madre del Sur province","Myrtillocactus"
4067230883,"Ferocactus recurvus","Oaxaca",31,"12","1","2022","iNaturalist","151227069","Ulises Guzm_n",-97.729829,17.793064,"Balsas Basin province","Ferocactus"
4067270277,"Mammillaria albilanata","Oaxaca",NA,"14","3","2023","iNaturalist","151569985","Jonathan Mohl",-96.443442,16.900447,"Balsas Basin province","Mammillaria"
4067313927,"Pachycereus pecten-aboriginum","Oaxaca",NA,"5","3","2023","iNaturalist","151255118","Dan Riley",-94.843333,16.603869,"Pacific Lowlands province","Pachycereus"
4075591979,"Stenocereus pruinosus","Oaxaca",282,"4","3","2023","iNaturalist","151787655","Dan Riley",-96.450112,16.957143,"Balsas Basin province","Stenocereus"
4075667603,"Marginatocereus marginatus","Oaxaca",4,"25","12","2021","iNaturalist","103666693","Marie Coleman",-96.35903,16.928533,"Balsas Basin province","Marginatocereus"
4075765592,"Marginatocereus marginatus","Oaxaca",NA,"15","3","2022","iNaturalist","108696974","axelvasquez20",-96.514689,15.663047,"Pacific Lowlands province","Marginatocereus"
4076228036,"Coryphantha pallida","Oaxaca",NA,"18","3","2023","iNaturalist","151851918","weilival",-96.629982,16.29399,"Sierra Madre del Sur province","Coryphantha"
4076244641,"Myrtillocactus geometrizans","Oaxaca",61,"19","3","2022","iNaturalist","115574739","Daniel Juarez Santiago",-96.309958,15.685022,"Pacific Lowlands province","Myrtillocactus"
4076378708,"Opuntia pubescens","Oaxaca",NA,"18","3","2023","iNaturalist","152472916","La Rata Mutante",-96.627624,16.290209,"Sierra Madre del Sur province","Opuntia"
4076458365,"Pereskiopsis rotundifolia","Oaxaca",4,"25","3","2023","iNaturalist","153022073","La Rata Mutante",-96.126437,15.753089,"Pacific Lowlands province","Pereskiopsis"
4080502924,"Pachycereus pecten-aboriginum","Oaxaca",31,"2","4","2023","iNaturalist","153724416","Daniel Juarez Santiago",-94.872801,16.58679,"Pacific Lowlands province","Pachycereus"
4080564751,"Mammillaria karwinskiana","Oaxaca",6,"5","4","2023","iNaturalist","153610640","Jonathan Mohl",-96.513793,16.971397,"Balsas Basin province","Mammillaria"
4080624976,"Pachycereus pecten-aboriginum","Oaxaca",31,"1","4","2023","iNaturalist","153777921","Daniel Juarez Santiago",-94.959728,16.366001,"Pacific Lowlands province","Pachycereus"
4080668641,"Opuntia streptacantha","Oaxaca",644,"2","4","2023","iNaturalist","153473685","Alfredo Maldonado Velasco",-97.336694,18.123908,"Balsas Basin province","Opuntia"
4080668886,"Pachycereus pecten-aboriginum","Oaxaca",8,"2","4","2023","iNaturalist","153723935","Daniel Juarez Santiago",-94.902034,16.564511,"Pacific Lowlands province","Pachycereus"
4081013474,"Neobuxbaumia tetetzo","Oaxaca",31,"4","4","2023","iNaturalist","154262352","Carlos Dom_nguez-Rodr_guez",-96.158834,15.734961,"Pacific Lowlands province","Neobuxbaumia"
4091377700,"Pachycereus pecten-aboriginum","Oaxaca",15,"6","4","2023","iNaturalist","154557828","Dean Hester",-96.525496,17.305059,"Balsas Basin province","Pachycereus"
4091853472,"Opuntia pilifera","Oaxaca",8,"9","10","2022","iNaturalist","138191044","Raul Ezequiel Gonz_lez Trujillo",-96.504407,16.906785,"Balsas Basin province","Opuntia"
4102573527,"Pachycereus pecten-aboriginum","Oaxaca",61,"8","4","2023","iNaturalist","154373278","Daniel Juarez Santiago",-95.094794,16.524707,"Pacific Lowlands province","Pachycereus"
4103150916,"Pachycereus pecten-aboriginum","Oaxaca",230,"27","4","2023","iNaturalist","156930988","Kevin Meza",-94.992822,16.622461,"Pacific Lowlands province","Pachycereus"
4103164446,"Opuntia karwinskiana","Oaxaca",431,"11","1","2023","iNaturalist","146346829","Kevin Meza",-95.01254,16.537954,"Pacific Lowlands province","Opuntia"
4111686697,"Mammillaria albilanata","Oaxaca",15,"15","8","2012","iNaturalist","158881657","Dr. Alexey Yakovlev",-96.474113,17.258873,"Balsas Basin province","Mammillaria"
4111781728,"Mammillaria albilanata","Oaxaca",76,"15","8","2012","iNaturalist","158862406","Ulises Guzm_n",-96.477634,17.258099,"Sierra Madre del Sur province","Mammillaria"
4111854841,"Melocactus curvispinus","Oaxaca",4,"2","5","2023","iNaturalist","160297413","Carlos Dom_nguez-Rodr_guez",-95.216205,16.583455,"Pacific Lowlands province","Melocactus"
4111957244,"Pilosocereus collinsii","Oaxaca",31,"7","5","2023","iNaturalist","160752664","Ulises Guzm_n",-95.314068,16.38081,"Pacific Lowlands province","Pilosocereus"
4111988495,"Pachycereus pecten-aboriginum","Oaxaca",75,"2","5","2023","iNaturalist","159973767","Carlos Dom_nguez-Rodr_guez",-95.016804,16.334043,"Pacific Lowlands province","Pachycereus"
4112055880,"Myrtillocactus geometrizans","Oaxaca",206,"27","3","2023","iNaturalist","160351635","itandehui11cortez01",-96.72324,17.065794,"Balsas Basin province","Myrtillocactus"
4112097569,"Opuntia karwinskiana","Oaxaca",8,"28","4","2023","iNaturalist","157478033","Carlos Dom_nguez-Rodr_guez",-96.136227,15.766042,"Pacific Lowlands province","Opuntia"
4112221479,"Pachycereus pecten-aboriginum","Oaxaca",NA,"2","5","2023","iNaturalist","159989718","Carlos Dom_nguez-Rodr_guez",-95.016457,16.354031,"Pacific Lowlands province","Pachycereus"
4116309960,"Opuntia decumbens","Oaxaca",4,"6","5","2023","iNaturalist","161219255","La Rata Mutante",-96.154523,15.734272,"Pacific Lowlands province","Opuntia"
4116413777,"Pachycereus pecten-aboriginum","Oaxaca",NA,"7","5","2023","iNaturalist","160845799","Omar Correa Rodr_guez",-95.307818,16.381955,"Pacific Lowlands province","Pachycereus"
4116453765,"Ferocactus recurvus","Oaxaca",4,"14","3","2023","iNaturalist","161873731","Erik Atonaltzin Tapia Santiago",-97.715431,17.668625,"Sierra Madre del Sur province","Ferocactus"
4120931684,"Mammillaria karwinskiana","Oaxaca",8,"13","8","2012","iNaturalist","162637780","Dr. Alexey Yakovlev",-96.39868,16.922585,"Balsas Basin province","Mammillaria"
4121145809,"Coryphantha elephantidens","Oaxaca",NA,"16","5","2023","iNaturalist","162085686","Eugenio Padilla",-96.721839,17.064632,"Balsas Basin province","Coryphantha"
4121226560,"Opuntia pilifera","Oaxaca",4,"5","4","2023","iNaturalist","153610689","makelikeanapeman",-96.449668,16.958433,"Balsas Basin province","Opuntia"
4121261511,"Coryphantha elephantidens","Oaxaca",4,"13","8","2012","iNaturalist","162637777","Dr. Alexey Yakovlev",-96.359192,16.928262,"Balsas Basin province","Coryphantha"
4121389140,"Pachycereus pecten-aboriginum","Oaxaca",NA,"19","5","2023","iNaturalist","162577792","Arturo Benavides-Mendoza",-94.971542,16.61875,"Pacific Lowlands province","Pachycereus"
4121409619,"Pereskia lychnidiflora","Oaxaca",NA,"8","5","2023","iNaturalist","163104971","La Rata Mutante",-96.136339,15.766015,"Pacific Lowlands province","Pereskia"
4126823859,"Mammillaria flavicentra","Oaxaca",628,"12","3","2023","iNaturalist","163494706","JENARO REYES MARTINEZ",-96.880407,17.824343,"Sierra Madre del Sur province","Mammillaria"
4127114527,"Coryphantha elephantidens","Oaxaca",92,"27","5","2023","iNaturalist","164118699","cactus-d",-96.870064,17.040997,"Sierra Madre del Sur province","Coryphantha"
4129790625,"Marginatocereus marginatus","Oaxaca",NA,"6","6","2017","iNaturalist","165173418","Styv De Jes_s Calva",-97.974349,17.926206,"Balsas Basin province","Marginatocereus"
4130142525,"Stenocereus stellatus","Oaxaca",NA,"5","6","2017","iNaturalist","165179731","Styv De Jes_s Calva",-97.933166,17.899079,"Balsas Basin province","Stenocereus"
4130196720,"Acanthocereus tetragonus","Oaxaca",31,"21","5","2023","iNaturalist","165314497","Daniel Juarez Santiago",-95.077626,16.479988,"Pacific Lowlands province","Acanthocereus"
4133972440,"Acanthocereus tetragonus","Oaxaca",NA,"6","6","2023","iNaturalist","166277334","Carlos Dom_nguez-Rodr_guez",-95.233391,16.620949,"Pacific Lowlands province","Acanthocereus"
4133992043,"Ferocactus recurvus","Oaxaca",424,"29","4","2023","iNaturalist","167046787","greymstreet",-97.442499,17.655692,"Sierra Madre del Sur province","Ferocactus"
4134095380,"Pachycereus pecten-aboriginum","Oaxaca",NA,"6","6","2023","iNaturalist","166277340","Carlos Dom_nguez-Rodr_guez",-95.233307,16.620865,"Pacific Lowlands province","Pachycereus"
4136388340,"Opuntia auberi","Oaxaca",NA,"21","9","1991","MEXU","103337013","",-97.05,18.083333,"Balsas Basin province","Opuntia"
4137643017,"Stenocereus pruinosus","Oaxaca",35,"19","6","2023","iNaturalist","168392803","Elliot Greiner",-96.656675,16.853519,"Balsas Basin province","Stenocereus"
4138035886,"Stenocereus treleasei","Oaxaca",6,"24","6","2023","iNaturalist","169390573","Ulises Guzm_n",-96.80465,17.168925,"Balsas Basin province","Stenocereus"
4138114185,"Mammillaria karwinskiana","Oaxaca",4,"21","6","2023","iNaturalist","168668649","Jonathan Mohl",-96.67384,16.857348,"Balsas Basin province","Mammillaria"
4138188927,"Mammillaria karwinskiana","Oaxaca",31,"16","5","2023","iNaturalist","168320255","Jonathan Mohl",-96.871746,17.039019,"Sierra Madre del Sur province","Mammillaria"
4138322271,"Stenocereus stellatus","Oaxaca",6,"21","6","2023","iNaturalist","168670128","Elliot Greiner",-96.673496,16.857611,"Balsas Basin province","Stenocereus"
4138641881,"Pachycereus pecten-aboriginum","Oaxaca",108,"17","6","2023","iNaturalist","168770058","Juve",-96.330837,16.601207,"Sierra Madre del Sur province","Pachycereus"
4138699465,"Pereskia lychnidiflora","Oaxaca",4,"25","6","2023","iNaturalist","169538475","Alexis L_pez Hern_ndez",-94.890514,16.45873,"Pacific Lowlands province","Pereskia"
4145544883,"Rhipsalis baccifera","Oaxaca",NA,"7","6","2023","iNaturalist","171076256","filimonios",-95.299065,16.883904,"Sierra Madre del Sur province","Rhipsalis"
4145659217,"Pereskiopsis kellermanii","Oaxaca",31,"1","7","2023","iNaturalist","170523538","Carlos Dom_nguez-Rodr_guez",-96.193139,15.764125,"Pacific Lowlands province","Pereskiopsis"
4168480260,"Disocactus ackermannii","Oaxaca",90,"23","5","1963","CECOY-INIFAP","20306","NO DISPONIBLE",-96.958333,18.141667,"Sierra Madre del Sur province","Disocactus"
4168485140,"Cephalocereus apicicephalium","Oaxaca",100,"3","9","1972","CECOY-INIFAP","25896","C. Zamora S.",-94.995246,16.581287,"Pacific Lowlands province","Cephalocereus"
4168601327,"Escontria chiotilla","Oaxaca",100,"26","2","1988","CUCBA-UDG","NO DISPONIBLE","NO DISPONIBLE",-96.356111,16.598889,"Sierra Madre del Sur province","Escontria"
4168737822,"Opuntia tomentosa","Oaxaca",90,"16","3","1996","CUCBA-UDG","152156","S. Arias",-97.569999,17.27,"Sierra Madre del Sur province","Opuntia"
4168737888,"Opuntia pilifera","Oaxaca",100,"16","7","1969","CECOY-INIFAP","22752","L. Scheinvar",-96.338056,16.923333,"Balsas Basin province","Opuntia"
4169312244,"Ferocactus recurvus","Oaxaca",NA,"1","11","2001","CIIDIR-IPN","46444","S. Arias",-97.575,18.025,"Sierra Madre del Sur province","Ferocactus"
4169319253,"Opuntia pubescens","Oaxaca",NA,"19","10","2004","CIIDIR-IPN","40939","L. Scheinvar",-96.000238,16.000833,"Pacific Lowlands province","Opuntia"
4171202979,"Melocactus curvispinus","Oaxaca",15,"2","7","2023","iNaturalist","170970226","Alexis L_pez Hern_ndez",-94.728638,16.418519,"Pacific Lowlands province","Melocactus"
4171651154,"Coryphantha retusa","Oaxaca",488,"16","7","2023","iNaturalist","175247612","Jos_ Luis Mendoza Betanzos",-97.457032,17.43368,"Sierra Madre del Sur province","Coryphantha"
4172188278,"Cephalocereus columna-trajani","Oaxaca",244,"6","8","2023","iNaturalist","177368156","Carlos Dom_nguez-Rodr_guez",-97.290312,18.152276,"Balsas Basin province","Cephalocereus"
4172190736,"Opuntia decumbens","Oaxaca",4,"25","6","2023","iNaturalist","177137875","Alexis L_pez Hern_ndez",-94.891393,16.458561,"Pacific Lowlands province","Opuntia"
4172305521,"Cephalocereus columna-trajani","Oaxaca",NA,"6","8","2023","iNaturalist","177368145","Carlos Dom_nguez-Rodr_guez",-97.330948,18.125912,"Sierra Madre del Sur province","Cephalocereus"
4399459349,"Opuntia auberi","Oaxaca",90,"10","10","2002","IBUNAM","NO DISPONIBLE","NO DISPONIBLE",-96.936944,17.711944,"Balsas Basin province","Opuntia"
4399459380,"Pachycereus weberi","Oaxaca",90,"5","9","1905","IBUNAM","NO DISPONIBLE","S. Gama; S. Arias",-96.961111,17.758333,"Balsas Basin province","Pachycereus"
4399459456,"Opuntia velutina","Oaxaca",90,NA,NA,NA,"IBUNAM","NO DISPONIBLE","C. A. Cruz",-96.933575,17.683561,"Balsas Basin province","Opuntia"
4399459606,"Opuntia decumbens","Oaxaca",90,NA,NA,NA,"IBUNAM","NO DISPONIBLE","C. A. Cruz",-96.942028,17.710306,"Balsas Basin province","Opuntia"
4399459661,"Mammillaria huitzilopochtli","Oaxaca",90,"26","5","2002","IBUNAM","NO DISPONIBLE","J. Reyes",-96.929833,17.71925,"Balsas Basin province","Mammillaria"
4399459684,"Epiphyllum oxypetalum","Oaxaca",90,"6","9","1993","IBUNAM","832166","S. Arias",-97.066667,18.133333,"Balsas Basin province","Epiphyllum"
4399493302,"Mammillaria huitzilopochtli","Oaxaca",90,NA,NA,"2010","FESI-UNAM","NO APLICA","",-96.986844,17.941278,"Balsas Basin province","Mammillaria"
4399493304,"Mammillaria huitzilopochtli","Oaxaca",90,NA,NA,"2010","FESI-UNAM","NO APLICA","",-96.983964,17.857458,"Balsas Basin province","Mammillaria"
4399493305,"Mammillaria huitzilopochtli","Oaxaca",90,NA,NA,"2010","FESI-UNAM","NO APLICA","",-96.97035,17.907983,"Balsas Basin province","Mammillaria"
4399493326,"Mammillaria kraehenbuehlii","Oaxaca",90,NA,NA,"2010","FESI-UNAM","NO APLICA","",-97.27818,17.83275,"Sierra Madre del Sur province","Mammillaria"
4399493355,"Mammillaria huitzilopochtli","Oaxaca",90,NA,NA,"2010","FESI-UNAM","NO APLICA","",-96.974889,17.913083,"Balsas Basin province","Mammillaria"
4399493365,"Mammillaria kraehenbuehlii","Oaxaca",90,NA,NA,"2010","FESI-UNAM","NO APLICA","",-97.566917,17.665972,"Sierra Madre del Sur province","Mammillaria"
4399493373,"Mammillaria kraehenbuehlii","Oaxaca",90,NA,NA,"2010","FESI-UNAM","NO APLICA","",-97.56425,17.661,"Sierra Madre del Sur province","Mammillaria"
4399493398,"Mammillaria kraehenbuehlii","Oaxaca",90,NA,NA,"2010","FESI-UNAM","NO APLICA","",-97.27518,17.81598,"Sierra Madre del Sur province","Mammillaria"
4399493403,"Mammillaria kraehenbuehlii","Oaxaca",90,NA,NA,"2010","FESI-UNAM","NO APLICA","",-97.27844,17.81833,"Sierra Madre del Sur province","Mammillaria"
4399493454,"Mammillaria huitzilopochtli","Oaxaca",90,NA,NA,"2010","FESI-UNAM","NO APLICA","",-96.989389,17.879361,"Balsas Basin province","Mammillaria"
4399493520,"Mammillaria kraehenbuehlii","Oaxaca",90,NA,NA,"2010","FESI-UNAM","NO APLICA","",-97.27271,17.81535,"Sierra Madre del Sur province","Mammillaria"
4399493622,"Mammillaria huitzilopochtli","Oaxaca",90,NA,NA,"2010","FESI-UNAM","NO APLICA","",-96.959917,17.826583,"Balsas Basin province","Mammillaria"
4399493668,"Mammillaria kraehenbuehlii","Oaxaca",90,NA,NA,"2010","FESI-UNAM","NO APLICA","",-97.31502,17.80873,"Sierra Madre del Sur province","Mammillaria"
4399493729,"Mammillaria kraehenbuehlii","Oaxaca",90,NA,NA,"2010","FESI-UNAM","NO APLICA","",-97.30966,17.30154,"Sierra Madre del Sur province","Mammillaria"
4399493912,"Mammillaria kraehenbuehlii","Oaxaca",90,NA,NA,"2010","FESI-UNAM","NO APLICA","",-97.16704,17.49087,"Sierra Madre del Sur province","Mammillaria"
4399494173,"Mammillaria huitzilopochtli","Oaxaca",90,NA,NA,"2010","FESI-UNAM","NO APLICA","",-96.990444,17.867611,"Balsas Basin province","Mammillaria"
4399494203,"Mammillaria kraehenbuehlii","Oaxaca",90,"18","4","2011","FESI-UNAM","NO APLICA","LUGC",-97.309661,17.784872,"Sierra Madre del Sur province","Mammillaria"
4399494221,"Mammillaria huitzilopochtli","Oaxaca",90,NA,NA,"2010","FESI-UNAM","NO APLICA","",-96.984944,17.866222,"Balsas Basin province","Mammillaria"
4399495582,"Mammillaria huitzilopochtli","Oaxaca",90,NA,NA,"2010","FESI-UNAM","NO APLICA","",-96.993139,17.852278,"Balsas Basin province","Mammillaria"
4399495639,"Mammillaria huitzilopochtli","Oaxaca",90,NA,NA,"2010","FESI-UNAM","NO APLICA","",-96.998778,17.863194,"Balsas Basin province","Mammillaria"
4399496075,"Mammillaria kraehenbuehlii","Oaxaca",90,NA,NA,"2010","FESI-UNAM","NO APLICA","",-97.2963,17.82419,"Sierra Madre del Sur province","Mammillaria"
4399496239,"Mammillaria kraehenbuehlii","Oaxaca",90,NA,NA,"2010","FESI-UNAM","NO APLICA","",-97.30386,17.80791,"Sierra Madre del Sur province","Mammillaria"
4399909912,"Polaskia chichipe","Oaxaca",NA,"9","9","2013","iNaturalist","179244529","Rosario",-97.647653,18.231075,"Balsas Basin province","Polaskia"
4400024378,"Opuntia tehuantepecana","Oaxaca",NA,"18","7","2023","iNaturalist","179589559","Ulises Guzm_n",-96.549472,15.6658,"Pacific Lowlands province","Opuntia"
4400188640,"Escontria chiotilla","Oaxaca",NA,"9","9","2013","iNaturalist","179245129","Rosario",-97.647636,18.231042,"Balsas Basin province","Escontria"
4400239785,"Pachycereus pecten-aboriginum","Oaxaca",808,"27","7","2023","iNaturalist","179393329","A.-A.-G.-G.",-96.768519,17.046445,"Balsas Basin province","Pachycereus"
4400346068,"Pachycereus pecten-aboriginum","Oaxaca",8,"2","7","2023","iNaturalist","179283226","Ulises Guzm_n",-94.084431,16.235186,"Pacific Lowlands province","Pachycereus"
4400391788,"Opuntia tehuantepecana","Oaxaca",NA,"17","7","2023","iNaturalist","177455052","Ulises Guzm_n",-96.578,15.67,"Pacific Lowlands province","Opuntia"
4405040797,"Pachycereus weberi","Oaxaca",NA,"10","9","2013","iNaturalist","179099585","AMAURI DIAZ SOLIS",-97.273056,18.154303,"Balsas Basin province","Pachycereus"
4405125636,"Myrtillocactus schenckii","Oaxaca",35,"5","7","2023","iNaturalist","171269138","Elliot Greiner",-96.460638,16.999574,"Balsas Basin province","Myrtillocactus"
4405181013,"Acanthocereus tetragonus","Oaxaca",4,"31","1","2023","iNaturalist","179787778","Belton",-97.667489,15.977319,"Pacific Lowlands province","Acanthocereus"
4405208603,"Coryphantha elephantidens","Oaxaca",20,"29","3","2023","iNaturalist","180316120","James Connolly Davis",-96.602213,16.875183,"Balsas Basin province","Coryphantha"
4405298953,"Pachycereus pecten-aboriginum","Oaxaca",4,"1","2","2023","iNaturalist","179933120","Belton",-97.661094,15.978292,"Pacific Lowlands province","Pachycereus"
4407135354,"Marginatocereus marginatus","Oaxaca",4,"27","1","2018","iNaturalist","108093157","Tim Zitnak",-96.594849,16.329011,"Balsas Basin province","Marginatocereus"
4407359689,"Stenocereus pruinosus","Oaxaca",2,"25","6","2023","iNaturalist","177137878","halvaradosizzo",-94.891158,16.458614,"Pacific Lowlands province","Stenocereus"
4413508808,"Stenocereus pruinosus","Oaxaca",5,"24","8","2023","iNaturalist","182208163","_lvaro San Jos_",-96.926619,17.721936,"Balsas Basin province","Stenocereus"
4413628715,"Stenocereus pruinosus","Oaxaca",3,"2","7","2023","iNaturalist","170766379","Elliot Greiner",-96.855761,16.61695,"Balsas Basin province","Stenocereus"
4413822105,"Ferocactus recurvus","Oaxaca",5,"25","8","2023","iNaturalist","182337898","_lvaro San Jos_",-97.001786,17.813478,"Balsas Basin province","Ferocactus"
4413871690,"Stenocereus stellatus","Oaxaca",5,"23","8","2023","iNaturalist","182185690","_lvaro San Jos_",-96.961242,17.823747,"Balsas Basin province","Stenocereus"
4413966049,"Myrtillocactus geometrizans","Oaxaca",30,"25","8","2023","iNaturalist","182337837","_lvaro San Jos_",-97.000939,17.813419,"Balsas Basin province","Myrtillocactus"
4416642903,"Pilosocereus chrysacanthus","Oaxaca",8,"17","9","2023","iNaturalist","184067000","Carlos Dom_nguez-Rodr_guez",-96.626029,16.311099,"Sierra Madre del Sur province","Pilosocereus"
4416645568,"Mammillaria albilanata","Oaxaca",15,"3","6","2023","iNaturalist","171085055","La Rata Mutante",-96.660514,16.253918,"Sierra Madre del Sur province","Mammillaria"
4416645577,"Mammillaria albilanata","Oaxaca",4,"4","6","2023","iNaturalist","172015732","La Rata Mutante",-96.683802,16.279485,"Sierra Madre del Sur province","Mammillaria"
4416646327,"Stenocereus treleasei","Oaxaca",NA,"18","1","2022","iNaturalist","105244803","Ulises Guzm_n",-96.670957,16.416016,"Balsas Basin province","Stenocereus"
4416650611,"Mammillaria albilanata","Oaxaca",15,"4","6","2023","iNaturalist","172015973","La Rata Mutante",-96.681172,16.278677,"Sierra Madre del Sur province","Mammillaria"
4416669959,"Mammillaria albilanata","Oaxaca",15,"16","9","2023","iNaturalist","184148759","La Rata Mutante",-96.678974,16.250303,"Sierra Madre del Sur province","Mammillaria"
4416679425,"Mammillaria albilanata","Oaxaca",8,"3","6","2023","iNaturalist","171070812","La Rata Mutante",-96.657669,16.254584,"Sierra Madre del Sur province","Mammillaria"
4416761411,"Mammillaria albilanata","Oaxaca",15,"3","6","2023","iNaturalist","171070758","La Rata Mutante",-96.669881,16.252377,"Sierra Madre del Sur province","Mammillaria"
4416832426,"Pachycereus pecten-aboriginum","Oaxaca",61,"23","6","2022","iNaturalist","169471027","Daniel Juarez Santiago",-95.025666,16.333016,"Pacific Lowlands province","Pachycereus"
4416862536,"Pachycereus pecten-aboriginum","Oaxaca",3,"24","6","2023","iNaturalist","169389354","Elliot Greiner",-96.803483,17.167242,"Balsas Basin province","Pachycereus"
4417048424,"Escontria chiotilla","Oaxaca",848,"23","9","2023","iNaturalist","184612552","ale_enriquez",-97.751177,17.827483,"Balsas Basin province","Escontria"
4420715402,"Pachycereus weberi","Oaxaca",61,"7","3","2016","iNaturalist","134916597","zoquiapam",-96.8511,17.584134,"Balsas Basin province","Pachycereus"
4420787713,"Mammillaria karwinskiana","Oaxaca",4,"2","8","2023","iNaturalist","176355424","Jonathan Mohl",-96.515778,17.057622,"Sierra Madre del Sur province","Mammillaria"
4420901625,"Stenocereus treleasei","Oaxaca",4,"29","6","2023","iNaturalist","170142224","Ulises Guzm_n",-96.700087,16.718331,"Balsas Basin province","Stenocereus"
4420957515,"Pachycereus pecten-aboriginum","Oaxaca",61,"8","4","2023","iNaturalist","154373299","Daniel Juarez Santiago",-95.094917,16.525118,"Pacific Lowlands province","Pachycereus"
4421028350,"Pachycereus weberi","Oaxaca",1,"30","7","2020","iNaturalist","64607989","_lvaro San Jos_",-96.843124,17.789932,"Sierra Madre del Sur province","Pachycereus"
4424081629,"Stenocereus pruinosus","Oaxaca",31,"30","4","2023","iNaturalist","159924534","Ulises Guzm_n",-94.874196,16.58676,"Pacific Lowlands province","Stenocereus"
4424108482,"Stenocereus pruinosus","Oaxaca",31,"10","4","2023","iNaturalist","154656681","Daniel Juarez Santiago",-95.077777,16.479476,"Pacific Lowlands province","Stenocereus"
4424153360,"Stenocereus pruinosus","Oaxaca",122,"22","1","2021","iNaturalist","68452513","_lvaro San Jos_",-96.881486,17.843268,"Sierra Madre del Sur province","Stenocereus"
4424410890,"Escontria chiotilla","Oaxaca",NA,"6","6","2021","iNaturalist","186686349","Joseph Scheer",-96.92518,17.609335,"Balsas Basin province","Escontria"
4424436717,"Stenocereus pruinosus","Oaxaca",232,"5","7","2023","iNaturalist","171268904","Elliot Greiner",-96.462307,16.997938,"Balsas Basin province","Stenocereus"
4424481580,"Stenocereus pruinosus","Oaxaca",61,"2","5","2023","iNaturalist","159989714","Ulises Guzm_n",-95.016868,16.335198,"Pacific Lowlands province","Stenocereus"
4424692973,"Coryphantha pallida","Oaxaca",6,"6","6","2021","iNaturalist","186686348","Joseph Scheer",-96.925194,17.609336,"Balsas Basin province","Coryphantha"
4430532499,"Ferocactus recurvus","Oaxaca",11,"30","9","2023","iNaturalist","185890837","",-96.919045,17.638667,"Balsas Basin province","Ferocactus"
4430858315,"Ferocactus recurvus","Oaxaca",285,"5","1","2017","iNaturalist","7717839","cactus-d",-96.953788,17.801078,"Balsas Basin province","Ferocactus"
4430877117,"Stenocereus treleasei","Oaxaca",4,"18","3","2023","iNaturalist","151773384","Ulises Guzm_n",-96.630347,16.292121,"Sierra Madre del Sur province","Stenocereus"
4430888106,"Ferocactus recurvus","Oaxaca",31,"27","11","2022","iNaturalist","143138178","miliomila",-97.732554,17.833341,"Balsas Basin province","Ferocactus"
4430888631,"Coryphantha pallida","Oaxaca",5,"24","10","2023","iNaturalist","188815878","Jorge Ramos Luna",-97.166497,18.167147,"Balsas Basin province","Coryphantha"
4430901067,"Stenocereus treleasei","Oaxaca",NA,"4","3","2023","iNaturalist","151254262","Ulises Guzm_n",-96.451872,16.9565,"Balsas Basin province","Stenocereus"
4430937659,"Stenocereus treleasei","Oaxaca",3,"30","6","2023","iNaturalist","171219463","Ulises Guzm_n",-96.822657,17.256063,"Sierra Madre del Sur province","Stenocereus"
4431056788,"Pachycereus pecten-aboriginum","Oaxaca",698,"12","10","2023","iNaturalist","187431030","W. Larry Sward",-95.759135,15.919794,"Pacific Lowlands province","Pachycereus"
4431284390,"Myrtillocactus schenckii","Oaxaca",3,"23","10","2023","iNaturalist","188711488","Joshua Wade Covill",-96.594741,16.948184,"Balsas Basin province","Myrtillocactus"
4436052594,"Mammillaria albilanata","Oaxaca",4,"1","1","2023","iNaturalist","147001626","Ulises Guzm_n",-96.638625,16.283429,"Sierra Madre del Sur province","Mammillaria"
4436075362,"Mammillaria albilanata","Oaxaca",832,"22","6","2020","iNaturalist","50726066","ricardo_munoz",-96.893414,16.604125,"Sierra Madre del Sur province","Mammillaria"
4436107378,"Mammillaria albilanata","Oaxaca",122,"19","8","2020","iNaturalist","60896935","ricardo_munoz",-97.232244,16.996368,"Sierra Madre del Sur province","Mammillaria"
4436107502,"Mammillaria albilanata","Oaxaca",NA,"28","5","2022","iNaturalist","121379507","Carlos Dom_nguez-Rodr_guez",-96.643021,16.316338,"Sierra Madre del Sur province","Mammillaria"
4436131827,"Acanthocereus tetragonus","Oaxaca",9,"25","10","2023","iNaturalist","188903777","J. Refugio Tobar Reyes",-95.204617,16.1636,"Pacific Lowlands province","Acanthocereus"
4436208027,"Mammillaria albilanata","Oaxaca",15,"16","9","2023","iNaturalist","184012514","Ulises Guzm_n",-96.687816,16.255014,"Sierra Madre del Sur province","Mammillaria"
4436225541,"Mammillaria albilanata","Oaxaca",NA,"28","5","2022","iNaturalist","119669429","Ulises Guzm_n",-96.638351,16.315689,"Sierra Madre del Sur province","Mammillaria"
4436236580,"Mammillaria carnea","Oaxaca",61,"7","3","2016","iNaturalist","134902376","zoquiapam",-96.837267,17.580984,"Balsas Basin province","Mammillaria"
4436236728,"Mammillaria albilanata","Oaxaca",NA,"16","5","2023","iNaturalist","162085089","Ulises Guzm_n",-96.869026,17.043375,"Sierra Madre del Sur province","Mammillaria"
4436280560,"Ferocactus recurvus","Oaxaca",7,"24","10","2023","iNaturalist","188816253","AMAURI DIAZ SOLIS",-97.18943,18.170278,"Balsas Basin province","Ferocactus"
4436310631,"Stenocereus stellatus","Oaxaca",4,"30","10","2023","iNaturalist","189509904","zaramaria",-96.643332,17.073488,"Balsas Basin province","Stenocereus"
4436365569,"Mammillaria albilanata","Oaxaca",122,"2","9","2019","iNaturalist","132625659","Ulises Guzm_n",-96.993575,16.689411,"Sierra Madre del Sur province","Mammillaria"
4436369464,"Mammillaria albilanata","Oaxaca",38,"5","1","2022","iNaturalist","104504480","cactus-d",-96.96342,16.44116,"Sierra Madre del Sur province","Mammillaria"
4440613136,"Stenocereus pruinosus","Oaxaca",4,"12","10","2023","iNaturalist","187585261","W. Larry Sward",-95.776978,15.874414,"Pacific Lowlands province","Stenocereus"
4440619835,"Stenocereus pruinosus","Oaxaca",4,"17","6","2023","iNaturalist","167971278","sagevinje",-96.125307,15.742517,"Pacific Lowlands province","Stenocereus"
4440749898,"Opuntia decumbens","Oaxaca",NA,"17","7","2023","iNaturalist","175153611","Ulises Guzm_n",-96.493774,15.666952,"Pacific Lowlands province","Opuntia"
4442361974,"Acanthocereus tetragonus","Oaxaca",260,"17","9","2023","iNaturalist","184080075","Liam Ragan",-96.0749,15.811181,"Pacific Lowlands province","Acanthocereus"
4442371745,"Acanthocereus tetragonus","Oaxaca",61,"23","6","2022","iNaturalist","169470903","Daniel Juarez Santiago",-95.024422,16.333139,"Pacific Lowlands province","Acanthocereus"
4442374635,"Acanthocereus tetragonus","Oaxaca",NA,"7","5","2023","iNaturalist","160754016","Ulises Guzm_n",-95.309017,16.381476,"Pacific Lowlands province","Acanthocereus"
4442376117,"Myrtillocactus schenckii","Oaxaca",102,"9","10","2023","iNaturalist","188963181","edwardrooks",-96.402252,16.919531,"Balsas Basin province","Myrtillocactus"
4442568477,"Coryphantha elephantidens","Oaxaca",284,"17","8","2023","iNaturalist","191062634","miriamrp",-95.911189,16.796272,"Pacific Lowlands province","Coryphantha"
4442582156,"Opuntia lasiacantha","Oaxaca",122,"3","11","2023","iNaturalist","190465971","Daniel Juarez Santiago",-96.465176,17.083312,"Sierra Madre del Sur province","Opuntia"
4442744126,"Myrtillocactus schenckii","Oaxaca",NA,"8","11","2023","iNaturalist","191548044","Colin Barrows",-96.374489,16.908939,"Balsas Basin province","Myrtillocactus"
4453674542,"Acanthocereus tetragonus","Oaxaca",NA,"3","5","2022","iNaturalist","117716603","jcco",-95.896919,18.099234,"Veracruzan province","Acanthocereus"
4453707071,"Pachycereus pecten-aboriginum","Oaxaca",4,"21","10","2023","iNaturalist","188419506","Antonio Bautista Escobar",-94.79763,16.614767,"Pacific Lowlands province","Pachycereus"
4453721622,"Acanthocereus tetragonus","Oaxaca",NA,"22","1","2023","iNaturalist","148676416","Sierra Eco",-97.815163,16.262092,"Pacific Lowlands province","Acanthocereus"
4453798318,"Neobuxbaumia tetetzo","Oaxaca",NA,"8","8","2018","iNaturalist","15442045","Carlos Dom_nguez-Rodr_guez",-96.057823,15.79635,"Pacific Lowlands province","Neobuxbaumia"
4453806395,"Ferocactus recurvus","Oaxaca",NA,"19","11","2023","iNaturalist","191961918","Ricardo Arredondo T.",-97.36843,17.870171,"Sierra Madre del Sur province","Ferocactus"
4453808307,"Mammillaria karwinskiana","Oaxaca",NA,"16","11","2023","iNaturalist","191852624","Jonathan Mohl",-96.277188,16.866323,"Sierra Madre del Sur province","Mammillaria"
4453825637,"Acanthocereus tetragonus","Oaxaca",NA,"25","3","2023","iNaturalist","152524395","Carlos Dom_nguez-Rodr_guez",-96.124222,15.750701,"Pacific Lowlands province","Acanthocereus"
4453873649,"Acanthocereus tetragonus","Oaxaca",4,"23","4","2023","iNaturalist","156524066","Carlos Dom_nguez-Rodr_guez",-96.231874,15.863165,"Pacific Lowlands province","Acanthocereus"
4453884658,"Acanthocereus tetragonus","Oaxaca",61,"8","4","2023","iNaturalist","155740314","Dean Hester",-96.297199,17.824021,"Veracruzan province","Acanthocereus"
4453930877,"Acanthocereus tetragonus","Oaxaca",159,"21","11","2023","iNaturalist","192424740","Erick V_lez S_nchez",-96.565381,15.664643,"Pacific Lowlands province","Acanthocereus"
4453959294,"Ferocactus recurvus","Oaxaca",NA,"16","11","2023","iNaturalist","191852544","taniaortega",-96.27676,16.867085,"Sierra Madre del Sur province","Ferocactus"
4454048703,"Pachycereus pecten-aboriginum","Oaxaca",NA,"23","11","2023","iNaturalist","192290615","H_ctor Cruz-Luna",-95.441503,16.712959,"Pacific Lowlands province","Pachycereus"
4458337764,"Pilosocereus collinsii","Oaxaca",NA,"24","1","2023","iNaturalist","147515471","Carlos Dom_nguez-Rodr_guez",-96.129501,15.768423,"Pacific Lowlands province","Pilosocereus"
4458346885,"Ferocactus recurvus","Oaxaca",5,"18","3","2023","iNaturalist","163296649","Tim Zitnak",-97.158803,17.300056,"Sierra Madre del Sur province","Ferocactus"
4458348378,"Pilosocereus collinsii","Oaxaca",4,"19","4","2020","iNaturalist","43141916","Carlos Dom_nguez-Rodr_guez",-96.188062,15.763233,"Pacific Lowlands province","Pilosocereus"
4458352393,"Pilosocereus collinsii","Oaxaca",15,"1","4","2020","iNaturalist","41494334","Carlos Dom_nguez-Rodr_guez",-96.135081,15.76924,"Pacific Lowlands province","Pilosocereus"
4458360317,"Pilosocereus collinsii","Oaxaca",324,"3","4","2018","iNaturalist","10600030","Carlos Dom_nguez-Rodr_guez",-96.167021,15.761445,"Pacific Lowlands province","Pilosocereus"
4458364820,"Pilosocereus leucocephalus","Oaxaca",61,"8","4","2023","iNaturalist","154373287","Daniel Juarez Santiago",-95.094818,16.525324,"Pacific Lowlands province","Pilosocereus"
4458434129,"Stenocereus stellatus","Oaxaca",NA,"31","10","2023","iNaturalist","192677453","Colin Barrows",-96.766883,17.04479,"Balsas Basin province","Stenocereus"
4458554308,"Pilosocereus collinsii","Oaxaca",15,"21","2","2018","iNaturalist","9972309","Carlos Dom_nguez-Rodr_guez",-96.200452,15.777748,"Pacific Lowlands province","Pilosocereus"
4458561316,"Pilosocereus collinsii","Oaxaca",31,"21","2","2018","iNaturalist","9972306","Carlos Dom_nguez-Rodr_guez",-96.200688,15.774351,"Pacific Lowlands province","Pilosocereus"
4458566880,"Disocactus speciosus","Oaxaca",NA,"3","6","2023","iNaturalist","165753709","Ulises Guzm_n",-96.675247,16.248722,"Sierra Madre del Sur province","Disocactus"
4458571338,"Pilosocereus collinsii","Oaxaca",NA,"28","12","2018","iNaturalist","19359816","ricardo_munoz",-95.22061,16.18913,"Pacific Lowlands province","Pilosocereus"
4458592385,"Pilosocereus leucocephalus","Oaxaca",31,"24","11","2017","iNaturalist","40675077","Diego Manzano M_ndez",-96.573949,17.395102,"Balsas Basin province","Pilosocereus"
4458596380,"Pilosocereus leucocephalus","Oaxaca",61,"18","2","2016","iNaturalist","39194348","Leticia Soriano Flores",-97.163505,18.149814,"Balsas Basin province","Pilosocereus"
4458597433,"Pilosocereus collinsii","Oaxaca",8,"7","10","2020","iNaturalist","61998921","Ulises Guzm_n",-96.210856,15.77946,"Pacific Lowlands province","Pilosocereus"
4458606349,"Pilosocereus leucocephalus","Oaxaca",61,"16","8","2018","iNaturalist","19342454","ricardo_munoz",-96.446915,15.770696,"Pacific Lowlands province","Pilosocereus"
4465355894,"Pereskia lychnidiflora","Oaxaca",4,"31","5","2023","iNaturalist","166734772","zapoteca",-94.498642,16.468244,"Pacific Lowlands province","Pereskia"
4465357570,"Pereskiopsis rotundifolia","Oaxaca",NA,"14","12","2021","iNaturalist","103984794","Carlos Dom_nguez-Rodr_guez",-96.201401,15.771,"Pacific Lowlands province","Pereskiopsis"
4465359716,"Pereskiopsis rotundifolia","Oaxaca",10,"21","9","2022","iNaturalist","137051147","filimonios",-96.194078,15.76977,"Pacific Lowlands province","Pereskiopsis"
4465361471,"Pereskiopsis rotundifolia","Oaxaca",NA,"20","3","2021","iNaturalist","72069751","Carlos Dom_nguez-Rodr_guez",-95.376228,16.032118,"Pacific Lowlands province","Pereskiopsis"
4465375762,"Pereskiopsis rotundifolia","Oaxaca",4,"25","3","2023","iNaturalist","152524415","Carlos Dom_nguez-Rodr_guez",-96.124881,15.74998,"Pacific Lowlands province","Pereskiopsis"
4465379633,"Pereskia lychnidiflora","Oaxaca",NA,"23","6","2022","iNaturalist","123165630","Carlos Dom_nguez-Rodr_guez",-96.170601,15.749351,"Pacific Lowlands province","Pereskia"
4465379888,"Disocactus speciosus","Oaxaca",NA,"3","6","2023","iNaturalist","165824782","Carlos Dom_nguez-Rodr_guez",-96.65715,16.253721,"Sierra Madre del Sur province","Disocactus"
4465380680,"Pereskia lychnidiflora","Oaxaca",3,"16","9","2022","iNaturalist","135248944","_ngel Mata",-96.675214,16.543348,"Balsas Basin province","Pereskia"
4465383592,"Pereskia lychnidiflora","Oaxaca",NA,"6","3","2022","iNaturalist","108307331","Carlos Dom_nguez-Rodr_guez",-96.058319,15.785048,"Pacific Lowlands province","Pereskia"
4465385613,"Pereskiopsis rotundifolia","Oaxaca",4,"11","5","2022","iNaturalist","117192408","Carlos Dom_nguez-Rodr_guez",-96.136129,15.7661,"Pacific Lowlands province","Pereskiopsis"
4465386699,"Pereskiopsis kellermanii","Oaxaca",10,"5","10","2022","iNaturalist","139128537","filimonios",-96.16323,15.776,"Pacific Lowlands province","Pereskiopsis"
4465391721,"Pereskiopsis kellermanii","Oaxaca",10,"3","10","2022","iNaturalist","137565045","filimonios",-96.150069,15.756533,"Pacific Lowlands province","Pereskiopsis"
4465396857,"Disocactus speciosus","Oaxaca",NA,"4","6","2023","iNaturalist","165832100","Carlos Dom_nguez-Rodr_guez",-96.684761,16.279995,"Sierra Madre del Sur province","Disocactus"
4465402780,"Pereskia lychnidiflora","Oaxaca",NA,"27","3","2023","iNaturalist","160666204","g3r4rd0",-96.723108,17.067628,"Balsas Basin province","Pereskia"
4465403566,"Pereskiopsis rotundifolia","Oaxaca",NA,"1","11","2021","iNaturalist","100030796","Bodo Nu_ez Oberg",-96.738429,17.034676,"Balsas Basin province","Pereskiopsis"
4465451271,"Mammillaria karwinskiana","Oaxaca",268,"7","12","2023","iNaturalist","193402827","Jonathan Mohl",-96.660806,16.923478,"Balsas Basin province","Mammillaria"
4465451566,"Mammillaria albilanata","Oaxaca",15,"6","5","2022","iNaturalist","193183014","Jonathan Mohl",-96.546576,16.318611,"Balsas Basin province","Mammillaria"
4465460683,"Opuntia streptacantha","Oaxaca",NA,"8","11","2023","iNaturalist","193197807","Colin Barrows",-96.373085,16.909328,"Balsas Basin province","Opuntia"
4465536058,"Disocactus speciosus","Oaxaca",NA,"19","8","2023","iNaturalist","179271424","Ulises Emmanuel Mart_nez Burgos",-96.505806,16.197107,"Sierra Madre del Sur province","Disocactus"
4465576644,"Pereskia lychnidiflora","Oaxaca",NA,"21","6","2022","iNaturalist","122866409","Carlos Dom_nguez-Rodr_guez",-96.183357,15.72849,"Pacific Lowlands province","Pereskia"
4465580759,"Pereskia lychnidiflora","Oaxaca",145,"16","1","2023","iNaturalist","146704034","Kevin Meza",-95.008214,16.54672,"Pacific Lowlands province","Pereskia"
4465587869,"Disocactus speciosus","Oaxaca",4,"3","6","2023","iNaturalist","165824790","Carlos Dom_nguez-Rodr_guez",-96.659042,16.254196,"Sierra Madre del Sur province","Disocactus"
4465588492,"Disocactus speciosus","Oaxaca",615,"30","4","2021","iNaturalist","75995007","pedroperezcruz",-96.958115,16.777444,"Sierra Madre del Sur province","Disocactus"
4465597653,"Pereskia lychnidiflora","Oaxaca",NA,"21","6","2022","iNaturalist","122866401","Carlos Dom_nguez-Rodr_guez",-96.182396,15.728244,"Pacific Lowlands province","Pereskia"
4465598593,"Disocactus speciosus","Oaxaca",29,"12","4","2022","iNaturalist","112112283","Ulises Guzm_n",-96.374366,15.900916,"Sierra Madre del Sur province","Disocactus"
4465600588,"Disocactus speciosus","Oaxaca",16,"6","4","2022","iNaturalist","110685032","Skjold S_ndergaard",-96.515358,16.186245,"Sierra Madre del Sur province","Disocactus"
4465604618,"Disocactus speciosus","Oaxaca",32,"5","4","2022","iNaturalist","110673117","Skjold S_ndergaard",-96.500345,16.178687,"Sierra Madre del Sur province","Disocactus"
4465605771,"Pereskia lychnidiflora","Oaxaca",61,"8","4","2023","iNaturalist","154373270","Daniel Juarez Santiago",-95.080741,16.519454,"Pacific Lowlands province","Pereskia"
4465607658,"Pereskia lychnidiflora","Oaxaca",8,"13","7","2022","iNaturalist","128241588","Ciro Rodriguez Perez",-95.322254,16.362402,"Pacific Lowlands province","Pereskia"
4465639614,"Disocactus speciosus","Oaxaca",59,"12","4","2022","iNaturalist","111274724","Carlos Dom_nguez-Rodr_guez",-96.375023,15.901246,"Sierra Madre del Sur province","Disocactus"
4465640715,"Mammillaria karwinskiana","Oaxaca",NA,"1","1","2023","iNaturalist","145720278","Jonathan Mohl",-96.45576,17.271169,"Sierra Madre del Sur province","Mammillaria"
4465646780,"Pereskiopsis rotundifolia","Oaxaca",NA,"6","2","2023","iNaturalist","148402814","La Rata Mutante",-96.132321,15.764684,"Pacific Lowlands province","Pereskiopsis"
4465653735,"Pereskiopsis rotundifolia","Oaxaca",3,"29","12","2022","iNaturalist","145396048","Jim Riley",-95.78302,15.87963,"Pacific Lowlands province","Pereskiopsis"
4465682505,"Mammillaria karwinskiana","Oaxaca",15,"4","3","2023","iNaturalist","193180021","Jonathan Mohl",-96.514536,16.285821,"Balsas Basin province","Mammillaria"
4465682567,"Acanthocereus tetragonus","Oaxaca",NA,"11","11","2023","iNaturalist","193197858","Colin Barrows",-96.578502,15.671115,"Pacific Lowlands province","Acanthocereus"
4465711671,"Opuntia lasiacantha","Oaxaca",NA,"8","11","2023","iNaturalist","193197800","Colin Barrows",-96.277185,16.86525,"Sierra Madre del Sur province","Opuntia"
4500453703,"Pereskia lychnidiflora","Oaxaca",NA,"8","10","2021","iNaturalist","97618269","Carlos Dom_nguez-Rodr_guez",-96.161453,15.76059,"Pacific Lowlands province","Pereskia"
4500474183,"Escontria chiotilla","Oaxaca",NA,"6","6","2017","iNaturalist","165172877","Styv De Jes_s Calva",-97.974518,17.926326,"Balsas Basin province","Escontria"
4500511208,"Escontria chiotilla","Oaxaca",101,"17","6","2023","iNaturalist","168770513","Juve",-96.330566,16.602033,"Sierra Madre del Sur province","Escontria"
4500666475,"Pereskia lychnidiflora","Oaxaca",5,"20","12","2016","iNaturalist","50960476","Martin Lowry",-94.453972,16.402444,"Pacific Lowlands province","Pereskia"
4500670993,"Pereskiopsis diguetii","Oaxaca",51,"15","1","2023","iNaturalist","146666444","Ulises Guzm_n",-95.375759,16.034812,"Pacific Lowlands province","Pereskiopsis"
4500818377,"Escontria chiotilla","Oaxaca",122,"21","8","2023","iNaturalist","179728655","Leticia Soriano Flores",-96.92942,17.713748,"Balsas Basin province","Escontria"
4500861503,"Mammillaria karwinskiana","Oaxaca",15,"31","10","2007","iNaturalist","194046171","lougarou",-96.843587,17.046417,"Sierra Madre del Sur province","Mammillaria"
4500875567,"Opuntia pubescens","Oaxaca",15,"31","10","2007","iNaturalist","194046934","lougarou",-96.842852,17.046178,"Sierra Madre del Sur province","Opuntia"
4506323922,"Mammillaria rekoi","Oaxaca",4,"22","12","2023","iNaturalist","194863523","Ciro Rodriguez Perez",-96.732257,17.217169,"Sierra Madre del Sur province","Mammillaria"
4506355442,"Opuntia tomentosa","Oaxaca",4,"23","12","2023","iNaturalist","194693390","Elliot Greiner",-96.661344,16.848586,"Balsas Basin province","Opuntia"
4506420562,"Mammillaria albilanata","Oaxaca",256,"27","3","2008","iNaturalist","105533883","Jonathan Mohl",-96.692643,18.042115,"Sierra Madre del Sur province","Mammillaria"
4506434707,"Mammillaria karwinskiana","Oaxaca",4,"20","12","2023","iNaturalist","194462156","Elliot Greiner",-96.658992,16.851978,"Balsas Basin province","Mammillaria"
4507808325,"Stenocereus treleasei","Oaxaca",NA,"29","8","2018","iNaturalist","16010514","ricardo_munoz",-96.684998,16.423056,"Balsas Basin province","Stenocereus"
4507830303,"Coryphantha pallida","Oaxaca",NA,"29","5","2012","iNaturalist","766783","Ulises Guzm_n",-97.353651,17.873157,"Sierra Madre del Sur province","Coryphantha"
4507930243,"Mammillaria albilanata","Oaxaca",NA,"16","11","2023","iNaturalist","195508229","Jonathan Mohl",-96.27442,16.868589,"Pacific Lowlands province","Mammillaria"
4507973518,"Coryphantha elephantidens","Oaxaca",332,"15","8","2021","iNaturalist","91273809","",-96.719778,17.027245,"Balsas Basin province","Coryphantha"
4507983141,"Pilosocereus leucocephalus","Oaxaca",NA,"16","11","2023","iNaturalist","195508249","Ricardo Arredondo T.",-96.247945,16.674436,"Sierra Madre del Sur province","Pilosocereus"
4510055308,"Stenocereus treleasei","Oaxaca",NA,"11","2","2017","iNaturalist","5094160","Miguel Gonz_lez Botello",-96.277083,16.865317,"Sierra Madre del Sur province","Stenocereus"
4510059315,"Stenocereus pruinosus","Oaxaca",15,"16","4","2018","iNaturalist","12682891","Hermann Boj_rquez",-94.934287,16.512625,"Pacific Lowlands province","Stenocereus"
4510072344,"Opuntia tomentosa","Oaxaca",NA,"4","11","2023","iNaturalist","192703551","Colin Barrows",-97.133842,17.659248,"Sierra Madre del Sur province","Opuntia"
4510087344,"Opuntia tomentosa","Oaxaca",NA,"4","11","2023","iNaturalist","192703527","Colin Barrows",-97.146432,17.644113,"Sierra Madre del Sur province","Opuntia"
4510223665,"Mammillaria rekoi","Oaxaca",4,"9","1","2024","iNaturalist","196235691","ThoLinz",-96.508255,17.090164,"Sierra Madre del Sur province","Mammillaria"
4510325114,"Acanthocereus tetragonus","Oaxaca",NA,"3","1","2024","iNaturalist","195796132","Carlos Dom_nguez-Rodr_guez",-96.170366,15.765419,"Pacific Lowlands province","Acanthocereus"
4510340319,"Opuntia tomentosa","Oaxaca",NA,"31","10","2023","iNaturalist","192677446","Colin Barrows",-96.767997,17.041183,"Balsas Basin province","Opuntia"
4510359458,"Opuntia lasiacantha","Oaxaca",NA,"12","12","2023","iNaturalist","194916781","Selene Rangel Landa",-97.341468,17.640222,"Sierra Madre del Sur province","Opuntia"
4512087128,"Mammillaria rekoi","Oaxaca",874,"9","1","2024","iNaturalist","196248662","ThoLinz",-96.507305,17.092137,"Sierra Madre del Sur province","Mammillaria"
4512113742,"Mammillaria albilanata","Oaxaca",NA,"5","1","2024","iNaturalist","196225503","Jos_ Javier Barrios Flores",-97.070358,17.576097,"Sierra Madre del Sur province","Mammillaria"
4512248538,"Myrtillocactus schenckii","Oaxaca",999,"3","1","2024","iNaturalist","196379860","Juan Carlos Rosales",-96.61119,16.937745,"Balsas Basin province","Myrtillocactus"
4512252014,"Pachycereus pecten-aboriginum","Oaxaca",NA,"1","1","2024","iNaturalist","196378227","Ethan Gosnell",-96.505844,17.303486,"Balsas Basin province","Pachycereus"
4516252635,"Ferocactus recurvus","Oaxaca",3,"22","1","2024","iNaturalist","197473053","Jules Cundari",-96.742813,16.700788,"Balsas Basin province","Ferocactus"
4516263854,"Myrtillocactus schenckii","Oaxaca",4,"20","1","2024","iNaturalist","197459020","Desert Max",-96.687905,16.42922,"Balsas Basin province","Myrtillocactus"
4516335494,"Mammillaria albilanata","Oaxaca",5,"18","1","2024","iNaturalist","197466054","Jonathan Mohl",-96.935967,17.456464,"Sierra Madre del Sur province","Mammillaria"
4516375189,"Mammillaria albilanata","Oaxaca",7,"18","1","2024","iNaturalist","197741053","ThoLinz",-96.947067,17.550083,"Balsas Basin province","Mammillaria"
4516375598,"Pachycereus pecten-aboriginum","Oaxaca",NA,"22","1","2024","iNaturalist","197424442","weilival",-95.583759,15.94701,"Pacific Lowlands province","Pachycereus"
4516402514,"Acanthocereus tetragonus","Oaxaca",NA,"22","1","2024","iNaturalist","197447857","Carlos Dom_nguez-Rodr_guez",-95.583798,15.946956,"Pacific Lowlands province","Acanthocereus"
4516406301,"Stenocereus stellatus","Oaxaca",4,"15","1","2024","iNaturalist","196917936","Desert Max",-96.277245,16.866787,"Sierra Madre del Sur province","Stenocereus"
4516415818,"Stenocereus stellatus","Oaxaca",4,"20","1","2024","iNaturalist","197459222","Desert Max",-96.678375,16.418037,"Balsas Basin province","Stenocereus"
4516495921,"Mammillaria albilanata","Oaxaca",50,"13","1","2024","iNaturalist","197907896","ThoLinz",-94.892019,16.569331,"Pacific Lowlands province","Mammillaria"
4516498835,"Mammillaria rekoi","Oaxaca",200,"16","1","2024","iNaturalist","197902903","Jonathan Mohl",-96.301186,16.888344,"Sierra Madre del Sur province","Mammillaria"
4516513172,"Mammillaria karwinskiana","Oaxaca",NA,"15","12","2023","iNaturalist","197473652","Jonathan Mohl",-96.516809,16.282026,"Balsas Basin province","Mammillaria"
4516645923,"Mammillaria albilanata","Oaxaca",4,"15","1","2024","iNaturalist","197904764","Jonathan Mohl",-96.138669,16.668536,"Pacific Lowlands province","Mammillaria"
4516712487,"Mammillaria carnea","Oaxaca",9,"19","1","2024","iNaturalist","197731771","Joseph Scheer",-96.979758,17.913047,"Balsas Basin province","Mammillaria"
4516824657,"Mammillaria carnea","Oaxaca",4,"19","1","2024","iNaturalist","197731772","Joseph Scheer",-96.95,17.916667,"Sierra Madre del Sur province","Mammillaria"
4516851809,"Mammillaria karwinskiana","Oaxaca",4,"15","1","2024","iNaturalist","197904756","Jonathan Mohl",-96.050833,16.632647,"Pacific Lowlands province","Mammillaria"
4516885205,"Stenocereus treleasei","Oaxaca",NA,"24","1","2024","iNaturalist","198003464","Eugenio Padilla",-96.548737,16.563931,"Balsas Basin province","Stenocereus"
4516885237,"Myrtillocactus schenckii","Oaxaca",NA,"24","1","2024","iNaturalist","198008054","Eugenio Padilla",-96.574958,16.573268,"Balsas Basin province","Myrtillocactus"
4516903642,"Myrtillocactus schenckii","Oaxaca",4,"20","1","2024","iNaturalist","197458907","Desert Max",-96.677262,16.418092,"Balsas Basin province","Myrtillocactus"
4516910397,"Pachycereus pecten-aboriginum","Oaxaca",61,"22","1","2024","iNaturalist","197464948","Carlos Dom_nguez-Rodr_guez",-95.581242,15.950258,"Pacific Lowlands province","Pachycereus"
4516919092,"Ferocactus recurvus","Oaxaca",NA,"14","12","2023","iNaturalist","197940218","eder_o",-98.047279,17.632106,"Balsas Basin province","Ferocactus"
4516924272,"Mammillaria carnea","Oaxaca",59,"19","1","2024","iNaturalist","197731787","Joseph Scheer",-96.9673,17.898047,"Balsas Basin province","Mammillaria"
4519057343,"Ferocactus recurvus","Oaxaca",15,"24","1","2024","iNaturalist","198010922","Ulises Guzm_n",-96.574392,16.574729,"Balsas Basin province","Ferocactus"
4519094739,"Ferocactus recurvus","Oaxaca",33,"1","11","2023","iNaturalist","190174337","Tim Zitnak",-97.830576,17.568636,"Balsas Basin province","Ferocactus"
4519096975,"Stenocereus treleasei","Oaxaca",2,"24","1","2024","iNaturalist","198083550","Eugenio Padilla",-96.58021,16.575498,"Balsas Basin province","Stenocereus"
4519104140,"Mammillaria rekoi","Oaxaca",NA,"24","1","2024","iNaturalist","198168058","ThoLinz",-96.587616,16.59149,"Balsas Basin province","Mammillaria"
4519255955,"Pachycereus pecten-aboriginum","Oaxaca",244,"3","1","2024","iNaturalist","198320784","Ryan E. Gray",-96.268298,16.879593,"Pacific Lowlands province","Pachycereus"
4519296280,"Opuntia tomentosa","Oaxaca",122,"5","2","2024","iNaturalist","198599462","Leticia Soriano Flores",-97.096132,17.648277,"Sierra Madre del Sur province","Opuntia"
4519323652,"Opuntia huajuapensis","Oaxaca",122,"5","2","2024","iNaturalist","198599455","Leticia Soriano Flores",-97.096218,17.649095,"Sierra Madre del Sur province","Opuntia"
4522436611,"Ferocactus recurvus","Oaxaca",61,"7","3","2016","iNaturalist","134902386","cactus-d",-96.837997,17.578774,"Balsas Basin province","Ferocactus"
4522479404,"Pachycereus pecten-aboriginum","Oaxaca",NA,"13","8","2020","iNaturalist","56434296","Ulises Guzm_n",-96.22111,15.793119,"Pacific Lowlands province","Pachycereus"
4522498602,"Ferocactus recurvus","Oaxaca",NA,"15","3","2023","iNaturalist","151569414","cactus-d",-96.484214,16.689039,"Balsas Basin province","Ferocactus"
4522513797,"Ferocactus recurvus","Oaxaca",NA,"29","4","2023","iNaturalist","161194364","cactus-d",-97.457525,17.66105,"Sierra Madre del Sur province","Ferocactus"
4522618986,"Pachycereus pecten-aboriginum","Oaxaca",15,"11","1","2024","iNaturalist","198737212","Ryan E. Gray",-96.524259,15.663166,"Pacific Lowlands province","Pachycereus"
4522636931,"Stenocereus pruinosus","Oaxaca",8,"19","1","2024","iNaturalist","198836512","Joseph Scheer",-97.034614,17.983619,"Balsas Basin province","Stenocereus"
4522647781,"Pachycereus weberi","Oaxaca",4,"19","1","2024","iNaturalist","198829541","Joseph Scheer",-97.004867,17.900589,"Balsas Basin province","Pachycereus"
4522647852,"Escontria chiotilla","Oaxaca",4,"19","1","2024","iNaturalist","198836141","Joseph Scheer",-97.035697,17.982481,"Balsas Basin province","Escontria"
4522647856,"Ferocactus recurvus","Oaxaca",4,"19","1","2024","iNaturalist","198836691","AMAURI DIAZ SOLIS",-97.080344,18.145103,"Balsas Basin province","Ferocactus"
4522649103,"Myrtillocactus geometrizans","Oaxaca",24,"19","1","2024","iNaturalist","198835676","Joseph Scheer",-97.010161,17.903964,"Balsas Basin province","Myrtillocactus"
4522655000,"Coryphantha pallida","Oaxaca",5,"19","1","2024","iNaturalist","198836137","AMAURI DIAZ SOLIS",-97.009911,17.938669,"Balsas Basin province","Coryphantha"
4522672893,"Ferocactus recurvus","Oaxaca",4,"19","1","2024","iNaturalist","198829439","Joseph Scheer",-96.997322,17.893211,"Balsas Basin province","Ferocactus"
4522692351,"Neobuxbaumia tetetzo","Oaxaca",274,"24","3","2008","iNaturalist","198780370","Sadoth V_zquez",-96.557309,17.0039,"Balsas Basin province","Neobuxbaumia"
4522694904,"Pachycereus weberi","Oaxaca",5,"19","1","2024","iNaturalist","198836139","Joseph Scheer",-97.009444,17.938783,"Balsas Basin province","Pachycereus"
4522702877,"Stenocereus stellatus","Oaxaca",7,"19","1","2024","iNaturalist","198836511","Joseph Scheer",-97.035178,17.983661,"Balsas Basin province","Stenocereus"
4522713122,"Myrtillocactus geometrizans","Oaxaca",23,"19","1","2024","iNaturalist","198836146","Joseph Scheer",-97.035828,17.984,"Balsas Basin province","Myrtillocactus"
4522713599,"Pachycereus pecten-aboriginum","Oaxaca",39,"15","1","2024","iNaturalist","199006572","Joseph Scheer",-95.388275,16.392764,"Pacific Lowlands province","Pachycereus"
4522715131,"Coryphantha elephantidens","Oaxaca",10,"18","1","2024","iNaturalist","198929434","Joseph Scheer",-98.024168,17.50384,"Balsas Basin province","Coryphantha"
4522717133,"Pachycereus pecten-aboriginum","Oaxaca",4,"13","1","2024","iNaturalist","199026585","Joseph Scheer",-95.22995,16.599567,"Pacific Lowlands province","Pachycereus"
4522718714,"Pilosocereus collinsii","Oaxaca",4,"13","1","2024","iNaturalist","199026581","Joseph Scheer",-95.229631,16.5988,"Pacific Lowlands province","Pilosocereus"
4522719844,"Stenocereus pruinosus","Oaxaca",6,"15","1","2024","iNaturalist","199006576","Joseph Scheer",-96.038764,16.599269,"Pacific Lowlands province","Stenocereus"
4522719973,"Melocactus curvispinus","Oaxaca",5,"14","1","2024","iNaturalist","199019446","Joseph Scheer",-94.793769,16.426747,"Pacific Lowlands province","Melocactus"
4522720780,"Coryphantha pallida","Oaxaca",4,"16","1","2024","iNaturalist","199001456","Joseph Scheer",-96.277092,16.866794,"Sierra Madre del Sur province","Coryphantha"
4522721675,"Pachycereus pecten-aboriginum","Oaxaca",65,"15","1","2024","iNaturalist","199005588","Joseph Scheer",-95.230719,16.33015,"Pacific Lowlands province","Pachycereus"
4522724641,"Neobuxbaumia tetetzo","Oaxaca",4,"15","1","2024","iNaturalist","199008187","Joseph Scheer",-96.138833,16.6685,"Pacific Lowlands province","Neobuxbaumia"
4522741537,"Myrtillocactus schenckii","Oaxaca",4,"16","1","2024","iNaturalist","198999952","Joseph Scheer",-96.330911,16.906203,"Balsas Basin province","Myrtillocactus"
4522768532,"Ferocactus recurvus","Oaxaca",4,"16","1","2024","iNaturalist","199002623","Joseph Scheer",-96.305319,16.934922,"Balsas Basin province","Ferocactus"
4522771760,"Pilosocereus collinsii","Oaxaca",10,"13","1","2024","iNaturalist","199026590","Joseph Scheer",-95.231378,16.608172,"Pacific Lowlands province","Pilosocereus"
4522776769,"Stenocereus stellatus","Oaxaca",4,"16","1","2024","iNaturalist","199002615","Joseph Scheer",-96.260911,16.898561,"Pacific Lowlands province","Stenocereus"
4522803703,"Stenocereus stellatus","Oaxaca",7,"16","1","2024","iNaturalist","199001464","Joseph Scheer",-96.277086,16.866178,"Sierra Madre del Sur province","Stenocereus"
4522810232,"Opuntia decumbens","Oaxaca",4,"10","2","2024","iNaturalist","199167145","C_sar Miguel-Talonia",-95.009184,16.65589,"Pacific Lowlands province","Opuntia"
4522816928,"Ferocactus recurvus","Oaxaca",31,"24","1","2024","iNaturalist","199141832","Eugenio Padilla",-96.572262,16.576722,"Balsas Basin province","Ferocactus"
5935273557,"Selenicereus purpusii","Oaxaca",8,"29","4","2021","iNaturalist","77370316","organogenesis",-96.343004,15.878373,"Sierra Madre del Sur province","Selenicereus"
5935953390,"Selenicereus purpusii","Oaxaca",15,"15","1","2021","iNaturalist","68303204","organogenesis",-96.131361,15.909084,"Pacific Lowlands province","Selenicereus"
3308721272,"Selenicereus purpusii","Pie del Cerro Campana",100,"2006-05-29","29","5","PRESERVED_SPECIMEN","MEXU","1877",-96.10567,15.98969,"Sierra Madre del Sur province","Selenicereus"
5935803208,"Selenicereus purpusii","Oaxaca",8,"29","10","2021","iNaturalist","100244884","organogenesis",-96.644051,16.303058,"Sierra Madre del Sur province","Selenicereus"
4465654642,"Stenocereus dumortieri","Oaxaca",NA,"10","11","2023","iNaturalist","193197808","Colin Barrows",-96.702998,16.710515,"Balsas Basin province","Stenocereus"
5839837425,"Stenocereus dumortieri","Oaxaca",286,"7","11","2014","iNaturalist","247889202","Tim Zitnak",-96.515153,17.044679,"Balsas Basin province","Stenocereus"
3308652263,"Selenicereus purpusii","10.5 km sobre la Terracería Huauclilla-Tlalixtlahuaca. Distrito Nochixtlán",90,"","2007-03-10","10","10778565","IBUNAM","1267141",-97.053194,17.496111,"Balsas Basin province","Selenicereus"
3308107438,"Selenicereus purpusii","17.1 km sobre la terracería Huauclilla-Tlalixtlahuaca. Distrito Nochixtlán",90,"","2007-06-19","19","10778565","IBUNAM","1267282",-97.0302,17.5098,"Balsas Basin province","Selenicereus"
3308099815,"Selenicereus purpusii","17.1 km sobre la terracería Huauclilla-Tlalixtlahuaca. Distrito Nochixtlán",90,"","2007-06-19","19","10778565","IBUNAM","1269625",-97.01892,17.51633,"Sierra Madre del Sur province","Selenicereus"
2803094870,"Stenocereus dumortieri","Oaxaca",122,"29","11","2012","iNaturalist","49843033","Eugenio Padilla",-98.045098,17.63791,"Balsas Basin province","Stenocereus"
4607427939,"Stenocereus dumortieri","Oaxaca",343,"3","4","2024","iNaturalist","205552483","Carlos Domínguez-Rodríguez",-97.200951,17.641263,"Sierra Madre del Sur province","Stenocereus"
4607030003,"Stenocereus dumortieri","Oaxaca",8,"3","4","2024","iNaturalist","205545384","Carlos Domínguez-Rodríguez",-97.14561,17.64466,"Sierra Madre del Sur province","Stenocereus"
1894563022,"Stenocereus dumortieri","km 136 carr. Tehuacán-Oaxaca",90,"","2006-07-18","18","3960644","FESI-UNAM","",-96.934556,17.686278,"Balsas Basin province","Stenocereus"
1896092851,"Stenocereus dumortieri","Camino de Santa Maria Tutla a Santiago del Río.",90,"2004-11-05","5","11","HUMAN_OBSERVATION","","",-97.640167,17.700472,"Sierra Madre del Sur province","Stenocereus"
3308590241,"Selenicereus purpusii","Cerro Picacho",90,"","","2002-08-07","3944680","PRESERVED_SPECIMEN","MEXU",-96.9215,17.71822,"Balsas Basin province","Selenicereus"
1894563004,"Stenocereus dumortieri","11.1 km del entronque Puente Grande rumbo a Tutepetongo",90,"","2006-07-18","18","3960644","FESI-UNAM","",-96.905639,17.722639,"Sierra Madre del Sur province","Stenocereus"
1668840249,"Stenocereus dumortieri","Oaxaca",126,"5","12","2009","iNaturalist","8027085","Eugenio Padilla",-97.68734,17.776478,"Balsas Basin province","Stenocereus"
2596422210,"Stenocereus dumortieri","Oaxaca",122,"1","9","2016","iNaturalist","41202705","Leticia Soriano Flores",-97.093894,17.779625,"Balsas Basin province","Stenocereus"
6131348407,"Stenocereus dumortieri","Oaxaca",210,"23","4","2024","iNaturalist","334591148","Frank Sengpiel",-97.019756,17.869281,"Balsas Basin province","Stenocereus"
3344079036,"Stenocereus dumortieri","Oaxaca",8,"22","7","2021","iNaturalist","92608682","Leticia Soriano Flores",-97.34269,17.889382,"Sierra Madre del Sur province","Stenocereus"
3308661771,"Selenicereus purpusii","Entre Quiotepec y Buenos Aires",NA,"1994-03-07","7","3","PRESERVED_SPECIMEN","MEXU","1095",-96.953889,17.911139,"Sierra Madre del Sur province","Selenicereus"
3308100250,"Selenicereus purpusii","7 Km sobre la brecha de Santiago Quiotepec a San Juan Coyula",NA,"2010-05-22","22","5","PRESERVED_SPECIMEN","MEXU","2062",-96.919306,17.91525,"Sierra Madre del Sur province","Selenicereus"
3308712574,"Selenicereus purpusii","Cerca de San Juan Coyula",NA,"1996-06-02","2","6","PRESERVED_SPECIMEN","MEXU","1234",-96.901806,17.919861,"Sierra Madre del Sur province","Selenicereus"
3308054448,"Selenicereus purpusii","Buena vista",90,"","2006-06-06","6","10778565","IBUNAM","1206521",-96.9539,17.92539,"Balsas Basin province","Selenicereus"
3308080711,"Selenicereus purpusii","Dto. Cuicatlán Entre Quiotepec y Buenos Aires",90,"1994-03-08","8","3","PRESERVED_SPECIMEN","MEXU","1096",-96.94056,17.92583,"Sierra Madre del Sur province","Selenicereus"
3308690286,"Selenicereus purpusii","San Juan Coyula. Paraje Barranca cuatima",90,"","2006-06-21","21","10778565","IBUNAM","1206485",-96.91967,17.92641,"Sierra Madre del Sur province","Selenicereus"
3308490444,"Selenicereus purpusii","6 Km NW de Santiago Quiotepec",NA,"1991-05-24","24","5","PRESERVED_SPECIMEN","MEXU","17415",-96.960417,17.932417,"Balsas Basin province","Selenicereus"
1453361672,"Stenocereus dumortieri","Oaxaca",505,"11","10","2016","iNaturalist","4965254","Ignacio Torres-García",-97.425127,18.067992,"Balsas Basin province","Stenocereus"
1249289502,"Stenocereus dumortieri","Oaxaca",NA,"3","2","2016","iNaturalist","2657670","Bravo-Avilez D",-97.033616,18.079172,"Balsas Basin province","Stenocereus"
3306205013,"Stenocereus dumortieri","Camino a Huautla",NA,"","2011-06-19","19","3960644","FESI-UNAM","",-97.057722,18.151806,"Balsas Basin province","Stenocereus"
1839274755,"Stenocereus dumortieri","Oaxaca",31,"19","5","2016","iNaturalist","3298786","Leticia Soriano Flores",-97.72525,18.222455,"Balsas Basin province","Stenocereus"
