"Species","lon","lat","Province","bio_01","bio_04","bio_12","bio_17","tri"
"Disocactus phyllanthoides",-96.446389,17.31,"Sierra Madre del Sur province",15.783332824707,162.513397216797,1221,49,4.55856323242188
"Pilosocereus quadricentralis",-95.985278,15.851944,"Pacific Lowlands province",26.7625007629395,82.6857376098633,1195,13,5.45066261291504
"Neobuxbaumia laui ",-97.752222,16.985556,"Sierra Madre del Sur province",20.5625,140.698348999023,1583,38,14.3623046875
"Opuntia parviclada",-97.1525,17.826389,"Sierra Madre del Sur province",19.0583343505859,224.143157958984,658,24,8.67576599121094
"Peniocereus macdougallii",-95.52,16.34,"Pacific Lowlands province",24.625,95.7387619018555,693,11,10.7290649414062
"Epiphyllum pumilum",-94.73,16.86,"Veracruzan province",24.5750007629395,185.319122314453,2107,158,3.97564697265625
"Epiphyllum crenatum",-96.2,16.03,"Sierra Madre del Sur province",21.6166667938232,48.6328315734863,1386,41,14.0035095214844
"Cephalocereus fulviceps",-96.965278,17.6775,"Balsas Basin province",24.2708339691162,226.228546142578,967,44,9.38885498046875
"Mammillaria beneckei",-95.31333,16.38111,"Pacific Lowlands province",27.3083343505859,113.194000244141,717,3,4.7007942199707
"Ortegocactus macdougallii",-96.333007,16.383001,"Pacific Lowlands province",21.3208332061768,108.532752990723,358,10,5.02850341796875
"Epiphyllum crenatum",-96.2035,16.0399,"Sierra Madre del Sur province",20.779167175293,49.9298667907715,1302,35,4.82601928710938
"Mammillaria uncinata",-97.41331,17.882797,"Sierra Madre del Sur province",16.9624996185303,173.822357177734,505,14,0.734039306640625
"Neobuxbaumia mezcalaensis",-97.903496,17.708823,"Balsas Basin province",20.4500007629395,173.925277709961,692,18,10.5631561279297
"Echinocereus pulchellus",-97.452679,17.914063,"Sierra Madre del Sur province",15.8500003814697,160.538864135742,584,19,3.83938598632812
"Neobuxbaumia mezcalaensis",-97.814381,17.724243,"Balsas Basin province",21.4375,176.52099609375,691,16,2.25570678710938
"Selenicereus chontalensis",-95.91,16.55,"Sierra Madre del Sur province",22.75,107.808769226074,690,6,17.9516296386719
"Selenicereus testudo",-95.034167,16.8775,"Veracruzan province",25.4208335876465,196.601348876953,1669,79,1.36048698425293
"Ortegocactus macdougallii",-96.334861,16.378639,"Pacific Lowlands province",21.341667175293,110.696823120117,317,10,2.50039672851562
"Echinocereus pulchellus",-97.492222,17.831389,"Sierra Madre del Sur province",15.4250001907349,155.453872680664,621,22,1.65921020507812
"Mammillaria uncinata",-97.412086,17.952807,"Sierra Madre del Sur province",16.5666675567627,167.404434204102,564,19,0.866180419921875
"Ferocactus flavovirens",-97.708333,18.125,"Balsas Basin province",20.2749996185303,186.431793212891,509,14,6.28631591796875
"Mitrocereus militaris",-96.375,16.875,"Balsas Basin province",19.8250007629395,131.192077636719,647,11,6.79562377929688
"Coryphantha pycnacantha",-97.225,17.475,"Sierra Madre del Sur province",16.9750003814697,147.948089599609,587,10,0.84613037109375
"Polaskia chende",-96.52,17.028333,"Balsas Basin province",20.0625,139.904602050781,661,12,1.74267578125
"Pachycereus grandis",-97.012743,17.628602,"Balsas Basin province",22.533332824707,235.172378540039,910,42,13.3270111083984
"Pachycereus grandis",-97.013361,17.628085,"Balsas Basin province",22.533332824707,235.172378540039,910,42,10.2852478027344
"Pachycereus grandis",-96.940758,17.913575,"Sierra Madre del Sur province",23.0666675567627,229.270919799805,1536,81,15.8040313720703
"Stenocereus chacalapensis",-96.2533645,15.8882993,"Pacific Lowlands province",24.5,83.3121109008789,1276,18,7.16159057617188
"Pachycereus grandis",-96.9425539,17.9226429,"Sierra Madre del Sur province",23.6124992370605,231.046295166016,1496,78,4.26490783691406
"Stenocereus chacalapensis",-96.2514201,15.7677493,"Pacific Lowlands province",27.0541667938232,94.2544479370117,1230,22,2.52777481079102
"Cephalocereus fulviceps",-97.030833,17.702778,"Balsas Basin province",23.0375003814697,220.424468994141,979,44,7.79884338378906
"Cephalocereus fulviceps",-96.933056,17.606944,"Balsas Basin province",23.4624996185303,222.282821655273,994,41,16.4209594726562
"Cephalocereus fulviceps",-97.031083,17.701917,"Balsas Basin province",23.0375003814697,220.424468994141,979,44,10.1623687744141
"Neobuxbaumia mezcalaensis",-97.649722,18.272694,"Balsas Basin province",19.658332824707,196.270141601562,495,13,3.23585510253906
"Cylindropuntia leptocaulis",-97.004167,17.723056,"Balsas Basin province",24.5499992370605,226.896057128906,901,40,2.18661499023438
"Cylindropuntia leptocaulis",-96.998889,17.893333,"Balsas Basin province",25.9333343505859,246.182998657227,563,17,13.8988342285156
"Mammillaria uncinata",-97.343,17.87375,"Sierra Madre del Sur province",17.2541675567627,187.16130065918,475,15,1.07638549804688
"Pachycereus grandis",-96.945778,17.9245,"Sierra Madre del Sur province",23.6124992370605,231.046295166016,1496,78,9.61090087890625
"Echinocactus platyacanthus",-97.663889,18.202778,"Balsas Basin province",19.1208343505859,177.39860534668,542,14,1.05426025390625
"Echinocactus platyacanthus",-97.338889,18.116111,"Sierra Madre del Sur province",20.0499992370605,223.637283325195,590,20,11.3993835449219
"Opuntia hyptiacantha",-96.475556,16.953333,"Balsas Basin province",21.3166675567627,138.553146362305,670,11,0.6785888671875
"Opuntia hyptiacantha",-96.402444,16.900167,"Balsas Basin province",20.6749992370605,132.896072387695,668,12,0.455551147460938
"Opuntia chiangiana",-96.975,17.902778,"Balsas Basin province",25.1166667938232,247.710708618164,718,26,11.6733779907227
"Opuntia nejapensis",-96.300835,16.300278,"Pacific Lowlands province",19.4458332061768,116.900459289551,731,22,12.8882598876953
"Ferocactus flavovirens",-97.6546836,18.2065552,"Balsas Basin province",18.970832824707,182.314147949219,539,14,6.80372619628906
"Echinocactus platyacanthus",-97.675,18.258333,"Balsas Basin province",20.404167175293,187.634292602539,476,13,2.80674743652344
"Echinocactus platyacanthus",-97.658333,18.225,"Balsas Basin province",19.5208339691162,187.924774169922,513,13,5.19837951660156
"Mammillaria tepexicensis",-97.584722,17.684444,"Sierra Madre del Sur province",18.595832824707,176.744003295898,597,15,1.55195617675781
"Pilosocereus quadricentralis",-94.091944,16.238611,"Pacific Lowlands province",28.2625007629395,97.5174713134766,1560,8,0.538981318473816
"Mitrocereus militaris",-96.394722,16.896389,"Balsas Basin province",20.404167175293,134.374954223633,660,11,3.12889099121094
"Pilosocereus quadricentralis",-96.171944,16.684444,"Pacific Lowlands province",24.2708339691162,137.765579223633,809,16,6.73603057861328
"Pachycereus grandis",-95.341667,16.353333,"Pacific Lowlands province",27.0541667938232,126.427444458008,777,4,2.61004543304443
"Neobuxbaumia mezcalaensis",-97.041667,16.14,"Sierra Madre del Sur province",22.3624992370605,102.760200500488,1401,21,9.92531585693359
"Ferocactus flavovirens",-97.297361,18.154222,"Balsas Basin province",23.0208339691162,245.185073852539,367,11,5.81044006347656
"Coryphantha pycnacantha",-97.218583,17.485361,"Sierra Madre del Sur province",16.6375007629395,146.320388793945,576,9,3.2626953125
"Epiphyllum phyllanthus",-96.722222,17.066389,"Balsas Basin province",21.7333335876465,151.647537231445,661,13,1.41055297851562
"Mammillaria deherdtiana",-96.378444,17.152278,"Sierra Madre del Sur province",9.92083358764648,110.009460449219,1165,46,11.0874633789062
"Mammillaria deherdtiana",-96.3555,17.116222,"Sierra Madre del Sur province",12.1166667938232,122.276382446289,1063,40,13.9689025878906
"Epiphyllum phyllanthus",-94.976667,16.743861,"Pacific Lowlands province",25.4416656494141,179.416122436523,1267,56,10.7277984619141
"Epiphyllum phyllanthus",-96.279481,17.523775,"Sierra Madre del Sur province",23.6833324432373,236.127197265625,2324,143,7.69257354736328
"Epiphyllum phyllanthus",-96.2903153,17.5287747,"Veracruzan province",22.9458332061768,226.298873901367,2210,144,15.3913116455078
"Epiphyllum phyllanthus",-94.979417,16.741777,"Pacific Lowlands province",25.4416656494141,179.416122436523,1267,56,3.39002990722656
"Mammillaria duoformis",-97.796555,17.822166,"Balsas Basin province",21.095832824707,183.717391967773,633,20,2.18075561523438
"Mammillaria duoformis",-97.78333,17.76666,"Balsas Basin province",21.4458332061768,186.528793334961,655,15,0.779403686523438
"Polaskia chende",-97.426672,17.930784,"Sierra Madre del Sur province",16.3166675567627,164.418167114258,572,19,0.760589599609375
"Selenicereus alliodorus",-96.107222,16.003056,"Sierra Madre del Sur province",22.1416664123535,63.2036018371582,1411,32,4.29017639160156
"Cephalocereus parvispinus",-97.416667,17.183333,"Sierra Madre del Sur province",19.966667175293,139.338256835938,863,16,1.6458740234375
"Opuntia hyptiacantha",-97.035756,18.07576,"Balsas Basin province",23.8291664123535,240.117935180664,1248,65,11.8634948730469
"Opuntia hyptiacantha",-97.346308,17.527821,"Sierra Madre del Sur province",16.5666675567627,152.722763061523,594,13,0.43505859375
"Opuntia parviclada",-96.962488,17.826489,"Balsas Basin province",24.8125,237.468902587891,872,39,2.11016845703125
"Selenicereus testudo",-95.014399,16.675123,"Pacific Lowlands province",25.529167175293,174.322814941406,1007,21,10.4876251220703
"Echinocactus platyacanthus",-97.68,18.200556,"Balsas Basin province",20.0125007629395,180.757568359375,520,15,3.51449584960938
"Mammillaria beneckei",-95.3225,16.385833,"Pacific Lowlands province",26.75,108.040412902832,634,2,5.90037536621094
"Epiphyllum pumilum",-94.763333,16.846667,"Veracruzan province",24.904167175293,195.139312744141,2047,138,1.1789608001709
"Aporocactus flagelliformis",-97.066667,18.116667,"Balsas Basin province",24.3083324432373,241.198089599609,883,44,7.29236602783203
"Mammillaria tonalensis",-97.961289,17.645167,"Sierra Madre del Sur province",21.1833343505859,159.9052734375,687,15,14.0898590087891
"Neobuxbaumia mezcalaensis",-97.932819,17.697911,"Balsas Basin province",21.595832824707,173.184860229492,688,16,6.39614868164062
"Cylindropuntia prolifera",-97.990959,17.642262,"Balsas Basin province",22.7124996185303,163.847579956055,744,18,8.2406005859375
"Opuntia hyptiacantha",-96.227662,15.699255,"Pacific Lowlands province",26.908332824707,98.8533020019531,1087,15,2.48342442512512
"Opuntia hyptiacantha",-97.346428,17.528275,"Sierra Madre del Sur province",16.5666675567627,152.722763061523,594,13,0.620697021484375
"Lemaireocereus hollianus",-96.972648,17.896423,"Balsas Basin province",25.125,248.490859985352,701,25,1.65891265869141
"Polaskia chende",-97.420911,17.966845,"Sierra Madre del Sur province",16.6666660308838,172.301712036133,560,17,3.83615112304688
"Selenicereus testudo",-95.011678,16.680733,"Pacific Lowlands province",25.529167175293,174.322814941406,1007,21,4.01469802856445
"Peniocereus serpentinus",-96.568655,15.6903,"Pacific Lowlands province",25.966667175293,100.957504272461,846,14,6.14555501937866
"Ferocactus flavovirens",-97.66667,18.11667,"Balsas Basin province",19.2625007629395,181.84814453125,535,14,8.52398681640625
"Pachycereus grandis",-96.936861,17.922222,"Sierra Madre del Sur province",23.5083332061768,234.509490966797,1536,84,7.63426208496094
"Mammillaria duoformis",-97.793222,17.847083,"Balsas Basin province",20.5666675567627,186.539459228516,626,18,4.30964660644531
"Stenocereus chacalapensis",-97.093611,16.368056,"Sierra Madre del Sur province",22.8624992370605,111.174011230469,1468,22,6.0211181640625
"Mammillaria beneckei",-95.317,16.35,"Pacific Lowlands province",27.4375,118.917922973633,803,4,0.761362075805664
"Opuntia hyptiacantha",-97.368611,17.700556,"Sierra Madre del Sur province",16.0375003814697,169.278198242188,554,17,5.964599609375
"Mammillaria beneckei",-95.367,16.417,"Pacific Lowlands province",26.5,121.35595703125,605,2,11.4189949035645
"Echinocactus platyacanthus",-97.652433,18.211533,"Balsas Basin province",18.7583332061768,180.11149597168,545,15,8.53634643554688
"Mammillaria oteroi",-97.4465,17.67836,"Sierra Madre del Sur province",16.3583335876465,160.960662841797,587,18,11.3028869628906
"Mammillaria duoformis",-97.79181,17.77411,"Balsas Basin province",21.3250007629395,183.730316162109,656,17,8.98341369628906
"Cephalocereus fulviceps",-96.96531,17.67758,"Balsas Basin province",24.2708339691162,226.228546142578,967,44,9.38885498046875
"Epiphyllum phyllanthus",-96.27944,17.52306,"Sierra Madre del Sur province",23.6833324432373,236.127197265625,2324,143,17.4881019592285
"Epiphyllum phyllanthus",-96.1005,15.97083,"Pacific Lowlands province",22.5791664123535,50.1116218566895,1502,36,8.77731323242188
"Lemaireocereus hollianus",-97.06211,18.09275,"Balsas Basin province",24.220832824707,237.558197021484,919,45,7.70980834960938
"Neobuxbaumia laui ",-97.75222,16.98556,"Sierra Madre del Sur province",20.5625,140.698348999023,1583,38,14.3623046875
"Pachycereus grandis",-96.94611,17.92417,"Sierra Madre del Sur province",23.6124992370605,231.046295166016,1496,78,11.8884887695312
"Mammillaria duoformis",-97.75,17.78055,"Balsas Basin province",21.3958339691162,185.195938110352,632,16,2.12074279785156
"Echinocactus platyacanthus",-97.65517,18.20525,"Balsas Basin province",18.970832824707,182.314147949219,539,14,3.33393859863281
"Peniocereus serpentinus",-97.3224,18.1268,"Sierra Madre del Sur province",20.4166660308838,235.915374755859,615,21,8.8232421875
"Mammillaria deherdtiana",-96.38306,17.17139,"Sierra Madre del Sur province",10.0666666030884,113.64485168457,1163,48,11.3186950683594
"Polaskia chende",-96.84944,17.95028,"Sierra Madre del Sur province",19.220832824707,231.854751586914,1940,91,7.31732177734375
"Opuntia nejapensis",-96.8844,16.58883,"Balsas Basin province",20.3999996185303,127.813789367676,843,16,3.89962768554688
"Opuntia nejapensis",-97.6524,17.26169,"Sierra Madre del Sur province",17.4583339691162,135.409027099609,821,18,5.92120361328125
"Opuntia hyptiacantha",-97.4812,17.50989,"Sierra Madre del Sur province",15.3291664123535,148.713562011719,657,18,4.41168212890625
"Neobuxbaumia laui ",-97.75011,16.98436,"Sierra Madre del Sur province",20.5625,140.698348999023,1583,38,12.3904571533203
"Mammillaria duoformis",-97.7932,17.8471,"Balsas Basin province",20.5666675567627,186.539459228516,626,18,4.30964660644531
"Mammillaria tepexicensis",-97.5333,17.7833,"Sierra Madre del Sur province",16.625,159.081161499023,594,14,4.393798828125
"Epiphyllum crenatum",-95.583,16.267,"Pacific Lowlands province",22.6291675567627,79.8708648681641,809,9,15.6804656982422
"Epiphyllum pumilum",-94.733,16.867,"Veracruzan province",24.75,191.44189453125,2163,157,8.10727310180664
"Mammillaria uncinata",-97.455361,17.854667,"Sierra Madre del Sur province",15.8791666030884,158.393341064453,581,18,6.82681274414062
"Cephalocereus fulviceps",-97.0892,17.892,"Balsas Basin province",23.2416667938232,245.568283081055,905,44,8.23011779785156
"Opuntia parviclada",-97.0142,17.9278,"Balsas Basin province",25.8916664123535,243.924682617188,619,19,0.797065734863281
"Ferocactus flavovirens",-97.656278,18.203528,"Balsas Basin province",18.970832824707,182.314147949219,539,14,4.62107849121094
"Opuntia hyptiacantha",-97.033,17.433,"Sierra Madre del Sur province",20.2374992370605,184.392425537109,744,18,8.61048889160156
"Selenicereus testudo",-95.0072264,16.6654863,"Pacific Lowlands province",25.7875003814697,171.955657958984,1008,20,13.8445110321045
"Cephalocereus fulviceps",-97.0922,17.8761,"Balsas Basin province",22.0625,237.229522705078,972,44,7.46505737304688
"Pachycereus grandis",-96.94058,17.91972,"Sierra Madre del Sur province",23.5083332061768,234.509490966797,1536,84,4.96505737304688
"Pilosocereus quadricentralis",-95.786,15.92272,"Pacific Lowlands province",28.0416660308838,79.6536331176758,1013,11,0.691675901412964
"Polaskia chende",-96.9477,17.9257,"Balsas Basin province",24.1166667938232,242.115051269531,1285,68,18.9514770507812
"Lemaireocereus hollianus",-97.00986,17.83475,"Balsas Basin province",25.6708335876465,248.636779785156,495,13,2.30817413330078
"Polaskia chende",-97.05168,17.53416,"Sierra Madre del Sur province",15.8000001907349,146.302932739258,569,9,9.49588012695312
"Opuntia parviclada",-97.15247,17.82642,"Sierra Madre del Sur province",19.0583343505859,224.143157958984,658,24,9.10000610351562
"Epiphyllum phyllanthus",-96.29028,17.52806,"Veracruzan province",22.9458332061768,226.298873901367,2210,144,9.76333618164062
"Stenocereus chacalapensis",-96.16492,15.72414,"Pacific Lowlands province",27.0791664123535,99.2576599121094,1110,14,0.910267889499664
"Cephalocereus fulviceps",-96.94894,17.60808,"Balsas Basin province",22.7333335876465,216.588592529297,1016,44,11.0305328369141
"Disocactus phyllanthoides",-96.44631,17.30994,"Sierra Madre del Sur province",15.783332824707,162.513397216797,1221,49,4.55856323242188
"Cephalocereus fulviceps",-96.948556,17.605694,"Balsas Basin province",22.7333335876465,216.588592529297,1016,44,13.4210815429688
"Mammillaria oteroi",-97.4062,17.8764,"Sierra Madre del Sur province",17.0083332061768,174.67936706543,501,13,2.0784912109375
"Epiphyllum phyllanthus",-94.97942,16.74178,"Pacific Lowlands province",25.4416656494141,179.416122436523,1267,56,3.39002990722656
"Polaskia chende",-96.940417,17.922361,"Sierra Madre del Sur province",23.5083332061768,234.509490966797,1536,84,4.944091796875
"Ortegocactus macdougallii",-96.35,16.383,"Pacific Lowlands province",21.2000007629395,111.416526794434,335,10,2.40480041503906
"Opuntia nejapensis",-97.5977,16.91156,"Sierra Madre del Sur province",16.3624992370605,130.856018066406,1094,28,9.8953857421875
"Epiphyllum crenatum",-95.9164,16.2711,"Sierra Madre del Sur province",22.1458339691162,95.6189804077148,829,15,11.195556640625
"Mammillaria beneckei",-95.3074,16.38211,"Pacific Lowlands province",27.7250003814697,116.940155029297,824,4,10.2547969818115
"Lemaireocereus hollianus",-97.017814,17.8745,"Balsas Basin province",25.7416667938232,245.568267822266,528,16,11.0558319091797
"Neobuxbaumia mezcalaensis",-98.047288,17.634897,"Balsas Basin province",22.8624992370605,152.391906738281,764,18,15.6566619873047
"Echinocereus pulchellus",-97.496139,17.839173,"Sierra Madre del Sur province",15.7541666030884,159.251937866211,613,23,5.47097778320312
"Echinocereus pulchellus",-97.453042,17.911913,"Sierra Madre del Sur province",15.8500003814697,160.538864135742,584,19,2.32986450195312
"Neobuxbaumia mezcalaensis",-97.683144,18.119458,"Balsas Basin province",19.5541667938232,183.445037841797,526,13,6.66891479492188
"Peniocereus serpentinus",-96.594851,16.329027,"Balsas Basin province",21.3166656494141,117.711769104004,527,12,0.39263916015625
"Lemaireocereus hollianus",-97.037972,17.864057,"Balsas Basin province",25.4541664123535,240.50569152832,624,21,8.92864990234375
"Lemaireocereus hollianus",-97.045326,17.862324,"Balsas Basin province",25.1041660308838,237.94059753418,713,30,7.71665191650391
"Lemaireocereus hollianus",-97.037109,17.86408,"Balsas Basin province",25.4541664123535,240.50569152832,624,21,10.1440734863281
"Opuntia parviclada",-97.346649,17.883524,"Sierra Madre del Sur province",17.8250007629395,197.08674621582,459,15,4.54605102539062
"Mammillaria beneckei",-95.313261,16.380804,"Pacific Lowlands province",27.3083343505859,113.194000244141,717,3,2.16566848754883
"Selenicereus testudo",-96.141667,18.091667,"Veracruzan province",25.9333324432373,236.800003051758,2567,133,3.50945043563843
"Lemaireocereus hollianus",-97.037254,17.864012,"Balsas Basin province",25.4541664123535,240.50569152832,624,21,11.5374526977539
"Lemaireocereus hollianus",-97.042603,17.862328,"Balsas Basin province",25.1041660308838,237.94059753418,713,30,5.22507476806641
"Polaskia chende",-97.425127,18.067992,"Balsas Basin province",22.345832824707,221.507827758789,472,18,6.44258117675781
"Neobuxbaumia mezcalaensis",-96.276324,16.867889,"Sierra Madre del Sur province",19.3541660308838,126.157524108887,701,12,1.03811645507812
"Neobuxbaumia mezcalaensis",-96.276495,16.864644,"Sierra Madre del Sur province",20.4333324432373,134.203598022461,771,16,10.1461791992188
"Selenicereus vagans",-95.130278,16.385833,"Pacific Lowlands province",27.8291664123535,129.482482910156,954,8,0.457063555717468
"Selenicereus vagans",-96.5,17,"Balsas Basin province",21.1791667938232,135.016143798828,656,11,0.9351806640625
"Selenicereus vagans",-95.05,17.13,"Veracruzan province",25.5375003814697,208.447998046875,2778,132,3.49023818969727
"Coryphantha pallida",-97.383333,17.716667,"Sierra Madre del Sur province",16.9500007629395,183.04248046875,547,18,2.32525634765625
"Coryphantha retusa",-97.483333,17.816667,"Sierra Madre del Sur province",16.2541675567627,169.349807739258,569,16,6.04769897460938
"Ferocactus recurvus",-96.555556,16.679167,"Balsas Basin province",20.0708332061768,123.42569732666,579,7,8.43498229980469
"Opuntia auberi",-95.908056,15.863056,"Pacific Lowlands province",27.220832824707,83.3518905639648,1108,13,4.51248836517334
"Mammillaria albilanata",-94.833333,16.583333,"Pacific Lowlands province",26.5541667938232,172.316543579102,1026,14,0.434557914733887
"Peniocereus fosterianus",-96.001389,15.871944,"Pacific Lowlands province",26.9249992370605,89.2264862060547,1178,13,1.51005172729492
"Neobuxbaumia tetetzo",-95.613056,15.980278,"Pacific Lowlands province",27.5458335876465,80.6354751586914,912,8,2.31983804702759
"Rhipsalis baccifera",-95.516667,16.733333,"Sierra Madre del Sur province",21.5083332061768,101.37313079834,752,40,14.018798828125
"Pachycereus pecten-aboriginum",-95.59,16.429167,"Pacific Lowlands province",27.0416660308838,124.075355529785,608,3,0.487226486206055
"Pilosocereus chrysacanthus",-97.7,18.183333,"Balsas Basin province",20.6291675567627,174.869537353516,506,15,5.36721801757812
"Mammillaria haageana",-97.366667,18.066667,"Balsas Basin province",21.2374992370605,227.58740234375,555,22,16.4336700439453
"Opuntia decumbens",-96.099444,17.783333,"Veracruzan province",23.8291664123535,224.696350097656,3019,200,6.53652572631836
"Opuntia velutina",-97.943028,17.677,"Sierra Madre del Sur province",22.0166664123535,164.155303955078,696,15,1.82023620605469
"Coryphantha pallida",-97.418282,17.917166,"Sierra Madre del Sur province",16.5125007629395,164.013916015625,560,18,1.738525390625
"Opuntia huajuapensis",-97.429912,17.905079,"Sierra Madre del Sur province",16.095832824707,158.091720581055,576,18,0.440673828125
"Escontria chiotilla",-97.721071,18.230224,"Balsas Basin province",21.2958335876465,186.17512512207,445,14,10.5777587890625
"Pereskia lychnidiflora",-94.999466,16.662917,"Pacific Lowlands province",25.4583339691162,159.798645019531,966,29,17.1892738342285
"Mammillaria rekoi",-96.467836,17.102525,"Sierra Madre del Sur province",11.5333337783813,118.960136413574,1032,33,9.85324096679688
"Mammillaria karwinskiana",-96.51482,17.066739,"Sierra Madre del Sur province",17.4750003814697,141.942687988281,768,21,9.04450988769531
"Melocactus curvispinus",-95.010643,16.660554,"Pacific Lowlands province",25.9583339691162,173.870803833008,1026,16,6.61811828613281
"Mammillaria albilanata",-96.930951,17.439065,"Sierra Madre del Sur province",15.8958330154419,161.533248901367,679,16,5.58187866210938
"Mammillaria carnea",-97.069372,17.847683,"Balsas Basin province",23.8541660308838,245.110900878906,806,37,7.67084503173828
"Mammillaria albilanata",-96.940127,17.484824,"Sierra Madre del Sur province",16.1458339691162,160.545364379883,652,18,9.37255859375
"Mammillaria carnea",-96.945259,17.789368,"Balsas Basin province",24.6791667938232,241.194549560547,748,33,4.66007995605469
"Opuntia decumbens",-96.157764,15.726525,"Pacific Lowlands province",27.0166664123535,98.4962768554688,1144,14,9.20778846740723
"Myrtillocactus schenckii",-96.439304,16.965539,"Balsas Basin province",20.4333343505859,129.568054199219,649,10,3.87559509277344
"Opuntia tomentosa",-97.263808,17.667577,"Sierra Madre del Sur province",13.0833330154419,144.510665893555,708,19,2.4664306640625
"Marginatocereus marginatus",-97.340788,17.531695,"Sierra Madre del Sur province",16.591667175293,151.774841308594,587,12,0.674774169921875
"Stenocereus treleasei",-96.735784,17.082309,"Balsas Basin province",21.408332824707,146.207092285156,652,15,5.55850219726562
"Stenocereus stellatus",-97.322216,17.552145,"Sierra Madre del Sur province",15.7250003814697,141.509719848633,585,15,11.6970520019531
"Opuntia lasiacantha",-97.401695,17.491823,"Sierra Madre del Sur province",13.4541664123535,135.98893737793,737,17,7.66281127929688
"Coryphantha pallida",-97.320982,17.551613,"Sierra Madre del Sur province",15.7250003814697,141.509719848633,585,15,3.07244873046875
"Mammillaria carnea",-97.112194,18.119528,"Balsas Basin province",25.2000007629395,241.275024414062,768,29,2.96871948242188
"Opuntia pilifera",-96.96296,17.79537,"Balsas Basin province",25.2083339691162,247.311325073242,567,17,0.802940368652344
"Opuntia tomentosa",-97.05785,18.02309,"Balsas Basin province",25.1000003814697,236.479873657227,830,31,9.88706207275391
"Opuntia decumbens",-96.96581,17.79608,"Balsas Basin province",25.2083339691162,247.311325073242,567,17,1.952880859375
"Opuntia tomentosa",-97.01328,17.94294,"Balsas Basin province",25.7333335876465,240.495056152344,692,24,6.03987884521484
"Opuntia pilifera",-97.00788,17.87933,"Balsas Basin province",25.783332824707,243.742889404297,573,18,1.95265960693359
"Opuntia pilifera",-97.06494,18.10365,"Balsas Basin province",24.1333332061768,238.787994384766,922,47,2.01924133300781
"Opuntia pilifera",-97.0612,18.03301,"Balsas Basin province",25.1000003814697,235.555419921875,828,32,3.23553466796875
"Opuntia velutina",-97.06136,18.03237,"Balsas Basin province",25.1000003814697,235.555419921875,828,32,3.19026184082031
"Opuntia decumbens",-97.05082,18.02339,"Balsas Basin province",25.1000003814697,236.479873657227,830,31,5.82391357421875
"Acanthocereus tetragonus",-95.099722,16.966111,"Veracruzan province",25.0375003814697,192.248931884766,1894,87,2.28742980957031
"Acanthocereus tetragonus",-95.0075,16.641667,"Pacific Lowlands province",26.0541667938232,168.717880249023,990,15,4.57799339294434
"Acanthocereus tetragonus",-94.962778,16.525556,"Pacific Lowlands province",27.0583324432373,157.434463500977,1033,12,0.464403629302979
"Acanthocereus tetragonus",-94.969722,16.618611,"Pacific Lowlands province",26.1916675567627,163.468566894531,985,18,5.68933582305908
"Peniocereus oaxacensis",-96.038611,16.600833,"Pacific Lowlands province",24.0833339691162,142.323791503906,637,9,1.02092742919922
"Acanthocereus tetragonus",-94.372222,16.49,"Pacific Lowlands province",27.875,126.014038085938,1340,19,0.788126945495605
"Acanthocereus tetragonus",-97.079444,18.136944,"Balsas Basin province",24.4375,238.261917114258,841,41,1.40420532226562
"Acanthocereus tetragonus",-94.968611,16.514722,"Pacific Lowlands province",27.1041660308838,156.240768432617,1024,11,0.604573726654053
"Epiphyllum hookeri",-96.279444,17.523056,"Sierra Madre del Sur province",23.6833324432373,236.127197265625,2324,143,17.4881019592285
"Opuntia auberi",-95.525833,15.983611,"Pacific Lowlands province",27.6791667938232,86.9288864135742,898,5,0.748534679412842
"Opuntia decumbens",-96.013611,15.873611,"Pacific Lowlands province",26.595832824707,82.7223587036133,1220,15,10.0783195495605
"Mammillaria albilanata",-96.093055,15.961389,"Pacific Lowlands province",23.091667175293,55.7931747436523,1383,29,10.0363693237305
"Epiphyllum hookeri",-95.007222,16.664722,"Pacific Lowlands province",25.7875003814697,171.955657958984,1008,20,4.49127388000488
"Rhipsalis baccifera",-95.0425,16.703889,"Pacific Lowlands province",24.529167175293,134.425689697266,1059,59,18.5532302856445
"Opuntia pubescens",-97.1525,17.826111,"Sierra Madre del Sur province",19.0583343505859,224.143157958984,658,24,8.34855651855469
"Opuntia huajuapensis",-97.2275,17.842222,"Sierra Madre del Sur province",16.1375007629395,187.775543212891,526,18,5.53167724609375
"Opuntia tehuacana",-97.1525,17.831945,"Sierra Madre del Sur province",19.0583343505859,224.143157958984,658,24,7.67243957519531
"Opuntia pilifera",-97.338611,18.027778,"Sierra Madre del Sur province",15.9125003814697,186.962860107422,580,18,11.1970520019531
"Opuntia huajuapensis",-97.136667,17.799722,"Sierra Madre del Sur province",21.0583343505859,238.954483032227,835,35,2.49171447753906
"Opuntia pubescens",-96.995833,17.500278,"Sierra Madre del Sur province",15.4000005722046,145.836166381836,635,14,9.44281005859375
"Opuntia decumbens",-96.954444,17.783611,"Balsas Basin province",25.1291656494141,246.3779296875,579,19,0.976341247558594
"Opuntia tehuantepecana",-97.514444,17.752778,"Sierra Madre del Sur province",16.9416656494141,166.731063842773,574,13,0.92138671875
"Opuntia velutina",-97.028611,17.805556,"Balsas Basin province",24.4500007629395,229.416275024414,979,46,4.67190551757812
"Opuntia pubescens",-95.9325,16.625278,"Pacific Lowlands province",24.7875003814697,145.135116577148,577,8,2.77342224121094
"Opuntia decumbens",-95.620944,15.98275,"Pacific Lowlands province",27.6416664123535,81.011604309082,924,8,3.44894599914551
"Opuntia karwinskiana",-96.160417,15.732889,"Pacific Lowlands province",27.0625,99.2271423339844,1122,14,1.44637501239777
"Pereskiopsis kellermanii",-96.184805,15.761111,"Pacific Lowlands province",27.0166664123535,96.6797332763672,1204,17,1.56540203094482
"Opuntia depressa",-97.01328,17.94295,"Balsas Basin province",25.7333335876465,240.495056152344,692,24,6.03987884521484
"Opuntia decumbens",-97.085555,18.0425,"Balsas Basin province",25.3041667938232,234.796417236328,772,31,4.16805267333984
"Coryphantha retusa",-97.779167,17.811111,"Balsas Basin province",21.5,186.669372558594,637,19,1.51805114746094
"Aporocactus martianus",-96.6775,17.133611,"Sierra Madre del Sur province",14.1083335876465,127.061798095703,832,25,9.20538330078125
"Mammillaria karwinskiana",-96.688333,17.162222,"Sierra Madre del Sur province",11.8916664123535,110.635223388672,938,29,11.6060485839844
"Pereskiopsis diguetii",-95.6725,16.003333,"Pacific Lowlands province",27.4291667938232,82.0880584716797,910,7,7.55048084259033
"Pereskiopsis diguetii",-97.943055,17.686667,"Sierra Madre del Sur province",22.345832824707,172.540618896484,707,19,21.6361389160156
"Aporocactus martianus",-96.45,17.32,"Sierra Madre del Sur province",16.1375007629395,164.829452514648,1333,54,9.04989624023438
"Aporocactus martianus",-96.5,17.38,"Sierra Madre del Sur province",13.1958332061768,143.550094604492,1136,50,12.3193359375
"Pilosocereus collinsii",-95.34,16.38,"Pacific Lowlands province",25.5375003814697,74.9280090332031,695,12,10.648063659668
"Disocactus macranthus",-94.19,16.72,"Veracruzan province",20.1958332061768,132.895324707031,992,69,19.1991424560547
"Disocactus macranthus",-94.61,16.79,"Veracruzan province",23.7625007629395,175.888961791992,1490,104,2.08256530761719
"Disocactus macranthus",-94.76,16.84,"Veracruzan province",24.8875007629395,194.715713500977,2022,136,4.97359848022461
"Epiphyllum anguliger",-97.96,16.91,"Sierra Madre del Sur province",25.3708324432373,137.087554931641,1507,12,5.9652099609375
"Epiphyllum hookeri",-94.68,16.93,"Veracruzan province",24.8374996185303,204.929321289062,2327,163,1.79975128173828
"Escontria chiotilla",-96.521389,17.306389,"Balsas Basin province",19.6791667938232,191.755752563477,1095,59,12.2820892333984
"Escontria chiotilla",-96.3375,16.591111,"Pacific Lowlands province",23.6749992370605,138.47380065918,808,10,7.53740692138672
"Escontria chiotilla",-96.96,17.75,"Balsas Basin province",25.3333339691162,243.509689331055,537,17,7.14109802246094
"Disocactus ackermannii",-95.53,16.68,"Pacific Lowlands province",24.2541675567627,95.4286422729492,867,33,4.82152557373047
"Disocactus ackermannii",-96.99,18.16,"Sierra Madre del Sur province",15.2208337783813,198.614044189453,1456,61,17.8431701660156
"Opuntia pilifera",-96.31,16.92,"Balsas Basin province",18.6958332061768,129.201370239258,735,14,7.35063171386719
"Coryphantha retusa",-96.386667,16.917778,"Balsas Basin province",20.529167175293,133.424438476562,684,11,0.38409423828125
"Opuntia velutina",-96.11,17.01,"Sierra Madre del Sur province",17.2416667938232,151.849700927734,1161,49,9.50390625
"Opuntia tomentosa",-96.7,17.06,"Balsas Basin province",21.6375007629395,153.447143554688,659,14,0.356704711914062
"Pachycereus pecten-aboriginum",-96.325556,16.730278,"Sierra Madre del Sur province",22.5041656494141,129.885589599609,812,16,6.73027038574219
"Pereskia lychnidiflora",-96.03,15.81,"Pacific Lowlands province",27.2916660308838,89.2604370117188,1151,14,0.454237043857574
"Escontria chiotilla",-97.707778,17.874445,"Balsas Basin province",21.0166664123535,184.604431152344,569,14,5.68911743164062
"Pereskia lychnidiflora",-95.59111,16.42777,"Pacific Lowlands province",27.0416660308838,124.075355529785,608,3,0.762226104736328
"Pereskia lychnidiflora",-95.326944,16.364167,"Pacific Lowlands province",27.2124996185303,122.551040649414,788,4,1.38128566741943
"Opuntia lasiacantha",-96.881944,17.841667,"Sierra Madre del Sur province",17.2416667938232,202.684631347656,1112,40,4.35012817382812
"Pereskiopsis rotundifolia",-98.119167,17.5325,"Balsas Basin province",21.5666675567627,166.71061706543,847,20,1.24024963378906
"Pereskia lychnidiflora",-95.95416,15.86666,"Pacific Lowlands province",27.1208324432373,85.9560775756836,1128,13,4.86948204040527
"Disocactus speciosus",-98.046111,17.263611,"Sierra Madre del Sur province",17.1000003814697,135.512496948242,1036,28,3.82077026367188
"Stenocereus pruinosus",-95.35,16.71666,"Pacific Lowlands province",25.3666667938232,140.507751464844,663,11,4.0675048828125
"Ferocactus recurvus",-97.566667,18.016667,"Sierra Madre del Sur province",13.7958335876465,142.788116455078,643,15,16.4979553222656
"Opuntia decumbens",-95.00972,16.66722,"Pacific Lowlands province",25.7541656494141,174.67448425293,1012,17,4.28715133666992
"Pereskia lychnidiflora",-95.01472,16.64527,"Pacific Lowlands province",26.2041664123535,170.779739379883,1013,14,0.608858108520508
"Aporocactus martianus",-96.41,17.36,"Sierra Madre del Sur province",13.0833330154419,146.928146362305,1248,68,25.6166687011719
"Rhipsalis baccifera",-96.38,18.23,"Veracruzan province",25.2458324432373,242.33203125,2904,156,8.15841865539551
"Disocactus ackermannii",-96.06,17.03,"Sierra Madre del Sur province",14.6499996185303,133.126739501953,1180,54,9.7987060546875
"Disocactus ackermannii",-96.55277,17.66944,"Sierra Madre del Sur province",14.5458335876465,160.785827636719,1919,93,11.0144348144531
"Epiphyllum anguliger",-96.11888,16.00333,"Sierra Madre del Sur province",21.7583332061768,50.0378494262695,1456,41,10.8805694580078
"Opuntia auberi",-94.95861,16.61166,"Pacific Lowlands province",26.3291664123535,164.778900146484,1001,18,9.84637832641602
"Coryphantha pallida",-97.037548,17.862998,"Balsas Basin province",25.4541664123535,240.50569152832,624,21,5.59934234619141
"Pachycereus weberi",-97.017426,17.844163,"Balsas Basin province",25.6375007629395,246.715896606445,498,13,5.28171539306641
"Coryphantha pallida",-97.116158,18.048411,"Balsas Basin province",25.3374996185303,244.216033935547,695,23,2.21341705322266
"Coryphantha pallida",-97.582377,17.703575,"Sierra Madre del Sur province",18.2374992370605,170.255508422852,599,15,9.02748107910156
"Mammillaria karwinskiana",-96.735441,17.084196,"Balsas Basin province",21.25,145.258392333984,658,15,11.3214416503906
"Opuntia pubescens",-96.734787,17.080286,"Balsas Basin province",21.408332824707,146.207092285156,652,15,11.9223022460938
"Pachycereus weberi",-96.966856,17.90708,"Balsas Basin province",25.1166667938232,247.710708618164,718,26,6.39715576171875
"Mammillaria crucigera",-97.100005,18.133002,"Balsas Basin province",25.0208339691162,240.345001220703,772,31,2.33023834228516
"Mammillaria crucigera",-97.05001,18.033003,"Balsas Basin province",24.966667175293,233.786361694336,864,34,6.86857604980469
"Mammillaria huitzilopochtli",-96.950004,17.800002,"Balsas Basin province",24.7958335876465,240.344985961914,747,32,24.0712051391602
"Disocactus speciosus",-95.591667,16.275,"Pacific Lowlands province",22.404167175293,81.6160202026367,844,11,11.9554443359375
"Pachycereus pecten-aboriginum",-95.673889,15.986667,"Pacific Lowlands province",27.7124996185303,81.2158966064453,949,10,0.402608633041382
"Opuntia pubescens",-97.048611,16.810833,"Sierra Madre del Sur province",17.3374996185303,136.433883666992,848,23,14.0671539306641
"Opuntia decumbens",-97.783333,18.191389,"Balsas Basin province",21.5,171.953994750977,474,14,3.56182861328125
"Pereskia lychnidiflora",-95.366667,16.377778,"Pacific Lowlands province",26.1083335876465,105.568412780762,641,4,14.7398223876953
"Rhipsalis baccifera",-95.525,16.741667,"Sierra Madre del Sur province",22.0375003814697,102.405715942383,836,51,11.3832397460938
"Opuntia depressa",-97.716667,18.191111,"Balsas Basin province",20.5458335876465,171.072265625,521,14,5.76387023925781
"Opuntia decumbens",-97.076327,15.916185,"Pacific Lowlands province",26.3166656494141,79.6678924560547,867,12,6.80499362945557
"Ferocactus recurvus",-97.428045,18.067828,"Balsas Basin province",22.345832824707,221.507827758789,472,18,5.17393493652344
"Opuntia pubescens",-97.033535,18.079046,"Balsas Basin province",23.8291664123535,240.117935180664,1248,65,13.0534362792969
"Coryphantha pallida",-96.937909,17.658761,"Balsas Basin province",24.9583339691162,240.528121948242,564,17,2.21664428710938
"Escontria chiotilla",-96.939518,17.661729,"Balsas Basin province",24.9583339691162,240.528121948242,564,17,3.59994506835938
"Opuntia pilifera",-97.001166,17.895629,"Balsas Basin province",25.875,244.68440246582,582,18,6.82930755615234
"Escontria chiotilla",-96.990352,17.8719,"Balsas Basin province",25.595832824707,245.990173339844,594,19,2.18894195556641
"Myrtillocactus schenckii",-96.938596,17.699142,"Balsas Basin province",25,239.62092590332,597,21,5.62321472167969
"Pilosocereus chrysacanthus",-97.262652,17.953818,"Sierra Madre del Sur province",19.5708332061768,229.707901000977,652,26,11.4575042724609
"Mammillaria sphacelata",-97.263122,17.954342,"Sierra Madre del Sur province",19.5708332061768,229.707901000977,652,26,5.44686889648438
"Opuntia pubescens",-97.379,16.2602,"Pacific Lowlands province",22.6958332061768,129.359573364258,1368,16,0.606727600097656
"Epiphyllum anguliger",-96.8102,17.1727,"Balsas Basin province",21.7083339691162,161.721313476562,688,15,1.24552917480469
"Opuntia tehuacana",-97.004128,18.053581,"Sierra Madre del Sur province",18.2958335876465,194.614517211914,1210,41,17.9557342529297
"Opuntia decumbens",-95.24536,16.333414,"Pacific Lowlands province",28.3083343505859,112.347534179688,860,11,8.81410026550293
"Rhipsalis baccifera",-96.428375,17.645535,"Sierra Madre del Sur province",22.3125,223.201141357422,2479,183,12.0754623413086
"Epiphyllum hookeri",-96.555067,17.761444,"Veracruzan province",23.158332824707,244.696792602539,2213,151,17.4142608642578
"Mammillaria karwinskiana",-96.448975,16.958358,"Balsas Basin province",20.7666664123535,134.28825378418,664,11,4.89515686035156
"Mammillaria flavicentra",-97.014341,18.088831,"Sierra Madre del Sur province",19.7541675567627,222.858093261719,1417,53,13.4568176269531
"Mammillaria mystax",-97.738023,18.188976,"Balsas Basin province",21.4416675567627,179.137252807617,459,15,7.87855529785156
"Mammillaria rekoi",-96.30111,16.882007,"Sierra Madre del Sur province",16.9791660308838,118.522300720215,774,16,8.66787719726562
"Mammillaria albilanata",-97.154975,17.720646,"Sierra Madre del Sur province",15.3916664123535,180.539993286133,498,15,6.35006713867188
"Mammillaria albilanata",-96.952951,17.588672,"Balsas Basin province",20.345832824707,195.581420898438,917,34,11.3549499511719
"Coryphantha pallida",-97.453279,17.91443,"Sierra Madre del Sur province",15.8500003814697,160.538864135742,584,19,1.82723999023438
"Pachycereus weberi",-96.985738,17.912205,"Balsas Basin province",25.6666660308838,246.60725402832,618,19,5.92719268798828
"Mammillaria albilanata",-97.981396,17.5241,"Sierra Madre del Sur province",20.6708335876465,151.063751220703,715,17,12.5650482177734
"Opuntia pubescens",-96.730242,17.073851,"Balsas Basin province",21.5166664123535,146.059341430664,645,14,7.70213317871094
"Myrtillocactus schenckii",-97.04362,18.072206,"Balsas Basin province",24.0166664123535,234.872634887695,1030,53,9.46275329589844
"Opuntia huajuapensis",-97.288485,17.70971,"Sierra Madre del Sur province",15.3166666030884,162.918441772461,520,10,1.94976806640625
"Coryphantha pallida",-96.996467,17.815436,"Balsas Basin province",25.7291660308838,245.648101806641,513,15,3.83957672119141
"Opuntia depressa",-96.767,17.045705,"Balsas Basin province",20.3166675567627,134.575653076172,662,16,3.41275024414062
"Stenocereus pruinosus",-96.961211,17.817032,"Balsas Basin province",24.904167175293,240.722961425781,742,29,12.8047485351562
"Mammillaria carnea",-96.995,17.808889,"Balsas Basin province",25.7291660308838,245.648101806641,513,15,1.21832275390625
"Mammillaria flavicentra",-97.133346,17.655841,"Sierra Madre del Sur province",16.6041660308838,183.828704833984,532,16,7.82969665527344
"Opuntia huajuapensis",-97.3211,17.545025,"Sierra Madre del Sur province",15.6458330154419,139.242401123047,586,12,3.9093017578125
"Mammillaria flavicentra",-96.901431,17.863853,"Sierra Madre del Sur province",19.4375,216.239807128906,1356,47,10.0897674560547
"Opuntia tehuacana",-96.980588,17.890013,"Balsas Basin province",25.3708343505859,246.80192565918,655,22,9.44608306884766
"Opuntia huajuapensis",-97.418243,17.971377,"Sierra Madre del Sur province",16.6666660308838,172.301712036133,560,17,4.9759521484375
"Mammillaria polyedra",-98.02474,17.974106,"Balsas Basin province",21.0749988555908,152.203521728516,714,18,7.06875610351562
"Ferocactus recurvus",-97.680645,17.765852,"Sierra Madre del Sur province",19.9583339691162,174.210342407227,600,12,7.05366516113281
"Ferocactus recurvus",-97.685452,17.766997,"Sierra Madre del Sur province",20.375,176.487197875977,599,13,6.9171142578125
"Mammillaria haageana",-97.680817,17.768631,"Balsas Basin province",19.5833339691162,170.431716918945,604,12,17.1342468261719
"Mammillaria haageana",-97.687168,17.778603,"Balsas Basin province",20.7458324432373,180.421951293945,598,14,9.46321105957031
"Opuntia depressa",-96.33,16.75,"Sierra Madre del Sur province",21.5208339691162,120.292419433594,650,11,13.7957305908203
"Mammillaria karwinskiana",-96.316,16.73,"Sierra Madre del Sur province",21.8208332061768,116.159339904785,672,12,4.53038024902344
"Coryphantha pallida",-97,17.46,"Sierra Madre del Sur province",20.3500003814697,188.462692260742,788,22,7.57830810546875
"Mammillaria haageana",-97.84087,17.87829,"Balsas Basin province",20.1875,181.472839355469,657,19,1.66290283203125
"Mammillaria karwinskiana",-96.7217,16.9467,"Balsas Basin province",21.4958343505859,153.836654663086,652,11,0.094757080078125
"Myrtillocactus geometrizans",-96.4708,17.2753,"Balsas Basin province",17.404167175293,177.641860961914,1275,54,2.1553955078125
"Mammillaria rekoi",-96.670375,17.024883,"Balsas Basin province",18.9833335876465,131.379623413086,666,14,5.7607421875
"Coryphantha elephantidens",-96.23,16.6,"Pacific Lowlands province",22.9458332061768,122.241523742676,711,12,7.13836669921875
"Coryphantha elephantidens",-96.24336,16.67583,"Sierra Madre del Sur province",23.2958335876465,123.81175994873,832,15,6.61894226074219
"Stenocactus crispatus",-97.398659,18.013057,"Sierra Madre del Sur province",19.3333339691162,208.83154296875,510,19,4.42578125
"Pereskia lychnidiflora",-96.157365,15.732717,"Pacific Lowlands province",27.0166664123535,98.4962768554688,1144,14,1.60868155956268
"Pereskia lychnidiflora",-96.19998,15.755828,"Pacific Lowlands province",27.0083332061768,95.6041641235352,1207,17,4.13825035095215
"Pereskia lychnidiflora",-96.134155,15.768548,"Pacific Lowlands province",27.2083339691162,96.3146514892578,1188,17,2.88904714584351
"Opuntia depressa",-97.328742,18.130028,"Balsas Basin province",21.5625,238.881134033203,561,20,8.06132507324219
"Ferocactus recurvus",-96.952492,17.694117,"Balsas Basin province",24.8374996185303,232.605072021484,812,35,14.3627014160156
"Mammillaria carnea",-97.06396,17.712662,"Sierra Madre del Sur province",22.1625003814697,230.918395996094,942,47,10.5317230224609
"Pereskia lychnidiflora",-96.199315,15.780257,"Pacific Lowlands province",26.9958324432373,93.7709426879883,1248,16,1.59237480163574
"Stenocactus crispatus",-97.398262,17.927619,"Sierra Madre del Sur province",16.5625,164.705322265625,552,16,5.02957153320312
"Ferocactus recurvus",-97.323128,17.550661,"Sierra Madre del Sur province",15.7250003814697,141.509719848633,585,15,2.86666870117188
"Opuntia tomentosa",-96.716208,17.028081,"Balsas Basin province",21.7250003814697,153.763397216797,642,11,0.652542114257812
"Opuntia karwinskiana",-96.194385,15.7697,"Pacific Lowlands province",27.0083332061768,95.675422668457,1225,17,2.48354816436768
"Opuntia karwinskiana",-95.96144,15.865932,"Pacific Lowlands province",27.1166667938232,87.2127227783203,1129,13,7.86397218704224
"Opuntia karwinskiana",-96.135778,15.768549,"Pacific Lowlands province",27.2083339691162,96.3146514892578,1188,17,2.68920707702637
"Opuntia karwinskiana",-96.146121,15.738294,"Pacific Lowlands province",27.0083332061768,99.8142166137695,1141,14,0.992663502693176
"Opuntia decumbens",-96.134727,15.767681,"Pacific Lowlands province",27.2083339691162,96.3146514892578,1188,17,1.82248568534851
"Opuntia karwinskiana",-96.158996,15.733998,"Pacific Lowlands province",27.0083332061768,97.7667465209961,1159,15,2.7485249042511
"Opuntia decumbens",-96.168609,15.728235,"Pacific Lowlands province",27.0166664123535,98.0105285644531,1155,15,10.3359403610229
"Opuntia decumbens",-96.15876,15.733977,"Pacific Lowlands province",27.0083332061768,97.7667465209961,1159,15,2.15034818649292
"Opuntia karwinskiana",-96.15715,15.72679,"Pacific Lowlands province",27.0166664123535,98.4962768554688,1144,14,11.402455329895
"Opuntia karwinskiana",-96.167214,15.722938,"Pacific Lowlands province",27.0208339691162,97.4086685180664,1148,15,12.6384086608887
"Pachycereus pecten-aboriginum",-96.130199,15.746906,"Pacific Lowlands province",27.1208324432373,96.7766418457031,1150,15,7.75954580307007
"Opuntia decumbens",-96.120994,15.76288,"Pacific Lowlands province",27.25,95.6793594360352,1150,15,1.04833972454071
"Opuntia decumbens",-95.401968,16.009911,"Pacific Lowlands province",27.9375,91.7041854858398,890,4,4.9373722076416
"Opuntia karwinskiana",-96.201546,15.774372,"Pacific Lowlands province",27.0083332061768,95.1513824462891,1226,17,1.28974914550781
"Opuntia decumbens",-96.070547,15.779741,"Pacific Lowlands province",27.25,93.3225173950195,1146,12,2.18970704078674
"Myrtillocactus schenckii",-96.344247,16.754333,"Sierra Madre del Sur province",21.4458332061768,125.090118408203,658,10,5.66108703613281
"Myrtillocactus geometrizans",-97.005981,17.900519,"Balsas Basin province",25.8583335876465,243.262237548828,604,20,3.57166290283203
"Pachycereus weberi",-96.913025,17.635589,"Balsas Basin province",24.7916660308838,233.314407348633,658,24,3.48831176757812
"Opuntia decumbens",-96.913681,17.635953,"Balsas Basin province",24.7916660308838,233.314407348633,658,24,4.88500213623047
"Mammillaria carnea",-96.912889,17.635575,"Balsas Basin province",24.7916660308838,233.314407348633,658,24,3.48831176757812
"Opuntia velutina",-96.913789,17.635992,"Balsas Basin province",24.7916660308838,233.314407348633,658,24,4.0946044921875
"Coryphantha pallida",-96.91349,17.649666,"Balsas Basin province",24.9291667938232,237.328491210938,564,18,1.62310791015625
"Stenocereus pruinosus",-96.322556,16.727731,"Sierra Madre del Sur province",22.2916660308838,123.52465057373,764,14,6.69146728515625
"Stenocereus pruinosus",-96.233247,16.682919,"Sierra Madre del Sur province",22.8833332061768,115.509399414062,779,14,7.17207336425781
"Opuntia karwinskiana",-96.230744,16.677694,"Sierra Madre del Sur province",22.8833332061768,115.509399414062,779,14,6.65730285644531
"Opuntia pilifera",-96.574013,17.395069,"Balsas Basin province",20.6083335876465,199.952651977539,1056,61,10.8347930908203
"Stenocereus pruinosus",-96.576027,17.394516,"Balsas Basin province",20.8208332061768,204.077285766602,1064,59,11.0611572265625
"Mammillaria haageana",-97.719335,18.067345,"Balsas Basin province",19.6375007629395,181.773132324219,542,14,4.149658203125
"Opuntia karwinskiana",-96.136627,15.753242,"Pacific Lowlands province",27.1041660308838,96.5885848999023,1168,16,0.872975170612335
"Opuntia tomentosa",-96.671157,17.032405,"Balsas Basin province",19.8875007629395,137.727096557617,653,13,8.81278991699219
"Opuntia decumbens",-96.127751,15.743227,"Pacific Lowlands province",27.1208324432373,96.7766418457031,1150,15,6.63610935211182
"Opuntia dejecta",-96.19395,15.76956,"Pacific Lowlands province",27.0083332061768,95.675422668457,1225,17,2.81620693206787
"Pachycereus pecten-aboriginum",-96.133332,15.758595,"Pacific Lowlands province",27.2041664123535,95.5476684570312,1171,16,5.80572986602783
"Opuntia karwinskiana",-96.127367,15.743627,"Pacific Lowlands province",27.1208324432373,96.7766418457031,1150,15,4.30970764160156
"Pachycereus pecten-aboriginum",-96.134163,15.768415,"Pacific Lowlands province",27.2083339691162,96.3146514892578,1188,17,2.88904714584351
"Acanthocereus tetragonus",-96.211205,15.779965,"Pacific Lowlands province",27.0208339691162,96.2350006103516,1229,18,1.72017002105713
"Opuntia karwinskiana",-96.211822,15.780572,"Pacific Lowlands province",27.0208339691162,96.2350006103516,1229,18,2.38204765319824
"Opuntia karwinskiana",-96.203827,15.775495,"Pacific Lowlands province",27.0083332061768,96.3618621826172,1240,18,1.39408016204834
"Pachycereus pecten-aboriginum",-96.207497,15.77539,"Pacific Lowlands province",27.0083332061768,96.3618621826172,1240,18,1.32481002807617
"Pachycereus pecten-aboriginum",-96.199203,15.772661,"Pacific Lowlands province",27.0083332061768,95.675422668457,1225,17,1.7924165725708
"Stenocereus pruinosus",-95.160484,16.459957,"Pacific Lowlands province",27.6875,128.825546264648,882,5,0.652377128601074
"Acanthocereus tetragonus",-96.158223,15.731127,"Pacific Lowlands province",27.0166664123535,98.4962768554688,1144,14,5.6085090637207
"Acanthocereus tetragonus",-96.161377,15.726222,"Pacific Lowlands province",27.0625,99.2271423339844,1122,14,1.14630365371704
"Opuntia decumbens",-96.160927,15.725881,"Pacific Lowlands province",27.0625,99.2271423339844,1122,14,0.862852692604065
"Opuntia karwinskiana",-96.165283,15.724869,"Pacific Lowlands province",27.0791664123535,99.2576599121094,1110,14,1.26252746582031
"Pachycereus pecten-aboriginum",-96.051557,15.789611,"Pacific Lowlands province",27.1791667938232,94.1579666137695,1145,12,2.26359295845032
"Stenocereus pruinosus",-96.366934,16.940379,"Balsas Basin province",19.9791660308838,125.525405883789,696,12,2.39056396484375
"Pachycereus pecten-aboriginum",-96.158438,15.733358,"Pacific Lowlands province",27.0083332061768,97.7667465209961,1159,15,4.47999000549316
"Ferocactus recurvus",-97.550025,17.817942,"Sierra Madre del Sur province",14.908332824707,141.112991333008,652,19,5.27645874023438
"Ferocactus recurvus",-97.549994,17.817531,"Sierra Madre del Sur province",15.9583330154419,157.44889831543,614,18,5.67208862304688
"Stenocereus pruinosus",-96.445651,16.945567,"Balsas Basin province",20.8916664123535,133.97477722168,669,13,7.79765319824219
"Pachycereus pecten-aboriginum",-96.1467,15.738583,"Pacific Lowlands province",27.0083332061768,99.8142166137695,1141,14,4.18861675262451
"Opuntia karwinskiana",-96.170712,15.766205,"Pacific Lowlands province",27.0708332061768,96.4001541137695,1179,16,5.27211284637451
"Acanthocereus tetragonus",-96.175153,15.776834,"Pacific Lowlands province",27.0541667938232,95.3095092773438,1229,17,2.9330267906189
"Opuntia decumbens",-96.175003,15.777098,"Pacific Lowlands province",27.0541667938232,95.3095092773438,1229,17,2.28271436691284
"Acanthocereus tetragonus",-96.180206,15.760325,"Pacific Lowlands province",27.0249996185303,96.9184341430664,1196,17,3.26398611068726
"Pachycereus pecten-aboriginum",-96.188919,15.763968,"Pacific Lowlands province",27.0166664123535,96.6797332763672,1204,17,3.47675514221191
"Opuntia karwinskiana",-96.184814,15.761137,"Pacific Lowlands province",27.0166664123535,96.6797332763672,1204,17,1.56540203094482
"Pachycereus pecten-aboriginum",-96.227574,15.698223,"Pacific Lowlands province",26.908332824707,98.8533020019531,1087,15,4.55903911590576
"Acanthocereus tetragonus",-96.188072,15.753491,"Pacific Lowlands province",27.0083332061768,95.6041641235352,1190,17,4.34010744094849
"Pachycereus pecten-aboriginum",-96.188965,15.753995,"Pacific Lowlands province",27.0083332061768,95.6041641235352,1190,17,3.9703106880188
"Myrtillocactus schenckii",-96.443865,16.949957,"Balsas Basin province",20.8916664123535,133.97477722168,669,13,3.71635437011719
"Mammillaria karwinskiana",-95.979722,16.611111,"Pacific Lowlands province",24.8166675567627,152.663238525391,542,7,0.523689270019531
"Pachycereus pecten-aboriginum",-96.192877,15.763882,"Pacific Lowlands province",27.0208339691162,96.1404876708984,1206,18,2.55094623565674
"Ferocactus recurvus",-96.440266,16.956654,"Balsas Basin province",20.6166667938232,131.414215087891,658,13,5.83253479003906
"Mammillaria flavicentra",-96.884072,17.803693,"Sierra Madre del Sur province",15.845832824707,182.139556884766,811,24,11.28076171875
"Mammillaria albilanata",-96.931343,17.662179,"Balsas Basin province",24.9874992370605,239.982238769531,529,14,6.02373504638672
"Mammillaria albilanata",-96.949806,17.585442,"Balsas Basin province",22.0749988555908,213.929672241211,997,42,8.11512756347656
"Mammillaria albilanata",-97.085307,17.469148,"Sierra Madre del Sur province",18.5499992370605,185.631622314453,691,17,13.2232360839844
"Stenocactus crispatus",-97.429114,17.908085,"Sierra Madre del Sur province",16.095832824707,158.091720581055,576,18,3.61575317382812
"Ferocactus recurvus",-97.428859,17.908073,"Sierra Madre del Sur province",16.095832824707,158.091720581055,576,18,3.45822143554688
"Mammillaria karwinskiana",-96.449339,16.94959,"Balsas Basin province",20.8916664123535,133.97477722168,669,13,5.05307006835938
"Mammillaria albilanata",-96.92516,17.370764,"Sierra Madre del Sur province",16.4624996185303,152.04850769043,688,17,4.29293823242188
"Opuntia karwinskiana",-96.17038,15.747602,"Pacific Lowlands province",27.029167175293,98.1061172485352,1161,15,1.40928101539612
"Pachycereus pecten-aboriginum",-96.169872,15.750636,"Pacific Lowlands province",27.0583324432373,96.6914749145508,1167,15,2.16724443435669
"Acanthocereus tetragonus",-96.231125,15.775396,"Pacific Lowlands province",27.0375003814697,97.3541793823242,1223,18,5.53874397277832
"Opuntia karwinskiana",-96.237457,15.773922,"Pacific Lowlands province",27.0458335876465,97.9669952392578,1192,20,2.65883159637451
"Pereskia lychnidiflora",-96.218185,15.783434,"Pacific Lowlands province",26.9958343505859,94.5914077758789,1257,18,1.82891464233398
"Mammillaria mystax",-97.520868,17.852189,"Sierra Madre del Sur province",13.5708332061768,132.175140380859,701,24,12.992431640625
"Mammillaria haageana",-97.305983,18.073063,"Sierra Madre del Sur province",11.9499998092651,146.411636352539,779,32,9.256591796875
"Pachycereus pecten-aboriginum",-96.205142,15.757891,"Pacific Lowlands province",27.0125007629395,95.5397567749023,1208,19,0.771726608276367
"Pereskia lychnidiflora",-96.2043,15.754002,"Pacific Lowlands province",27.0125007629395,95.5397567749023,1208,19,3.81294059753418
"Ferocactus recurvus",-97.452861,17.912123,"Sierra Madre del Sur province",15.8500003814697,160.538864135742,584,19,4.83938598632812
"Ferocactus recurvus",-96.35081,16.721219,"Sierra Madre del Sur province",21.8374996185303,118.726676940918,656,10,10.1959686279297
"Ferocactus recurvus",-96.935592,17.690307,"Balsas Basin province",25.0375003814697,239.944381713867,558,19,10.0968475341797
"Mammillaria karwinskiana",-96.407076,16.941172,"Sierra Madre del Sur province",19.9375,123.161476135254,678,12,2.52009582519531
"Ferocactus recurvus",-96.913881,17.636019,"Balsas Basin province",24.7916660308838,233.314407348633,658,24,4.0946044921875
"Mammillaria sphacelata",-96.949806,17.585444,"Balsas Basin province",22.0749988555908,213.929672241211,997,42,8.11512756347656
"Mammillaria karwinskiana",-96.577087,17.394596,"Balsas Basin province",20.8208332061768,204.077285766602,1064,59,13.1803436279297
"Coryphantha elephantidens",-96.598056,17.040661,"Balsas Basin province",20.7999992370605,146.907531738281,645,14,2.73477172851562
"Mammillaria haageana",-97.680924,18.002938,"Balsas Basin province",18.1166667938232,168.122436523438,591,15,8.6405029296875
"Pereskia lychnidiflora",-95.331242,16.416844,"Pacific Lowlands province",27.3041667938232,131.779037475586,840,6,0.420402050018311
"Opuntia lasiacantha",-96.73616,17.081188,"Balsas Basin province",21.408332824707,146.207092285156,652,15,13.8037109375
"Mammillaria flavicentra",-97.261264,17.693223,"Sierra Madre del Sur province",13.6333332061768,149.412994384766,649,14,10.5967407226562
"Mammillaria karwinskiana",-96.670074,17.023836,"Balsas Basin province",18.9833335876465,131.379623413086,666,14,7.113525390625
"Mammillaria flavicentra",-96.964731,18.073899,"Sierra Madre del Sur province",17.0041675567627,194.123413085938,1341,53,7.86441040039062
"Mammillaria karwinskiana",-96.276943,16.869344,"Sierra Madre del Sur province",19.3541660308838,126.157524108887,701,12,1.75175476074219
"Mammillaria mystax",-97.510556,17.8525,"Sierra Madre del Sur province",13.908332824707,135.643814086914,685,25,5.51156616210938
"Mammillaria haageana",-97.412778,17.880833,"Sierra Madre del Sur province",16.9624996185303,173.822357177734,505,14,1.25674438476562
"Stenocactus crispatus",-97.417577,17.950234,"Sierra Madre del Sur province",16.4916667938232,169.287719726562,563,18,1.41000366210938
"Ferocactus recurvus",-97.79607,18.147499,"Balsas Basin province",20.779167175293,163.990829467773,541,15,12.0976715087891
"Ferocactus recurvus",-97.72525,18.222455,"Balsas Basin province",20.408332824707,173.386489868164,524,13,11.7563629150391
"Acanthocereus tetragonus",-96.051437,15.788591,"Pacific Lowlands province",27.1791667938232,94.1579666137695,1145,12,12.9288883209229
"Pereskia lychnidiflora",-95.141667,16.241667,"Pacific Lowlands province",28.0041675567627,109.367134094238,896,8,7.93056583404541
"Escontria chiotilla",-97.708333,17.991667,"Balsas Basin province",18.8916664123535,175.626586914062,578,15,9.27328491210938
"Aporocactus martianus",-96.725,17.091667,"Balsas Basin province",21.1375007629395,148.830673217773,654,16,8.61891174316406
"Ferocactus macrodiscus",-96.441667,17.558333,"Sierra Madre del Sur province",11.7666664123535,121.287284851074,1362,72,11.2596130371094
"Opuntia tomentosa",-97.491667,17.825,"Sierra Madre del Sur province",15.5833330154419,158.79280090332,614,20,5.53497314453125
"Mammillaria haageana",-96.908333,17.291667,"Balsas Basin province",20.908332824707,162.883575439453,748,20,0.65789794921875
"Opuntia pubescens",-97.208333,17.591667,"Sierra Madre del Sur province",13.8249998092651,154.882659912109,610,17,2.47769165039062
"Mammillaria solisioides",-97.758333,17.791667,"Balsas Basin province",21.4416675567627,187.481323242188,632,17,1.84254455566406
"Myrtillocactus schenckii",-97.575,17.675,"Sierra Madre del Sur province",18.0666675567627,175.956237792969,615,18,0.92596435546875
"Rhipsalis baccifera",-94.061111,17.0775,"Veracruzan province",24.8583335876465,216.572830200195,2629,225,12.5491046905518
"Rhipsalis baccifera",-94.587778,17.073889,"Veracruzan province",23.1625003814697,170.49560546875,1906,155,13.9978561401367
"Pereskia lychnidiflora",-95.960556,15.834722,"Pacific Lowlands province",27.2374992370605,90.7826080322266,1113,12,0.925812482833862
"Pereskia lychnidiflora",-96.166111,15.725556,"Pacific Lowlands province",27.0625,99.2271423339844,1122,14,0.922556221485138
"Opuntia velutina",-96.33,16.623333,"Sierra Madre del Sur province",23.8166675567627,139.631561279297,814,11,9.4630126953125
"Opuntia pilifera",-96.866571,17.264514,"Sierra Madre del Sur province",21.0249996185303,156.241348266602,735,18,3.79685974121094
"Opuntia decumbens",-96.004167,15.870833,"Pacific Lowlands province",26.9249992370605,89.2264862060547,1178,13,6.58877277374268
"Pachycereus pecten-aboriginum",-95.236667,16.323333,"Pacific Lowlands province",28.3875007629395,113.099433898926,892,13,0.840434551239014
"Opuntia lasiacantha",-95.916667,17.158333,"Sierra Madre del Sur province",19.2250003814697,164.102249145508,2832,195,7.74897766113281
"Marginatocereus marginatus",-96.353333,16.56,"Pacific Lowlands province",23.6875,133.128875732422,812,11,0.858123779296875
"Rhipsalis baccifera",-96.208333,17.86,"Veracruzan province",25.2625007629395,242.07551574707,3440,218,1.69503355026245
"Disocactus macranthus",-94.683333,16.908333,"Veracruzan province",24.8500003814697,203.581573486328,2254,159,3.23720550537109
"Disocactus ackermannii",-96.553333,17.533333,"Sierra Madre del Sur province",17.3833332061768,178.151290893555,2277,100,7.03939819335938
"Opuntia velutina",-95.768333,16.01,"Pacific Lowlands province",26.779167175293,75.5722961425781,930,10,3.48496246337891
"Myrtillocactus schenckii",-96.228333,16.713333,"Sierra Madre del Sur province",21.1166667938232,108.299537658691,589,9,8.43934631347656
"Melocactus curvispinus",-95.408333,16.508333,"Pacific Lowlands province",26.1791667938232,116.041885375977,591,4,9.99990844726562
"Opuntia pubescens",-96.37,16.668333,"Sierra Madre del Sur province",22.2124996185303,125.899040222168,690,12,5.41389465332031
"Escontria chiotilla",-96.308333,16.673333,"Pacific Lowlands province",24.0041656494141,138.423873901367,845,15,2.41644287109375
"Pereskia lychnidiflora",-95.3333444,16.4174426,"Pacific Lowlands province",27.2541656494141,131.122039794922,821,5,1.01725959777832
"Neobuxbaumia tetetzo",-97.062509,16.95758,"Sierra Madre del Sur province",17.3083324432373,144.140609741211,793,22,5.13397216796875
"Neobuxbaumia tetetzo",-97.0531,17.861257,"Balsas Basin province",24.7708339691162,241.994140625,690,28,11.94287109375
"Cephalocereus columna-trajani",-97.050383,17.857761,"Balsas Basin province",24.5666675567627,238.759414672852,827,37,10.3443603515625
"Cephalocereus columna-trajani",-97.049787,17.858785,"Balsas Basin province",25.1041660308838,237.94059753418,713,30,9.10049438476562
"Cephalocereus columna-trajani",-97.050065,17.858345,"Balsas Basin province",24.7708339691162,241.994140625,690,28,11.5982666015625
"Aporocactus martianus",-96.963389,18.1355,"Sierra Madre del Sur province",12.7375001907349,167.075439453125,1329,59,15.9713134765625
"Rhipsalis baccifera",-96.851167,18.154889,"Sierra Madre del Sur province",21.9500007629395,246.216827392578,2593,171,8.06651306152344
"Mammillaria supertexta",-97.055833,18.0385,"Balsas Basin province",24.783332824707,230.753036499023,903,39,10.0324172973633
"Mammillaria kraehenbuehlii",-97.309722,17.801389,"Sierra Madre del Sur province",19.1749992370605,207.90625,447,9,4.90390014648438
"Mammillaria kraehenbuehlii",-97.551917,17.656028,"Sierra Madre del Sur province",16.466667175293,160.981842041016,647,18,4.6116943359375
"Mammillaria crucigera",-97.073067,18.111267,"Balsas Basin province",24.3875007629395,240.823608398438,882,43,10.1919097900391
"Mammillaria kraehenbuehlii",-97.278639,17.839639,"Sierra Madre del Sur province",19.4166660308838,219.268753051758,439,12,1.98223876953125
"Mammillaria crucigera",-97.086417,18.091,"Balsas Basin province",25.2541675567627,238.560638427734,819,35,12.3395156860352
"Mammillaria kraehenbuehlii",-97.553833,17.67825,"Sierra Madre del Sur province",18.0625,173.560653686523,599,16,4.533203125
"Mammillaria kraehenbuehlii",-97.352861,17.890694,"Sierra Madre del Sur province",17.7583332061768,193.905227661133,456,12,1.99894714355469
"Mammillaria supertexta",-96.987389,17.870722,"Balsas Basin province",25.595832824707,245.990173339844,594,19,7.55279541015625
"Mammillaria kraehenbuehlii",-97.540306,17.747944,"Sierra Madre del Sur province",17.4291667938232,167.052764892578,587,16,5.07122802734375
"Mammillaria kraehenbuehlii",-97.347333,18.028056,"Sierra Madre del Sur province",16.904167175293,195.441909790039,556,18,19.1154479980469
"Mammillaria crucigera",-97.082,18.135167,"Balsas Basin province",24.4375,238.261917114258,841,41,5.62066650390625
"Mammillaria kraehenbuehlii",-97.492389,17.662111,"Sierra Madre del Sur province",17.0791664123535,166.807693481445,599,17,6.21774291992188
"Mammillaria kraehenbuehlii",-97.246194,17.816889,"Sierra Madre del Sur province",15.7291660308838,180.736602783203,530,17,1.15560913085938
"Mammillaria kraehenbuehlii",-97.389833,17.8955,"Sierra Madre del Sur province",16.8916664123535,172.387435913086,505,12,1.255126953125
"Mammillaria crucigera",-97.067183,18.081817,"Balsas Basin province",24.7041664123535,234.912536621094,869,40,2.84414672851562
"Mammillaria zephyranthoides",-97.381306,17.901056,"Sierra Madre del Sur province",16.9500007629395,173.126342773438,506,13,1.055908203125
"Mammillaria dixanthocentron",-97.449222,17.910333,"Sierra Madre del Sur province",15.9833335876465,160.727523803711,583,20,11.5413513183594
"Mammillaria zephyranthoides",-97.338194,17.904889,"Sierra Madre del Sur province",17.3291664123535,190.662231445312,483,15,5.79315185546875
"Mammillaria supertexta",-97.337861,18.088556,"Sierra Madre del Sur province",18.9500007629395,220.763122558594,572,21,14.6012725830078
"Mammillaria dixanthocentron",-97.070917,17.904667,"Balsas Basin province",24.0874996185303,241.050033569336,831,39,13.4403076171875
"Mammillaria zephyranthoides",-97.353944,17.842806,"Sierra Madre del Sur province",16.5208339691162,174.440139770508,515,13,2.28759765625
"Mammillaria dixanthocentron",-97.074117,18.075133,"Balsas Basin province",24.7041664123535,234.912536621094,869,40,11.22998046875
"Mammillaria supertexta",-97.044861,18.053528,"Balsas Basin province",24.2708339691162,231.874359130859,982,48,4.04316711425781
"Mammillaria dixanthocentron",-97.414083,17.693694,"Sierra Madre del Sur province",14.3499994277954,145.461639404297,650,18,7.757568359375
"Mammillaria dixanthocentron",-97.416667,17.895611,"Sierra Madre del Sur province",16.5375003814697,162.915573120117,540,15,10.0613708496094
"Mammillaria zephyranthoides",-97.349444,17.887722,"Sierra Madre del Sur province",17.8250007629395,197.08674621582,459,15,1.56259155273438
"Mammillaria dixanthocentron",-97.062694,18.070333,"Balsas Basin province",24.5375003814697,235.392547607422,904,41,4.47634124755859
"Mammillaria dixanthocentron",-97.066194,18.059472,"Balsas Basin province",24.6166667938232,233.844665527344,897,41,7.52118682861328
"Mammillaria crucigera",-97.044,17.957222,"Balsas Basin province",25.6333332061768,239.605102539062,705,26,8.11370086669922
"Mammillaria dixanthocentron",-97.460472,17.869222,"Sierra Madre del Sur province",15.4541664123535,154.028594970703,606,21,13.2697143554688
"Mammillaria dixanthocentron",-96.912389,17.838278,"Sierra Madre del Sur province",20.845832824707,223.499633789062,1450,62,10.8313903808594
"Mammillaria dixanthocentron",-97.008933,17.9096,"Balsas Basin province",25.8208332061768,241.505310058594,621,21,7.17012023925781
"Mammillaria hernandezii",-97.430033,17.905533,"Sierra Madre del Sur province",16.095832824707,158.091720581055,576,18,3.36260986328125
"Mammillaria huitzilopochtli",-97.031917,17.988056,"Balsas Basin province",25.3666667938232,235.838287353516,855,33,10.3789520263672
"Mammillaria hernandezii",-97.412717,17.940933,"Sierra Madre del Sur province",16.7333335876465,167.662170410156,550,16,4.20050048828125
"Mammillaria dixanthocentron",-97.0065,17.8865,"Balsas Basin province",25.845832824707,244.470291137695,576,18,10.8066482543945
"Mammillaria dixanthocentron",-97.018694,17.809778,"Balsas Basin province",24.966667175293,239.320404052734,757,30,9.50462341308594
"Mammillaria huitzilopochtli",-96.981783,17.956683,"Balsas Basin province",24.7708339691162,237.079360961914,1074,49,7.18232727050781
"Mammillaria solisioides",-97.789806,17.938583,"Balsas Basin province",20.7958335876465,185.894134521484,580,18,4.85340881347656
"Mammillaria dixanthocentron",-97.943028,17.688667,"Sierra Madre del Sur province",22.345832824707,172.540618896484,707,19,12.9317779541016
"Mammillaria huitzilopochtli",-96.960683,17.816683,"Balsas Basin province",24.904167175293,240.722961425781,742,29,10.0549011230469
"Mammillaria huitzilopochtli",-96.969722,17.850639,"Balsas Basin province",25.1875,243.470413208008,678,24,12.177619934082
"Mammillaria solisioides",-97.776472,17.854361,"Balsas Basin province",20.6666660308838,186.636901855469,615,19,8.87638854980469
"Mammillaria hernandezii",-97.41165,17.95245,"Sierra Madre del Sur province",16.5666675567627,167.404434204102,564,19,0.80828857421875
"Mammillaria huitzilopochtli",-96.971417,17.918028,"Balsas Basin province",25.2041664123535,251.94206237793,683,22,2.22024536132812
"Mammillaria hernandezii",-97.438683,17.926567,"Sierra Madre del Sur province",16.1000003814697,162.969604492188,580,19,6.54156494140625
"Mammillaria solisioides",-97.804333,17.93375,"Balsas Basin province",20.7416667938232,188.472717285156,585,18,4.68092346191406
"Mammillaria huitzilopochtli",-97.028722,18.013917,"Balsas Basin province",24.6958332061768,230.507919311523,1003,48,7.12372589111328
"Mammillaria dixanthocentron",-97.008717,17.893283,"Balsas Basin province",25.8083343505859,242.804016113281,602,19,8.79611968994141
"Mammillaria hernandezii",-97.455583,17.905694,"Sierra Madre del Sur province",15.7541666030884,158.163589477539,590,20,11.5173034667969
"Mammillaria hernandezii",-97.418778,17.919,"Sierra Madre del Sur province",16.5125007629395,164.013916015625,560,18,0.9212646484375
"Mammillaria solisioides",-97.806722,17.808417,"Balsas Basin province",21.1375007629395,182.297515869141,638,19,1.86506652832031
"Mammillaria huitzilopochtli",-96.967667,17.885556,"Balsas Basin province",25.1208343505859,246.073333740234,714,25,15.9791564941406
"Mammillaria hernandezii",-97.409778,17.919583,"Sierra Madre del Sur province",16.5,164.067611694336,560,17,0.97967529296875
"Mammillaria solisioides",-97.775028,17.8585,"Balsas Basin province",20.7000007629395,185.227142333984,613,20,3.20999145507812
"Mammillaria hernandezii",-97.42785,17.8935,"Sierra Madre del Sur province",16.2916660308838,162.240493774414,562,18,5.60391235351562
"Mammillaria solisioides",-97.789083,17.831083,"Balsas Basin province",21.0541667938232,185.343154907227,626,19,5.72688293457031
"Mammillaria hernandezii",-97.424183,17.9026,"Sierra Madre del Sur province",16.4500007629395,163.609832763672,552,17,1.10971069335938
"Mammillaria solisioides",-97.778639,17.84175,"Balsas Basin province",20.8374996185303,186.427215576172,616,19,2.83877563476562
"Escontria chiotilla",-97.108055,17.814722,"Balsas Basin province",22.3333339691162,243.238876342773,900,40,7.31390380859375
"Stenocereus pruinosus",-95.2038968,16.2368959,"Pacific Lowlands province",28.3083343505859,108.791595458984,895,8,0.230321645736694
"Stenocereus pruinosus",-96.6669881,16.8513067,"Balsas Basin province",21.3791675567627,137.534454345703,720,11,1.57388305664062
"Cephalocereus apicicephalium",-96.189776,16.647563,"Sierra Madre del Sur province",24.2291660308838,136.272766113281,800,13,9.60567474365234
"Neobuxbaumia scoparia",-94.8872233,16.5677144,"Pacific Lowlands province",26.6041660308838,167.894134521484,1029,11,0.950818300247192
"Neobuxbaumia scoparia",-96.4175348,15.704975,"Pacific Lowlands province",26.2958335876465,90.1881637573242,990,17,3.03135013580322
"Cephalocereus apicicephalium",-95.375,16.375,"Pacific Lowlands province",26.5625,121.152137756348,641,1,8.68260192871094
"Cephalocereus apicicephalium",-95.316944,16.381111,"Pacific Lowlands province",26.8083324432373,108.937705993652,639,2,3.79294204711914
"Stenocereus treleasei",-96.6872662,16.7193681,"Balsas Basin province",21.6041660308838,127.715217590332,734,12,0.476760864257812
"Opuntia pilifera",-97.039917,17.796417,"Balsas Basin province",23.0125007629395,213.106063842773,1041,44,3.93260192871094
"Opuntia pilifera",-97.231278,17.732833,"Sierra Madre del Sur province",13.1999998092651,154.390289306641,661,18,10.3338012695312
"Mammillaria polyedra",-96.917306,17.840917,"Sierra Madre del Sur province",22.654167175293,236.215042114258,1475,76,9.52005004882812
"Coryphantha retusa",-97.796556,17.822167,"Balsas Basin province",21.095832824707,183.717391967773,633,20,2.18075561523438
"Mammillaria flavicentra",-97.003444,18.054361,"Sierra Madre del Sur province",18.2958335876465,194.614517211914,1210,41,14.5456390380859
"Mammillaria flavicentra",-97.038333,17.650833,"Sierra Madre del Sur province",17.6375007629395,177.073745727539,587,15,13.2756042480469
"Ferocactus macrodiscus",-97.42,17.688611,"Sierra Madre del Sur province",15.0541667938232,153.111038208008,608,16,5.41519165039062
"Ferocactus macrodiscus",-97.093667,17.578083,"Sierra Madre del Sur province",13.0791664123535,150.521194458008,727,19,4.63201904296875
"Ferocactus macrodiscus",-97.135833,17.545278,"Sierra Madre del Sur province",14.1208333969116,147.778366088867,626,12,1.81024169921875
"Ferocactus macrodiscus",-97.2085,17.660694,"Sierra Madre del Sur province",13.8583335876465,158.58512878418,570,17,1.13946533203125
"Ferocactus recurvus",-97.056389,18.017222,"Balsas Basin province",25.1000003814697,236.479873657227,830,31,3.47808837890625
"Opuntia depressa",-97.044917,17.932944,"Balsas Basin province",25.6041660308838,240.155838012695,650,24,3.47679138183594
"Ferocactus recurvus",-97.249028,17.815722,"Sierra Madre del Sur province",15.8208332061768,180.92512512207,526,18,1.84152221679688
"Ferocactus recurvus",-97.229972,17.839306,"Sierra Madre del Sur province",16.8958339691162,199.686798095703,508,18,10.1264953613281
"Ferocactus recurvus",-96.942611,17.791083,"Balsas Basin province",24.6791667938232,241.194549560547,748,33,14.3566818237305
"Ferocactus recurvus",-96.974306,17.956778,"Balsas Basin province",24.470832824707,234.534912109375,1257,64,7.6851806640625
"Ferocactus recurvus",-96.023889,17.867778,"Veracruzan province",25.5791664123535,239.169555664062,2870,166,1.97178554534912
"Ferocactus recurvus",-96.974639,17.839861,"Balsas Basin province",25.0541667938232,240.193664550781,761,30,4.55435943603516
"Disocactus ackermannii",-96.952833,17.993167,"Sierra Madre del Sur province",18.7458343505859,190.840927124023,1254,45,7.43067932128906
"Opuntia huajuapensis",-97.359028,17.855667,"Sierra Madre del Sur province",16.2749996185303,172.277526855469,525,14,4.89227294921875
"Coryphantha pallida",-97.024667,18.028833,"Balsas Basin province",23.9750003814697,225.514556884766,1319,67,13.9036254882812
"Mammillaria haageana",-97.320833,17.817528,"Sierra Madre del Sur province",17.8791675567627,192.489181518555,468,13,3.56074523925781
"Mammillaria carnea",-97.14297,18.149569,"Balsas Basin province",24.9500007629395,238.146255493164,609,20,6.46914672851562
"Mammillaria carnea",-97.042587,17.86236,"Balsas Basin province",25.1041660308838,237.94059753418,713,30,9.09683990478516
"Mammillaria carnea",-97.05833,18.04611,"Balsas Basin province",24.6374988555908,231.183959960938,926,43,3.06736755371094
"Mammillaria carnea",-97.266667,17.946111,"Sierra Madre del Sur province",18.3125,220.207794189453,506,18,9.19549560546875
"Mammillaria haageana",-97.296389,17.936,"Sierra Madre del Sur province",16.5583324432373,194.782302856445,518,16,6.18437194824219
"Mammillaria carnea",-96.988035,17.908037,"Balsas Basin province",25.7416667938232,248.210235595703,600,19,5.64115905761719
"Mammillaria carnea",-97.036094,17.984256,"Balsas Basin province",25.6875,237.966079711914,762,27,2.06491851806641
"Mammillaria carnea",-97.003611,17.9,"Balsas Basin province",25.875,244.68440246582,582,18,7.54841613769531
"Mammillaria carnea",-96.962961,17.758271,"Balsas Basin province",25.341667175293,244.0830078125,542,18,7.81650543212891
"Mammillaria carnea",-96.9603,17.81658,"Balsas Basin province",25.0708332061768,244.684005737305,605,20,10.288688659668
"Mammillaria carnea",-97.008294,17.906836,"Balsas Basin province",25.8583335876465,243.262237548828,604,20,7.22232055664062
"Mammillaria carnea",-97.361612,18.053173,"Balsas Basin province",21.216667175293,231.156509399414,570,23,11.772705078125
"Mammillaria carnea",-96.940555,17.749167,"Balsas Basin province",24.9125003814697,246.144119262695,578,20,3.01461029052734
"Mammillaria carnea",-97.320591,17.723944,"Sierra Madre del Sur province",16.8875007629395,180.026840209961,520,13,4.12063598632812
"Mammillaria dixanthocentron",-97.086889,17.585417,"Sierra Madre del Sur province",12.779167175293,149.855361938477,759,22,6.8028564453125
"Opuntia pubescens",-96.90675,17.86425,"Sierra Madre del Sur province",19.4375,216.239807128906,1356,47,7.25164794921875
"Opuntia pubescens",-97.148528,17.82575,"Sierra Madre del Sur province",18.2458324432373,214.396179199219,607,21,6.92500305175781
"Opuntia pubescens",-97.274444,17.943611,"Sierra Madre del Sur province",18.3125,220.207794189453,506,18,25.7264404296875
"Coryphantha pallida",-96.9775,17.746667,"Balsas Basin province",25.3500003814697,242.861740112305,539,17,9.47737121582031
"Coryphantha pallida",-97.023056,17.850556,"Balsas Basin province",25.7333335876465,247.462890625,495,12,7.40007019042969
"Coryphantha pallida",-96.989444,17.809444,"Balsas Basin province",25.6000003814697,246.382919311523,525,14,0.536735534667969
"Coryphantha pallida",-97.270306,17.764722,"Sierra Madre del Sur province",16.1708335876465,175.764022827148,514,15,4.57666015625
"Coryphantha pallida",-97.052222,18.007778,"Balsas Basin province",25.3791656494141,239.435470581055,766,28,1.17251586914062
"Coryphantha pallida",-96.991111,17.808333,"Balsas Basin province",25.6000003814697,246.382919311523,520,15,1.19351196289062
"Coryphantha pallida",-97.623889,18.103333,"Balsas Basin province",17.9375,185.056838989258,541,13,7.53263854980469
"Coryphantha pallida",-97.080556,18.072222,"Balsas Basin province",25.091667175293,235.70817565918,828,35,3.25849151611328
"Coryphantha pallida",-97.040278,17.796111,"Balsas Basin province",23.0125007629395,213.106063842773,1041,44,3.19784545898438
"Coryphantha pallida",-96.983889,17.746111,"Balsas Basin province",25.3541660308838,241.42057800293,547,17,1.35128784179688
"Coryphantha pallida",-97.055278,17.785,"Sierra Madre del Sur province",20.6958332061768,203.083694458008,855,32,11.7017974853516
"Mammillaria mystax",-97.265833,17.946389,"Sierra Madre del Sur province",19.5083332061768,228.600799560547,631,25,8.13847351074219
"Disocactus macranthus",-96.865833,17.731417,"Sierra Madre del Sur province",17.9874992370605,191.846588134766,1219,47,12.4429626464844
"Mammillaria mystax",-97.426306,17.889667,"Sierra Madre del Sur province",16.7666664123535,168.877746582031,529,16,2.66064453125
"Escontria chiotilla",-97.009,17.923917,"Balsas Basin province",25.841667175293,243.131408691406,612,19,0.421806335449219
"Escontria chiotilla",-97.073056,18.067222,"Balsas Basin province",24.8166675567627,235.626190185547,860,37,5.44243621826172
"Escontria chiotilla",-96.934556,17.686278,"Balsas Basin province",25.0375003814697,239.944381713867,558,19,3.94408416748047
"Escontria chiotilla",-97.682611,18.17725,"Balsas Basin province",20.7666664123535,184.086608886719,482,14,3.328857421875
"Escontria chiotilla",-97.084167,18.075,"Balsas Basin province",25.3250007629395,236.282775878906,798,33,1.36223602294922
"Escontria chiotilla",-97.035,17.985556,"Balsas Basin province",25.6875,237.966079711914,762,27,12.4630584716797
"Escontria chiotilla",-96.935111,17.728,"Balsas Basin province",25.0791664123535,244.386596679688,560,18,9.25181579589844
"Escontria chiotilla",-97.051944,18.010278,"Balsas Basin province",25.220832824707,238.512985229492,799,31,1.81263732910156
"Escontria chiotilla",-96.903167,17.721083,"Sierra Madre del Sur province",23.783332824707,231.254821777344,1080,55,11.6282348632812
"Escontria chiotilla",-97.036861,18.026167,"Balsas Basin province",24.5583343505859,228.242645263672,1001,49,5.17543792724609
"Escontria chiotilla",-96.945833,17.78975,"Balsas Basin province",24.6791667938232,241.194549560547,748,33,3.44245910644531
"Escontria chiotilla",-96.959917,17.824111,"Balsas Basin province",24.904167175293,240.722961425781,742,29,9.10668182373047
"Escontria chiotilla",-96.966694,17.825333,"Balsas Basin province",25.033332824707,239.215911865234,764,31,3.01699829101562
"Escontria chiotilla",-96.982389,17.861583,"Balsas Basin province",25.3958339691162,245.036743164062,624,20,9.79230499267578
"Escontria chiotilla",-97.085833,18.076667,"Balsas Basin province",25.3250007629395,237.616027832031,811,34,2.19025421142578
"Escontria chiotilla",-97.055833,18.118056,"Balsas Basin province",24.0083332061768,242.401184082031,1195,62,9.89727783203125
"Marginatocereus marginatus",-97.0325,17.8025,"Balsas Basin province",24.4500007629395,229.416275024414,979,46,16.32666015625
"Marginatocereus marginatus",-97.370833,18.014722,"Balsas Basin province",19.3250007629395,214.841384887695,522,19,6.63911437988281
"Myrtillocactus schenckii",-96.933,17.795528,"Balsas Basin province",23.3374996185303,232.12580871582,1338,74,10.8813323974609
"Myrtillocactus schenckii",-96.918583,17.859639,"Sierra Madre del Sur province",22.7000007629395,238.031677246094,1518,77,3.74533081054688
"Mammillaria sphacelata",-97.279972,17.943306,"Sierra Madre del Sur province",17.6958332061768,213.610290527344,497,16,13.0755310058594
"Coryphantha pallida",-97.231389,17.838333,"Sierra Madre del Sur province",16.8958339691162,199.686798095703,508,18,2.59378051757812
"Mammillaria sphacelata",-97.337222,17.872778,"Sierra Madre del Sur province",17.2041664123535,187.088439941406,481,15,1.35675048828125
"Mammillaria sphacelata",-97.286111,18.153333,"Balsas Basin province",23.2291660308838,244.711853027344,363,10,16.8185729980469
"Stenocereus stellatus",-97.058,18.147583,"Balsas Basin province",22.7124996185303,239.593643188477,1270,61,9.13726806640625
"Myrtillocactus geometrizans",-97.566111,18.036667,"Sierra Madre del Sur province",15.1208333969116,162.445205688477,585,14,15.1639099121094
"Myrtillocactus geometrizans",-97.34,18.115278,"Sierra Madre del Sur province",20.0499992370605,223.637283325195,590,20,13.5630493164062
"Myrtillocactus geometrizans",-97.014444,17.723333,"Balsas Basin province",23.9208335876465,219.238967895508,1003,47,13.7207794189453
"Pilosocereus chrysacanthus",-96.955556,17.917222,"Balsas Basin province",24.1625003814697,234.628555297852,1361,73,9.17970275878906
"Cephalocereus columna-trajani",-96.993028,17.728528,"Balsas Basin province",24.8500003814697,230.503402709961,863,37,15.6893463134766
"Cephalocereus columna-trajani",-97.004528,17.816444,"Balsas Basin province",25.5041675567627,245.073822021484,537,16,6.18141937255859
"Cephalocereus columna-trajani",-97.026944,17.804167,"Balsas Basin province",24.4500007629395,229.416275024414,979,46,4.18777465820312
"Cephalocereus columna-trajani",-97.01725,17.808611,"Balsas Basin province",24.966667175293,239.320404052734,757,30,5.18234252929688
"Cephalocereus columna-trajani",-97.088056,18.095,"Balsas Basin province",25.1458339691162,237.510375976562,817,36,8.80339813232422
"Cephalocereus columna-trajani",-97.010417,17.723139,"Balsas Basin province",23.9208335876465,219.238967895508,1003,47,16.4079284667969
"Cephalocereus columna-trajani",-97.306111,18.145278,"Balsas Basin province",22.095832824707,245.574096679688,519,18,7.05270385742188
"Cephalocereus columna-trajani",-96.988694,17.729778,"Balsas Basin province",25.0625,235.122085571289,714,28,4.79468536376953
"Opuntia decumbens",-97.021194,18.031278,"Balsas Basin province",23.9750003814697,225.514556884766,1319,67,17.4026184082031
"Opuntia decumbens",-96.982722,17.9535,"Balsas Basin province",24.7708339691162,237.079360961914,1074,49,6.46923065185547
"Opuntia decumbens",-97.028083,17.795083,"Balsas Basin province",24.1124992370605,223.689346313477,1036,49,8.22650146484375
"Opuntia decumbens",-96.941167,17.825611,"Sierra Madre del Sur province",23.9125003814697,237.507186889648,1239,67,5.89505004882812
"Opuntia decumbens",-96.941222,17.8215,"Sierra Madre del Sur province",24.0416660308838,241.847351074219,1086,54,8.073486328125
"Opuntia decumbens",-96.959361,17.822528,"Balsas Basin province",24.904167175293,240.722961425781,742,29,10.3235015869141
"Pereskiopsis kellermanii",-96.149111,15.753889,"Pacific Lowlands province",27.0208339691162,94.591438293457,1197,16,3.28898334503174
"Pereskiopsis rotundifolia",-96.146,15.750139,"Pacific Lowlands province",27.0208339691162,94.591438293457,1197,16,3.46208095550537
"Pereskia lychnidiflora",-96.172278,15.756444,"Pacific Lowlands province",27.0583324432373,96.6914749145508,1167,15,0.933213233947754
"Opuntia dejecta",-96.166306,15.755028,"Pacific Lowlands province",27.0416660308838,96.6444549560547,1170,15,1.45318174362183
"Opuntia dejecta",-96.157611,15.740111,"Pacific Lowlands province",26.9874992370605,98.5376052856445,1163,15,2.81027317047119
"Opuntia dejecta",-96.213889,15.769639,"Pacific Lowlands province",27.0458335876465,96.6121368408203,1211,17,1.56377506256104
"Opuntia dejecta",-96.159167,15.733472,"Pacific Lowlands province",27.0083332061768,97.7667465209961,1159,15,3.93725323677063
"Opuntia decumbens",-96.166,15.778833,"Pacific Lowlands province",27.091667175293,93.9737243652344,1233,18,4.36254501342773
"Opuntia decumbens",-96.167389,15.721222,"Pacific Lowlands province",27.0208339691162,97.4086685180664,1148,15,6.9758415222168
"Opuntia tehuantepecana",-96.164917,15.724139,"Pacific Lowlands province",27.0791664123535,99.2576599121094,1110,14,0.910267889499664
"Melocactus curvispinus",-95.175,16.208333,"Pacific Lowlands province",28.0708332061768,111.588905334473,958,21,1.9648540019989
"Pereskia lychnidiflora",-95.025,16.425,"Pacific Lowlands province",27.5375003814697,140.504379272461,1033,9,1.91415023803711
"Opuntia decumbens",-96.953389,17.766583,"Balsas Basin province",25.2875003814697,243.423751831055,560,18,8.86856842041016
"Opuntia decumbens",-97.041667,17.691667,"Sierra Madre del Sur province",21.5208339691162,212.832168579102,916,36,3.10699462890625
"Opuntia decumbens",-97,17,"Sierra Madre del Sur province",15.3583335876465,133.260391235352,822,22,16.7291564941406
"Opuntia decumbens",-95.954167,15.867778,"Pacific Lowlands province",27.0499992370605,85.093505859375,1137,13,9.31151580810547
"Opuntia decumbens",-98.151389,17.716944,"Balsas Basin province",22.8083324432373,157.665267944336,782,14,9.03817749023438
"Opuntia decumbens",-97.225,17.458333,"Sierra Madre del Sur province",17.4624996185303,151.913925170898,604,8,1.18121337890625
"Opuntia pilifera",-96.968917,17.784639,"Balsas Basin province",25.3958339691162,246.045593261719,548,17,1.72805786132812
"Opuntia pilifera",-96.548611,17.009722,"Balsas Basin province",20.783332824707,140.135223388672,642,11,1.15199279785156
"Opuntia pilifera",-96.308056,16.669167,"Pacific Lowlands province",24.0041656494141,138.423873901367,845,15,7.81151580810547
"Opuntia pilifera",-96.970278,17.900556,"Balsas Basin province",25.1166667938232,247.710708618164,718,26,9.44451904296875
"Opuntia pilifera",-97.776108,17.80472,"Balsas Basin province",21.5708332061768,186.5166015625,644,18,1.2598876953125
"Opuntia pilifera",-96.998472,17.815611,"Balsas Basin province",25.7291660308838,245.648101806641,513,15,4.41014099121094
"Opuntia pilifera",-97.256694,17.791861,"Sierra Madre del Sur province",16.4624996185303,188.476257324219,506,14,5.14886474609375
"Opuntia auberi",-96.710833,17.105278,"Balsas Basin province",20.6666660308838,149.8837890625,665,18,1.37550354003906
"Opuntia auberi",-96.962778,17.795278,"Balsas Basin province",25.2083339691162,247.311325073242,567,17,1.10295104980469
"Opuntia auberi",-96.3625,16.921944,"Balsas Basin province",20.1916656494141,134.921401977539,695,12,1.17385864257812
"Opuntia lasiacantha",-97.558333,17.341667,"Sierra Madre del Sur province",17.1916675567627,134.617874145508,722,14,0.94293212890625
"Opuntia auberi",-95.934722,15.911944,"Pacific Lowlands province",26.5375003814697,81.4952545166016,1127,13,2.07829666137695
"Opuntia pubescens",-96.041667,16.791667,"Pacific Lowlands province",19.5083332061768,135.291473388672,878,21,17.3745727539062
"Opuntia pubescens",-96.391701,16.64583,"Sierra Madre del Sur province",19.3500003814697,109.648193359375,554,10,12.1902008056641
"Opuntia tehuacana",-97.2705,17.750167,"Sierra Madre del Sur province",16.3333339691162,179.523773193359,511,16,2.41390991210938
"Opuntia decumbens",-96.041667,17.258333,"Sierra Madre del Sur province",15.8333330154419,161.094741821289,2068,125,5.97441101074219
"Opuntia decumbens",-97.108333,18.058333,"Balsas Basin province",25.216667175293,237.671798706055,719,28,5.07426452636719
"Opuntia tomentosa",-97.067328,17.712499,"Sierra Madre del Sur province",20.3041667938232,218.958892822266,898,38,2.32316589355469
"Opuntia tomentosa",-96.516899,17.308361,"Balsas Basin province",20,195.296997070312,1031,58,17.9156188964844
"Opuntia tomentosa",-97.458333,17.241667,"Sierra Madre del Sur province",19.345832824707,144.308044433594,802,15,6.40850830078125
"Opuntia velutina",-96.328056,16.606111,"Sierra Madre del Sur province",23.625,136.456771850586,805,11,11.5347747802734
"Opuntia depressa",-97.05722,18.100381,"Balsas Basin province",24.0125007629395,239.289901733398,1026,55,4.84028625488281
"Opuntia velutina",-96.816111,17.834722,"Sierra Madre del Sur province",10.5833330154419,144.479217529297,1102,41,11.34814453125
"Opuntia depressa",-96.925,17.508333,"Balsas Basin province",16.8624992370605,167.496612548828,642,18,10.9746551513672
"Opuntia depressa",-96.913611,17.633889,"Balsas Basin province",24.7916660308838,233.314407348633,658,24,1.50265502929688
"Opuntia huajuapensis",-97.424722,17.573056,"Sierra Madre del Sur province",15.0416669845581,147.090469360352,635,17,1.19439697265625
"Opuntia huajuapensis",-97.480556,17.784722,"Sierra Madre del Sur province",16.0458335876465,164.350784301758,594,18,3.08071899414062
"Opuntia huajuapensis",-97.470833,17.806667,"Sierra Madre del Sur province",16.2875003814697,170.228790283203,574,18,1.00738525390625
"Myrtillocactus schenckii",-95.390555,16.063056,"Pacific Lowlands province",28.0041656494141,96.1641082763672,883,6,0.288662910461426
"Myrtillocactus schenckii",-95.376389,16.028333,"Pacific Lowlands province",27.6999988555908,94.1710357666016,867,5,4.06955623626709
"Pereskiopsis kellermanii",-95.623611,16.386667,"Pacific Lowlands province",26.6000003814697,127.046852111816,612,5,0.439912796020508
"Mammillaria karwinskiana",-95.241667,16.575,"Pacific Lowlands province",25.8583335876465,133.90690612793,576,6,4.97861480712891
"Acanthocereus tetragonus",-95.458333,16.291667,"Pacific Lowlands province",24.6749992370605,111.833862304688,685,11,18.8526458740234
"Stenocereus pruinosus",-95.608333,16.408333,"Pacific Lowlands province",26.9250011444092,125.941940307617,616,5,0.62523078918457
"Disocactus ackermannii",-95.528055,16.684167,"Pacific Lowlands province",24.0083332061768,92.9279632568359,873,34,7.09320068359375
"Opuntia decumbens",-95.238889,16.332778,"Pacific Lowlands province",28.4166660308838,111.586364746094,882,11,1.08996868133545
"Aporocactus martianus",-95.378333,16.358611,"Pacific Lowlands province",26.6666660308838,124.54158782959,678,2,3.20178413391113
"Pereskia lychnidiflora",-96.129344,15.763225,"Pacific Lowlands province",27.2041664123535,95.5476684570312,1171,16,2.59204816818237
"Pereskia lychnidiflora",-95.198642,16.353572,"Pacific Lowlands province",28.0708332061768,123.130699157715,899,8,0.249380826950073
"Pereskia lychnidiflora",-95.2388909,16.3252174,"Pacific Lowlands province",28.4166660308838,111.586364746094,882,11,1.25612354278564
"Pereskia lychnidiflora",-96.038267,16.599256,"Pacific Lowlands province",24.1041660308838,145.624984741211,617,9,1.24262237548828
"Pereskia lychnidiflora",-95.018611,16.360281,"Pacific Lowlands province",27.5208339691162,133.71369934082,995,10,0.462892889976501
"Pereskia lychnidiflora",-95.212264,16.346214,"Pacific Lowlands province",28.1708335876465,119.95182800293,888,9,0.619377136230469
"Pereskia lychnidiflora",-96.348331,18.296669,"Veracruzan province",25.8208332061768,248.005294799805,2180,94,1.04396724700928
"Pereskia lychnidiflora",-95.1958315,16.1832855,"Pacific Lowlands province",28.0375003814697,111.948150634766,897,6,3.19091129302979
"Pereskia lychnidiflora",-95.114431,16.3958,"Pacific Lowlands province",27.7749996185303,131.261367797852,965,7,0.104233980178833
"Stenocereus treleasei",-96.6833875,16.8550704,"Balsas Basin province",21.5499992370605,137.09651184082,749,11,1.03338623046875
"Opuntia tehuantepecana",-95.123439,16.559239,"Pacific Lowlands province",27.4291667938232,143.534271240234,912,13,0.293075561523438
"Opuntia tehuantepecana",-96.1231207,16.6660092,"Pacific Lowlands province",23.9500007629395,144.411010742188,764,15,12.5490341186523
"Opuntia pubescens",-96.4038,16.919939,"Balsas Basin province",20.7625007629395,132.341247558594,687,14,0.240585327148438
"Opuntia pubescens",-96.529814,16.997669,"Balsas Basin province",21.2333335876465,137.151763916016,651,11,0.516510009765625
"Opuntia pilifera",-96.4176205,16.9270626,"Balsas Basin province",20.8333339691162,130.876998901367,680,13,0.149551391601562
"Opuntia pilifera",-96.932725,17.455211,"Sierra Madre del Sur province",15.2166662216187,153.790481567383,696,16,12.5391235351562
"Opuntia pilifera",-96.4293738,16.9336373,"Balsas Basin province",20.841667175293,132.490707397461,680,14,0.250732421875
"Pilosocereus collinsii",-94.530503,16.528483,"Pacific Lowlands province",27.6124992370605,136.066925048828,1180,23,0.139827251434326
"Stenocactus crispatus",-96.945625,17.567061,"Balsas Basin province",20.7666664123535,206.313247680664,958,39,9.44332885742188
"Mammillaria supertexta",-97.632906,17.700783,"Sierra Madre del Sur province",18.4624996185303,170.308868408203,609,13,8.12265014648438
"Opuntia decumbens",-95.161925,16.181347,"Pacific Lowlands province",27.8624992370605,107.494705200195,884,4,0.979456424713135
"Opuntia decumbens",-95.8935538,16.4897995,"Pacific Lowlands province",23.6416664123535,126.074195861816,625,7,6.71446228027344
"Opuntia decumbens",-94.970625,16.621489,"Pacific Lowlands province",26.1916675567627,163.468566894531,985,18,3.57228660583496
"Opuntia decumbens",-95.137344,16.383789,"Pacific Lowlands province",27.8583335876465,128.94384765625,951,7,0.186557173728943
"Stenocereus stellatus",-96.72,17.067781,"Balsas Basin province",21.6375007629395,151.028671264648,651,12,1.05364990234375
"Aporocactus martianus",-96.416667,17.366667,"Sierra Madre del Sur province",12.6708335876465,138.768264770508,1253,70,19.7472839355469
"Acanthocereus tetragonus",-95.220522,16.342083,"Pacific Lowlands province",28.1916656494141,119.217765808105,879,9,0.928834438323975
"Acanthocereus tetragonus",-94.977894,16.441267,"Pacific Lowlands province",27.2958335876465,147.007385253906,1016,10,0.336076498031616
"Acanthocereus tetragonus",-95.153836,16.375408,"Pacific Lowlands province",27.8916664123535,126.972290039062,937,7,0.562686204910278
"Acanthocereus tetragonus",-94.866903,16.573331,"Pacific Lowlands province",26.6124992370605,169.466079711914,1030,10,0.345471382141113
"Opuntia pilifera",-96.908333,17.308333,"Balsas Basin province",20.7458324432373,161.322082519531,754,21,0.433975219726562
"Escontria chiotilla",-96.958333,17.741667,"Balsas Basin province",25.3083324432373,243.243545532227,551,18,6.33972930908203
"Mammillaria sphacelata",-97.191667,17.858333,"Sierra Madre del Sur province",19.3583335876465,222.872100830078,596,23,9.06523132324219
"Pereskia lychnidiflora",-96.1675,15.724444,"Pacific Lowlands province",27.0208339691162,97.4086685180664,1148,15,7.01669979095459
"Pereskia lychnidiflora",-95.603333,16.399167,"Pacific Lowlands province",26.7625007629395,126.331558227539,615,5,1.20375823974609
"Pereskia lychnidiflora",-95.092778,16.401944,"Pacific Lowlands province",27.7083339691162,133.974761962891,971,7,0.224978089332581
"Pereskia lychnidiflora",-94.913611,16.885556,"Veracruzan province",25.2999992370605,202.933044433594,1994,112,2.89872932434082
"Pereskia lychnidiflora",-95.178889,16.360278,"Pacific Lowlands province",27.9958343505859,125.489212036133,909,7,0.172168731689453
"Pereskia lychnidiflora",-95.856944,15.914167,"Pacific Lowlands province",27.6000003814697,84.7724075317383,1048,10,0.996744871139526
"Pereskia lychnidiflora",-95.810833,15.8925,"Pacific Lowlands province",27.7541675567627,83.1061172485352,1029,9,1.81807351112366
"Pereskia lychnidiflora",-95.138333,16.565,"Pacific Lowlands province",27.3291664123535,142.054046630859,881,11,0.265387535095215
"Pereskia lychnidiflora",-96.075,15.949167,"Pacific Lowlands province",25.0874996185303,87.959846496582,1182,15,2.66751480102539
"Pereskia lychnidiflora",-94.943167,16.599778,"Pacific Lowlands province",26.6749992370605,163.713989257812,1047,18,3.05125284194946
"Pereskiopsis diguetii",-96.141667,15.741667,"Pacific Lowlands province",26.970832824707,97.1516571044922,1178,15,5.91196632385254
"Pereskiopsis rotundifolia",-96.668055,17.070833,"Balsas Basin province",21.1916675567627,152.387573242188,647,15,0.312576293945312
"Pereskia lychnidiflora",-95.623889,16.386944,"Pacific Lowlands province",26.6000003814697,127.046852111816,612,5,0.489839553833008
"Pereskiopsis diguetii",-95.191667,16.175,"Pacific Lowlands province",28.0375003814697,111.948150634766,897,6,0.320568919181824
"Myrtillocactus schenckii",-96.538333,17.001667,"Balsas Basin province",21.029167175293,136.439437866211,643,11,0.937393188476562
"Myrtillocactus schenckii",-96.478611,16.950278,"Balsas Basin province",21.3166675567627,138.553146362305,670,11,0.321060180664062
"Myrtillocactus schenckii",-96.360278,16.918611,"Balsas Basin province",20.1916656494141,134.921401977539,695,12,0.246688842773438
"Myrtillocactus schenckii",-95.603333,16.396667,"Pacific Lowlands province",26.7625007629395,126.331558227539,615,5,5.48378944396973
"Polaskia chichipe",-97.705,17.73,"Balsas Basin province",20.3708324432373,161.814407348633,629,15,7.52774047851562
"Neobuxbaumia tetetzo",-95.235,16.326667,"Pacific Lowlands province",28.4166660308838,111.586364746094,882,11,0.464735507965088
"Myrtillocactus geometrizans",-96.596389,17.597778,"Sierra Madre del Sur province",18.5791664123535,192.276519775391,2353,106,10.2123413085938
"Stenocereus stellatus",-97.023333,17.950278,"Balsas Basin province",25.716667175293,240.863327026367,697,25,1.92179870605469
"Stenocereus treleasei",-96.3815946,16.921923,"Balsas Basin province",20.4249992370605,135.016845703125,686,11,0.696090698242188
"Neobuxbaumia scoparia",-95.238333,16.324167,"Pacific Lowlands province",28.3875007629395,113.099433898926,892,13,4.04478693008423
"Cephalocereus columna-trajani",-96.9575,17.7575,"Balsas Basin province",25.2875003814697,243.983291625977,554,18,11.026481628418
"Pachycereus pecten-aboriginum",-95.485833,16.571944,"Pacific Lowlands province",26.8208332061768,133.781692504883,617,1,3.12393569946289
"Escontria chiotilla",-97.011667,17.943333,"Balsas Basin province",25.7333335876465,240.495056152344,692,24,4.812744140625
"Escontria chiotilla",-94.596667,16.459444,"Pacific Lowlands province",27.8958339691162,132.792678833008,1041,13,0.592437267303467
"Escontria chiotilla",-96.415,16.916667,"Balsas Basin province",20.8791656494141,132.638580322266,683,13,1.72969055175781
"Pilosocereus collinsii",-95.193333,16.186944,"Pacific Lowlands province",27.9500007629395,111.089630126953,874,6,5.80111503601074
"Escontria chiotilla",-96.527778,16.313056,"Balsas Basin province",21.3374996185303,111.785614013672,528,17,3.43862915039062
"Pilosocereus chrysacanthus",-96.716667,17.066667,"Balsas Basin province",21.6375007629395,151.028671264648,651,12,1.11408996582031
"Escontria chiotilla",-96.075,17.058333,"Sierra Madre del Sur province",16.720832824707,152.307373046875,1263,52,7.07530212402344
"Neobuxbaumia tetetzo",-97.061667,18.026667,"Balsas Basin province",25.1000003814697,235.555419921875,828,32,2.32868194580078
"Neobuxbaumia tetetzo",-95.226667,16.316667,"Pacific Lowlands province",28.3541660308838,113.707313537598,903,13,0.461504220962524
"Neobuxbaumia tetetzo",-96.306667,16.663333,"Pacific Lowlands province",24.1875,145.697769165039,834,13,0.322296142578125
"Cephalocereus apicicephalium",-95.3485016,16.3699179,"Pacific Lowlands province",25.4791660308838,76.4394912719727,691,11,3.26234436035156
"Cephalocereus apicicephalium",-95.458333,16.325,"Pacific Lowlands province",25.3333339691162,118.558258056641,657,8,15.3622245788574
"Cephalocereus apicicephalium",-95.227222,16.4225,"Pacific Lowlands province",27.3374996185303,119.698928833008,818,6,2.28546524047852
"Cephalocereus apicicephalium",-96.393571,16.486687,"Sierra Madre del Sur province",23.091667175293,113.934448242188,753,12,11.9139556884766
"Cephalocereus apicicephalium",-95.976756,16.451293,"Pacific Lowlands province",22.966667175293,109.447631835938,724,9,4.41119384765625
"Cephalocereus apicicephalium",-96.15946,16.702005,"Pacific Lowlands province",23.904167175293,131.934188842773,883,18,6.98793029785156
"Cephalocereus apicicephalium",-94.940848,16.541097,"Pacific Lowlands province",27.0874996185303,158.99006652832,1045,12,0.427133321762085
"Cephalocereus apicicephalium",-95.149417,16.725101,"Pacific Lowlands province",24.6041660308838,158.26416015625,879,31,10.1003570556641
"Cephalocereus apicicephalium",-95.378333,16.36,"Pacific Lowlands province",26.6666660308838,124.54158782959,678,2,3.45321464538574
"Cephalocereus apicicephalium",-95.545914,16.424224,"Pacific Lowlands province",27.3083324432373,119.977935791016,614,4,5.08441162109375
"Cephalocereus apicicephalium",-95.459535,16.580393,"Pacific Lowlands province",26.4624996185303,130.316467285156,557,1,6.36073303222656
"Cephalocereus apicicephalium",-95.341667,16.391667,"Pacific Lowlands province",25.6333332061768,80.0378570556641,698,13,22.548583984375
"Cephalocereus apicicephalium",-94.886667,16.458333,"Pacific Lowlands province",27.2916660308838,150.828506469727,1006,12,1.05345284938812
"Cephalocereus apicicephalium",-96.3667,16.3267,"Sierra Madre del Sur province",17.8541660308838,109.823379516602,957,29,11.74267578125
"Cephalocereus apicicephalium",-95.86633,16.43633,"Pacific Lowlands province",24.5249996185303,116.414215087891,595,7,2.07401275634766
"Cephalocereus apicicephalium",-96.083,16.65,"Pacific Lowlands province",23.8125,141.004898071289,738,14,18.3670654296875
"Rhipsalis baccifera",-96.623611,18.012889,"Veracruzan province",23.4958324432373,247.64762878418,2903,197,21.0213928222656
"Opuntia pilifera",-96.199528,16.960639,"Pacific Lowlands province",19.9416675567627,139.117889404297,1037,30,6.35394287109375
"Escontria chiotilla",-96.961111,17.815,"Balsas Basin province",25.0708332061768,244.684005737305,605,20,6.97154235839844
"Escontria chiotilla",-96.991667,17.794722,"Balsas Basin province",25.6375007629395,244.336990356445,522,15,4.63986206054688
"Mammillaria karwinskiana",-96.753194,16.706056,"Balsas Basin province",21.4291667938232,126.391471862793,702,10,2.134521484375
"Opuntia pubescens",-96.417278,16.805944,"Balsas Basin province",20.3791675567627,124.635078430176,609,10,2.0843505859375
"Cephalocereus columna-trajani",-97.351083,18.083889,"Sierra Madre del Sur province",21.1833324432373,228.943542480469,574,22,8.36613464355469
"Epiphyllum anguliger",-97.075583,16.388083,"Sierra Madre del Sur province",22.5249996185303,113.327766418457,1459,20,7.74127960205078
"Disocactus ackermannii",-96.947222,17.592778,"Balsas Basin province",22.529167175293,217.134826660156,1003,41,20.2269592285156
"Pachycereus pecten-aboriginum",-95.972861,15.844667,"Pacific Lowlands province",27.2083339691162,90.8753967285156,1120,14,3.33353638648987
"Mammillaria carnea",-96.988828,17.802308,"Balsas Basin province",25.6000003814697,246.382919311523,520,15,7.54801940917969
"Stenocereus treleasei",-96.801139,17.197778,"Balsas Basin province",21.5874996185303,162.356582641602,696,17,2.83480834960938
"Myrtillocactus schenckii",-96.201361,16.954778,"Pacific Lowlands province",20.5833339691162,137.118621826172,1064,31,8.85678100585938
"Rhipsalis baccifera",-96.3235,17.431833,"Sierra Madre del Sur province",22.6000003814697,230.621688842773,1930,122,12.5920715332031
"Epiphyllum oxypetalum",-96.642167,18.048667,"Veracruzan province",23.2458324432373,238.646362304688,3565,256,7.32373428344727
"Epiphyllum oxypetalum",-94.352222,17.160556,"Veracruzan province",24.6749992370605,215.052841186523,3061,259,6.89666366577148
"Mammillaria sphacelata",-96.940555,17.743611,"Balsas Basin province",24.9125003814697,246.144119262695,578,20,2.16244506835938
"Mammillaria crucigera",-97.060167,17.912667,"Balsas Basin province",24.6375007629395,241.859497070312,725,30,5.65102386474609
"Stenocereus pruinosus",-96.951111,17.714167,"Balsas Basin province",25.0083332061768,233.372833251953,781,32,6.63006591796875
"Mammillaria supertexta",-97.0065,17.909667,"Balsas Basin province",25.8250007629395,243.203063964844,623,21,14.7744598388672
"Marginatocereus marginatus",-96.948055,17.696944,"Balsas Basin province",24.8999996185303,234.288101196289,750,31,7.96532440185547
"Escontria chiotilla",-96.941111,17.710278,"Balsas Basin province",25.1458339691162,243.650817871094,540,17,6.49270629882812
"Mammillaria huitzilopochtli",-96.991833,17.929333,"Balsas Basin province",25.8041667938232,244.470275878906,644,20,2.41282653808594
"Stenocereus stellatus",-96.942861,17.701583,"Balsas Basin province",25.0166664123535,236.531112670898,684,26,4.09980010986328
"Pereskia lychnidiflora",-95.837,15.865111,"Pacific Lowlands province",27.7041664123535,87.1638412475586,1045,9,2.94772434234619
"Pachycereus pecten-aboriginum",-95.170583,16.574,"Pacific Lowlands province",26.9833335876465,140.927673339844,746,6,2.63789749145508
"Epiphyllum oxypetalum",-96.599472,17.955417,"Veracruzan province",22.0125007629395,222.783279418945,3819,286,6.07518005371094
"Mammillaria voburnensis",-95.238028,16.548944,"Pacific Lowlands province",25.2250003814697,106.440322875977,758,21,7.27105331420898
"Aporocactus martianus",-96.937055,18.123222,"Sierra Madre del Sur province",13.8958330154419,173.74821472168,1418,60,2.677978515625
"Aporocactus martianus",-96.754805,18.065222,"Sierra Madre del Sur province",16.2083339691162,176.169250488281,2012,87,6.07046508789062
"Aporocactus martianus",-96.807361,17.902861,"Sierra Madre del Sur province",12.9000005722046,169.558258056641,1201,50,4.54342651367188
"Opuntia lasiacantha",-95.170028,16.566778,"Pacific Lowlands province",26.9833335876465,140.927673339844,746,6,1.61818885803223
"Opuntia lasiacantha",-94.742055,16.714778,"Pacific Lowlands province",25.7374992370605,190.729751586914,1513,77,9.75265502929688
"Opuntia lasiacantha",-96.565889,17.432472,"Balsas Basin province",19.4791660308838,186.735809326172,1513,77,3.15190124511719
"Disocactus ackermannii",-96.935333,18.121611,"Sierra Madre del Sur province",13.8958330154419,173.74821472168,1418,60,5.9295654296875
"Disocactus ackermannii",-96.799522,17.925444,"Sierra Madre del Sur province",17.2333335876465,212.595794677734,1912,84,9.01701354980469
"Rhipsalis baccifera",-96.265333,17.441361,"Sierra Madre del Sur province",22.4125003814697,224.034530639648,2098,132,11.6436309814453
"Peniocereus fosterianus",-95.872778,15.872222,"Pacific Lowlands province",27.6083335876465,84.4186782836914,1063,10,2.0610363483429
"Peniocereus fosterianus",-95.9825,15.840833,"Pacific Lowlands province",27.1458339691162,89.0724411010742,1146,13,8.24483585357666
"Coryphantha pallida",-97.029444,17.795556,"Balsas Basin province",24.1124992370605,223.689346313477,1036,49,10.1313171386719
"Peniocereus oaxacensis",-95.978333,15.861944,"Pacific Lowlands province",26.6166667938232,78.7785568237305,1188,14,8.56522369384766
"Peniocereus oaxacensis",-95.894167,15.856667,"Pacific Lowlands province",27.3916664123535,85.4887847900391,1084,10,3.66949844360352
"Peniocereus oaxacensis",-95.958333,15.979722,"Pacific Lowlands province",25.716667175293,82.1676025390625,1055,11,13.7877426147461
"Mammillaria voburnensis",-94.964591,16.626333,"Pacific Lowlands province",25.9874992370605,168.403259277344,1006,21,4.76107406616211
"Mammillaria voburnensis",-95.944444,15.951111,"Pacific Lowlands province",26.1041660308838,84.0037689208984,1093,12,2.16545104980469
"Acanthocereus tetragonus",-95.980278,15.841667,"Pacific Lowlands province",27.1458339691162,89.0724487304688,1145,14,7.41809368133545
"Epiphyllum hookeri",-94.978889,16.742972,"Pacific Lowlands province",25.4416656494141,179.416122436523,1267,56,16.9806671142578
"Pachycereus pecten-aboriginum",-95.664444,15.992778,"Pacific Lowlands province",27.375,76.855827331543,905,7,5.85067081451416
"Pachycereus pecten-aboriginum",-95.915278,15.873333,"Pacific Lowlands province",27.1333332061768,84.000358581543,1112,13,7.9580249786377
"Peniocereus oaxacensis",-96.004722,15.875278,"Pacific Lowlands province",26.845832824707,87.916748046875,1185,13,11.7770843505859
"Mammillaria polyedra",-96.949722,17.924444,"Balsas Basin province",23.6124992370605,231.046295166016,1496,78,13.5234375
"Disocactus speciosus",-96.511694,16.069806,"Sierra Madre del Sur province",16.9125003814697,80.0035629272461,1252,31,12.9489135742188
"Opuntia decumbens",-95.906944,15.862222,"Pacific Lowlands province",27.220832824707,83.3518905639648,1108,13,5.31514930725098
"Opuntia decumbens",-95.969444,15.81825,"Pacific Lowlands province",27.2416667938232,92.5849456787109,1121,12,4.93144989013672
"Stenocereus pruinosus",-96.145166,16.727722,"Sierra Madre del Sur province",22.9166660308838,119.664947509766,907,23,4.05032348632812
"Stenocereus pruinosus",-95.993055,15.844722,"Pacific Lowlands province",27.1333332061768,89.2476959228516,1155,14,4.97025966644287
"Neobuxbaumia tetetzo",-96.276944,16.729167,"Sierra Madre del Sur province",22.6666660308838,130.215423583984,846,18,8.83505249023438
"Neobuxbaumia tetetzo",-95.908611,15.863889,"Pacific Lowlands province",27.2250003814697,85.4799194335938,1105,13,4.01925182342529
"Neobuxbaumia tetetzo",-96.276778,16.736222,"Sierra Madre del Sur province",22.2875003814697,126.905937194824,804,16,7.32049560546875
"Neobuxbaumia tetetzo",-96.09,15.957222,"Pacific Lowlands province",24.4416675567627,84.2030334472656,1158,15,10.1360168457031
"Mammillaria karwinskiana",-95.863722,15.898333,"Pacific Lowlands province",27.4416656494141,82.1537857055664,1065,11,4.79731845855713
"Rhipsalis baccifera",-95.567972,17.247556,"Veracruzan province",24.654167175293,197.489456176758,2455,105,2.59648132324219
"Pereskia lychnidiflora",-95.933055,15.904722,"Pacific Lowlands province",26.591667175293,80.5896911621094,1122,13,8.54961013793945
"Pereskia lychnidiflora",-95.913611,15.843889,"Pacific Lowlands province",27.3250007629395,87.3473205566406,1088,11,0.930231094360352
"Pereskia lychnidiflora",-94.965166,16.622417,"Pacific Lowlands province",25.9166660308838,157.383926391602,957,22,2.92727661132812
"Opuntia dejecta",-96.041667,15.936111,"Pacific Lowlands province",25.9833335876465,89.1712646484375,1205,14,2.63106918334961
"Opuntia dejecta",-95.954167,15.866667,"Pacific Lowlands province",27.0499992370605,85.093505859375,1137,13,4.86948204040527
"Opuntia dejecta",-96.018611,15.874444,"Pacific Lowlands province",26.3791656494141,79.0413436889648,1225,15,6.53301429748535
"Neobuxbaumia scoparia",-94.956472,16.612417,"Pacific Lowlands province",26.1208324432373,161.237533569336,980,21,15.7381381988525
"Disocactus macranthus",-94.196111,16.736556,"Veracruzan province",19.7250003814697,128.284133911133,1035,71,4.38194274902344
"Mammillaria haageana",-96.897278,17.049639,"Sierra Madre del Sur province",18.841667175293,140.208190917969,695,19,3.81636047363281
"Mammillaria haageana",-96.895139,17.070111,"Sierra Madre del Sur province",19.4750003814697,142.597640991211,695,18,6.55668640136719
"Mammillaria haageana",-96.889028,17.0715,"Balsas Basin province",20.033332824707,147.637969970703,694,16,5.57044982910156
"Mammillaria haageana",-96.844555,17.070194,"Balsas Basin province",21.0458335876465,148.346328735352,675,13,6.44688415527344
"Opuntia auberi",-95.874722,15.888889,"Pacific Lowlands province",27.4416675567627,82.2367401123047,1072,10,1.05433368682861
"Opuntia karwinskiana",-95.949444,15.85,"Pacific Lowlands province",27.0874996185303,86.5532989501953,1136,13,2.06955909729004
"Opuntia karwinskiana",-95.956389,15.846944,"Pacific Lowlands province",27.1124992370605,87.155143737793,1136,13,6.70548725128174
"Coryphantha retusa",-97.658611,18.20875,"Balsas Basin province",19.091667175293,179.631362915039,542,14,10.1291351318359
"Coryphantha retusa",-97.692833,18.05925,"Balsas Basin province",19.1124992370605,180.165634155273,551,16,2.60467529296875
"Coryphantha retusa",-97.797944,17.852417,"Balsas Basin province",20.4791660308838,187.767486572266,625,19,4.4439697265625
"Coryphantha retusa",-96.36525,16.83638,"Sierra Madre del Sur province",19.0833339691162,123.644180297852,632,10,4.90858459472656
"Coryphantha retusa",-96.516889,17.041194,"Balsas Basin province",19.4833335876465,138.585952758789,676,13,3.50529479980469
"Coryphantha retusa",-97.6625,18.203083,"Balsas Basin province",19.1208343505859,177.39860534668,542,14,2.47465515136719
"Coryphantha retusa",-96.52955,16.35797,"Balsas Basin province",21.8833332061768,106.735290527344,483,9,1.98678588867188
"Coryphantha retusa",-97.646472,17.709694,"Sierra Madre del Sur province",18.1416664123535,154.946228027344,631,13,9.47018432617188
"Coryphantha retusa",-96.331555,16.922417,"Balsas Basin province",19.5458335876465,133.71369934082,713,12,2.65660095214844
"Coryphantha retusa",-97.362222,17.875,"Sierra Madre del Sur province",17.529167175293,192.181945800781,455,12,1.26412963867188
"Mammillaria discolor",-97.54361,17.49388,"Sierra Madre del Sur province",16.0125007629395,147.588577270508,681,16,7.90328979492188
"Mammillaria discolor",-97.5,17.833333,"Sierra Madre del Sur province",14.7875003814697,145.307266235352,644,22,8.88833618164062
"Mammillaria discolor",-97.07086,17.70155,"Sierra Madre del Sur province",21.3541660308838,227.350952148438,932,43,12.3787384033203
"Coryphantha retusa",-96.44144,16.99644,"Balsas Basin province",19.7333335876465,131.863082885742,674,13,0.684188842773438
"Mammillaria discolor",-96.85941,17.71947,"Sierra Madre del Sur province",18.1041660308838,189.574371337891,1190,46,8.64125061035156
"Mammillaria carnea",-96.962317,17.828777,"Balsas Basin province",24.8125,237.468902587891,872,39,5.33145141601562
"Mammillaria carnea",-97.025421,17.868721,"Balsas Basin province",25.6708335876465,243.837310791016,540,16,10.2390975952148
"Mammillaria carnea",-96.940933,17.827142,"Sierra Madre del Sur province",23.9125003814697,237.507186889648,1239,67,3.18325805664062
"Coryphantha elephantidens",-96.321434,16.686548,"Sierra Madre del Sur province",23.8916664123535,136.362380981445,853,16,1.43247985839844
"Coryphantha pallida",-97.04788,18.05105,"Balsas Basin province",24.2708339691162,231.874359130859,982,48,5.07554626464844
"Mammillaria carnea",-97.319298,17.934969,"Sierra Madre del Sur province",16.0041675567627,182.662857055664,542,15,12.9807739257812
"Coryphantha pallida",-97.058888,18.129999,"Balsas Basin province",23.904167175293,240.392288208008,949,51,10.2757110595703
"Coryphantha pallida",-97.01469,17.81163,"Balsas Basin province",25.2333335876465,241.739303588867,632,21,6.64249420166016
"Coryphantha pallida",-97.00133,17.81355,"Balsas Basin province",25.5041675567627,245.073822021484,537,16,6.67971038818359
"Mammillaria carnea",-96.65,17.583333,"Balsas Basin province",20.8833332061768,225.119506835938,1587,90,8.63587951660156
"Coryphantha pallida",-97.022805,17.835886,"Balsas Basin province",25.4624996185303,245.061447143555,540,16,7.93618011474609
"Coryphantha pallida",-97.138694,17.802083,"Sierra Madre del Sur province",21.2625007629395,237.803634643555,849,36,2.73387145996094
"Mammillaria haageana",-97.483333,17.65,"Sierra Madre del Sur province",15.279167175293,149.338821411133,643,16,8.78515625
"Mammillaria haageana",-97.64891,18.21291,"Balsas Basin province",18.7625007629395,185.804458618164,537,15,2.79666137695312
"Mammillaria haageana",-97.75,17.766667,"Balsas Basin province",21.3125,184.909393310547,627,14,7.33340454101562
"Mammillaria haageana",-97.69344,18.03202,"Balsas Basin province",17.8583335876465,167.533355712891,597,15,4.76861572265625
"Mammillaria haageana",-97.9,17.733333,"Balsas Basin province",20.3958339691162,172.698608398438,697,18,6.50779724121094
"Mammillaria zephyranthoides",-97.47471,17.80444,"Sierra Madre del Sur province",16.2875003814697,170.228790283203,574,18,1.77352905273438
"Mammillaria zephyranthoides",-97.56694,17.66833,"Sierra Madre del Sur province",18.0666675567627,175.827041625977,612,17,9.49838256835938
"Mammillaria zephyranthoides",-97.41666,18,"Sierra Madre del Sur province",18.0791664123535,193.701507568359,511,18,3.15019226074219
"Mammillaria albilanata",-96.945556,17.567528,"Balsas Basin province",20.7666664123535,206.313247680664,958,39,7.75251770019531
"Mammillaria albilanata",-96.516667,16.233333,"Sierra Madre del Sur province",17.2124996185303,111.030807495117,1085,37,5.30880737304688
"Mammillaria albilanata",-96.566667,17.6,"Sierra Madre del Sur province",15.654167175293,168.218719482422,1535,63,10.7498168945312
"Mammillaria albilanata",-97.52947,17.13155,"Sierra Madre del Sur province",19.3624992370605,123.106109619141,885,20,7.18412780761719
"Mammillaria albilanata",-96.466667,16.383333,"Balsas Basin province",21.8208332061768,108.302169799805,528,11,2.86715698242188
"Mammillaria albilanata",-96.93347,17.60772,"Balsas Basin province",23.1708335876465,220.664886474609,1007,43,11.3472290039062
"Mammillaria albilanata",-96.3,16.666667,"Pacific Lowlands province",24.0041656494141,138.423873901367,845,15,5.02604675292969
"Mammillaria albilanata",-95.452778,16.403333,"Pacific Lowlands province",26.4249992370605,112.340805053711,613,5,8.0006103515625
"Mammillaria albilanata",-96.21666,16.476667,"Sierra Madre del Sur province",20.875,107.078979492188,526,14,5.08181762695312
"Mammillaria albilanata",-96.10027,16.66166,"Pacific Lowlands province",23.8583335876465,144.973876953125,760,16,11.2417907714844
"Mammillaria karwinskiana",-95.966667,16.516667,"Sierra Madre del Sur province",23.0249996185303,105.948097229004,695,6,14.5492095947266
"Mammillaria karwinskiana",-95.766667,16.4,"Pacific Lowlands province",24.5833339691162,94.4922409057617,670,12,1.85578155517578
"Mammillaria karwinskiana",-96.33344,16.72127,"Sierra Madre del Sur province",22.6875,129.265838623047,813,15,1.44415283203125
"Mammillaria karwinskiana",-96.033333,16.616667,"Pacific Lowlands province",24.3791656494141,153.703628540039,588,10,0.550094604492188
"Mammillaria mystax",-97.683333,17.266667,"Sierra Madre del Sur province",17.970832824707,141.042510986328,822,19,1.063720703125
"Mammillaria karwinskiana",-96.316667,16.7,"Sierra Madre del Sur province",23.6749992370605,135.571197509766,854,16,13.6465301513672
"Mammillaria karwinskiana",-95.73333,16.40527,"Pacific Lowlands province",24.7250003814697,119.952659606934,620,11,8.17803955078125
"Mammillaria karwinskiana",-96.3235,16.73555,"Sierra Madre del Sur province",21.7541656494141,118.195877075195,676,13,8.84201049804688
"Mammillaria mystax",-97.656944,17.355277,"Sierra Madre del Sur province",17.5874996185303,138.319869995117,757,17,0.714691162109375
"Coryphantha pallida",-97.407055,17.691917,"Sierra Madre del Sur province",14.8874998092651,153.713500976562,610,18,4.29806518554688
"Coryphantha pallida",-97.366666,17.726389,"Sierra Madre del Sur province",17.3916664123535,185.433563232422,530,16,1.63583374023438
"Coryphantha pallida",-97.234361,17.849861,"Sierra Madre del Sur province",15.5249996185303,175.984237670898,542,17,6.78887939453125
"Coryphantha pallida",-97.192777,17.852778,"Sierra Madre del Sur province",19.3583335876465,222.872100830078,596,23,2.31561279296875
"Coryphantha pallida",-97.4355,17.684972,"Sierra Madre del Sur province",15.9625005722046,161.781631469727,590,17,3.17013549804688
"Mammillaria karwinskiana",-96.04597,16.54113,"Pacific Lowlands province",23.7666664123535,121.324768066406,667,7,6.68551635742188
"Coryphantha pallida",-97.532528,17.66875,"Sierra Madre del Sur province",17.8583335876465,172.611404418945,594,17,3.85368347167969
"Mammillaria mystax",-97.41666,17.68333,"Sierra Madre del Sur province",14.625,149.94694519043,625,17,5.08282470703125
"Mammillaria karwinskiana",-96.516667,17.083333,"Sierra Madre del Sur province",16.3583335876465,136.612167358398,770,21,6.7432861328125
"Mammillaria dixanthocentron",-97.018055,17.849444,"Balsas Basin province",25.6375007629395,246.715896606445,498,13,1.36231231689453
"Mammillaria dixanthocentron",-97.01666,17.845,"Balsas Basin province",25.7291660308838,246.949157714844,496,12,2.32135009765625
"Mammillaria dixanthocentron",-97,17.89833,"Balsas Basin province",25.875,244.68440246582,582,18,6.34854888916016
"Mammillaria dixanthocentron",-97.016667,17.86833,"Balsas Basin province",25.7416667938232,245.568267822266,528,16,7.69600677490234
"Mammillaria dixanthocentron",-97.087222,18.005556,"Balsas Basin province",25.0083332061768,242.850814819336,714,24,6.42390441894531
"Mammillaria sphacelata",-97.34183,18.08999,"Sierra Madre del Sur province",19.2000007629395,219.00602722168,565,20,32.5958709716797
"Mammillaria sphacelata",-97.32222,18.13194,"Sierra Madre del Sur province",20.4166660308838,235.915374755859,615,21,9.82376098632812
"Mammillaria haageana",-97.152511,17.363806,"Sierra Madre del Sur province",17.404167175293,148.560638427734,646,14,6.15621948242188
"Stenocereus stellatus",-97.035267,17.35525,"Sierra Madre del Sur province",19.7041664123535,175.142272949219,714,18,6.87979125976562
"Stenocereus stellatus",-97.061333,17.478611,"Balsas Basin province",20.7875003814697,201.890213012695,776,20,16.5524139404297
"Pereskia lychnidiflora",-96.211037,15.780024,"Pacific Lowlands province",27.0208339691162,96.2350006103516,1229,18,2.27325820922852
"Mammillaria carnea",-97.009406,17.938469,"Balsas Basin province",25.8208332061768,241.928405761719,645,21,2.19904327392578
"Pereskia lychnidiflora",-95.960641,15.866324,"Pacific Lowlands province",27.1166667938232,87.2127227783203,1129,13,12.3789501190186
"Pereskia lychnidiflora",-96.143761,15.750541,"Pacific Lowlands province",27.0208339691162,94.591438293457,1197,16,4.6412878036499
"Ferocactus recurvus",-96.968925,17.903281,"Balsas Basin province",25.1166667938232,247.710708618164,718,26,3.07908630371094
"Mammillaria carnea",-97.032168,17.935339,"Balsas Basin province",25.9208335876465,241.505310058594,624,21,5.50653076171875
"Mammillaria rekoi",-96.480932,17.269154,"Sierra Madre del Sur province",16.6708335876465,170.593338012695,1090,44,5.76809692382812
"Coryphantha elephantidens",-96.932031,17.405322,"Sierra Madre del Sur province",16.466667175293,166.109680175781,671,16,2.71188354492188
"Acanthocereus tetragonus",-96.199654,15.78087,"Pacific Lowlands province",26.9958324432373,93.7709426879883,1248,16,1.6063175201416
"Acanthocereus tetragonus",-96.203557,15.748823,"Pacific Lowlands province",27.0083332061768,94.9601364135742,1200,18,3.58434581756592
"Ferocactus recurvus",-96.493569,17.249394,"Sierra Madre del Sur province",16.1166667938232,165.698684692383,940,36,14.4126434326172
"Pachycereus pecten-aboriginum",-96.190483,15.771592,"Pacific Lowlands province",27.0041656494141,95.3095016479492,1228,16,4.82631683349609
"Pereskia lychnidiflora",-96.202347,15.746896,"Pacific Lowlands province",27.0083332061768,94.9601364135742,1200,18,4.17690181732178
"Pachycereus pecten-aboriginum",-96.156509,15.778245,"Pacific Lowlands province",27.1416664123535,95.4375762939453,1220,17,1.18863773345947
"Epiphyllum hookeri",-96.24817,17.720727,"Veracruzan province",24.8583335876465,235.977996826172,3588,246,12.2782230377197
"Mammillaria polyedra",-97.982512,17.516018,"Sierra Madre del Sur province",21.2708339691162,156.400680541992,693,17,10.7249450683594
"Opuntia karwinskiana",-96.203522,15.740011,"Pacific Lowlands province",27.0166664123535,95.4971160888672,1181,18,3.11370182037354
"Coryphantha elephantidens",-96.786889,17.147033,"Balsas Basin province",21.6958332061768,161.082382202148,673,14,0.571762084960938
"Mammillaria karwinskiana",-96.736556,17.083047,"Balsas Basin province",21.408332824707,146.207092285156,652,15,7.850830078125
"Opuntia huajuapensis",-97.486389,17.8375,"Sierra Madre del Sur province",16.095832824707,164.350769042969,594,20,3.49160766601562
"Coryphantha pallida",-96.962854,17.758424,"Balsas Basin province",25.3708343505859,244.107452392578,543,17,7.81650543212891
"Coryphantha pallida",-96.970153,17.904733,"Balsas Basin province",25.1166667938232,247.710708618164,718,26,3.40353393554688
"Opuntia karwinskiana",-96.225815,15.776644,"Pacific Lowlands province",27.0375003814697,97.3541793823242,1223,18,4.86298847198486
"Mammillaria discolor",-96.88,17.72,"Sierra Madre del Sur province",21.2958335876465,213.162948608398,1407,71,12.7590637207031
"Coryphantha pallida",-96.966619,17.902269,"Balsas Basin province",24.7583332061768,247.20100402832,854,35,6.49050903320312
"Mammillaria carnea",-96.916742,17.637662,"Balsas Basin province",24.7333335876465,234.572479248047,674,24,3.45674133300781
"Mammillaria karwinskiana",-96.490346,17.256326,"Sierra Madre del Sur province",16.466667175293,168.027770996094,1022,40,14.3905792236328
"Mammillaria karwinskiana",-96.487928,17.260167,"Sierra Madre del Sur province",16.6499996185303,169.048141479492,1046,41,8.86698913574219
"Opuntia karwinskiana",-96.199303,15.780824,"Pacific Lowlands province",26.9958324432373,93.7709426879883,1248,16,0.754216194152832
"Opuntia karwinskiana",-96.121058,15.762952,"Pacific Lowlands province",27.25,95.6793594360352,1150,15,0.680164813995361
"Pachycereus pecten-aboriginum",-96.211685,15.780653,"Pacific Lowlands province",27.0208339691162,96.2350006103516,1229,18,2.38204765319824
"Pilosocereus chrysacanthus",-96.924462,17.60963,"Balsas Basin province",23.9291667938232,224.969284057617,958,39,3.35649108886719
"Pilosocereus chrysacanthus",-97.026107,17.86866,"Balsas Basin province",25.6708335876465,243.837310791016,540,16,12.1822509765625
"Coryphantha pallida",-97.025571,17.868701,"Balsas Basin province",25.6708335876465,243.837310791016,540,16,11.3752136230469
"Ferocactus recurvus",-97.02482,17.868905,"Balsas Basin province",25.7416667938232,245.568267822266,528,16,11.9898147583008
"Mammillaria carnea",-97.0175,17.874167,"Balsas Basin province",25.7416667938232,245.568267822266,528,16,10.3977737426758
"Mammillaria carnea",-96.992006,17.892253,"Balsas Basin province",25.9333343505859,246.182998657227,563,17,0.793548583984375
"Stenocereus pruinosus",-96.744791,17.143344,"Sierra Madre del Sur province",20.6124992370605,157.380905151367,689,18,6.13873291015625
"Mammillaria mystax",-97.508641,17.837583,"Sierra Madre del Sur province",14.3791666030884,140.218307495117,661,21,5.4371337890625
"Rhipsalis baccifera",-96.65275,18.00522,"Veracruzan province",22.6666660308838,241.767486572266,3699,270,10.8264236450195
"Peniocereus fosterianus",-96.21439,15.78,"Pacific Lowlands province",27.0208339691162,96.2350006103516,1229,18,3.59810066223145
"Aporocactus martianus",-96.72,17.067778,"Balsas Basin province",21.6375007629395,151.028671264648,651,12,1.05364990234375
"Opuntia tomentosa",-96.91753,17.92397,"Sierra Madre del Sur province",23.4916667938232,248.402496337891,1575,96,10.1928253173828
"Pachycereus pecten-aboriginum",-96.13961,15.778187,"Pacific Lowlands province",27.2000007629395,92.7606735229492,1209,17,0.858222961425781
"Mammillaria haageana",-97.309745,18.067554,"Sierra Madre del Sur province",11.9875001907349,148.065170288086,758,26,9.30322265625
"Mammillaria karwinskiana",-96.440538,16.95413,"Balsas Basin province",20.6166667938232,131.414215087891,658,13,1.46293640136719
"Mammillaria flavicentra",-97.251363,17.668231,"Sierra Madre del Sur province",12.9791669845581,144.591262817383,714,21,4.00668334960938
"Mammillaria karwinskiana",-96.725617,17.061614,"Balsas Basin province",21.7749996185303,150.21955871582,649,12,1.70967102050781
"Acanthocereus tetragonus",-94.762442,17.179077,"Veracruzan province",25.1958332061768,226.860549926758,3119,216,3.32970333099365
"Epiphyllum oxypetalum",-96.428401,17.644974,"Sierra Madre del Sur province",22.3125,223.201141357422,2479,183,15.0889663696289
"Epiphyllum hookeri",-96.390266,17.729394,"Veracruzan province",24.1041660308838,235.125289916992,2693,181,8.74567413330078
"Pachycereus weberi",-96.929371,17.651083,"Balsas Basin province",24.9624996185303,239.052337646484,537,16,1.08250427246094
"Mammillaria carnea",-96.941129,17.655421,"Balsas Basin province",24.8583335876465,237.991897583008,593,19,3.69256591796875
"Epiphyllum oxypetalum",-96.314714,17.719578,"Veracruzan province",23.1749992370605,217.793701171875,2927,210,12.8648147583008
"Escontria chiotilla",-96.929389,17.651402,"Balsas Basin province",24.9624996185303,239.052337646484,537,16,0.964286804199219
"Coryphantha elephantidens",-96.275945,16.866458,"Sierra Madre del Sur province",20.4333324432373,134.203598022461,771,16,5.17527770996094
"Ferocactus recurvus",-96.27571,16.86654,"Sierra Madre del Sur province",20.4333324432373,134.203598022461,771,16,6.90252685546875
"Mammillaria albilanata",-96.275859,16.866561,"Sierra Madre del Sur province",20.4333324432373,134.203598022461,771,16,7.87283325195312
"Disocactus speciosus",-97.138353,16.713644,"Sierra Madre del Sur province",14.4708337783813,121.887763977051,972,32,12.05712890625
"Mammillaria karwinskiana",-96.672613,17.044665,"Balsas Basin province",21.3208332061768,155.35090637207,625,11,10.8438568115234
"Myrtillocactus schenckii",-96.722029,17.066598,"Balsas Basin province",21.7333335876465,151.647537231445,661,13,0.563812255859375
"Mammillaria karwinskiana",-96.360045,16.928334,"Balsas Basin province",20.0750007629395,131.018753051758,693,12,1.53483581542969
"Myrtillocactus schenckii",-96.359797,16.926558,"Balsas Basin province",20.0750007629395,131.018753051758,693,12,1.01783752441406
"Ferocactus recurvus",-96.35983,16.928129,"Balsas Basin province",20.0750007629395,131.018753051758,693,12,0.983078002929688
"Pereskia lychnidiflora",-96.200218,15.772347,"Pacific Lowlands province",27.0083332061768,95.1513824462891,1226,17,1.07121562957764
"Pachycereus pecten-aboriginum",-96.202065,15.747,"Pacific Lowlands province",27.0083332061768,94.9601364135742,1200,18,3.36310386657715
"Aporocactus martianus",-96.68,17.13,"Sierra Madre del Sur province",15.5416669845581,133.345626831055,761,22,11.6044311523438
"Pereskiopsis kellermanii",-95.286627,16.106171,"Pacific Lowlands province",27.6916656494141,109.083671569824,875,4,1.67980587482452
"Mammillaria flavicentra",-97.341559,17.95606,"Sierra Madre del Sur province",15.4083337783813,171.541580200195,582,17,2.90707397460938
"Opuntia tehuacana",-97.033616,18.079172,"Balsas Basin province",23.8291664123535,240.117935180664,1248,65,17.4595794677734
"Opuntia decumbens",-96.959513,17.754435,"Balsas Basin province",25.341667175293,244.0830078125,542,18,0.77215576171875
"Disocactus speciosus",-96.768621,17.069038,"Balsas Basin province",21.529167175293,151.214157104492,650,13,4.12466430664062
"Stenocereus treleasei",-96.771146,18.161572,"Sierra Madre del Sur province",20.5541667938232,224.928863525391,3031,185,5.30686950683594
"Peniocereus oaxacensis",-95.240118,16.421608,"Pacific Lowlands province",27.2666664123535,120.591979980469,827,8,0.80037784576416
"Ferocactus recurvus",-96.399134,16.921173,"Balsas Basin province",20.6625003814697,133.877914428711,687,13,1.02023315429688
"Myrtillocactus schenckii",-96.450203,16.957472,"Balsas Basin province",21.0458335876465,136.605926513672,676,13,3.76918029785156
"Mammillaria karwinskiana",-96.517983,17.042361,"Balsas Basin province",18.7000007629395,136.03141784668,714,15,9.94747924804688
"Mammillaria karwinskiana",-96.561439,16.974925,"Balsas Basin province",21.4375,144.365768432617,646,10,6.1668701171875
"Acanthocereus tetragonus",-96.158226,15.733583,"Pacific Lowlands province",26.9874992370605,98.5376052856445,1163,15,4.13796043395996
"Pilosocereus leucocephalus",-96.160271,15.727192,"Pacific Lowlands province",27.0625,99.2271423339844,1122,14,0.952913761138916
"Neobuxbaumia tetetzo",-96.160576,15.726726,"Pacific Lowlands province",27.0625,99.2271423339844,1122,14,0.236153244972229
"Neobuxbaumia tetetzo",-96.157933,15.730053,"Pacific Lowlands province",27.0166664123535,98.4962768554688,1144,14,6.17443370819092
"Stenocereus pruinosus",-96.27737,16.863895,"Sierra Madre del Sur province",20.4333324432373,134.203598022461,771,16,7.32875061035156
"Neobuxbaumia tetetzo",-96.277519,16.863585,"Sierra Madre del Sur province",20.4333324432373,134.203598022461,771,16,8.28248596191406
"Opuntia tomentosa",-96.276192,16.863549,"Sierra Madre del Sur province",20.4333324432373,134.203598022461,771,16,12.4596099853516
"Mammillaria karwinskiana",-96.901708,17.234991,"Balsas Basin province",21.0541667938232,156.3134765625,726,18,0.432708740234375
"Mammillaria mystax",-97.35698,17.85293,"Sierra Madre del Sur province",15.8625001907349,166.816772460938,545,14,13.2990112304688
"Ferocactus recurvus",-97.35689,17.852849,"Sierra Madre del Sur province",15.8625001907349,166.816772460938,545,14,16.5038757324219
"Mammillaria haageana",-97.356222,17.853157,"Sierra Madre del Sur province",15.8625001907349,166.816772460938,545,14,10.9837646484375
"Coryphantha pallida",-97.357721,17.853698,"Sierra Madre del Sur province",15.8625001907349,166.816772460938,545,14,18.9750366210938
"Coryphantha pallida",-96.958912,17.683569,"Balsas Basin province",24.3125,226.887283325195,988,45,5.18563842773438
"Mammillaria sphacelata",-96.959387,17.682975,"Balsas Basin province",24.2708339691162,226.228546142578,967,44,5.07518005371094
"Ferocactus recurvus",-96.904027,17.7968,"Sierra Madre del Sur province",19.9249992370605,212.747177124023,1343,55,10.7798004150391
"Pereskia lychnidiflora",-95.132693,16.195862,"Pacific Lowlands province",27.8333339691162,112.51936340332,901,5,0.547183930873871
"Cephalocereus columna-trajani",-96.95945,17.754495,"Balsas Basin province",25.341667175293,244.0830078125,542,18,0.77215576171875
"Pereskiopsis diguetii",-95.181298,17.089752,"Veracruzan province",25.0125007629395,191.751800537109,2470,101,1.31565093994141
"Pereskia lychnidiflora",-95.099813,16.319511,"Pacific Lowlands province",27.8250007629395,123.389602661133,949,8,1.34737920761108
"Pereskia lychnidiflora",-95.19644,16.19751,"Pacific Lowlands province",27.9791660308838,110.504188537598,880,6,3.20364832878113
"Pereskia lychnidiflora",-95.123394,16.556994,"Pacific Lowlands province",27.5,142.23860168457,909,13,0.498248100280762
"Pereskia lychnidiflora",-95.105677,16.559254,"Pacific Lowlands province",27.4750003814697,145.062698364258,930,12,0.397289752960205
"Pereskia lychnidiflora",-95.182883,16.45309,"Pacific Lowlands province",27.6458339691162,127.144493103027,869,5,0.450538635253906
"Ferocactus recurvus",-96.940055,17.706905,"Balsas Basin province",25.0625,241.981643676758,556,20,5.13779449462891
"Mammillaria karwinskiana",-96.48306,17.263085,"Sierra Madre del Sur province",15.4708337783813,161.082382202148,941,36,9.9337158203125
"Mammillaria karwinskiana",-96.269416,16.676467,"Sierra Madre del Sur province",23.9958343505859,139.062744140625,846,15,12.4279556274414
"Mammillaria karwinskiana",-96.264781,16.670547,"Sierra Madre del Sur province",23.7583332061768,132.525009155273,842,16,12.4333572387695
"Escontria chiotilla",-96.273945,16.6666,"Sierra Madre del Sur province",24.1333332061768,143.42138671875,825,14,0.893173217773438
"Mammillaria mystax",-97.37587,17.899901,"Sierra Madre del Sur province",17.0708332061768,176.718307495117,495,12,1.354736328125
"Opuntia tomentosa",-96.780152,17.079307,"Balsas Basin province",20.8374996185303,142.766891479492,662,16,6.61590576171875
"Ferocactus recurvus",-97.236139,17.831578,"Sierra Madre del Sur province",15.875,182.601150512695,528,18,2.61947631835938
"Ferocactus recurvus",-96.990802,17.873133,"Balsas Basin province",25.595832824707,245.990173339844,594,19,7.2930908203125
"Coryphantha pallida",-96.924249,17.609399,"Balsas Basin province",23.9291667938232,224.969284057617,958,39,5.35704040527344
"Pachycereus pecten-aboriginum",-96.268572,15.780217,"Pacific Lowlands province",26.9583339691162,93.2453384399414,1239,21,4.61373519897461
"Pachycereus pecten-aboriginum",-96.202273,15.737717,"Pacific Lowlands province",27.0166664123535,95.4971160888672,1181,18,4.3257098197937
"Marginatocereus marginatus",-97.356431,17.853567,"Sierra Madre del Sur province",15.8625001907349,166.816772460938,545,14,10.5746459960938
"Escontria chiotilla",-97.765331,18.167634,"Balsas Basin province",21.529167175293,174.466201782227,456,15,3.83425903320312
"Myrtillocactus geometrizans",-97.758575,18.165318,"Balsas Basin province",21.6041660308838,176.306259155273,445,16,5.98420715332031
"Opuntia karwinskiana",-96.107669,15.778047,"Pacific Lowlands province",27.2916660308838,92.9279403686523,1166,14,1.40396547317505
"Stenocereus stellatus",-97.758844,18.168685,"Balsas Basin province",21.529167175293,174.466201782227,456,15,6.05068969726562
"Opuntia decumbens",-96.100211,15.768534,"Pacific Lowlands province",27.2625007629395,91.356559753418,1176,15,7.42535638809204
"Ferocactus recurvus",-97.339804,17.912253,"Sierra Madre del Sur province",16.0375003814697,172.641555786133,550,17,6.72879028320312
"Epiphyllum hookeri",-95.683333,17.333333,"Veracruzan province",24.4333343505859,200.446487426758,2410,106,2.18202590942383
"Mammillaria karwinskiana",-96.84266,17.161874,"Balsas Basin province",21.3791675567627,152.784133911133,692,15,4.146728515625
"Mammillaria karwinskiana",-96.812952,17.106631,"Balsas Basin province",21.3208332061768,147.978179931641,670,15,5.06405639648438
"Myrtillocactus schenckii",-96.517669,17.042614,"Balsas Basin province",18.7000007629395,136.03141784668,714,15,9.04460144042969
"Disocactus speciosus",-97.580789,16.849748,"Sierra Madre del Sur province",18.8583335876465,111.086227416992,1203,29,0.597488403320312
"Mammillaria mystax",-97.572079,17.864689,"Sierra Madre del Sur province",14.5124998092651,145.79133605957,647,16,7.4990234375
"Ferocactus recurvus",-97.566105,17.865222,"Sierra Madre del Sur province",13.0208330154419,124.507354736328,740,20,12.4981079101562
"Acanthocereus tetragonus",-96.372292,15.795114,"Pacific Lowlands province",26.3708324432373,92.305290222168,1166,21,2.41161155700684
"Opuntia decumbens",-97.038996,18.024486,"Balsas Basin province",24.7749996185303,230.685729980469,957,43,4.37497711181641
"Pachycereus pecten-aboriginum",-96.160561,15.728459,"Pacific Lowlands province",27.0625,99.2271423339844,1122,14,2.14406323432922
"Acanthocereus tetragonus",-96.167618,15.72254,"Pacific Lowlands province",27.0208339691162,97.4086685180664,1148,15,6.93377923965454
"Neobuxbaumia tetetzo",-96.167484,15.722182,"Pacific Lowlands province",27.0208339691162,97.4086685180664,1148,15,9.24025917053223
"Pachycereus pecten-aboriginum",-96.167488,15.722548,"Pacific Lowlands province",27.0208339691162,97.4086685180664,1148,15,6.93377923965454
"Ferocactus recurvus",-97.398155,18.012647,"Sierra Madre del Sur province",19.3333339691162,208.83154296875,510,19,4.4996337890625
"Pachycereus pecten-aboriginum",-96.19915,15.78028,"Pacific Lowlands province",26.9958324432373,93.7709426879883,1248,16,1.45305728912354
"Pachycereus pecten-aboriginum",-96.200768,15.774761,"Pacific Lowlands province",27.0083332061768,95.1513824462891,1226,17,1.87729644775391
"Pachycereus pecten-aboriginum",-96.143684,15.786712,"Pacific Lowlands province",27.2291660308838,92.0587463378906,1224,17,1.66506147384644
"Pereskia lychnidiflora",-96.155095,15.781602,"Pacific Lowlands province",27.1416664123535,95.4375762939453,1220,17,0.894649505615234
"Mammillaria rekoi",-96.4907,17.255628,"Sierra Madre del Sur province",16.466667175293,168.027770996094,1022,40,15.79345703125
"Acanthocereus tetragonus",-96.117646,15.766902,"Pacific Lowlands province",27.2625007629395,93.7628479003906,1165,15,2.78260350227356
"Pachycereus pecten-aboriginum",-96.1628,15.719931,"Pacific Lowlands province",27.0791664123535,99.2576599121094,1110,14,15.6612682342529
"Acanthocereus tetragonus",-96.136734,15.772275,"Pacific Lowlands province",27.2083339691162,96.3146514892578,1188,17,3.7990870475769
"Mammillaria rekoi",-96.692216,17.131097,"Sierra Madre del Sur province",17.033332824707,138.5859375,738,21,7.13125610351562
"Pachycereus pecten-aboriginum",-96.197238,15.710758,"Pacific Lowlands province",27.0375003814697,97.40087890625,1123,15,3.0195746421814
"Acanthocereus tetragonus",-96.196831,15.708913,"Pacific Lowlands province",27.0375003814697,97.40087890625,1123,15,5.75427722930908
"Coryphantha pallida",-96.982434,17.893419,"Balsas Basin province",25.4375,248.624664306641,624,20,7.47457885742188
"Cephalocereus apicicephalium",-95.375,16.358333,"Pacific Lowlands province",26.7250003814697,128.053619384766,710,3,1.97691345214844
"Ferocactus recurvus",-96.937804,17.65191,"Balsas Basin province",24.8583335876465,237.991897583008,593,19,3.71258544921875
"Coryphantha elephantidens",-96.700949,16.814818,"Balsas Basin province",21.6916675567627,137.060607910156,821,11,0.626190185546875
"Ferocactus recurvus",-97.414888,17.93373,"Sierra Madre del Sur province",16.7333335876465,167.662170410156,550,16,1.37786865234375
"Pachycereus pecten-aboriginum",-96.174484,15.778628,"Pacific Lowlands province",27.0666675567627,94.8044204711914,1232,18,2.48981380462646
"Acanthocereus tetragonus",-96.17453,15.778506,"Pacific Lowlands province",27.0666675567627,94.8044204711914,1232,18,2.64071178436279
"Opuntia decumbens",-96.174538,15.77849,"Pacific Lowlands province",27.0666675567627,94.8044204711914,1232,18,2.64071178436279
"Opuntia karwinskiana",-96.174652,15.778559,"Pacific Lowlands province",27.0666675567627,94.8044204711914,1232,18,2.84498119354248
"Coryphantha pallida",-97.459191,17.504962,"Sierra Madre del Sur province",15.7791662216187,155.248458862305,652,19,1.94488525390625
"Mammillaria carnea",-96.94672,17.64444,"Balsas Basin province",24.5416660308838,233.090225219727,781,31,10.65673828125
"Opuntia decumbens",-95.246131,16.33284,"Pacific Lowlands province",28.3374996185303,109.878517150879,850,11,5.61847305297852
"Opuntia decumbens",-96.189735,15.754305,"Pacific Lowlands province",27.0083332061768,95.6041641235352,1190,17,2.61718845367432
"Mammillaria haageana",-97.439257,17.928038,"Sierra Madre del Sur province",16.1000003814697,162.969604492188,580,19,6.7540283203125
"Opuntia decumbens",-96.199959,15.781453,"Pacific Lowlands province",26.9958324432373,93.7709426879883,1248,16,1.33308029174805
"Opuntia decumbens",-96.200127,15.779477,"Pacific Lowlands province",27.0083332061768,96.3618621826172,1240,18,1.38638782501221
"Opuntia decumbens",-96.133744,15.766522,"Pacific Lowlands province",27.158332824707,95.6991806030273,1182,16,1.37813758850098
"Opuntia karwinskiana",-94.744463,16.714806,"Pacific Lowlands province",25.7374992370605,190.729751586914,1513,77,11.3197288513184
"Opuntia decumbens",-96.191654,15.791015,"Pacific Lowlands province",26.9541664123535,93.9404525756836,1274,18,3.66050148010254
"Opuntia huajuapensis",-97.566667,16.85,"Sierra Madre del Sur province",17.1791667938232,108.950744628906,1113,26,5.02658081054688
"Epiphyllum hookeri",-97.55,16.8,"Sierra Madre del Sur province",20.3541660308838,99.2118530273438,1297,32,1.96763610839844
"Pereskia lychnidiflora",-95.1413,16.32663,"Pacific Lowlands province",28.0249996185303,119.058822631836,925,6,0.158832550048828
"Cephalocereus apicicephalium",-94.826848,16.684169,"Pacific Lowlands province",25.8333339691162,182.810577392578,1405,71,3.9073486328125
"Cephalocereus apicicephalium",-94.930282,16.683912,"Pacific Lowlands province",25.5125007629395,179.470504760742,1208,53,10.0117454528809
"Pereskia lychnidiflora",-95.50175,16.61372,"Pacific Lowlands province",26.3333339691162,132.516464233398,586,2,6.32855415344238
"Pachycereus pecten-aboriginum",-96.247818,15.771052,"Pacific Lowlands province",27.0499992370605,95.6081085205078,1220,20,1.81686973571777
"Pereskia lychnidiflora",-96.161911,15.724754,"Pacific Lowlands province",27.0791664123535,99.2576599121094,1110,14,0.832543253898621
"Opuntia decumbens",-96.344222,16.754706,"Sierra Madre del Sur province",21.4458332061768,125.090118408203,658,10,5.87861633300781
"Opuntia auberi",-94.968063,16.363483,"Pacific Lowlands province",27.2458324432373,141.042526245117,976,8,0.386304140090942
"Pachycereus pecten-aboriginum",-96.068527,15.810864,"Pacific Lowlands province",27.1749992370605,86.6156692504883,1218,16,11.3241491317749
"Ferocactus recurvus",-96.982412,17.905536,"Balsas Basin province",25.470832824707,249.540130615234,613,19,3.27692031860352
"Ferocactus recurvus",-97.342979,17.527099,"Sierra Madre del Sur province",16.5666675567627,152.722763061523,594,13,3.16571044921875
"Opuntia decumbens",-95.532043,15.979146,"Pacific Lowlands province",27.6833343505859,86.8733062744141,903,5,3.70256018638611
"Epiphyllum hookeri",-96.250839,17.466136,"Sierra Madre del Sur province",23.0166664123535,229.270919799805,2051,123,15.7466468811035
"Mammillaria rekoi",-96.502506,17.239862,"Sierra Madre del Sur province",15.8416662216187,162.841720581055,901,36,5.5106201171875
"Pereskia lychnidiflora",-96.16451,15.780895,"Pacific Lowlands province",27.091667175293,93.9737243652344,1233,18,3.70908832550049
"Acanthocereus tetragonus",-96.158689,15.733379,"Pacific Lowlands province",27.0083332061768,97.7667465209961,1159,15,3.50154495239258
"Pachycereus weberi",-96.973595,17.889118,"Balsas Basin province",25.1208343505859,246.073333740234,714,25,6.49671936035156
"Opuntia decumbens",-96.973683,17.888909,"Balsas Basin province",25.1208343505859,246.073333740234,714,25,6.50229644775391
"Acanthocereus tetragonus",-96.148087,15.75463,"Pacific Lowlands province",27.0208339691162,94.591438293457,1197,16,2.75307369232178
"Opuntia karwinskiana",-96.152456,15.755259,"Pacific Lowlands province",27.0249996185303,96.2832107543945,1195,16,2.62601280212402
"Pilosocereus leucocephalus",-96.148579,15.754536,"Pacific Lowlands province",27.0208339691162,94.591438293457,1197,16,3.20970439910889
"Mammillaria rekoi",-96.058021,17.100122,"Sierra Madre del Sur province",14.7750005722046,145.890686035156,1258,52,7.89947509765625
"Opuntia decumbens",-96.251932,16.884802,"Pacific Lowlands province",20.5708332061768,135.704528808594,851,21,2.94338989257812
"Mammillaria albilanata",-96.103081,17.079132,"Sierra Madre del Sur province",17.2000007629395,152.747573852539,1314,58,8.77937316894531
"Ferocactus recurvus",-96.97348,17.88916,"Balsas Basin province",25.1208343505859,246.073333740234,714,25,6.49671936035156
"Opuntia tomentosa",-96.768011,17.046164,"Balsas Basin province",20.3166675567627,134.575653076172,662,16,3.28256225585938
"Opuntia huajuapensis",-97.37455,17.804031,"Sierra Madre del Sur province",17.4833335876465,185.635665893555,485,13,1.12985229492188
"Opuntia tomentosa",-96.71287,17.10968,"Balsas Basin province",20.158332824707,148.780410766602,676,19,3.8739013671875
"Pachycereus weberi",-96.924434,17.60969,"Balsas Basin province",23.9291667938232,224.969284057617,958,39,3.70086669921875
"Pereskia lychnidiflora",-96.719362,17.025915,"Balsas Basin province",21.8083324432373,151.339950561523,645,11,0.375839233398438
"Acanthocereus tetragonus",-96.719525,17.026101,"Balsas Basin province",21.8083324432373,151.339950561523,645,11,0.375839233398438
"Coryphantha elephantidens",-96.781991,16.934334,"Balsas Basin province",21.654167175293,145.359405517578,703,11,0.919586181640625
"Pereskiopsis kellermanii",-96.200826,15.774108,"Pacific Lowlands province",27.0083332061768,95.1513824462891,1226,17,1.40122890472412
"Mammillaria mystax",-97.321237,17.54788,"Sierra Madre del Sur province",15.6458330154419,139.242401123047,586,12,1.9295654296875
"Mammillaria mystax",-97.322148,17.55088,"Sierra Madre del Sur province",15.7250003814697,141.509719848633,585,15,3.20840454101562
"Pereskiopsis kellermanii",-96.196912,15.771694,"Pacific Lowlands province",27.0083332061768,95.675422668457,1225,17,2.56767177581787
"Pereskia lychnidiflora",-96.131325,15.769459,"Pacific Lowlands province",27.2291660308838,96.2585830688477,1181,17,1.84066474437714
"Pereskia lychnidiflora",-96.202419,15.783768,"Pacific Lowlands province",26.9958343505859,95.2140731811523,1257,18,0.466938972473145
"Pereskia lychnidiflora",-96.203694,15.781593,"Pacific Lowlands province",27.0083332061768,96.3618621826172,1240,18,1.53016185760498
"Ferocactus recurvus",-97.415245,17.930958,"Sierra Madre del Sur province",16.7250003814697,167.854095458984,547,16,4.21466064453125
"Stenocactus crispatus",-97.452993,17.936969,"Sierra Madre del Sur province",16.2583332061768,167.939834594727,567,18,4.21975708007812
"Mammillaria albilanata",-96.108489,17.082073,"Sierra Madre del Sur province",17.6375007629395,154.539276123047,1338,61,11.1757202148438
"Mammillaria haageana",-97.318047,17.762786,"Sierra Madre del Sur province",16.5833339691162,179.270385742188,515,12,4.722412109375
"Mammillaria mystax",-97.655139,18.010802,"Balsas Basin province",18.2999992370605,175.019485473633,569,14,15.3870239257812
"Myrtillocactus schenckii",-96.566885,16.996276,"Balsas Basin province",21.1458339691162,144.826812744141,642,11,0.576431274414062
"Pereskia lychnidiflora",-96.239754,15.772959,"Pacific Lowlands province",27.0458335876465,97.9669952392578,1192,20,2.98080730438232
"Mammillaria haageana",-97.512417,17.847204,"Sierra Madre del Sur province",14.0041666030884,134.560882568359,682,23,9.5283203125
"Ferocactus recurvus",-96.517656,17.042619,"Balsas Basin province",18.7000007629395,136.03141784668,714,15,9.04460144042969
"Stenocactus crispatus",-97.423257,17.895327,"Sierra Madre del Sur province",16.5375003814697,162.915573120117,540,15,2.61395263671875
"Opuntia tomentosa",-97.426055,17.552228,"Sierra Madre del Sur province",15.0541667938232,145.281219482422,647,19,3.33090209960938
"Rhipsalis baccifera",-95.464389,16.7372,"Sierra Madre del Sur province",22.2291660308838,101.409553527832,918,62,11.9192504882812
"Pachycereus pecten-aboriginum",-95.442108,16.006145,"Pacific Lowlands province",27.75,85.5994873046875,867,5,3.34415531158447
"Opuntia pubescens",-96.735011,17.083334,"Balsas Basin province",21.25,145.258392333984,658,15,10.9344635009766
"Myrtillocactus geometrizans",-96.98666,17.912743,"Balsas Basin province",25.6666660308838,246.60725402832,618,19,3.94013214111328
"Opuntia pilifera",-96.97331,17.89072,"Balsas Basin province",25.1208343505859,246.073333740234,714,25,5.12104034423828
"Mammillaria albilanata",-96.490591,17.255614,"Sierra Madre del Sur province",16.466667175293,168.027770996094,1022,40,13.5600280761719
"Mammillaria albilanata",-97.0775,16.541389,"Sierra Madre del Sur province",18.1458339691162,118.426383972168,975,24,8.93490600585938
"Opuntia streptacantha",-97.323315,17.554959,"Sierra Madre del Sur province",15.7250003814697,141.509719848633,585,15,2.30654907226562
"Mammillaria karwinskiana",-96.568308,16.997218,"Balsas Basin province",21.1458339691162,144.826812744141,642,11,1.71852111816406
"Coryphantha elephantidens",-96.662232,17.130775,"Sierra Madre del Sur province",16.3999996185303,140.696319580078,756,22,20.6374816894531
"Myrtillocactus geometrizans",-97.029679,17.868006,"Balsas Basin province",25.6708335876465,243.837310791016,540,16,9.43756103515625
"Coryphantha elephantidens",-96.275971,16.868662,"Sierra Madre del Sur province",19.3541660308838,126.157524108887,701,12,0.853546142578125
"Ferocactus recurvus",-97.016101,18.08879,"Sierra Madre del Sur province",19.7541675567627,222.858093261719,1417,53,8.0181884765625
"Myrtillocactus geometrizans",-96.97906,17.902481,"Balsas Basin province",25.470832824707,249.540130615234,613,19,3.91514587402344
"Coryphantha elephantidens",-96.697464,17.115774,"Sierra Madre del Sur province",19.283332824707,145.154037475586,699,20,9.90638732910156
"Acanthocereus tetragonus",-96.150726,15.754865,"Pacific Lowlands province",27.0249996185303,96.2832107543945,1195,16,2.67158508300781
"Pilosocereus leucocephalus",-96.136519,15.76892,"Pacific Lowlands province",27.2083339691162,96.3146514892578,1188,17,3.8631477355957
"Pachycereus pecten-aboriginum",-96.17189,15.737749,"Pacific Lowlands province",27.029167175293,97.7347717285156,1143,15,6.6536169052124
"Mammillaria karwinskiana",-96.657801,17.023467,"Balsas Basin province",19.0041675567627,134.493301391602,664,15,7.35643005371094
"Acanthocereus tetragonus",-96.168067,15.736353,"Pacific Lowlands province",27.029167175293,97.7347717285156,1143,15,3.49125838279724
"Stenocactus crispatus",-97.561472,17.719414,"Sierra Madre del Sur province",17.2625007629395,160.257247924805,613,16,6.821533203125
"Mammillaria albilanata",-97.245097,17.695323,"Sierra Madre del Sur province",13.0791664123535,145.359405517578,701,19,12.2933044433594
"Myrtillocactus geometrizans",-97.328728,18.129903,"Balsas Basin province",21.5625,238.881134033203,561,20,8.06132507324219
"Opuntia pubescens",-96.676,17.033,"Balsas Basin province",20.3374996185303,141.776473999023,644,12,6.11776733398438
"Mammillaria karwinskiana",-96.342933,16.754925,"Sierra Madre del Sur province",21.4458332061768,125.090118408203,658,10,8.99186706542969
"Mammillaria polyedra",-96.965053,18.071484,"Sierra Madre del Sur province",17.0041675567627,194.123413085938,1341,53,6.51947021484375
"Coryphantha elephantidens",-97.12131,17.646915,"Sierra Madre del Sur province",16.7124996185303,183.180541992188,538,15,16.8848876953125
"Pereskiopsis kellermanii",-96.067734,15.813722,"Pacific Lowlands province",27.1749992370605,86.6156692504883,1218,16,6.18640518188477
"Pachycereus pecten-aboriginum",-95.438884,16.45898,"Pacific Lowlands province",26.533332824707,139.631561279297,688,3,2.01180839538574
"Pereskia lychnidiflora",-96.163599,15.756201,"Pacific Lowlands province",27.0416660308838,96.6444549560547,1170,15,2.04343175888062
"Acanthocereus tetragonus",-96.077769,15.814515,"Pacific Lowlands province",27.1208324432373,85.691276550293,1249,17,4.57899475097656
"Opuntia karwinskiana",-96.175232,15.777304,"Pacific Lowlands province",27.0541667938232,95.3095092773438,1229,17,3.32581949234009
"Opuntia pilifera",-96.443953,16.949903,"Balsas Basin province",20.8916664123535,133.97477722168,669,13,5.31443786621094
"Opuntia tomentosa",-96.730671,17.074015,"Balsas Basin province",21.5166664123535,146.059341430664,645,14,7.63751220703125
"Opuntia pubescens",-96.194023,15.76967,"Pacific Lowlands province",27.0083332061768,95.675422668457,1225,17,2.23073101043701
"Ferocactus recurvus",-96.358042,16.927562,"Balsas Basin province",20.0249996185303,131.22673034668,703,12,2.06451416015625
"Opuntia tomentosa",-96.780121,16.994497,"Balsas Basin province",21.6333332061768,142.419555664062,658,11,1.20919799804688
"Opuntia depressa",-96.930162,17.645617,"Balsas Basin province",24.875,238.389465332031,566,17,4.02641296386719
"Opuntia pilifera",-96.449281,16.957736,"Balsas Basin province",20.9333343505859,135.182250976562,677,13,2.23553466796875
"Opuntia karwinskiana",-96.100258,15.768452,"Pacific Lowlands province",27.2625007629395,91.356559753418,1176,15,7.42535638809204
"Opuntia karwinskiana",-96.373726,15.792265,"Pacific Lowlands province",26.3708324432373,92.305290222168,1166,21,0.618627548217773
"Opuntia auberi",-96.18409,15.770497,"Pacific Lowlands province",27.0041656494141,95.3095016479492,1228,16,2.80108261108398
"Opuntia depressa",-97.257894,18.156395,"Balsas Basin province",23.8791656494141,238.036087036133,387,12,11.4498748779297
"Opuntia karwinskiana",-96.219177,15.786327,"Pacific Lowlands province",26.9958343505859,94.5914077758789,1257,18,2.94277477264404
"Opuntia decumbens",-97.208389,16.943286,"Sierra Madre del Sur province",21.1291656494141,140.671432495117,1088,19,4.801025390625
"Pereskiopsis kellermanii",-96.19642,15.711299,"Pacific Lowlands province",27.0375003814697,97.40087890625,1123,15,6.24658966064453
"Opuntia auberi",-96.196559,15.709723,"Pacific Lowlands province",27.0375003814697,97.40087890625,1123,15,4.59199476242065
"Opuntia decumbens",-96.165437,15.756067,"Pacific Lowlands province",27.0416660308838,96.6444549560547,1170,15,1.52466368675232
"Mammillaria flavicentra",-97.437684,17.887936,"Sierra Madre del Sur province",16.8624992370605,170.268844604492,534,18,2.02911376953125
"Opuntia lasiacantha",-97.279472,17.719215,"Sierra Madre del Sur province",15.7416667938232,170.198181152344,508,11,0.1622314453125
"Opuntia pilifera",-96.912742,17.635672,"Balsas Basin province",24.7916660308838,233.314407348633,658,24,2.46718597412109
"Opuntia depressa",-97.005067,17.899906,"Balsas Basin province",25.875,244.68440246582,582,18,3.16796875
"Opuntia decumbens",-96.100472,15.76532,"Pacific Lowlands province",27.2875003814697,92.0504989624023,1163,14,4.87705039978027
"Pilosocereus leucocephalus",-96.626111,15.7075,"Pacific Lowlands province",25.8583335876465,104.942276000977,860,13,1.55984497070312
"Mammillaria albilanata",-97.944283,17.70238,"Balsas Basin province",21.029167175293,163.282485961914,690,17,19.084716796875
"Opuntia huajuapensis",-96.540723,17.274483,"Balsas Basin province",17.0041675567627,168.744812011719,1005,39,8.45640563964844
"Opuntia pilifera",-97.64141,18.231846,"Balsas Basin province",19.033332824707,191.291458129883,518,14,2.27684020996094
"Opuntia streptacantha",-96.90407,17.796759,"Sierra Madre del Sur province",19.9249992370605,212.747177124023,1343,55,11.3258972167969
"Opuntia tomentosa",-96.949836,17.585481,"Balsas Basin province",22.0749988555908,213.929672241211,997,42,8.11512756347656
"Neobuxbaumia tetetzo",-96.074425,15.811898,"Pacific Lowlands province",27.1749992370605,86.6156692504883,1218,16,9.80396175384521
"Pachycereus pecten-aboriginum",-96.202105,15.783721,"Pacific Lowlands province",26.9958343505859,95.2140731811523,1257,18,0.317069053649902
"Pereskiopsis kellermanii",-96.1667,15.723083,"Pacific Lowlands province",27.0208339691162,97.4086685180664,1148,15,10.2217855453491
"Opuntia karwinskiana",-96.16624,15.755948,"Pacific Lowlands province",27.0416660308838,96.6444549560547,1170,15,1.98134565353394
"Opuntia decumbens",-96.156602,15.755559,"Pacific Lowlands province",27.0249996185303,96.2832107543945,1195,16,2.79224014282227
"Ferocactus recurvus",-96.971209,17.82118,"Balsas Basin province",25.220832824707,246.663696289062,595,19,2.65702056884766
"Opuntia karwinskiana",-96.202679,15.783632,"Pacific Lowlands province",26.9958343505859,95.2140731811523,1257,18,0.893848419189453
"Opuntia decumbens",-96.164464,15.724558,"Pacific Lowlands province",27.0791664123535,99.2576599121094,1110,14,1.55388200283051
"Myrtillocactus schenckii",-96.451093,16.946733,"Balsas Basin province",21.033332824707,137.449722290039,676,12,2.20433044433594
"Opuntia karwinskiana",-96.202897,15.712537,"Pacific Lowlands province",27.0458335876465,98.8676452636719,1100,16,1.30351829528809
"Pachycereus pecten-aboriginum",-96.051001,15.8128,"Pacific Lowlands province",27.1958332061768,89.352668762207,1195,15,1.81289768218994
"Mammillaria albilanata",-97.0855,17.462142,"Sierra Madre del Sur province",16.6791667938232,164.295440673828,591,12,3.5521240234375
"Opuntia karwinskiana",-96.07162,15.77913,"Pacific Lowlands province",27.25,93.3225173950195,1146,12,1.67608177661896
"Ferocactus recurvus",-97.557732,17.689355,"Sierra Madre del Sur province",18.0041675567627,172.435195922852,597,17,1.93391418457031
"Mammillaria rekoi",-96.494564,17.243888,"Sierra Madre del Sur province",16.1166667938232,165.698684692383,940,36,8.52371215820312
"Stenocactus crispatus",-97.323611,17.554774,"Sierra Madre del Sur province",15.7250003814697,141.509719848633,585,15,1.90982055664062
"Opuntia pilifera",-96.515554,17.04218,"Balsas Basin province",19.1833324432373,139.354568481445,700,17,3.85174560546875
"Opuntia pilifera",-97.11633,18.04686,"Balsas Basin province",25.3374996185303,244.216033935547,695,23,2.44918060302734
"Mammillaria polyedra",-98.039784,17.546384,"Balsas Basin province",21.3833332061768,161.122955322266,724,16,7.00112915039062
"Marginatocereus marginatus",-96.722037,17.065684,"Balsas Basin province",21.7333335876465,151.647537231445,661,13,1.42219543457031
"Stenocereus treleasei",-96.275703,16.868664,"Sierra Madre del Sur province",19.3541660308838,126.157524108887,701,12,1.05622863769531
"Pachycereus weberi",-96.954365,17.690865,"Balsas Basin province",24.6499996185303,228.264205932617,899,40,14.3917541503906
"Mammillaria mystax",-97.332026,18.083715,"Sierra Madre del Sur province",16.783332824707,202.589309692383,582,18,16.0058898925781
"Ferocactus recurvus",-98.042989,17.530839,"Balsas Basin province",20.7374992370605,156.163162231445,774,18,5.26554870605469
"Pereskiopsis kellermanii",-96.158808,15.733477,"Pacific Lowlands province",27.0083332061768,97.7667465209961,1159,15,5.20756483078003
"Neobuxbaumia tetetzo",-97.03009,17.865361,"Balsas Basin province",25.6041660308838,243.538864135742,555,17,6.38803100585938
"Opuntia decumbens",-96.052871,16.631123,"Pacific Lowlands province",23.7666664123535,129.935882568359,755,13,10.2617645263672
"Opuntia decumbens",-96.309117,15.684378,"Pacific Lowlands province",26.9208335876465,96.7296371459961,1000,15,5.24307298660278
"Mammillaria rekoi",-96.49867,17.08486,"Sierra Madre del Sur province",14.3291664123535,129.95556640625,847,25,5.77005004882812
"Myrtillocactus schenckii",-96.449212,16.958362,"Balsas Basin province",20.7666664123535,134.28825378418,664,11,3.6053466796875
"Myrtillocactus schenckii",-96.516921,17.056032,"Sierra Madre del Sur province",18.5458335876465,138.8173828125,724,18,2.22187805175781
"Opuntia decumbens",-96.217762,15.700479,"Pacific Lowlands province",26.9624996185303,97.6106567382812,1103,15,0.898501217365265
"Opuntia karwinskiana",-96.217799,15.700451,"Pacific Lowlands province",26.9624996185303,97.6106567382812,1103,15,0.898501217365265
"Opuntia velutina",-96.726083,17.051561,"Balsas Basin province",21.8500003814697,151.041839599609,656,12,0.279266357421875
"Myrtillocactus schenckii",-96.51233,17.01456,"Balsas Basin province",20.7000007629395,137.179382324219,659,11,2.07144165039062
"Mammillaria haageana",-97.1851,17.85249,"Sierra Madre del Sur province",18.8583335876465,216.110595703125,559,19,11.7362976074219
"Acanthocereus tetragonus",-96.165048,15.724872,"Pacific Lowlands province",27.0791664123535,99.2576599121094,1110,14,0.798191785812378
"Myrtillocactus schenckii",-96.35302,16.925314,"Balsas Basin province",20.0249996185303,131.22673034668,703,12,0.50299072265625
"Opuntia decumbens",-96.194048,15.769538,"Pacific Lowlands province",27.0083332061768,95.675422668457,1225,17,2.81620693206787
"Ferocactus recurvus",-97.349368,17.900482,"Sierra Madre del Sur province",17.0874996185303,183.911117553711,496,14,3.24725341796875
"Myrtillocactus geometrizans",-96.448023,16.958149,"Balsas Basin province",20.9333343505859,135.182250976562,677,13,9.86848449707031
"Mammillaria mystax",-97.35715,17.904954,"Sierra Madre del Sur province",17.033332824707,180.621810913086,504,15,1.3326416015625
"Stenocactus crispatus",-97.359897,17.901461,"Sierra Madre del Sur province",17.533332824707,186.515075683594,472,13,2.0438232421875
"Polaskia chichipe",-97.357148,17.904972,"Sierra Madre del Sur province",17.033332824707,180.621810913086,504,15,1.3326416015625
"Mammillaria karwinskiana",-96.565472,17.408306,"Balsas Basin province",19.8791675567627,188.721267700195,1320,72,8.55827331542969
"Ferocactus recurvus",-97.352654,17.872938,"Sierra Madre del Sur province",17.2999992370605,187.362091064453,475,14,2.86581420898438
"Opuntia dejecta",-96.495201,17.320784,"Balsas Basin province",18.7374992370605,180.354751586914,1376,66,3.86956787109375
"Mammillaria haageana",-97.323871,17.856039,"Sierra Madre del Sur province",17.3500003814697,186.815414428711,483,15,2.2725830078125
"Opuntia pubescens",-96.497475,17.316837,"Balsas Basin province",18.7374992370605,180.354751586914,1376,66,5.75444030761719
"Opuntia decumbens",-96.091697,15.776283,"Pacific Lowlands province",27.2583332061768,90.0462875366211,1192,15,3.60270690917969
"Mammillaria karwinskiana",-96.447222,16.958333,"Balsas Basin province",20.9333343505859,135.182250976562,677,13,10.1891632080078
"Opuntia auberi",-96.296951,15.692717,"Pacific Lowlands province",26.9249992370605,96.8480682373047,1028,15,0.928376436233521
"Myrtillocactus schenckii",-96.45,16.958611,"Balsas Basin province",20.779167175293,133.645706176758,657,11,2.41117858886719
"Stenocereus treleasei",-96.447778,16.958056,"Balsas Basin province",20.9333343505859,135.182250976562,677,13,9.86848449707031
"Stenocereus treleasei",-96.494904,17.317459,"Balsas Basin province",18.7374992370605,180.354751586914,1376,66,2.48115539550781
"Pilosocereus chrysacanthus",-96.569667,17.401472,"Balsas Basin province",20.8999996185303,205.470611572266,1132,67,10.2270965576172
"Myrtillocactus schenckii",-96.44606,16.957173,"Balsas Basin province",20.9333343505859,135.182250976562,677,13,6.43653869628906
"Stenocereus pruinosus",-96.447707,16.957693,"Balsas Basin province",20.9333343505859,135.182250976562,677,13,9.63082885742188
"Opuntia pilifera",-97.322412,17.856693,"Sierra Madre del Sur province",17.3500003814697,186.815414428711,483,15,4.60873413085938
"Opuntia velutina",-96.921353,17.648823,"Balsas Basin province",24.8875007629395,236.711608886719,575,18,2.79036712646484
"Coryphantha pallida",-97.023507,17.868803,"Balsas Basin province",25.7416667938232,245.568267822266,528,16,13.2761001586914
"Ferocactus recurvus",-96.994127,17.900707,"Balsas Basin province",25.9291667938232,246.903182983398,580,18,4.92915344238281
"Ferocactus recurvus",-97.094237,17.77987,"Balsas Basin province",18.8500003814697,222.66975402832,716,25,3.85432434082031
"Pachycereus pecten-aboriginum",-96.132652,15.770152,"Pacific Lowlands province",27.2291660308838,96.2585830688477,1181,17,3.97066497802734
"Stenocereus pruinosus",-96.967386,17.897394,"Balsas Basin province",25.125,248.490859985352,701,25,7.88909149169922
"Opuntia decumbens",-96.145692,16.675217,"Pacific Lowlands province",24.216667175293,139.484970092773,798,16,5.84425354003906
"Ferocactus recurvus",-96.96472,17.82845,"Balsas Basin province",24.8125,237.468902587891,872,39,5.72650146484375
"Opuntia karwinskiana",-96.890539,17.796217,"Sierra Madre del Sur province",16.3125,182.633819580078,829,28,11.640869140625
"Opuntia pilifera",-96.967128,17.897884,"Balsas Basin province",25.125,248.490859985352,701,25,7.15267181396484
"Pachycereus weberi",-96.89107,17.799363,"Sierra Madre del Sur province",16.3125,182.633819580078,829,28,5.42559814453125
"Coryphantha pallida",-97.094752,17.780115,"Balsas Basin province",18.8500003814697,222.66975402832,716,25,3.94450378417969
"Opuntia decumbens",-96.133151,15.768353,"Pacific Lowlands province",27.2291660308838,96.2585830688477,1181,17,1.47770571708679
"Opuntia decumbens",-96.140761,15.739808,"Pacific Lowlands province",27,99.2242660522461,1147,14,4.84305191040039
"Opuntia decumbens",-94.87133,16.584722,"Pacific Lowlands province",26.0208339691162,169.22900390625,1014,18,3.40489816665649
"Opuntia huajuapensis",-97.323699,17.855794,"Sierra Madre del Sur province",17.3500003814697,186.815414428711,483,15,2.203857421875
"Mammillaria albilanata",-96.629508,16.294656,"Sierra Madre del Sur province",18.9916667938232,116.166687011719,835,30,3.09765625
"Opuntia decumbens",-96.964892,17.827797,"Balsas Basin province",24.8125,237.468902587891,872,39,3.76708221435547
"Opuntia tomentosa",-96.651102,16.286667,"Sierra Madre del Sur province",18.9416675567627,122.712394714355,781,31,12.0367431640625
"Mammillaria karwinskiana",-96.881289,17.106569,"Balsas Basin province",20.8208332061768,150.46076965332,699,17,7.51214599609375
"Acanthocereus tetragonus",-96.16082,15.78068,"Pacific Lowlands province",27.091667175293,93.9737243652344,1233,18,1.89730167388916
"Acanthocereus tetragonus",-96.165863,15.75595,"Pacific Lowlands province",27.0416660308838,96.6444549560547,1170,15,1.6409125328064
"Opuntia decumbens",-96.119736,15.77015,"Pacific Lowlands province",27.2625007629395,93.7628479003906,1165,15,2.03544235229492
"Neobuxbaumia tetetzo",-96.120605,15.772248,"Pacific Lowlands province",27.2625007629395,93.7628479003906,1165,15,2.80157732963562
"Acanthocereus tetragonus",-96.130669,15.766446,"Pacific Lowlands province",27.2041664123535,95.5476684570312,1171,16,0.686357259750366
"Pereskiopsis kellermanii",-96.139145,15.763542,"Pacific Lowlands province",27.158332824707,95.6991806030273,1182,16,0.929727554321289
"Pereskia lychnidiflora",-95.571361,16.410078,"Pacific Lowlands province",27.1375007629395,122.105125427246,608,4,0.981851577758789
"Opuntia decumbens",-96.979357,17.910082,"Balsas Basin province",25.3583335876465,246.906631469727,700,25,7.53741455078125
"Neobuxbaumia tetetzo",-96.130919,15.759169,"Pacific Lowlands province",27.2041664123535,95.5476684570312,1171,16,10.7861080169678
"Pachycereus pecten-aboriginum",-96.128587,15.738272,"Pacific Lowlands province",27.0458335876465,99.8284683227539,1131,13,5.03943729400635
"Mammillaria albilanata",-96.984925,16.657309,"Sierra Madre del Sur province",18.1333332061768,117.615188598633,852,21,6.33082580566406
"Stenocereus stellatus",-96.982812,17.9007,"Balsas Basin province",25.470832824707,249.540130615234,613,19,2.60173797607422
"Opuntia decumbens",-96.205009,15.76438,"Pacific Lowlands province",27.0208339691162,96.1404876708984,1213,18,0.953422546386719
"Acanthocereus tetragonus",-96.127017,15.777798,"Pacific Lowlands province",27.216667175293,91.5356979370117,1201,16,4.60836458206177
"Pachycereus pecten-aboriginum",-96.124771,15.772342,"Pacific Lowlands province",27.2625007629395,93.7628479003906,1165,15,6.63116359710693
"Pereskia lychnidiflora",-96.059947,15.783229,"Pacific Lowlands province",27.2250003814697,94.8803176879883,1140,12,2.10295581817627
"Stenocereus treleasei",-96.841287,17.161976,"Balsas Basin province",21.595832824707,157.284606933594,690,15,4.92353820800781
"Stenocereus treleasei",-96.439801,16.955426,"Balsas Basin province",20.6166667938232,131.414215087891,658,13,2.86347961425781
"Stenocereus treleasei",-96.876205,17.245875,"Balsas Basin province",21.375,159.024017333984,728,18,4.46261596679688
"Opuntia decumbens",-96.061041,15.782327,"Pacific Lowlands province",27.2250003814697,94.8803176879883,1140,12,6.12998819351196
"Opuntia decumbens",-96.125411,15.776012,"Pacific Lowlands province",27.216667175293,91.5356979370117,1201,16,1.71338796615601
"Opuntia karwinskiana",-96.124993,15.770354,"Pacific Lowlands province",27.2625007629395,93.7628479003906,1165,15,3.81960558891296
"Opuntia auberi",-96.124977,15.770162,"Pacific Lowlands province",27.2625007629395,93.7628479003906,1165,15,3.81960558891296
"Melocactus curvispinus",-96.154861,15.728,"Pacific Lowlands province",27.0166664123535,98.4962768554688,1144,14,5.14584636688232
"Pereskia lychnidiflora",-96.188889,15.713889,"Pacific Lowlands province",27.0541667938232,96.9174499511719,1123,15,2.69954586029053
"Opuntia decumbens",-96.169444,15.752778,"Pacific Lowlands province",27.0583324432373,96.6914749145508,1167,15,2.19060611724854
"Rhipsalis baccifera",-96.683333,18.033333,"Sierra Madre del Sur province",23.8166675567627,247.71989440918,2758,185,12.3585510253906
"Pereskiopsis kellermanii",-96.141667,15.744444,"Pacific Lowlands province",26.970832824707,97.1516571044922,1178,15,3.01212596893311
"Pereskiopsis kellermanii",-96.305555,15.697222,"Pacific Lowlands province",26.8916664123535,97.1604690551758,1033,16,4.33676815032959
"Rhipsalis baccifera",-96.103889,17.925556,"Veracruzan province",25.0249996185303,232.295883178711,3034,184,12.434268951416
"Pilosocereus collinsii",-96.063889,15.791667,"Pacific Lowlands province",27.1416664123535,91.2746429443359,1191,15,3.2266960144043
"Opuntia auberi",-96.733047,16.617547,"Balsas Basin province",21.7875003814697,117.72705078125,722,14,0.581283569335938
"Aporocactus martianus",-96.714444,17.156667,"Sierra Madre del Sur province",14.658332824707,124.641906738281,837,24,16.8186950683594
"Opuntia decumbens",-95.967805,16.428583,"Pacific Lowlands province",23.591667175293,117.779312133789,649,6,1.96589660644531
"Mammillaria albilanata",-97.9622,17.65678,"Sierra Madre del Sur province",21.4208335876465,158.522399902344,684,15,9.37142944335938
"Opuntia decumbens",-95.466111,16.541556,"Pacific Lowlands province",27.1166667938232,134.778137207031,675,4,1.20909881591797
"Pereskia lychnidiflora",-96.122128,15.768958,"Pacific Lowlands province",27.2625007629395,93.7628479003906,1165,15,7.8638391494751
"Pilosocereus leucocephalus",-96.122278,15.770177,"Pacific Lowlands province",27.2625007629395,93.7628479003906,1165,15,7.18834114074707
"Opuntia decumbens",-96.14481,15.754801,"Pacific Lowlands province",27.0208339691162,94.591438293457,1197,16,6.98532581329346
"Pilosocereus leucocephalus",-96.144021,15.761624,"Pacific Lowlands province",27.0750007629395,93.5292587280273,1210,17,4.88764715194702
"Neobuxbaumia tetetzo",-96.132639,15.777333,"Pacific Lowlands province",27.216667175293,91.5356979370117,1201,16,7.73698997497559
"Neobuxbaumia tetetzo",-96.144756,15.755885,"Pacific Lowlands province",27.0208339691162,94.591438293457,1197,16,6.53026485443115
"Pereskiopsis diguetii",-96.1444,15.75528,"Pacific Lowlands province",27.0208339691162,94.591438293457,1197,16,5.15603303909302
"Neobuxbaumia tetetzo",-96.162345,15.72031,"Pacific Lowlands province",27.0791664123535,99.2576599121094,1110,14,15.3036499023438
"Stenocereus pruinosus",-97.748316,18.162451,"Balsas Basin province",21.4375,176.662551879883,460,16,3.26280212402344
"Stenocereus pruinosus",-94.915658,16.479337,"Pacific Lowlands province",27.1833343505859,155.129440307617,1010,12,0.978036880493164
"Stenocereus pruinosus",-96.305765,16.670507,"Pacific Lowlands province",24.0041656494141,138.423873901367,845,15,0.908355712890625
"Ferocactus recurvus",-98.047481,17.546846,"Balsas Basin province",21.2625007629395,160.342300415039,731,16,8.65135192871094
"Pereskia lychnidiflora",-96.159302,15.73489,"Pacific Lowlands province",27.0083332061768,97.7667465209961,1159,15,3.01638054847717
"Stenocereus pruinosus",-97.799721,18.076876,"Balsas Basin province",21.7333335876465,178.64811706543,480,17,5.37319946289062
"Neobuxbaumia tetetzo",-96.127968,15.738524,"Pacific Lowlands province",27.0458335876465,99.8284683227539,1131,13,7.76106309890747
"Opuntia decumbens",-96.144169,15.761194,"Pacific Lowlands province",27.0750007629395,93.5292587280273,1210,17,4.75854730606079
"Pachycereus pecten-aboriginum",-96.14457,15.755287,"Pacific Lowlands province",27.0208339691162,94.591438293457,1197,16,5.15603303909302
"Pereskia lychnidiflora",-96.058516,15.785362,"Pacific Lowlands province",27.154167175293,90.9409866333008,1175,14,2.98779058456421
"Opuntia karwinskiana",-96.125052,15.768739,"Pacific Lowlands province",27.2291660308838,96.2585830688477,1181,17,4.5097975730896
"Acanthocereus tetragonus",-96.059012,15.784881,"Pacific Lowlands province",27.154167175293,90.9409866333008,1175,14,2.43966293334961
"Opuntia karwinskiana",-96.127154,15.778668,"Pacific Lowlands province",27.216667175293,91.5356979370117,1201,16,3.47335338592529
"Pachycereus weberi",-96.982554,17.900291,"Balsas Basin province",25.470832824707,249.540130615234,613,19,1.84560394287109
"Ferocactus recurvus",-98.042629,17.55412,"Balsas Basin province",21.5125007629395,159.161499023438,736,15,6.96427917480469
"Opuntia karwinskiana",-96.14478,15.75603,"Pacific Lowlands province",27.0208339691162,94.591438293457,1197,16,6.53026485443115
"Coryphantha pallida",-98.042082,17.552005,"Balsas Basin province",21.5125007629395,159.161499023438,736,15,4.2481689453125
"Myrtillocactus schenckii",-96.466872,16.877047,"Balsas Basin province",18.3083343505859,135.677322387695,631,12,6.14022827148438
"Pachycereus pecten-aboriginum",-96.320342,16.693647,"Sierra Madre del Sur province",23.6749992370605,135.571197509766,854,16,1.79759216308594
"Opuntia decumbens",-98.045766,17.637723,"Balsas Basin province",22.8624992370605,152.391906738281,764,18,14.0255737304688
"Mammillaria albilanata",-97.812778,17.838889,"Balsas Basin province",20.2124996185303,180.719848632812,656,19,6.96717834472656
"Pereskia lychnidiflora",-96.145918,15.784511,"Pacific Lowlands province",27.2291660308838,92.0587463378906,1224,17,6.95629930496216
"Pachycereus pecten-aboriginum",-94.832474,16.59392,"Pacific Lowlands province",26.3125,175.371383666992,1051,18,0.224426746368408
"Pilosocereus collinsii",-96.159335,15.727943,"Pacific Lowlands province",27.0625,99.2271423339844,1122,14,4.672935962677
"Pereskiopsis rotundifolia",-96.07338,15.779845,"Pacific Lowlands province",27.25,93.3225173950195,1146,12,0.798899292945862
"Marginatocereus marginatus",-96.747226,16.94974,"Balsas Basin province",21.654167175293,151.844100952148,677,11,0.904876708984375
"Opuntia depressa",-97.028889,17.805833,"Balsas Basin province",24.4500007629395,229.416275024414,979,46,4.42013549804688
"Acanthocereus tetragonus",-96.071939,15.77929,"Pacific Lowlands province",27.25,93.3225173950195,1146,12,0.577969908714294
"Ferocactus recurvus",-98.04642,17.636334,"Balsas Basin province",22.8624992370605,152.391906738281,764,18,15.8681182861328
"Pereskiopsis kellermanii",-95.72583,15.97306,"Pacific Lowlands province",27.716667175293,73.2782135009766,958,9,9.19923686981201
"Opuntia auberi",-95.71556,15.96194,"Pacific Lowlands province",27.7000007629395,71.1272659301758,954,10,10.3185873031616
"Pilosocereus collinsii",-96.14167,15.75167,"Pacific Lowlands province",27.0208339691162,94.591438293457,1197,16,6.6240816116333
"Pereskia lychnidiflora",-95.95306,15.83583,"Pacific Lowlands province",27.2124996185303,90.4565658569336,1117,12,2.14912843704224
"Escontria chiotilla",-96.982797,17.900325,"Balsas Basin province",25.470832824707,249.540130615234,613,19,1.84560394287109
"Mammillaria polyedra",-98.046284,17.637654,"Balsas Basin province",22.8624992370605,152.391906738281,764,18,13.7037200927734
"Escontria chiotilla",-98.04266,17.551314,"Balsas Basin province",21.5125007629395,159.161499023438,736,15,3.52659606933594
"Escontria chiotilla",-96.890941,17.799036,"Sierra Madre del Sur province",16.3125,182.633819580078,829,28,6.02117919921875
"Escontria chiotilla",-96.912919,17.635536,"Balsas Basin province",24.7916660308838,233.314407348633,658,24,3.48831176757812
"Mammillaria mystax",-97.811361,17.536538,"Sierra Madre del Sur province",18.6333332061768,164.514892578125,725,17,7.23074340820312
"Marginatocereus marginatus",-98.041875,17.951406,"Balsas Basin province",22.3374996185303,155.784301757812,647,17,7.00093078613281
"Opuntia auberi",-95.013473,16.33423,"Pacific Lowlands province",27.3125,137.0654296875,971,8,1.03038644790649
"Opuntia karwinskiana",-96.516172,17.062567,"Sierra Madre del Sur province",18.1749992370605,141.83056640625,743,19,7.53346252441406
"Neobuxbaumia tetetzo",-96.119736,15.765767,"Pacific Lowlands province",27.25,95.6793594360352,1150,15,1.32179951667786
"Ferocactus recurvus",-98.02605,17.602138,"Balsas Basin province",22.3833332061768,150.805908203125,745,16,10.1622161865234
"Opuntia pilifera",-96.50985,17.013589,"Balsas Basin province",20.7000007629395,137.179382324219,659,11,0.949966430664062
"Ferocactus recurvus",-96.613971,16.957649,"Balsas Basin province",20.8875007629395,146.847564697266,623,9,0.541549682617188
"Pachycereus pecten-aboriginum",-95.299722,16.330505,"Pacific Lowlands province",27.9624996185303,111.030799865723,810,7,2.15521907806396
"Myrtillocactus schenckii",-95.932572,16.430668,"Pacific Lowlands province",24.1708335876465,109.491775512695,629,7,5.41179656982422
"Opuntia decumbens",-96.20003,15.77351,"Pacific Lowlands province",27.0083332061768,95.1513824462891,1226,17,2.18625354766846
"Neobuxbaumia scoparia",-95.007816,16.666466,"Pacific Lowlands province",25.7875003814697,171.955657958984,1008,20,6.86671447753906
"Pachycereus weberi",-97.968951,17.481187,"Sierra Madre del Sur province",21.6833343505859,165.382965087891,829,20,5.32756042480469
"Mammillaria albilanata",-98.017745,17.643565,"Balsas Basin province",22.8333339691162,156.224411010742,755,17,7.77719116210938
"Pilosocereus collinsii",-96.113441,15.76777,"Pacific Lowlands province",27.2291660308838,91.3897323608398,1189,15,6.09666585922241
"Opuntia velutina",-98.043024,17.948389,"Balsas Basin province",22.8208332061768,161.758193969727,629,15,3.28810119628906
"Opuntia decumbens",-94.870697,16.582768,"Pacific Lowlands province",26.4291667938232,172.422027587891,1035,13,1.09109401702881
"Mammillaria mystax",-98.042263,17.955617,"Balsas Basin province",22.3374996185303,155.784301757812,647,17,5.14340209960938
"Stenocereus stellatus",-98.043016,17.947228,"Balsas Basin province",22.8208332061768,161.758193969727,629,15,8.25746154785156
"Mammillaria albilanata",-98.04599,17.636128,"Balsas Basin province",22.8624992370605,152.391906738281,764,18,12.3859252929688
"Opuntia velutina",-98.041136,17.639965,"Balsas Basin province",23.220832824707,159.109146118164,781,17,7.11712646484375
"Mammillaria albilanata",-98.041745,17.949431,"Balsas Basin province",22.8208332061768,161.758193969727,629,15,7.65419006347656
"Opuntia decumbens",-98.042263,17.948681,"Balsas Basin province",22.8208332061768,161.758193969727,629,15,7.98588562011719
"Opuntia tomentosa",-98.025209,17.602446,"Balsas Basin province",22.3833332061768,150.805908203125,745,16,24.7317504882812
"Opuntia pilifera",-97.045231,17.47964,"Balsas Basin province",21.1333332061768,199.377822875977,785,21,5.32203674316406
"Pilosocereus collinsii",-94.719977,16.538119,"Pacific Lowlands province",27.375,153.260040283203,1055,18,0.26581335067749
"Pereskia lychnidiflora",-95.009013,16.333725,"Pacific Lowlands province",27.3125,137.0654296875,971,8,0.648193538188934
"Mammillaria polyedra",-98.015122,17.64243,"Balsas Basin province",22.783332824707,157.773345947266,751,17,8.94253540039062
"Pilosocereus collinsii",-96.166713,15.72311,"Pacific Lowlands province",27.0208339691162,97.4086685180664,1148,15,10.2217855453491
"Pachycereus weberi",-96.972347,17.896505,"Balsas Basin province",25.125,248.490859985352,701,25,1.18308258056641
"Disocactus speciosus",-96.47802,16.0852,"Sierra Madre del Sur province",16.7416667938232,86.4668350219727,1247,31,8.63052368164062
"Coryphantha elephantidens",-97.8903,17.712683,"Balsas Basin province",20.8999996185303,178.847320556641,677,18,16.1924743652344
"Epiphyllum oxypetalum",-96.676617,16.795583,"Balsas Basin province",21.6416664123535,130.955123901367,807,13,0.547470092773438
"Opuntia pubescens",-97.763611,17.801111,"Balsas Basin province",21.591667175293,188.400360107422,636,19,2.09249877929688
"Opuntia lasiacantha",-98.036027,17.942021,"Balsas Basin province",22.7333335876465,163.266815185547,625,16,5.32795715332031
"Disocactus speciosus",-97.066591,16.529858,"Sierra Madre del Sur province",16.8875007629395,109.795776367188,969,24,6.73886108398438
"Pilosocereus chrysacanthus",-98.033415,17.969802,"Balsas Basin province",21.2458324432373,152.202880859375,707,18,7.58468627929688
"Pilosocereus collinsii",-96.198652,15.778672,"Pacific Lowlands province",26.9958324432373,93.7709426879883,1248,16,2.21015071868896
"Stenocereus pruinosus",-98.044444,17.953889,"Balsas Basin province",22.3374996185303,155.784301757812,647,17,5.98811340332031
"Stenocereus pruinosus",-96.964687,17.900877,"Balsas Basin province",24.7583332061768,247.20100402832,854,35,4.21426391601562
"Opuntia decumbens",-95.530119,16.092922,"Pacific Lowlands province",26.6916675567627,94.9122314453125,784,6,10.926700592041
"Pilosocereus collinsii",-96.060623,15.783007,"Pacific Lowlands province",27.2250003814697,94.8803176879883,1140,12,6.57712554931641
"Pereskiopsis rotundifolia",-96.287614,15.692299,"Pacific Lowlands province",26.9166660308838,96.3972015380859,1036,15,1.70726990699768
"Mammillaria rekoi",-96.264091,16.787701,"Sierra Madre del Sur province",18.9375,115.268951416016,648,8,6.91543579101562
"Acanthocereus tetragonus",-96.286039,15.686254,"Pacific Lowlands province",26.9333324432373,98.0800552368164,1027,15,8.30787181854248
"Opuntia decumbens",-96.127308,15.740368,"Pacific Lowlands province",27.0458335876465,99.8284683227539,1131,13,8.652268409729
"Pereskiopsis rotundifolia",-96.288001,15.691342,"Pacific Lowlands province",26.9333324432373,98.0800552368164,1027,15,0.329228639602661
"Mammillaria albilanata",-96.90965,17.053715,"Sierra Madre del Sur province",17.9208335876465,138.358200073242,708,20,11.2886199951172
"Opuntia decumbens",-96.059357,15.785147,"Pacific Lowlands province",27.154167175293,90.9409866333008,1175,14,2.96985578536987
"Pilosocereus collinsii",-96.060334,15.783538,"Pacific Lowlands province",27.154167175293,90.9409866333008,1175,14,2.88930201530457
"Opuntia auberi",-96.166552,17.951438,"Veracruzan province",25.6666660308838,239.291885375977,3069,179,16.6969509124756
"Pilosocereus collinsii",-96.14756,15.772289,"Pacific Lowlands province",27.1333332061768,94.6844787597656,1199,17,5.52702236175537
"Stenocereus stellatus",-98.027017,17.508263,"Balsas Basin province",19.6041660308838,144.292282104492,855,20,5.08746337890625
"Coryphantha pallida",-97.457553,17.80722,"Sierra Madre del Sur province",16.3083324432373,171.713745117188,567,18,2.97674560546875
"Marginatocereus marginatus",-96.508423,16.213135,"Sierra Madre del Sur province",18.0166664123535,105.901611328125,1005,36,4.9718017578125
"Pilosocereus collinsii",-96.203367,15.71231,"Pacific Lowlands province",27.0458335876465,98.8676452636719,1100,16,1.72806596755981
"Ferocactus recurvus",-97.040364,17.860454,"Balsas Basin province",25.4541664123535,240.50569152832,624,21,4.78726196289062
"Pereskiopsis rotundifolia",-96.810855,17.050491,"Balsas Basin province",21.375,152.784744262695,668,14,1.837890625
"Opuntia streptacantha",-96.677597,16.946883,"Balsas Basin province",21.091667175293,147.768753051758,618,10,1.96607971191406
"Epiphyllum hookeri",-95.599609,17.296775,"Veracruzan province",24.5833339691162,198.314895629883,2471,108,1.08373260498047
"Mammillaria carnea",-96.914991,17.648544,"Balsas Basin province",24.9291667938232,237.328491210938,564,18,4.38713073730469
"Opuntia tomentosa",-96.898915,17.160118,"Balsas Basin province",21.0458335876465,153.999084472656,705,16,2.75234985351562
"Stenocereus treleasei",-96.898571,17.160447,"Balsas Basin province",21.0458335876465,153.999084472656,705,16,2.31443786621094
"Acanthocereus tetragonus",-96.193148,15.76436,"Pacific Lowlands province",27.0208339691162,96.1404876708984,1206,18,1.82274723052979
"Acanthocereus tetragonus",-96.187524,15.781026,"Pacific Lowlands province",26.9791660308838,95.0468292236328,1257,17,2.52647590637207
"Mammillaria polyedra",-96.863704,17.874268,"Sierra Madre del Sur province",19.8916664123535,233.849533081055,1715,73,7.43099975585938
"Pereskia lychnidiflora",-96.190162,15.78169,"Pacific Lowlands province",26.9791660308838,95.0468292236328,1257,17,2.02779960632324
"Opuntia decumbens",-96.191135,15.780566,"Pacific Lowlands province",26.9791660308838,95.0468292236328,1257,17,3.32730865478516
"Myrtillocactus geometrizans",-97.662639,18.2534,"Balsas Basin province",19.720832824707,187.658508300781,503,13,1.72689819335938
"Opuntia tomentosa",-96.5945,17.075528,"Sierra Madre del Sur province",19.4583339691162,140.321594238281,690,19,6.13479614257812
"Cephalocereus apicicephalium",-95.292501,16.442891,"Pacific Lowlands province",26.529167175293,131.052688598633,702,2,1.92679595947266
"Opuntia decumbens",-97.072092,18.052536,"Balsas Basin province",24.9458332061768,234.137268066406,846,36,4.89808654785156
"Pachycereus weberi",-96.9265,17.836696,"Sierra Madre del Sur province",23.5499992370605,241.237319946289,1349,74,9.04167175292969
"Escontria chiotilla",-96.322775,16.584764,"Pacific Lowlands province",23.2708339691162,126.553245544434,772,11,4.6968994140625
"Ferocactus recurvus",-96.323802,16.570386,"Pacific Lowlands province",22.841667175293,117.392776489258,695,11,14.729736328125
"Disocactus speciosus",-97.208515,16.819534,"Sierra Madre del Sur province",17.5208339691162,137.749084472656,953,26,10.42724609375
"Ferocactus recurvus",-96.334784,16.571909,"Pacific Lowlands province",23.3916664123535,128.555465698242,790,12,9.36976623535156
"Acanthocereus tetragonus",-96.370027,16.563113,"Sierra Madre del Sur province",23.2333335876465,116.683990478516,749,11,12.2711486816406
"Mammillaria rekoi",-96.362517,16.583059,"Sierra Madre del Sur province",23.3583335876465,124.020401000977,787,11,13.2574157714844
"Marginatocereus marginatus",-97.316381,17.706031,"Sierra Madre del Sur province",16.3624992370605,174.044494628906,519,12,2.35284423828125
"Opuntia karwinskiana",-96.168358,15.756346,"Pacific Lowlands province",27.0583324432373,96.6914749145508,1167,15,2.04703378677368
"Opuntia pubescens",-97.147581,17.330191,"Sierra Madre del Sur province",16.7666664123535,137.135192871094,663,13,5.344482421875
"Mammillaria rekoi",-96.357168,16.585226,"Sierra Madre del Sur province",22.9208335876465,115.610206604004,705,10,15.4806976318359
"Mammillaria haageana",-97.319549,17.707729,"Sierra Madre del Sur province",16.7916660308838,178.616302490234,525,13,0.78143310546875
"Mammillaria albilanata",-96.338711,16.561306,"Pacific Lowlands province",23.3708324432373,126.786476135254,790,12,8.98457336425781
"Mammillaria flavicentra",-96.887898,17.886373,"Sierra Madre del Sur province",19.220832824707,215.390335083008,1497,56,9.34915161132812
"Mammillaria karwinskiana",-96.350054,16.599558,"Sierra Madre del Sur province",22.6000003814697,108.878570556641,616,9,8.45927429199219
"Escontria chiotilla",-96.363702,16.577624,"Sierra Madre del Sur province",23.3583335876465,124.020401000977,787,11,10.7474975585938
"Opuntia huajuapensis",-97.453468,17.804176,"Sierra Madre del Sur province",16.3083324432373,171.713745117188,567,18,2.8419189453125
"Pilosocereus chrysacanthus",-96.336865,16.571458,"Pacific Lowlands province",23.3916664123535,128.555465698242,790,12,8.93348693847656
"Neobuxbaumia tetetzo",-96.338171,16.575386,"Pacific Lowlands province",23.6499996185303,136.831008911133,806,11,7.86380004882812
"Pilosocereus chrysacanthus",-96.340972,16.55203,"Pacific Lowlands province",23.4583339691162,128.890930175781,800,11,12.4515686035156
"Opuntia decumbens",-96.357399,16.592892,"Sierra Madre del Sur province",22.6000003814697,108.878570556641,616,9,11.2340698242188
"Opuntia pubescens",-96.794074,16.597246,"Balsas Basin province",22.154167175293,122.129936218262,867,16,1.701416015625
"Opuntia karwinskiana",-96.414902,15.933122,"Sierra Madre del Sur province",21.6625003814697,54.3609466552734,2268,77,8.91571044921875
"Coryphantha elephantidens",-96.331691,16.579887,"Pacific Lowlands province",23.466667175293,132.121383666992,798,11,9.73898315429688
"Acanthocereus tetragonus",-96.337363,16.545653,"Sierra Madre del Sur province",23.3874988555908,127.531181335449,797,11,4.72601318359375
"Ferocactus recurvus",-96.717494,17.103897,"Balsas Basin province",20.8500003814697,149.514373779297,659,17,1.57121276855469
"Coryphantha elephantidens",-96.869459,17.263218,"Balsas Basin province",21.1041660308838,159.380310058594,733,18,7.83599853515625
"Acanthocereus tetragonus",-96.358079,16.582879,"Sierra Madre del Sur province",23.345832824707,125.253532409668,787,11,13.5189666748047
"Opuntia decumbens",-96.355934,16.581687,"Sierra Madre del Sur province",23.345832824707,125.253532409668,787,11,8.72427368164062
"Myrtillocactus geometrizans",-96.329831,16.591069,"Sierra Madre del Sur province",23.5833339691162,136.17057800293,806,10,3.96553802490234
"Mammillaria rekoi",-96.355271,16.581956,"Sierra Madre del Sur province",23.345832824707,125.253532409668,787,11,3.46298217773438
"Mammillaria albilanata",-96.350351,16.535162,"Sierra Madre del Sur province",22.5874996185303,103.663032531738,538,8,11.4284057617188
"Opuntia huajuapensis",-97.954256,17.870914,"Balsas Basin province",21.1625003814697,167.428756713867,683,18,2.59858703613281
"Neobuxbaumia tetetzo",-96.330487,16.587508,"Pacific Lowlands province",23.5833339691162,136.17057800293,806,10,3.96942138671875
"Pachycereus pecten-aboriginum",-96.364976,16.585936,"Sierra Madre del Sur province",23.1958332061768,123.5361328125,767,11,8.88505554199219
"Acanthocereus tetragonus",-96.344511,16.566026,"Pacific Lowlands province",23.5750007629395,130.862503051758,805,11,8.06488037109375
"Pilosocereus chrysacanthus",-96.3652,16.579502,"Sierra Madre del Sur province",23.3583335876465,124.020401000977,787,11,11.9612884521484
"Stenocereus treleasei",-96.348491,16.568947,"Pacific Lowlands province",23.595832824707,133.628707885742,805,10,9.14646911621094
"Stenocereus treleasei",-96.365163,16.581955,"Sierra Madre del Sur province",23.3583335876465,124.020401000977,787,11,11.53759765625
"Stenocereus pruinosus",-96.362308,16.574662,"Sierra Madre del Sur province",23.5166664123535,124.887817382812,803,11,14.0240020751953
"Opuntia huajuapensis",-97.316268,17.708457,"Sierra Madre del Sur province",16.408332824707,173.150390625,518,12,3.65817260742188
"Pereskiopsis rotundifolia",-96.362901,16.550334,"Sierra Madre del Sur province",23.7083339691162,128.39631652832,810,12,14.5503082275391
"Marginatocereus marginatus",-96.365402,16.583793,"Sierra Madre del Sur province",23.1958332061768,123.5361328125,767,11,15.0723266601562
"Escontria chiotilla",-96.364209,16.585192,"Sierra Madre del Sur province",23.1958332061768,123.5361328125,767,11,11.6634063720703
"Pachycereus pecten-aboriginum",-96.071732,15.78056,"Pacific Lowlands province",27.25,93.3225173950195,1146,12,2.01389098167419
"Stenocereus pruinosus",-96.356845,16.578746,"Sierra Madre del Sur province",23.345832824707,125.253532409668,787,11,11.5449066162109
"Pachycereus pecten-aboriginum",-96.35961,16.594012,"Sierra Madre del Sur province",22.8166656494141,114.719680786133,690,10,6.90895080566406
"Mammillaria karwinskiana",-96.241182,17.221912,"Sierra Madre del Sur province",19.8791675567627,183.779251098633,1881,127,4.62472534179688
"Mammillaria albilanata",-97.320934,17.725252,"Sierra Madre del Sur province",16.595832824707,174.97346496582,517,14,3.30007934570312
"Pachycereus pecten-aboriginum",-95.370308,16.024567,"Pacific Lowlands province",27.8125,95.8010101318359,894,6,8.47737789154053
"Mammillaria haageana",-97.319904,17.724639,"Sierra Madre del Sur province",16.8875007629395,180.026840209961,520,13,3.749267578125
"Pachycereus pecten-aboriginum",-95.377075,16.0358,"Pacific Lowlands province",27.8041667938232,93.8194046020508,867,4,7.09607839584351
"Mammillaria haageana",-97.256457,17.691261,"Sierra Madre del Sur province",13.0333337783813,145.185348510742,713,19,4.02337646484375
"Mammillaria carnea",-96.921688,17.723519,"Balsas Basin province",24.6916675567627,244.120239257812,591,21,11.8315734863281
"Pachycereus pecten-aboriginum",-96.2172,16.679297,"Sierra Madre del Sur province",23.1291675567627,119.038932800293,810,14,9.96681213378906
"Coryphantha pallida",-97.320591,17.720346,"Sierra Madre del Sur province",16.8875007629395,180.026840209961,520,13,3.06591796875
"Mammillaria haageana",-97.322479,17.727868,"Sierra Madre del Sur province",16.595832824707,174.97346496582,517,14,3.50204467773438
"Mammillaria albilanata",-97.942945,17.687084,"Sierra Madre del Sur province",22.345832824707,172.540618896484,707,19,16.6155090332031
"Ferocactus recurvus",-97.421255,17.964886,"Sierra Madre del Sur province",16.8500003814697,173.27067565918,553,17,3.3214111328125
"Coryphantha pallida",-97.470403,18.004478,"Sierra Madre del Sur province",20.5541667938232,212.928283691406,515,22,7.90934753417969
"Myrtillocactus geometrizans",-96.938158,17.713861,"Balsas Basin province",25.1458339691162,243.650817871094,540,17,5.31157684326172
"Pachycereus weberi",-96.937986,17.713207,"Balsas Basin province",25.1458339691162,243.650817871094,540,17,5.10150146484375
"Stenocereus pruinosus",-96.170303,16.686133,"Pacific Lowlands province",24.2708339691162,137.765579223633,809,16,8.20058441162109
"Opuntia pubescens",-97.951928,17.861236,"Balsas Basin province",20.8833332061768,165.327941894531,706,18,2.81753540039062
"Pilosocereus chrysacanthus",-96.939188,17.714188,"Balsas Basin province",25.1458339691162,243.650817871094,540,17,7.91964721679688
"Stenocereus treleasei",-96.627639,16.796134,"Balsas Basin province",21.2625007629395,122.458251953125,696,12,2.99594116210938
"Mammillaria supertexta",-97.192426,17.852772,"Sierra Madre del Sur province",19.3583335876465,222.872100830078,596,23,2.38166809082031
"Opuntia pubescens",-96.170295,16.686108,"Pacific Lowlands province",24.2708339691162,137.765579223633,809,16,8.20058441162109
"Opuntia huajuapensis",-97.321106,17.724434,"Sierra Madre del Sur province",16.8875007629395,180.026840209961,520,13,2.94305419921875
"Epiphyllum anguliger",-97.831118,17.070586,"Sierra Madre del Sur province",20.7458324432373,137.037780761719,1461,36,6.18611145019531
"Opuntia pubescens",-96.328462,16.597709,"Sierra Madre del Sur province",23.6708335876465,136.239395141602,804,10,3.29489135742188
"Pereskia lychnidiflora",-95.98492,15.813888,"Pacific Lowlands province",27.2875003814697,89.6996307373047,1127,12,7.4825439453125
"Acanthocereus tetragonus",-97.104717,15.871403,"Pacific Lowlands province",26.8041667938232,83.5969390869141,940,9,1.90617275238037
"Pachycereus weberi",-98.111667,17.776667,"Balsas Basin province",23.8166675567627,173.183212280273,727,11,5.22598266601562
"Mammillaria dixanthocentron",-96.96725,17.87125,"Balsas Basin province",25.125,244.386993408203,734,28,12.3362426757812
"Disocactus speciosus",-98.05,17.21667,"Sierra Madre del Sur province",16.154167175293,121.252151489258,1078,30,14.6615600585938
"Opuntia velutina",-97.740415,17.74826,"Balsas Basin province",20.8833332061768,175.192504882812,621,11,2.08564758300781
"Pereskiopsis rotundifolia",-96.205938,15.76089,"Pacific Lowlands province",27.0208339691162,96.1404876708984,1213,18,1.40864086151123
"Acanthocereus tetragonus",-96.359217,16.928476,"Balsas Basin province",20.0750007629395,131.018753051758,693,12,1.25064086914062
"Opuntia karwinskiana",-96.202799,15.760989,"Pacific Lowlands province",27.0208339691162,96.1404876708984,1213,18,0.828428268432617
"Mammillaria rekoi",-96.305535,16.950008,"Sierra Madre del Sur province",17.6749992370605,125.254264831543,777,14,3.22674560546875
"Epiphyllum oxypetalum",-96.616886,16.779496,"Balsas Basin province",21.4375,123.677093505859,703,11,0.942733764648438
"Mammillaria polyedra",-98.054061,17.680657,"Balsas Basin province",21.904167175293,145.546890258789,749,17,11.1516265869141
"Mammillaria karwinskiana",-96.56098,16.975159,"Balsas Basin province",21.3708343505859,144.024276733398,645,10,3.484375
"Pereskia lychnidiflora",-96.19248,15.77098,"Pacific Lowlands province",27.0083332061768,95.675422668457,1225,17,4.041184425354
"Opuntia decumbens",-96.069056,15.818696,"Pacific Lowlands province",27.2583332061768,89.0820236206055,1195,15,9.00175857543945
"Acanthocereus tetragonus",-96.464657,15.828089,"Pacific Lowlands province",25.75,88.7795791625977,1113,17,3.17060470581055
"Mammillaria karwinskiana",-96.658941,17.121574,"Sierra Madre del Sur province",17.5874996185303,142.846466064453,740,21,15.8736877441406
"Pachycereus pecten-aboriginum",-96.157957,15.732906,"Pacific Lowlands province",27.0166664123535,98.4962768554688,1144,14,5.44750595092773
"Mammillaria karwinskiana",-96.683881,16.996066,"Balsas Basin province",19.6000003814697,134.991577148438,649,14,6.611328125
"Pachycereus pecten-aboriginum",-96.502525,15.66834,"Pacific Lowlands province",25.9958324432373,96.1641159057617,878,17,3.05727910995483
"Mammillaria albilanata",-96.63147,16.290555,"Sierra Madre del Sur province",19.404167175293,122.390182495117,731,27,15.5325164794922
"Neobuxbaumia scoparia",-95.2167,16.581842,"Pacific Lowlands province",26.6000003814697,146.256317138672,670,5,10.2708721160889
"Pilosocereus collinsii",-95.216616,16.582073,"Pacific Lowlands province",26.7458324432373,146.185699462891,717,5,9.643310546875
"Pachycereus pecten-aboriginum",-95.216578,16.581913,"Pacific Lowlands province",26.7458324432373,146.185699462891,717,5,10.2708721160889
"Epiphyllum oxypetalum",-96.616069,16.77877,"Balsas Basin province",21.341667175293,124.678382873535,690,11,1.63352966308594
"Mammillaria albilanata",-96.806959,17.08768,"Balsas Basin province",21.654167175293,154.102355957031,669,15,2.95034790039062
"Mammillaria rekoi",-96.407651,16.996627,"Balsas Basin province",17.3708324432373,124.342964172363,755,15,9.2589111328125
"Mammillaria albilanata",-97.580435,16.845628,"Sierra Madre del Sur province",18.8583335876465,111.086227416992,1203,29,10.2322235107422
"Mammillaria rekoi",-96.408838,16.996367,"Balsas Basin province",18.5499992370605,127.635856628418,741,15,5.91354370117188
"Mammillaria karwinskiana",-96.400673,16.995038,"Balsas Basin province",17.3708324432373,124.342964172363,755,15,1.79263305664062
"Pachycereus pecten-aboriginum",-96.165779,15.755838,"Pacific Lowlands province",27.0416660308838,96.6444549560547,1170,15,1.37703585624695
"Pachycereus pecten-aboriginum",-96.153557,15.75541,"Pacific Lowlands province",27.0249996185303,96.2832107543945,1195,16,3.42650032043457
"Escontria chiotilla",-96.969,17.723,"Balsas Basin province",25.283332824707,240.580108642578,542,16,10.333366394043
"Mammillaria karwinskiana",-96.644724,16.290396,"Sierra Madre del Sur province",18.8624992370605,122.216728210449,807,31,3.22903442382812
"Mammillaria karwinskiana",-96.658002,16.290254,"Sierra Madre del Sur province",18.9416675567627,122.712394714355,781,31,13.4694976806641
"Mammillaria albilanata",-96.652127,16.267007,"Sierra Madre del Sur province",17.6791667938232,119.819145202637,979,36,8.38417053222656
"Mammillaria albilanata",-96.646242,16.298342,"Sierra Madre del Sur province",18.966667175293,121.231056213379,805,30,2.63368225097656
"Opuntia decumbens",-96.114433,15.767012,"Pacific Lowlands province",27.2291660308838,91.3897323608398,1189,15,1.98339796066284
"Pilosocereus collinsii",-96.160044,15.755615,"Pacific Lowlands province",27.0416660308838,96.6444549560547,1170,15,2.0051155090332
"Mammillaria karwinskiana",-96.670313,16.281288,"Sierra Madre del Sur province",18.341667175293,123.322082519531,860,33,7.554443359375
"Pilosocereus collinsii",-96.164246,15.724764,"Pacific Lowlands province",27.0791664123535,99.2576599121094,1110,14,1.32895541191101
"Mammillaria karwinskiana",-96.660722,16.285495,"Sierra Madre del Sur province",18.7875003814697,124.82942199707,803,31,9.43569946289062
"Mammillaria karwinskiana",-96.632603,16.300923,"Sierra Madre del Sur province",19.5541667938232,118.061210632324,739,27,11.9012603759766
"Opuntia karwinskiana",-96.196442,15.70953,"Pacific Lowlands province",27.0375003814697,97.40087890625,1123,15,3.14527654647827
"Opuntia decumbens",-96.196686,15.710631,"Pacific Lowlands province",27.0375003814697,97.40087890625,1123,15,4.15478372573853
"Mammillaria albilanata",-96.625897,16.310215,"Sierra Madre del Sur province",20.1749992370605,121.440223693848,638,22,7.12599182128906
"Mammillaria albilanata",-96.635844,16.322395,"Sierra Madre del Sur province",20.2666664123535,121.1748046875,628,19,2.03007507324219
"Opuntia decumbens",-94.986814,16.739698,"Pacific Lowlands province",25.533332824707,182.723526000977,1240,50,12.4785614013672
"Mammillaria karwinskiana",-96.643324,16.291742,"Sierra Madre del Sur province",18.966667175293,121.231056213379,805,30,4.62257385253906
"Myrtillocactus geometrizans",-96.646957,16.305863,"Sierra Madre del Sur province",19.408332824707,121.596084594727,736,27,6.66127014160156
"Mammillaria karwinskiana",-96.635617,16.293534,"Sierra Madre del Sur province",19.3374996185303,121.582832336426,743,28,5.40126037597656
"Pereskiopsis rotundifolia",-96.196847,15.708844,"Pacific Lowlands province",27.0375003814697,97.40087890625,1123,15,5.75427722930908
"Acanthocereus tetragonus",-96.170265,15.751058,"Pacific Lowlands province",27.0583324432373,96.6914749145508,1167,15,2.80118894577026
"Neobuxbaumia tetetzo",-96.125633,15.753326,"Pacific Lowlands province",27.1666660308838,96.2320251464844,1158,15,6.25572156906128
"Opuntia lasiacantha",-96.768794,17.046294,"Balsas Basin province",20.3166675567627,134.575653076172,662,16,2.90200805664062
"Opuntia tomentosa",-96.66063,16.290869,"Sierra Madre del Sur province",18.7875003814697,124.82942199707,803,31,1.96279907226562
"Opuntia karwinskiana",-96.179947,15.760185,"Pacific Lowlands province",27.0249996185303,96.9184341430664,1196,17,3.31180906295776
"Opuntia velutina",-97.763336,17.800278,"Balsas Basin province",21.591667175293,188.400360107422,636,19,2.35179138183594
"Opuntia tehuacana",-96.966699,17.897802,"Balsas Basin province",25.125,248.490859985352,701,25,14.4476547241211
"Opuntia tehuacana",-96.981896,17.911086,"Balsas Basin province",25.3583335876465,246.906631469727,700,25,13.3952026367188
"Opuntia tomentosa",-96.639861,16.30393,"Sierra Madre del Sur province",19.7625007629395,122.29109954834,676,24,2.53636169433594
"Pilosocereus collinsii",-96.058311,15.785576,"Pacific Lowlands province",27.1791667938232,94.1579666137695,1145,12,3.77265739440918
"Pachycereus pecten-aboriginum",-96.058418,15.785157,"Pacific Lowlands province",27.154167175293,90.9409866333008,1175,14,1.94117403030396
"Opuntia decumbens",-96.319763,16.694188,"Sierra Madre del Sur province",23.6749992370605,135.571197509766,854,16,2.87533569335938
"Opuntia decumbens",-96.503296,15.666843,"Pacific Lowlands province",25.9958324432373,96.1641159057617,878,17,4.45562124252319
"Pachycereus pecten-aboriginum",-95.379532,16.028295,"Pacific Lowlands province",27.6999988555908,94.1710357666016,867,5,6.94308376312256
"Pachycereus weberi",-96.766632,17.05666,"Balsas Basin province",20.7875003814697,138.171905517578,652,13,1.33717346191406
"Ferocactus recurvus",-97.68811,18.093452,"Balsas Basin province",19.3666667938232,182.162933349609,538,13,4.33232116699219
"Polaskia chichipe",-97.572365,17.684046,"Sierra Madre del Sur province",18.345832824707,175.699356079102,600,17,0.240280151367188
"Opuntia lasiacantha",-96.643924,16.30542,"Sierra Madre del Sur province",19.408332824707,121.596084594727,736,27,2.77079772949219
"Opuntia pilifera",-96.450455,16.958143,"Balsas Basin province",21.0458335876465,136.605926513672,676,13,2.85627746582031
"Opuntia decumbens",-96.173588,15.744266,"Pacific Lowlands province",27.029167175293,98.1061172485352,1161,15,2.49991416931152
"Opuntia decumbens",-95.228325,16.161966,"Pacific Lowlands province",27.7916660308838,121.109146118164,880,4,0.506862878799438
"Coryphantha pallida",-96.931702,17.695768,"Balsas Basin province",25.0666656494141,242.227661132812,534,16,3.75576782226562
"Acanthocereus tetragonus",-96.514725,15.663055,"Pacific Lowlands province",26.1124992370605,100.682342529297,806,16,5.95417881011963
"Pilosocereus collinsii",-96.158854,15.733485,"Pacific Lowlands province",27.0083332061768,97.7667465209961,1159,15,5.20756483078003
"Opuntia decumbens",-96.125356,15.75172,"Pacific Lowlands province",27.1666660308838,96.2320251464844,1158,15,8.8234691619873
"Cephalocereus columna-trajani",-97.07377,17.903883,"Balsas Basin province",24.0874996185303,241.050033569336,831,39,9.97085571289062
"Cephalocereus columna-trajani",-97.086962,17.892891,"Balsas Basin province",23.2416667938232,245.568283081055,905,44,7.06117248535156
"Cephalocereus columna-trajani",-97.093363,17.876126,"Balsas Basin province",22.0625,237.229522705078,972,44,4.23898315429688
"Opuntia decumbens",-96.560566,15.674841,"Pacific Lowlands province",25.9375,96.8157653808594,877,14,3.9888858795166
"Opuntia huajuapensis",-97.285677,17.600798,"Sierra Madre del Sur province",14.5416669845581,144.534255981445,602,14,2.8372802734375
"Mammillaria karwinskiana",-96.743611,17.1775,"Sierra Madre del Sur province",19.1708335876465,149.369262695312,735,20,7.59407043457031
"Mammillaria sphacelata",-97.221624,17.849202,"Sierra Madre del Sur province",17.7458324432373,211.826019287109,496,16,4.7662353515625
"Opuntia decumbens",-96.209129,15.780149,"Pacific Lowlands province",27.0208339691162,96.2350006103516,1229,18,1.71559524536133
"Mammillaria mystax",-97.392847,17.611491,"Sierra Madre del Sur province",14.2875003814697,137.908477783203,666,18,4.32742309570312
"Stenocereus pruinosus",-95.545089,16.421792,"Pacific Lowlands province",27.3083324432373,119.977935791016,614,4,1.26319885253906
"Pachycereus pecten-aboriginum",-96.194362,15.819713,"Pacific Lowlands province",26.7583332061768,91.0253143310547,1329,17,3.54008483886719
"Opuntia auberi",-96.8019,16.479,"Sierra Madre del Sur province",21.4541664123535,125.199081420898,957,18,4.70962524414062
"Opuntia decumbens",-96.13398,15.754777,"Pacific Lowlands province",27.1041660308838,96.5885848999023,1168,16,1.92396199703217
"Pachycereus pecten-aboriginum",-96.136159,15.766151,"Pacific Lowlands province",27.158332824707,95.6991806030273,1182,16,1.01827144622803
"Acanthocereus tetragonus",-96.48168,15.819453,"Pacific Lowlands province",25.845832824707,90.8910140991211,1074,17,13.2400741577148
"Pereskiopsis kellermanii",-96.198357,15.779315,"Pacific Lowlands province",26.9958324432373,93.7709426879883,1248,16,0.799282073974609
"Mammillaria albilanata",-96.355743,16.62639,"Sierra Madre del Sur province",22.2625007629395,115.012367248535,611,10,11.4100952148438
"Ferocactus recurvus",-96.379183,16.625304,"Sierra Madre del Sur province",21.3666667938232,115.036239624023,521,8,10.23974609375
"Stenocereus pruinosus",-96.358836,16.546419,"Sierra Madre del Sur province",23.2083339691162,114.21337890625,726,11,8.09849548339844
"Escontria chiotilla",-96.317869,16.681801,"Sierra Madre del Sur province",23.9166660308838,136.087097167969,848,16,3.33214569091797
"Acanthocereus tetragonus",-97.683652,16.887174,"Sierra Madre del Sur province",18.5,97.2578582763672,1194,34,3.94430541992188
"Mammillaria albilanata",-96.364425,16.572323,"Sierra Madre del Sur province",23.5166664123535,124.887817382812,803,11,8.72625732421875
"Disocactus ackermannii",-97.660372,16.875958,"Sierra Madre del Sur province",16.470832824707,103.779876708984,1111,28,5.73587036132812
"Neobuxbaumia tetetzo",-96.348934,16.567712,"Pacific Lowlands province",23.595832824707,133.628707885742,805,10,4.30253601074219
"Opuntia decumbens",-96.443696,15.769925,"Pacific Lowlands province",26.2708339691162,91.9599151611328,1060,20,2.10490036010742
"Mammillaria karwinskiana",-96.201205,16.722853,"Pacific Lowlands province",23.3041667938232,134.374954223633,894,18,8.39102172851562
"Pereskiopsis rotundifolia",-96.162929,15.725023,"Pacific Lowlands province",27.0625,99.2271423339844,1122,14,1.60541963577271
"Coryphantha pallida",-97.340432,17.822431,"Sierra Madre del Sur province",16.5541667938232,171.510131835938,527,17,3.65234375
"Ferocactus recurvus",-97.340412,17.822452,"Sierra Madre del Sur province",16.5541667938232,171.510131835938,527,17,3.65234375
"Mammillaria haageana",-97.34041,17.822419,"Sierra Madre del Sur province",16.5541667938232,171.510131835938,527,17,3.65234375
"Neobuxbaumia tetetzo",-96.137858,15.761636,"Pacific Lowlands province",27.158332824707,95.6991806030273,1182,16,2.15226054191589
"Mammillaria haageana",-96.643096,16.279638,"Sierra Madre del Sur province",18.6749992370605,122.687705993652,828,32,16.5152740478516
"Mammillaria karwinskiana",-96.524987,17.036451,"Balsas Basin province",19.4833335876465,138.585952758789,676,13,10.2682189941406
"Mammillaria haageana",-96.864822,17.083977,"Balsas Basin province",20.9750003814697,145.281860351562,688,16,7.24734497070312
"Acanthocereus tetragonus",-96.137839,15.761643,"Pacific Lowlands province",27.158332824707,95.6991806030273,1182,16,2.15226054191589
"Coryphantha pallida",-97.295507,17.743196,"Sierra Madre del Sur province",15.7333335876465,166.996643066406,526,15,3.20620727539062
"Pilosocereus collinsii",-96.193086,15.768302,"Pacific Lowlands province",27.0083332061768,95.675422668457,1225,17,1.98967838287354
"Escontria chiotilla",-96.196632,16.729007,"Pacific Lowlands province",23.404167175293,132.929534912109,909,17,8.09324645996094
"Opuntia pubescens",-96.69611,16.99814,"Balsas Basin province",20.2875003814697,140.08317565918,637,13,2.14999389648438
"Stenocereus stellatus",-97.689805,18.216722,"Balsas Basin province",19.5791664123535,176.344940185547,537,13,7.16264343261719
"Stenocereus pruinosus",-97.689753,18.216952,"Balsas Basin province",19.5791664123535,176.344940185547,537,13,7.04302978515625
"Ferocactus recurvus",-97.689854,18.216741,"Balsas Basin province",19.5791664123535,176.344940185547,537,13,7.04302978515625
"Polaskia chichipe",-97.347872,17.876805,"Sierra Madre del Sur province",17.529167175293,192.217422485352,464,15,1.9251708984375
"Pachycereus pecten-aboriginum",-96.223432,15.786997,"Pacific Lowlands province",26.9958343505859,94.5914077758789,1257,18,1.55910110473633
"Neobuxbaumia tetetzo",-97.02473,17.869886,"Balsas Basin province",25.7416667938232,245.568267822266,528,16,11.0362167358398
"Escontria chiotilla",-96.944691,17.771439,"Balsas Basin province",24.9208335876465,243.72541809082,613,23,3.43495941162109
"Pereskia lychnidiflora",-95.16667,16.16667,"Pacific Lowlands province",27.7875003814697,106.239974975586,856,4,10.936450958252
"Cephalocereus apicicephalium",-95.212222,16.450278,"Pacific Lowlands province",26.3833332061768,107.710350036621,654,5,13.5267353057861
"Epiphyllum oxypetalum",-96.604244,18.11442,"Veracruzan province",21.5166664123535,226.237350463867,4599,344,12.639892578125
"Mammillaria carnea",-97.034894,17.865169,"Balsas Basin province",25.4541664123535,240.50569152832,624,21,13.5321350097656
"Neobuxbaumia tetetzo",-96.108345,15.784019,"Pacific Lowlands province",27.3083324432373,92.6340255737305,1174,15,2.99272704124451
"Ferocactus recurvus",-96.934369,17.74283,"Balsas Basin province",24.9125003814697,246.144119262695,578,20,2.85521697998047
"Mammillaria karwinskiana",-96.888936,17.250145,"Balsas Basin province",21.0416660308838,158.082733154297,730,17,4.43775939941406
"Escontria chiotilla",-96.946923,17.780103,"Balsas Basin province",24.7999992370605,243.487930297852,667,27,13.8932495117188
"Pachycereus pecten-aboriginum",-97.05587,15.853563,"Pacific Lowlands province",26.6291656494141,79.8139343261719,941,10,2.35693573951721
"Pereskia lychnidiflora",-95.160833,16.178333,"Pacific Lowlands province",27.8624992370605,107.494705200195,884,4,2.24588346481323
"Escontria chiotilla",-96.315083,16.677111,"Pacific Lowlands province",23.9333343505859,135.199081420898,852,17,11.5896224975586
"Stenocereus pruinosus",-96.319167,16.715472,"Sierra Madre del Sur province",22.6833324432373,122.832695007324,770,16,9.46315002441406
"Pachycereus weberi",-97.061611,18.002361,"Balsas Basin province",25.3208332061768,242.238220214844,744,26,4.71040344238281
"Opuntia decumbens",-97.052139,18.014417,"Balsas Basin province",25.220832824707,238.512985229492,799,31,1.90901184082031
"Pachycereus pecten-aboriginum",-96.319222,16.727611,"Sierra Madre del Sur province",22.2916660308838,123.52465057373,764,14,6.49009704589844
"Stenocereus treleasei",-96.441389,16.996389,"Balsas Basin province",19.7333335876465,131.863082885742,674,13,0.772415161132812
"Mammillaria huitzilopochtli",-96.961889,17.806556,"Balsas Basin province",25.1208324432373,246.66374206543,585,19,2.00333404541016
"Opuntia decumbens",-94.955444,16.605278,"Pacific Lowlands province",26.6124992370605,165.915176391602,1049,18,0.81294059753418
"Stenocereus stellatus",-96.966389,17.905194,"Balsas Basin province",24.7583332061768,247.20100402832,854,35,6.3189697265625
"Escontria chiotilla",-96.968333,17.902639,"Balsas Basin province",25.1166667938232,247.710708618164,718,26,6.96084594726562
"Opuntia huajuapensis",-96.921222,17.385556,"Sierra Madre del Sur province",16.1458339691162,156.284393310547,691,17,4.32073974609375
"Stenocereus pruinosus",-96.570148,16.995849,"Balsas Basin province",21.1458339691162,144.826812744141,642,11,4.67855834960938
"Stenocereus pruinosus",-96.325226,16.899768,"Balsas Basin province",19.2333335876465,135.551620483398,700,14,1.15769958496094
"Mammillaria haageana",-97.664906,18.199438,"Balsas Basin province",19.3541660308838,178.636993408203,538,15,7.70526123046875
"Myrtillocactus schenckii",-96.544472,17.003422,"Balsas Basin province",20.9583339691162,136.178924560547,636,11,2.01908874511719
"Ferocactus recurvus",-98.158494,17.76085,"Balsas Basin province",24.1916675567627,172.334686279297,757,13,7.01335144042969
"Pilosocereus chrysacanthus",-96.944917,17.564472,"Balsas Basin province",19.6833343505859,197.98225402832,898,34,11.2752838134766
"Escontria chiotilla",-97.582361,17.680278,"Sierra Madre del Sur province",18.3250007629395,177.05290222168,607,17,6.68319702148438
"Polaskia chichipe",-97.74975,17.736833,"Balsas Basin province",21.0541667938232,176.936798095703,620,11,3.59487915039062
"Cephalocereus columna-trajani",-96.970194,17.806583,"Balsas Basin province",25.2333335876465,244.738555908203,572,18,9.51454925537109
"Aporocactus martianus",-96.998333,18.164167,"Sierra Madre del Sur province",12.9375,175.79850769043,1323,57,6.36105346679688
"Stenocereus pruinosus",-96.876611,17.276556,"Sierra Madre del Sur province",20.9916667938232,162.618240356445,745,19,2.4912109375
"Opuntia pubescens",-97.200333,17.601778,"Sierra Madre del Sur province",13.6999998092651,152.40495300293,629,18,4.644287109375
"Pereskiopsis kellermanii",-96.308333,16.669444,"Pacific Lowlands province",24.0041656494141,138.423873901367,845,15,5.43130493164062
"Myrtillocactus geometrizans",-97.055047,18.129464,"Balsas Basin province",23.7999992370605,244.493881225586,1073,59,10.5995635986328
"Opuntia pilifera",-97.670861,17.724,"Sierra Madre del Sur province",19.4249992370605,156.706146240234,624,13,5.63363647460938
"Coryphantha retusa",-97.8,17.8,"Balsas Basin province",21.2124996185303,181.209609985352,644,18,4.15986633300781
"Opuntia velutina",-97.738583,17.822683,"Balsas Basin province",21.4166660308838,187.366119384766,615,20,4.74885559082031
"Escontria chiotilla",-96.901333,17.811639,"Sierra Madre del Sur province",19.0041656494141,208.767578125,1209,42,8.32150268554688
"Pereskia lychnidiflora",-95.238889,16.324444,"Pacific Lowlands province",28.3875007629395,113.099433898926,892,13,1.32817935943604
"Disocactus ackermannii",-96.033,17.25,"Sierra Madre del Sur province",17.5249996185303,172.448959350586,2596,172,20.8944702148438
"Mammillaria mystax",-97.696611,17.989611,"Balsas Basin province",19,176.673812866211,573,14,10.4359436035156
"Mammillaria mystax",-97.474056,17.691,"Sierra Madre del Sur province",16.5791664123535,163.685653686523,598,18,9.18017578125
"Pachycereus weberi",-96.939417,17.488083,"Sierra Madre del Sur province",16.1458339691162,160.545364379883,652,18,6.24447631835938
"Myrtillocactus geometrizans",-96.914917,17.648639,"Balsas Basin province",24.9291667938232,237.328491210938,564,18,4.08092498779297
"Stenocereus stellatus",-97.686111,17.901161,"Balsas Basin province",20.8041667938232,178.75146484375,558,15,10.0698699951172
"Ferocactus recurvus",-96.926,17.312806,"Balsas Basin province",20.1916656494141,161.974090576172,741,20,11.0547027587891
"Pereskia lychnidiflora",-95.560278,16.4125,"Pacific Lowlands province",27.154167175293,120.311294555664,601,3,1.00619316101074
"Cephalocereus columna-trajani",-97.336972,18.1045,"Sierra Madre del Sur province",20.5041675567627,229.272171020508,598,22,6.57635498046875
"Stenocereus stellatus",-96.353611,16.911944,"Balsas Basin province",20.0041675567627,136.372802734375,685,10,3.51760864257812
"Stenocereus pruinosus",-95.203056,16.213889,"Pacific Lowlands province",28.1458320617676,110.689155578613,895,7,0.466683864593506
"Ferocactus recurvus",-97.407056,17.567722,"Sierra Madre del Sur province",14.5541667938232,143.439224243164,651,17,6.93325805664062
"Coryphantha pallida",-97.470667,17.563333,"Sierra Madre del Sur province",14.7666664123535,146.726913452148,670,18,2.68313598632812
"Opuntia pubescens",-97.609833,17.691111,"Sierra Madre del Sur province",18.7583332061768,179.276748657227,598,13,9.71086120605469
"Pereskiopsis rotundifolia",-96.7806,16.9958,"Balsas Basin province",21.6333332061768,142.419555664062,658,11,1.64720153808594
"Mammillaria albilanata",-97.468667,17.56825,"Sierra Madre del Sur province",14.4833335876465,144.290313720703,681,17,10.1672973632812
"Opuntia huajuapensis",-97.513694,17.551694,"Sierra Madre del Sur province",15.0208330154419,148.346313476562,675,18,7.82498168945312
"Opuntia pilifera",-96.927778,17.668667,"Balsas Basin province",25.0791664123535,239.198089599609,510,14,1.53733825683594
"Myrtillocactus schenckii",-96.334722,16.706944,"Sierra Madre del Sur province",22.9125003814697,127.424224853516,799,14,5.471923828125
"Mammillaria dixanthocentron",-97.087417,18.136167,"Balsas Basin province",24.7916660308838,238.402206420898,813,37,4.55780029296875
"Mammillaria dixanthocentron",-96.96425,17.755889,"Balsas Basin province",25.341667175293,244.0830078125,542,18,3.11777496337891
"Aporocactus martianus",-96.938417,17.457972,"Sierra Madre del Sur province",16.2875003814697,162.216552734375,651,15,8.20416259765625
"Pereskia lychnidiflora",-95.105833,16.395278,"Pacific Lowlands province",27.7458324432373,132.587158203125,965,7,0.0650860071182251
"Opuntia pubescens",-97.104028,17.864,"Balsas Basin province",20.658332824707,228.162948608398,898,38,6.3992919921875
"Myrtillocactus geometrizans",-96.957806,17.789639,"Balsas Basin province",25.1291656494141,246.3779296875,579,19,1.30722045898438
"Opuntia lasiacantha",-97.495277,17.850381,"Sierra Madre del Sur province",15.3916664123535,152.789703369141,618,21,3.17852783203125
"Opuntia depressa",-97.058333,17.925,"Balsas Basin province",25.1083335876465,241.78157043457,691,28,15.0631561279297
"Ferocactus recurvus",-97.492861,17.804389,"Sierra Madre del Sur province",15.1125001907349,151.028671264648,627,19,2.39804077148438
"Pachycereus weberi",-96.9645,17.7986,"Balsas Basin province",25.2083339691162,247.311325073242,567,17,4.86214447021484
"Ferocactus recurvus",-97.3436,17.7976,"Sierra Madre del Sur province",17.9958324432373,192.241058349609,476,14,1.71153259277344
"Opuntia depressa",-97.06667,17.91667,"Balsas Basin province",24.3208332061768,245.722106933594,742,32,8.48192596435547
"Mammillaria albilanata",-97.1992,17.312833,"Sierra Madre del Sur province",17.595832824707,132.621444702148,675,14,6.32278442382812
"Opuntia tomentosa",-96.951389,17.758889,"Balsas Basin province",25.2875003814697,243.423751831055,560,18,7.02809143066406
"Mammillaria voburnensis",-95.233,16.567,"Pacific Lowlands province",26.3999996185303,145.039184570312,630,4,4.82409858703613
"Opuntia pubescens",-97.755556,17.822833,"Balsas Basin province",21.5166664123535,188.273666381836,622,20,2.45491027832031
"Opuntia decumbens",-97.035861,17.984583,"Balsas Basin province",25.6875,237.966079711914,762,27,2.30697631835938
"Mammillaria flavicentra",-97.4929,17.8044,"Sierra Madre del Sur province",15.1125001907349,151.028671264648,627,19,2.39804077148438
"Ferocactus macrodiscus",-97.418167,17.581889,"Sierra Madre del Sur province",14.6499996185303,143.527008056641,656,16,13.4817504882812
"Opuntia pubescens",-95.833,16.333,"Sierra Madre del Sur province",23.7000007629395,98.1649856567383,721,9,16.8602828979492
"Ferocactus recurvus",-97.044181,17.934611,"Balsas Basin province",25.6708335876465,241.147445678711,653,24,1.00126647949219
"Pachycereus weberi",-97.099389,18.134861,"Balsas Basin province",24.8583335876465,237.580917358398,790,35,5.42603302001953
"Mammillaria dixanthocentron",-97.055778,18.048694,"Balsas Basin province",24.6374988555908,231.183959960938,926,43,4.62772369384766
"Escontria chiotilla",-97.052778,18.018639,"Balsas Basin province",25.1000003814697,236.479873657227,830,31,7.47084808349609
"Escontria chiotilla",-97.769722,17.813611,"Balsas Basin province",21.5541667938232,187.815887451172,632,19,2.02937316894531
"Stenocereus pruinosus",-97.7386,17.8227,"Balsas Basin province",21.4166660308838,187.366119384766,615,20,4.74885559082031
"Coryphantha pallida",-96.967,17.85,"Balsas Basin province",25.1875,243.470413208008,678,24,14.2876586914062
"Coryphantha retusa",-97.66667,17.7,"Sierra Madre del Sur province",20.3875007629395,162.356582641602,615,14,12.3017883300781
"Coryphantha pallida",-96.941028,17.832389,"Sierra Madre del Sur province",23.9125003814697,237.507186889648,1239,67,5.78466796875
"Myrtillocactus schenckii",-96.956667,17.819083,"Balsas Basin province",24.5,233.062622070312,1050,52,27.7430648803711
"Ferocactus recurvus",-97.341,17.874389,"Sierra Madre del Sur province",17.2041664123535,187.088439941406,481,15,1.79623413085938
"Opuntia lasiacantha",-97.162972,17.850333,"Sierra Madre del Sur province",17.0833339691162,195.417190551758,560,20,2.8443603515625
"Opuntia pubescens",-97.068832,17.955561,"Balsas Basin province",24.4750003814697,237.213973999023,900,42,3.32879638671875
"Pereskiopsis rotundifolia",-97.6431,17.7018,"Sierra Madre del Sur province",19.1166667938232,166.396743774414,613,13,3.73646545410156
"Epiphyllum hookeri",-94.65,16.917,"Veracruzan province",24.8583335876465,208.36848449707,2323,163,7.64673614501953
"Stenocereus pruinosus",-95.285278,16.661944,"Pacific Lowlands province",26.2291660308838,145.765350341797,500,1,6.76456642150879
"Mammillaria albilanata",-96.95,17.55,"Balsas Basin province",16.5499992370605,176.235885620117,615,17,16.9975280761719
"Opuntia decumbens",-95.66667,16.41667,"Pacific Lowlands province",25.6791667938232,124.397789001465,599,6,2.69086074829102
"Peniocereus fosterianus",-95.26667,16.36667,"Pacific Lowlands province",28.1083335876465,113.734802246094,856,7,0.840157508850098
"Disocactus macranthus",-94.133,16.717,"Chiapas Highlands province",22.091667175293,155.195373535156,899,76,6.98279571533203
"Opuntia auberi",-96.167,15.783,"Pacific Lowlands province",27.0666675567627,94.8044204711914,1232,18,6.00343322753906
"Opuntia decumbens",-96.321944,15.834167,"Pacific Lowlands province",26.3250007629395,92.5276260375977,1249,19,1.15131568908691
"Mammillaria flavicentra",-97.31667,18.06667,"Sierra Madre del Sur province",13.0583333969116,160.564819335938,673,19,12.4578552246094
"Rhipsalis baccifera",-96.54056,17.72667,"Veracruzan province",22.3291664123535,239.492446899414,2362,172,10.67431640625
"Opuntia pubescens",-95.834167,16.436111,"Pacific Lowlands province",24.6666660308838,111.321281433105,612,8,9.28058624267578
"Pereskiopsis diguetii",-95.376389,16.355556,"Pacific Lowlands province",26.7250003814697,128.053619384766,710,3,1.02911567687988
"Pereskia lychnidiflora",-96.14167,15.74444,"Pacific Lowlands province",26.970832824707,97.1516571044922,1178,15,3.01212596893311
"Pereskia lychnidiflora",-95.317,16.45,"Pacific Lowlands province",26.4208335876465,123.976875305176,609,3,5.81319808959961
"Acanthocereus tetragonus",-96.841667,17.491667,"Balsas Basin province",23.4500007629395,225.902221679688,925,39,3.37045288085938
"Stenocactus crispatus",-97.48333,17.66667,"Sierra Madre del Sur province",17.2541675567627,166.630508422852,590,17,0.841064453125
"Mammillaria haageana",-97.0334,17.6918,"Balsas Basin province",21.8541660308838,212.586456298828,935,37,11.5845184326172
"Mammillaria polyedra",-97.007611,17.693333,"Balsas Basin province",24.220832824707,238.207870483398,803,33,11.3502807617188
"Pachycereus weberi",-97.033361,18.027,"Balsas Basin province",24.5583343505859,228.242645263672,1001,49,4.09458160400391
"Mammillaria sphacelata",-97.073917,17.902083,"Balsas Basin province",24.0874996185303,241.050033569336,831,39,21.8368377685547
"Mammillaria supertexta",-97.094778,17.869389,"Balsas Basin province",21.3083343505859,229.592895507812,947,39,7.20217895507812
"Mammillaria huitzilopochtli",-96.963917,17.809917,"Balsas Basin province",25.0708332061768,244.684005737305,605,20,5.33542633056641
"Mammillaria polyedra",-96.838889,17.509139,"Balsas Basin province",23.6291656494141,227.630676269531,924,39,7.47353363037109
"Myrtillocactus schenckii",-97.043278,17.685556,"Sierra Madre del Sur province",20.658332824707,207.625457763672,849,32,6.98223876953125
"Coryphantha pallida",-97.167,18.083,"Balsas Basin province",24.6625003814697,241.455108642578,544,17,4.16631317138672
"Acanthocereus tetragonus",-97.017,17.517,"Sierra Madre del Sur province",21.4333324432373,212.788146972656,843,29,9.81069946289062
"Opuntia decumbens",-96.989889,17.803472,"Balsas Basin province",25.6000003814697,246.382919311523,520,15,7.4598388671875
"Mammillaria zephyranthoides",-97.33033,17.72797,"Sierra Madre del Sur province",17.2666664123535,185.157577514648,516,13,2.29440307617188
"Opuntia depressa",-96.937222,17.505861,"Sierra Madre del Sur province",17.0375003814697,171.027969360352,653,19,4.08769226074219
"Opuntia depressa",-96.913444,17.644389,"Balsas Basin province",24.9291667938232,237.328491210938,564,18,6.27207946777344
"Myrtillocactus geometrizans",-96.835889,17.536583,"Balsas Basin province",23.8624992370605,226.265365600586,925,39,7.02461242675781
"Mammillaria hernandezii",-97.443278,17.919361,"Sierra Madre del Sur province",15.9250001907349,160.021301269531,583,19,2.17694091796875
"Mammillaria flavicentra",-97.203278,17.847694,"Sierra Madre del Sur province",19.154167175293,225.262054443359,566,20,3.57717895507812
"Mammillaria discolor",-97.48805,17.84944,"Sierra Madre del Sur province",15.7083330154419,157.463317871094,608,20,5.3160400390625
"Pereskia lychnidiflora",-96.065,15.8075,"Pacific Lowlands province",27.1625003814697,90.2553176879883,1198,15,5.40706777572632
"Mammillaria haageana",-97.11667,18.1,"Balsas Basin province",25.2916660308838,239.619354248047,730,27,1.111328125
"Opuntia lasiacantha",-97.517,17.733,"Sierra Madre del Sur province",17.154167175293,167.392532348633,588,16,4.25933837890625
"Opuntia tehuantepecana",-96.986861,17.954278,"Balsas Basin province",25.0666656494141,238.092132568359,937,39,3.61457824707031
"Escontria chiotilla",-97.75,17.78333,"Balsas Basin province",21.3958339691162,185.195938110352,632,16,1.96807861328125
"Opuntia pubescens",-97.71667,17.86667,"Balsas Basin province",20.4583339691162,177.800109863281,589,15,6.11134338378906
"Opuntia tehuacana",-97.003528,17.956306,"Balsas Basin province",25.4916667938232,241.226348876953,759,29,1.23764801025391
"Mammillaria karwinskiana",-97.833333,17.4,"Sierra Madre del Sur province",19.8958339691162,155.891250610352,765,20,7.21835327148438
"Mammillaria sphacelata",-96.93333,17.5,"Sierra Madre del Sur province",15.9375,157.885528564453,667,18,4.66534423828125
"Opuntia lasiacantha",-97.38194,17.59639,"Sierra Madre del Sur province",14.1125001907349,135.883056640625,679,19,8.43869018554688
"Opuntia tehuacana",-97.0503,18.0839,"Balsas Basin province",24.0208339691162,237.606033325195,966,48,8.09748840332031
"Aporocactus martianus",-96.95,16.2,"Sierra Madre del Sur province",19.7416667938232,96.5032577514648,1253,33,16.9944610595703
"Ferocactus macrodiscus",-97.432444,17.573361,"Sierra Madre del Sur province",15.0625,145.244705200195,640,18,5.8101806640625
"Disocactus macranthus",-94.19167,16.725,"Veracruzan province",19.3708324432373,126.049377441406,1052,71,4.85736083984375
"Pachycereus pecten-aboriginum",-95.01111,16.65806,"Pacific Lowlands province",26.0874996185303,172.667907714844,1022,15,5.59504890441895
"Mammillaria haageana",-96.30083,16.3,"Pacific Lowlands province",19.4458332061768,116.900459289551,731,22,13.7688446044922
"Pereskia lychnidiflora",-95.44306,16.31528,"Pacific Lowlands province",25.5499992370605,127.564605712891,645,6,11.8052101135254
"Mammillaria supertexta",-97.032389,18.026861,"Balsas Basin province",24.3583335876465,226.071502685547,1126,59,8.18567657470703
"Mammillaria haageana",-97.683,18.017,"Balsas Basin province",18.3500003814697,173.663726806641,580,15,3.33013916015625
"Mammillaria huitzilopochtli",-96.967,17.883,"Balsas Basin province",25.1124992370605,244.810913085938,723,26,18.8688049316406
"Mammillaria supertexta",-97.033,18.05,"Balsas Basin province",24.1333332061768,232.029891967773,1253,66,13.43115234375
"Mammillaria huitzilopochtli",-96.994194,17.956056,"Balsas Basin province",25.345832824707,239.397537231445,829,33,3.00157165527344
"Opuntia pubescens",-96.30083,16.30028,"Pacific Lowlands province",19.4458332061768,116.900459289551,731,22,12.8882598876953
"Opuntia depressa",-98.153056,17.631667,"Balsas Basin province",23.1166667938232,168.743118286133,821,15,5.32546997070312
"Escontria chiotilla",-97.740233,17.743417,"Balsas Basin province",20.8833332061768,175.192504882812,621,11,2.23408508300781
"Escontria chiotilla",-97.708611,17.747694,"Balsas Basin province",20.2083339691162,164.50798034668,633,14,4.18641662597656
"Pereskiopsis diguetii",-96.66667,17.06667,"Balsas Basin province",21.1916675567627,152.387573242188,647,15,0.642410278320312
"Opuntia decumbens",-95.953056,15.835833,"Pacific Lowlands province",27.2124996185303,90.4565658569336,1117,12,2.14912843704224
"Mammillaria voburnensis",-95.0978,16.39444,"Pacific Lowlands province",27.7124996185303,132.68424987793,970,7,0.479106068611145
"Opuntia decumbens",-94.98528,16.62583,"Pacific Lowlands province",26.2666664123535,168.850860595703,1006,17,2.33655548095703
"Disocactus ackermannii",-96.54306,17.61528,"Sierra Madre del Sur province",12.8500003814697,144.285064697266,1289,56,12.9646606445312
"Mammillaria voburnensis",-95.863722,15.931667,"Pacific Lowlands province",27.2875003814697,81.1319122314453,1049,10,3.17643737792969
"Mammillaria haageana",-97.33333,18.08333,"Sierra Madre del Sur province",15.3208332061768,187.039840698242,608,19,18.6571502685547
"Peniocereus fosterianus",-96.31056,15.71472,"Pacific Lowlands province",26.9541664123535,96.3529968261719,1026,16,3.40664935112
"Mammillaria albilanata",-96.94778,17.59306,"Balsas Basin province",22.529167175293,217.134826660156,1003,41,15.9938201904297
"Coryphantha pallida",-96.95572,17.70567,"Balsas Basin province",24.875,231.226959228516,842,37,5.93037414550781
"Disocactus macranthus",-94.183,16.733,"Veracruzan province",20.5833339691162,134.660064697266,992,72,16.095458984375
"Marginatocereus marginatus",-96.30028,16.30167,"Pacific Lowlands province",19.4458332061768,116.900459289551,731,22,9.63905334472656
"Myrtillocactus geometrizans",-96.94806,17.69694,"Balsas Basin province",24.8999996185303,234.288101196289,750,31,7.96532440185547
"Pereskiopsis rotundifolia",-96.777778,17.101389,"Balsas Basin province",21.75,157.638824462891,668,14,1.48719787597656
"Peniocereus oaxacensis",-94.21472,16.38917,"Pacific Lowlands province",27.6291675567627,110.627510070801,1654,10,1.83630275726318
"Polaskia chichipe",-97.66408,17.61772,"Sierra Madre del Sur province",20.2291660308838,171.933639526367,639,16,7.43511962890625
"Epiphyllum anguliger",-96.983,16.183,"Sierra Madre del Sur province",20.3291664123535,92.6493682861328,1377,31,9.06173706054688
"Escontria chiotilla",-97.66408,17.6175,"Sierra Madre del Sur province",20.2291660308838,171.933639526367,639,16,10.3537445068359
"Opuntia dejecta",-96.20319,15.77475,"Pacific Lowlands province",27.0083332061768,95.1513824462891,1226,17,2.51029396057129
"Peniocereus oaxacensis",-96.17839,15.75875,"Pacific Lowlands province",27.0249996185303,96.9184341430664,1196,17,1.68071794509888
"Opuntia lasiacantha",-97.46664,17.49403,"Sierra Madre del Sur province",15.4791669845581,149.779510498047,658,19,2.12158203125
"Disocactus speciosus",-96.95,16.233,"Sierra Madre del Sur province",17.908332824707,106.703353881836,1101,30,5.6373291015625
"Ferocactus recurvus",-96.9335,17.60769,"Balsas Basin province",23.1708335876465,220.664886474609,1007,43,11.3472290039062
"Mammillaria supertexta",-96.971333,17.828417,"Balsas Basin province",25.033332824707,239.215911865234,764,31,2.45864105224609
"Opuntia tomentosa",-97.61717,17.686,"Sierra Madre del Sur province",18.8708343505859,179.904754638672,602,13,3.54908752441406
"Epiphyllum hookeri",-96.63325,18.00019,"Veracruzan province",22.9958324432373,246.875549316406,3210,236,10.0874557495117
"Opuntia huajuapensis",-97.46686,17.49592,"Sierra Madre del Sur province",15.529167175293,152.113265991211,657,18,3.43978881835938
"Mammillaria carnea",-96.92072,17.62681,"Balsas Basin province",24.5833339691162,231.14665222168,754,27,4.42870330810547
"Opuntia decumbens",-96.21389,15.76964,"Pacific Lowlands province",27.0458335876465,96.6121368408203,1211,17,1.56377506256104
"Aporocactus martianus",-96.44253,17.30033,"Balsas Basin province",15.9624996185303,165.956253051758,1244,49,6.81298828125
"Coryphantha pallida",-97.19389,17.37333,"Sierra Madre del Sur province",16.8666667938232,136.736862182617,649,15,1.05072021484375
"Ferocactus macrodiscus",-97.6833,18.13197,"Balsas Basin province",20.1000003814697,187.180038452148,505,14,6.69915771484375
"Disocactus speciosus",-96.12469,16.00864,"Sierra Madre del Sur province",21.1666660308838,48.0214538574219,1321,37,16.220458984375
"Opuntia dejecta",-95.94417,15.91833,"Pacific Lowlands province",26.5583343505859,83.661491394043,1131,13,2.27728080749512
"Coryphantha pallida",-97.52694,17.73972,"Sierra Madre del Sur province",17.470832824707,170.286636352539,583,16,4.12600708007812
"Aporocactus martianus",-96.43278,17.20778,"Sierra Madre del Sur province",13.0166664123535,144.762084960938,1021,40,8.44598388671875
"Opuntia auberi",-96.16739,15.72122,"Pacific Lowlands province",27.0208339691162,97.4086685180664,1148,15,6.9758415222168
"Mammillaria kraehenbuehlii",-97.32528,17.81028,"Sierra Madre del Sur province",17.1833324432373,179.953689575195,503,17,7.1070556640625
"Mammillaria flavicentra",-97.05275,17.56748,"Sierra Madre del Sur province",16.783332824707,169.482299804688,558,12,7.13214111328125
"Ferocactus macrodiscus",-97.18591,17.21787,"Sierra Madre del Sur province",19.158332824707,148.810958862305,735,17,5.15794372558594
"Mammillaria sphacelata",-96.96361,17.93394,"Balsas Basin province",24.8125,247.708847045898,884,35,7.20254898071289
"Ferocactus macrodiscus",-97.1494,17.6605,"Sierra Madre del Sur province",14.908332824707,165.431015014648,507,12,2.07470703125
"Mammillaria polyedra",-96.94058,17.92142,"Sierra Madre del Sur province",23.5083332061768,234.509490966797,1536,84,6.60432434082031
"Acanthocereus tetragonus",-95.01397,16.75286,"Pacific Lowlands province",25.4125003814697,185.731048583984,1239,48,3.88078689575195
"Opuntia dejecta",-96.30083,16.30194,"Pacific Lowlands province",19.4458332061768,116.900459289551,731,22,12.6732635498047
"Mammillaria dixanthocentron",-97.0500598,18.0336933,"Balsas Basin province",24.783332824707,230.753036499023,903,39,7.41669464111328
"Opuntia velutina",-96.93417,17.91889,"Sierra Madre del Sur province",23.5083332061768,234.509490966797,1536,84,7.50704956054688
"Aporocactus martianus",-97.017,18.167,"Sierra Madre del Sur province",16.2250003814697,205.265899658203,1365,50,17.6749267578125
"Ferocactus macrodiscus",-97.07058,17.24758,"Sierra Madre del Sur province",17.1958332061768,138.144485473633,697,19,7.41925048828125
"Opuntia depressa",-96.97464,17.83986,"Balsas Basin province",25.0541667938232,240.193664550781,761,30,4.55435943603516
"Opuntia decumbens",-95.01342,16.61367,"Pacific Lowlands province",26.6749992370605,163.157760620117,1007,12,0.409332275390625
"Ferocactus macrodiscus",-97.37297,17.2661,"Sierra Madre del Sur province",14.3666667938232,126.586898803711,818,21,7.07452392578125
"Ferocactus macrodiscus",-97.196028,17.574111,"Sierra Madre del Sur province",14.7749996185303,161.744766235352,524,10,2.37545776367188
"Disocactus speciosus",-97.31217,16.78475,"Sierra Madre del Sur province",15.5749998092651,119.459007263184,1013,29,18.9586181640625
"Mammillaria flavicentra",-97.44861,17.68889,"Sierra Madre del Sur province",16.1000003814697,161.428283691406,591,17,2.07437133789062
"Mammillaria kraehenbuehlii",-97.223056,17.160778,"Sierra Madre del Sur province",17.7708339691162,134.510208129883,743,17,3.898681640625
"Mammillaria crucigera",-97.19278,17.85278,"Sierra Madre del Sur province",19.3583335876465,222.872100830078,596,23,2.31561279296875
"Coryphantha pallida",-97.45733,17.50042,"Sierra Madre del Sur province",15.9791669845581,155.526351928711,648,19,5.66824340820312
"Mammillaria flavicentra",-97.292917,17.265556,"Sierra Madre del Sur province",16.9833335876465,134.626312255859,733,19,1.66647338867188
"Opuntia tomentosa",-97.42417,17.57278,"Sierra Madre del Sur province",15.0416669845581,147.090469360352,635,17,2.71554565429688
"Coryphantha pallida",-97.15251,17.36381,"Sierra Madre del Sur province",17.404167175293,148.560638427734,646,14,6.15621948242188
"Opuntia tomentosa",-97.47067,17.50083,"Sierra Madre del Sur province",15.7124996185303,155.331390380859,655,19,8.87783813476562
"Disocactus ackermannii",-96.38444,17.53917,"Sierra Madre del Sur province",16.841667175293,167.709625244141,2987,161,13.9967498779297
"Mammillaria flavicentra",-97.31839,17.12058,"Sierra Madre del Sur province",21.5625,151.058776855469,1002,16,3.57569885253906
"Mammillaria flavicentra",-97.03667,18.17417,"Balsas Basin province",15.5666666030884,195.556701660156,1294,47,5.53402709960938
"Coryphantha pallida",-97.18535,17.38428,"Sierra Madre del Sur province",17.3916664123535,145.365264892578,635,12,5.661865234375
"Myrtillocactus geometrizans",-97.69,18.12556,"Balsas Basin province",19.9624996185303,184.700302124023,517,14,4.23681640625
"Coryphantha pallida",-97.25172,17.32564,"Sierra Madre del Sur province",17.9458332061768,140.477386474609,686,13,3.82099914550781
"Opuntia decumbens",-95.90292,16.65714,"Pacific Lowlands province",24.2416667938232,139.281158447266,706,15,6.37587738037109
"Stenocereus treleasei",-96.79919,16.91125,"Balsas Basin province",21.3541660308838,143.818984985352,720,12,3.64747619628906
"Mammillaria zephyranthoides",-97.2078,17.473,"Sierra Madre del Sur province",16.3708324432373,140.477401733398,582,10,1.951904296875
"Opuntia pilifera",-97.027639,17.429806,"Sierra Madre del Sur province",20.2374992370605,184.392425537109,744,18,3.56440734863281
"Rhipsalis baccifera",-96.918417,17.913472,"Sierra Madre del Sur province",22.6166667938232,235.046737670898,1627,90,6.55427551269531
"Opuntia lasiacantha",-97.26038,17.51128,"Sierra Madre del Sur province",16.7666664123535,154.365753173828,580,13,8.8822021484375
"Opuntia huajuapensis",-97.15208,17.71642,"Sierra Madre del Sur province",14.9666662216187,173.563369750977,497,16,4.7666015625
"Coryphantha pallida",-97.32988,17.54942,"Sierra Madre del Sur province",15.8291664123535,141.284027099609,582,12,6.17794799804688
"Mammillaria flavicentra",-97.31887,17.53601,"Sierra Madre del Sur province",15.8958339691162,140.752182006836,577,11,4.25494384765625
"Ferocactus recurvus",-97.47111,17.80667,"Sierra Madre del Sur province",16.2875003814697,170.228790283203,574,18,0.72186279296875
"Ferocactus recurvus",-96.99361,17.76942,"Balsas Basin province",25.4958324432373,242.753707885742,568,19,9.18931579589844
"Peniocereus oaxacensis",-95.58572,15.96969,"Pacific Lowlands province",27.6291675567627,84.2199249267578,916,7,0.489994049072266
"Coryphantha retusa",-96.39914,16.93433,"Sierra Madre del Sur province",20.3999996185303,126.688591003418,680,12,1.86839294433594
"Coryphantha pallida",-97.49286,17.80439,"Sierra Madre del Sur province",15.1125001907349,151.028671264648,627,19,2.39804077148438
"Coryphantha retusa",-97.75556,17.82283,"Balsas Basin province",21.5166664123535,188.273666381836,622,20,2.45491027832031
"Disocactus macranthus",-94.233,16.683,"Chiapas Highlands province",18.6666660308838,120.817924499512,1050,68,14.460205078125
"Opuntia decumbens",-94.98078,16.65781,"Pacific Lowlands province",25.7958335876465,172.474746704102,1026,25,1.39957046508789
"Opuntia decumbens",-94.98597,16.64003,"Pacific Lowlands province",25.9874992370605,166.707748413086,984,17,4.45515251159668
"Neobuxbaumia scoparia",-95.63897,15.97608,"Pacific Lowlands province",27.7374992370605,79.8613967895508,934,9,1.84262704849243
"Disocactus speciosus",-95.91561,16.29819,"Sierra Madre del Sur province",22.2458324432373,93.9404754638672,815,17,10.4942321777344
"Ferocactus macrodiscus",-97.38463,17.58503,"Sierra Madre del Sur province",14.4250001907349,140.461898803711,649,17,8.78387451171875
"Ferocactus macrodiscus",-97.171111,17.175861,"Sierra Madre del Sur province",18.779167175293,152.262603759766,742,17,4.20634460449219
"Opuntia dejecta",-95.00967,16.61581,"Pacific Lowlands province",26.6749992370605,163.157760620117,1007,12,0.274408340454102
"Myrtillocactus schenckii",-97.053194,17.496111,"Balsas Basin province",20.5166664123535,196.403274536133,775,21,9.83796691894531
"Mammillaria flavicentra",-96.9097,17.91389,"Sierra Madre del Sur province",22.8291664123535,244.209838867188,1670,99,5.42825317382812
"Ferocactus macrodiscus",-97.415,17.69111,"Sierra Madre del Sur province",14.7708330154419,151.88899230957,619,18,3.3984375
"Mammillaria crucigera",-97.0676,18.066,"Balsas Basin province",24.8958339691162,235.694885253906,852,36,4.56610870361328
"Mammillaria flavicentra",-97.03527,17.43386,"Sierra Madre del Sur province",18.9958343505859,171.218338012695,677,16,7.91720581054688
"Opuntia tomentosa",-97.2522,17.3062,"Sierra Madre del Sur province",18.0750007629395,137.551635742188,692,13,2.47071838378906
"Myrtillocactus schenckii",-97.05692,17.46897,"Sierra Madre del Sur province",20.0874996185303,189.90576171875,748,19,8.87992858886719
"Mammillaria polyedra",-97.05692,17.4669,"Sierra Madre del Sur province",20.0874996185303,189.90576171875,748,19,6.61747741699219
"Disocactus speciosus",-96.11289,16.01386,"Sierra Madre del Sur province",21.4791660308838,50.7873764038086,1365,40,16.2678680419922
"Aporocactus martianus",-96.82756,17.85894,"Sierra Madre del Sur province",12.8625001907349,172.034942626953,1045,33,13.5084838867188
"Mammillaria flavicentra",-96.901917,17.803556,"Sierra Madre del Sur province",19.1291656494141,208.178894042969,1230,46,9.01712036132812
"Polaskia chichipe",-97.74653,17.76483,"Balsas Basin province",20.9333343505859,179.650329589844,624,13,8.80914306640625
"Opuntia decumbens",-96.19167,16.72194,"Pacific Lowlands province",23.595832824707,133.662734985352,902,18,6.61923217773438
"Opuntia huajuapensis",-97.21844,17.84986,"Sierra Madre del Sur province",17.7458324432373,211.826019287109,496,16,10.5653228759766
"Mammillaria carnea",-97.0519,17.4841,"Balsas Basin province",21.1458339691162,203.061309814453,787,22,6.18135070800781
"Mammillaria albilanata",-96.44444,17.32028,"Sierra Madre del Sur province",15.8166666030884,164.196853637695,1304,54,14.5612487792969
"Opuntia streptacantha",-97.38464,17.58473,"Sierra Madre del Sur province",14.4250001907349,140.461898803711,649,17,7.51614379882812
"Mammillaria albilanata",-97.28994,17.21913,"Sierra Madre del Sur province",17.2416667938232,145.895889282227,752,21,11.8412475585938
"Mammillaria karwinskiana",-97.09744,17.24064,"Sierra Madre del Sur province",19.2583332061768,146.191558837891,709,18,8.14785766601562
"Coryphantha pallida",-97.15243,17.51784,"Sierra Madre del Sur province",14.6000003814697,145.633407592773,602,9,4.09457397460938
"Opuntia pubescens",-96.35447,16.9225,"Balsas Basin province",20.0708332061768,134.442611694336,697,12,1.01290893554688
"Opuntia karwinskiana",-95.69725,16.05161,"Pacific Lowlands province",26.7666664123535,76.5248641967773,843,7,8.44407272338867
"Opuntia karwinskiana",-95.58119,15.96503,"Pacific Lowlands province",27.654167175293,84.5162353515625,916,6,2.89594125747681
"Opuntia karwinskiana",-95.725,15.99969,"Pacific Lowlands province",27.1625003814697,74.563117980957,927,11,6.06051635742188
"Opuntia pubescens",-96.40136,16.94714,"Sierra Madre del Sur province",20.0208339691162,122.575721740723,686,13,3.48287963867188
"Ferocactus recurvus",-97.02763,17.42982,"Sierra Madre del Sur province",20.2374992370605,184.392425537109,744,18,3.56440734863281
"Myrtillocactus geometrizans",-97.05319,17.49611,"Balsas Basin province",20.5166664123535,196.403274536133,775,21,9.83796691894531
"Mammillaria dixanthocentron",-96.991861,17.769417,"Balsas Basin province",25.4958324432373,242.753707885742,568,19,5.40239715576172
"Opuntia dejecta",-95.00714,16.77972,"Pacific Lowlands province",25.3958339691162,188.275131225586,1333,57,8.29761505126953
"Disocactus speciosus",-97.21733,16.70392,"Sierra Madre del Sur province",14.9541664123535,113.687339782715,1014,33,8.99188232421875
"Opuntia pilifera",-97.051944,17.484111,"Balsas Basin province",21.1458339691162,203.061309814453,787,22,6.18135070800781
"Mammillaria karwinskiana",-97.12111,17.21886,"Sierra Madre del Sur province",19.4791660308838,145.796524047852,721,18,7.78764343261719
"Mammillaria dixanthocentron",-97.11667,17.88333,"Balsas Basin province",21.2374992370605,235.59521484375,910,40,9.28338623046875
"Coryphantha pallida",-97.1761,17.4594,"Sierra Madre del Sur province",16.4249992370605,141.429397583008,582,9,1.91268920898438
"Mammillaria flavicentra",-97.162444,17.709861,"Sierra Madre del Sur province",14.9125003814697,175.617416381836,491,15,4.21017456054688
"Mammillaria flavicentra",-97.3668,17.28599,"Sierra Madre del Sur province",15.5416669845581,140.612823486328,773,26,3.43862915039062
"Coryphantha pallida",-97.13103,17.41961,"Sierra Madre del Sur province",16.8166675567627,144.432022094727,601,9,10.0602111816406
"Disocactus speciosus",-97.2976,16.78356,"Sierra Madre del Sur province",15.9833335876465,124.669242858887,1025,32,13.6537475585938
"Mammillaria mystax",-97.34253,17.8735,"Sierra Madre del Sur province",17.2541675567627,187.16130065918,475,15,1.08804321289062
"Peniocereus oaxacensis",-95.61806,16.10656,"Pacific Lowlands province",26.2000007629395,81.714599609375,771,5,8.77587890625
"Coryphantha retusa",-96.40061,16.93942,"Sierra Madre del Sur province",19.9375,123.161476135254,678,12,6.49195861816406
"Peniocereus oaxacensis",-96.19289,15.76711,"Pacific Lowlands province",27.0083332061768,95.675422668457,1225,17,1.39800834655762
"Coryphantha pallida",-97.187972,17.576194,"Sierra Madre del Sur province",14.6000003814697,163.234344482422,527,12,5.0645751953125
"Coryphantha pallida",-97.34056,17.80194,"Sierra Madre del Sur province",18.345832824707,196.612884521484,466,13,2.74787902832031
"Peniocereus oaxacensis",-95.6988,16.45575,"Pacific Lowlands province",24.2250003814697,110.895118713379,656,15,4.28769683837891
"Coryphantha pallida",-97.49528,17.83333,"Sierra Madre del Sur province",15.4250001907349,155.453872680664,621,22,4.942626953125
"Opuntia pubescens",-96.5523,16.25189,"Sierra Madre del Sur province",19.3500003814697,117.589431762695,770,29,2.763916015625
"Peniocereus oaxacensis",-95.6453,16.43865,"Pacific Lowlands province",25.7333335876465,119.131973266602,591,5,6.49205780029297
"Opuntia tomentosa",-97.6661,17.35822,"Sierra Madre del Sur province",17.970832824707,137.979873657227,758,17,3.95021057128906
"Neobuxbaumia tetetzo",-95.8727,16.43394,"Pacific Lowlands province",24.5125007629395,120.323913574219,587,6,2.16703033447266
"Pilosocereus chrysacanthus",-97.01369,17.43914,"Sierra Madre del Sur province",21.3875007629395,201.213638305664,797,23,4.65792846679688
"Neobuxbaumia tetetzo",-95.3135,16.38208,"Pacific Lowlands province",27.3083343505859,113.194000244141,717,3,3.60099792480469
"Mammillaria karwinskiana",-96.13156,16.50919,"Pacific Lowlands province",23.529167175293,126.804420471191,718,12,5.80361938476562
"Ferocactus recurvus",-96.19167,16.70528,"Pacific Lowlands province",23.6166667938232,128.157119750977,878,16,8.15682220458984
"Disocactus speciosus",-96.5058,16.06139,"Sierra Madre del Sur province",17.6833324432373,81.5846939086914,1226,32,7.38702392578125
"Disocactus speciosus",-97.62944,16.75556,"Sierra Madre del Sur province",15.4083337783813,109.166954040527,1133,32,4.4942626953125
"Mammillaria mystax",-97.40278,17.7025,"Sierra Madre del Sur province",15.375,161.80094909668,592,19,10.2251892089844
"Disocactus ackermannii",-96.5389,17.63267,"Sierra Madre del Sur province",12.9166669845581,143.974960327148,1330,56,7.018310546875
"Acanthocereus tetragonus",-96.18547,15.76083,"Pacific Lowlands province",27.0166664123535,96.6797332763672,1204,17,2.18924140930176
"Peniocereus oaxacensis",-94.9228,16.53028,"Pacific Lowlands province",27.1000003814697,160.312194824219,1039,11,0.860952258110046
"Opuntia pubescens",-95.6581,16.50813,"Sierra Madre del Sur province",23.0874996185303,96.3687210083008,705,10,4.14360046386719
"Pereskia lychnidiflora",-94.93,16.55806,"Pacific Lowlands province",27.033332824707,159.193008422852,1042,12,2.64268207550049
"Opuntia karwinskiana",-96.24536,15.72653,"Pacific Lowlands province",27.0249996185303,97.6193923950195,1104,17,4.67154216766357
"Pilosocereus leucocephalus",-94.7421,16.71478,"Pacific Lowlands province",25.7374992370605,190.729751586914,1513,77,9.75265502929688
"Mammillaria haageana",-97.38642,17.55453,"Sierra Madre del Sur province",14.6750001907349,141.091522216797,650,16,6.83447265625
"Mammillaria albilanata",-97.58569,16.84397,"Sierra Madre del Sur province",18.4541664123535,113.507286071777,1186,29,7.729736328125
"Peniocereus oaxacensis",-95.533,16.37006,"Pacific Lowlands province",25.25,110.350677490234,655,10,5.55812835693359
"Myrtillocactus schenckii",-95.9843,16.43333,"Sierra Madre del Sur province",23.1458339691162,112.076637268066,711,8,6.00816345214844
"Neobuxbaumia tetetzo",-96.9756,17.93447,"Balsas Basin province",25.1333332061768,241.353515625,882,35,4.71283721923828
"Disocactus speciosus",-97.78042,17.03347,"Sierra Madre del Sur province",16.1666660308838,126.083183288574,1095,34,2.196044921875
"Peniocereus fosterianus",-96.1761,15.74603,"Pacific Lowlands province",27.0208339691162,97.5252532958984,1178,18,3.29548358917236
"Mammillaria haageana",-96.9151,17.04683,"Sierra Madre del Sur province",17.779167175293,139.535903930664,708,19,9.34284973144531
"Neobuxbaumia tetetzo",-95.2268,16.42244,"Pacific Lowlands province",27.3374996185303,119.698928833008,818,6,3.23146820068359
"Neobuxbaumia tetetzo",-96.14597,16.67589,"Pacific Lowlands province",24.216667175293,139.484970092773,798,16,4.53520202636719
"Pereskiopsis kellermanii",-94.9317,16.57278,"Pacific Lowlands province",26.7708339691162,160.79997253418,1016,12,0.602015972137451
"Disocactus ackermannii",-96.7548,18.06578,"Sierra Madre del Sur province",16.2083339691162,176.169250488281,2012,87,5.434814453125
"Pereskiopsis kellermanii",-95.6033,16.3992,"Pacific Lowlands province",26.7625007629395,126.331558227539,615,5,1.20375823974609
"Pachycereus pecten-aboriginum",-96.490556,15.664167,"Pacific Lowlands province",26.1958332061768,97.0111999511719,816,15,2.75563097000122
"Opuntia huajuapensis",-97.758333,17.799083,"Balsas Basin province",21.4416675567627,187.481323242188,632,17,1.29830932617188
"Opuntia huajuapensis",-97.775833,17.804444,"Balsas Basin province",21.5708332061768,186.5166015625,644,18,0.900711059570312
"Escontria chiotilla",-97.75,17.73333,"Balsas Basin province",21.1291675567627,178.789596557617,627,13,5.80123901367188
"Pereskia lychnidiflora",-95.783611,16.395833,"Pacific Lowlands province",24.8583335876465,104.682037353516,629,9,3.4427490234375
"Pereskiopsis kellermanii",-96.312778,16.673056,"Pacific Lowlands province",24.033332824707,137.317367553711,843,15,5.13311004638672
"Polaskia chichipe",-97.502444,17.667625,"Sierra Madre del Sur province",17.6499996185303,170.053482055664,588,17,1.70574951171875
"Myrtillocactus schenckii",-96.41667,16.91667,"Balsas Basin province",20.904167175293,133.458526611328,681,13,0.595672607421875
"Pilosocereus chrysacanthus",-97.080722,18.13575,"Balsas Basin province",24.4375,238.261917114258,841,41,5.61072540283203
"Cephalocereus apicicephalium",-97.105969,16.733427,"Sierra Madre del Sur province",13.2041664123535,114.464324951172,915,28,5.34637451171875
"Mammillaria discolor",-97.376972,17.724028,"Sierra Madre del Sur province",16.9500007629395,183.04248046875,547,18,1.63381958007812
"Mammillaria flavicentra",-97.459694,17.675861,"Sierra Madre del Sur province",16.7083339691162,164.051452636719,591,18,8.03872680664062
"Mammillaria zephyranthoides",-97.5824,17.6803,"Sierra Madre del Sur province",18.3250007629395,177.05290222168,607,17,6.68319702148438
"Pereskia lychnidiflora",-95.019167,16.433056,"Pacific Lowlands province",27.5708332061768,142.086059570312,1045,10,0.257516622543335
"Mammillaria mystax",-97.385278,17.720167,"Sierra Madre del Sur province",16.5625,176.636825561523,559,19,1.24313354492188
"Disocactus ackermannii",-96.998049,18.1656841,"Sierra Madre del Sur province",12.9375,175.79850769043,1323,57,3.55758666992188
"Pereskia lychnidiflora",-95.275,16.271944,"Pacific Lowlands province",27.9624996185303,110.394432067871,831,5,0.3543701171875
"Opuntia tomentosa",-96.381698,16.903036,"Balsas Basin province",19.9791660308838,133.117477416992,660,11,5.1815185546875
"Pachycereus pecten-aboriginum",-95.278056,16.335556,"Pacific Lowlands province",28.216667175293,110.912170410156,864,14,0.202198505401611
"Coryphantha pallida",-97.513139,17.559778,"Sierra Madre del Sur province",15.0666666030884,150.534393310547,674,18,6.0325927734375
"Mammillaria albilanata",-97.521944,17.533778,"Sierra Madre del Sur province",15.2375001907349,147.619369506836,672,17,3.57476806640625
"Escontria chiotilla",-96.546944,17.313333,"Balsas Basin province",18.8624992370605,185.08137512207,1205,56,15.6997528076172
"Neobuxbaumia tetetzo",-96.3083651,16.6702005,"Pacific Lowlands province",24.033332824707,137.317367553711,843,15,2.57763671875
"Pereskia lychnidiflora",-95.177222,16.244444,"Pacific Lowlands province",28.2374992370605,110.476753234863,908,10,0.791112780570984
"Opuntia huajuapensis",-97.408778,17.588056,"Sierra Madre del Sur province",13.4208335876465,127.608390808105,755,19,9.2462158203125
"Opuntia huajuapensis",-97.503593,17.554424,"Sierra Madre del Sur province",14.5625,145.962707519531,689,16,7.15936279296875
"Opuntia decumbens",-95.1225,16.390833,"Pacific Lowlands province",27.8083324432373,130.224151611328,959,8,0.631402730941772
"Coryphantha pallida",-97.117917,17.32525,"Sierra Madre del Sur province",17.0625,141.696273803711,660,16,8.72659301757812
"Mammillaria flavicentra",-97.406167,17.876417,"Sierra Madre del Sur province",17.0083332061768,174.67936706543,501,13,2.0784912109375
"Stenocereus stellatus",-96.725,17.108333,"Balsas Basin province",20.8500003814697,149.514373779297,659,17,3.64918518066406
"Opuntia decumbens",-95.401389,16.350278,"Pacific Lowlands province",25.8916664123535,110.264823913574,640,4,8.19869232177734
"Opuntia streptacantha",-97.425003,17.55056,"Sierra Madre del Sur province",15.0541667938232,145.281219482422,647,19,2.54248046875
"Mammillaria zephyranthoides",-97.2211,17.4738,"Sierra Madre del Sur province",17.095832824707,148.330978393555,584,7,2.11309814453125
"Mammillaria huitzilopochtli",-96.941,17.8272,"Sierra Madre del Sur province",23.9125003814697,237.507186889648,1239,67,3.18325805664062
"Marginatocereus marginatus",-97.479278,17.505833,"Sierra Madre del Sur province",15.9583330154419,160.91828918457,655,18,2.56573486328125
"Stenocereus stellatus",-97.0841,17.9019,"Balsas Basin province",23.2291660308838,244.544616699219,935,46,4.28678894042969
"Acanthocereus tetragonus",-97.067,18.133,"Balsas Basin province",24.154167175293,239.701141357422,885,45,8.09033203125
"Mammillaria dixanthocentron",-97.045,18.070389,"Balsas Basin province",24.0166664123535,234.872634887695,1030,53,6.3028564453125
"Stenocereus pruinosus",-97.060194,18.149056,"Balsas Basin province",23.716667175293,241.268737792969,998,54,12.9244232177734
"Acanthocereus tetragonus",-97.0874,18.1362,"Balsas Basin province",24.7916660308838,238.402206420898,813,37,4.52652740478516
"Stenocereus treleasei",-96.735833,16.5675,"Balsas Basin province",22.0208339691162,119.40113067627,796,17,0.306060791015625
"Stenocactus crispatus",-97.34358,17.79764,"Sierra Madre del Sur province",17.9958324432373,192.241058349609,476,14,1.71153259277344
"Opuntia decumbens",-94.949444,16.633056,"Pacific Lowlands province",25.908332824707,167.736709594727,1056,30,6.36068534851074
"Opuntia auberi",-95,16.617,"Pacific Lowlands province",26.5416660308838,166.840072631836,1015,13,0.235795021057129
"Disocactus ackermannii",-96.083,17.233,"Sierra Madre del Sur province",14.9708337783813,145.296844482422,1527,77,9.16546630859375
"Opuntia pubescens",-95.5,16.317,"Pacific Lowlands province",25.2374992370605,121.189643859863,642,6,10.5560989379883
"Stenocereus pruinosus",-96.348889,16.608056,"Sierra Madre del Sur province",23.3041667938232,129.342010498047,788,12,8.08518981933594
"Stenocactus crispatus",-97.480833,17.80075,"Sierra Madre del Sur province",15.8083333969116,163.412933349609,602,19,8.27508544921875
"Stenocereus pruinosus",-96.733611,16.565278,"Balsas Basin province",22.0458335876465,118.637306213379,798,16,1.37057495117188
"Opuntia tomentosa",-96.896667,17.849167,"Sierra Madre del Sur province",16.875,190.316711425781,908,29,12.3032836914062
"Rhipsalis baccifera",-97.01667,16.15,"Sierra Madre del Sur province",21.8624992370605,95.1344680786133,1531,28,7.8472900390625
"Opuntia auberi",-96.533,16,"Sierra Madre del Sur province",20.1124992370605,75.6224136352539,1593,52,11.1111755371094
"Mammillaria zephyranthoides",-97.5588,17.6712,"Sierra Madre del Sur province",18.1333332061768,176.562301635742,607,17,7.28288269042969
"Mammillaria flavicentra",-96.932417,17.835278,"Sierra Madre del Sur province",23.5499992370605,241.237319946289,1349,74,10.2988739013672
"Mammillaria huitzilopochtli",-96.865111,17.265444,"Sierra Madre del Sur province",21.0249996185303,156.241348266602,735,18,8.15776062011719
"Mammillaria kraehenbuehlii",-97.558806,17.671222,"Sierra Madre del Sur province",18.1333332061768,176.562301635742,607,17,7.28288269042969
"Opuntia lasiacantha",-97.167198,17.878359,"Sierra Madre del Sur province",17.5708332061768,207.084274291992,570,20,19.1729125976562
"Stenocereus stellatus",-97.0423,17.4366,"Sierra Madre del Sur province",18.7708339691162,169.644805908203,664,15,11.8628234863281
"Pereskiopsis rotundifolia",-97.6,17.63333,"Sierra Madre del Sur province",17.4833335876465,173.130706787109,630,15,4.74069213867188
"Melocactus curvispinus",-95.266667,16.433333,"Pacific Lowlands province",26.9750003814697,127.413101196289,793,5,1.01771450042725
"Opuntia lasiacantha",-97.487778,17.836306,"Sierra Madre del Sur province",16.095832824707,164.350769042969,594,20,1.17764282226562
"Opuntia tomentosa",-97.031417,17.703861,"Balsas Basin province",23.0375003814697,220.424468994141,979,44,6.69296264648438
"Pilosocereus chrysacanthus",-97.01675,17.412444,"Sierra Madre del Sur province",20.8875007629395,193.591934204102,764,18,10.9847412109375
"Opuntia decumbens",-95.306944,16.381944,"Pacific Lowlands province",27.7250003814697,116.940155029297,824,4,20.2751884460449
"Mammillaria albilanata",-97.433,17.583,"Sierra Madre del Sur province",15.3041667938232,149.293151855469,630,18,2.04031372070312
"Pilosocereus chrysacanthus",-97.0602,18.1491,"Balsas Basin province",23.716667175293,241.268737792969,998,54,12.9244232177734
"Pilosocereus chrysacanthus",-96.926667,17.844444,"Sierra Madre del Sur province",23.5499992370605,241.811325073242,1367,75,8.1566162109375
"Mammillaria sphacelata",-97.2033,17.8477,"Sierra Madre del Sur province",19.154167175293,225.262054443359,566,20,3.57717895507812
"Mammillaria sphacelata",-97.205,17.858611,"Sierra Madre del Sur province",19.0375003814697,225.167861938477,566,21,2.10308837890625
"Opuntia huajuapensis",-97.3955,17.703417,"Sierra Madre del Sur province",15.5583333969116,163.454650878906,579,18,3.75686645507812
"Pereskiopsis diguetii",-95.335278,16.349444,"Pacific Lowlands province",27.0583324432373,124.842338562012,767,4,2.08623027801514
"Pilosocereus chrysacanthus",-96.488056,17.326389,"Balsas Basin province",17.0583343505859,168.669036865234,1350,59,5.2215576171875
"Opuntia tomentosa",-97.418194,17.690472,"Sierra Madre del Sur province",15.0541667938232,153.111038208008,608,16,10.2127990722656
"Mammillaria mystax",-97.41819,17.69047,"Sierra Madre del Sur province",15.0541667938232,153.111038208008,608,16,10.2127990722656
"Opuntia pilifera",-96.650556,17.054167,"Balsas Basin province",21.2916660308838,155.867568969727,639,13,0.488800048828125
"Opuntia decumbens",-95.126944,16.218333,"Pacific Lowlands province",27.8999996185303,112.754760742188,911,8,3.98793435096741
"Opuntia pilifera",-96.338611,16.596667,"Sierra Madre del Sur province",23.5708332061768,133.934494018555,802,10,10.9468383789062
"Cephalocereus apicicephalium",-96.231565,16.480214,"Sierra Madre del Sur province",21.1958332061768,109.242385864258,439,13,8.2471923828125
"Acanthocereus tetragonus",-94.94722,16.64167,"Pacific Lowlands province",25.6625003814697,171.916000366211,1083,35,15.8668899536133
"Mammillaria karwinskiana",-96.55,17.883333,"Veracruzan province",24.3208332061768,247.298675537109,2525,145,7.75762939453125
"Pachycereus weberi",-96.839444,17.489528,"Balsas Basin province",23.3083324432373,227.963653564453,932,40,5.78634643554688
"Mammillaria dixanthocentron",-97.067611,18.066028,"Balsas Basin province",24.8958339691162,235.694885253906,852,36,4.56610870361328
"Mammillaria haageana",-97.73333,18.16667,"Balsas Basin province",21.4958324432373,176.833984375,455,15,6.06657409667969
"Coryphantha pallida",-97.022583,17.412861,"Sierra Madre del Sur province",20.8875007629395,193.591934204102,764,18,5.015625
"Coryphantha pallida",-97.43075,17.67267,"Sierra Madre del Sur province",15.5375003814697,155.594543457031,598,17,7.20254516601562
"Mammillaria flavicentra",-97.217,17.45,"Sierra Madre del Sur province",17.529167175293,150.20378112793,608,9,1.50674438476562
"Mammillaria polyedra",-96.86667,17.71667,"Sierra Madre del Sur province",20,204.172378540039,1385,63,9.89430236816406
"Escontria chiotilla",-96.83333,17.48333,"Balsas Basin province",22.8999996185303,223.474624633789,978,42,4.03549194335938
"Ferocactus macrodiscus",-97.4465,17.6784,"Sierra Madre del Sur province",16.3583335876465,160.960662841797,587,18,11.3028869628906
"Mammillaria voburnensis",-95.01389,16.67306,"Pacific Lowlands province",25.7541656494141,174.67448425293,1012,17,7.40464305877686
"Opuntia velutina",-97.653861,18.211111,"Balsas Basin province",18.7583332061768,180.11149597168,545,15,8.4024658203125
"Opuntia decumbens",-96.95,17.817,"Sierra Madre del Sur province",24.5,233.062622070312,1050,52,7.21925354003906
"Coryphantha pallida",-97.391667,17.725,"Sierra Madre del Sur province",16.0625,168.430221557617,567,19,2.9454345703125
"Coryphantha pallida",-97.48333,17.81667,"Sierra Madre del Sur province",16.2541675567627,169.349807739258,569,16,6.04769897460938
"Peniocereus fosterianus",-95.02778,16.68083,"Pacific Lowlands province",25.5,173.152587890625,967,16,15.1479911804199
"Coryphantha retusa",-97.221056,17.47375,"Sierra Madre del Sur province",17.095832824707,148.330978393555,584,7,2.11309814453125
"Epiphyllum hookeri",-94.98528,16.65389,"Pacific Lowlands province",25.7999992370605,171.954010009766,1011,22,8.15548229217529
"Aporocactus martianus",-96.30111,16.30222,"Pacific Lowlands province",19.4458332061768,116.900459289551,731,22,12.6493072509766
"Mammillaria crucigera",-97.073917,18.09575,"Balsas Basin province",24.4791660308838,235.43440246582,886,44,22.2699127197266
"Mammillaria albilanata",-97.113333,17.791694,"Balsas Basin province",20.533332824707,231.882934570312,827,32,10.5438995361328
"Mammillaria haageana",-97.32272,18.07442,"Sierra Madre del Sur province",13.0583333969116,160.564819335938,673,19,10.2566223144531
"Melocactus curvispinus",-95.01111,16.63556,"Pacific Lowlands province",26.2625007629395,168.470733642578,994,14,5.64329814910889
"Mammillaria haageana",-97.55881,17.67122,"Sierra Madre del Sur province",18.1333332061768,176.562301635742,607,17,7.28288269042969
"Mammillaria kraehenbuehlii",-97.34492,18.05725,"Sierra Madre del Sur province",15.1125001907349,171.651397705078,617,20,13.9276123046875
"Mammillaria albilanata",-97.035,17.676028,"Sierra Madre del Sur province",19.5041656494141,194.707916259766,743,26,6.31768798828125
"Mammillaria flavicentra",-96.893222,17.84625,"Sierra Madre del Sur province",16.875,190.316711425781,908,29,6.35546875
"Stenocereus pruinosus",-97.083,18.067,"Balsas Basin province",25.091667175293,235.70817565918,828,35,2.36653900146484
"Opuntia depressa",-97.117,17.833,"Balsas Basin province",20.2000007629395,226.886016845703,806,31,9.78529357910156
"Disocactus ackermannii",-96.03333,17.3,"Sierra Madre del Sur province",18.1208324432373,174.283706665039,2916,198,8.57530212402344
"Opuntia pubescens",-97,17.383,"Sierra Madre del Sur province",19.3916664123535,175.652450561523,721,18,8.28410339355469
"Opuntia decumbens",-97.021861,17.523917,"Balsas Basin province",21.4333324432373,212.788146972656,843,29,7.94819641113281
"Mammillaria haageana",-97.95178,17.45153,"Sierra Madre del Sur province",21.1625003814697,165.613555908203,712,19,8.029296875
"Opuntia decumbens",-96.95111,17.71417,"Balsas Basin province",25.0083332061768,233.372833251953,781,32,6.63006591796875
"Opuntia pubescens",-96.94047,17.70969,"Balsas Basin province",25.1458339691162,243.650817871094,540,17,5.483642578125
"Opuntia velutina",-96.95067,17.713,"Balsas Basin province",25.0083332061768,233.372833251953,781,32,5.06364440917969
"Opuntia velutina",-96.29667,16.27,"Sierra Madre del Sur province",18.1916656494141,122.971405029297,917,29,7.75765991210938
"Mammillaria karwinskiana",-96.30778,16.67333,"Pacific Lowlands province",24.0041656494141,138.423873901367,845,15,10.5094604492188
"Escontria chiotilla",-96.93333,17.74917,"Balsas Basin province",24.3833332061768,241.240493774414,790,36,8.76097106933594
"Opuntia decumbens",-94.486944,16.201389,"Pacific Lowlands province",27.9750003814697,115.059288024902,1132,10,0.136964499950409
"Mammillaria haageana",-97.95,17.43333,"Sierra Madre del Sur province",19.6000003814697,156.843856811523,806,20,5.60612487792969
"Disocactus ackermannii",-96.67639,17.73944,"Sierra Madre del Sur province",14.6958332061768,158.149215698242,1446,64,4.68820190429688
"Mammillaria voburnensis",-94.95681,16.602,"Pacific Lowlands province",26.6124992370605,165.915176391602,1049,18,0.266558647155762
"Opuntia dejecta",-95.58028,15.96333,"Pacific Lowlands province",27.654167175293,84.5162353515625,916,6,1.27335715293884
"Mammillaria dixanthocentron",-97.065972,18.085844,"Balsas Basin province",24.3291664123535,236.628402709961,912,43,5.66923522949219
"Mammillaria solisioides",-97.8,17.933333,"Balsas Basin province",20.6166667938232,185.390655517578,595,18,1.84725952148438
"Mammillaria crucigera",-97.033,17.95,"Balsas Basin province",25.9375,242.103713989258,641,21,1.57122802734375
"Coryphantha pallida",-97.171361,17.360722,"Sierra Madre del Sur province",16.6124992370605,136.050201416016,650,12,5.37139892578125
"Opuntia decumbens",-96.03861,16.60083,"Pacific Lowlands province",24.0833339691162,142.323791503906,637,9,1.02092742919922
"Opuntia huajuapensis",-97.450611,17.616111,"Sierra Madre del Sur province",15.0375003814697,145.900436401367,648,19,5.85968017578125
"Pereskia lychnidiflora",-96.16892,15.74086,"Pacific Lowlands province",27.029167175293,97.7347717285156,1143,15,2.70667934417725
"Opuntia lasiacantha",-96.44222,17.30032,"Balsas Basin province",15.9624996185303,165.956253051758,1244,49,6.83917236328125
"Disocactus ackermannii",-96.9252,17.91097,"Sierra Madre del Sur province",22.033332824707,224.39143371582,1564,76,10.4001922607422
"Mammillaria albilanata",-96.95139,17.53406,"Sierra Madre del Sur province",17.3208332061768,185.784042358398,689,20,5.40185546875
"Opuntia pubescens",-96.28556,16.30056,"Sierra Madre del Sur province",18.7374992370605,115.99617767334,881,23,11.0843811035156
"Pereskiopsis diguetii",-95.38333,16.33333,"Pacific Lowlands province",26.5,128.080230712891,688,4,0.978891372680664
"Pereskiopsis kellermanii",-95.82361,16.34611,"Pacific Lowlands province",24.7124996185303,116.094108581543,632,7,5.68917083740234
"Mammillaria voburnensis",-95.85278,16.44417,"Pacific Lowlands province",24.2541656494141,107.162940979004,642,9,5.50936126708984
"Mammillaria mystax",-97.6838,18.17803,"Balsas Basin province",20.6708335876465,180.874877929688,490,14,4.27690124511719
"Mammillaria flavicentra",-97.46611,17.46419,"Sierra Madre del Sur province",13.841667175293,140.499649047852,742,16,3.00534057617188
"Escontria chiotilla",-97.65243,18.21153,"Balsas Basin province",18.7583332061768,180.11149597168,545,15,8.53634643554688
"Mammillaria supertexta",-96.97861,17.85583,"Balsas Basin province",25.341667175293,242.204208374023,669,23,11.8250427246094
"Opuntia karwinskiana",-98.217,16.346,"Pacific Lowlands province",27.0666675567627,104.60604095459,1357,8,2.10407638549805
"Peniocereus oaxacensis",-95.90861,15.86389,"Pacific Lowlands province",27.2250003814697,85.4799194335938,1105,13,4.01925182342529
"Ferocactus recurvus",-97.550917,18.032306,"Sierra Madre del Sur province",14.9583330154419,160.663864135742,591,15,11.5025329589844
"Mammillaria sphacelata",-96.965,17.70511,"Balsas Basin province",24.8916664123535,234.3349609375,761,31,13.942626953125
"Mammillaria sphacelata",-97.33717,18.09725,"Sierra Madre del Sur province",19.8333339691162,226.979507446289,594,22,5.84977722167969
"Opuntia decumbens",-96.95081,17.90964,"Sierra Madre del Sur province",24.2291660308838,237.768585205078,1235,63,12.9470672607422
"Opuntia tomentosa",-96.9334,17.91689,"Sierra Madre del Sur province",23.5083332061768,234.509490966797,1536,84,6.82032775878906
"Disocactus speciosus",-97.497694,17.832806,"Sierra Madre del Sur province",15.4250001907349,155.453872680664,621,22,5.51776123046875
"Mammillaria flavicentra",-97.217,17.483,"Sierra Madre del Sur province",16.9750003814697,147.948089599609,587,10,4.29953002929688
"Aporocactus martianus",-96.53833,17.42667,"Balsas Basin province",17.0541667938232,166.698684692383,1411,62,7.3072509765625
"Aporocactus martianus",-96.93861,17.46667,"Sierra Madre del Sur province",16.154167175293,160.997711181641,648,15,3.38531494140625
"Ferocactus macrodiscus",-97.16812,17.21308,"Sierra Madre del Sur province",20.1875,160.724578857422,773,18,4.58656311035156
"Ferocactus macrodiscus",-97.31047,17.26035,"Sierra Madre del Sur province",17.6208343505859,142.40559387207,735,18,7.45217895507812
"Mammillaria haageana",-97.304583,17.182383,"Sierra Madre del Sur province",16.2041664123535,122.964492797852,773,16,1.19781494140625
"Epiphyllum anguliger",-96.11014,16.01089,"Sierra Madre del Sur province",21.4791660308838,50.7873764038086,1365,40,12.8229827880859
"Mammillaria dixanthocentron",-96.965,17.705111,"Balsas Basin province",24.8916664123535,234.3349609375,761,31,13.942626953125
"Pilosocereus collinsii",-95.01339,16.61131,"Pacific Lowlands province",26.6749992370605,163.157760620117,1007,12,0.555360794067383
"Opuntia pilifera",-97.054167,17.4805,"Balsas Basin province",20.904167175293,199.982482910156,781,21,15.8498229980469
"Disocactus speciosus",-97.21936,16.72867,"Sierra Madre del Sur province",14.2666664123535,118.6923828125,971,27,3.19268798828125
"Mammillaria flavicentra",-97.16823,17.46575,"Sierra Madre del Sur province",16.1291675567627,138.915588378906,586,9,4.54351806640625
"Mammillaria flavicentra",-97.05032,17.484611,"Balsas Basin province",21.1458339691162,203.061309814453,787,22,12.7504119873047
"Coryphantha pallida",-96.95639,17.68306,"Balsas Basin province",24.6708335876465,231.324813842773,845,37,3.50762939453125
"Opuntia pilifera",-96.92181,17.717,"Balsas Basin province",24.6916675567627,244.120239257812,591,21,8.30498504638672
"Ferocactus macrodiscus",-97.22307,17.16078,"Sierra Madre del Sur province",17.7708339691162,134.510208129883,743,17,3.898681640625
"Acanthocereus tetragonus",-97.0307,17.515,"Balsas Basin province",21.7583332061768,210.581817626953,828,27,14.0406494140625
"Stenocereus pruinosus",-96.980056,17.902917,"Balsas Basin province",25.470832824707,249.540130615234,613,19,8.29757690429688
"Mammillaria dixanthocentron",-97.02361,17.95556,"Balsas Basin province",25.716667175293,240.863327026367,697,25,1.46128082275391
"Coryphantha pallida",-97.217472,17.4905,"Sierra Madre del Sur province",16.6375007629395,146.320388793945,576,9,4.97616577148438
"Peniocereus fosterianus",-96.21606,15.77303,"Pacific Lowlands province",27.0458335876465,96.6121368408203,1211,17,5.74714183807373
"Opuntia pubescens",-97.74167,18.17833,"Balsas Basin province",21.7749996185303,180.699432373047,429,15,8.38856506347656
"Opuntia huajuapensis",-97.13602,17.65175,"Sierra Madre del Sur province",16.6041660308838,183.828704833984,532,16,1.01014709472656
"Coryphantha pallida",-97.2012,17.47719,"Sierra Madre del Sur province",16.2625007629395,142.096710205078,578,10,6.48721313476562
"Mammillaria karwinskiana",-96.64853,16.85522,"Balsas Basin province",20.4416675567627,125.042434692383,628,10,10.2840576171875
"Mammillaria flavicentra",-97.06133,17.46786,"Sierra Madre del Sur province",19.8041667938232,189.70622253418,738,18,11.0065765380859
"Opuntia huajuapensis",-97.18534,17.25942,"Sierra Madre del Sur province",18.5625,141.503707885742,702,16,6.44699096679688
"Mammillaria flavicentra",-96.950833,17.34,"Sierra Madre del Sur province",18.8583335876465,161.130020141602,712,19,7.54209899902344
"Pachycereus weberi",-96.95361,17.92333,"Balsas Basin province",24.1625003814697,234.628555297852,1361,73,6.70480346679688
"Opuntia depressa",-96.95722,17.69644,"Balsas Basin province",24.8374996185303,232.605072021484,812,35,2.81423187255859
"Peniocereus oaxacensis",-95.71717,15.98103,"Pacific Lowlands province",27.6666660308838,75.8087844848633,956,11,0.458538055419922
"Disocactus speciosus",-97.62353,16.91486,"Sierra Madre del Sur province",16.1000003814697,129.404220581055,1086,29,4.56903076171875
"Mammillaria huitzilopochtli",-96.950556,17.788028,"Balsas Basin province",25.1291656494141,246.3779296875,579,19,6.31375885009766
"Mammillaria dixanthocentron",-97.054167,18.018556,"Balsas Basin province",25.1000003814697,236.479873657227,830,31,4.00091552734375
"Mammillaria zephyranthoides",-97.21944,17.45833,"Sierra Madre del Sur province",17.4624996185303,151.913925170898,604,8,0.681976318359375
"Mammillaria karwinskiana",-95.89594,16.65608,"Pacific Lowlands province",23.8708324432373,133.798645019531,779,18,8.7342529296875
"Opuntia tomentosa",-97.18363,17.20273,"Sierra Madre del Sur province",19.0625,148.570846557617,738,16,8.84022521972656
"Opuntia tomentosa",-97.05168,17.54156,"Sierra Madre del Sur province",15.8000001907349,146.302932739258,569,9,10.315673828125
"Coryphantha pallida",-97.3275,17.41747,"Sierra Madre del Sur province",16.2333335876465,154.850860595703,658,16,3.63412475585938
"Coryphantha pallida",-97.06133,17.46744,"Sierra Madre del Sur province",19.8041667938232,189.70622253418,738,18,8.77963256835938
"Mammillaria polyedra",-97.05026,17.5527,"Sierra Madre del Sur province",16.2999992370605,156.930786132812,542,10,9.79330444335938
"Opuntia pilifera",-97.33864,18.01936,"Sierra Madre del Sur province",16.033332824707,189.080718994141,571,16,12.581298828125
"Coryphantha elephantidens",-96.30167,16.29333,"Pacific Lowlands province",19.2708339691162,119.153427124023,751,23,6.71676635742188
"Opuntia auberi",-96.15917,15.73347,"Pacific Lowlands province",27.0083332061768,97.7667465209961,1159,15,3.93725323677063
"Opuntia karwinskiana",-94.99778,16.67694,"Pacific Lowlands province",25.5083332061768,174.340774536133,1026,25,3.37018585205078
"Opuntia dejecta",-94.61111,16.38722,"Pacific Lowlands province",27.7333335876465,136.120468139648,1013,10,0.427299857139587
"Stenocereus pruinosus",-97.06761,18.06603,"Balsas Basin province",24.8958339691162,235.694885253906,852,36,4.56610870361328
"Opuntia decumbens",-94.97889,16.74297,"Pacific Lowlands province",25.4416656494141,179.416122436523,1267,56,16.9806671142578
"Acanthocereus tetragonus",-94.96508,16.62031,"Pacific Lowlands province",25.9166660308838,157.383926391602,957,22,12.060359954834
"Opuntia pubescens",-97.67181,17.61619,"Sierra Madre del Sur province",20.5874996185303,171.240463256836,645,17,5.54006958007812
"Peniocereus fosterianus",-96.083,15.817,"Pacific Lowlands province",27.0874996185303,83.7779769897461,1265,17,4.82656669616699
"Opuntia pubescens",-96.04453,16.50478,"Pacific Lowlands province",24.0625,126.565216064453,601,6,1.65202331542969
"Opuntia decumbens",-95.98236,16.58661,"Pacific Lowlands province",24.5,138.449188232422,596,7,5.21640014648438
"Mammillaria polyedra",-96.45886,17.30289,"Balsas Basin province",17.9958324432373,182.662857055664,1371,66,5.68675231933594
"Opuntia tehuantepecana",-95.71325,15.97447,"Pacific Lowlands province",27.8250007629395,74.6050186157227,962,11,0.487264633178711
"Disocactus ackermannii",-96.92778,17.90833,"Sierra Madre del Sur province",21.3166656494141,217.520446777344,1494,63,11.9670867919922
"Stenocereus treleasei",-97.02092,17.41931,"Sierra Madre del Sur province",21.1916675567627,198.114227294922,775,18,4.15858459472656
"Peniocereus oaxacensis",-95.32556,16.365,"Pacific Lowlands province",27.2124996185303,122.551040649414,788,4,1.43295383453369
"Peniocereus oaxacensis",-96.14911,15.75389,"Pacific Lowlands province",27.0208339691162,94.591438293457,1197,16,3.28898334503174
"Opuntia auberi",-96.19044,15.76522,"Pacific Lowlands province",27.0166664123535,96.6797332763672,1204,17,4.1063289642334
"Opuntia auberi",-96.24278,15.73133,"Pacific Lowlands province",27.0249996185303,97.6193923950195,1104,17,6.20948028564453
"Opuntia auberi",-96.16631,15.75503,"Pacific Lowlands province",27.0416660308838,96.6444549560547,1170,15,1.45318174362183
"Mammillaria haageana",-96.9162,17.03131,"Sierra Madre del Sur province",16.9375,136.833099365234,734,20,10.9479064941406
"Stenocereus pruinosus",-95.57653,15.95589,"Pacific Lowlands province",27.6791667938232,84.4085998535156,918,5,1.93606233596802
"Mammillaria haageana",-97.58125,16.90128,"Sierra Madre del Sur province",15.9791669845581,127.733001708984,1075,28,10.8529357910156
"Pilosocereus chrysacanthus",-97.68238,18.17927,"Balsas Basin province",20.7666664123535,184.086608886719,482,14,2.70478820800781
"Aporocactus martianus",-96.42583,17.22778,"Sierra Madre del Sur province",15.3666667938232,164.252212524414,1056,42,7.29695129394531
"Opuntia tomentosa",-97.86667,17.31667,"Sierra Madre del Sur province",17.8166656494141,141.072738647461,894,26,5.28933715820312
"Acanthocereus tetragonus",-94.9517,16.615,"Pacific Lowlands province",26.1208324432373,161.237533569336,980,21,13.0694332122803
"Stenocereus pruinosus",-95.83742,15.86819,"Pacific Lowlands province",27.6749992370605,88.3304977416992,1043,8,6.57683753967285
"Cephalocereus apicicephalium",-96.127313,16.676255,"Pacific Lowlands province",23.2374992370605,111.276168823242,832,18,9.73249816894531
"Ferocactus macrodiscus",-97.1638,17.5237,"Sierra Madre del Sur province",14.6041669845581,143.913772583008,603,9,3.39431762695312
"Mammillaria flavicentra",-97.2013,17.46772,"Sierra Madre del Sur province",16.3708324432373,140.477401733398,582,10,3.48944091796875
"Aporocactus martianus",-96.48472,17.325,"Balsas Basin province",17.8374996185303,174.201110839844,1413,64,2.90144348144531
"Pilosocereus chrysacanthus",-97.6836,18.1725,"Balsas Basin province",20.5666675567627,178.673568725586,498,14,2.06793212890625
"Opuntia depressa",-96.841667,17.836389,"Sierra Madre del Sur province",15.5874996185303,197.10546875,1013,32,8.45217895507812
"Mammillaria carnea",-97.064944,17.376278,"Sierra Madre del Sur province",20.1083335876465,177.082824707031,715,16,2.22120666503906
"Coryphantha pallida",-97.217483,17.319028,"Sierra Madre del Sur province",18.3875007629395,138.877410888672,679,12,5.45433044433594
"Acanthocereus tetragonus",-94.98639,16.6625,"Pacific Lowlands province",25.5416660308838,165.293563842773,987,28,12.8355464935303
"Coryphantha pallida",-97.03527,17.43858,"Sierra Madre del Sur province",18.9958343505859,171.218338012695,677,16,9.41348266601562
"Coryphantha pallida",-97.05275,17.58317,"Sierra Madre del Sur province",16.5416660308838,171.183502197266,552,13,4.14877319335938
"Disocactus ackermannii",-96.55667,17.665,"Sierra Madre del Sur province",13.4958333969116,150.339874267578,1492,73,4.45599365234375
"Rhipsalis baccifera",-96.93944,17.91583,"Sierra Madre del Sur province",23.0666675567627,229.270919799805,1536,81,9.85661315917969
"Disocactus macranthus",-94.267,16.667,"Chiapas Highlands province",20.6166667938232,116.43049621582,853,36,21.2832336425781
"Mammillaria polyedra",-96.92717,17.61147,"Balsas Basin province",23.875,227.09130859375,939,38,11.1977081298828
"Neobuxbaumia scoparia",-94.9144,16.59944,"Pacific Lowlands province",25.904167175293,158.894714355469,985,21,12.4665718078613
"Opuntia depressa",-97.30295,17.065133,"Sierra Madre del Sur province",22.7041664123535,156.691024780273,1124,18,7.39192199707031
"Ferocactus macrodiscus",-97.2993,17.25259,"Sierra Madre del Sur province",17.3500003814697,140.809371948242,733,19,12.0199279785156
"Mammillaria dixanthocentron",-97.0568,17.4713,"Sierra Madre del Sur province",20.0874996185303,189.90576171875,748,19,5.23707580566406
"Ferocactus recurvus",-97.17611,17.21331,"Sierra Madre del Sur province",19.8208332061768,156.080657958984,757,16,7.39002990722656
"Mammillaria flavicentra",-97.172278,17.173639,"Sierra Madre del Sur province",18.2625007629395,150.123062133789,737,17,7.32832336425781
"Epiphyllum anguliger",-96.12369,15.98903,"Sierra Madre del Sur province",22.3166675567627,56.6622161865234,1490,35,6.36483764648438
"Mammillaria flavicentra",-97.3351,17.36938,"Sierra Madre del Sur province",15.1041660308838,137.600524902344,736,20,2.9697265625
"Mammillaria polyedra",-97.06133,17.47861,"Balsas Basin province",20.7875003814697,201.890213012695,776,20,16.5524139404297
"Myrtillocactus schenckii",-97.06133,17.47442,"Sierra Madre del Sur province",19.8041667938232,189.70622253418,738,18,9.26950073242188
"Pachycereus pecten-aboriginum",-94.98442,16.68278,"Pacific Lowlands province",25.4874992370605,173.377212524414,1047,32,5.5566291809082
"Epiphyllum anguliger",-96.10983,16.00336,"Sierra Madre del Sur province",22.1208343505859,60.9194030761719,1452,37,2.44534301757812
"Mammillaria flavicentra",-97.198,17.60393,"Sierra Madre del Sur province",14.3333330154419,160.472778320312,549,14,4.5526123046875
"Mammillaria karwinskiana",-97.2316,17.3336,"Sierra Madre del Sur province",17.5499992370605,135.361465454102,663,11,5.89114379882812
"Mammillaria supertexta",-96.98194,17.88833,"Balsas Basin province",25.3708343505859,246.80192565918,655,22,7.79300689697266
"Ferocactus recurvus",-96.3819,16.91353,"Balsas Basin province",20.3250007629395,135.587936401367,672,11,3.64154052734375
"Acanthocereus tetragonus",-95.00722,16.66472,"Pacific Lowlands province",25.7875003814697,171.955657958984,1008,20,4.49127388000488
"Opuntia pilifera",-95.88867,16.63572,"Pacific Lowlands province",23.4416675567627,125.550300598145,821,17,10.0104751586914
"Mammillaria albilanata",-97.180833,17.822222,"Sierra Madre del Sur province",19.2666664123535,232.274642944336,674,27,5.48501586914062
"Coryphantha pallida",-97.21692,17.33337,"Sierra Madre del Sur province",17.9541664123535,137.186981201172,666,10,0.7637939453125
"Disocactus ackermannii",-96.67361,17.74028,"Sierra Madre del Sur province",15.75,166.323867797852,1820,83,6.42947387695312
"Acanthocereus tetragonus",-96.15108,15.745,"Pacific Lowlands province",26.9750003814697,97.0824432373047,1179,15,3.33391380310059
"Mammillaria rekoi",-95.95258,16.54683,"Sierra Madre del Sur province",23.0833339691162,104.758010864258,697,7,10.7425689697266
"Opuntia karwinskiana",-95.52817,15.96817,"Pacific Lowlands province",27.6916675567627,86.755500793457,904,5,2.41700267791748
"Cephalocereus apicicephalium",-95.360988,16.44286,"Pacific Lowlands province",26.9541664123535,135.654312133789,786,5,3.2688570022583
"Peniocereus oaxacensis",-96.21681,15.77319,"Pacific Lowlands province",27.029167175293,96.4473266601562,1226,19,5.8346643447876
"Aporocactus martianus",-97.62383,16.91047,"Sierra Madre del Sur province",16.1000003814697,129.404220581055,1086,29,5.51846313476562
"Opuntia decumbens",-95.98158,16.54564,"Sierra Madre del Sur province",23.6041660308838,112.218490600586,739,9,4.32582092285156
"Acanthocereus tetragonus",-95.98914,16.57658,"Pacific Lowlands province",24.4125003814697,140.08317565918,596,6,9.73769378662109
"Acanthocereus tetragonus",-95.71058,16.03086,"Pacific Lowlands province",27.1166667938232,82.0568771362305,897,7,4.04674530029297
"Myrtillocactus schenckii",-95.93392,16.43056,"Pacific Lowlands province",23.8875007629395,101.670707702637,685,8,8.33254241943359
"Opuntia decumbens",-95.69911,16.00481,"Pacific Lowlands province",26.9750003814697,71.8742980957031,891,8,6.36618566513062
"Pereskiopsis diguetii",-95.65825,16.09361,"Pacific Lowlands province",26.7625007629395,85.841438293457,814,6,2.01168251037598
"Peniocereus oaxacensis",-96.19911,15.77847,"Pacific Lowlands province",26.9958324432373,93.7709426879883,1248,16,1.16055107116699
"Opuntia karwinskiana",-96.6729,16.41636,"Balsas Basin province",21.5708332061768,100.373336791992,598,7,6.86209106445312
"Opuntia decumbens",-97.93481,17.68619,"Sierra Madre del Sur province",21.7041664123535,168.286270141602,691,17,5.13835144042969
"Opuntia pubescens",-96.39036,16.93472,"Sierra Madre del Sur province",20.2250003814697,126.428215026855,683,12,1.42958068847656
"Disocactus speciosus",-96.23806,16.1345,"Sierra Madre del Sur province",16.3916664123535,80.3354873657227,1196,21,12.7014770507812
"Mammillaria voburnensis",-95.45278,16.40333,"Pacific Lowlands province",26.4249992370605,112.340805053711,613,5,8.0006103515625
"Mammillaria haageana",-96.9132,17.05483,"Sierra Madre del Sur province",17.9208335876465,138.358200073242,708,20,8.9215087890625
"Opuntia decumbens",-98.2095,16.34861,"Pacific Lowlands province",26.9500007629395,105.507461547852,1362,7,6.34048652648926
"Aporocactus martianus",-96.9479,17.47028,"Sierra Madre del Sur province",16.1958332061768,160.856491088867,634,13,6.03610229492188
"Acanthocereus tetragonus",-96.9402,15.788,"Pacific Lowlands province",26.5208339691162,88.1491088867188,948,16,0.375067114830017
"Mammillaria karwinskiana",-94.9522,16.61444,"Pacific Lowlands province",26.1208324432373,161.237533569336,980,21,15.7141265869141
"Opuntia pubescens",-95.8833,16.44806,"Pacific Lowlands province",24.2625007629395,118.515914916992,595,7,3.55239105224609
"Pereskia lychnidiflora",-95.3099,16.40295,"Pacific Lowlands province",27.375,124.745170593262,820,6,2.82335472106934
"Coryphantha pallida",-96.98797,17.735455,"Balsas Basin province",25.2250003814697,238.275039672852,611,21,2.48883819580078
"Ferocactus recurvus",-96.748817,16.951909,"Balsas Basin province",21.6666660308838,150.820999145508,665,11,2.66427612304688
"Mammillaria sphacelata",-97.664981,18.199492,"Balsas Basin province",19.3541660308838,178.636993408203,538,15,6.96693420410156
"Mammillaria rekoi",-96.319897,16.971685,"Sierra Madre del Sur province",16.7458343505859,124.671546936035,828,23,9.79025268554688
"Ferocactus recurvus",-97.624416,18.122171,"Balsas Basin province",17,173.113204956055,558,11,18.4326477050781
"Myrtillocactus schenckii",-96.516212,17.042445,"Balsas Basin province",19.1833324432373,139.354568481445,700,17,3.54304504394531
"Pachycereus pecten-aboriginum",-96.158944,15.766373,"Pacific Lowlands province",27.0750007629395,96.4247207641602,1178,16,6.06141090393066
"Neobuxbaumia tetetzo",-96.516275,17.037191,"Balsas Basin province",19.408332824707,138.150665283203,687,14,3.02955627441406
"Myrtillocactus geometrizans",-97.338794,18.116948,"Balsas Basin province",21.466667175293,234.145782470703,574,20,11.0478515625
"Pereskiopsis kellermanii",-96.200777,15.775575,"Pacific Lowlands province",27.0083332061768,96.3618621826172,1240,18,1.8130350112915
"Pereskiopsis kellermanii",-96.203695,15.741372,"Pacific Lowlands province",27.0166664123535,95.4971160888672,1181,18,1.34695148468018
"Acanthocereus tetragonus",-96.202141,15.737664,"Pacific Lowlands province",27.0166664123535,95.4971160888672,1181,18,2.9354133605957
"Pilosocereus collinsii",-96.157779,15.726099,"Pacific Lowlands province",27.0166664123535,98.4962768554688,1144,14,7.62697267532349
"Pilosocereus collinsii",-94.987096,16.739992,"Pacific Lowlands province",25.533332824707,182.723526000977,1240,50,12.9274597167969
"Ferocactus recurvus",-96.311466,16.94265,"Sierra Madre del Sur province",18.6041660308838,129.53515625,753,13,3.68853759765625
"Mammillaria polyedra",-97.134507,17.653808,"Sierra Madre del Sur province",16.6041660308838,183.828704833984,532,16,14.8395690917969
"Opuntia tomentosa",-96.631014,16.289185,"Sierra Madre del Sur province",19.404167175293,122.390182495117,731,27,12.1621398925781
"Opuntia tomentosa",-97.13432,17.653792,"Sierra Madre del Sur province",16.6041660308838,183.828704833984,532,16,12.1421203613281
"Mammillaria haageana",-96.63121,16.289905,"Sierra Madre del Sur province",19.404167175293,122.390182495117,731,27,15.1760101318359
"Disocactus speciosus",-96.657033,16.2715,"Sierra Madre del Sur province",17.6791667938232,119.819145202637,979,36,17.8115844726562
"Coryphantha elephantidens",-96.630763,16.289331,"Sierra Madre del Sur province",19.404167175293,122.390182495117,731,27,11.3596038818359
"Mammillaria albilanata",-96.673564,16.269026,"Sierra Madre del Sur province",17.8791675567627,120.084411621094,941,36,13.8789978027344
"Opuntia streptacantha",-96.516122,17.042706,"Balsas Basin province",19.1833324432373,139.354568481445,700,17,4.07768249511719
"Escontria chiotilla",-96.363183,16.567855,"Sierra Madre del Sur province",23.5166664123535,124.887817382812,803,11,10.8484802246094
"Mammillaria flavicentra",-97.342636,17.888968,"Sierra Madre del Sur province",17.8250007629395,197.08674621582,459,15,4.91618347167969
"Myrtillocactus schenckii",-96.912214,17.876671,"Sierra Madre del Sur province",22.8500003814697,246.972579956055,1559,85,12.6524505615234
"Pereskiopsis rotundifolia",-96.129494,15.768414,"Pacific Lowlands province",27.2291660308838,96.2585830688477,1181,17,1.74898386001587
"Acanthocereus tetragonus",-97.112168,18.097811,"Balsas Basin province",25.3125,240.237808227539,751,27,1.60579681396484
"Stenocereus treleasei",-96.516303,17.041478,"Balsas Basin province",19.408332824707,138.150665283203,687,14,5.80787658691406
"Ferocactus recurvus",-97.34269,17.889458,"Sierra Madre del Sur province",17.8250007629395,197.08674621582,459,15,5.68374633789062
"Mammillaria karwinskiana",-96.766737,17.040521,"Balsas Basin province",20.8083324432373,136.662063598633,657,15,9.92529296875
"Pachycereus pecten-aboriginum",-96.275862,16.864012,"Sierra Madre del Sur province",20.4333324432373,134.203598022461,771,16,11.2350006103516
"Opuntia decumbens",-96.912557,17.876834,"Sierra Madre del Sur province",22.8500003814697,246.972579956055,1559,85,13.9985504150391
"Mammillaria polyedra",-96.912557,17.875854,"Sierra Madre del Sur province",22.8500003814697,246.972579956055,1559,85,15.5068511962891
"Mammillaria albilanata",-96.656454,16.284091,"Sierra Madre del Sur province",18.9416675567627,122.712394714355,781,31,9.56590270996094
"Mammillaria albilanata",-96.630242,16.30815,"Sierra Madre del Sur province",19.5541667938232,118.061210632324,739,27,8.99824523925781
"Opuntia tehuacana",-96.913244,17.876753,"Sierra Madre del Sur province",22.8500003814697,246.972579956055,1559,85,22.7992401123047
"Stenocactus crispatus",-97.342733,17.88953,"Sierra Madre del Sur province",17.8250007629395,197.08674621582,459,15,5.68374633789062
"Opuntia tomentosa",-97.775807,17.809557,"Balsas Basin province",21.5,186.669372558594,637,19,0.787368774414062
"Pachycereus weberi",-96.994186,17.888727,"Balsas Basin province",25.8999996185303,246.94499206543,552,16,3.90142059326172
"Pachycereus pecten-aboriginum",-96.570507,15.672953,"Pacific Lowlands province",26,99.2471389770508,846,15,6.63733768463135
"Mammillaria mystax",-97.346708,17.88357,"Sierra Madre del Sur province",17.8250007629395,197.08674621582,459,15,5.47334289550781
"Marginatocereus marginatus",-96.912214,17.876181,"Sierra Madre del Sur province",22.8500003814697,246.972579956055,1559,85,16.6834716796875
"Myrtillocactus geometrizans",-96.994202,17.888666,"Balsas Basin province",25.8999996185303,246.94499206543,552,16,3.90142059326172
"Mammillaria albilanata",-96.624425,16.309883,"Sierra Madre del Sur province",20.375,120.23649597168,618,20,6.47486877441406
"Mammillaria albilanata",-96.669934,16.264524,"Sierra Madre del Sur province",17.4583339691162,118.893257141113,996,37,4.40640258789062
"Mammillaria albilanata",-96.665338,16.268282,"Sierra Madre del Sur province",17.8250007629395,119.344795227051,954,36,8.167724609375
"Pilosocereus collinsii",-96.202072,15.737508,"Pacific Lowlands province",27.0166664123535,95.4971160888672,1181,18,2.70959377288818
"Opuntia karwinskiana",-96.643408,16.30405,"Sierra Madre del Sur province",19.408332824707,121.596084594727,736,27,13.1497955322266
"Opuntia tomentosa",-96.824692,17.10318,"Balsas Basin province",21.2708339691162,147.87060546875,673,15,4.0283203125
"Pachycereus pecten-aboriginum",-96.175278,15.777328,"Pacific Lowlands province",27.0541667938232,95.3095092773438,1229,17,3.32581949234009
"Epiphyllum oxypetalum",-96.709384,17.09389,"Balsas Basin province",21.0083332061768,148.060699462891,652,14,0.74725341796875
"Stenocereus treleasei",-96.341354,16.939556,"Balsas Basin province",18.6166667938232,122.666091918945,729,13,10.7077178955078
"Myrtillocactus geometrizans",-97.647111,18.167239,"Balsas Basin province",19.966667175293,190.58918762207,489,14,4.55189514160156
"Pereskiopsis kellermanii",-96.175293,15.777994,"Pacific Lowlands province",27.0541667938232,95.3095092773438,1229,17,2.55334568023682
"Coryphantha elephantidens",-96.625379,16.803381,"Balsas Basin province",21.0125007629395,119.660980224609,672,12,5.37802124023438
"Mammillaria haageana",-97.656208,18.178061,"Balsas Basin province",20.1000003814697,188.486801147461,493,14,2.6212158203125
"Opuntia huajuapensis",-97.392618,17.931572,"Sierra Madre del Sur province",16.5625,164.705322265625,552,16,0.976318359375
"Mammillaria rekoi",-96.682365,17.125614,"Sierra Madre del Sur province",15.5416669845581,133.345626831055,761,22,14.1477966308594
"Mammillaria karwinskiana",-96.073388,15.810043,"Pacific Lowlands province",27.1749992370605,86.6156692504883,1218,16,5.98283386230469
"Pachycereus weberi",-96.961544,17.821123,"Balsas Basin province",24.904167175293,240.722961425781,742,29,8.36662292480469
"Opuntia tomentosa",-97.544498,17.696553,"Sierra Madre del Sur province",17.841667175293,172.017883300781,593,16,1.69241333007812
"Pachycereus weberi",-96.939205,17.70756,"Balsas Basin province",25.0625,241.981643676758,556,20,9.06790161132812
"Mammillaria karwinskiana",-96.858333,17.060278,"Sierra Madre del Sur province",20.8291664123535,147.161911010742,678,14,6.9383544921875
"Mammillaria karwinskiana",-96.35826,16.927888,"Balsas Basin province",20.0249996185303,131.22673034668,703,12,1.87312316894531
"Mammillaria karwinskiana",-96.737738,17.1788,"Sierra Madre del Sur province",18.1499996185303,143.130584716797,736,20,13.5202941894531
"Pachycereus weberi",-98.137299,17.826139,"Balsas Basin province",24.5666675567627,191.303359985352,723,10,3.74859619140625
"Mammillaria karwinskiana",-96.859444,17.061944,"Sierra Madre del Sur province",20.3875007629395,142.735046386719,681,15,3.85359191894531
"Pachycereus pecten-aboriginum",-96.185287,15.778744,"Pacific Lowlands province",26.9791660308838,95.0468292236328,1257,17,3.55170822143555
"Pachycereus pecten-aboriginum",-97.076584,15.916581,"Pacific Lowlands province",26.3166656494141,79.6678924560547,867,12,5.45009613037109
"Stenocereus treleasei",-96.767883,17.038703,"Balsas Basin province",20.8083324432373,136.662063598633,657,15,4.26785278320312
"Opuntia streptacantha",-97.129951,17.651526,"Sierra Madre del Sur province",18.7999992370605,208.086517333984,680,24,3.62698364257812
"Pachycereus pecten-aboriginum",-96.413722,16.941056,"Sierra Madre del Sur province",19.4833335876465,119.360687255859,686,12,8.62142944335938
"Neobuxbaumia tetetzo",-96.34925,16.576934,"Pacific Lowlands province",23.6333332061768,134.828735351562,807,10,9.810302734375
"Mammillaria discolor",-97.496141,17.839275,"Sierra Madre del Sur province",15.7541666030884,159.251937866211,613,23,5.47097778320312
"Pachycereus pecten-aboriginum",-96.114937,15.793805,"Pacific Lowlands province",27.2666664123535,91.2372741699219,1190,14,2.44088196754456
"Mammillaria mystax",-97.424133,17.90778,"Sierra Madre del Sur province",16.4500007629395,163.609832763672,552,17,6.86083984375
"Mammillaria karwinskiana",-95.78877,16.750442,"Pacific Lowlands province",24.591667175293,153.309463500977,879,31,11.1576461791992
"Mammillaria mystax",-97.505889,17.860633,"Sierra Madre del Sur province",14.1499996185303,139.951293945312,670,24,4.70999145507812
"Acanthocereus tetragonus",-96.113304,15.794927,"Pacific Lowlands province",27.2666664123535,91.2372741699219,1190,14,2.21307563781738
"Opuntia pubescens",-96.635049,16.308466,"Sierra Madre del Sur province",20.0416660308838,123.119171142578,652,22,6.89537048339844
"Coryphantha pallida",-97.031156,17.865569,"Balsas Basin province",25.6041660308838,243.538864135742,555,17,8.87479400634766
"Opuntia pubescens",-96.631363,16.30252,"Sierra Madre del Sur province",19.5541667938232,118.061210632324,739,27,4.32942199707031
"Mammillaria karwinskiana",-96.301633,16.914692,"Sierra Madre del Sur province",18.4791660308838,128.86669921875,729,14,11.3506469726562
"Stenocereus pruinosus",-96.630513,16.304463,"Sierra Madre del Sur province",19.5541667938232,118.061210632324,739,27,12.1298675537109
"Marginatocereus marginatus",-96.635224,16.302563,"Sierra Madre del Sur province",19.7625007629395,122.29109954834,676,24,3.69900512695312
"Mammillaria karwinskiana",-96.634689,16.302176,"Sierra Madre del Sur province",19.7625007629395,122.29109954834,676,24,6.77543640136719
"Coryphantha pallida",-96.981603,17.900879,"Balsas Basin province",25.470832824707,249.540130615234,613,19,5.40674591064453
"Mammillaria carnea",-97.06833,17.90819,"Balsas Basin province",24.0874996185303,241.050033569336,831,39,3.65065002441406
"Mammillaria carnea",-96.971114,17.909169,"Balsas Basin province",25.2000007629395,251.368957519531,668,22,14.5063705444336
"Mammillaria karwinskiana",-96.653625,16.957787,"Balsas Basin province",20.0166664123535,137.317367553711,627,10,4.86222839355469
"Mammillaria karwinskiana",-96.178773,17.185368,"Sierra Madre del Sur province",22.1041660308838,197.822891235352,1968,110,3.74992370605469
"Coryphantha elephantidens",-96.210964,16.689065,"Sierra Madre del Sur province",23.25,119.411422729492,835,15,5.42303466796875
"Mammillaria mystax",-96.490678,17.255555,"Sierra Madre del Sur province",16.466667175293,168.027770996094,1022,40,14.7699432373047
"Mammillaria albilanata",-96.48803,17.259864,"Sierra Madre del Sur province",16.6499996185303,169.048141479492,1046,41,8.68367004394531
"Opuntia pubescens",-96.88568,17.045161,"Sierra Madre del Sur province",19.0208339691162,140.542114257812,693,19,9.92507934570312
"Mammillaria mystax",-97.779738,17.740252,"Balsas Basin province",21.2875003814697,180.619201660156,651,14,3.85537719726562
"Mammillaria albilanata",-95.792406,16.752653,"Pacific Lowlands province",24.5083332061768,156.449752807617,876,31,7.44620513916016
"Mammillaria albilanata",-96.526597,17.304963,"Balsas Basin province",19.7374992370605,194.622299194336,1043,56,2.09318542480469
"Marginatocereus marginatus",-96.648906,16.302942,"Sierra Madre del Sur province",19.408332824707,121.596084594727,736,27,4.69764709472656
"Mammillaria haageana",-97.123362,17.667557,"Sierra Madre del Sur province",17.904167175293,199.390640258789,612,19,21.2888488769531
"Coryphantha elephantidens",-96.889051,17.073407,"Balsas Basin province",20.033332824707,147.637969970703,694,16,4.89028930664062
"Stenocereus treleasei",-96.85007,16.88046,"Sierra Madre del Sur province",19.2416667938232,135.241073608398,695,14,4.38375854492188
"Escontria chiotilla",-97.747046,17.824488,"Balsas Basin province",21.4791660308838,189.382476806641,619,20,0.497039794921875
"Stenocereus pruinosus",-96.562147,16.972712,"Balsas Basin province",21.4375,144.365768432617,646,10,0.20037841796875
"Opuntia decumbens",-95.233326,16.292389,"Pacific Lowlands province",28.2083339691162,112.590065002441,893,15,0.476487636566162
"Mammillaria karwinskiana",-96.643292,16.303915,"Sierra Madre del Sur province",19.408332824707,121.596084594727,736,27,12.9374542236328
"Coryphantha pallida",-97.25885,17.664607,"Sierra Madre del Sur province",13.3291664123535,146.558380126953,681,17,2.69818115234375
"Opuntia pubescens",-96.649574,16.300953,"Sierra Madre del Sur province",19.408332824707,121.596084594727,736,27,5.47315979003906
"Opuntia pubescens",-96.638552,16.299838,"Sierra Madre del Sur province",19.3374996185303,121.582832336426,743,28,2.19284057617188
"Mammillaria rekoi",-96.473427,17.32823,"Sierra Madre del Sur province",15.2208337783813,156.850524902344,1057,42,6.65914916992188
"Myrtillocactus geometrizans",-97.682244,18.180575,"Balsas Basin province",20.7666664123535,184.086608886719,482,14,1.15046691894531
"Epiphyllum oxypetalum",-96.639122,16.305716,"Sierra Madre del Sur province",19.7625007629395,122.29109954834,676,24,1.31976318359375
"Mammillaria karwinskiana",-95.932738,16.808173,"Pacific Lowlands province",23.6375007629395,133.776016235352,1208,38,4.82646179199219
"Acanthocereus tetragonus",-96.204796,15.72223,"Pacific Lowlands province",27.0249996185303,97.8519287109375,1124,16,3.66518998146057
"Mammillaria haageana",-96.490646,17.255394,"Sierra Madre del Sur province",16.466667175293,168.027770996094,1022,40,12.8578186035156
"Ferocactus recurvus",-97.780317,17.741705,"Balsas Basin province",21.3125,182.272567749023,647,14,2.18623352050781
"Pilosocereus collinsii",-96.202041,15.747006,"Pacific Lowlands province",27.0083332061768,94.9601364135742,1200,18,3.36310386657715
"Opuntia decumbens",-96.505397,15.659794,"Pacific Lowlands province",26.0583324432373,98.945198059082,825,17,9.87100505828857
"Aporocactus martianus",-96.55,17.38333,"Sierra Madre del Sur province",17.8708324432373,168.488723754883,1376,57,13.0581207275391
"Neobuxbaumia tetetzo",-96.253774,16.666248,"Sierra Madre del Sur province",24.0708332061768,141.171371459961,821,13,8.20733642578125
"Mammillaria haageana",-97.426174,17.969638,"Sierra Madre del Sur province",16.404167175293,168.650497436523,567,18,17.6438598632812
"Mammillaria albilanata",-96.640106,16.292374,"Sierra Madre del Sur province",19.3374996185303,121.582832336426,743,28,12.2163848876953
"Pilosocereus collinsii",-96.154488,15.734325,"Pacific Lowlands province",26.9874992370605,98.5376052856445,1163,15,5.1310772895813
"Mammillaria flavicentra",-97.43143,17.898511,"Sierra Madre del Sur province",16.2916660308838,162.240493774414,562,18,5.66647338867188
"Opuntia decumbens",-96.240415,15.772575,"Pacific Lowlands province",27.0458335876465,97.9669952392578,1192,20,2.52124691009521
"Mammillaria flavicentra",-97.26539,17.666117,"Sierra Madre del Sur province",13.3291664123535,146.558380126953,681,17,1.82583618164062
"Opuntia dejecta",-96.643159,16.304457,"Sierra Madre del Sur province",19.408332824707,121.596084594727,736,27,10.2199401855469
"Pilosocereus collinsii",-96.106631,15.764842,"Pacific Lowlands province",27.2875003814697,92.0504989624023,1163,14,1.27387428283691
"Acanthocereus tetragonus",-96.125167,15.751728,"Pacific Lowlands province",27.1666660308838,96.2320251464844,1158,15,7.84570980072021
"Myrtillocactus geometrizans",-97.17038,18.150911,"Balsas Basin province",24.8500003814697,238.4228515625,518,16,1.47809600830078
"Mammillaria karwinskiana",-96.129478,15.768417,"Pacific Lowlands province",27.2291660308838,96.2585830688477,1181,17,1.74898386001587
"Mammillaria karwinskiana",-96.631081,16.290516,"Sierra Madre del Sur province",19.404167175293,122.390182495117,731,27,13.7666320800781
"Opuntia decumbens",-96.077163,15.809286,"Pacific Lowlands province",27.1208324432373,85.691276550293,1249,17,3.40392780303955
"Pilosocereus collinsii",-96.136147,15.766157,"Pacific Lowlands province",27.158332824707,95.6991806030273,1182,16,1.01827144622803
"Mammillaria karwinskiana",-96.653403,16.265112,"Sierra Madre del Sur province",17.6666660308838,118.615760803223,977,37,7.93972778320312
"Mammillaria karwinskiana",-96.122799,15.764838,"Pacific Lowlands province",27.25,95.6793594360352,1150,15,1.74236154556274
"Mammillaria karwinskiana",-96.001137,15.87185,"Pacific Lowlands province",26.9249992370605,89.2264862060547,1178,13,2.0862865447998
"Opuntia streptacantha",-97.798561,17.8104,"Balsas Basin province",21.2583332061768,183.981658935547,638,19,4.50718688964844
"Pachycereus pecten-aboriginum",-95.016609,16.335922,"Pacific Lowlands province",27.3125,137.0654296875,971,8,0.463188678026199
"Acanthocereus tetragonus",-96.523304,15.673507,"Pacific Lowlands province",26.0541667938232,98.3837203979492,833,16,8.37865257263184
"Pachycereus pecten-aboriginum",-96.324635,16.702562,"Sierra Madre del Sur province",23.2916660308838,129.94465637207,841,16,5.99082946777344
"Mammillaria karwinskiana",-96.324925,16.702738,"Sierra Madre del Sur province",23.2916660308838,129.94465637207,841,16,3.78211975097656
"Marginatocereus marginatus",-96.694369,16.717235,"Balsas Basin province",21.6166667938232,129.146408081055,738,12,0.68487548828125
"Opuntia huajuapensis",-97.437326,17.919263,"Sierra Madre del Sur province",16.220832824707,164.544250488281,574,19,6.19268798828125
"Acanthocereus tetragonus",-96.473104,15.732754,"Pacific Lowlands province",26.1875,89.7502593994141,1028,19,3.41030120849609
"Pereskia lychnidiflora",-95.006629,16.467858,"Pacific Lowlands province",27.2291660308838,148.407577514648,1016,11,0.246387243270874
"Pachycereus pecten-aboriginum",-94.869778,16.582525,"Pacific Lowlands province",26.4291667938232,172.422027587891,1035,13,0.920132398605347
"Opuntia pubescens",-96.644052,16.290899,"Sierra Madre del Sur province",18.8624992370605,122.216728210449,807,31,5.0782470703125
"Neobuxbaumia tetetzo",-96.639499,17.016357,"Balsas Basin province",19.6166667938232,146.897201538086,638,12,15.9223175048828
"Mammillaria albilanata",-96.642752,16.279735,"Sierra Madre del Sur province",18.6749992370605,122.687705993652,828,32,9.7095947265625
"Pachycereus pecten-aboriginum",-96.938699,15.901448,"Pacific Lowlands province",25.9166660308838,85.6083297729492,927,12,8.35723781585693
"Pachycereus pecten-aboriginum",-95.005633,16.706549,"Pacific Lowlands province",25.3166656494141,171.163589477539,1092,41,9.20119476318359
"Opuntia decumbens",-96.513695,15.68387,"Pacific Lowlands province",25.9833335876465,96.9379501342773,904,17,3.91595315933228
"Opuntia decumbens",-97.68847,16.884975,"Sierra Madre del Sur province",18.5,97.2578582763672,1194,34,15.3655395507812
"Disocactus ackermannii",-96.547932,17.565884,"Sierra Madre del Sur province",16.279167175293,176.87255859375,1922,84,9.06394958496094
"Opuntia tomentosa",-96.763833,17.055431,"Balsas Basin province",20.7875003814697,138.171905517578,652,13,4.67384338378906
"Opuntia decumbens",-94.570999,16.239435,"Pacific Lowlands province",27.3958339691162,147.069213867188,1038,4,0.724940240383148
"Opuntia pilifera",-96.450203,16.959003,"Balsas Basin province",20.779167175293,133.645706176758,657,11,3.16619873046875
"Opuntia karwinskiana",-96.568795,15.704558,"Pacific Lowlands province",25.9249992370605,99.4873352050781,875,17,2.19200754165649
"Myrtillocactus schenckii",-96.943884,17.790313,"Balsas Basin province",24.6791667938232,241.194549560547,748,33,14.7398986816406
"Pilosocereus chrysacanthus",-96.944402,17.790162,"Balsas Basin province",24.6791667938232,241.194549560547,748,33,9.77496337890625
"Mammillaria carnea",-97.030032,17.864916,"Balsas Basin province",25.6041660308838,243.538864135742,555,17,4.3804931640625
"Pachycereus weberi",-96.943919,17.790129,"Balsas Basin province",24.6791667938232,241.194549560547,748,33,12.1809921264648
"Pilosocereus chrysacanthus",-97.038689,17.862927,"Balsas Basin province",25.4541664123535,240.50569152832,624,21,9.48262786865234
"Marginatocereus marginatus",-96.984337,17.89117,"Balsas Basin province",25.6666660308838,247.003234863281,577,18,10.6697616577148
"Marginatocereus marginatus",-96.98718,17.909862,"Balsas Basin province",25.6666660308838,246.60725402832,618,19,3.13816833496094
"Coryphantha pallida",-97.043633,17.861384,"Balsas Basin province",25.1041660308838,237.94059753418,713,30,7.82633972167969
"Marginatocereus marginatus",-96.943796,17.790261,"Balsas Basin province",24.6791667938232,241.194549560547,748,33,12.3598937988281
"Opuntia pubescens",-96.944055,17.789984,"Balsas Basin province",24.6791667938232,241.194549560547,748,33,9.03109741210938
"Opuntia decumbens",-97.039393,17.863526,"Balsas Basin province",25.4541664123535,240.50569152832,624,21,8.77207183837891
"Stenocereus pruinosus",-96.943886,17.790297,"Balsas Basin province",24.6791667938232,241.194549560547,748,33,14.7398986816406
"Myrtillocactus geometrizans",-97.044379,17.862638,"Balsas Basin province",25.1041660308838,237.94059753418,713,30,4.30479431152344
"Mammillaria carnea",-96.867003,17.798025,"Sierra Madre del Sur province",13.8583335876465,168.93830871582,906,32,11.5939636230469
"Marginatocereus marginatus",-97.04129,17.863169,"Balsas Basin province",25.4541664123535,240.50569152832,624,21,5.79278564453125
"Opuntia decumbens",-96.23808,15.692308,"Pacific Lowlands province",26.9250011444092,96.7071685791016,1082,16,1.08245396614075
"Mammillaria carnea",-97.050819,17.863094,"Balsas Basin province",24.7708339691162,241.994140625,690,28,9.37498474121094
"Marginatocereus marginatus",-97.04258,17.862358,"Balsas Basin province",25.1041660308838,237.94059753418,713,30,9.09683990478516
"Pilosocereus chrysacanthus",-97.043373,17.86248,"Balsas Basin province",25.1041660308838,237.94059753418,713,30,6.71228790283203
"Mammillaria carnea",-96.890941,17.798587,"Sierra Madre del Sur province",16.3125,182.633819580078,829,28,6.1702880859375
"Pachycereus pecten-aboriginum",-96.257446,15.71622,"Pacific Lowlands province",26.9791660308838,97.315315246582,1077,15,4.17802429199219
"Ferocactus recurvus",-97.204077,18.145747,"Balsas Basin province",24.5874996185303,238.852600097656,450,12,7.97364807128906
"Neobuxbaumia tetetzo",-97.037018,17.864466,"Balsas Basin province",25.4541664123535,240.50569152832,624,21,10.3796234130859
"Pachycereus weberi",-97.099619,18.0733,"Balsas Basin province",25.3500003814697,237.725967407227,771,30,4.75080871582031
"Myrtillocactus geometrizans",-96.450818,16.955842,"Balsas Basin province",21.0458335876465,136.605926513672,676,13,2.69737243652344
"Ferocactus recurvus",-97.042572,17.862771,"Balsas Basin province",25.1041660308838,237.94059753418,713,30,6.25760650634766
"Mammillaria karwinskiana",-96.635383,16.290306,"Sierra Madre del Sur province",19.1416664123535,121.315399169922,761,29,9.32879638671875
"Polaskia chichipe",-97.648376,18.010632,"Balsas Basin province",17.1958332061768,163.713424682617,592,13,7.71224975585938
"Stenocereus pruinosus",-97.658882,18.015207,"Balsas Basin province",17.9291667938232,170.059585571289,584,15,5.06094360351562
"Pachycereus pecten-aboriginum",-95.414863,16.035256,"Pacific Lowlands province",27.5833339691162,84.7545318603516,825,4,4.19008827209473
"Opuntia streptacantha",-97.325514,17.729345,"Sierra Madre del Sur province",17.2666664123535,185.157577514648,516,13,5.05059814453125
"Pilosocereus collinsii",-95.210267,16.254238,"Pacific Lowlands province",28.2083339691162,112.124778747559,887,8,0.613764762878418
"Opuntia streptacantha",-97.648102,18.010914,"Balsas Basin province",17.1958332061768,163.713424682617,592,13,4.70867919921875
"Mammillaria haageana",-97.659088,18.015682,"Balsas Basin province",17.9291667938232,170.059585571289,584,15,5.96810913085938
"Escontria chiotilla",-97.64814,18.010803,"Balsas Basin province",17.1958332061768,163.713424682617,592,13,6.0135498046875
"Mammillaria karwinskiana",-96.513847,17.04145,"Balsas Basin province",19.408332824707,138.150665283203,687,14,4.7335205078125
"Mammillaria haageana",-97.331908,17.871992,"Sierra Madre del Sur province",16.9166660308838,183.691116333008,500,16,1.99539184570312
"Mammillaria karwinskiana",-96.514205,17.041695,"Balsas Basin province",19.1833324432373,139.354568481445,700,17,3.83110046386719
"Opuntia pilifera",-96.567453,16.384344,"Balsas Basin province",21.7958335876465,105.624946594238,489,5,5.00047302246094
"Opuntia pubescens",-96.726639,17.090772,"Balsas Basin province",21.1958332061768,145.609344482422,654,16,7.10670471191406
"Coryphantha elephantidens",-96.637695,16.317307,"Sierra Madre del Sur province",20.2666664123535,121.1748046875,628,19,5.40464782714844
"Opuntia pubescens",-96.63829,16.319902,"Sierra Madre del Sur province",20.2666664123535,121.1748046875,628,19,3.26754760742188
"Epiphyllum anguliger",-97.836123,17.072445,"Sierra Madre del Sur province",21.6875,146.584213256836,1713,32,15.6356201171875
"Pereskia lychnidiflora",-96.115081,15.793794,"Pacific Lowlands province",27.2666664123535,91.2372741699219,1190,14,2.44088196754456
"Escontria chiotilla",-97.657043,18.01137,"Balsas Basin province",18.2999992370605,175.019485473633,569,14,8.57861328125
"Mammillaria haageana",-97.655172,18.009776,"Balsas Basin province",18.2999992370605,175.019485473633,569,14,9.53213500976562
"Coryphantha pallida",-96.64267,16.31694,"Sierra Madre del Sur province",19.8500003814697,121.860565185547,691,23,3.06718444824219
"Opuntia pubescens",-97.425557,17.929172,"Sierra Madre del Sur province",16.3166675567627,164.418167114258,572,19,0.74212646484375
"Opuntia huajuapensis",-97.510323,17.846705,"Sierra Madre del Sur province",14.0041666030884,134.560882568359,682,23,2.29916381835938
"Acanthocereus tetragonus",-95.210053,16.254412,"Pacific Lowlands province",28.2083339691162,112.124778747559,887,8,0.721785068511963
"Rhipsalis baccifera",-96.270363,17.798228,"Veracruzan province",25.0083332061768,240.291763305664,3524,233,1.35714292526245
"Ferocactus recurvus",-97.171678,18.169738,"Balsas Basin province",24.7875003814697,239.546203613281,493,15,0.687019348144531
"Coryphantha pallida",-97.683144,18.027174,"Balsas Basin province",18.125,171.444396972656,584,15,4.63925170898438
"Pachycereus pecten-aboriginum",-96.185131,15.729554,"Pacific Lowlands province",26.970832824707,94.3026962280273,1197,17,4.61465644836426
"Pachycereus pecten-aboriginum",-94.98748,16.628863,"Pacific Lowlands province",26.2666664123535,168.850860595703,1006,17,4.90433979034424
"Coryphantha pallida",-97.653069,18.009418,"Balsas Basin province",18.2999992370605,175.019485473633,569,14,9.10336303710938
"Opuntia huajuapensis",-97.34045,17.822454,"Sierra Madre del Sur province",16.5541667938232,171.510131835938,527,17,3.65234375
"Ferocactus recurvus",-97.656178,18.177647,"Balsas Basin province",20.1000003814697,188.486801147461,493,14,2.94366455078125
"Ferocactus recurvus",-96.328036,16.932317,"Balsas Basin province",19.4541664123535,131.39909362793,723,14,6.42485046386719
"Opuntia tomentosa",-97.340501,17.82242,"Sierra Madre del Sur province",16.5541667938232,171.510131835938,527,17,3.65234375
"Coryphantha elephantidens",-96.783674,17.078514,"Balsas Basin province",20.9333324432373,143.785400390625,661,16,2.45550537109375
"Pachycereus pecten-aboriginum",-96.179161,15.729148,"Pacific Lowlands province",26.9958324432373,95.5952377319336,1180,16,3.7923002243042
"Opuntia lasiacantha",-97.361467,17.872222,"Sierra Madre del Sur province",17.529167175293,192.181945800781,455,12,1.046630859375
"Opuntia tomentosa",-97.323074,17.722833,"Sierra Madre del Sur province",16.8875007629395,180.026840209961,520,13,2.16180419921875
"Mammillaria karwinskiana",-97.159254,17.29841,"Sierra Madre del Sur province",18.0208339691162,138.276031494141,679,16,6.11065673828125
"Pachycereus pecten-aboriginum",-95.200804,16.53184,"Pacific Lowlands province",26.5458335876465,133.866577148438,641,3,2.27285194396973
"Opuntia tomentosa",-97.50985,17.860947,"Sierra Madre del Sur province",14.3249998092651,144.308700561523,656,24,4.9556884765625
"Mammillaria haageana",-97.511787,17.852792,"Sierra Madre del Sur province",13.908332824707,135.643814086914,685,25,4.76284790039062
"Mammillaria mystax",-97.316965,17.705271,"Sierra Madre del Sur province",16.7916660308838,178.616302490234,525,13,2.32696533203125
"Pachycereus pecten-aboriginum",-96.542208,15.668319,"Pacific Lowlands province",26.0458335876465,98.729606628418,849,14,4.9983959197998
"Mammillaria karwinskiana",-96.831583,17.721415,"Balsas Basin province",17.1499996185303,188.800033569336,1235,44,7.2208251953125
"Coryphantha pallida",-96.637847,16.318675,"Sierra Madre del Sur province",20.2666664123535,121.1748046875,628,19,4.94949340820312
"Opuntia decumbens",-95.201135,16.533169,"Pacific Lowlands province",26.5458335876465,133.866577148438,641,3,1.61472320556641
"Acanthocereus tetragonus",-96.2557,15.72523,"Pacific Lowlands province",27.0249996185303,97.6193923950195,1109,18,0.432037830352783
"Stenocereus pruinosus",-98.045832,17.547478,"Balsas Basin province",21.2625007629395,160.342300415039,731,16,5.53028869628906
"Opuntia pilifera",-96.980777,17.911839,"Balsas Basin province",25.3583335876465,246.906631469727,700,25,7.14171600341797
"Coryphantha pallida",-97.259231,17.705408,"Sierra Madre del Sur province",13.9125003814697,152.376998901367,624,13,11.2044982910156
"Opuntia streptacantha",-97.357351,17.853461,"Sierra Madre del Sur province",15.8625001907349,166.816772460938,545,14,12.6470336914062
"Mammillaria haageana",-97.249742,17.675543,"Sierra Madre del Sur province",13.375,152.606155395508,651,19,6.14633178710938
"Mammillaria haageana",-97.24254,17.665438,"Sierra Madre del Sur province",13.4208335876465,150.08268737793,656,19,10.1817932128906
"Opuntia lasiacantha",-97.126942,17.654544,"Sierra Madre del Sur province",18.7999992370605,208.086517333984,680,24,3.34486389160156
"Coryphantha pallida",-96.957254,17.688544,"Balsas Basin province",24.6499996185303,228.264205932617,899,40,12.7088775634766
"Opuntia pilifera",-96.995007,17.624722,"Sierra Madre del Sur province",20.720832824707,212.126220703125,948,38,11.5706481933594
"Opuntia lasiacantha",-97.120624,17.644461,"Sierra Madre del Sur province",16.7124996185303,183.180541992188,538,15,14.8865356445312
"Pachycereus pecten-aboriginum",-95.850979,16.778684,"Pacific Lowlands province",24.279167175293,158.465072631836,918,32,6.36407470703125
"Stenocereus treleasei",-96.569346,16.99626,"Balsas Basin province",21.1458339691162,144.826812744141,642,11,2.68817138671875
"Stenocereus treleasei",-96.820622,17.223737,"Balsas Basin province",21.7000007629395,161.807983398438,710,17,0.203033447265625
"Stenocereus treleasei",-96.454442,16.958579,"Balsas Basin province",20.779167175293,133.645706176758,657,11,1.34794616699219
"Opuntia streptacantha",-96.305841,16.670595,"Pacific Lowlands province",24.0041656494141,138.423873901367,845,15,0.908355712890625
"Marginatocereus marginatus",-97.134149,17.655809,"Sierra Madre del Sur province",16.6041660308838,183.828704833984,532,16,7.9781494140625
"Myrtillocactus geometrizans",-96.305804,16.670618,"Pacific Lowlands province",24.0041656494141,138.423873901367,845,15,0.908355712890625
"Mammillaria albilanata",-96.784221,17.086953,"Balsas Basin province",21.3583335876465,148.275436401367,657,14,11.0122375488281
"Stenocereus stellatus",-97.654195,18.012108,"Balsas Basin province",18.2999992370605,175.019485473633,569,14,11.2596740722656
"Pachycereus weberi",-96.990908,17.894158,"Balsas Basin province",25.7458324432373,249.776794433594,558,16,3.6923828125
"Ferocactus recurvus",-97.316458,17.879582,"Sierra Madre del Sur province",15.4791669845581,162.836502075195,565,17,4.71957397460938
"Stenocereus stellatus",-96.97825,17.829722,"Balsas Basin province",25.3500003814697,243.954177856445,606,21,15.2131805419922
"Stenocereus pruinosus",-97.428436,17.929635,"Sierra Madre del Sur province",16.3166675567627,164.418167114258,572,19,6.02801513671875
"Opuntia huajuapensis",-97.313712,17.878888,"Sierra Madre del Sur province",15.4791669845581,162.836502075195,565,17,9.38784790039062
"Coryphantha elephantidens",-96.735698,17.08436,"Balsas Basin province",21.25,145.258392333984,658,15,9.556884765625
"Pachycereus weberi",-97.079111,18.148931,"Balsas Basin province",24.3583335876465,236.73762512207,842,42,2.90658569335938
"Acanthocereus tetragonus",-97.090356,15.867261,"Pacific Lowlands province",26.6749992370605,80.4956359863281,927,12,1.72023820877075
"Neobuxbaumia tetetzo",-96.275483,16.867217,"Sierra Madre del Sur province",19.3541660308838,126.157524108887,701,12,8.15913391113281
"Opuntia streptacantha",-97.346592,17.856395,"Sierra Madre del Sur province",16.3250007629395,172.778091430664,527,15,9.89974975585938
"Coryphantha elephantidens",-96.744445,17.144103,"Sierra Madre del Sur province",20.6124992370605,157.380905151367,689,18,5.62664794921875
"Opuntia pubescens",-96.632562,16.803453,"Balsas Basin province",21.0125007629395,119.660980224609,672,12,3.69697570800781
"Pereskiopsis kellermanii",-96.192222,15.757763,"Pacific Lowlands province",27.0083332061768,95.6041641235352,1207,17,2.48214244842529
"Mammillaria haageana",-97.246391,17.320177,"Sierra Madre del Sur province",17.5083332061768,131.871719360352,679,13,2.728271484375
"Stenocereus pruinosus",-96.322449,16.934712,"Sierra Madre del Sur province",18.970832824707,129.060562133789,743,14,11.2659759521484
"Myrtillocactus schenckii",-96.322685,16.932844,"Balsas Basin province",19.1166667938232,130.180526733398,734,14,10.7615661621094
"Stenocereus treleasei",-96.322857,16.931424,"Balsas Basin province",19.1166667938232,130.180526733398,734,14,7.05908203125
"Mammillaria albilanata",-96.27687,16.86922,"Sierra Madre del Sur province",19.3541660308838,126.157524108887,701,12,1.55599975585938
"Ferocactus recurvus",-96.323822,16.933867,"Sierra Madre del Sur province",18.970832824707,129.060562133789,743,14,9.92774963378906
"Mammillaria karwinskiana",-96.323492,16.936515,"Sierra Madre del Sur province",18.970832824707,129.060562133789,743,14,19.2635803222656
"Pilosocereus leucocephalus",-96.851828,17.576106,"Balsas Basin province",24.2708339691162,229.76725769043,840,32,5.83818817138672
"Stenocereus pruinosus",-97.773496,17.817347,"Balsas Basin province",21.4291667938232,187.791702270508,625,20,5.31388854980469
"Stenocereus pruinosus",-96.958656,17.793447,"Balsas Basin province",25.2083339691162,247.311325073242,567,17,0.6326904296875
"Mammillaria haageana",-97.438425,17.791439,"Sierra Madre del Sur province",14.6708335876465,144.433975219727,641,20,10.8774108886719
"Mammillaria haageana",-97.935156,17.693797,"Balsas Basin province",21.408332824707,167.248199462891,685,17,20.2427062988281
"Stenocereus pruinosus",-95.232983,16.292579,"Pacific Lowlands province",28.2083339691162,112.590065002441,893,15,0.44507360458374
"Mammillaria haageana",-97.442626,17.788323,"Sierra Madre del Sur province",15.0458335876465,150.415466308594,617,18,15.8384704589844
"Mammillaria haageana",-97.446026,17.796682,"Sierra Madre del Sur province",15.3583335876465,155.955017089844,605,18,7.63491821289062
"Ferocactus recurvus",-97.430254,17.796314,"Sierra Madre del Sur province",15.6666669845581,160.416107177734,586,18,12.4676208496094
"Neobuxbaumia tetetzo",-96.252182,16.672298,"Sierra Madre del Sur province",23.7374992370605,131.220230102539,844,16,12.3698883056641
"Mammillaria albilanata",-97.903748,17.710107,"Balsas Basin province",20.4500007629395,173.925277709961,692,18,11.0662078857422
"Stenocactus crispatus",-97.436816,17.790698,"Sierra Madre del Sur province",14.6708335876465,144.433975219727,641,20,6.03530883789062
"Stenocereus pruinosus",-96.67903,16.418567,"Balsas Basin province",21.6083335876465,99.4949340820312,614,8,3.35031127929688
"Pachycereus pecten-aboriginum",-96.578138,15.716978,"Pacific Lowlands province",26.1124992370605,99.1584014892578,873,17,1.34121322631836
"Opuntia huajuapensis",-97.334876,17.725217,"Sierra Madre del Sur province",17.2083339691162,182.779449462891,523,13,2.19525146484375
"Cephalocereus columna-trajani",-97.040087,17.86244,"Balsas Basin province",25.4541664123535,240.50569152832,624,21,5.47181701660156
"Disocactus speciosus",-96.440201,16.1383,"Sierra Madre del Sur province",16.7541656494141,93.0165863037109,1170,25,11.8833618164062
"Cephalocereus apicicephalium",-95.025,16.441667,"Pacific Lowlands province",27.4500007629395,143.003479003906,1027,10,0.772832870483398
"Neobuxbaumia tetetzo",-97.062189,17.91408,"Balsas Basin province",24.6375007629395,241.859497070312,725,30,6.67416381835938
"Stenocereus treleasei",-96.643136,16.316115,"Sierra Madre del Sur province",19.6124992370605,121.526748657227,717,24,3.29421997070312
"Neobuxbaumia tetetzo",-96.982594,17.900469,"Balsas Basin province",25.470832824707,249.540130615234,613,19,2.15111541748047
"Neobuxbaumia tetetzo",-97.045961,17.861473,"Balsas Basin province",25.1041660308838,237.94059753418,713,30,10.3818359375
"Neobuxbaumia tetetzo",-97.022238,17.883735,"Balsas Basin province",25.6875,240.56867980957,627,21,15.1603088378906
"Ferocactus recurvus",-97.171362,17.18548,"Sierra Madre del Sur province",19.5791664123535,158.508071899414,762,17,6.62046813964844
"Mammillaria karwinskiana",-96.324151,16.933082,"Sierra Madre del Sur province",19.1166667938232,130.180526733398,734,14,10.8502807617188
"Mammillaria rekoi",-96.21933,16.809789,"Sierra Madre del Sur province",18.5,122.474494934082,701,14,4.50949096679688
"Mammillaria karwinskiana",-96.466682,16.412748,"Sierra Madre del Sur province",20.6375007629395,90.9076690673828,611,15,9.94309997558594
"Mammillaria haageana",-97.071211,17.751385,"Sierra Madre del Sur province",17.4583339691162,190.678619384766,620,21,6.56854248046875
"Mammillaria karwinskiana",-96.718347,16.234465,"Sierra Madre del Sur province",19.125,104.739952087402,894,23,21.3383636474609
"Mammillaria karwinskiana",-97.012555,16.674041,"Sierra Madre del Sur province",18.2416667938232,120.601417541504,876,22,13.9589233398438
"Opuntia tomentosa",-96.579751,15.670217,"Pacific Lowlands province",26.0666656494141,101.20484161377,829,14,1.22759604454041
"Pereskiopsis kellermanii",-96.203369,15.762681,"Pacific Lowlands province",27.0208339691162,96.1404876708984,1213,18,2.40383338928223
"Coryphantha pallida",-97.553781,17.677348,"Sierra Madre del Sur province",18.0625,173.560653686523,599,16,2.14682006835938
"Mammillaria albilanata",-96.979894,17.898263,"Balsas Basin province",25.4375,248.624664306641,624,20,1.31008148193359
"Mammillaria haageana",-96.467848,16.402959,"Balsas Basin province",20.9916667938232,96.0783996582031,511,12,16.1365966796875
"Ferocactus recurvus",-97.316506,17.547775,"Sierra Madre del Sur province",15.5833330154419,137.400085449219,587,13,6.45269775390625
"Mammillaria karwinskiana",-96.466705,16.416836,"Sierra Madre del Sur province",21.1458339691162,92.3545074462891,472,11,4.9259033203125
"Stenocactus crispatus",-97.431552,17.898707,"Sierra Madre del Sur province",16.2916660308838,162.240493774414,562,18,3.665283203125
"Mammillaria albilanata",-97.234609,17.846767,"Sierra Madre del Sur province",15.5249996185303,175.984237670898,542,17,4.7642822265625
"Stenocereus pruinosus",-97.452538,18.045279,"Balsas Basin province",21.4249992370605,220.345779418945,497,19,7.35063171386719
"Mammillaria albilanata",-97.285972,17.63498,"Sierra Madre del Sur province",14.4499998092651,150.800903320312,593,13,2.01052856445312
"Ferocactus recurvus",-97.161024,17.297467,"Sierra Madre del Sur province",18.0208339691162,138.276031494141,679,16,12.7233276367188
"Mammillaria albilanata",-97.314864,17.549328,"Sierra Madre del Sur province",15.5833330154419,137.400085449219,587,13,7.274658203125
"Myrtillocactus geometrizans",-97.502778,17.857778,"Sierra Madre del Sur province",14.7291669845581,144.983673095703,643,23,14.861083984375
"Pachycereus pecten-aboriginum",-96.557226,15.71822,"Pacific Lowlands province",26.0874996185303,98.6298370361328,884,18,3.6797924041748
"Myrtillocactus geometrizans",-96.323599,16.930446,"Balsas Basin province",19.1166667938232,130.180526733398,734,14,3.29779052734375
"Opuntia karwinskiana",-96.149514,15.743374,"Pacific Lowlands province",26.970832824707,97.1516571044922,1178,15,3.56714773178101
"Mammillaria karwinskiana",-96.71088,16.308585,"Sierra Madre del Sur province",18.8958339691162,120.481201171875,800,25,12.6461181640625
"Mammillaria karwinskiana",-96.601529,16.339124,"Balsas Basin province",21.3208332061768,117.752792358398,544,12,1.20881652832031
"Mammillaria karwinskiana",-96.773492,16.318319,"Sierra Madre del Sur province",19.8166675567627,97.4290771484375,823,17,4.25395202636719
"Mammillaria albilanata",-96.638686,16.280263,"Sierra Madre del Sur province",19.1000003814697,124.316314697266,753,30,9.48138427734375
"Pachycereus pecten-aboriginum",-95.840709,15.913746,"Pacific Lowlands province",27.6458339691162,82.5298538208008,1042,10,2.54190826416016
"Mammillaria albilanata",-96.646771,16.301635,"Sierra Madre del Sur province",19.408332824707,121.596084594727,736,27,4.99656677246094
"Mammillaria karwinskiana",-96.791001,16.218691,"Sierra Madre del Sur province",20.3916664123535,111.311058044434,1041,22,13.7536315917969
"Pachycereus pecten-aboriginum",-96.451471,16.955816,"Balsas Basin province",21.0458335876465,136.605926513672,676,13,2.91224670410156
"Pachycereus pecten-aboriginum",-96.076338,15.81247,"Pacific Lowlands province",27.1208324432373,85.691276550293,1249,17,3.68404674530029
"Ferocactus recurvus",-97.431366,17.98439,"Sierra Madre del Sur province",17.2416667938232,179.466796875,547,18,5.67349243164062
"Mammillaria albilanata",-96.648297,16.288975,"Sierra Madre del Sur province",18.8624992370605,122.216728210449,807,31,7.83920288085938
"Pilosocereus collinsii",-95.01241,16.538002,"Pacific Lowlands province",27.0791664123535,155.716186523438,1004,10,0.747854948043823
"Marginatocereus marginatus",-96.449022,16.957703,"Balsas Basin province",20.9333343505859,135.182250976562,677,13,3.31755065917969
"Opuntia streptacantha",-97.272525,17.762359,"Sierra Madre del Sur province",16.1708335876465,175.764022827148,514,15,1.90509033203125
"Opuntia tomentosa",-96.638476,16.299815,"Sierra Madre del Sur province",19.3374996185303,121.582832336426,743,28,2.44622802734375
"Opuntia tomentosa",-97.689747,17.245814,"Sierra Madre del Sur province",18.1083335876465,140.483474731445,844,20,0.27301025390625
"Pachycereus pecten-aboriginum",-94.999783,16.539368,"Pacific Lowlands province",27.0541667938232,157.573333740234,1018,11,0.249139547348022
"Opuntia decumbens",-95.001303,16.542004,"Pacific Lowlands province",27.0208339691162,157.096633911133,1005,11,0.387803554534912
"Opuntia decumbens",-95.000486,16.540149,"Pacific Lowlands province",27.0666656494141,157.051406860352,1008,10,0.171741485595703
"Rhipsalis baccifera",-96.70167,18.2825,"Veracruzan province",25.2041664123535,246.433258056641,2762,145,2.66568565368652
"Opuntia decumbens",-94.22203,16.462702,"Pacific Lowlands province",26.7583332061768,117.972137451172,1377,10,2.57931327819824
"Ferocactus recurvus",-96.473349,16.649191,"Balsas Basin province",21.375,121.121658325195,635,10,7.99986267089844
"Opuntia tomentosa",-96.771478,17.088914,"Balsas Basin province",21.7291660308838,154.367584228516,661,15,1.99615478515625
"Ferocactus recurvus",-96.343344,16.802284,"Sierra Madre del Sur province",19.5541667938232,120.763832092285,605,7,7.21414184570312
"Opuntia karwinskiana",-96.771982,17.089726,"Balsas Basin province",21.7291660308838,154.367584228516,661,15,2.6842041015625
"Mammillaria albilanata",-96.908361,17.543712,"Balsas Basin province",17.970832824707,178.089065551758,729,23,17.2302093505859
"Mammillaria carnea",-96.848999,17.588819,"Balsas Basin province",23.9500007629395,227.556198120117,970,42,4.87454986572266
"Mammillaria albilanata",-96.479649,16.398246,"Balsas Basin province",21.5625,99.6613464355469,412,9,3.42080688476562
"Coryphantha pallida",-97.343561,17.602205,"Sierra Madre del Sur province",14.0500001907349,134.941070556641,672,16,4.54681396484375
"Mammillaria albilanata",-96.475975,16.400503,"Balsas Basin province",21.3374996185303,95.9195785522461,430,11,9.57461547851562
"Mammillaria flavicentra",-97.451012,18.0455,"Balsas Basin province",21.4249992370605,220.345779418945,497,19,13.059326171875
"Disocactus speciosus",-96.71961,17.026361,"Balsas Basin province",21.8083324432373,151.339950561523,645,11,0.485076904296875
"Pilosocereus chrysacanthus",-97.819679,17.765092,"Balsas Basin province",21.033332824707,179.877899169922,655,17,2.47979736328125
"Ferocactus recurvus",-97.36238,17.858719,"Sierra Madre del Sur province",16.7000007629395,177.097808837891,502,12,10.4850769042969
"Myrtillocactus geometrizans",-96.719555,17.026461,"Balsas Basin province",21.8083324432373,151.339950561523,645,11,0.584274291992188
"Myrtillocactus geometrizans",-96.319903,16.694106,"Sierra Madre del Sur province",23.6749992370605,135.571197509766,854,16,2.31611633300781
"Ferocactus recurvus",-97.729829,17.793064,"Balsas Basin province",19.9958324432373,172.05256652832,628,13,12.8287353515625
"Mammillaria albilanata",-96.443442,16.900447,"Balsas Basin province",20.5583324432373,136.6953125,638,10,1.70875549316406
"Pachycereus pecten-aboriginum",-94.843333,16.603869,"Pacific Lowlands province",25.8291664123535,171.138671875,1098,34,7.01438331604004
"Stenocereus pruinosus",-96.450112,16.957143,"Balsas Basin province",21.0458335876465,136.605926513672,676,13,4.09580993652344
"Marginatocereus marginatus",-96.35903,16.928533,"Balsas Basin province",20.0750007629395,131.018753051758,693,12,1.40452575683594
"Marginatocereus marginatus",-96.514689,15.663047,"Pacific Lowlands province",26.1124992370605,100.682342529297,806,16,5.95417881011963
"Coryphantha pallida",-96.629982,16.29399,"Sierra Madre del Sur province",18.9916667938232,116.166687011719,835,30,2.22175598144531
"Myrtillocactus geometrizans",-96.309958,15.685022,"Pacific Lowlands province",26.9208335876465,96.7296371459961,1000,15,8.32755947113037
"Opuntia pubescens",-96.627624,16.290209,"Sierra Madre del Sur province",19.404167175293,122.390182495117,731,27,5.29623413085938
"Pachycereus pecten-aboriginum",-94.872801,16.58679,"Pacific Lowlands province",26.0208339691162,169.22900390625,1014,18,16.113395690918
"Mammillaria karwinskiana",-96.513793,16.971397,"Balsas Basin province",21.5125007629395,140.391098022461,663,11,0.0678253173828125
"Pachycereus pecten-aboriginum",-94.959728,16.366001,"Pacific Lowlands province",27.216667175293,140.943756103516,976,8,0.529842436313629
"Opuntia streptacantha",-97.336694,18.123908,"Balsas Basin province",21.466667175293,234.145782470703,574,20,11.2057647705078
"Pachycereus pecten-aboriginum",-94.902034,16.564511,"Pacific Lowlands province",26.8083324432373,162.604278564453,1020,11,4.81340169906616
"Neobuxbaumia tetetzo",-96.158834,15.734961,"Pacific Lowlands province",27.0083332061768,97.7667465209961,1159,15,0.594999074935913
"Pachycereus pecten-aboriginum",-96.525496,17.305059,"Balsas Basin province",19.7374992370605,194.622299194336,1043,56,11.5776977539062
"Opuntia pilifera",-96.504407,16.906785,"Balsas Basin province",19.154167175293,148.820510864258,625,10,4.56724548339844
"Pachycereus pecten-aboriginum",-95.094794,16.524707,"Pacific Lowlands province",27.4833335876465,140.588592529297,915,7,5.43070507049561
"Pachycereus pecten-aboriginum",-94.992822,16.622461,"Pacific Lowlands province",26.5249996185303,167.175735473633,1026,15,1.03915023803711
"Opuntia karwinskiana",-95.01254,16.537954,"Pacific Lowlands province",27.0791664123535,155.716186523438,1004,10,0.747854948043823
"Mammillaria albilanata",-96.474113,17.258873,"Balsas Basin province",15.2208337783813,160.091720581055,956,35,10.7725524902344
"Mammillaria albilanata",-96.477634,17.258099,"Sierra Madre del Sur province",15.4208335876465,160.559494018555,933,35,3.80538940429688
"Melocactus curvispinus",-95.216205,16.583455,"Pacific Lowlands province",26.8041667938232,148.147018432617,746,6,2.02558135986328
"Pilosocereus collinsii",-95.314068,16.38081,"Pacific Lowlands province",27.3083343505859,113.194000244141,717,3,2.64719772338867
"Pachycereus pecten-aboriginum",-95.016804,16.334043,"Pacific Lowlands province",27.3791675567627,135.972259521484,969,8,0.82617199420929
"Myrtillocactus geometrizans",-96.72324,17.065794,"Balsas Basin province",21.7333335876465,151.647537231445,661,13,1.19432067871094
"Opuntia karwinskiana",-96.136227,15.766042,"Pacific Lowlands province",27.158332824707,95.6991806030273,1182,16,1.01827144622803
"Pachycereus pecten-aboriginum",-95.016457,16.354031,"Pacific Lowlands province",27.4208335876465,135.302001953125,989,9,0.371349334716797
"Opuntia decumbens",-96.154523,15.734272,"Pacific Lowlands province",26.9874992370605,98.5376052856445,1163,15,5.1310772895813
"Pachycereus pecten-aboriginum",-95.307818,16.381955,"Pacific Lowlands province",27.7250003814697,116.940155029297,824,4,10.3473300933838
"Ferocactus recurvus",-97.715431,17.668625,"Sierra Madre del Sur province",21.5750007629395,166.985321044922,651,14,16.2857360839844
"Mammillaria karwinskiana",-96.39868,16.922585,"Balsas Basin province",20.6625003814697,133.877914428711,687,13,0.244842529296875
"Coryphantha elephantidens",-96.721839,17.064632,"Balsas Basin province",21.7333335876465,151.647537231445,661,13,0.95916748046875
"Opuntia pilifera",-96.449668,16.958433,"Balsas Basin province",20.7666664123535,134.28825378418,664,11,3.040283203125
"Coryphantha elephantidens",-96.359192,16.928262,"Balsas Basin province",20.0750007629395,131.018753051758,693,12,1.25341796875
"Pachycereus pecten-aboriginum",-94.971542,16.61875,"Pacific Lowlands province",26.1916675567627,163.468566894531,985,18,4.51716613769531
"Pereskia lychnidiflora",-96.136339,15.766015,"Pacific Lowlands province",27.158332824707,95.6991806030273,1182,16,1.01827144622803
"Mammillaria flavicentra",-96.880407,17.824343,"Sierra Madre del Sur province",21.1749992370605,247.078399658203,1604,82,3.64247131347656
"Coryphantha elephantidens",-96.870064,17.040997,"Sierra Madre del Sur province",18.8916664123535,134.279800415039,689,18,9.35739135742188
"Marginatocereus marginatus",-97.974349,17.926206,"Balsas Basin province",22.4624996185303,169.747467041016,614,20,2.49690246582031
"Stenocereus stellatus",-97.933166,17.899079,"Balsas Basin province",21.3875007629395,173.756942749023,653,19,7.67057800292969
"Acanthocereus tetragonus",-95.077626,16.479988,"Pacific Lowlands province",27.5124988555908,140.682174682617,978,7,0.256909370422363
"Acanthocereus tetragonus",-95.233391,16.620949,"Pacific Lowlands province",26.5458335876465,149.095108032227,659,4,1.1967716217041
"Ferocactus recurvus",-97.442499,17.655692,"Sierra Madre del Sur province",15.8874998092651,153.979415893555,603,16,2.67196655273438
"Pachycereus pecten-aboriginum",-95.233307,16.620865,"Pacific Lowlands province",26.6208324432373,151.54443359375,716,5,1.1967716217041
"Opuntia auberi",-97.05,18.083333,"Balsas Basin province",24.125,237.338470458984,955,48,6.4739990234375
"Stenocereus pruinosus",-96.656675,16.853519,"Balsas Basin province",20.9791660308838,131.641021728516,661,10,1.6864013671875
"Stenocereus treleasei",-96.80465,17.168925,"Balsas Basin province",21.654167175293,162.459197998047,683,14,2.33750915527344
"Mammillaria karwinskiana",-96.67384,16.857348,"Balsas Basin province",21.3791675567627,137.534454345703,720,11,7.12229919433594
"Mammillaria karwinskiana",-96.871746,17.039019,"Sierra Madre del Sur province",18.8916664123535,134.279800415039,689,18,6.95538330078125
"Stenocereus stellatus",-96.673496,16.857611,"Balsas Basin province",21.3791675567627,137.534454345703,720,11,8.00651550292969
"Pachycereus pecten-aboriginum",-96.330837,16.601207,"Sierra Madre del Sur province",23.625,136.456771850586,805,11,4.38545227050781
"Pereskia lychnidiflora",-94.890514,16.45873,"Pacific Lowlands province",27.2875003814697,152.853546142578,1008,13,0.69709712266922
"Rhipsalis baccifera",-95.299065,16.883904,"Sierra Madre del Sur province",23.8083324432373,155.648696899414,1295,65,4.81454086303711
"Pereskiopsis kellermanii",-96.193139,15.764125,"Pacific Lowlands province",27.0208339691162,96.1404876708984,1206,18,2.90204238891602
"Disocactus ackermannii",-96.958333,18.141667,"Sierra Madre del Sur province",15.2250003814697,191.957611083984,1525,64,12.33251953125
"Cephalocereus apicicephalium",-94.995246,16.581287,"Pacific Lowlands province",26.9125003814697,159.304214477539,1006,11,0.234150886535645
"Escontria chiotilla",-96.356111,16.598889,"Sierra Madre del Sur province",22.6000003814697,108.878570556641,616,9,3.54354858398438
"Opuntia tomentosa",-97.569999,17.27,"Sierra Madre del Sur province",17.5249996185303,119.096969604492,774,16,5.76922607421875
"Opuntia pilifera",-96.338056,16.923333,"Balsas Basin province",19.8291664123535,134.374969482422,713,13,1.00465393066406
"Ferocactus recurvus",-97.575,18.025,"Sierra Madre del Sur province",13.9833335876465,143.627258300781,631,13,12.5681762695312
"Opuntia pubescens",-96.000238,16.000833,"Pacific Lowlands province",25.654167175293,80.7762985229492,1069,12,3.27457427978516
"Melocactus curvispinus",-94.728638,16.418519,"Pacific Lowlands province",27.5041656494141,147.33171081543,968,11,0.282126665115356
"Coryphantha retusa",-97.457032,17.43368,"Sierra Madre del Sur province",13.5124998092651,142.192672729492,756,19,4.4033203125
"Cephalocereus columna-trajani",-97.290312,18.152276,"Balsas Basin province",23.2291660308838,244.711853027344,363,10,17.2888641357422
"Opuntia decumbens",-94.891393,16.458561,"Pacific Lowlands province",27.2875003814697,152.853546142578,1008,13,0.26953399181366
"Cephalocereus columna-trajani",-97.330948,18.125912,"Sierra Madre del Sur province",21.5625,238.881134033203,561,20,2.76882934570312
"Opuntia auberi",-96.936944,17.711944,"Balsas Basin province",25.1458339691162,243.650817871094,540,17,4.5821533203125
"Pachycereus weberi",-96.961111,17.758333,"Balsas Basin province",25.341667175293,244.0830078125,542,18,3.11371612548828
"Opuntia velutina",-96.933575,17.683561,"Balsas Basin province",25.0375003814697,239.944381713867,558,19,0.308876037597656
"Opuntia decumbens",-96.942028,17.710306,"Balsas Basin province",25.1124992370605,239.194915771484,620,23,5.44564056396484
"Mammillaria huitzilopochtli",-96.929833,17.71925,"Balsas Basin province",24.9500007629395,244.391632080078,564,18,4.38741302490234
"Epiphyllum oxypetalum",-97.066667,18.133333,"Balsas Basin province",24.154167175293,239.701141357422,885,45,8.76445007324219
"Mammillaria huitzilopochtli",-96.986844,17.941278,"Balsas Basin province",25.3541660308838,238.798706054688,830,32,16.4565048217773
"Mammillaria huitzilopochtli",-96.983964,17.857458,"Balsas Basin province",25.5041675567627,242.369522094727,625,21,5.90184783935547
"Mammillaria huitzilopochtli",-96.97035,17.907983,"Balsas Basin province",25.1166667938232,247.710708618164,718,26,6.83457183837891
"Mammillaria kraehenbuehlii",-97.27818,17.83275,"Sierra Madre del Sur province",19.3541660308838,219.45654296875,441,11,10.8829193115234
"Mammillaria huitzilopochtli",-96.974889,17.913083,"Balsas Basin province",25.2000007629395,251.368957519531,668,22,16.6127700805664
"Mammillaria kraehenbuehlii",-97.566917,17.665972,"Sierra Madre del Sur province",17.658332824707,172.110321044922,622,18,6.064208984375
"Mammillaria kraehenbuehlii",-97.56425,17.661,"Sierra Madre del Sur province",17.2124996185303,166.952987670898,627,18,5.48406982421875
"Mammillaria kraehenbuehlii",-97.27518,17.81598,"Sierra Madre del Sur province",18.2333335876465,205.916290283203,465,13,3.48667907714844
"Mammillaria kraehenbuehlii",-97.27844,17.81833,"Sierra Madre del Sur province",19.1875,217.507843017578,447,12,5.60478210449219
"Mammillaria huitzilopochtli",-96.989389,17.879361,"Balsas Basin province",25.654167175293,246.359451293945,569,17,13.3582916259766
"Mammillaria kraehenbuehlii",-97.27271,17.81535,"Sierra Madre del Sur province",18.7000007629395,215.269393920898,455,11,7.023681640625
"Mammillaria huitzilopochtli",-96.959917,17.826583,"Balsas Basin province",24.8125,237.468902587891,872,39,12.7538299560547
"Mammillaria kraehenbuehlii",-97.31502,17.80873,"Sierra Madre del Sur province",19.125,207.435638427734,441,10,4.27020263671875
"Mammillaria kraehenbuehlii",-97.30966,17.30154,"Sierra Madre del Sur province",16.2250003814697,129.413024902344,726,17,9.93630981445312
"Mammillaria kraehenbuehlii",-97.16704,17.49087,"Sierra Madre del Sur province",15.2624998092651,137.495864868164,602,8,4.36575317382812
"Mammillaria huitzilopochtli",-96.990444,17.867611,"Balsas Basin province",25.595832824707,245.990173339844,594,19,12.15380859375
"Mammillaria kraehenbuehlii",-97.309661,17.784872,"Sierra Madre del Sur province",18.2250003814697,199.550628662109,465,11,4.06243896484375
"Mammillaria huitzilopochtli",-96.984944,17.866222,"Balsas Basin province",25.5750007629395,245.176162719727,596,20,7.46732330322266
"Mammillaria huitzilopochtli",-96.993139,17.852278,"Balsas Basin province",25.6791667938232,243.445526123047,588,18,6.35475158691406
"Mammillaria huitzilopochtli",-96.998778,17.863194,"Balsas Basin province",25.7666664123535,243.500350952148,573,17,9.61183929443359
"Mammillaria kraehenbuehlii",-97.2963,17.82419,"Sierra Madre del Sur province",19.5499992370605,216.63752746582,457,11,1.39720153808594
"Mammillaria kraehenbuehlii",-97.30386,17.80791,"Sierra Madre del Sur province",18.8833332061768,205.419006347656,446,10,4.37661743164062
"Polaskia chichipe",-97.647653,18.231075,"Balsas Basin province",19.2749996185303,189.670776367188,515,13,3.35319519042969
"Escontria chiotilla",-97.647636,18.231042,"Balsas Basin province",19.2749996185303,189.670776367188,515,13,3.35319519042969
"Pachycereus pecten-aboriginum",-96.768519,17.046445,"Balsas Basin province",20.3166675567627,134.575653076172,662,16,2.90200805664062
"Pachycereus pecten-aboriginum",-94.084431,16.235186,"Pacific Lowlands province",28.25,97.0473022460938,1558,7,0.737202286720276
"Opuntia tehuantepecana",-96.578,15.67,"Pacific Lowlands province",26.0666656494141,101.20484161377,829,14,1.89687895774841
"Pachycereus weberi",-97.273056,18.154303,"Balsas Basin province",23.5708332061768,241.345275878906,392,12,9.58262634277344
"Myrtillocactus schenckii",-96.460638,16.999574,"Balsas Basin province",20.0874996185303,128.135665893555,659,11,3.65214538574219
"Acanthocereus tetragonus",-97.667489,15.977319,"Pacific Lowlands province",26.6041660308838,129.938064575195,1161,11,0.255076944828033
"Coryphantha elephantidens",-96.602213,16.875183,"Balsas Basin province",19.9375,137.214599609375,624,8,2.77909851074219
"Pachycereus pecten-aboriginum",-97.661094,15.978292,"Pacific Lowlands province",26.595832824707,131.018005371094,1162,12,0.32280158996582
"Marginatocereus marginatus",-96.594849,16.329011,"Balsas Basin province",21.3166656494141,117.711769104004,527,12,0.39263916015625
"Stenocereus pruinosus",-94.891158,16.458614,"Pacific Lowlands province",27.2875003814697,152.853546142578,1008,13,0.365199148654938
"Stenocereus pruinosus",-96.926619,17.721936,"Balsas Basin province",24.9500007629395,244.391632080078,564,18,6.63454437255859
"Stenocereus pruinosus",-96.855761,16.61695,"Balsas Basin province",21.625,130.74089050293,940,20,2.91465759277344
"Ferocactus recurvus",-97.001786,17.813478,"Balsas Basin province",25.5041675567627,245.073822021484,537,16,6.44876861572266
"Stenocereus stellatus",-96.961242,17.823747,"Balsas Basin province",24.904167175293,240.722961425781,742,29,10.2841644287109
"Myrtillocactus geometrizans",-97.000939,17.813419,"Balsas Basin province",25.5041675567627,245.073822021484,537,16,4.29037475585938
"Pilosocereus chrysacanthus",-96.626029,16.311099,"Sierra Madre del Sur province",20.1749992370605,121.440223693848,638,22,6.405517578125
"Mammillaria albilanata",-96.660514,16.253918,"Sierra Madre del Sur province",16.7625007629395,113.720649719238,1069,39,8.15704345703125
"Mammillaria albilanata",-96.683802,16.279485,"Sierra Madre del Sur province",17.2625007629395,118.362403869629,1000,35,16.395751953125
"Stenocereus treleasei",-96.670957,16.416016,"Balsas Basin province",21.5708332061768,100.373336791992,598,7,1.83050537109375
"Mammillaria albilanata",-96.681172,16.278677,"Sierra Madre del Sur province",17.9874992370605,123.216819763184,908,35,9.27890014648438
"Mammillaria albilanata",-96.678974,16.250303,"Sierra Madre del Sur province",17.3291664123535,116.237564086914,1005,36,1.29119873046875
"Mammillaria albilanata",-96.657669,16.254584,"Sierra Madre del Sur province",17.1124992370605,115.780456542969,1044,39,4.01171875
"Mammillaria albilanata",-96.669881,16.252377,"Sierra Madre del Sur province",17.1916675567627,116.732681274414,1026,37,4.1876220703125
"Pachycereus pecten-aboriginum",-96.803483,17.167242,"Balsas Basin province",21.654167175293,162.459197998047,683,14,2.9456787109375
"Escontria chiotilla",-97.751177,17.827483,"Balsas Basin province",21.25,186.535369873047,613,19,2.13441467285156
"Pachycereus weberi",-96.8511,17.584134,"Balsas Basin province",24.2875003814697,227.447555541992,860,34,5.94813537597656
"Mammillaria karwinskiana",-96.515778,17.057622,"Sierra Madre del Sur province",18.6416664123535,140.742065429688,720,18,1.79833984375
"Stenocereus treleasei",-96.700087,16.718331,"Balsas Basin province",21.625,130.897262573242,745,12,0.558212280273438
"Pachycereus pecten-aboriginum",-95.094917,16.525118,"Pacific Lowlands province",27.408332824707,139.232192993164,880,9,3.6707124710083
"Pachycereus weberi",-96.843124,17.789932,"Sierra Madre del Sur province",12.0291662216187,154.264511108398,1001,35,17.2452697753906
"Stenocereus pruinosus",-94.874196,16.58676,"Pacific Lowlands province",26.0208339691162,169.22900390625,1014,18,9.29894542694092
"Stenocereus pruinosus",-95.077777,16.479476,"Pacific Lowlands province",27.5124988555908,140.682174682617,978,7,0.215227127075195
"Stenocereus pruinosus",-96.881486,17.843268,"Sierra Madre del Sur province",17.2416667938232,202.684631347656,1112,40,7.80868530273438
"Escontria chiotilla",-96.92518,17.609335,"Balsas Basin province",23.875,227.09130859375,939,38,5.34237670898438
"Stenocereus pruinosus",-96.462307,16.997938,"Balsas Basin province",20.0874996185303,128.135665893555,659,11,2.36759948730469
"Stenocereus pruinosus",-95.016868,16.335198,"Pacific Lowlands province",27.3791675567627,135.972259521484,969,8,0.348655253648758
"Coryphantha pallida",-96.925194,17.609336,"Balsas Basin province",23.875,227.09130859375,939,38,5.34237670898438
"Ferocactus recurvus",-96.919045,17.638667,"Balsas Basin province",24.7333335876465,234.572479248047,674,24,7.07669830322266
"Ferocactus recurvus",-96.953788,17.801078,"Balsas Basin province",24.7958335876465,240.344985961914,747,32,11.6446838378906
"Stenocereus treleasei",-96.630347,16.292121,"Sierra Madre del Sur province",18.9916667938232,116.166687011719,835,30,8.73014831542969
"Ferocactus recurvus",-97.732554,17.833341,"Balsas Basin province",21.2333335876465,188.12873840332,601,18,1.25784301757812
"Coryphantha pallida",-97.166497,18.167147,"Balsas Basin province",24.779167175293,237.87370300293,523,16,1.39281463623047
"Stenocereus treleasei",-96.451872,16.9565,"Balsas Basin province",21.0458335876465,136.605926513672,676,13,3.36575317382812
"Stenocereus treleasei",-96.822657,17.256063,"Sierra Madre del Sur province",21.1000003814697,159.459320068359,735,19,2.34976196289062
"Pachycereus pecten-aboriginum",-95.759135,15.919794,"Pacific Lowlands province",28.091667175293,78.8794403076172,1007,11,0.381886720657349
"Myrtillocactus schenckii",-96.594741,16.948184,"Balsas Basin province",21.1499996185303,144.363815307617,627,9,0.481216430664062
"Mammillaria albilanata",-96.638625,16.283429,"Sierra Madre del Sur province",19.1416664123535,121.315399169922,761,29,4.26414489746094
"Mammillaria albilanata",-96.893414,16.604125,"Sierra Madre del Sur province",20.4833335876465,134.406661987305,897,15,1.52743530273438
"Mammillaria albilanata",-97.232244,16.996368,"Sierra Madre del Sur province",20.0375003814697,134.318557739258,919,21,5.94905090332031
"Mammillaria albilanata",-96.643021,16.316338,"Sierra Madre del Sur province",19.6124992370605,121.526748657227,717,24,3.3961181640625
"Acanthocereus tetragonus",-95.204617,16.1636,"Pacific Lowlands province",27.9916667938232,113.794708251953,878,4,4.98896360397339
"Mammillaria albilanata",-96.687816,16.255014,"Sierra Madre del Sur province",17.3666667938232,115.725646972656,1013,37,4.17050170898438
"Mammillaria albilanata",-96.638351,16.315689,"Sierra Madre del Sur province",20.0416660308838,123.119171142578,652,22,3.41268920898438
"Mammillaria carnea",-96.837267,17.580984,"Balsas Basin province",23.533332824707,223.762588500977,1073,50,5.6038818359375
"Mammillaria albilanata",-96.869026,17.043375,"Sierra Madre del Sur province",19.658332824707,140.951858520508,686,17,5.62200927734375
"Ferocactus recurvus",-97.18943,18.170278,"Balsas Basin province",24.7000007629395,237.936187744141,440,14,1.74277496337891
"Stenocereus stellatus",-96.643332,17.073488,"Balsas Basin province",20.9583339691162,151.430053710938,648,15,1.10235595703125
"Mammillaria albilanata",-96.993575,16.689411,"Sierra Madre del Sur province",16.9249992370605,119.306716918945,858,23,4.1949462890625
"Mammillaria albilanata",-96.96342,16.44116,"Sierra Madre del Sur province",19.9791660308838,114.126312255859,985,19,2.90936279296875
"Stenocereus pruinosus",-96.125307,15.742517,"Pacific Lowlands province",27.1208324432373,96.7766418457031,1150,15,9.36079120635986
"Opuntia decumbens",-96.493774,15.666952,"Pacific Lowlands province",26.0499992370605,96.5778121948242,863,17,14.091362953186
"Acanthocereus tetragonus",-96.0749,15.811181,"Pacific Lowlands province",27.1749992370605,86.6156692504883,1218,16,7.84031772613525
"Acanthocereus tetragonus",-95.309017,16.381476,"Pacific Lowlands province",27.3083343505859,113.194000244141,717,3,10.1524238586426
"Myrtillocactus schenckii",-96.402252,16.919531,"Balsas Basin province",20.7625007629395,132.341247558594,687,14,0.654891967773438
"Coryphantha elephantidens",-95.911189,16.796272,"Pacific Lowlands province",24.033332824707,136.537246704102,1134,38,3.49141693115234
"Opuntia lasiacantha",-96.465176,17.083312,"Sierra Madre del Sur province",13.0541667938232,123.296714782715,948,30,3.69586181640625
"Myrtillocactus schenckii",-96.374489,16.908939,"Balsas Basin province",20.1916656494141,137.62321472168,673,11,2.0712890625
"Acanthocereus tetragonus",-95.896919,18.099234,"Veracruzan province",26.033332824707,236.732803344727,1953,91,1.15665102005005
"Pachycereus pecten-aboriginum",-94.79763,16.614767,"Pacific Lowlands province",26.5083332061768,172.585067749023,1104,30,0.344944953918457
"Acanthocereus tetragonus",-97.815163,16.262092,"Pacific Lowlands province",25.779167175293,118.52229309082,1322,12,2.87664413452148
"Neobuxbaumia tetetzo",-96.057823,15.79635,"Pacific Lowlands province",27.2041664123535,91.8362731933594,1151,13,10.3431968688965
"Ferocactus recurvus",-97.36843,17.870171,"Sierra Madre del Sur province",17.5458335876465,190.888565063477,451,12,1.26007080078125
"Mammillaria karwinskiana",-96.277188,16.866323,"Sierra Madre del Sur province",20.4333324432373,134.203598022461,771,16,10.0125732421875
"Acanthocereus tetragonus",-96.231874,15.863165,"Pacific Lowlands province",25.5833339691162,90.436653137207,1306,18,2.39922332763672
"Acanthocereus tetragonus",-96.297199,17.824021,"Veracruzan province",24.3833332061768,237.872528076172,3112,209,13.814094543457
"Ferocactus recurvus",-96.27676,16.867085,"Sierra Madre del Sur province",19.3541660308838,126.157524108887,701,12,3.78347778320312
"Pachycereus pecten-aboriginum",-95.441503,16.712959,"Pacific Lowlands province",23.9624996185303,131.289520263672,848,27,8.4215087890625
"Pilosocereus collinsii",-96.129501,15.768423,"Pacific Lowlands province",27.2291660308838,96.2585830688477,1181,17,1.74898386001587
"Ferocactus recurvus",-97.158803,17.300056,"Sierra Madre del Sur province",17.404167175293,134.746536254883,674,14,6.30960083007812
"Pilosocereus collinsii",-96.188062,15.763233,"Pacific Lowlands province",27.0166664123535,96.6797332763672,1204,17,3.51529693603516
"Pilosocereus collinsii",-96.135081,15.76924,"Pacific Lowlands province",27.2083339691162,96.3146514892578,1188,17,2.59961843490601
"Pilosocereus collinsii",-96.167021,15.761445,"Pacific Lowlands province",27.0708332061768,96.4001541137695,1179,16,4.06427240371704
"Pilosocereus leucocephalus",-95.094818,16.525324,"Pacific Lowlands province",27.408332824707,139.232192993164,880,9,1.2698278427124
"Stenocereus stellatus",-96.766883,17.04479,"Balsas Basin province",20.3166675567627,134.575653076172,662,16,4.91224670410156
"Pilosocereus collinsii",-96.200452,15.777748,"Pacific Lowlands province",27.0083332061768,96.3618621826172,1240,18,1.35558605194092
"Pilosocereus collinsii",-96.200688,15.774351,"Pacific Lowlands province",27.0083332061768,95.1513824462891,1226,17,0.866783142089844
"Disocactus speciosus",-96.675247,16.248722,"Sierra Madre del Sur province",16.9916667938232,114.88794708252,1043,37,2.63116455078125
"Pilosocereus collinsii",-95.22061,16.18913,"Pacific Lowlands province",27.6124992370605,106.560394287109,814,5,7.23209571838379
"Pilosocereus leucocephalus",-96.573949,17.395102,"Balsas Basin province",20.6083335876465,199.952651977539,1056,61,10.8347930908203
"Pilosocereus leucocephalus",-97.163505,18.149814,"Balsas Basin province",24.8958339691162,239.3310546875,550,18,0.829483032226562
"Pilosocereus collinsii",-96.210856,15.77946,"Pacific Lowlands province",27.0208339691162,96.2350006103516,1229,18,2.34387016296387
"Pilosocereus leucocephalus",-96.446915,15.770696,"Pacific Lowlands province",26.2708339691162,91.9599151611328,1060,20,5.89535713195801
"Pereskia lychnidiflora",-94.498642,16.468244,"Pacific Lowlands province",27.8666667938232,135.316696166992,1092,15,0.284824371337891
"Pereskiopsis rotundifolia",-96.201401,15.771,"Pacific Lowlands province",27.0083332061768,95.1513824462891,1226,17,1.75198173522949
"Pereskiopsis rotundifolia",-96.194078,15.76977,"Pacific Lowlands province",27.0083332061768,95.675422668457,1225,17,2.23073101043701
"Pereskiopsis rotundifolia",-95.376228,16.032118,"Pacific Lowlands province",27.6999988555908,94.1710357666016,867,5,8.45185661315918
"Pereskia lychnidiflora",-96.170601,15.749351,"Pacific Lowlands province",27.029167175293,98.1061172485352,1161,15,2.69637203216553
"Disocactus speciosus",-96.65715,16.253721,"Sierra Madre del Sur province",17.1124992370605,115.780456542969,1044,39,9.47100830078125
"Pereskia lychnidiflora",-96.675214,16.543348,"Balsas Basin province",21.5125007629395,111.235328674316,664,14,1.46479797363281
"Pereskia lychnidiflora",-96.058319,15.785048,"Pacific Lowlands province",27.1791667938232,94.1579666137695,1145,12,1.94117403030396
"Pereskiopsis rotundifolia",-96.136129,15.7661,"Pacific Lowlands province",27.158332824707,95.6991806030273,1182,16,1.01827144622803
"Pereskiopsis kellermanii",-96.16323,15.776,"Pacific Lowlands province",27.091667175293,93.9737243652344,1233,18,2.97323703765869
"Pereskiopsis kellermanii",-96.150069,15.756533,"Pacific Lowlands province",27.0249996185303,96.2832107543945,1195,16,4.23379135131836
"Disocactus speciosus",-96.684761,16.279995,"Sierra Madre del Sur province",17.2625007629395,118.362403869629,1000,35,6.05435180664062
"Pereskia lychnidiflora",-96.723108,17.067628,"Balsas Basin province",21.6375007629395,151.028671264648,651,12,1.20420837402344
"Pereskiopsis rotundifolia",-96.738429,17.034676,"Balsas Basin province",21.7041664123535,148.100997924805,642,12,0.637130737304688
"Mammillaria karwinskiana",-96.660806,16.923478,"Balsas Basin province",19.2416667938232,124.166923522949,650,15,3.73809814453125
"Mammillaria albilanata",-96.546576,16.318611,"Balsas Basin province",21.2708339691162,109.159141540527,551,19,8.11503601074219
"Opuntia streptacantha",-96.373085,16.909328,"Balsas Basin province",20.1916656494141,137.62321472168,673,11,0.4423828125
"Disocactus speciosus",-96.505806,16.197107,"Sierra Madre del Sur province",17.0625,95.3969039916992,1132,38,6.68130493164062
"Pereskia lychnidiflora",-96.183357,15.72849,"Pacific Lowlands province",26.970832824707,94.3026962280273,1197,17,6.02388191223145
"Pereskia lychnidiflora",-95.008214,16.54672,"Pacific Lowlands province",27.0208339691162,157.096633911133,1005,11,0.426103591918945
"Disocactus speciosus",-96.659042,16.254196,"Sierra Madre del Sur province",16.7625007629395,113.720649719238,1069,39,11.0836181640625
"Disocactus speciosus",-96.958115,16.777444,"Sierra Madre del Sur province",17.7416667938232,133.396759033203,791,22,4.25541687011719
"Pereskia lychnidiflora",-96.182396,15.728244,"Pacific Lowlands province",26.9958324432373,95.5952377319336,1180,16,8.12329292297363
"Disocactus speciosus",-96.374366,15.900916,"Sierra Madre del Sur province",24.220832824707,96.7531814575195,1244,17,7.76129150390625
"Disocactus speciosus",-96.515358,16.186245,"Sierra Madre del Sur province",16.6458339691162,89.9105224609375,1152,33,5.80963134765625
"Disocactus speciosus",-96.500345,16.178687,"Sierra Madre del Sur province",15.7624998092651,86.9724273681641,1166,29,4.96365356445312
"Pereskia lychnidiflora",-95.080741,16.519454,"Pacific Lowlands province",27.4624996185303,145.385452270508,943,7,0.498652458190918
"Pereskia lychnidiflora",-95.322254,16.362402,"Pacific Lowlands province",27.4291667938232,119.667297363281,803,4,1.47618961334229
"Disocactus speciosus",-96.375023,15.901246,"Sierra Madre del Sur province",24.1208343505859,97.1516876220703,1246,17,5.25291061401367
"Mammillaria karwinskiana",-96.45576,17.271169,"Sierra Madre del Sur province",16.4833335876465,173.248809814453,1194,48,6.40582275390625
"Pereskiopsis rotundifolia",-96.132321,15.764684,"Pacific Lowlands province",27.2041664123535,95.5476684570312,1171,16,0.696723103523254
"Mammillaria karwinskiana",-96.514536,16.285821,"Balsas Basin province",20.7083339691162,118.606163024902,584,21,1.72613525390625
"Acanthocereus tetragonus",-96.578502,15.671115,"Pacific Lowlands province",26.0666656494141,101.20484161377,829,14,0.706719636917114
"Opuntia lasiacantha",-96.277185,16.86525,"Sierra Madre del Sur province",20.4333324432373,134.203598022461,771,16,11.0722503662109
"Pereskia lychnidiflora",-96.161453,15.76059,"Pacific Lowlands province",27.0750007629395,96.4247207641602,1178,16,2.71905422210693
"Escontria chiotilla",-97.974518,17.926326,"Balsas Basin province",22.4624996185303,169.747467041016,614,20,2.79345703125
"Escontria chiotilla",-96.330566,16.602033,"Sierra Madre del Sur province",23.625,136.456771850586,805,11,4.33244323730469
"Pereskia lychnidiflora",-94.453972,16.402444,"Pacific Lowlands province",27.8999996185303,131.010040283203,945,14,0.460301876068115
"Pereskiopsis diguetii",-95.375759,16.034812,"Pacific Lowlands province",27.8041667938232,93.8194046020508,867,4,12.6757497787476
"Escontria chiotilla",-96.92942,17.713748,"Balsas Basin province",24.9750003814697,242.800872802734,554,18,8.38566589355469
"Mammillaria karwinskiana",-96.843587,17.046417,"Sierra Madre del Sur province",20.75,148.047912597656,677,14,5.72377014160156
"Opuntia pubescens",-96.842852,17.046178,"Sierra Madre del Sur province",20.75,148.047912597656,677,14,4.16911315917969
"Mammillaria rekoi",-96.732257,17.217169,"Sierra Madre del Sur province",14.6000003814697,129.614807128906,804,20,14.4215698242188
"Opuntia tomentosa",-96.661344,16.848586,"Balsas Basin province",21.3958339691162,136.272766113281,734,11,1.10696411132812
"Mammillaria albilanata",-96.692643,18.042115,"Sierra Madre del Sur province",22.5833339691162,235.529724121094,3863,290,5.24063110351562
"Mammillaria karwinskiana",-96.658992,16.851978,"Balsas Basin province",21.2583332061768,135.978500366211,700,10,1.54093933105469
"Stenocereus treleasei",-96.684998,16.423056,"Balsas Basin province",21.7041664123535,101.252593994141,645,8,4.41471862792969
"Coryphantha pallida",-97.353651,17.873157,"Sierra Madre del Sur province",17.2999992370605,187.362091064453,475,14,1.82110595703125
"Mammillaria albilanata",-96.27442,16.868589,"Pacific Lowlands province",19.8916664123535,128.626190185547,732,14,7.29432678222656
"Coryphantha elephantidens",-96.719778,17.027245,"Balsas Basin province",21.8083324432373,151.339950561523,645,11,0.329452514648438
"Pilosocereus leucocephalus",-96.247945,16.674436,"Sierra Madre del Sur province",23.5541667938232,128.884338378906,835,15,9.10282897949219
"Stenocereus treleasei",-96.277083,16.865317,"Sierra Madre del Sur province",20.4333324432373,134.203598022461,771,16,8.57560729980469
"Stenocereus pruinosus",-94.934287,16.512625,"Pacific Lowlands province",27.125,157.674865722656,1032,11,0.30374002456665
"Opuntia tomentosa",-97.133842,17.659248,"Sierra Madre del Sur province",15.0833330154419,166.983047485352,490,12,8.04983520507812
"Opuntia tomentosa",-97.146432,17.644113,"Sierra Madre del Sur province",16.2916660308838,179.960021972656,514,15,4.98687744140625
"Mammillaria rekoi",-96.508255,17.090164,"Sierra Madre del Sur province",15.1750001907349,137.055053710938,799,22,10.2985534667969
"Acanthocereus tetragonus",-96.170366,15.765419,"Pacific Lowlands province",27.0708332061768,96.4001541137695,1179,16,3.4340877532959
"Opuntia tomentosa",-96.767997,17.041183,"Balsas Basin province",20.8083324432373,136.662063598633,657,15,4.49473571777344
"Opuntia lasiacantha",-97.341468,17.640222,"Sierra Madre del Sur province",15.4291667938232,157.096649169922,550,13,2.832763671875
"Mammillaria rekoi",-96.507305,17.092137,"Sierra Madre del Sur province",13.7041664123535,127.340957641602,905,30,15.4716796875
"Mammillaria albilanata",-97.070358,17.576097,"Sierra Madre del Sur province",15.4833335876465,169.307861328125,528,12,7.2935791015625
"Myrtillocactus schenckii",-96.61119,16.937745,"Balsas Basin province",20.7625007629395,142.719116210938,621,10,4.02958679199219
"Pachycereus pecten-aboriginum",-96.505844,17.303486,"Balsas Basin province",20.0499992370605,196.086715698242,1061,59,4.43292236328125
"Ferocactus recurvus",-96.742813,16.700788,"Balsas Basin province",21.6124992370605,127.35285949707,732,12,1.36099243164062
"Myrtillocactus schenckii",-96.687905,16.42922,"Balsas Basin province",21.6291675567627,100.757553100586,640,9,3.31935119628906
"Mammillaria albilanata",-96.935967,17.456464,"Sierra Madre del Sur province",16.2875003814697,162.216552734375,651,15,11.0798645019531
"Mammillaria albilanata",-96.947067,17.550083,"Balsas Basin province",18.6625003814697,191.051208496094,814,28,12.0262756347656
"Pachycereus pecten-aboriginum",-95.583759,15.94701,"Pacific Lowlands province",27.7375011444092,84.8293991088867,925,5,2.81736826896667
"Acanthocereus tetragonus",-95.583798,15.946956,"Pacific Lowlands province",27.7375011444092,84.8293991088867,925,5,1.82066202163696
"Stenocereus stellatus",-96.277245,16.866787,"Sierra Madre del Sur province",19.3541660308838,126.157524108887,701,12,10.1329193115234
"Stenocereus stellatus",-96.678375,16.418037,"Balsas Basin province",21.6083335876465,99.4949340820312,614,8,3.17539978027344
"Mammillaria albilanata",-94.892019,16.569331,"Pacific Lowlands province",26.6375007629395,166.366592407227,1029,11,7.01598834991455
"Mammillaria rekoi",-96.301186,16.888344,"Sierra Madre del Sur province",17.1000003814697,119.240020751953,772,16,15.6380920410156
"Mammillaria karwinskiana",-96.516809,16.282026,"Balsas Basin province",20.4541664123535,118.272773742676,627,23,1.65927124023438
"Mammillaria albilanata",-96.138669,16.668536,"Pacific Lowlands province",24.0249996185303,136.972122192383,807,15,9.58905029296875
"Mammillaria carnea",-96.979758,17.913047,"Balsas Basin province",25.3583335876465,246.906631469727,700,25,8.21982574462891
"Mammillaria carnea",-96.95,17.916667,"Sierra Madre del Sur province",24.1625003814697,234.628555297852,1361,73,15.6443634033203
"Mammillaria karwinskiana",-96.050833,16.632647,"Pacific Lowlands province",23.7666664123535,129.935882568359,755,13,14.6034698486328
"Stenocereus treleasei",-96.548737,16.563931,"Balsas Basin province",20.8833332061768,99.1631698608398,489,6,4.84996032714844
"Myrtillocactus schenckii",-96.574958,16.573268,"Balsas Basin province",20.2041664123535,106.737968444824,519,8,7.97909545898438
"Myrtillocactus schenckii",-96.677262,16.418092,"Balsas Basin province",21.6083335876465,99.4949340820312,614,8,5.80264282226562
"Pachycereus pecten-aboriginum",-95.581242,15.950258,"Pacific Lowlands province",27.6791667938232,84.4085998535156,918,5,1.98479640483856
"Ferocactus recurvus",-98.047279,17.632106,"Balsas Basin province",23.2958335876465,159.266189575195,786,17,4.60499572753906
"Mammillaria carnea",-96.9673,17.898047,"Balsas Basin province",25.125,248.490859985352,701,25,8.31584930419922
"Ferocactus recurvus",-96.574392,16.574729,"Balsas Basin province",20.2041664123535,106.737968444824,519,8,4.98484802246094
"Ferocactus recurvus",-97.830576,17.568636,"Balsas Basin province",20.1375007629395,167.143432617188,685,18,3.52664184570312
"Stenocereus treleasei",-96.58021,16.575498,"Balsas Basin province",18.783332824707,103.426155090332,586,11,6.59051513671875
"Mammillaria rekoi",-96.587616,16.59149,"Balsas Basin province",17.7541656494141,105.839889526367,646,14,15.3260192871094
"Pachycereus pecten-aboriginum",-96.268298,16.879593,"Pacific Lowlands province",19.1375007629395,125.754531860352,717,12,9.03240966796875
"Opuntia tomentosa",-97.096132,17.648277,"Sierra Madre del Sur province",16.470832824707,180.899993896484,520,13,13.37939453125
"Opuntia huajuapensis",-97.096218,17.649095,"Sierra Madre del Sur province",16.470832824707,180.899993896484,520,13,9.24066162109375
"Ferocactus recurvus",-96.837997,17.578774,"Balsas Basin province",23.533332824707,223.762588500977,1073,50,3.9718017578125
"Pachycereus pecten-aboriginum",-96.22111,15.793119,"Pacific Lowlands province",26.9291667938232,94.3508224487305,1278,19,4.21148681640625
"Ferocactus recurvus",-96.484214,16.689039,"Balsas Basin province",21.220832824707,127.144485473633,597,8,1.59375
"Ferocactus recurvus",-97.457525,17.66105,"Sierra Madre del Sur province",16.2958335876465,158.192306518555,599,18,1.8033447265625
"Stenocereus pruinosus",-97.034614,17.983619,"Balsas Basin province",25.6875,237.966079711914,762,27,4.46471405029297
"Pachycereus weberi",-97.004867,17.900589,"Balsas Basin province",25.8583335876465,243.262237548828,604,20,3.97010040283203
"Escontria chiotilla",-97.035697,17.982481,"Balsas Basin province",25.7000007629395,237.792907714844,749,27,5.93972778320312
"Ferocactus recurvus",-97.080344,18.145103,"Balsas Basin province",24.3583335876465,236.73762512207,842,42,1.96298217773438
"Myrtillocactus geometrizans",-97.010161,17.903964,"Balsas Basin province",25.7999992370605,241.510406494141,634,22,4.35273742675781
"Coryphantha pallida",-97.009911,17.938669,"Balsas Basin province",25.8208332061768,241.928405761719,645,21,1.09580230712891
"Ferocactus recurvus",-96.997322,17.893211,"Balsas Basin province",25.9333343505859,246.182998657227,563,17,12.3394775390625
"Neobuxbaumia tetetzo",-96.557309,17.0039,"Balsas Basin province",20.8583335876465,137.358734130859,634,11,2.67265319824219
"Pachycereus weberi",-97.009444,17.938783,"Balsas Basin province",25.8208332061768,241.928405761719,645,21,1.63789367675781
"Stenocereus stellatus",-97.035178,17.983661,"Balsas Basin province",25.6875,237.966079711914,762,27,4.56107330322266
"Myrtillocactus geometrizans",-97.035828,17.984,"Balsas Basin province",25.6875,237.966079711914,762,27,1.92420196533203
"Pachycereus pecten-aboriginum",-95.388275,16.392764,"Pacific Lowlands province",26.7749996185303,127.787101745605,675,2,6.44057464599609
"Coryphantha elephantidens",-98.024168,17.50384,"Balsas Basin province",19.6333332061768,143.690536499023,851,21,5.29898071289062
"Pachycereus pecten-aboriginum",-95.22995,16.599567,"Pacific Lowlands province",26.6666660308838,147.391464233398,672,5,3.52175903320312
"Pilosocereus collinsii",-95.229631,16.5988,"Pacific Lowlands province",26.6666660308838,147.391464233398,672,5,4.16497993469238
"Stenocereus pruinosus",-96.038764,16.599269,"Pacific Lowlands province",24.1041660308838,145.624984741211,617,9,1.32297515869141
"Melocactus curvispinus",-94.793769,16.426747,"Pacific Lowlands province",27.279167175293,147.316284179688,964,14,3.41210389137268
"Coryphantha pallida",-96.277092,16.866794,"Sierra Madre del Sur province",19.3541660308838,126.157524108887,701,12,5.60139465332031
"Pachycereus pecten-aboriginum",-95.230719,16.33015,"Pacific Lowlands province",28.3374996185303,112.43431854248,875,9,2.09468364715576
"Neobuxbaumia tetetzo",-96.138833,16.6685,"Pacific Lowlands province",24.0249996185303,136.972122192383,807,15,6.63841247558594
"Myrtillocactus schenckii",-96.330911,16.906203,"Balsas Basin province",19.4874992370605,136.433868408203,707,13,1.42251586914062
"Ferocactus recurvus",-96.305319,16.934922,"Balsas Basin province",18.6083335876465,131.024520874023,754,14,3.84625244140625
"Pilosocereus collinsii",-95.231378,16.608172,"Pacific Lowlands province",26.5750007629395,147.224319458008,638,4,4.19878578186035
"Stenocereus stellatus",-96.260911,16.898561,"Pacific Lowlands province",19.0249996185303,125.10905456543,741,14,6.72674560546875
"Stenocereus stellatus",-96.277086,16.866178,"Sierra Madre del Sur province",20.4333324432373,134.203598022461,771,16,6.54864501953125
"Opuntia decumbens",-95.009184,16.65589,"Pacific Lowlands province",26.0874996185303,172.667907714844,1022,15,4.55776596069336
"Ferocactus recurvus",-96.572262,16.576722,"Balsas Basin province",19.1916675567627,104.508224487305,554,11,10.7201080322266
"Selenicereus purpusii",-96.343004,15.878373,"Sierra Madre del Sur province",24.4916667938232,84.767936706543,1274,18,3.96912002563477
"Selenicereus purpusii",-96.131361,15.909084,"Pacific Lowlands province",25.0249996185303,86.0364761352539,1229,15,3.56854629516602
"Selenicereus purpusii",-96.10567,15.98969,"Sierra Madre del Sur province",22.8875007629395,74.379997253418,1246,21,14.1608352661133
"Selenicereus purpusii",-96.644051,16.303058,"Sierra Madre del Sur province",19.408332824707,121.596084594727,736,27,2.73495483398438
"Stenocereus dumortieri",-96.702998,16.710515,"Balsas Basin province",21.625,128.637985229492,734,12,0.2584228515625
"Stenocereus dumortieri",-96.515153,17.044679,"Balsas Basin province",19.1833324432373,139.354568481445,700,17,0.400100708007812
"Selenicereus purpusii",-97.053194,17.496111,"Balsas Basin province",20.5166664123535,196.403274536133,775,21,9.83796691894531
"Selenicereus purpusii",-97.0302,17.5098,"Balsas Basin province",21.7583332061768,210.581817626953,828,27,7.15785217285156
"Selenicereus purpusii",-97.01892,17.51633,"Sierra Madre del Sur province",20.625,198.236541748047,821,26,10.802001953125
"Stenocereus dumortieri",-98.045098,17.63791,"Balsas Basin province",22.8624992370605,152.391906738281,764,18,13.1943511962891
"Stenocereus dumortieri",-97.200951,17.641263,"Sierra Madre del Sur province",14.5333337783813,162.681137084961,520,15,5.16860961914062
"Stenocereus dumortieri",-97.14561,17.64466,"Sierra Madre del Sur province",16.2916660308838,179.960021972656,514,15,8.60064697265625
"Stenocereus dumortieri",-96.934556,17.686278,"Balsas Basin province",25.0375003814697,239.944381713867,558,19,3.94408416748047
"Stenocereus dumortieri",-97.640167,17.700472,"Sierra Madre del Sur province",18.7541675567627,167.107162475586,610,13,7.36181640625
"Selenicereus purpusii",-96.9215,17.71822,"Balsas Basin province",24.6916675567627,244.120239257812,591,21,13.6548080444336
"Stenocereus dumortieri",-96.905639,17.722639,"Sierra Madre del Sur province",23.783332824707,231.254821777344,1080,55,9.40406036376953
"Stenocereus dumortieri",-97.68734,17.776478,"Balsas Basin province",20.7458324432373,180.421951293945,598,14,15.0011749267578
"Stenocereus dumortieri",-97.093894,17.779625,"Balsas Basin province",18.8500003814697,222.66975402832,716,25,3.45065307617188
"Stenocereus dumortieri",-97.019756,17.869281,"Balsas Basin province",25.7416667938232,245.568267822266,528,16,6.53691101074219
"Stenocereus dumortieri",-97.34269,17.889382,"Sierra Madre del Sur province",17.8250007629395,197.08674621582,459,15,5.68374633789062
"Selenicereus purpusii",-96.953889,17.911139,"Sierra Madre del Sur province",24.2291660308838,237.768585205078,1235,63,19.0083084106445
"Selenicereus purpusii",-96.919306,17.91525,"Sierra Madre del Sur province",22.6166667938232,235.046737670898,1627,90,14.4537963867188
"Selenicereus purpusii",-96.901806,17.919861,"Sierra Madre del Sur province",23.1041660308838,252.518753051758,1687,105,7.78277587890625
"Selenicereus purpusii",-96.9539,17.92539,"Balsas Basin province",24.3541660308838,241.890808105469,1153,57,12.0363159179688
"Selenicereus purpusii",-96.94056,17.92583,"Sierra Madre del Sur province",23.970832824707,245.694366455078,1348,76,9.41230773925781
"Selenicereus purpusii",-96.91967,17.92641,"Sierra Madre del Sur province",23.7416667938232,254.922744750977,1402,80,12.8637924194336
"Selenicereus purpusii",-96.960417,17.932417,"Balsas Basin province",24.7458343505859,246.304153442383,918,38,14.1433410644531
"Stenocereus dumortieri",-97.425127,18.067992,"Balsas Basin province",22.345832824707,221.507827758789,472,18,6.44258117675781
"Stenocereus dumortieri",-97.033616,18.079172,"Balsas Basin province",23.8291664123535,240.117935180664,1248,65,17.4595794677734
"Stenocereus dumortieri",-97.057722,18.151806,"Balsas Basin province",22.7000007629395,243.66520690918,1263,62,13.2548370361328
"Stenocereus dumortieri",-97.72525,18.222455,"Balsas Basin province",20.408332824707,173.386489868164,524,13,11.7563629150391
