"GBIF.ID","Species","State.Province","coordinateUncertaintyInMeters","day","month","year","institutionCode","catalogNumber","identifiedBy","lon","lat","Province","Genus","bio_01","bio_04","bio_06","bio_12","bio_17","elev","tri"
219011256,"Disocactus phyllanthoides","Oaxaca",NA,"23","4","2003","IBUNAM","1175463","Arias Montes, _ngel Salvador, 2006",-96.446389,17.31,"Sierra Madre del Sur province","Disocactus",15.783332824707,162.513397216797,7.19999980926514,1221,49,2068.07836914062,4.55856323242188
219012171,"Pilosocereus quadricentralis","Oaxaca",NA,"19","4","2000","IBUNAM","1084981","Arias Montes, _ngel Salvador, 2006",-95.985278,15.851944,"Pacific Lowlands province","Pilosocereus",26.7625007629395,82.6857376098633,19.6000003814697,1195,13,208.045028686523,5.45066261291504
219012267,"Neobuxbaumia laui ","Oaxaca",NA,"10","8","2006","IBUNAM","1197205","Arias Montes, _ngel Salvador, 2006",-97.752222,16.985556,"Sierra Madre del Sur province","Neobuxbaumia",20.5625,140.698348999023,10.1000003814697,1583,38,1499.16223144531,14.3623046875
1257819273,"Opuntia parviclada","Oaxaca",NA,"12","11","2009","MO","100472439","L. Scheinvar",-97.1525,17.826389,"Sierra Madre del Sur province","Opuntia",19.0583343505859,224.143157958984,8,658,24,1810.30651855469,8.67576599121094
1258387148,"Peniocereus macdougallii","Oaxaca",NA,"26","2","1947","MO","1182105","H. Bravo & S. Arias M.",-95.52,16.34,"Pacific Lowlands province","Peniocereus",24.625,95.7387619018555,16.1000003814697,693,11,832.662963867188,10.7290649414062
1258678920,"Epiphyllum pumilum","Oaxaca",NA,"15","7","1985","MO","1450326","A.D. Zimmerman",-94.73,16.86,"Veracruzan province","Epiphyllum",24.5750007629395,185.319122314453,17.1000003814697,2107,158,320.907928466797,3.97564697265625
1258679004,"Epiphyllum crenatum","Oaxaca",NA,"9","11","1957","MO","1450435","M. Kimnach",-96.2,16.03,"Sierra Madre del Sur province","Epiphyllum",21.6166667938232,48.6328315734863,15,1386,41,1431.41540527344,14.0035095214844
1259220367,"Cephalocereus fulviceps","Oaxaca",NA,"26","5","2002","MO","1955040","C. A. Cruz-Expinosa",-96.965278,17.6775,"Balsas Basin province","Cephalocereus",24.2708339691162,226.228546142578,12.3000001907349,967,44,1175.51196289062,9.38885498046875
1259471510,"Mammillaria beneckei","Oaxaca",NA,"17","6","2002","MO","2183297","C. Hinostrosa",-95.31333,16.38111,"Pacific Lowlands province","Mammillaria",27.3083343505859,113.194000244141,19,717,3,298.251434326172,4.7007942199707
1417671868,"Ortegocactus macdougallii","Oaxaca",NA,"1","1","1988","IBUNAM","GE02245.6","NO DISPONIBLE",-96.333007,16.383001,"Pacific Lowlands province","Ortegocactus",21.3208332061768,108.532752990723,12.1000003814697,358,10,1658.63854980469,5.02850341796875
1503279092,"Epiphyllum crenatum","Oaxaca",NA,"9","11","1957","USF","284151","M. Kimnach",-96.2035,16.0399,"Sierra Madre del Sur province","Epiphyllum",20.779167175293,49.9298667907715,14.1000003814697,1302,35,1959.81420898438,4.82601928710938
1584410085,"Mammillaria uncinata","Oaxaca",NA,"11","7","2017","iNaturalist","7150020","Carlos Martorell",-97.41331,17.882797,"Sierra Madre del Sur province","Mammillaria",16.9624996185303,173.822357177734,5.09999990463257,505,14,2137.63012695312,0.734039306640625
1586150197,"Neobuxbaumia mezcalaensis","Oaxaca",506,"4","9","2014","iNaturalist","7408411","Ulises Guzm_n",-97.903496,17.708823,"Balsas Basin province","Neobuxbaumia",20.4500007629395,173.925277709961,9.30000019073486,692,18,1646.52392578125,10.5631561279297
1586153361,"Echinocereus pulchellus","Oaxaca",252,"22","9","2016","iNaturalist","7420400","Wolfgang Blum",-97.452679,17.914063,"Sierra Madre del Sur province","Echinocereus",15.8500003814697,160.538864135742,5.19999980926514,584,19,2299.39624023438,3.83938598632812
1668861394,"Neobuxbaumia mezcalaensis","Oaxaca",253,"14","9","2009","iNaturalist","8103855","Ulises Guzm_n",-97.814381,17.724243,"Balsas Basin province","Neobuxbaumia",21.4375,176.52099609375,9.60000038146973,691,16,1561.34326171875,2.25570678710938
1703207622,"Selenicereus chontalensis","Oaxaca",NA,"14","5","2004","iNaturalist","8932555","Ulises Guzm_n",-95.91,16.55,"Sierra Madre del Sur province","Selenicereus",22.75,107.808769226074,13.8000001907349,690,6,1346.16809082031,17.9516296386719
1846505289,"Selenicereus testudo","Oaxaca",NA,"1","1","1956","DES","DES00001930","D.Z. Damrel 10/29/01",-95.034167,16.8775,"Veracruzan province","Selenicereus",25.4208335876465,196.601348876953,17.6000003814697,1669,79,211.164260864258,1.36048698425293
1846516743,"Ortegocactus macdougallii","Oaxaca",NA,"11","3","2010","DES","DES00066268","",-96.334861,16.378639,"Pacific Lowlands province","Ortegocactus",21.341667175293,110.696823120117,12,317,10,1688.17944335938,2.50039672851562
1890091709,"Echinocereus pulchellus","Oaxaca",NA,"20","4","2018","iNaturalist","15056665","Ulises Guzm_n",-97.492222,17.831389,"Sierra Madre del Sur province","Echinocereus",15.4250001907349,155.453872680664,4.69999980926514,621,22,2278.82055664062,1.65921020507812
1890710581,"Mammillaria uncinata","Oaxaca",252,"17","5","2018","iNaturalist","15206406","Carlos G Velazco-Macias",-97.412086,17.952807,"Sierra Madre del Sur province","Mammillaria",16.5666675567627,167.404434204102,5.5,564,19,2193.90478515625,0.866180419921875
1893407068,"Ferocactus flavovirens","Oaxaca",90,"18","11","1959","SDNHM","14425","NO DISPONIBLE",-97.708333,18.125,"Balsas Basin province","Ferocactus",20.2749996185303,186.431793212891,10,509,14,1819.70666503906,6.28631591796875
1893428276,"Mitrocereus militaris","Oaxaca",100,"19","7","1978","SDNHM","39338","NO DISPONIBLE",-96.375,16.875,"Balsas Basin province","Mitrocereus",19.8250007629395,131.192077636719,9.60000038146973,647,11,1768.56811523438,6.79562377929688
1893442107,"Coryphantha pycnacantha","Oaxaca",90,"29","7","1991","IBUNAM","NO DISPONIBLE","Leonardo Ulises Guzm_n Cruz",-97.225,17.475,"Sierra Madre del Sur province","Coryphantha",16.9750003814697,147.948089599609,5.80000019073486,587,10,2098.36572265625,0.84613037109375
1893752095,"Polaskia chende","Oaxaca",100,"17","3","1985","INECOL","19267","J. Reyes S.",-96.52,17.028333,"Balsas Basin province","Polaskia",20.0625,139.904602050781,9.19999980926514,661,12,1670.98864746094,1.74267578125
1893916322,"Pachycereus grandis","Oaxaca",90,"17","11","2006","NO DISPONIBLE","NO DISPONIBLE","NO DISPONIBLE",-97.012743,17.628602,"Balsas Basin province","Pachycereus",22.533332824707,235.172378540039,10.3000001907349,910,42,1296.01989746094,13.3270111083984
1893916324,"Pachycereus grandis","Oaxaca",90,"17","11","2006","NO DISPONIBLE","NO DISPONIBLE","NO DISPONIBLE",-97.013361,17.628085,"Balsas Basin province","Pachycereus",22.533332824707,235.172378540039,10.3000001907349,910,42,1339.10888671875,10.2852478027344
1893916342,"Pachycereus grandis","Oaxaca",90,"2","2","2007","NO DISPONIBLE","NO DISPONIBLE","NO DISPONIBLE",-96.940758,17.913575,"Sierra Madre del Sur province","Pachycereus",23.0666675567627,229.270919799805,11.3999996185303,1536,81,1360.63537597656,15.8040313720703
1894553334,"Stenocereus chacalapensis","Oaxaca",NA,"13","3","1999","CP","NO DISPONIBLE","1",-96.2533645,15.8882993,"Pacific Lowlands province","Stenocereus",24.5,83.3121109008789,17.2000007629395,1276,18,610.391906738281,7.16159057617188
1894553337,"Pachycereus grandis","Oaxaca",NA,"25","7","1998","CP","NO DISPONIBLE","1",-96.9425539,17.9226429,"Sierra Madre del Sur province","Pachycereus",23.6124992370605,231.046295166016,11.6999998092651,1496,78,1272.56494140625,4.26490783691406
1894553345,"Stenocereus chacalapensis","Oaxaca",NA,"13","3","1999","CP","NO DISPONIBLE","1",-96.2514201,15.7677493,"Pacific Lowlands province","Stenocereus",27.0541667938232,94.2544479370117,19.8999996185303,1230,22,143.179336547852,2.52777481079102
1894559625,"Cephalocereus fulviceps","Oaxaca",90,"20","11","2003","FESI-UNAM","NO APLICA","OT_llez",-97.030833,17.702778,"Balsas Basin province","Cephalocereus",23.0375003814697,220.424468994141,11.1999998092651,979,44,1505.11474609375,7.79884338378906
1894559662,"Cephalocereus fulviceps","Oaxaca",90,"15","11","2004","FESI-UNAM","NO APLICA","OT_llez",-96.933056,17.606944,"Balsas Basin province","Cephalocereus",23.4624996185303,222.282821655273,11.6999998092651,994,41,1324.03820800781,16.4209594726562
1894559667,"Cephalocereus fulviceps","Oaxaca",90,"28","6","2007","FESI-UNAM","NO APLICA","OT_llez",-97.031083,17.701917,"Balsas Basin province","Cephalocereus",23.0375003814697,220.424468994141,11.1999998092651,979,44,1521.23901367188,10.1623687744141
1894561862,"Neobuxbaumia mezcalaensis","Oaxaca",90,"7","12","2005","FESI-UNAM","NO APLICA","OT_llez",-97.649722,18.272694,"Balsas Basin province","Neobuxbaumia",19.658332824707,196.270141601562,9.19999980926514,495,13,1793.88330078125,3.23585510253906
1894565251,"Cylindropuntia leptocaulis","Oaxaca",90,"20","11","2003","FESI-UNAM","NO APLICA","OT_llez",-97.004167,17.723056,"Balsas Basin province","Cylindropuntia",24.5499992370605,226.896057128906,12.3999996185303,901,40,1229.560546875,2.18661499023438
1894565334,"Cylindropuntia leptocaulis","Oaxaca",90,"2","11","2003","FESI-UNAM","NO APLICA","OT_llez",-96.998889,17.893333,"Balsas Basin province","Cylindropuntia",25.9333343505859,246.182998657227,14,563,17,564.091979980469,13.8988342285156
1894567856,"Mammillaria uncinata","Oaxaca",90,"30","11","2004","FC-UNAM","NO DISPONIBLE","OT_llez",-97.343,17.87375,"Sierra Madre del Sur province","Mammillaria",17.2541675567627,187.16130065918,5.5,475,15,2103.7646484375,1.07638549804688
1894568712,"Pachycereus grandis","Oaxaca",90,"23","4","2003","FESI-UNAM","NO APLICA","OT_llez",-96.945778,17.9245,"Sierra Madre del Sur province","Pachycereus",23.6124992370605,231.046295166016,11.6999998092651,1496,78,1270.90161132812,9.61090087890625
1894571202,"Echinocactus platyacanthus","Oaxaca",90,"30","6","2004","FESI-UNAM","NO APLICA","OT_llez",-97.663889,18.202778,"Balsas Basin province","Echinocactus",19.1208343505859,177.39860534668,9.10000038146973,542,14,1907.83361816406,1.05426025390625
1894571306,"Echinocactus platyacanthus","Oaxaca",90,"26","11","2006","FESI-UNAM","NO APLICA","OT_llez",-97.338889,18.116111,"Sierra Madre del Sur province","Echinocactus",20.0499992370605,223.637283325195,9.10000038146973,590,20,1644.13513183594,11.3993835449219
1895115173,"Opuntia hyptiacantha","Oaxaca",100,"12","4","2001","FC-UNAM","NO DISPONIBLE","L. Scheinvar",-96.475556,16.953333,"Balsas Basin province","Opuntia",21.3166675567627,138.553146362305,9.5,670,11,1616.92309570312,0.6785888671875
1895115666,"Opuntia hyptiacantha","Oaxaca",100,"12","5","2001","FC-UNAM","80936","L. Scheinvar",-96.402444,16.900167,"Balsas Basin province","Opuntia",20.6749992370605,132.896072387695,9.69999980926514,668,12,1673.26062011719,0.455551147460938
1895116251,"Opuntia chiangiana","Oaxaca",NA,NA,NA,"2007","IBUNAM","NO DISPONIBLE","L. Scheinvar",-96.975,17.902778,"Balsas Basin province","Opuntia",25.1166667938232,247.710708618164,13.3000001907349,718,26,622.162048339844,11.6733779907227
1895116748,"Opuntia nejapensis","Oaxaca",100,"14","5","1997","CIIDIR-IPN","24448","L. Scheinvar",-96.300835,16.300278,"Pacific Lowlands province","Opuntia",19.4458332061768,116.900459289551,10.8999996185303,731,22,1932.19213867188,12.8882598876953
1895497364,"Ferocactus flavovirens","Oaxaca",90,"11","3","1985","CNS-UT","181968","M. Lavin",-97.6546836,18.2065552,"Balsas Basin province","Ferocactus",18.970832824707,182.314147949219,8.80000019073486,539,14,1960.62951660156,6.80372619628906
1895548024,"Echinocactus platyacanthus","Oaxaca",90,NA,NA,NA,"IBUNAM","NO DISPONIBLE","Leonardo Ulises Guzm_n Cruz",-97.675,18.258333,"Balsas Basin province","Echinocactus",20.404167175293,187.634292602539,10,476,13,1712.49841308594,2.80674743652344
1895548070,"Echinocactus platyacanthus","Oaxaca",90,"19","7","1989","IBUNAM","NO DISPONIBLE","Leonardo Ulises Guzm_n Cruz",-97.658333,18.225,"Balsas Basin province","Echinocactus",19.5208339691162,187.924774169922,9.30000019073486,513,13,1877.94543457031,5.19837951660156
1895584000,"Mammillaria tepexicensis","Oaxaca",90,NA,"2","1988","ENCB-IPN","NO DISPONIBLE","J. MEYRAN",-97.584722,17.684444,"Sierra Madre del Sur province","Mammillaria",18.595832824707,176.744003295898,6.59999990463257,597,15,1965.42846679688,1.55195617675781
1895767344,"Pilosocereus quadricentralis","Oaxaca",100,NA,NA,"1952","IBUNAM","59798","NO DISPONIBLE",-94.091944,16.238611,"Pacific Lowlands province","Pilosocereus",28.2625007629395,97.5174713134766,19.7000007629395,1560,8,11.3002777099609,0.538981318473816
1895767504,"Mitrocereus militaris","Oaxaca",100,"19","7","1978","ENCB-IPN","NO DISPONIBLE","NO DISPONIBLE",-96.394722,16.896389,"Balsas Basin province","Mitrocereus",20.404167175293,134.374954223633,9.60000038146973,660,11,1694.794921875,3.12889099121094
1895767586,"Pilosocereus quadricentralis","Oaxaca",100,"8","4","1972","IBUNAM","NO DISPONIBLE","NO DISPONIBLE",-96.171944,16.684444,"Pacific Lowlands province","Pilosocereus",24.2708339691162,137.765579223633,13.5,809,16,857.636291503906,6.73603057861328
1895767652,"Pachycereus grandis","Oaxaca",100,NA,NA,NA,"NO DISPONIBLE","NO DISPONIBLE","NO DISPONIBLE",-95.341667,16.353333,"Pacific Lowlands province","Pachycereus",27.0541667938232,126.427444458008,18.8999996185303,777,4,103.013931274414,2.61004543304443
1895768127,"Neobuxbaumia mezcalaensis","Oaxaca",100,NA,NA,NA,"NO DISPONIBLE","NO DISPONIBLE","NO DISPONIBLE",-97.041667,16.14,"Sierra Madre del Sur province","Neobuxbaumia",22.3624992370605,102.760200500488,13.6000003814697,1401,21,900.6376953125,9.92531585693359
1896090938,"Ferocactus flavovirens","Oaxaca",90,"29","4","2004","STDOM","NO APLICA","C. Ch_vez; F. Mart_nez",-97.297361,18.154222,"Balsas Basin province","Ferocactus",23.0208339691162,245.185073852539,10.1000003814697,367,11,1215.06030273438,5.81044006347656
1896091212,"Coryphantha pycnacantha","Oaxaca",90,"8","10","2004","STDOM","NO APLICA","C. Ch_vez; F. Mart_nez",-97.218583,17.485361,"Sierra Madre del Sur province","Coryphantha",16.6375007629395,146.320388793945,5.59999990463257,576,9,2129.85131835938,3.2626953125
1896094276,"Epiphyllum phyllanthus","Oaxaca",100,"8","5","2001","STDOM","3695","J. Reyes",-96.722222,17.066389,"Balsas Basin province","Epiphyllum",21.7333335876465,151.647537231445,9.80000019073486,661,13,1554.12902832031,1.41055297851562
1897487344,"Mammillaria deherdtiana","Oaxaca",NA,"19","1","2015","UAMI","JF102/OAX/2074","SAM",-96.378444,17.152278,"Sierra Madre del Sur province","Mammillaria",9.92083358764648,110.009460449219,3.90000009536743,1165,46,3306.9521484375,11.0874633789062
1897487350,"Mammillaria deherdtiana","Oaxaca",NA,"21","2","2015","UAMI","JF102/OAX/2380","SAM",-96.3555,17.116222,"Sierra Madre del Sur province","Mammillaria",12.1166667938232,122.276382446289,5.69999980926514,1063,40,3006.2802734375,13.9689025878906
1897575623,"Epiphyllum phyllanthus","Oaxaca",NA,"29","10","2002","SERBO","30754","E. P_rez G.",-94.976667,16.743861,"Pacific Lowlands province","Epiphyllum",25.4416656494141,179.416122436523,17.7000007629395,1267,56,396.638793945312,10.7277984619141
1897575648,"Epiphyllum phyllanthus","Oaxaca",NA,"25","6","1998","SERBO","16769","J. Reyes S.",-96.279481,17.523775,"Sierra Madre del Sur province","Epiphyllum",23.6833324432373,236.127197265625,14.1000003814697,2324,143,547.449645996094,7.69257354736328
1897575664,"Epiphyllum phyllanthus","Oaxaca",NA,"18","11","1998","SERBO","16781","J. Reyes S.",-96.2903153,17.5287747,"Veracruzan province","Epiphyllum",22.9458332061768,226.298873901367,13.3999996185303,2210,144,806.644104003906,15.3913116455078
1897575672,"Epiphyllum phyllanthus","Oaxaca",NA,"11","8","2002","SERBO","29223","E.J. Lott",-94.979417,16.741777,"Pacific Lowlands province","Epiphyllum",25.4416656494141,179.416122436523,17.7000007629395,1267,56,217.58381652832,3.39002990722656
1897600729,"Mammillaria duoformis","Oaxaca",NA,"5","2","2004","FESZ-UNAM","NO APLICA","Ulises Guzm_n",-97.796555,17.822166,"Balsas Basin province","Mammillaria",21.095832824707,183.717391967773,9.19999980926514,633,20,1684.85046386719,2.18075561523438
1897600746,"Mammillaria duoformis","Oaxaca",NA,NA,NA,NA,"FESZ-UNAM","NO APLICA","Michel Lacoste",-97.78333,17.76666,"Balsas Basin province","Mammillaria",21.4458332061768,186.528793334961,9.30000019073486,655,15,1587.25402832031,0.779403686523438
1933602410,"Polaskia chende","Oaxaca",100,"11","7","2014","iNaturalist","783672","Ulises Guzm_n",-97.426672,17.930784,"Sierra Madre del Sur province","Polaskia",16.3166675567627,164.418167114258,5.30000019073486,572,19,2219.68725585938,0.760589599609375
2268968056,"Selenicereus alliodorus","Oaxaca",NA,"18","1","2013","MO","101074727","Arias & Korotkova",-96.107222,16.003056,"Sierra Madre del Sur province","Selenicereus",22.1416664123535,63.2036018371582,15.3000001907349,1411,32,1091.06433105469,4.29017639160156
2425457251,"Cephalocereus parvispinus","Oaxaca",NA,"10","4","2013","MEXU","101158535","",-97.416667,17.183333,"Sierra Madre del Sur province","Cephalocereus",19.966667175293,139.338256835938,9.10000038146973,863,16,1848.80065917969,1.6458740234375
2518004206,"Opuntia hyptiacantha","Oaxaca",252,"24","8","2016","iNaturalist","4899933","ricardo_munoz",-97.035756,18.07576,"Balsas Basin province","Opuntia",23.8291664123535,240.117935180664,11.1999998092651,1248,65,1359.32177734375,11.8634948730469
2518064594,"Opuntia hyptiacantha","Oaxaca",71,"6","11","2019","iNaturalist","35571854","ricardo_munoz",-97.346308,17.527821,"Sierra Madre del Sur province","Opuntia",16.5666675567627,152.722763061523,5.30000019073486,594,13,2145.19580078125,0.43505859375
2596294190,"Opuntia parviclada","Oaxaca",244,"27","11","2018","iNaturalist","41191570","Leticia Soriano Flores",-96.962488,17.826489,"Balsas Basin province","Opuntia",24.8125,237.468902587891,12.8999996185303,872,39,918.046264648438,2.11016845703125
2597726046,"Selenicereus testudo","Oaxaca",8,"3","1","2012","iNaturalist","41315999","Pablo Carrillo-Reyes",-95.014399,16.675123,"Pacific Lowlands province","Selenicereus",25.529167175293,174.322814941406,18.2999992370605,1007,21,166.007995605469,10.4876251220703
2629440475,"Echinocactus platyacanthus","Oaxaca",NA,"26","2","2010","FCN-UAQ","NO APLICA","NO DISPONIBLE",-97.68,18.200556,"Balsas Basin province","Echinocactus",20.0125007629395,180.757568359375,10,520,15,1782.07531738281,3.51449584960938
2629483151,"Mammillaria beneckei","Oaxaca",100,"12","6","1986","INECOL","P8439","H. Bravo H.",-95.3225,16.385833,"Pacific Lowlands province","Mammillaria",26.75,108.040412902832,18.6000003814697,634,2,418.434143066406,5.90037536621094
2629483206,"Epiphyllum pumilum","Oaxaca",100,"28","8","1984","INECOL","P9809","M. Kimnach",-94.763333,16.846667,"Veracruzan province","Epiphyllum",24.904167175293,195.139312744141,17.5,2047,138,183.973693847656,1.1789608001709
2629491202,"Aporocactus flagelliformis","Oaxaca",90,"30","12","1992","INECOL","P8671","P. Hietz",-97.066667,18.116667,"Balsas Basin province","Aporocactus",24.3083324432373,241.198089599609,10.8999996185303,883,44,1018.06304931641,7.29236602783203
2629781502,"Mammillaria tonalensis","Oaxaca",NA,"13","10","2017","IBUNAM","NO APLICA","JSSV; JLRCJ; LJC",-97.961289,17.645167,"Sierra Madre del Sur province","Mammillaria",21.1833343505859,159.9052734375,9.89999961853027,687,15,1757.93237304688,14.0898590087891
2629784925,"Neobuxbaumia mezcalaensis","Oaxaca",NA,"19","6","2017","IBUNAM","NO DISPONIBLE","ASAM",-97.932819,17.697911,"Balsas Basin province","Neobuxbaumia",21.595832824707,173.184860229492,10.1999998092651,688,16,1350.63256835938,6.39614868164062
2629785851,"Cylindropuntia prolifera","Oaxaca",NA,"20","6","2017","IBUNAM","NO DISPONIBLE","ASAM",-97.990959,17.642262,"Balsas Basin province","Cylindropuntia",22.7124996185303,163.847579956055,11,744,18,1385.8427734375,8.2406005859375
2803004687,"Opuntia hyptiacantha","Oaxaca",8,"2","6","2020","iNaturalist","50523055","Carlos Dom_nguez-Rodr_guez",-96.227662,15.699255,"Pacific Lowlands province","Opuntia",26.908332824707,98.8533020019531,19.8999996185303,1087,15,29.9271469116211,2.48342442512512
2850549444,"Opuntia hyptiacantha","Oaxaca",NA,"6","11","2019","iNaturalist","35561152","ricardo_munoz",-97.346428,17.528275,"Sierra Madre del Sur province","Opuntia",16.5666675567627,152.722763061523,5.30000019073486,594,13,2147.01611328125,0.620697021484375
2862523458,"Lemaireocereus hollianus","Oaxaca",61,"2","8","2020","iNaturalist","55397483","AMAURI DIAZ SOLIS",-96.972648,17.896423,"Balsas Basin province","Lemaireocereus",25.125,248.490859985352,13.3000001907349,701,25,594.18408203125,1.65891265869141
2984387802,"Polaskia chende","Oaxaca",244,"15","9","2017","iNaturalist","64550384","ricardo_munoz",-97.420911,17.966845,"Sierra Madre del Sur province","Polaskia",16.6666660308838,172.301712036133,5.69999980926514,560,17,2175.38500976562,3.83615112304688
3039194985,"Selenicereus testudo","Oaxaca",31,"3","1","2012","iNaturalist","68807305","cactus-d",-95.011678,16.680733,"Pacific Lowlands province","Selenicereus",25.529167175293,174.322814941406,18.2999992370605,1007,21,200.041168212891,4.01469802856445
3090662849,"Peniocereus serpentinus","Oaxaca",NA,"13","4","2021","iNaturalist","73949272","Delgado Fabela Jared Fabi_n",-96.568655,15.6903,"Pacific Lowlands province","Peniocereus",25.966667175293,100.957504272461,17.5,846,14,50.6503677368164,6.14555501937866
3125110486,"Ferocactus flavovirens","Oaxaca",NA,"18","11","1959","SD","SD00014018","J. Hugo Cota, 1999",-97.66667,18.11667,"Balsas Basin province","Ferocactus",19.2625007629395,181.84814453125,9.19999980926514,535,14,1872.06713867188,8.52398681640625
3306203431,"Pachycereus grandis","Oaxaca",NA,"12","5","2002","FESI-UNAM","NO APLICA","J.I.C.",-96.936861,17.922222,"Sierra Madre del Sur province","Pachycereus",23.5083332061768,234.509490966797,11.6000003814697,1536,84,1285.67248535156,7.63426208496094
3307622924,"Mammillaria duoformis","Oaxaca",NA,NA,"8","1969","IBUNAM","126928","_ngel Salvador Arias Montes",-97.793222,17.847083,"Balsas Basin province","Mammillaria",20.5666675567627,186.539459228516,8.89999961853027,626,18,1732.63916015625,4.30964660644531
3307656107,"Stenocereus chacalapensis","Oaxaca",100,"15","12","1973","IBUNAM","208299","Susana Gama L_pez",-97.093611,16.368056,"Sierra Madre del Sur province","Stenocereus",22.8624992370605,111.174011230469,13,1468,22,1068.58117675781,6.0211181640625
3307782849,"Mammillaria beneckei","Oaxaca",100,"12","6","1986","IBUNAM","504761","U. Guzman",-95.317,16.35,"Pacific Lowlands province","Mammillaria",27.4375,118.917922973633,19.2000007629395,803,4,78.3214797973633,0.761362075805664
3307787528,"Opuntia hyptiacantha","Oaxaca",90,"22","10","1990","IBUNAM","518176","_ngel Salvador Arias Montes",-97.368611,17.700556,"Sierra Madre del Sur province","Opuntia",16.0375003814697,169.278198242188,5,554,17,2218.92236328125,5.964599609375
3307805182,"Mammillaria beneckei","Oaxaca",100,"29","6","1991","IBUNAM","577965","",-95.367,16.417,"Pacific Lowlands province","Mammillaria",26.5,121.35595703125,18.3999996185303,605,2,358.445709228516,11.4189949035645
3307815682,"Echinocactus platyacanthus","Oaxaca",NA,"19","7","1989","IBUNAM","574808","Gladys Isabel Manzanero Medina",-97.652433,18.211533,"Balsas Basin province","Echinocactus",18.7583332061768,180.11149597168,8.60000038146973,545,15,1974.24694824219,8.53634643554688
3307891462,"Mammillaria oteroi","Oaxaca",90,"4","12","1992","IBUNAM","791401","Leonardo Ulises Guzm_n Cruz",-97.4465,17.67836,"Sierra Madre del Sur province","Mammillaria",16.3583335876465,160.960662841797,5.30000019073486,587,18,2191.24072265625,11.3028869628906
3307902800,"Mammillaria duoformis","Oaxaca",90,"3","12","1992","IBUNAM","791393","Leonardo Ulises Guzm_n Cruz",-97.79181,17.77411,"Balsas Basin province","Mammillaria",21.3250007629395,183.730316162109,9.30000019073486,656,17,1584.84008789062,8.98341369628906
3308015133,"Cephalocereus fulviceps","Oaxaca",90,"26","5","2002","IBUNAM","1127260","_ngel Salvador Arias Montes",-96.96531,17.67758,"Balsas Basin province","Cephalocereus",24.2708339691162,226.228546142578,12.3000001907349,967,44,1175.51196289062,9.38885498046875
3308036571,"Epiphyllum phyllanthus","Oaxaca",90,"25","6","1998","IBUNAM","1120749","J. Reyes",-96.27944,17.52306,"Sierra Madre del Sur province","Epiphyllum",23.6833324432373,236.127197265625,14.1000003814697,2324,143,530.538757324219,17.4881019592285
3308038963,"Epiphyllum phyllanthus","Oaxaca",100,"29","11","2004","IBUNAM","1186062","_ngel Salvador Arias Montes",-96.1005,15.97083,"Pacific Lowlands province","Epiphyllum",22.5791664123535,50.1116218566895,16.2000007629395,1502,36,1100.54553222656,8.77731323242188
3308040852,"Lemaireocereus hollianus","Oaxaca",90,"9","1","2002","IBUNAM","1128150","_ngel Salvador Arias Montes",-97.06211,18.09275,"Balsas Basin province","Lemaireocereus",24.220832824707,237.558197021484,11,919,45,993.46484375,7.70980834960938
3308049849,"Neobuxbaumia laui ","Oaxaca",100,"10","8","2006","IBUNAM","1197205","_ngel Salvador Arias Montes",-97.75222,16.98556,"Sierra Madre del Sur province","Neobuxbaumia",20.5625,140.698348999023,10.1000003814697,1583,38,1499.16223144531,14.3623046875
3308076973,"Pachycereus grandis","Oaxaca",90,"14","12","2000","IBUNAM","1272793","_ngel Salvador Arias Montes",-96.94611,17.92417,"Sierra Madre del Sur province","Pachycereus",23.6124992370605,231.046295166016,11.6999998092651,1496,78,1287.68896484375,11.8884887695312
3308090607,"Mammillaria duoformis","Oaxaca",NA,"14","9","2008","IBUNAM","1300844","_ngel Salvador Arias Montes",-97.75,17.78055,"Balsas Basin province","Mammillaria",21.3958339691162,185.195938110352,9.30000019073486,632,16,1667.00988769531,2.12074279785156
3308098834,"Echinocactus platyacanthus","Oaxaca",90,"5","9","2009","IBUNAM","1272977","_ngel Salvador Arias Montes",-97.65517,18.20525,"Balsas Basin province","Echinocactus",18.970832824707,182.314147949219,8.80000019073486,539,14,1962.9892578125,3.33393859863281
3308104666,"Peniocereus serpentinus","Oaxaca",90,"21","5","1994","IBUNAM","1267626","_ngel Salvador Arias Montes",-97.3224,18.1268,"Sierra Madre del Sur province","Peniocereus",20.4166660308838,235.915374755859,9,615,21,1684.46276855469,8.8232421875
3308107374,"Mammillaria deherdtiana","Oaxaca",90,"13","5","2006","IBUNAM","1265522","",-96.38306,17.17139,"Sierra Madre del Sur province","Mammillaria",10.0666666030884,113.64485168457,4.09999990463257,1163,48,3197.27124023438,11.3186950683594
3308127724,"Polaskia chende","Oaxaca",90,"12","1","2001","IBUNAM","1324225","_ngel Salvador Arias Montes",-96.84944,17.95028,"Sierra Madre del Sur province","Polaskia",19.220832824707,231.854751586914,8.89999961853027,1940,91,1802.83654785156,7.31732177734375
3308151606,"Opuntia nejapensis","Oaxaca",100,"27","5","2011","IBUNAM","1389218","L. Scheinvar",-96.8844,16.58883,"Balsas Basin province","Opuntia",20.3999996185303,127.813789367676,9.89999961853027,843,16,1542.42907714844,3.89962768554688
3308152601,"Opuntia nejapensis","Oaxaca",90,"20","5","2011","IBUNAM","1389431","L. Scheinvar",-97.6524,17.26169,"Sierra Madre del Sur province","Opuntia",17.4583339691162,135.409027099609,6.69999980926514,821,18,2108.88818359375,5.92120361328125
3308152835,"Opuntia hyptiacantha","Oaxaca",90,"19","5","2011","IBUNAM","1395595","L. Scheinvar",-97.4812,17.50989,"Sierra Madre del Sur province","Opuntia",15.3291664123535,148.713562011719,4.09999990463257,657,18,2216.97827148438,4.41168212890625
3308155935,"Neobuxbaumia laui ","Oaxaca",100,"10","4","2013","IBUNAM","1402541","_ngel Salvador Arias Montes",-97.75011,16.98436,"Sierra Madre del Sur province","Neobuxbaumia",20.5625,140.698348999023,10.1000003814697,1583,38,1441.48547363281,12.3904571533203
3308359877,"Mammillaria duoformis","Oaxaca",90,"17","1","1988","IBUNAM","501445","_ngel Salvador Arias Montes",-97.7932,17.8471,"Balsas Basin province","Mammillaria",20.5666675567627,186.539459228516,8.89999961853027,626,18,1732.63916015625,4.30964660644531
3308365344,"Mammillaria tepexicensis","Oaxaca",90,NA,"2","1988","IBUNAM","515428","_ngel Salvador Arias Montes",-97.5333,17.7833,"Sierra Madre del Sur province","Mammillaria",16.625,159.081161499023,5.5,594,14,2167.45776367188,4.393798828125
3308375795,"Epiphyllum crenatum","Oaxaca",100,"7","11","1990","IBUNAM","553786","R. Baner",-95.583,16.267,"Pacific Lowlands province","Epiphyllum",22.6291675567627,79.8708648681641,15.1000003814697,809,9,1580.10241699219,15.6804656982422
3308389513,"Epiphyllum pumilum","Oaxaca",100,"15","7","1985","IBUNAM","565406","H. Bravo; _ngel Salvador Arias Montes",-94.733,16.867,"Veracruzan province","Epiphyllum",24.75,191.44189453125,17.2999992370605,2163,157,387.653503417969,8.10727310180664
3308395591,"Mammillaria uncinata","Oaxaca",NA,"30","3","1988","IBUNAM","474795","Leonardo Ulises Guzm_n Cruz",-97.455361,17.854667,"Sierra Madre del Sur province","Mammillaria",15.8791666030884,158.393341064453,4.80000019073486,581,18,2236.47290039062,6.82681274414062
3308411271,"Cephalocereus fulviceps","Oaxaca",90,"24","10","1990","IBUNAM","518095","_ngel Salvador Arias Montes",-97.0892,17.892,"Balsas Basin province","Cephalocereus",23.2416667938232,245.568283081055,10.5,905,44,1322.568359375,8.23011779785156
3308411276,"Opuntia parviclada","Oaxaca",90,"11","11","1990","IBUNAM","518162","_ngel Salvador Arias Montes",-97.0142,17.9278,"Balsas Basin province","Opuntia",25.8916664123535,243.924682617188,13.8000001907349,619,19,547.828491210938,0.797065734863281
3308418457,"Ferocactus flavovirens","Oaxaca",NA,"26","10","1990","IBUNAM","518272","_ngel Salvador Arias Montes",-97.656278,18.203528,"Balsas Basin province","Ferocactus",18.970832824707,182.314147949219,8.80000019073486,539,14,1964.28540039062,4.62107849121094
3308484806,"Opuntia hyptiacantha","Oaxaca",90,"2","6","1992","IBUNAM","832918","_ngel Salvador Arias Montes",-97.033,17.433,"Sierra Madre del Sur province","Opuntia",20.2374992370605,184.392425537109,9.10000038146973,744,18,1759.26733398438,8.61048889160156
3308503529,"Selenicereus testudo","Oaxaca",NA,"23","7","1996","IBUNAM","742824","J. Reyes",-95.0072264,16.6654863,"Pacific Lowlands province","Selenicereus",25.7875003814697,171.955657958984,18.6000003814697,1008,20,171.446212768555,13.8445110321045
3308509644,"Cephalocereus fulviceps","Oaxaca",90,"11","12","1993","IBUNAM","771937","_ngel Salvador Arias Montes",-97.0922,17.8761,"Balsas Basin province","Cephalocereus",22.0625,237.229522705078,10.1000003814697,972,44,1584.39929199219,7.46505737304688
3308629818,"Pachycereus grandis","Oaxaca",90,"31","3","2006","IBUNAM","1206584","_ngel Salvador Arias Montes",-96.94058,17.91972,"Sierra Madre del Sur province","Pachycereus",23.5083332061768,234.509490966797,11.6000003814697,1536,84,1342.59814453125,4.96505737304688
3308638752,"Pilosocereus quadricentralis","Oaxaca",100,"28","6","2002","IBUNAM","1213416","J. Reyes",-95.786,15.92272,"Pacific Lowlands province","Pilosocereus",28.0416660308838,79.6536331176758,20.3999996185303,1013,11,5.20804166793823,0.691675901412964
3308659396,"Polaskia chende","Oaxaca",90,"7","12","1994","IBUNAM","1267611","_ngel Salvador Arias Montes",-96.9477,17.9257,"Balsas Basin province","Polaskia",24.1166667938232,242.115051269531,11.8999996185303,1285,68,1266.15112304688,18.9514770507812
3308661114,"Lemaireocereus hollianus","Oaxaca",90,"9","1","2002","IBUNAM","1128151","_ngel Salvador Arias Montes",-97.00986,17.83475,"Balsas Basin province","Lemaireocereus",25.6708335876465,248.636779785156,13.6999998092651,495,13,572.12646484375,2.30817413330078
3308661523,"Polaskia chende","Oaxaca",90,"4","10","2006","IBUNAM","1273378","_ngel Salvador Arias Montes",-97.05168,17.53416,"Sierra Madre del Sur province","Polaskia",15.8000001907349,146.302932739258,7.09999990463257,569,9,2393.62426757812,9.49588012695312
3308662207,"Opuntia parviclada","Oaxaca",90,"12","11","2009","IBUNAM","1290491","L. Scheinvar",-97.15247,17.82642,"Sierra Madre del Sur province","Opuntia",19.0583343505859,224.143157958984,8,658,24,1817.25158691406,9.10000610351562
3308668632,"Epiphyllum phyllanthus","Oaxaca",90,"18","11","1998","IBUNAM","1120743","J. Reyes",-96.29028,17.52806,"Veracruzan province","Epiphyllum",22.9458332061768,226.298873901367,13.3999996185303,2210,144,837.890502929688,9.76333618164062
3308674176,"Stenocereus chacalapensis","Oaxaca",100,"8","9","2004","IBUNAM","1185995","_ngel Salvador Arias Montes",-96.16492,15.72414,"Pacific Lowlands province","Stenocereus",27.0791664123535,99.2576599121094,20,1110,14,7.01104736328125,0.910267889499664
3308682200,"Cephalocereus fulviceps","Oaxaca",90,"30","10","2004","IBUNAM","1179847","_ngel Salvador Arias Montes",-96.94894,17.60808,"Balsas Basin province","Cephalocereus",22.7333335876465,216.588592529297,11.1999998092651,1016,44,1349.51611328125,11.0305328369141
3308688845,"Disocactus phyllanthoides","Oaxaca",90,"23","4","2003","IBUNAM","1175463","_ngel Salvador Arias Montes",-96.44631,17.30994,"Sierra Madre del Sur province","Disocactus",15.783332824707,162.513397216797,7.19999980926514,1221,49,2068.07836914062,4.55856323242188
3308706483,"Cephalocereus fulviceps","Oaxaca",NA,"11","8","2006","IBUNAM","1215565","_ngel Salvador Arias Montes",-96.948556,17.605694,"Balsas Basin province","Cephalocereus",22.7333335876465,216.588592529297,11.1999998092651,1016,44,1429.81762695312,13.4210815429688
3308707134,"Mammillaria oteroi","Oaxaca",90,NA,NA,"1971","IBUNAM","1231802","_ngel Salvador Arias Montes",-97.4062,17.8764,"Sierra Madre del Sur province","Mammillaria",17.0083332061768,174.67936706543,5.09999990463257,501,13,2100.47045898438,2.0784912109375
3308709822,"Epiphyllum phyllanthus","Oaxaca",100,"11","8","2002","IBUNAM","1242429","E. J. Lott",-94.97942,16.74178,"Pacific Lowlands province","Epiphyllum",25.4416656494141,179.416122436523,17.7000007629395,1267,56,217.58381652832,3.39002990722656
3308730307,"Polaskia chende","Oaxaca",NA,"19","2","1993","IBUNAM","1279747","_ngel Salvador Arias Montes",-96.940417,17.922361,"Sierra Madre del Sur province","Polaskia",23.5083332061768,234.509490966797,11.6000003814697,1536,84,1285.00927734375,4.944091796875
3308731008,"Ortegocactus macdougallii","Oaxaca",100,"22","10","2008","IBUNAM","1296080","_ngel Salvador Arias Montes",-96.35,16.383,"Pacific Lowlands province","Ortegocactus",21.2000007629395,111.416526794434,11.8000001907349,335,10,1661.72900390625,2.40480041503906
3308747459,"Opuntia nejapensis","Oaxaca",100,"21","5","2011","IBUNAM","1389430","L. Scheinvar",-97.5977,16.91156,"Sierra Madre del Sur province","Opuntia",16.3624992370605,130.856018066406,6.69999980926514,1094,28,2282.28930664062,9.8953857421875
3308752222,"Epiphyllum crenatum","Oaxaca",100,"20","5","2010","IBUNAM","1383182","Carlos G_mez Hinostrosa",-95.9164,16.2711,"Sierra Madre del Sur province","Epiphyllum",22.1458339691162,95.6189804077148,14.1000003814697,829,15,1541.36975097656,11.195556640625
3308762737,"Mammillaria beneckei","Oaxaca",100,"28","6","1996","IBUNAM","1461436","D. Aquino",-95.3074,16.38211,"Pacific Lowlands province","Mammillaria",27.7250003814697,116.940155029297,19.2999992370605,824,4,179.274307250977,10.2547969818115
3325514954,"Lemaireocereus hollianus","Oaxaca",4,"6","6","2021","iNaturalist","85685174","Joseph Scheer",-97.017814,17.8745,"Balsas Basin province","Lemaireocereus",25.7416667938232,245.568267822266,13.8000001907349,528,16,651.050842285156,11.0558319091797
3398714472,"Neobuxbaumia mezcalaensis","Oaxaca",122,"29","11","2012","iNaturalist","49839671","Eugenio Padilla",-98.047288,17.634897,"Balsas Basin province","Neobuxbaumia",22.8624992370605,152.391906738281,11.6999998092651,764,18,1480.89074707031,15.6566619873047
3398792820,"Echinocereus pulchellus","Oaxaca",6,"22","10","2021","iNaturalist","99048418","Carlos Martorell",-97.496139,17.839173,"Sierra Madre del Sur province","Echinocereus",15.7541666030884,159.251937866211,5,613,23,2245.98657226562,5.47097778320312
3399199195,"Echinocereus pulchellus","Oaxaca",12,"13","10","2021","iNaturalist","98452459","Wolfgang Blum",-97.453042,17.911913,"Sierra Madre del Sur province","Echinocereus",15.8500003814697,160.538864135742,5.19999980926514,584,19,2283.29174804688,2.32986450195312
3456285474,"Neobuxbaumia mezcalaensis","Oaxaca",12,"22","12","2021","iNaturalist","103838102","Joseph Scheer",-97.683144,18.119458,"Balsas Basin province","Neobuxbaumia",19.5541667938232,183.445037841797,9.5,526,13,1881.03283691406,6.66891479492188
3712399862,"Peniocereus serpentinus","Oaxaca",4,"27","1","2018","iNaturalist","108093156","Vladimir Malov",-96.594851,16.329027,"Balsas Basin province","Peniocereus",21.3166656494141,117.711769104004,11.1999998092651,527,12,1557.67712402344,0.39263916015625
3772826839,"Lemaireocereus hollianus","Oaxaca",4,"28","4","2022","iNaturalist","115554995","Ulises Guzm_n",-97.037972,17.864057,"Balsas Basin province","Lemaireocereus",25.4541664123535,240.50569152832,13.3999996185303,624,21,774.77783203125,8.92864990234375
3772975760,"Lemaireocereus hollianus","Oaxaca",NA,"1","5","2022","iNaturalist","115769315","Carlos Dom_nguez-Rodr_guez",-97.045326,17.862324,"Balsas Basin province","Lemaireocereus",25.1041660308838,237.94059753418,12.8999996185303,713,30,868.363830566406,7.71665191650391
3773042067,"Lemaireocereus hollianus","Oaxaca",NA,"1","5","2022","iNaturalist","115966370","Carlos Dom_nguez-Rodr_guez",-97.037109,17.86408,"Balsas Basin province","Lemaireocereus",25.4541664123535,240.50569152832,13.3999996185303,624,21,750.843322753906,10.1440734863281
3859265819,"Opuntia parviclada","Oaxaca",8,"28","7","2021","iNaturalist","93110952","Leticia Soriano Flores",-97.346649,17.883524,"Sierra Madre del Sur province","Opuntia",17.8250007629395,197.08674621582,5.80000019073486,459,15,2047.91149902344,4.54605102539062
4111977122,"Mammillaria beneckei","Oaxaca",8,"7","5","2023","iNaturalist","160752669","Jonathan Mohl",-95.313261,16.380804,"Pacific Lowlands province","Mammillaria",27.3083343505859,113.194000244141,19,717,3,294.930389404297,2.16566848754883
4168487286,"Selenicereus testudo","Oaxaca",90,"17","12","1961","CECOY-INIFAP","36008","NO DISPONIBLE",-96.141667,18.091667,"Veracruzan province","Selenicereus",25.9333324432373,236.800003051758,17,2567,133,26.6017379760742,3.50945043563843
4453825517,"Lemaireocereus hollianus","Oaxaca",NA,"1","5","2022","iNaturalist","116064314","Carlos Dom_nguez-Rodr_guez",-97.037254,17.864012,"Balsas Basin province","Lemaireocereus",25.4541664123535,240.50569152832,13.3999996185303,624,21,744.674743652344,11.5374526977539
4453826524,"Lemaireocereus hollianus","Oaxaca",NA,"1","5","2022","iNaturalist","115766339","Carlos Dom_nguez-Rodr_guez",-97.042603,17.862328,"Balsas Basin province","Lemaireocereus",25.1041660308838,237.94059753418,12.8999996185303,713,30,824.293273925781,5.22507476806641
4465386334,"Polaskia chende","Oaxaca",505,"11","10","2016","iNaturalist","4965375","Alfredo Maldonado Velasco",-97.425127,18.067992,"Balsas Basin province","Polaskia",22.345832824707,221.507827758789,10.1000003814697,472,18,1436.14428710938,6.44258117675781
4519229809,"Neobuxbaumia mezcalaensis","Oaxaca",61,"3","1","2024","iNaturalist","198320374","Ryan E. Gray",-96.276324,16.867889,"Sierra Madre del Sur province","Neobuxbaumia",19.3541660308838,126.157524108887,10.3000001907349,701,12,1774.46325683594,1.03811645507812
4519239409,"Neobuxbaumia mezcalaensis","Oaxaca",61,"3","1","2024","iNaturalist","198319461","Ryan E. Gray",-96.276495,16.864644,"Sierra Madre del Sur province","Neobuxbaumia",20.4333324432373,134.203598022461,10.5,771,16,1688.88903808594,10.1461791992188
1895202622,"Selenicereus vagans","Itsmo de Tehuantepec",100,"","","","3942094","IBUNAM","MEXU-ND48",-95.130278,16.385833,"Pacific Lowlands province","Selenicereus",27.8291664123535,129.482482910156,19.8999996185303,954,8,15.6194849014282,0.457063555717468
1228149861,"Selenicereus vagans","Oaxaca",NA,"21","5","1960","F","","M. W. Kimnach",-96.5,17,"Balsas Basin province","Selenicereus",21.1791667938232,135.016143798828,9.39999961853027,656,11,1643.65661621094,0.9351806640625
1258387220,"Selenicereus vagans","Oaxaca",NA,"21","5","1960","MO","1182137","H. Bravo & S. Arias (MEXU)",-95.05,17.13,"Veracruzan province","Selenicereus",25.5375003814697,208.447998046875,17.7000007629395,2778,132,109.277946472168,3.49023818969727
219010926,"Coryphantha pallida","Oaxaca",NA,"20","7","1993","IBUNAM","768864","Guzm_n Cruz, Leonardo Ulises, 2006",-97.383333,17.716667,"Sierra Madre del Sur province","Coryphantha",16.9500007629395,183.04248046875,5.59999990463257,547,18,2092.88061523438,2.32525634765625
219010927,"Coryphantha retusa","Oaxaca",NA,"5","6","1993","IBUNAM","768867","Guzm_n Cruz, Leonardo Ulises, 2006",-97.483333,17.816667,"Sierra Madre del Sur province","Coryphantha",16.2541675567627,169.349807739258,5.09999990463257,569,16,2209.83471679688,6.04769897460938
219011283,"Ferocactus recurvus","Oaxaca",NA,"13","10","2005","IBUNAM","1191930","Manzanero Medina, Gladis, 2006",-96.555556,16.679167,"Balsas Basin province","Ferocactus",20.0708332061768,123.42569732666,9.89999961853027,579,7,1768.95458984375,8.43498229980469
219012121,"Opuntia auberi","Oaxaca",NA,"8","11","1999","IBUNAM","1031325","Arias Montes, _ngel Salvador, 2006",-95.908056,15.863056,"Pacific Lowlands province","Opuntia",27.220832824707,83.3518905639648,19.8999996185303,1108,13,89.9495162963867,4.51248836517334
219012138,"Mammillaria albilanata","Oaxaca",NA,"23","12","1992","IBUNAM","1041182","Guzm_n Cruz, Leonardo Ulises, 2006",-94.833333,16.583333,"Pacific Lowlands province","Mammillaria",26.5541667938232,172.316543579102,19.1000003814697,1026,14,28.4627876281738,0.434557914733887
219012170,"Peniocereus fosterianus","Oaxaca",NA,"22","5","2000","IBUNAM","1084949","Gama L_pez, Susana, 2006",-96.001389,15.871944,"Pacific Lowlands province","Peniocereus",26.9249992370605,89.2264862060547,19.6000003814697,1178,13,50.3164825439453,1.51005172729492
219012261,"Neobuxbaumia tetetzo","Oaxaca",NA,"7","3","2005","IBUNAM","1191931","Arias Montes, _ngel Salvador, 2006",-95.613056,15.980278,"Pacific Lowlands province","Neobuxbaumia",27.5458335876465,80.6354751586914,20.1000003814697,912,8,50.7490882873535,2.31983804702759
219012720,"Rhipsalis baccifera","Oaxaca",NA,"10","5","1991","IBUNAM","553657","Gama L_pez, Susana, 2006",-95.516667,16.733333,"Sierra Madre del Sur province","Rhipsalis",21.5083332061768,101.37313079834,13.5,752,40,1359.94421386719,14.018798828125
219012834,"Pachycereus pecten-aboriginum","Oaxaca",NA,"20","5","1995","IBUNAM","657389","Arias Montes, _ngel Salvador, 2006",-95.59,16.429167,"Pacific Lowlands province","Pachycereus",27.0416660308838,124.075355529785,18.1000003814697,608,3,172.410095214844,0.487226486206055
219012900,"Pilosocereus chrysacanthus","Oaxaca",NA,"4","12","1992","IBUNAM","771941","Arias Montes, _ngel Salvador",-97.7,18.183333,"Balsas Basin province","Pilosocereus",20.6291675567627,174.869537353516,10.6999998092651,506,15,1754.30407714844,5.36721801757812
219012912,"Mammillaria haageana","Oaxaca",NA,"4","4","1993","IBUNAM","791368","Guzm_n Cruz, Leonardo Ulises, 2006",-97.366667,18.066667,"Balsas Basin province","Mammillaria",21.2374992370605,227.58740234375,9.39999961853027,555,22,1551.86547851562,16.4336700439453
219012937,"Opuntia decumbens","Oaxaca",NA,"30","4","1992","IBUNAM","832157","Arias Montes, _ngel Salvador, 2006",-96.099444,17.783333,"Veracruzan province","Opuntia",23.8291664123535,224.696350097656,15.1999998092651,3019,200,503.653076171875,6.53652572631836
788779902,"Opuntia velutina","Oaxaca",NA,"22","7","2008","LD","1545989","",-97.943028,17.677,"Sierra Madre del Sur province","Opuntia",22.0166664123535,164.155303955078,10.6000003814697,696,15,1470.84912109375,1.82023620605469
891025805,"Coryphantha pallida","Oaxaca",NA,"28","6","2013","iNaturalist","324877","Carlos Martorell",-97.418282,17.917166,"Sierra Madre del Sur province","Coryphantha",16.5125007629395,164.013916015625,5.30000019073486,560,18,2191.73461914062,1.738525390625
1024178713,"Opuntia huajuapensis","Oaxaca",NA,"28","6","2013","iNaturalist","324846","Carlos Martorell",-97.429912,17.905079,"Sierra Madre del Sur province","Opuntia",16.095832824707,158.091720581055,5,576,18,2272.77294921875,0.440673828125
1024182024,"Escontria chiotilla","Oaxaca",384,"4","6","2014","iNaturalist","721012","Leticia Soriano Flores",-97.721071,18.230224,"Balsas Basin province","Escontria",21.2958335876465,186.17512512207,10.8000001907349,445,14,1618.19750976562,10.5777587890625
1052584351,"Pereskia lychnidiflora","Oaxaca",NA,"13","9","2011","iNaturalist","1107596","ae",-94.999466,16.662917,"Pacific Lowlands province","Pereskia",25.4583339691162,159.798645019531,18,966,29,249.294845581055,17.1892738342285
1065590790,"Mammillaria rekoi","Oaxaca",NA,"1","3","2014","iNaturalist","1179236","Opuntia Cadereytensis",-96.467836,17.102525,"Sierra Madre del Sur province","Mammillaria",11.5333337783813,118.960136413574,4.90000009536743,1032,33,3016.40673828125,9.85324096679688
1065590799,"Mammillaria karwinskiana","Oaxaca",15,"1","3","2014","iNaturalist","1179241","Ulises Guzm_n",-96.51482,17.066739,"Sierra Madre del Sur province","Mammillaria",17.4750003814697,141.942687988281,8.30000019073486,768,21,1872.7734375,9.04450988769531
1065605447,"Melocactus curvispinus","Oaxaca",NA,"13","4","2006","iNaturalist","1214778","Ulises Guzm_n",-95.010643,16.660554,"Pacific Lowlands province","Melocactus",25.9583339691162,173.870803833008,18.7999992370605,1026,16,131.075378417969,6.61811828613281
1088941922,"Mammillaria albilanata","Oaxaca",NA,"2","3","2014","iNaturalist","1378262","Jonathan Mohl",-96.930951,17.439065,"Sierra Madre del Sur province","Mammillaria",15.8958330154419,161.533248901367,7,679,16,2244.95190429688,5.58187866210938
1088941967,"Mammillaria carnea","Oaxaca",15,"2","3","2014","iNaturalist","1378367","Opuntia Cadereytensis",-97.069372,17.847683,"Balsas Basin province","Mammillaria",23.8541660308838,245.110900878906,11.1999998092651,806,37,1022.95495605469,7.67084503173828
1088941975,"Mammillaria albilanata","Oaxaca",15,"2","3","2014","iNaturalist","1378350","Jonathan Mohl",-96.940127,17.484824,"Sierra Madre del Sur province","Mammillaria",16.1458339691162,160.545364379883,7.09999990463257,652,18,2207.12768554688,9.37255859375
1088942000,"Mammillaria carnea","Oaxaca",63,"3","3","2014","iNaturalist","1378391","Opuntia Cadereytensis",-96.945259,17.789368,"Balsas Basin province","Mammillaria",24.6791667938232,241.194549560547,13,748,33,901.147827148438,4.66007995605469
1098899163,"Opuntia decumbens","Oaxaca",63,"27","5","2015","iNaturalist","1593298","Aurelio Molina Hern_ndez.",-96.157764,15.726525,"Pacific Lowlands province","Opuntia",27.0166664123535,98.4962768554688,20,1144,14,21.1344413757324,9.20778846740723
1143522382,"Myrtillocactus schenckii","Oaxaca",NA,"21","7","2015","iNaturalist","1833687","Miguel Gonz_lez Botello",-96.439304,16.965539,"Balsas Basin province","Myrtillocactus",20.4333343505859,129.568054199219,9.60000038146973,649,10,1665.67468261719,3.87559509277344
1143558530,"Opuntia tomentosa","Oaxaca",253,"9","9","2015","iNaturalist","2015413","Ulises Guzm_n",-97.263808,17.667577,"Sierra Madre del Sur province","Opuntia",13.0833330154419,144.510665893555,3.70000004768372,708,19,2576.72900390625,2.4664306640625
1143567866,"Marginatocereus marginatus","Oaxaca",156,"25","4","2012","iNaturalist","477318","Clarita Alicia Ibarra Contreras",-97.340788,17.531695,"Sierra Madre del Sur province","Marginatocereus",16.591667175293,151.774841308594,5.30000019073486,587,12,2152.021484375,0.674774169921875
1212004559,"Stenocereus treleasei","Oaxaca",NA,"15","5","2007","iNaturalist","311660","Elizabeth Torres Bahena",-96.735784,17.082309,"Balsas Basin province","Stenocereus",21.408332824707,146.207092285156,9.80000019073486,652,15,1806.94482421875,5.55850219726562
1212004825,"Stenocereus stellatus","Oaxaca",451,"19","3","2009","iNaturalist","477211","Ulises Guzm_n",-97.322216,17.552145,"Sierra Madre del Sur province","Stenocereus",15.7250003814697,141.509719848633,4.80000019073486,585,15,2307.74145507812,11.6970520019531
1212004826,"Opuntia lasiacantha","Oaxaca",869,"17","4","2012","iNaturalist","477200","Ulises Guzm_n",-97.401695,17.491823,"Sierra Madre del Sur province","Opuntia",13.4541664123535,135.98893737793,4.09999990463257,737,17,2537.97583007812,7.66281127929688
1212004827,"Coryphantha pallida","Oaxaca",239,"26","7","2012","iNaturalist","477173","Ulises Guzm_n",-97.320982,17.551613,"Sierra Madre del Sur province","Coryphantha",15.7250003814697,141.509719848633,4.80000019073486,585,15,2320.02661132812,3.07244873046875
1253300974,"Mammillaria carnea","Oaxaca",NA,"3","2","2016","iNaturalist","2657808","Leticia Soriano Flores",-97.112194,18.119528,"Balsas Basin province","Mammillaria",25.2000007629395,241.275024414062,12.3000001907349,768,29,787.074645996094,2.96871948242188
1257612952,"Opuntia pilifera","Oaxaca",NA,"30","7","2008","MEXU","100261602","L. Scheivar",-96.96296,17.79537,"Balsas Basin province","Opuntia",25.2083339691162,247.311325073242,13.5,567,17,596.022277832031,0.802940368652344
1257612971,"Opuntia tomentosa","Oaxaca",NA,"31","7","2008","MEXU","100261610","L. Scheivar",-97.05785,18.02309,"Balsas Basin province","Opuntia",25.1000003814697,236.479873657227,12.6999998092651,830,31,752.320922851562,9.88706207275391
1257612979,"Opuntia decumbens","Oaxaca",NA,"30","7","2008","MEXU","100261604","L. Scheivar",-96.96581,17.79608,"Balsas Basin province","Opuntia",25.2083339691162,247.311325073242,13.5,567,17,604.032043457031,1.952880859375
1257613041,"Opuntia tomentosa","Oaxaca",NA,"31","7","2008","MEXU","100261699","L. Scheivar",-97.01328,17.94294,"Balsas Basin province","Opuntia",25.7333335876465,240.495056152344,13.6000003814697,692,24,629.376098632812,6.03987884521484
1257613048,"Opuntia pilifera","Oaxaca",NA,"30","7","2008","MEXU","100261694","L. Scheivar",-97.00788,17.87933,"Balsas Basin province","Opuntia",25.783332824707,243.742889404297,13.8000001907349,573,18,638.700622558594,1.95265960693359
1257613070,"Opuntia pilifera","Oaxaca",NA,"31","7","2008","MEXU","100261716","L. Scheivar",-97.06494,18.10365,"Balsas Basin province","Opuntia",24.1333332061768,238.787994384766,10.8999996185303,922,47,964.617065429688,2.01924133300781
1257613073,"Opuntia pilifera","Oaxaca",NA,"31","7","2008","MEXU","100261710","L. Scheivar",-97.0612,18.03301,"Balsas Basin province","Opuntia",25.1000003814697,235.555419921875,12.6000003814697,828,32,806.597595214844,3.23553466796875
1257613100,"Opuntia velutina","Oaxaca",NA,"31","7","2008","MEXU","100261707","L. Scheivar",-97.06136,18.03237,"Balsas Basin province","Opuntia",25.1000003814697,235.555419921875,12.6000003814697,828,32,804.753112792969,3.19026184082031
1257613105,"Opuntia decumbens","Oaxaca",NA,"31","7","2008","MEXU","100261703","L. Scheivar",-97.05082,18.02339,"Balsas Basin province","Opuntia",25.1000003814697,236.479873657227,12.6999998092651,830,31,785.627746582031,5.82391357421875
1257682926,"Acanthocereus tetragonus","Oaxaca",NA,"18","6","2002","MEXU","100333535","C. Gomez H.",-95.099722,16.966111,"Veracruzan province","Acanthocereus",25.0375003814697,192.248931884766,17.3999996185303,1894,87,243.586349487305,2.28742980957031
1257682936,"Acanthocereus tetragonus","Oaxaca",NA,"16","6","2002","MEXU","100333537","",-95.0075,16.641667,"Pacific Lowlands province","Acanthocereus",26.0541667938232,168.717880249023,18.8999996185303,990,15,108.351341247559,4.57799339294434
1257683088,"Acanthocereus tetragonus","Oaxaca",NA,"22","7","2001","MEXU","100333671","C. G_mez H.",-94.962778,16.525556,"Pacific Lowlands province","Acanthocereus",27.0583324432373,157.434463500977,19.6000003814697,1033,12,22.3934726715088,0.464403629302979
1257692031,"Acanthocereus tetragonus","Oaxaca",NA,"16","6","2002","MEXU","100342762","C. G_mez Hinostrosa",-94.969722,16.618611,"Pacific Lowlands province","Acanthocereus",26.1916675567627,163.468566894531,18.8999996185303,985,18,108.843086242676,5.68933582305908
1257692074,"Peniocereus oaxacensis","Oaxaca",NA,"21","7","2001","MEXU","100342812","C. G_mez Hinostrosa",-96.038611,16.600833,"Pacific Lowlands province","Peniocereus",24.0833339691162,142.323791503906,13.3000001907349,637,9,738.024536132812,1.02092742919922
1257692091,"Acanthocereus tetragonus","Oaxaca",NA,"10","6","2002","MEXU","100342827","C. G_mez Hinostrosa",-94.372222,16.49,"Pacific Lowlands province","Acanthocereus",27.875,126.014038085938,18,1340,19,68.3679428100586,0.788126945495605
1257692094,"Acanthocereus tetragonus","Oaxaca",NA,"20","7","2001","MEXU","100342848","C. G_mez Hinostrosa",-97.079444,18.136944,"Balsas Basin province","Acanthocereus",24.4375,238.261917114258,11.1000003814697,841,41,979.225830078125,1.40420532226562
1257692104,"Acanthocereus tetragonus","Oaxaca",NA,"22","7","2001","MEXU","100342839","C. G_mez Hinostrosa",-94.968611,16.514722,"Pacific Lowlands province","Acanthocereus",27.1041660308838,156.240768432617,19.6000003814697,1024,11,19.1486797332764,0.604573726654053
1257718090,"Epiphyllum hookeri","Oaxaca",NA,"25","6","1998","MO","100369556","B. Hammel 09/Oct./",-96.279444,17.523056,"Sierra Madre del Sur province","Epiphyllum",23.6833324432373,236.127197265625,14.1000003814697,2324,143,530.538757324219,17.4881019592285
1257718132,"Opuntia auberi","Oaxaca",NA,"21","4","2000","MO","100369600","J. Reyes",-95.525833,15.983611,"Pacific Lowlands province","Opuntia",27.6791667938232,86.9288864135742,20.2000007629395,898,5,18.6280269622803,0.748534679412842
1257718153,"Opuntia decumbens","Oaxaca",NA,"20","2","2000","MO","100369599","J. Reyes",-96.013611,15.873611,"Pacific Lowlands province","Opuntia",26.595832824707,82.7223587036133,19.3999996185303,1220,15,221.506637573242,10.0783195495605
1257718166,"Mammillaria albilanata","Oaxaca",NA,"18","4","2000","MO","100369596","J. Reyes",-96.093055,15.961389,"Pacific Lowlands province","Mammillaria",23.091667175293,55.7931747436523,16.3999996185303,1383,29,886.490844726562,10.0363693237305
1257756926,"Epiphyllum hookeri","Oaxaca",NA,"8","6","2001","MO","100409357","B. Hammel 09/Oct./",-95.007222,16.664722,"Pacific Lowlands province","Epiphyllum",25.7875003814697,171.955657958984,18.6000003814697,1008,20,153.28288269043,4.49127388000488
1257778770,"Rhipsalis baccifera","Oaxaca",NA,"3","3","2003","MO","100431457","H. Tovar",-95.0425,16.703889,"Pacific Lowlands province","Rhipsalis",24.529167175293,134.425689697266,16.7999992370605,1059,59,593.859558105469,18.5532302856445
1257819185,"Opuntia pubescens","Oaxaca",NA,"12","11","2009","MO","100472399","L. Scheinvar",-97.1525,17.826111,"Sierra Madre del Sur province","Opuntia",19.0583343505859,224.143157958984,8,658,24,1808.81079101562,8.34855651855469
1257819192,"Opuntia huajuapensis","Oaxaca",NA,"12","11","2009","MO","100472391","L. Scheinvar",-97.2275,17.842222,"Sierra Madre del Sur province","Opuntia",16.1375007629395,187.775543212891,5.59999990463257,526,18,2170.0234375,5.53167724609375
1257819214,"Opuntia tehuacana","Oaxaca",NA,"12","11","2009","MO","100472438","L. Scheinvar",-97.1525,17.831945,"Sierra Madre del Sur province","Opuntia",19.0583343505859,224.143157958984,8,658,24,1900.85852050781,7.67243957519531
1257819233,"Opuntia pilifera","Oaxaca",NA,"11","11","2009","MO","100472464","L. Scheinvar",-97.338611,18.027778,"Sierra Madre del Sur province","Opuntia",15.9125003814697,186.962860107422,5.80000019073486,580,18,2093.48364257812,11.1970520019531
1257819238,"Opuntia huajuapensis","Oaxaca",NA,"12","11","2009","MO","100472428","L. Scheinvar",-97.136667,17.799722,"Sierra Madre del Sur province","Opuntia",21.0583343505859,238.954483032227,8.80000019073486,835,35,1529.697265625,2.49171447753906
1257819256,"Opuntia pubescens","Oaxaca",NA,"12","11","2009","MO","100472436","L. Scheinvar",-96.995833,17.500278,"Sierra Madre del Sur province","Opuntia",15.4000005722046,145.836166381836,6.80000019073486,635,14,2326.330078125,9.44281005859375
1257819269,"Opuntia decumbens","Oaxaca",NA,"12","11","2009","MO","100472465","L. Scheinvar",-96.954444,17.783611,"Balsas Basin province","Opuntia",25.1291656494141,246.3779296875,13.5,579,19,592.466125488281,0.976341247558594
1257819277,"Opuntia tehuantepecana","Oaxaca",NA,"7","5","2010","MO","100472462","L. Scheinvar",-97.514444,17.752778,"Sierra Madre del Sur province","Opuntia",16.9416656494141,166.731063842773,5.5,574,13,2163.58178710938,0.92138671875
1257819286,"Opuntia velutina","Oaxaca",NA,"12","11","2009","MO","100472484","L. Scheinvar",-97.028611,17.805556,"Balsas Basin province","Opuntia",24.4500007629395,229.416275024414,12.1999998092651,979,46,1148.64282226562,4.67190551757812
1257849182,"Opuntia pubescens","Oaxaca",NA,"11","6","2009","MO","100502654","C. G_mez H.",-95.9325,16.625278,"Pacific Lowlands province","Opuntia",24.7875003814697,145.135116577148,13.6000003814697,577,8,716.190979003906,2.77342224121094
1257887089,"Opuntia decumbens","Oaxaca",NA,"16","11","2009","MEXU","100541418","Raul Puente-Martinez (DES)",-95.620944,15.98275,"Pacific Lowlands province","Opuntia",27.6416664123535,81.011604309082,20.2000007629395,924,8,50.4061813354492,3.44894599914551
1257927983,"Opuntia karwinskiana","Oaxaca",NA,"25","4","2006","MEXU","100583721","C. G_mez H.",-96.160417,15.732889,"Pacific Lowlands province","Opuntia",27.0625,99.2271423339844,20,1122,14,4.16552543640137,1.44637501239777
1257931789,"Pereskiopsis kellermanii","Oaxaca",NA,"30","11","2004","MEXU","100587612","Carlos G_mez Hinostrosa",-96.184805,15.761111,"Pacific Lowlands province","Pereskiopsis",27.0166664123535,96.6797332763672,19.8999996185303,1204,17,76.7739028930664,1.56540203094482
1258064474,"Opuntia depressa","Oaxaca",NA,"31","7","2008","MEXU","100733947","L. Scheinvar",-97.01328,17.94295,"Balsas Basin province","Opuntia",25.7333335876465,240.495056152344,13.6000003814697,692,24,629.376098632812,6.03987884521484
1258064481,"Opuntia decumbens","Oaxaca",NA,"31","7","2008","MEXU","100733941","L. Scheinvar",-97.085555,18.0425,"Balsas Basin province","Opuntia",25.3041667938232,234.796417236328,12.6000003814697,772,31,867.225769042969,4.16805267333984
1258193065,"Coryphantha retusa","Oaxaca",NA,NA,NA,"1953","MEXU","100877377","",-97.779167,17.811111,"Balsas Basin province","Coryphantha",21.5,186.669372558594,9.30000019073486,637,19,1595.08630371094,1.51805114746094
1258193392,"Aporocactus martianus","Oaxaca",NA,NA,NA,"1912","K","100877669","S. Arias",-96.6775,17.133611,"Sierra Madre del Sur province","Aporocactus",14.1083335876465,127.061798095703,6.90000009536743,832,25,2399.93310546875,9.20538330078125
1258194964,"Mammillaria karwinskiana","Oaxaca",NA,"15","6","1907","MEXU","100880290","A. Arias M.",-96.688333,17.162222,"Sierra Madre del Sur province","Mammillaria",11.8916664123535,110.635223388672,5.5,938,29,3086.1162109375,11.6060485839844
1258494365,"Pereskiopsis diguetii","Oaxaca",NA,"1","5","1994","MO","1280922","S. Arias (MEXU)",-95.6725,16.003333,"Pacific Lowlands province","Pereskiopsis",27.4291667938232,82.0880584716797,19.7999992370605,910,7,87.4604187011719,7.55048084259033
1258494368,"Pereskiopsis diguetii","Oaxaca",NA,"9","2","1993","MO","1280928","S. Arias (MEXU)",-97.943055,17.686667,"Sierra Madre del Sur province","Pereskiopsis",22.345832824707,172.540618896484,10.8999996185303,707,19,1370.12585449219,21.6361389160156
1258655298,"Aporocactus martianus","Oaxaca",NA,"8","4","1981","MO","1428419","R.E. Gereau, 1985 (MO)",-96.45,17.32,"Sierra Madre del Sur province","Aporocactus",16.1375007629395,164.829452514648,7.30000019073486,1333,54,1943.13415527344,9.04989624023438
1258655386,"Aporocactus martianus","Oaxaca",NA,"24","11","1959","MO","1428497","P.C. Hutchison",-96.5,17.38,"Sierra Madre del Sur province","Aporocactus",13.1958332061768,143.550094604492,6.09999990463257,1136,50,2682.07470703125,12.3193359375
1258666934,"Pilosocereus collinsii","Oaxaca",NA,"30","3","1984","MO","1439435","H. Bravo-Hollis",-95.34,16.38,"Pacific Lowlands province","Pilosocereus",25.5375003814697,74.9280090332031,17.5,695,12,890.593322753906,10.648063659668
1258673693,"Disocactus macranthus","Oaxaca",NA,"16","8","1984","MO","1445624","A.D. Zimmerman",-94.19,16.72,"Veracruzan province","Disocactus",20.1958332061768,132.895324707031,12.1000003814697,992,69,1570.48059082031,19.1991424560547
1258673742,"Disocactus macranthus","Oaxaca",NA,NA,NA,"1939","MO","1445668","H. Bravo H. & S. Arias M.",-94.61,16.79,"Veracruzan province","Disocactus",23.7625007629395,175.888961791992,16,1490,104,496.850067138672,2.08256530761719
1258673743,"Disocactus macranthus","Oaxaca",NA,"28","8","1984","MO","1445633","J. Reyes",-94.76,16.84,"Veracruzan province","Disocactus",24.8875007629395,194.715713500977,17.3999996185303,2022,136,228.188339233398,4.97359848022461
1258678988,"Epiphyllum anguliger","Oaxaca",NA,"28","12","1987","MO","1450403","J.C. Solomon, 1989 (MO)",-97.96,16.91,"Sierra Madre del Sur province","Epiphyllum",25.3708324432373,137.087554931641,15,1507,12,428.650207519531,5.9652099609375
1258679278,"Epiphyllum hookeri","Oaxaca",NA,"15","6","1985","MO","1450684","B. Hammel 09/Oct./",-94.68,16.93,"Veracruzan province","Epiphyllum",24.8374996185303,204.929321289062,17.2000007629395,2327,163,254.806564331055,1.79975128173828
1258683172,"Escontria chiotilla","Oaxaca",NA,"24","4","1982","MO","1454237","H. Bravo H.",-96.521389,17.306389,"Balsas Basin province","Escontria",19.6791667938232,191.755752563477,8.69999980926514,1095,59,1551.72021484375,12.2820892333984
1258683211,"Escontria chiotilla","Oaxaca",NA,"26","2","1988","MO","1454246","G. Flores M",-96.3375,16.591111,"Pacific Lowlands province","Escontria",23.6749992370605,138.47380065918,13.1999998092651,808,10,1026.09533691406,7.53740692138672
1258683807,"Escontria chiotilla","Oaxaca",NA,"13","2","1905","MO","1455689","",-96.96,17.75,"Balsas Basin province","Escontria",25.3333339691162,243.509689331055,13.6999998092651,537,17,623.290893554688,7.14109802246094
1258690426,"Disocactus ackermannii","Oaxaca",NA,NA,NA,NA,"MO","1461709","M. Kimnach",-95.53,16.68,"Pacific Lowlands province","Disocactus",24.2541675567627,95.4286422729492,15.1000003814697,867,33,889.367492675781,4.82152557373047
1258690427,"Disocactus ackermannii","Oaxaca",NA,"22","2","1979","MO","1461699","M. Chazaro B., 1991 (IBUG)",-96.99,18.16,"Sierra Madre del Sur province","Disocactus",15.2208337783813,198.614044189453,6.30000019073486,1456,61,2224.30126953125,17.8431701660156
1258703125,"Opuntia pilifera","Oaxaca",NA,"16","7","1969","MO","1480780","",-96.31,16.92,"Balsas Basin province","Opuntia",18.6958332061768,129.201370239258,9.5,735,14,1908.0830078125,7.35063171386719
1258872355,"Coryphantha retusa","Oaxaca",NA,"21","7","1979","UMO","1636015","",-96.386667,16.917778,"Balsas Basin province","Coryphantha",20.529167175293,133.424438476562,9.69999980926514,684,11,1661.34777832031,0.38409423828125
1258910865,"Opuntia velutina","Oaxaca",NA,"3","8","1975","UMO","1672629","",-96.11,17.01,"Sierra Madre del Sur province","Opuntia",17.2416667938232,151.849700927734,9.19999980926514,1161,49,1985.99304199219,9.50390625
1258911802,"Opuntia tomentosa","Oaxaca",NA,"3","8","1975","UMO","1673509","",-96.7,17.06,"Balsas Basin province","Opuntia",21.6375007629395,153.447143554688,9.69999980926514,659,14,1535.84448242188,0.356704711914062
1258912800,"Pachycereus pecten-aboriginum","Oaxaca",NA,"19","7","1978","UMO","1674401","H. Cota, June",-96.325556,16.730278,"Sierra Madre del Sur province","Pachycereus",22.5041656494141,129.885589599609,11.8999996185303,812,16,1307.0537109375,6.73027038574219
1258913037,"Pereskia lychnidiflora","Oaxaca",NA,"14","11","1979","UMO","1674645","",-96.03,15.81,"Pacific Lowlands province","Pereskia",27.2916660308838,89.2604370117188,20.1000003814697,1151,14,5.58924627304077,0.454237043857574
1258926999,"Escontria chiotilla","Oaxaca",NA,"18","7","1978","UMO","1687501","",-97.707778,17.874445,"Balsas Basin province","Escontria",21.0166664123535,184.604431152344,9.19999980926514,569,14,1676.63012695312,5.68911743164062
1259220207,"Pereskia lychnidiflora","Oaxaca",NA,"21","5","1995","MO","1955032","J. Reyes",-95.59111,16.42777,"Pacific Lowlands province","Pereskia",27.0416660308838,124.075355529785,18.1000003814697,608,3,173.056945800781,0.762226104736328
1259419990,"Pereskia lychnidiflora","Oaxaca",NA,"21","7","2001","MO","2136647","",-95.326944,16.364167,"Pacific Lowlands province","Pereskia",27.2124996185303,122.551040649414,19,788,4,89.6572113037109,1.38128566741943
1259553196,"Opuntia lasiacantha","Oaxaca",NA,"22","5","1983","MO","2257423","",-96.881944,17.841667,"Sierra Madre del Sur province","Opuntia",17.2416667938232,202.684631347656,8,1112,40,2113.18408203125,4.35012817382812
1259554912,"Pereskiopsis rotundifolia","Oaxaca",NA,"29","4","1994","MO","2259017","Salvador Arias Montes",-98.119167,17.5325,"Balsas Basin province","Pereskiopsis",21.5666675567627,166.71061706543,10.1000003814697,847,20,1554.68676757812,1.24024963378906
1259556279,"Pereskia lychnidiflora","Oaxaca",NA,"6","12","1999","MO","2260257","J. F. Castrejon R.",-95.95416,15.86666,"Pacific Lowlands province","Pereskia",27.1208324432373,85.9560775756836,19.8999996185303,1128,13,35.7892417907715,4.86948204040527
1259556663,"Disocactus speciosus","Oaxaca",NA,"18","4","1995","MO","2260611","J.I. Calzada",-98.046111,17.263611,"Sierra Madre del Sur province","Disocactus",17.1000003814697,135.512496948242,7.19999980926514,1036,28,2380.67309570312,3.82077026367188
1259556815,"Stenocereus pruinosus","Oaxaca",NA,"31","3","1994","MO","2260737","R. Torres C.",-95.35,16.71666,"Pacific Lowlands province","Stenocereus",25.3666667938232,140.507751464844,16.7999992370605,663,11,395.301727294922,4.0675048828125
1259557122,"Ferocactus recurvus","Oaxaca",NA,"1","11","2001","MO","2261026","Salvador Arias Montes",-97.566667,18.016667,"Sierra Madre del Sur province","Ferocactus",13.7958335876465,142.788116455078,4.59999990463257,643,15,2498.59765625,16.4979553222656
1259912420,"Opuntia decumbens","Oaxaca",NA,"3","11","2000","MO","2583299","Eduardo A. P_rez-Garc_a",-95.00972,16.66722,"Pacific Lowlands province","Opuntia",25.7541656494141,174.67448425293,18.6000003814697,1012,17,161.85481262207,4.28715133666992
1259912576,"Pereskia lychnidiflora","Oaxaca",NA,"24","6","1998","MO","2583436","Eduardo A. P_rez-Garc_a",-95.01472,16.64527,"Pacific Lowlands province","Pereskia",26.2041664123535,170.779739379883,19,1013,14,78.8707427978516,0.608858108520508
1260325576,"Aporocactus martianus","Oaxaca",NA,"22","2","1987","MO","295857","J.C. Solomon",-96.41,17.36,"Sierra Madre del Sur province","Aporocactus",13.0833330154419,146.928146362305,6.30000019073486,1248,68,2380.59838867188,25.6166687011719
1260329883,"Rhipsalis baccifera","Oaxaca",NA,"21","5","1986","MO","296247","J.C. Solomon",-96.38,18.23,"Veracruzan province","Rhipsalis",25.2458324432373,242.33203125,16.5,2904,156,224.970520019531,8.15841865539551
1260330090,"Disocactus ackermannii","Oaxaca",NA,"3","5","1986","MO","296266","J.C. Solomon",-96.06,17.03,"Sierra Madre del Sur province","Disocactus",14.6499996185303,133.126739501953,7.69999980926514,1180,54,2488.74291992188,9.7987060546875
1260437636,"Disocactus ackermannii","Oaxaca",NA,"15","5","1994","MO","3059951","S. Arias M.",-96.55277,17.66944,"Sierra Madre del Sur province","Disocactus",14.5458335876465,160.785827636719,6.90000009536743,1919,93,2217.71728515625,11.0144348144531
1260845341,"Epiphyllum anguliger","Oaxaca",NA,"23","1","2004","MO","3428896","J. Reyes",-96.11888,16.00333,"Sierra Madre del Sur province","Epiphyllum",21.7583332061768,50.0378494262695,15.3000001907349,1456,41,1292.57043457031,10.8805694580078
1260851002,"Opuntia auberi","Oaxaca",NA,"15","9","2002","MO","3433919","J. Reyes",-94.95861,16.61166,"Pacific Lowlands province","Opuntia",26.3291664123535,164.778900146484,19,1001,18,150.742935180664,9.84637832641602
1272093382,"Coryphantha pallida","Oaxaca",63,"2","6","2016","iNaturalist","3394952","Leticia Soriano Flores",-97.037548,17.862998,"Balsas Basin province","Coryphantha",25.4541664123535,240.50569152832,13.3999996185303,624,21,728.428955078125,5.59934234619141
1272093999,"Pachycereus weberi","Oaxaca",31,"2","6","2016","iNaturalist","3396568","Leticia Soriano Flores",-97.017426,17.844163,"Balsas Basin province","Pachycereus",25.6375007629395,246.715896606445,13.6999998092651,498,13,576.323608398438,5.28171539306641
1291082980,"Coryphantha pallida","Oaxaca",NA,"15","6","2016","iNaturalist","3492221","Ulises Guzm_n",-97.116158,18.048411,"Balsas Basin province","Coryphantha",25.3374996185303,244.216033935547,12.8999996185303,695,23,676,2.21341705322266
1291146796,"Coryphantha pallida","Oaxaca",4,"25","6","2016","iNaturalist","3744775","Ciro Rodriguez Perez",-97.582377,17.703575,"Sierra Madre del Sur province","Coryphantha",18.2374992370605,170.255508422852,6.40000009536743,599,15,2035.39001464844,9.02748107910156
1291663037,"Mammillaria karwinskiana","Oaxaca",NA,"13","7","2006","iNaturalist","311655","Ulises Guzm_n",-96.735441,17.084196,"Balsas Basin province","Mammillaria",21.25,145.258392333984,9.69999980926514,658,15,1716.03637695312,11.3214416503906
1291664168,"Opuntia pubescens","Oaxaca",447,"6","7","2006","iNaturalist","351915","Ulises Guzm_n",-96.734787,17.080286,"Balsas Basin province","Opuntia",21.408332824707,146.207092285156,9.80000019073486,652,15,1791.63171386719,11.9223022460938
1306577972,"Pachycereus weberi","Oaxaca",500,"24","7","2015","iNaturalist","4018016","Alexis L_pez Hern_ndez",-96.966856,17.90708,"Balsas Basin province","Pachycereus",25.1166667938232,247.710708618164,13.3000001907349,718,26,643.185180664062,6.39715576171875
1417671479,"Mammillaria crucigera","Oaxaca",NA,"8","9","2009","IBUNAM","GE02283.6","NO DISPONIBLE",-97.100005,18.133002,"Balsas Basin province","Mammillaria",25.0208339691162,240.345001220703,11.8999996185303,772,31,858.328918457031,2.33023834228516
1417671607,"Mammillaria crucigera","Oaxaca",NA,"28","10","1991","IBUNAM","890177","NO DISPONIBLE",-97.05001,18.033003,"Balsas Basin province","Mammillaria",24.966667175293,233.786361694336,12.5,864,34,908.633666992188,6.86857604980469
1417671638,"Mammillaria huitzilopochtli","Oaxaca",NA,"1","1","1991","IBUNAM","GE02235.6","NO DISPONIBLE",-96.950004,17.800002,"Balsas Basin province","Mammillaria",24.7958335876465,240.344985961914,13.1000003814697,747,32,952.564025878906,24.0712051391602
1419191940,"Disocactus speciosus","Oaxaca",100,"7","11","1990","UACh","37644","S. Arias",-95.591667,16.275,"Pacific Lowlands province","Disocactus",22.404167175293,81.6160202026367,14.8999996185303,844,11,1346.06677246094,11.9554443359375
1419192165,"Pachycereus pecten-aboriginum","Oaxaca",100,"15","2","1982","UACh","41653","J.L. Elizondo",-95.673889,15.986667,"Pacific Lowlands province","Pachycereus",27.7124996185303,81.2158966064453,20.1000003814697,949,10,31.1032028198242,0.402608633041382
1419192902,"Opuntia pubescens","Oaxaca",100,"13","1","1998","UACh","50204","L. Scheivar",-97.048611,16.810833,"Sierra Madre del Sur province","Opuntia",17.3374996185303,136.433883666992,8,848,23,1967.59375,14.0671539306641
1419218837,"Opuntia decumbens","Oaxaca",90,"24","2","2001","UACh","52511","L. Scheivar",-97.783333,18.191389,"Balsas Basin province","Opuntia",21.5,171.953994750977,11.5,474,14,1581.54309082031,3.56182861328125
1419219087,"Pereskia lychnidiflora","Oaxaca",100,"19","6","1990","UACh","43707","R. Torres C.",-95.366667,16.377778,"Pacific Lowlands province","Pereskia",26.1083335876465,105.568412780762,17.8999996185303,641,4,665.580932617188,14.7398223876953
1419220887,"Rhipsalis baccifera","Oaxaca",100,"10","5","1991","UACh","37571","S.A. Gama L.",-95.525,16.741667,"Sierra Madre del Sur province","Rhipsalis",22.0375003814697,102.405715942383,13.6000003814697,836,51,1276.17614746094,11.3832397460938
1419228345,"Opuntia depressa","Oaxaca",90,"29","8","2001","UACh","52766","L. Scheivar",-97.716667,18.191111,"Balsas Basin province","Opuntia",20.5458335876465,171.072265625,10.8999996185303,521,14,1784.1513671875,5.76387023925781
1453306467,"Opuntia decumbens","Oaxaca",NA,"30","6","2015","iNaturalist","4839141","Miguel Gonz_lez Botello",-97.076327,15.916185,"Pacific Lowlands province","Opuntia",26.3166656494141,79.6678924560547,18.8999996185303,867,12,106.887474060059,6.80499362945557
1453363610,"Ferocactus recurvus","Oaxaca",505,"11","10","2016","iNaturalist","4970571","Ulises Guzm_n",-97.428045,18.067828,"Balsas Basin province","Ferocactus",22.345832824707,221.507827758789,10.1000003814697,472,18,1447.69995117188,5.17393493652344
1453363789,"Opuntia pubescens","Oaxaca",63,"7","6","2016","iNaturalist","4970846","Ignacio Torres Garc_a",-97.033535,18.079046,"Balsas Basin province","Opuntia",23.8291664123535,240.117935180664,11.1999998092651,1248,65,1467.55737304688,13.0534362792969
1453364777,"Coryphantha pallida","Oaxaca",63,"30","11","2016","iNaturalist","4973185","Leticia Soriano Flores",-96.937909,17.658761,"Balsas Basin province","Coryphantha",24.9583339691162,240.528121948242,13.5,564,17,799.694274902344,2.21664428710938
1453365583,"Escontria chiotilla","Oaxaca",126,"30","11","2016","iNaturalist","4974599","Leticia Soriano Flores",-96.939518,17.661729,"Balsas Basin province","Escontria",24.9583339691162,240.528121948242,13.5,564,17,789.822326660156,3.59994506835938
1453366031,"Opuntia pilifera","Oaxaca",NA,"8","6","2016","iNaturalist","4975249","Valerio Lazzeri",-97.001166,17.895629,"Balsas Basin province","Opuntia",25.875,244.68440246582,13.8999996185303,582,18,555.090393066406,6.82930755615234
1453393679,"Escontria chiotilla","Oaxaca",252,"8","9","2016","iNaturalist","5036611","Leticia Soriano Flores",-96.990352,17.8719,"Balsas Basin province","Escontria",25.595832824707,245.990173339844,13.6999998092651,594,19,582.482421875,2.18894195556641
1453492428,"Myrtillocactus schenckii","Oaxaca",126,"24","1","2017","iNaturalist","5258489","Ulises Guzm_n",-96.938596,17.699142,"Balsas Basin province","Myrtillocactus",25,239.62092590332,13.5,597,21,830.052124023438,5.62321472167969
1457638841,"Pilosocereus chrysacanthus","Oaxaca",15,"23","11","2016","iNaturalist","5665981","Leticia Soriano Flores",-97.262652,17.953818,"Sierra Madre del Sur province","Pilosocereus",19.5708332061768,229.707901000977,8.10000038146973,652,26,1565.83618164062,11.4575042724609
1457639350,"Mammillaria sphacelata","Oaxaca",63,"23","11","2016","iNaturalist","5667747","Jonathan Mohl",-97.263122,17.954342,"Sierra Madre del Sur province","Mammillaria",19.5708332061768,229.707901000977,8.10000038146973,652,26,1562.69201660156,5.44686889648438
1503229948,"Opuntia pubescens","Oaxaca",NA,"9","6","1994","USF","212414","G. G. Robinson",-97.379,16.2602,"Pacific Lowlands province","Opuntia",22.6958332061768,129.359573364258,13.3000001907349,1368,16,774.242126464844,0.606727600097656
1503279069,"Epiphyllum anguliger","Oaxaca",NA,NA,NA,NA,"USF","284148","M. Kimnach",-96.8102,17.1727,"Balsas Basin province","Epiphyllum",21.7083339691162,161.721313476562,9.30000019073486,688,15,1598.4970703125,1.24552917480469
1562873217,"Opuntia tehuacana","Oaxaca",957,"10","9","2015","iNaturalist","2081901","Richard Joyce",-97.004128,18.053581,"Sierra Madre del Sur province","Opuntia",18.2958335876465,194.614517211914,8.89999961853027,1210,41,2038.72387695312,17.9557342529297
1562915802,"Opuntia decumbens","Oaxaca",4,"14","4","2017","iNaturalist","6151975","Abel Jossafat",-95.24536,16.333414,"Pacific Lowlands province","Opuntia",28.3083343505859,112.347534179688,19.7000007629395,860,11,158.491622924805,8.81410026550293
1562916051,"Rhipsalis baccifera","Oaxaca",61,"11","4","2017","iNaturalist","6152825","Azul B.M",-96.428375,17.645535,"Sierra Madre del Sur province","Rhipsalis",22.3125,223.201141357422,12.5,2479,183,937.164978027344,12.0754623413086
1572334726,"Epiphyllum hookeri","Oaxaca",31,"28","7","2016","iNaturalist","6236089","Manuel Campos",-96.555067,17.761444,"Veracruzan province","Epiphyllum",23.158332824707,244.696792602539,13.3000001907349,2213,151,572.121643066406,17.4142608642578
1586084041,"Mammillaria karwinskiana","Oaxaca",NA,"27","12","2013","iNaturalist","1254591","Jonathan Mohl",-96.448975,16.958358,"Balsas Basin province","Mammillaria",20.7666664123535,134.28825378418,9.60000038146973,664,11,1694.24194335938,4.89515686035156
1586085857,"Mammillaria flavicentra","Oaxaca",505,"10","9","2015","iNaturalist","2626752","Leticia Soriano Flores",-97.014341,18.088831,"Sierra Madre del Sur province","Mammillaria",19.7541675567627,222.858093261719,9.10000038146973,1417,53,1848.80053710938,13.4568176269531
1586086065,"Mammillaria mystax","Oaxaca",252,"29","10","2010","iNaturalist","2764929","Lex Garc_a",-97.738023,18.188976,"Balsas Basin province","Mammillaria",21.4416675567627,179.137252807617,11.1000003814697,459,15,1642.87316894531,7.87855529785156
1586089203,"Mammillaria rekoi","Oaxaca",61,"19","10","2013","iNaturalist","4591594","Robert Bader",-96.30111,16.882007,"Sierra Madre del Sur province","Mammillaria",16.9791660308838,118.522300720215,9.30000019073486,774,16,2288.392578125,8.66787719726562
1586914755,"Mammillaria albilanata","Oaxaca",253,"31","1","2007","iNaturalist","2626673","Jonathan Mohl",-97.154975,17.720646,"Sierra Madre del Sur province","Mammillaria",15.3916664123535,180.539993286133,5.30000019073486,498,15,2159.54858398438,6.35006713867188
1586915023,"Mammillaria albilanata","Oaxaca",126,"31","3","2016","iNaturalist","2892061","Jonathan Mohl",-96.952951,17.588672,"Balsas Basin province","Mammillaria",20.345832824707,195.581420898438,10.1000003814697,917,34,1797.20568847656,11.3549499511719
1586926106,"Coryphantha pallida","Oaxaca",126,"22","9","2016","iNaturalist","7406309","Ulises Guzm_n",-97.453279,17.91443,"Sierra Madre del Sur province","Coryphantha",15.8500003814697,160.538864135742,5.19999980926514,584,19,2307.49560546875,1.82723999023438
1586933481,"Pachycereus weberi","Oaxaca",701,"6","5","2013","iNaturalist","7466298","Bodo Nu_ez Oberg",-96.985738,17.912205,"Balsas Basin province","Pachycereus",25.6666660308838,246.60725402832,13.6999998092651,618,19,572.819763183594,5.92719268798828
1621777222,"Mammillaria albilanata","Oaxaca",506,"27","2","2015","iNaturalist","7533847","Jonathan Mohl",-97.981396,17.5241,"Sierra Madre del Sur province","Mammillaria",20.6708335876465,151.063751220703,9.39999961853027,715,17,1946.40209960938,12.5650482177734
1640027536,"Opuntia pubescens","Oaxaca",253,"25","2","2015","iNaturalist","1292509","Ulises Guzm_n",-96.730242,17.073851,"Balsas Basin province","Opuntia",21.5166664123535,146.059341430664,9.89999961853027,645,14,1634.32788085938,7.70213317871094
1640034296,"Myrtillocactus schenckii","Oaxaca",63,"25","1","2017","iNaturalist","5306476","Leticia Soriano Flores",-97.04362,18.072206,"Balsas Basin province","Myrtillocactus",24.0166664123535,234.872634887695,11,1030,53,1137.68762207031,9.46275329589844
1640036258,"Opuntia huajuapensis","Oaxaca",126,"4","5","2017","iNaturalist","6115189","Leticia Soriano Flores",-97.288485,17.70971,"Sierra Madre del Sur province","Opuntia",15.3166666030884,162.918441772461,4.59999990463257,520,10,2328.90649414062,1.94976806640625
1640041405,"Coryphantha pallida","Oaxaca",63,"3","7","2017","iNaturalist","7071550","Pedro N_jera Quezada",-96.996467,17.815436,"Balsas Basin province","Coryphantha",25.7291660308838,245.648101806641,13.8000001907349,513,15,577.858459472656,3.83957672119141
1640045777,"Opuntia depressa","Oaxaca",NA,"29","4","2017","iNaturalist","7486659","rpmundo",-96.767,17.045705,"Balsas Basin province","Opuntia",20.3166675567627,134.575653076172,9.5,662,16,1920.38110351562,3.41275024414062
1640073186,"Stenocereus pruinosus","Oaxaca",719,"5","1","2017","iNaturalist","7717842","Gabriela",-96.961211,17.817032,"Balsas Basin province","Stenocereus",24.904167175293,240.722961425781,13.1000003814697,742,29,717.158264160156,12.8047485351562
1640073241,"Mammillaria carnea","Oaxaca",649,"5","1","2017","iNaturalist","7717840","Ulises Guzm_n",-96.995,17.808889,"Balsas Basin province","Mammillaria",25.7291660308838,245.648101806641,13.8000001907349,513,15,584.962768554688,1.21832275390625
1668788385,"Mammillaria flavicentra","Oaxaca",253,"23","1","2007","iNaturalist","1642816","Leticia Soriano Flores",-97.133346,17.655841,"Sierra Madre del Sur province","Mammillaria",16.6041660308838,183.828704833984,6,532,16,1967.19836425781,7.82969665527344
1668790143,"Opuntia huajuapensis","Oaxaca",547,"5","4","2011","iNaturalist","266605","Clarita Alicia Ibarra Contreras",-97.3211,17.545025,"Sierra Madre del Sur province","Opuntia",15.6458330154419,139.242401123047,4.80000019073486,586,12,2318.33715820312,3.9093017578125
1668795571,"Mammillaria flavicentra","Oaxaca",252,"7","6","2016","iNaturalist","4970683","Leticia Soriano Flores",-96.901431,17.863853,"Sierra Madre del Sur province","Mammillaria",19.4375,216.239807128906,9.30000019073486,1356,47,1828.93249511719,10.0897674560547
1668795717,"Opuntia tehuacana","Oaxaca",NA,"8","9","2016","iNaturalist","5036788","Leticia Soriano Flores",-96.980588,17.890013,"Balsas Basin province","Opuntia",25.3708343505859,246.80192565918,13.5,655,22,586.519409179688,9.44608306884766
1668802915,"Opuntia huajuapensis","Oaxaca",384,"26","5","2014","iNaturalist","721030","Leticia Soriano Flores",-97.418243,17.971377,"Sierra Madre del Sur province","Opuntia",16.6666660308838,172.301712036133,5.69999980926514,560,17,2093.6005859375,4.9759521484375
1668805242,"Mammillaria polyedra","Oaxaca",505,"3","9","2014","iNaturalist","7545750","Ulises Guzm_n",-98.02474,17.974106,"Balsas Basin province","Mammillaria",21.0749988555908,152.203521728516,11.1000003814697,714,18,2005.26135253906,7.06875610351562
1668840042,"Ferocactus recurvus","Oaxaca",506,"5","12","2009","iNaturalist","8026208","Ulises Guzm_n",-97.680645,17.765852,"Sierra Madre del Sur province","Ferocactus",19.9583339691162,174.210342407227,8.60000038146973,600,12,1887.06518554688,7.05366516113281
1668840322,"Ferocactus recurvus","Oaxaca",NA,"5","12","2009","iNaturalist","8027983","Ulises Guzm_n",-97.685452,17.766997,"Sierra Madre del Sur province","Ferocactus",20.375,176.487197875977,8.80000019073486,599,13,1758.95690917969,6.9171142578125
1668840348,"Mammillaria haageana","Oaxaca",NA,"5","12","2009","iNaturalist","8027830","Ulises Guzm_n",-97.680817,17.768631,"Balsas Basin province","Mammillaria",19.5833339691162,170.431716918945,8.39999961853027,604,12,1955.1787109375,17.1342468261719
1668840440,"Mammillaria haageana","Oaxaca",506,"5","12","2009","iNaturalist","8027850","Ulises Guzm_n",-97.687168,17.778603,"Balsas Basin province","Mammillaria",20.7458324432373,180.421951293945,9,598,14,1820.98657226562,9.46321105957031
1668886195,"Opuntia depressa","Oaxaca",NA,"17","4","2004","iNaturalist","8215995","Ulises Guzm_n",-96.33,16.75,"Sierra Madre del Sur province","Opuntia",21.5208339691162,120.292419433594,11.3000001907349,650,11,1579.51354980469,13.7957305908203
1668886258,"Mammillaria karwinskiana","Oaxaca",NA,"17","4","2004","iNaturalist","8216147","Ulises Guzm_n",-96.316,16.73,"Sierra Madre del Sur province","Mammillaria",21.8208332061768,116.159339904785,11.8000001907349,672,12,1365.28930664062,4.53038024902344
1668890545,"Coryphantha pallida","Oaxaca",NA,"11","8","2011","iNaturalist","8231731","Ulises Guzm_n",-97,17.46,"Sierra Madre del Sur province","Coryphantha",20.3500003814697,188.462692260742,9.10000038146973,788,22,1817.11669921875,7.57830810546875
1668893396,"Mammillaria haageana","Oaxaca",1,"6","7","2017","iNaturalist","8243420","Ulises Guzm_n",-97.84087,17.87829,"Balsas Basin province","Mammillaria",20.1875,181.472839355469,9,657,19,1855.36706542969,1.66290283203125
1675495097,"Mammillaria karwinskiana","Oaxaca",NA,"7","6","1984","USF","185995","",-96.7217,16.9467,"Balsas Basin province","Mammillaria",21.4958343505859,153.836654663086,8.5,652,11,1501.05065917969,0.094757080078125
1675495315,"Myrtillocactus geometrizans","Oaxaca",NA,"11","4","1996","USF","224147","",-96.4708,17.2753,"Balsas Basin province","Myrtillocactus",17.404167175293,177.641860961914,7.69999980926514,1275,54,2016.60546875,2.1553955078125
1677266975,"Mammillaria rekoi","Oaxaca",31,"25","3","2017","iNaturalist","5484226","geomanuel",-96.670375,17.024883,"Balsas Basin province","Mammillaria",18.9833335876465,131.379623413086,9.30000019073486,666,14,1916.017578125,5.7607421875
1677278449,"Coryphantha elephantidens","Oaxaca",NA,"17","4","2004","iNaturalist","8214916","Ulises Guzm_n",-96.23,16.6,"Pacific Lowlands province","Coryphantha",22.9458332061768,122.241523742676,13.1000003814697,711,12,1226.79357910156,7.13836669921875
1677278450,"Coryphantha elephantidens","Oaxaca",NA,"17","4","2004","iNaturalist","8214917","Ulises Guzm_n",-96.24336,16.67583,"Sierra Madre del Sur province","Coryphantha",23.2958335876465,123.81175994873,13.1000003814697,832,15,1109.06127929688,6.61894226074219
1677339701,"Stenocactus crispatus","Oaxaca",63,"20","10","2017","iNaturalist","8524377","Leticia Soriano Flores",-97.398659,18.013057,"Sierra Madre del Sur province","Stenocactus",19.3333339691162,208.83154296875,7.69999980926514,510,19,1927.43493652344,4.42578125
1699375933,"Pereskia lychnidiflora","Oaxaca",203,"12","8","2017","iNaturalist","8595170","Carlos Dom_nguez-Rodr_guez",-96.157365,15.732717,"Pacific Lowlands province","Pereskia",27.0166664123535,98.4962768554688,20,1144,14,15.3061828613281,1.60868155956268
1699378587,"Pereskia lychnidiflora","Oaxaca",443,"15","6","2017","iNaturalist","8602982","Carlos Dom_nguez-Rodr_guez",-96.19998,15.755828,"Pacific Lowlands province","Pereskia",27.0083332061768,95.6041641235352,20,1207,17,105.202789306641,4.13825035095215
1699378805,"Pereskia lychnidiflora","Oaxaca",NA,"18","10","2016","iNaturalist","8603871","Carlos Dom_nguez-Rodr_guez",-96.134155,15.768548,"Pacific Lowlands province","Pereskia",27.2083339691162,96.3146514892578,20.1000003814697,1188,17,39.4629859924316,2.88904714584351
1702455531,"Opuntia depressa","Oaxaca",NA,"26","12","2016","iNaturalist","4848696","rpmundo",-97.328742,18.130028,"Balsas Basin province","Opuntia",21.5625,238.881134033203,9.5,561,20,1493.95703125,8.06132507324219
1703178443,"Ferocactus recurvus","Oaxaca",10,"12","11","2017","iNaturalist","8852398","Ulises Guzm_n",-96.952492,17.694117,"Balsas Basin province","Ferocactus",24.8374996185303,232.605072021484,13,812,35,1048.16430664062,14.3627014160156
1703179504,"Mammillaria carnea","Oaxaca",10,"12","11","2017","iNaturalist","8855105","Luis Alberto",-97.06396,17.712662,"Sierra Madre del Sur province","Mammillaria",22.1625003814697,230.918395996094,9.89999961853027,942,47,1436.16564941406,10.5317230224609
1703193073,"Pereskia lychnidiflora","Oaxaca",90,"20","11","2017","iNaturalist","8891978","Carlos Dom_nguez-Rodr_guez",-96.199315,15.780257,"Pacific Lowlands province","Pereskia",26.9958324432373,93.7709426879883,19.8999996185303,1248,16,122.078582763672,1.59237480163574
1703206764,"Stenocactus crispatus","Oaxaca",244,"20","10","2017","iNaturalist","8929440","monitorzapotitlansalinas",-97.398262,17.927619,"Sierra Madre del Sur province","Stenocactus",16.5625,164.705322265625,5.09999990463257,552,16,2221.255859375,5.02957153320312
1802612901,"Ferocactus recurvus","Oaxaca",NA,"2","10","2016","iNaturalist","4333786","Ulises Guzm_n",-97.323128,17.550661,"Sierra Madre del Sur province","Ferocactus",15.7250003814697,141.509719848633,4.80000019073486,585,15,2339.44946289062,2.86666870117188
1802683390,"Opuntia tomentosa","Oaxaca",61,"11","12","2017","iNaturalist","9129713","marianne_05",-96.716208,17.028081,"Balsas Basin province","Opuntia",21.7250003814697,153.763397216797,9.5,642,11,1524.22436523438,0.652542114257812
1802694639,"Opuntia karwinskiana","Oaxaca",76,"14","12","2017","iNaturalist","9161629","rpmundo",-96.194385,15.7697,"Pacific Lowlands province","Opuntia",27.0083332061768,95.675422668457,19.8999996185303,1225,17,98.6707305908203,2.48354816436768
1802708326,"Opuntia karwinskiana","Oaxaca",47,"18","12","2017","iNaturalist","9198976","Ulises Guzm_n",-95.96144,15.865932,"Pacific Lowlands province","Opuntia",27.1166667938232,87.2127227783203,19.8999996185303,1129,13,39.5437965393066,7.86397218704224
1802720561,"Opuntia karwinskiana","Oaxaca",166,"17","12","2017","iNaturalist","9236864","rpmundo",-96.135778,15.768549,"Pacific Lowlands province","Opuntia",27.2083339691162,96.3146514892578,20.1000003814697,1188,17,45.4128952026367,2.68920707702637
1802723091,"Opuntia karwinskiana","Oaxaca",53,"21","12","2017","iNaturalist","9243517","rpmundo",-96.146121,15.738294,"Pacific Lowlands province","Opuntia",27.0083332061768,99.8142166137695,20,1141,14,7.22318601608276,0.992663502693176
1802737434,"Opuntia decumbens","Oaxaca",15,"27","12","2017","iNaturalist","9277900","rpmundo",-96.134727,15.767681,"Pacific Lowlands province","Opuntia",27.2083339691162,96.3146514892578,20.1000003814697,1188,17,27.0105266571045,1.82248568534851
1802741161,"Opuntia karwinskiana","Oaxaca",15,"28","12","2017","iNaturalist","9287347","Carlos Dom_nguez-Rodr_guez",-96.158996,15.733998,"Pacific Lowlands province","Opuntia",27.0083332061768,97.7667465209961,20,1159,15,13.5681886672974,2.7485249042511
1802752263,"Opuntia decumbens","Oaxaca",576,"30","12","2017","iNaturalist","9316476","rpmundo",-96.168609,15.728235,"Pacific Lowlands province","Opuntia",27.0166664123535,98.0105285644531,20,1155,15,42.9700508117676,10.3359403610229
1802752274,"Opuntia decumbens","Oaxaca",81,"30","12","2017","iNaturalist","9316464","rpmundo",-96.15876,15.733977,"Pacific Lowlands province","Opuntia",27.0083332061768,97.7667465209961,20,1159,15,16.4059181213379,2.15034818649292
1802752713,"Opuntia karwinskiana","Oaxaca",185,"28","12","2017","iNaturalist","9317334","Carlos Dom_nguez-Rodr_guez",-96.15715,15.72679,"Pacific Lowlands province","Opuntia",27.0166664123535,98.4962768554688,20,1144,14,54.2959823608398,11.402455329895
1802752714,"Opuntia karwinskiana","Oaxaca",50,"28","12","2017","iNaturalist","9317339","Carlos Dom_nguez-Rodr_guez",-96.167214,15.722938,"Pacific Lowlands province","Opuntia",27.0208339691162,97.4086685180664,20,1148,15,50.9225997924805,12.6384086608887
1802770432,"Pachycereus pecten-aboriginum","Oaxaca",265,"3","1","2018","iNaturalist","9358980","Martha Gonz_lez",-96.130199,15.746906,"Pacific Lowlands province","Pachycereus",27.1208324432373,96.7766418457031,20.1000003814697,1150,15,66.9021148681641,7.75954580307007
1802786797,"Opuntia decumbens","Oaxaca",39,"7","1","2018","iNaturalist","9396526","Valerio Lazzeri",-96.120994,15.76288,"Pacific Lowlands province","Opuntia",27.25,95.6793594360352,20.1000003814697,1150,15,1.30012476444244,1.04833972454071
1802792451,"Opuntia decumbens","Oaxaca",129,"7","1","2018","iNaturalist","9415191","Abel Jossafat",-95.401968,16.009911,"Pacific Lowlands province","Opuntia",27.9375,91.7041854858398,20.2000007629395,890,4,17.0439910888672,4.9373722076416
1802792481,"Opuntia karwinskiana","Oaxaca",31,"8","1","2018","iNaturalist","9415279","Carlos Dom_nguez-Rodr_guez",-96.201546,15.774372,"Pacific Lowlands province","Opuntia",27.0083332061768,95.1513824462891,19.8999996185303,1226,17,120.927268981934,1.28974914550781
1802793320,"Opuntia decumbens","Oaxaca",203,"3","1","2018","iNaturalist","9416871","Valerio Lazzeri",-96.070547,15.779741,"Pacific Lowlands province","Opuntia",27.25,93.3225173950195,20.1000003814697,1146,12,8.91300487518311,2.18970704078674
1802794610,"Myrtillocactus schenckii","Oaxaca",NA,"8","1","2018","iNaturalist","9419780","rpmundo",-96.344247,16.754333,"Sierra Madre del Sur province","Myrtillocactus",21.4458332061768,125.090118408203,11,658,10,1577.40454101562,5.66108703613281
1805378993,"Myrtillocactus geometrizans","Oaxaca",NA,"9","1","2018","iNaturalist","9427217","rpmundo",-97.005981,17.900519,"Balsas Basin province","Myrtillocactus",25.8583335876465,243.262237548828,13.8999996185303,604,20,629.002624511719,3.57166290283203
1805401612,"Pachycereus weberi","Oaxaca",NA,"9","1","2018","iNaturalist","9481931","rpmundo",-96.913025,17.635589,"Balsas Basin province","Pachycereus",24.7916660308838,233.314407348633,13.3999996185303,658,24,854.886962890625,3.48831176757812
1805401619,"Opuntia decumbens","Oaxaca",NA,"9","1","2018","iNaturalist","9481934","rpmundo",-96.913681,17.635953,"Balsas Basin province","Opuntia",24.7916660308838,233.314407348633,13.3999996185303,658,24,839.918579101562,4.88500213623047
1805401738,"Mammillaria carnea","Oaxaca",NA,"9","1","2018","iNaturalist","9481801","Ulises Guzm_n",-96.912889,17.635575,"Balsas Basin province","Mammillaria",24.7916660308838,233.314407348633,13.3999996185303,658,24,854.886962890625,3.48831176757812
1805401789,"Opuntia velutina","Oaxaca",NA,"9","1","2018","iNaturalist","9481929","rpmundo",-96.913789,17.635992,"Balsas Basin province","Opuntia",24.7916660308838,233.314407348633,13.3999996185303,658,24,836.350280761719,4.0946044921875
1805402272,"Coryphantha pallida","Oaxaca",732,"4","10","2017","iNaturalist","9483859","Carlos G Velazco-Macias",-96.91349,17.649666,"Balsas Basin province","Coryphantha",24.9291667938232,237.328491210938,13.6999998092651,564,18,728.246948242188,1.62310791015625
1805406026,"Stenocereus pruinosus","Oaxaca",NA,"8","1","2018","iNaturalist","9492892","rpmundo",-96.322556,16.727731,"Sierra Madre del Sur province","Stenocereus",22.2916660308838,123.52465057373,11.8999996185303,764,14,1286.89758300781,6.69146728515625
1805406050,"Stenocereus pruinosus","Oaxaca",NA,"8","1","2018","iNaturalist","9492895","rpmundo",-96.233247,16.682919,"Sierra Madre del Sur province","Stenocereus",22.8833332061768,115.509399414062,13,779,14,1351.69470214844,7.17207336425781
1805406094,"Opuntia karwinskiana","Oaxaca",NA,"8","1","2018","iNaturalist","9492897","rpmundo",-96.230744,16.677694,"Sierra Madre del Sur province","Opuntia",22.8833332061768,115.509399414062,13,779,14,1239.31604003906,6.65730285644531
1805418326,"Opuntia pilifera","Oaxaca",NA,"18","1","2018","iNaturalist","9524874","rpmundo",-96.574013,17.395069,"Balsas Basin province","Opuntia",20.6083335876465,199.952651977539,9.39999961853027,1056,61,1504.93383789062,10.8347930908203
1805419232,"Stenocereus pruinosus","Oaxaca",NA,"18","1","2018","iNaturalist","9527965","Diego Manzano M_ndez",-96.576027,17.394516,"Balsas Basin province","Stenocereus",20.8208332061768,204.077285766602,9.39999961853027,1064,59,1491.05834960938,11.0611572265625
1806363419,"Mammillaria haageana","Oaxaca",115,"21","9","2017","iNaturalist","9625371","Gabriel Geovanni Reyes",-97.719335,18.067345,"Balsas Basin province","Mammillaria",19.6375007629395,181.773132324219,9.69999980926514,542,14,1846.88256835938,4.149658203125
1807294419,"Opuntia karwinskiana","Oaxaca",NA,"28","12","2017","iNaturalist","9690782","Carlos Dom_nguez-Rodr_guez",-96.136627,15.753242,"Pacific Lowlands province","Opuntia",27.1041660308838,96.5885848999023,20.1000003814697,1168,16,8.15806770324707,0.872975170612335
1807300703,"Opuntia tomentosa","Oaxaca",1,"28","1","2018","iNaturalist","9710980","rpmundo",-96.671157,17.032405,"Balsas Basin province","Opuntia",19.8875007629395,137.727096557617,9.39999961853027,653,13,1850.5400390625,8.81278991699219
1831098445,"Opuntia decumbens","Oaxaca",4,"28","2","2018","iNaturalist","10041890","Carlos Dom_nguez-Rodr_guez",-96.127751,15.743227,"Pacific Lowlands province","Opuntia",27.1208324432373,96.7766418457031,20.1000003814697,1150,15,10.4089860916138,6.63610935211182
1831219260,"Opuntia dejecta","Oaxaca",15,"15","2","2018","iNaturalist","9942251","Carlos Dom_nguez-Rodr_guez",-96.19395,15.76956,"Pacific Lowlands province","Opuntia",27.0083332061768,95.675422668457,19.8999996185303,1225,17,94.8283462524414,2.81620693206787
1831223167,"Pachycereus pecten-aboriginum","Oaxaca",175,"18","2","2018","iNaturalist","9952604","J. Fernando P_o Le_n",-96.133332,15.758595,"Pacific Lowlands province","Pachycereus",27.2041664123535,95.5476684570312,20.1000003814697,1171,16,20.6098308563232,5.80572986602783
1836563909,"Opuntia karwinskiana","Oaxaca",4,"28","2","2018","iNaturalist","10041883","Carlos Dom_nguez-Rodr_guez",-96.127367,15.743627,"Pacific Lowlands province","Opuntia",27.1208324432373,96.7766418457031,20.1000003814697,1150,15,2.46912527084351,4.30970764160156
1836571308,"Pachycereus pecten-aboriginum","Oaxaca",NA,"2","3","2018","iNaturalist","10072742","Carlos Dom_nguez-Rodr_guez",-96.134163,15.768415,"Pacific Lowlands province","Pachycereus",27.2083339691162,96.3146514892578,20.1000003814697,1188,17,39.4629859924316,2.88904714584351
1836594502,"Acanthocereus tetragonus","Oaxaca",NA,"7","3","2018","iNaturalist","10132253","Gabriela",-96.211205,15.779965,"Pacific Lowlands province","Acanthocereus",27.0208339691162,96.2350006103516,19.7999992370605,1229,18,113.467895507812,1.72017002105713
1836594541,"Opuntia karwinskiana","Oaxaca",NA,"7","3","2018","iNaturalist","10132235","Carlos Dom_nguez-Rodr_guez",-96.211822,15.780572,"Pacific Lowlands province","Opuntia",27.0208339691162,96.2350006103516,19.7999992370605,1229,18,107.081901550293,2.38204765319824
1836594850,"Opuntia karwinskiana","Oaxaca",NA,"7","3","2018","iNaturalist","10133701","rpmundo",-96.203827,15.775495,"Pacific Lowlands province","Opuntia",27.0083332061768,96.3618621826172,19.7999992370605,1240,18,113.842254638672,1.39408016204834
1836594913,"Pachycereus pecten-aboriginum","Oaxaca",NA,"7","3","2018","iNaturalist","10133673","Carlos Dom_nguez-Rodr_guez",-96.207497,15.77539,"Pacific Lowlands province","Pachycereus",27.0083332061768,96.3618621826172,19.7999992370605,1240,18,111.786598205566,1.32481002807617
1836600589,"Pachycereus pecten-aboriginum","Oaxaca",NA,"7","3","2018","iNaturalist","10148974","Carlos Dom_nguez-Rodr_guez",-96.199203,15.772661,"Pacific Lowlands province","Pachycereus",27.0083332061768,95.675422668457,19.8999996185303,1225,17,110.994613647461,1.7924165725708
1836618165,"Stenocereus pruinosus","Oaxaca",244,"17","1","2016","iNaturalist","10200100","Ulises Guzm_n",-95.160484,16.459957,"Pacific Lowlands province","Stenocereus",27.6875,128.825546264648,19.7000007629395,882,5,57.6256332397461,0.652377128601074
1836626769,"Acanthocereus tetragonus","Oaxaca",31,"8","3","2018","iNaturalist","10224036","J. Fernando P_o Le_n",-96.158223,15.731127,"Pacific Lowlands province","Acanthocereus",27.0166664123535,98.4962768554688,20,1144,14,19.1206150054932,5.6085090637207
1836631755,"Acanthocereus tetragonus","Oaxaca",NA,"8","3","2018","iNaturalist","10237248","Carlos Dom_nguez-Rodr_guez",-96.161377,15.726222,"Pacific Lowlands province","Acanthocereus",27.0625,99.2271423339844,20,1122,14,9.80850219726562,1.14630365371704
1836633845,"Opuntia decumbens","Oaxaca",31,"8","3","2018","iNaturalist","10242828","Carlos Dom_nguez-Rodr_guez",-96.160927,15.725881,"Pacific Lowlands province","Opuntia",27.0625,99.2271423339844,20,1122,14,7.34691715240479,0.862852692604065
1836633873,"Opuntia karwinskiana","Oaxaca",31,"8","3","2018","iNaturalist","10242841","Carlos Dom_nguez-Rodr_guez",-96.165283,15.724869,"Pacific Lowlands province","Opuntia",27.0791664123535,99.2576599121094,20,1110,14,10.6864948272705,1.26252746582031
1836670542,"Pachycereus pecten-aboriginum","Oaxaca",125,"15","3","2018","iNaturalist","10354564","J. Fernando P_o Le_n",-96.051557,15.789611,"Pacific Lowlands province","Pachycereus",27.1791667938232,94.1579666137695,20,1145,12,7.46829032897949,2.26359295845032
1837057313,"Stenocereus pruinosus","Oaxaca",NA,"16","2","2017","iNaturalist","10365429","Ignacio Torres Garc_a",-96.366934,16.940379,"Balsas Basin province","Stenocereus",19.9791660308838,125.525405883789,9.69999980926514,696,12,1767.14831542969,2.39056396484375
1837060904,"Pachycereus pecten-aboriginum","Oaxaca",185,"8","3","2018","iNaturalist","10381808","Carlos Dom_nguez-Rodr_guez",-96.158438,15.733358,"Pacific Lowlands province","Pachycereus",27.0083332061768,97.7667465209961,20,1159,15,5.17496776580811,4.47999000549316
1837748983,"Ferocactus recurvus","Oaxaca",10,"27","3","2018","iNaturalist","10540366","Ulises Guzm_n",-97.550025,17.817942,"Sierra Madre del Sur province","Ferocactus",14.908332824707,141.112991333008,4.80000019073486,652,19,2255.37426757812,5.27645874023438
1837749113,"Ferocactus recurvus","Oaxaca",5,"27","3","2018","iNaturalist","10540541","Ulises Guzm_n",-97.549994,17.817531,"Sierra Madre del Sur province","Ferocactus",15.9583330154419,157.44889831543,5.40000009536743,614,18,2261.40966796875,5.67208862304688
1837760027,"Stenocereus pruinosus","Oaxaca",NA,"26","3","2018","iNaturalist","10574822","Eugenio Padilla",-96.445651,16.945567,"Balsas Basin province","Stenocereus",20.8916664123535,133.97477722168,9.60000038146973,669,13,1635.45361328125,7.79765319824219
1837762756,"Pachycereus pecten-aboriginum","Oaxaca",31,"27","3","2018","iNaturalist","10582800","Carlos Dom_nguez-Rodr_guez",-96.1467,15.738583,"Pacific Lowlands province","Pachycereus",27.0083332061768,99.8142166137695,20,1141,14,7.40628433227539,4.18861675262451
1837767818,"Opuntia karwinskiana","Oaxaca",15,"3","4","2018","iNaturalist","10600021","Carlos Dom_nguez-Rodr_guez",-96.170712,15.766205,"Pacific Lowlands province","Opuntia",27.0708332061768,96.4001541137695,20,1179,16,40.7441215515137,5.27211284637451
1837767876,"Acanthocereus tetragonus","Oaxaca",31,"3","4","2018","iNaturalist","10600256","Carlos Dom_nguez-Rodr_guez",-96.175153,15.776834,"Pacific Lowlands province","Acanthocereus",27.0541667938232,95.3095092773438,19.8999996185303,1229,17,60.2826843261719,2.9330267906189
1837767917,"Opuntia decumbens","Oaxaca",42,"3","4","2018","iNaturalist","10600254","Carlos Dom_nguez-Rodr_guez",-96.175003,15.777098,"Pacific Lowlands province","Opuntia",27.0541667938232,95.3095092773438,19.8999996185303,1229,17,62.517391204834,2.28271436691284
1837768219,"Acanthocereus tetragonus","Oaxaca",NA,"3","4","2018","iNaturalist","10601249","Carlos Dom_nguez-Rodr_guez",-96.180206,15.760325,"Pacific Lowlands province","Acanthocereus",27.0249996185303,96.9184341430664,19.8999996185303,1196,17,67.2380828857422,3.26398611068726
1837768309,"Pachycereus pecten-aboriginum","Oaxaca",NA,"3","4","2018","iNaturalist","10601988","Carlos Dom_nguez-Rodr_guez",-96.188919,15.763968,"Pacific Lowlands province","Pachycereus",27.0166664123535,96.6797332763672,19.8999996185303,1204,17,101.710418701172,3.47675514221191
1837768431,"Opuntia karwinskiana","Oaxaca",NA,"3","4","2018","iNaturalist","10601980","Carlos Dom_nguez-Rodr_guez",-96.184814,15.761137,"Pacific Lowlands province","Opuntia",27.0166664123535,96.6797332763672,19.8999996185303,1204,17,76.7739028930664,1.56540203094482
1837769344,"Pachycereus pecten-aboriginum","Oaxaca",31,"29","3","2018","iNaturalist","10604864","Carlos Dom_nguez-Rodr_guez",-96.227574,15.698223,"Pacific Lowlands province","Pachycereus",26.908332824707,98.8533020019531,19.8999996185303,1087,15,38.0998611450195,4.55903911590576
1837779874,"Acanthocereus tetragonus","Oaxaca",NA,"5","4","2018","iNaturalist","10646129","Carlos Dom_nguez-Rodr_guez",-96.188072,15.753491,"Pacific Lowlands province","Acanthocereus",27.0083332061768,95.6041641235352,20,1190,17,62.3403015136719,4.34010744094849
1837779997,"Pachycereus pecten-aboriginum","Oaxaca",NA,"5","4","2018","iNaturalist","10646142","J. Fernando P_o Le_n",-96.188965,15.753995,"Pacific Lowlands province","Pachycereus",27.0083332061768,95.6041641235352,20,1190,17,59.2790908813477,3.9703106880188
1839256978,"Myrtillocactus schenckii","Oaxaca",7,"23","3","2018","iNaturalist","11392961","Eugenio Padilla",-96.443865,16.949957,"Balsas Basin province","Myrtillocactus",20.8916664123535,133.97477722168,9.60000038146973,669,13,1650.3671875,3.71635437011719
1846505023,"Mammillaria karwinskiana","Oaxaca",NA,"15","11","1955","DES","DES00001914","D.Z. Damrel 11/5/2001",-95.979722,16.611111,"Pacific Lowlands province","Mammillaria",24.8166675567627,152.663238525391,13.3000001907349,542,7,627.559020996094,0.523689270019531
1847468087,"Pachycereus pecten-aboriginum","Oaxaca",31,"5","4","2018","iNaturalist","12254908","Carlos Dom_nguez-Rodr_guez",-96.192877,15.763882,"Pacific Lowlands province","Pachycereus",27.0208339691162,96.1404876708984,19.8999996185303,1206,18,83.1913528442383,2.55094623565674
1848765351,"Ferocactus recurvus","Oaxaca",NA,"24","5","2018","iNaturalist","12933715","Ulises Guzm_n",-96.440266,16.956654,"Balsas Basin province","Ferocactus",20.6166667938232,131.414215087891,9.69999980926514,658,13,1679.15576171875,5.83253479003906
1848812982,"Mammillaria flavicentra","Oaxaca",126,"15","5","2015","iNaturalist","1606949","Leticia Soriano Flores",-96.884072,17.803693,"Sierra Madre del Sur province","Mammillaria",15.845832824707,182.139556884766,7.5,811,24,2228.5537109375,11.28076171875
1848817453,"Mammillaria albilanata","Oaxaca",NA,"28","9","2017","iNaturalist","8330634","Jonathan Mohl",-96.931343,17.662179,"Balsas Basin province","Mammillaria",24.9874992370605,239.982238769531,13.6999998092651,529,14,811.874755859375,6.02373504638672
1848818261,"Mammillaria albilanata","Oaxaca",NA,"9","1","2018","iNaturalist","9503068","Jonathan Mohl",-96.949806,17.585442,"Balsas Basin province","Mammillaria",22.0749988555908,213.929672241211,10.8000001907349,997,42,1551.57067871094,8.11512756347656
1850902102,"Mammillaria albilanata","Oaxaca",NA,"27","4","2018","iNaturalist","12386494","Jonathan Mohl",-97.085307,17.469148,"Sierra Madre del Sur province","Mammillaria",18.5499992370605,185.631622314453,7.5,691,17,1817.01452636719,13.2232360839844
1850915499,"Stenocactus crispatus","Oaxaca",2,"21","5","2018","iNaturalist","13149952","geomanuel",-97.429114,17.908085,"Sierra Madre del Sur province","Stenocactus",16.095832824707,158.091720581055,5,576,18,2196.427734375,3.61575317382812
1850915785,"Ferocactus recurvus","Oaxaca",1,"21","5","2018","iNaturalist","13149934","Ulises Guzm_n",-97.428859,17.908073,"Sierra Madre del Sur province","Ferocactus",16.095832824707,158.091720581055,5,576,18,2196.15893554688,3.45822143554688
1850994042,"Mammillaria karwinskiana","Oaxaca",63,"26","10","2017","iNaturalist","8666890","Ulises Guzm_n",-96.449339,16.94959,"Balsas Basin province","Mammillaria",20.8916664123535,133.97477722168,9.60000038146973,669,13,1637.49584960938,5.05307006835938
1850995045,"Mammillaria albilanata","Oaxaca",129,"27","1","2018","iNaturalist","9805752","Jonathan Mohl",-96.92516,17.370764,"Sierra Madre del Sur province","Mammillaria",16.4624996185303,152.04850769043,7.30000019073486,688,17,2119.865234375,4.29293823242188
1880483214,"Opuntia karwinskiana","Oaxaca",NA,"15","6","2018","iNaturalist","13461651","Carlos Dom_nguez-Rodr_guez",-96.17038,15.747602,"Pacific Lowlands province","Opuntia",27.029167175293,98.1061172485352,20,1161,15,26.2514553070068,1.40928101539612
1880483266,"Pachycereus pecten-aboriginum","Oaxaca",244,"15","6","2018","iNaturalist","13461644","Carlos Dom_nguez-Rodr_guez",-96.169872,15.750636,"Pacific Lowlands province","Pachycereus",27.0583324432373,96.6914749145508,20,1167,15,24.2690982818604,2.16724443435669
1880491279,"Acanthocereus tetragonus","Oaxaca",NA,"15","6","2018","iNaturalist","13489871","Carlos Dom_nguez-Rodr_guez",-96.231125,15.775396,"Pacific Lowlands province","Acanthocereus",27.0375003814697,97.3541793823242,19.7999992370605,1223,18,92.9599685668945,5.53874397277832
1880491398,"Opuntia karwinskiana","Oaxaca",NA,"15","6","2018","iNaturalist","13489865","Carlos Dom_nguez-Rodr_guez",-96.237457,15.773922,"Pacific Lowlands province","Opuntia",27.0458335876465,97.9669952392578,19.7999992370605,1192,20,95.0380401611328,2.65883159637451
1880491418,"Pereskia lychnidiflora","Oaxaca",NA,"15","6","2018","iNaturalist","13489869","Carlos Dom_nguez-Rodr_guez",-96.218185,15.783434,"Pacific Lowlands province","Pereskia",26.9958343505859,94.5914077758789,19.7999992370605,1257,18,125.103034973145,1.82891464233398
1880571770,"Mammillaria mystax","Oaxaca",31,"28","4","2018","iNaturalist","13787401","Jonathan Mohl",-97.520868,17.852189,"Sierra Madre del Sur province","Mammillaria",13.5708332061768,132.175140380859,3.90000009536743,701,24,2675.84204101562,12.992431640625
1880576658,"Mammillaria haageana","Oaxaca",NA,"22","5","2018","iNaturalist","13806826","Jonathan Mohl",-97.305983,18.073063,"Sierra Madre del Sur province","Mammillaria",11.9499998092651,146.411636352539,3.70000004768372,779,32,2765.53833007812,9.256591796875
1880652765,"Pachycereus pecten-aboriginum","Oaxaca",8,"3","7","2018","iNaturalist","14115219","Carlos Dom_nguez-Rodr_guez",-96.205142,15.757891,"Pacific Lowlands province","Pachycereus",27.0125007629395,95.5397567749023,20,1208,19,89.4284133911133,0.771726608276367
1880652810,"Pereskia lychnidiflora","Oaxaca",NA,"3","7","2018","iNaturalist","14115201","Carlos Dom_nguez-Rodr_guez",-96.2043,15.754002,"Pacific Lowlands province","Pereskia",27.0125007629395,95.5397567749023,20,1208,19,106.421287536621,3.81294059753418
1880663711,"Ferocactus recurvus","Oaxaca",63,"18","9","2008","iNaturalist","326600","Ulises Guzm_n",-97.452861,17.912123,"Sierra Madre del Sur province","Ferocactus",15.8500003814697,160.538864135742,5.19999980926514,584,19,2278.07348632812,4.83938598632812
1880666142,"Ferocactus recurvus","Oaxaca",5,"14","12","2013","iNaturalist","481801","Ulises Guzm_n",-96.35081,16.721219,"Sierra Madre del Sur province","Ferocactus",21.8374996185303,118.726676940918,11.6999998092651,656,10,1430.15942382812,10.1959686279297
1880672533,"Ferocactus recurvus","Oaxaca",63,"21","6","2017","iNaturalist","8066587","Ulises Guzm_n",-96.935592,17.690307,"Balsas Basin province","Ferocactus",25.0375003814697,239.944381713867,13.6999998092651,558,19,697.291564941406,10.0968475341797
1880674308,"Mammillaria karwinskiana","Oaxaca",5,"1","12","2017","iNaturalist","9007626","Jonathan Mohl",-96.407076,16.941172,"Sierra Madre del Sur province","Mammillaria",19.9375,123.161476135254,9.69999980926514,678,12,1832.2392578125,2.52009582519531
1880675303,"Ferocactus recurvus","Oaxaca",NA,"9","1","2018","iNaturalist","9481930","Ulises Guzm_n",-96.913881,17.636019,"Balsas Basin province","Ferocactus",24.7916660308838,233.314407348633,13.3999996185303,658,24,836.350280761719,4.0946044921875
1880675375,"Mammillaria sphacelata","Oaxaca",NA,"9","1","2018","iNaturalist","9503067","Ulises Guzm_n",-96.949806,17.585444,"Balsas Basin province","Mammillaria",22.0749988555908,213.929672241211,10.8000001907349,997,42,1551.57067871094,8.11512756347656
1880675423,"Mammillaria karwinskiana","Oaxaca",NA,"18","1","2018","iNaturalist","9527969","ricardo_munoz",-96.577087,17.394596,"Balsas Basin province","Mammillaria",20.8208332061768,204.077285766602,9.39999961853027,1064,59,1485.52319335938,13.1803436279297
1883566030,"Coryphantha elephantidens","Oaxaca",207,"20","8","2015","iNaturalist","1879853","Ulises Guzm_n",-96.598056,17.040661,"Balsas Basin province","Coryphantha",20.7999992370605,146.907531738281,9.19999980926514,645,14,1609.69140625,2.73477172851562
1883566644,"Mammillaria haageana","Oaxaca",NA,"6","3","2016","iNaturalist","2879519","Jonathan Mohl",-97.680924,18.002938,"Balsas Basin province","Mammillaria",18.1166667938232,168.122436523438,7.90000009536743,591,15,2127.33032226562,8.6405029296875
1883920243,"Pereskia lychnidiflora","Oaxaca",132,"15","7","2018","iNaturalist","14542385","ae",-95.331242,16.416844,"Pacific Lowlands province","Pereskia",27.3041667938232,131.779037475586,19.1000003814697,840,6,63.0110969543457,0.420402050018311
1883971577,"Opuntia lasiacantha","Oaxaca",NA,"21","5","2008","iNaturalist","351914","Ulises Guzm_n",-96.73616,17.081188,"Balsas Basin province","Opuntia",21.408332824707,146.207092285156,9.80000019073486,652,15,1793.17236328125,13.8037109375
1883972304,"Mammillaria flavicentra","Oaxaca",NA,"1","10","2016","iNaturalist","5444847","Carlos Martorell",-97.261264,17.693223,"Sierra Madre del Sur province","Mammillaria",13.6333332061768,149.412994384766,3.90000009536743,649,14,2628.68383789062,10.5967407226562
1883972322,"Mammillaria karwinskiana","Oaxaca",61,"25","3","2017","iNaturalist","5484236","cactus-d",-96.670074,17.023836,"Balsas Basin province","Mammillaria",18.9833335876465,131.379623413086,9.30000019073486,666,14,1936.23791503906,7.113525390625
1883972518,"Mammillaria flavicentra","Oaxaca",505,"21","11","2016","iNaturalist","5976258","Jonathan Mohl",-96.964731,18.073899,"Sierra Madre del Sur province","Mammillaria",17.0041675567627,194.123413085938,8.10000038146973,1341,53,2134.75463867188,7.86441040039062
1883973379,"Mammillaria karwinskiana","Oaxaca",207,"1","3","2010","iNaturalist","7644778","Jonathan Mohl",-96.276943,16.869344,"Sierra Madre del Sur province","Mammillaria",19.3541660308838,126.157524108887,10.3000001907349,701,12,1780.05297851562,1.75175476074219
1890090782,"Mammillaria mystax","Oaxaca",NA,"20","4","2018","iNaturalist","15052212","Diego",-97.510556,17.8525,"Sierra Madre del Sur province","Mammillaria",13.908332824707,135.643814086914,4,685,25,2639.203125,5.51156616210938
1890676697,"Mammillaria haageana","Oaxaca",NA,"18","4","2018","iNaturalist","15051090","Ulises Guzm_n",-97.412778,17.880833,"Sierra Madre del Sur province","Mammillaria",16.9624996185303,173.822357177734,5.09999990463257,505,14,2132.37475585938,1.25674438476562
1890711441,"Stenocactus crispatus","Oaxaca",63,"17","5","2018","iNaturalist","15209347","Leticia Soriano Flores",-97.417577,17.950234,"Sierra Madre del Sur province","Stenocactus",16.4916667938232,169.287719726562,5.5,563,18,2178.08251953125,1.41000366210938
1890727574,"Ferocactus recurvus","Oaxaca",398,"21","12","2007","iNaturalist","2742576","cactus-d",-97.79607,18.147499,"Balsas Basin province","Ferocactus",20.779167175293,163.990829467773,11.5,541,15,1740.32678222656,12.0976715087891
1890727786,"Ferocactus recurvus","Oaxaca",31,"19","5","2016","iNaturalist","3298469","cactus-d",-97.72525,18.222455,"Balsas Basin province","Ferocactus",20.408332824707,173.386489868164,10.8000001907349,524,13,1673.81970214844,11.7563629150391
1891338210,"Acanthocereus tetragonus","Oaxaca",NA,"8","8","2018","iNaturalist","15442049","Carlos Dom_nguez-Rodr_guez",-96.051437,15.788591,"Pacific Lowlands province","Acanthocereus",27.1791667938232,94.1579666137695,20,1145,12,21.82590675354,12.9288883209229
1893399147,"Pereskia lychnidiflora","Oaxaca",100,"20","11","1959","SDNHM","15012","NO DISPONIBLE",-95.141667,16.241667,"Pacific Lowlands province","Pereskia",28.0041675567627,109.367134094238,20,896,8,106.63549041748,7.93056583404541
1893406793,"Escontria chiotilla","Oaxaca",90,"18","7","1978","SDNHM","39035","NO DISPONIBLE",-97.708333,17.991667,"Balsas Basin province","Escontria",18.8916664123535,175.626586914062,8.80000019073486,578,15,1928.23205566406,9.27328491210938
1893418994,"Aporocactus martianus","Oaxaca",100,"6","12","1962","SDNHM","3287","NO DISPONIBLE",-96.725,17.091667,"Balsas Basin province","Aporocactus",21.1375007629395,148.830673217773,9.60000038146973,654,16,1670.86059570312,8.61891174316406
1893435961,"Ferocactus macrodiscus","Oaxaca",90,NA,NA,NA,"IBUNAM","NO DISPONIBLE","Leonardo Ulises Guzm_n Cruz",-96.441667,17.558333,"Sierra Madre del Sur province","Ferocactus",11.7666664123535,121.287284851074,5.69999980926514,1362,72,2579.50830078125,11.2596130371094
1893438588,"Opuntia tomentosa","Oaxaca",90,"20","4","1969","IBUNAM","NO DISPONIBLE","_ngel Salvador Arias Montes",-97.491667,17.825,"Sierra Madre del Sur province","Opuntia",15.5833330154419,158.79280090332,4.80000019073486,614,20,2267.91333007812,5.53497314453125
1893438696,"Mammillaria haageana","Oaxaca",90,NA,NA,NA,"IBUNAM","NO DISPONIBLE","Leonardo Ulises Guzm_n Cruz",-96.908333,17.291667,"Balsas Basin province","Mammillaria",20.908332824707,162.883575439453,9.19999980926514,748,20,1702.20849609375,0.65789794921875
1893439891,"Opuntia pubescens","Oaxaca",90,NA,"5","1907","IBUNAM","NO DISPONIBLE","_ngel Salvador Arias Montes",-97.208333,17.591667,"Sierra Madre del Sur province","Opuntia",13.8249998092651,154.882659912109,4.30000019073486,610,17,2457.43481445312,2.47769165039062
1893440520,"Mammillaria solisioides","Oaxaca",90,NA,NA,"1971","IBUNAM","NO DISPONIBLE","Leonardo Ulises Guzm_n Cruz",-97.758333,17.791667,"Balsas Basin province","Mammillaria",21.4416675567627,187.481323242188,9.30000019073486,632,17,1622.66564941406,1.84254455566406
1893441296,"Myrtillocactus schenckii","Oaxaca",90,NA,NA,"1953","IBUNAM","NO DISPONIBLE","_ngel Salvador Arias Montes",-97.575,17.675,"Sierra Madre del Sur province","Myrtillocactus",18.0666675567627,175.956237792969,6.09999990463257,615,18,2011.31982421875,0.92596435546875
1893564139,"Rhipsalis baccifera","Oaxaca",90,"26","6","1995","FC-UNAM","NO DISPONIBLE","Rodolfo Noriega-Trejo",-94.061111,17.0775,"Veracruzan province","Rhipsalis",24.8583335876465,216.572830200195,16.7000007629395,2629,225,200.670364379883,12.5491046905518
1893564201,"Rhipsalis baccifera","Oaxaca",90,"1","6","1995","FC-UNAM","NO DISPONIBLE","Carlos Alberto Ruiz Jim_nez",-94.587778,17.073889,"Veracruzan province","Rhipsalis",23.1625003814697,170.49560546875,15.8000001907349,1906,155,551.725341796875,13.9978561401367
1893605315,"Pereskia lychnidiflora","Oaxaca",100,"30","4","1998","INECOL","162108","S. Arias",-95.960556,15.834722,"Pacific Lowlands province","Pereskia",27.2374992370605,90.7826080322266,20,1113,12,4.42002582550049,0.925812482833862
1893605342,"Pereskia lychnidiflora","Oaxaca",100,"2","11","1992","INECOL","19773","P. Zamora C.",-96.166111,15.725556,"Pacific Lowlands province","Pereskia",27.0625,99.2271423339844,20,1122,14,6.14400339126587,0.922556221485138
1893616111,"Opuntia velutina","Oaxaca",100,"26","2","1988","INECOL","19758","S. Acosta C.; J.A. P_rez de la R.",-96.33,16.623333,"Sierra Madre del Sur province","Opuntia",23.8166675567627,139.631561279297,13.3000001907349,814,11,1035.01318359375,9.4630126953125
1893647182,"Opuntia pilifera","Oaxaca",10,"3","5","1978","INECOL","19635","L. Scheinvar",-96.866571,17.264514,"Sierra Madre del Sur province","Opuntia",21.0249996185303,156.241348266602,9.30000019073486,735,18,1691.95751953125,3.79685974121094
1893658589,"Opuntia decumbens","Oaxaca",100,"30","3","1999","INECOL","162026","S. Arias",-96.004167,15.870833,"Pacific Lowlands province","Opuntia",26.9249992370605,89.2264862060547,19.6000003814697,1178,13,74.667106628418,6.58877277374268
1893665694,"Pachycereus pecten-aboriginum","Oaxaca",100,"9","6","1980","INECOL","19766","S. Gama L.",-95.236667,16.323333,"Pacific Lowlands province","Pachycereus",28.3875007629395,113.099433898926,19.7999992370605,892,13,36.3715667724609,0.840434551239014
1893677675,"Opuntia lasiacantha","Oaxaca",90,"17","5","1977","INECOL","19695","L. Scheinvar",-95.916667,17.158333,"Sierra Madre del Sur province","Opuntia",19.2250003814697,164.102249145508,11,2832,195,1428.25671386719,7.74897766113281
1893690355,"Marginatocereus marginatus","Oaxaca",100,"29","4","1988","INECOL","19769","S. Arias",-96.353333,16.56,"Pacific Lowlands province","Marginatocereus",23.6875,133.128875732422,13.3000001907349,812,11,1041.48376464844,0.858123779296875
1893715419,"Rhipsalis baccifera","Oaxaca",90,"30","5","1990","INECOL","19803","J. Reyes S.",-96.208333,17.86,"Veracruzan province","Rhipsalis",25.2625007629395,242.07551574707,16.5,3440,218,48.8853492736816,1.69503355026245
1893726071,"Disocactus macranthus","Oaxaca",100,"28","8","1984","INECOL","19132","J. Reyes S.",-94.683333,16.908333,"Veracruzan province","Disocactus",24.8500003814697,203.581573486328,17.1000003814697,2254,159,302.405822753906,3.23720550537109
1893731821,"Disocactus ackermannii","Oaxaca",90,"19","3","1980","INECOL","19491","F. Ramos M.",-96.553333,17.533333,"Sierra Madre del Sur province","Disocactus",17.3833332061768,178.151290893555,8.30000019073486,2277,100,2085.23828125,7.03939819335938
1893735325,"Opuntia velutina","Oaxaca",100,"6","3","1987","INECOL","19759","S. Acosta C.; J.A. P_rez de la R.",-95.768333,16.01,"Pacific Lowlands province","Opuntia",26.779167175293,75.5722961425781,19.2000007629395,930,10,222.950134277344,3.48496246337891
1893737721,"Myrtillocactus schenckii","Oaxaca",100,"12","11","1987","INECOL","19461","S. Acosta C.; J.A. P_rez de la R.",-96.228333,16.713333,"Sierra Madre del Sur province","Myrtillocactus",21.1166667938232,108.299537658691,12.1000003814697,589,9,1604.01721191406,8.43934631347656
1893746158,"Melocactus curvispinus","Oaxaca",100,"25","6","1984","INECOL","19443","H. Bravo-Hollis",-95.408333,16.508333,"Pacific Lowlands province","Melocactus",26.1791667938232,116.041885375977,17.7000007629395,591,4,373.236541748047,9.99990844726562
1893749900,"Opuntia pubescens","Oaxaca",100,"14","5","1987","INECOL","19645","G. Flores F.",-96.37,16.668333,"Sierra Madre del Sur province","Opuntia",22.2124996185303,125.899040222168,12,690,12,1348.22937011719,5.41389465332031
1893753316,"Escontria chiotilla","Oaxaca",100,"26","2","1988","INECOL","19200","G. Flores F.",-96.308333,16.673333,"Pacific Lowlands province","Escontria",24.0041656494141,138.423873901367,13.3000001907349,845,15,946.06640625,2.41644287109375
1893890830,"Pereskia lychnidiflora","Oaxaca",NA,NA,NA,NA,"IGL-UNAM","M-1160","NO DISPONIBLE",-95.3333444,16.4174426,"Pacific Lowlands province","Pereskia",27.2541656494141,131.122039794922,19.1000003814697,821,5,65.7978286743164,1.01725959777832
1893916671,"Neobuxbaumia tetetzo","Oaxaca",100,"1","9","2006","NO DISPONIBLE","NO DISPONIBLE","NO DISPONIBLE",-97.062509,16.95758,"Sierra Madre del Sur province","Neobuxbaumia",17.3083324432373,144.140609741211,7.69999980926514,793,22,1917.69665527344,5.13397216796875
1893916674,"Neobuxbaumia tetetzo","Oaxaca",90,"1","9","2006","NO DISPONIBLE","NO DISPONIBLE","NO DISPONIBLE",-97.0531,17.861257,"Balsas Basin province","Neobuxbaumia",24.7708339691162,241.994140625,12.3999996185303,690,28,824.929870605469,11.94287109375
1893917341,"Cephalocereus columna-trajani","Oaxaca",90,"28","7","2006","NO DISPONIBLE","NO DISPONIBLE","NO DISPONIBLE",-97.050383,17.857761,"Balsas Basin province","Cephalocereus",24.5666675567627,238.759414672852,12.1000003814697,827,37,976.032470703125,10.3443603515625
1893917399,"Cephalocereus columna-trajani","Oaxaca",90,"29","7","2006","NO DISPONIBLE","NO DISPONIBLE","NO DISPONIBLE",-97.049787,17.858785,"Balsas Basin province","Cephalocereus",25.1041660308838,237.94059753418,12.8999996185303,713,30,934.613220214844,9.10049438476562
1893917414,"Cephalocereus columna-trajani","Oaxaca",90,"28","7","2006","NO DISPONIBLE","NO DISPONIBLE","NO DISPONIBLE",-97.050065,17.858345,"Balsas Basin province","Cephalocereus",24.7708339691162,241.994140625,12.3999996185303,690,28,954.778259277344,11.5982666015625
1893924049,"Aporocactus martianus","Oaxaca",90,"6","5","2001","NO DISPONIBLE","NO DISPONIBLE","D.X. Munn-Estrada",-96.963389,18.1355,"Sierra Madre del Sur province","Aporocactus",12.7375001907349,167.075439453125,5.30000019073486,1329,59,2401.9365234375,15.9713134765625
1893925247,"Rhipsalis baccifera","Oaxaca",90,"4","7","2001","CNS-UT","419241","D.X. Munn-Estrada",-96.851167,18.154889,"Sierra Madre del Sur province","Rhipsalis",21.9500007629395,246.216827392578,10,2593,171,1206.23303222656,8.06651306152344
1894009507,"Mammillaria supertexta","Oaxaca",90,NA,NA,NA,"IBUNAM","NO APLICA","Jer_nimo Reyes",-97.055833,18.0385,"Balsas Basin province","Mammillaria",24.783332824707,230.753036499023,12.1000003814697,903,39,864.557373046875,10.0324172973633
1894009508,"Mammillaria kraehenbuehlii","Oaxaca",90,NA,NA,NA,"IBUNAM","NO APLICA","Jer_nimo Reyes",-97.309722,17.801389,"Sierra Madre del Sur province","Mammillaria",19.1749992370605,207.90625,7.09999990463257,447,9,1987.53234863281,4.90390014648438
1894009509,"Mammillaria kraehenbuehlii","Oaxaca",90,NA,NA,NA,"IBUNAM","NO APLICA","Jer_nimo Reyes",-97.551917,17.656028,"Sierra Madre del Sur province","Mammillaria",16.466667175293,160.981842041016,5,647,18,2254.84985351562,4.6116943359375
1894009510,"Mammillaria crucigera","Oaxaca",90,NA,NA,NA,"IBUNAM","NO APLICA","Jer_nimo Reyes",-97.073067,18.111267,"Balsas Basin province","Mammillaria",24.3875007629395,240.823608398438,11.1000003814697,882,43,954.542785644531,10.1919097900391
1894009511,"Mammillaria kraehenbuehlii","Oaxaca",90,NA,NA,NA,"IBUNAM","NO APLICA","Jer_nimo Reyes",-97.278639,17.839639,"Sierra Madre del Sur province","Mammillaria",19.4166660308838,219.268753051758,7.40000009536743,439,12,1999.93933105469,1.98223876953125
1894009512,"Mammillaria crucigera","Oaxaca",90,NA,NA,NA,"IBUNAM","NO APLICA","Jer_nimo Reyes",-97.086417,18.091,"Balsas Basin province","Mammillaria",25.2541675567627,238.560638427734,12.5,819,35,954.760803222656,12.3395156860352
1894009513,"Mammillaria kraehenbuehlii","Oaxaca",90,NA,NA,NA,"IBUNAM","NO APLICA","Jer_nimo Reyes",-97.553833,17.67825,"Sierra Madre del Sur province","Mammillaria",18.0625,173.560653686523,6,599,16,2080.38110351562,4.533203125
1894009514,"Mammillaria kraehenbuehlii","Oaxaca",90,NA,NA,NA,"IBUNAM","NO APLICA","Jer_nimo Reyes",-97.352861,17.890694,"Sierra Madre del Sur province","Mammillaria",17.7583332061768,193.905227661133,5.59999990463257,456,12,2039.96118164062,1.99894714355469
1894009518,"Mammillaria supertexta","Oaxaca",90,NA,NA,NA,"IBUNAM","NO APLICA","Jer_nimo Reyes",-96.987389,17.870722,"Balsas Basin province","Mammillaria",25.595832824707,245.990173339844,13.6999998092651,594,19,685.9365234375,7.55279541015625
1894009519,"Mammillaria kraehenbuehlii","Oaxaca",90,NA,NA,NA,"IBUNAM","NO APLICA","Jer_nimo Reyes",-97.540306,17.747944,"Sierra Madre del Sur province","Mammillaria",17.4291667938232,167.052764892578,5.80000019073486,587,16,2124.27905273438,5.07122802734375
1894009522,"Mammillaria kraehenbuehlii","Oaxaca",90,NA,NA,NA,"IBUNAM","NO APLICA","Jer_nimo Reyes",-97.347333,18.028056,"Sierra Madre del Sur province","Mammillaria",16.904167175293,195.441909790039,6.40000009536743,556,18,2025.97668457031,19.1154479980469
1894009523,"Mammillaria crucigera","Oaxaca",90,NA,NA,NA,"IBUNAM","NO APLICA","Jer_nimo Reyes",-97.082,18.135167,"Balsas Basin province","Mammillaria",24.4375,238.261917114258,11.1000003814697,841,41,1028.40295410156,5.62066650390625
1894009524,"Mammillaria kraehenbuehlii","Oaxaca",90,NA,NA,NA,"IBUNAM","NO APLICA","Jer_nimo Reyes",-97.492389,17.662111,"Sierra Madre del Sur province","Mammillaria",17.0791664123535,166.807693481445,5.5,599,17,2117.84838867188,6.21774291992188
1894009527,"Mammillaria kraehenbuehlii","Oaxaca",90,NA,NA,NA,"IBUNAM","NO APLICA","Jer_nimo Reyes",-97.246194,17.816889,"Sierra Madre del Sur province","Mammillaria",15.7291660308838,180.736602783203,5.19999980926514,530,17,2287.57153320312,1.15560913085938
1894009528,"Mammillaria kraehenbuehlii","Oaxaca",90,NA,NA,NA,"IBUNAM","NO APLICA","Jer_nimo Reyes",-97.389833,17.8955,"Sierra Madre del Sur province","Mammillaria",16.8916664123535,172.387435913086,5.09999990463257,505,12,2138.48657226562,1.255126953125
1894009529,"Mammillaria crucigera","Oaxaca",90,NA,NA,NA,"IBUNAM","NO APLICA","Jer_nimo Reyes",-97.067183,18.081817,"Balsas Basin province","Mammillaria",24.7041664123535,234.912536621094,11.8000001907349,869,40,916.457885742188,2.84414672851562
1894009531,"Mammillaria zephyranthoides","Oaxaca",90,NA,NA,NA,"IBUNAM","NO APLICA","Jer_nimo Reyes",-97.381306,17.901056,"Sierra Madre del Sur province","Mammillaria",16.9500007629395,173.126342773438,5.09999990463257,506,13,2108.724609375,1.055908203125
1894009533,"Mammillaria dixanthocentron","Oaxaca",90,NA,NA,NA,"IBUNAM","NO APLICA","Jer_nimo Reyes",-97.449222,17.910333,"Sierra Madre del Sur province","Mammillaria",15.9833335876465,160.727523803711,5.19999980926514,583,20,2312.75854492188,11.5413513183594
1894009534,"Mammillaria zephyranthoides","Oaxaca",90,NA,NA,NA,"IBUNAM","NO APLICA","Jer_nimo Reyes",-97.338194,17.904889,"Sierra Madre del Sur province","Mammillaria",17.3291664123535,190.662231445312,5.59999990463257,483,15,2079.060546875,5.79315185546875
1894009535,"Mammillaria supertexta","Oaxaca",90,NA,NA,NA,"IBUNAM","NO APLICA","Jer_nimo Reyes",-97.337861,18.088556,"Sierra Madre del Sur province","Mammillaria",18.9500007629395,220.763122558594,8.19999980926514,572,21,1797.37744140625,14.6012725830078
1894009536,"Mammillaria dixanthocentron","Oaxaca",90,NA,NA,NA,"IBUNAM","NO APLICA","Jer_nimo Reyes",-97.070917,17.904667,"Balsas Basin province","Mammillaria",24.0874996185303,241.050033569336,11.3000001907349,831,39,1092.2451171875,13.4403076171875
1894009537,"Mammillaria zephyranthoides","Oaxaca",90,NA,NA,NA,"IBUNAM","NO APLICA","Jer_nimo Reyes",-97.353944,17.842806,"Sierra Madre del Sur province","Mammillaria",16.5208339691162,174.440139770508,5.09999990463257,515,13,2152.24658203125,2.28759765625
1894009539,"Mammillaria dixanthocentron","Oaxaca",90,NA,NA,NA,"IBUNAM","NO APLICA","Jer_nimo Reyes",-97.074117,18.075133,"Balsas Basin province","Mammillaria",24.7041664123535,234.912536621094,11.8000001907349,869,40,891.9130859375,11.22998046875
1894009540,"Mammillaria supertexta","Oaxaca",90,NA,NA,NA,"IBUNAM","NO APLICA","Jer_nimo Reyes",-97.044861,18.053528,"Balsas Basin province","Mammillaria",24.2708339691162,231.874359130859,11.3999996185303,982,48,921.567626953125,4.04316711425781
1894009544,"Mammillaria dixanthocentron","Oaxaca",90,NA,NA,NA,"IBUNAM","NO APLICA","Jer_nimo Reyes",-97.414083,17.693694,"Sierra Madre del Sur province","Mammillaria",14.3499994277954,145.461639404297,4.19999980926514,650,18,2424.01220703125,7.757568359375
1894009545,"Mammillaria dixanthocentron","Oaxaca",90,NA,NA,NA,"IBUNAM","NO APLICA","Jer_nimo Reyes",-97.416667,17.895611,"Sierra Madre del Sur province","Mammillaria",16.5375003814697,162.915573120117,5.09999990463257,540,15,2198.32788085938,10.0613708496094
1894009546,"Mammillaria zephyranthoides","Oaxaca",90,NA,NA,NA,"IBUNAM","NO APLICA","Jer_nimo Reyes",-97.349444,17.887722,"Sierra Madre del Sur province","Mammillaria",17.8250007629395,197.08674621582,5.80000019073486,459,15,2047.68444824219,1.56259155273438
1894009547,"Mammillaria dixanthocentron","Oaxaca",90,NA,NA,NA,"IBUNAM","NO APLICA","Jer_nimo Reyes",-97.062694,18.070333,"Balsas Basin province","Mammillaria",24.5375003814697,235.392547607422,11.6999998092651,904,41,986.177368164062,4.47634124755859
1894009548,"Mammillaria dixanthocentron","Oaxaca",90,NA,NA,NA,"IBUNAM","NO APLICA","Jer_nimo Reyes",-97.066194,18.059472,"Balsas Basin province","Mammillaria",24.6166667938232,233.844665527344,11.8000001907349,897,41,948.7421875,7.52118682861328
1894009550,"Mammillaria crucigera","Oaxaca",90,NA,NA,NA,"IBUNAM","NO APLICA","Jer_nimo Reyes",-97.044,17.957222,"Balsas Basin province","Mammillaria",25.6333332061768,239.605102539062,13.3000001907349,705,26,637.247375488281,8.11370086669922
1894009551,"Mammillaria dixanthocentron","Oaxaca",90,NA,NA,NA,"IBUNAM","NO APLICA","Jer_nimo Reyes",-97.460472,17.869222,"Sierra Madre del Sur province","Mammillaria",15.4541664123535,154.028594970703,4.69999980926514,606,21,2257.43334960938,13.2697143554688
1894009557,"Mammillaria dixanthocentron","Oaxaca",90,NA,NA,NA,"IBUNAM","NO APLICA","Jer_nimo Reyes",-96.912389,17.838278,"Sierra Madre del Sur province","Mammillaria",20.845832824707,223.499633789062,10,1450,62,1705.66760253906,10.8313903808594
1894009560,"Mammillaria dixanthocentron","Oaxaca",90,NA,NA,NA,"IBUNAM","NO APLICA","Jer_nimo Reyes",-97.008933,17.9096,"Balsas Basin province","Mammillaria",25.8208332061768,241.505310058594,13.8000001907349,621,21,644.532104492188,7.17012023925781
1894009561,"Mammillaria hernandezii","Oaxaca",90,NA,NA,NA,"IBUNAM","NO APLICA","Jer_nimo Reyes",-97.430033,17.905533,"Sierra Madre del Sur province","Mammillaria",16.095832824707,158.091720581055,5,576,18,2270.28637695312,3.36260986328125
1894009565,"Mammillaria huitzilopochtli","Oaxaca",90,NA,NA,NA,"IBUNAM","NO APLICA","Jer_nimo Reyes",-97.031917,17.988056,"Balsas Basin province","Mammillaria",25.3666667938232,235.838287353516,13,855,33,745.583068847656,10.3789520263672
1894009566,"Mammillaria hernandezii","Oaxaca",90,NA,NA,NA,"IBUNAM","NO APLICA","Jer_nimo Reyes",-97.412717,17.940933,"Sierra Madre del Sur province","Mammillaria",16.7333335876465,167.662170410156,5.40000009536743,550,16,2141.99829101562,4.20050048828125
1894009569,"Mammillaria dixanthocentron","Oaxaca",90,NA,NA,NA,"IBUNAM","NO APLICA","Jer_nimo Reyes",-97.0065,17.8865,"Balsas Basin province","Mammillaria",25.845832824707,244.470291137695,13.8999996185303,576,18,594.610046386719,10.8066482543945
1894009572,"Mammillaria dixanthocentron","Oaxaca",90,NA,NA,NA,"IBUNAM","NO APLICA","Jer_nimo Reyes",-97.018694,17.809778,"Balsas Basin province","Mammillaria",24.966667175293,239.320404052734,12.6999998092651,757,30,934.391296386719,9.50462341308594
1894009574,"Mammillaria huitzilopochtli","Oaxaca",90,NA,NA,NA,"IBUNAM","NO APLICA","Jer_nimo Reyes",-96.981783,17.956683,"Balsas Basin province","Mammillaria",24.7708339691162,237.079360961914,12.6000003814697,1074,49,863.682250976562,7.18232727050781
1894009575,"Mammillaria solisioides","Oaxaca",90,NA,NA,NA,"IBUNAM","NO APLICA","Jer_nimo Reyes",-97.789806,17.938583,"Balsas Basin province","Mammillaria",20.7958335876465,185.894134521484,9.80000019073486,580,18,1704.91015625,4.85340881347656
1894009576,"Mammillaria dixanthocentron","Oaxaca",90,NA,NA,NA,"IBUNAM","NO APLICA","Jer_nimo Reyes",-97.943028,17.688667,"Sierra Madre del Sur province","Mammillaria",22.345832824707,172.540618896484,10.8999996185303,707,19,1439.77185058594,12.9317779541016
1894009580,"Mammillaria huitzilopochtli","Oaxaca",90,NA,NA,NA,"IBUNAM","NO APLICA","Jer_nimo Reyes",-96.960683,17.816683,"Balsas Basin province","Mammillaria",24.904167175293,240.722961425781,13.1000003814697,742,29,715.245056152344,10.0549011230469
1894009582,"Mammillaria huitzilopochtli","Oaxaca",90,NA,NA,NA,"IBUNAM","NO APLICA","Jer_nimo Reyes",-96.969722,17.850639,"Balsas Basin province","Mammillaria",25.1875,243.470413208008,13.3999996185303,678,24,683.942687988281,12.177619934082
1894009583,"Mammillaria solisioides","Oaxaca",90,NA,NA,NA,"IBUNAM","NO APLICA","Jer_nimo Reyes",-97.776472,17.854361,"Balsas Basin province","Mammillaria",20.6666660308838,186.636901855469,9,615,19,1753.23229980469,8.87638854980469
1894009584,"Mammillaria hernandezii","Oaxaca",90,NA,NA,NA,"IBUNAM","NO APLICA","Jer_nimo Reyes",-97.41165,17.95245,"Sierra Madre del Sur province","Mammillaria",16.5666675567627,167.404434204102,5.5,564,19,2191.59912109375,0.80828857421875
1894009586,"Mammillaria huitzilopochtli","Oaxaca",90,NA,NA,NA,"IBUNAM","NO APLICA","Jer_nimo Reyes",-96.971417,17.918028,"Balsas Basin province","Mammillaria",25.2041664123535,251.94206237793,13.3000001907349,683,22,507.687530517578,2.22024536132812
1894009589,"Mammillaria hernandezii","Oaxaca",90,NA,NA,NA,"IBUNAM","NO APLICA","Jer_nimo Reyes",-97.438683,17.926567,"Sierra Madre del Sur province","Mammillaria",16.1000003814697,162.969604492188,5.30000019073486,580,19,2232.21020507812,6.54156494140625
1894009590,"Mammillaria solisioides","Oaxaca",90,NA,NA,NA,"IBUNAM","NO APLICA","Jer_nimo Reyes",-97.804333,17.93375,"Balsas Basin province","Mammillaria",20.7416667938232,188.472717285156,9.80000019073486,585,18,1753.13049316406,4.68092346191406
1894009591,"Mammillaria huitzilopochtli","Oaxaca",90,NA,NA,NA,"IBUNAM","NO APLICA","Jer_nimo Reyes",-97.028722,18.013917,"Balsas Basin province","Mammillaria",24.6958332061768,230.507919311523,12,1003,48,866.890869140625,7.12372589111328
1894009592,"Mammillaria dixanthocentron","Oaxaca",90,NA,NA,NA,"IBUNAM","NO APLICA","Jer_nimo Reyes",-97.008717,17.893283,"Balsas Basin province","Mammillaria",25.8083343505859,242.804016113281,13.8000001907349,602,19,592.635620117188,8.79611968994141
1894009595,"Mammillaria hernandezii","Oaxaca",90,NA,NA,NA,"IBUNAM","NO APLICA","Jer_nimo Reyes",-97.455583,17.905694,"Sierra Madre del Sur province","Mammillaria",15.7541666030884,158.163589477539,5.09999990463257,590,20,2340.53198242188,11.5173034667969
1894009596,"Mammillaria hernandezii","Oaxaca",90,NA,NA,NA,"IBUNAM","NO APLICA","Jer_nimo Reyes",-97.418778,17.919,"Sierra Madre del Sur province","Mammillaria",16.5125007629395,164.013916015625,5.30000019073486,560,18,2198.29931640625,0.9212646484375
1894009597,"Mammillaria solisioides","Oaxaca",90,NA,NA,NA,"IBUNAM","NO APLICA","Jer_nimo Reyes",-97.806722,17.808417,"Balsas Basin province","Mammillaria",21.1375007629395,182.297515869141,9.19999980926514,638,19,1727.61352539062,1.86506652832031
1894009598,"Mammillaria huitzilopochtli","Oaxaca",90,NA,NA,NA,"IBUNAM","NO APLICA","Jer_nimo Reyes",-96.967667,17.885556,"Balsas Basin province","Mammillaria",25.1208343505859,246.073333740234,13.3000001907349,714,25,703.391479492188,15.9791564941406
1894009604,"Mammillaria hernandezii","Oaxaca",90,NA,NA,NA,"IBUNAM","NO APLICA","Jer_nimo Reyes",-97.409778,17.919583,"Sierra Madre del Sur province","Mammillaria",16.5,164.067611694336,5.19999980926514,560,17,2231.46215820312,0.97967529296875
1894009605,"Mammillaria solisioides","Oaxaca",90,NA,NA,NA,"IBUNAM","NO APLICA","Jer_nimo Reyes",-97.775028,17.8585,"Balsas Basin province","Mammillaria",20.7000007629395,185.227142333984,9.10000038146973,613,20,1711.24328613281,3.20999145507812
1894009606,"Mammillaria hernandezii","Oaxaca",90,NA,NA,NA,"IBUNAM","NO APLICA","Jer_nimo Reyes",-97.42785,17.8935,"Sierra Madre del Sur province","Mammillaria",16.2916660308838,162.240493774414,5,562,18,2182.77856445312,5.60391235351562
1894009609,"Mammillaria solisioides","Oaxaca",90,NA,NA,NA,"IBUNAM","NO APLICA","Jer_nimo Reyes",-97.789083,17.831083,"Balsas Basin province","Mammillaria",21.0541667938232,185.343154907227,9.19999980926514,626,19,1723.86474609375,5.72688293457031
1894009614,"Mammillaria hernandezii","Oaxaca",90,NA,NA,NA,"IBUNAM","NO APLICA","Jer_nimo Reyes",-97.424183,17.9026,"Sierra Madre del Sur province","Mammillaria",16.4500007629395,163.609832763672,5.09999990463257,552,17,2273.99829101562,1.10971069335938
1894009625,"Mammillaria solisioides","Oaxaca",90,NA,NA,NA,"IBUNAM","NO APLICA","Jer_nimo Reyes",-97.778639,17.84175,"Balsas Basin province","Mammillaria",20.8374996185303,186.427215576172,9.10000038146973,616,19,1701.08923339844,2.83877563476562
1894242188,"Escontria chiotilla","Oaxaca",NA,"19","6","2013","FESI-UNAM","NO DISPONIBLE","D.T.A.R.",-97.108055,17.814722,"Balsas Basin province","Escontria",22.3333339691162,243.238876342773,9.80000019073486,900,40,1401.02160644531,7.31390380859375
1894553223,"Stenocereus pruinosus","Oaxaca",NA,"14","3","1999","CP","NO DISPONIBLE","1",-95.2038968,16.2368959,"Pacific Lowlands province","Stenocereus",28.3083343505859,108.791595458984,20.1000003814697,895,8,17.4624481201172,0.230321645736694
1894553232,"Stenocereus pruinosus","Oaxaca",NA,"12","3","1999","CP","NO DISPONIBLE","1",-96.6669881,16.8513067,"Balsas Basin province","Stenocereus",21.3791675567627,137.534454345703,9,720,11,1532.33422851562,1.57388305664062
1894553262,"Cephalocereus apicicephalium","Oaxaca",NA,"14","3","1999","CP","NO DISPONIBLE","1",-96.189776,16.647563,"Sierra Madre del Sur province","Cephalocereus",24.2291660308838,136.272766113281,13.8000001907349,800,13,911.735717773438,9.60567474365234
1894553322,"Neobuxbaumia scoparia","Oaxaca",NA,"14","3","1999","CP","NO DISPONIBLE","1",-94.8872233,16.5677144,"Pacific Lowlands province","Neobuxbaumia",26.6041660308838,167.894134521484,19.2999992370605,1029,11,27.6666812896729,0.950818300247192
1894553326,"Neobuxbaumia scoparia","Oaxaca",NA,"13","3","1999","CP","NO DISPONIBLE","1",-96.4175348,15.704975,"Pacific Lowlands province","Neobuxbaumia",26.2958335876465,90.1881637573242,18.7999992370605,990,17,130.661315917969,3.03135013580322
1894553370,"Cephalocereus apicicephalium","Oaxaca",NA,"14","3","1999","CP","NO DISPONIBLE","1",-95.375,16.375,"Pacific Lowlands province","Cephalocereus",26.5625,121.152137756348,18.2999992370605,641,1,287.908935546875,8.68260192871094
1894553373,"Cephalocereus apicicephalium","Oaxaca",NA,"14","3","1999","CP","NO DISPONIBLE","1",-95.316944,16.381111,"Pacific Lowlands province","Cephalocereus",26.8083324432373,108.937705993652,18.6000003814697,639,2,304.533111572266,3.79294204711914
1894553388,"Stenocereus treleasei","Oaxaca",NA,"12","3","1999","CP","NO DISPONIBLE","1",-96.6872662,16.7193681,"Balsas Basin province","Stenocereus",21.6041660308838,127.715217590332,9.69999980926514,734,12,1524.384765625,0.476760864257812
1894554047,"Opuntia pilifera","Oaxaca",90,"24","4","2003","FESI-UNAM","NO APLICA","OT_llez",-97.039917,17.796417,"Balsas Basin province","Opuntia",23.0125007629395,213.106063842773,11.6999998092651,1041,44,1601.17858886719,3.93260192871094
1894554078,"Opuntia pilifera","Oaxaca",90,"28","6","2007","FESI-UNAM","NO APLICA","OT_llez",-97.231278,17.732833,"Sierra Madre del Sur province","Opuntia",13.1999998092651,154.390289306641,3.90000009536743,661,18,2535.54638671875,10.3338012695312
1894554699,"Mammillaria polyedra","Oaxaca",90,"29","6","2007","FESI-UNAM","NO APLICA","OT_llez",-96.917306,17.840917,"Sierra Madre del Sur province","Mammillaria",22.654167175293,236.215042114258,10.8000001907349,1475,76,1476.96240234375,9.52005004882812
1894555019,"Coryphantha retusa","Oaxaca",90,"6","2","2004","FESI-UNAM","NO APLICA","OT_llez",-97.796556,17.822167,"Balsas Basin province","Coryphantha",21.095832824707,183.717391967773,9.19999980926514,633,20,1684.85046386719,2.18075561523438
1894555590,"Mammillaria flavicentra","Oaxaca",90,"14","10","2006","FESI-UNAM","NO APLICA","OT_llez",-97.003444,18.054361,"Sierra Madre del Sur province","Mammillaria",18.2958335876465,194.614517211914,8.89999961853027,1210,41,2022.49206542969,14.5456390380859
1894555595,"Mammillaria flavicentra","Oaxaca",90,"12","9","2006","FESI-UNAM","NO APLICA","OT_llez",-97.038333,17.650833,"Sierra Madre del Sur province","Mammillaria",17.6375007629395,177.073745727539,8.30000019073486,587,15,2116.7744140625,13.2756042480469
1894555787,"Ferocactus macrodiscus","Oaxaca",90,"24","4","2003","FESI-UNAM","NO APLICA","UGuzm_n",-97.42,17.688611,"Sierra Madre del Sur province","Ferocactus",15.0541667938232,153.111038208008,4.40000009536743,608,16,2302.48461914062,5.41519165039062
1894555788,"Ferocactus macrodiscus","Oaxaca",90,"12","9","2006","FESI-UNAM","NO APLICA","OT_llez",-97.093667,17.578083,"Sierra Madre del Sur province","Ferocactus",13.0791664123535,150.521194458008,4.40000009536743,727,19,2646.77172851562,4.63201904296875
1894555791,"Ferocactus macrodiscus","Oaxaca",90,"12","9","2006","FESI-UNAM","NO APLICA","OT_llez",-97.135833,17.545278,"Sierra Madre del Sur province","Ferocactus",14.1208333969116,147.778366088867,4.80000019073486,626,12,2461.2734375,1.81024169921875
1894555793,"Ferocactus macrodiscus","Oaxaca",90,"17","6","2007","FESI-UNAM","NO APLICA","OT_llez",-97.2085,17.660694,"Sierra Madre del Sur province","Ferocactus",13.8583335876465,158.58512878418,4.19999980926514,570,17,2410.70092773438,1.13946533203125
1894557687,"Ferocactus recurvus","Oaxaca",90,"19","11","2003","FESI-UNAM","NO APLICA","OT_llez",-97.056389,18.017222,"Balsas Basin province","Ferocactus",25.1000003814697,236.479873657227,12.6999998092651,830,31,703.328674316406,3.47808837890625
1894558257,"Opuntia depressa","Oaxaca",90,"9","9","2007","FC-UNAM","NO DISPONIBLE","OT_llez",-97.044917,17.932944,"Balsas Basin province","Opuntia",25.6041660308838,240.155838012695,13.3000001907349,650,24,662.759338378906,3.47679138183594
1894558904,"Ferocactus recurvus","Oaxaca",90,"14","8","2006","FESI-UNAM","NO APLICA","OT_llez",-97.249028,17.815722,"Sierra Madre del Sur province","Ferocactus",15.8208332061768,180.92512512207,5.30000019073486,526,18,2256.19873046875,1.84152221679688
1894558926,"Ferocactus recurvus","Oaxaca",90,"14","8","2006","FESI-UNAM","NO APLICA","OT_llez",-97.229972,17.839306,"Sierra Madre del Sur province","Ferocactus",16.8958339691162,199.686798095703,6.09999990463257,508,18,2169.55712890625,10.1264953613281
1894558933,"Ferocactus recurvus","Oaxaca",90,"11","7","2007","FESI-UNAM","NO APLICA","OT_llez",-96.942611,17.791083,"Balsas Basin province","Ferocactus",24.6791667938232,241.194549560547,13,748,33,1002.46221923828,14.3566818237305
1894558940,"Ferocactus recurvus","Oaxaca",90,"11","8","2007","FESI-UNAM","NO APLICA","OT_llez",-96.974306,17.956778,"Balsas Basin province","Ferocactus",24.470832824707,234.534912109375,12.1000003814697,1257,64,923.077880859375,7.6851806640625
1894558955,"Ferocactus recurvus","Oaxaca",90,"28","6","2004","FESI-UNAM","NO APLICA","OT_llez",-96.023889,17.867778,"Veracruzan province","Ferocactus",25.5791664123535,239.169555664062,16.7000007629395,2870,166,104.131408691406,1.97178554534912
1894558968,"Ferocactus recurvus","Oaxaca",90,"18","6","2007","FESI-UNAM","NO APLICA","OT_llez",-96.974639,17.839861,"Balsas Basin province","Ferocactus",25.0541667938232,240.193664550781,13.1999998092651,761,30,757.877868652344,4.55435943603516
1894560201,"Disocactus ackermannii","Oaxaca",90,"11","8","2007","FC-UNAM","NO DISPONIBLE","OT_llez",-96.952833,17.993167,"Sierra Madre del Sur province","Disocactus",18.7458343505859,190.840927124023,9.60000038146973,1254,45,1997.39855957031,7.43067932128906
1894560438,"Opuntia huajuapensis","Oaxaca",90,"16","6","2007","FESI-UNAM","NO APLICA","OT_llez",-97.359028,17.855667,"Sierra Madre del Sur province","Opuntia",16.2749996185303,172.277526855469,4.90000009536743,525,14,2209.46899414062,4.89227294921875
1894563043,"Coryphantha pallida","Oaxaca",90,"14","10","2006","FESI-UNAM","NO APLICA","OT_llez",-97.024667,18.028833,"Balsas Basin province","Coryphantha",23.9750003814697,225.514556884766,11.6999998092651,1319,67,1236.05200195312,13.9036254882812
1894563360,"Mammillaria haageana","Oaxaca",90,"16","6","2007","FESI-UNAM","NO APLICA","OT_llez",-97.320833,17.817528,"Sierra Madre del Sur province","Mammillaria",17.8791675567627,192.489181518555,6.09999990463257,468,13,2028.37536621094,3.56074523925781
1894563417,"Mammillaria carnea","Oaxaca",90,"19","11","2003","FESI-UNAM","NO APLICA","OT_llez",-97.14297,18.149569,"Balsas Basin province","Mammillaria",24.9500007629395,238.146255493164,11.8000001907349,609,20,856.453979492188,6.46914672851562
1894563475,"Mammillaria carnea","Oaxaca",90,"2","11","2003","FESI-UNAM","NO APLICA","OT_llez",-97.042587,17.86236,"Balsas Basin province","Mammillaria",25.1041660308838,237.94059753418,12.8999996185303,713,30,835.356079101562,9.09683990478516
1894563482,"Mammillaria carnea","Oaxaca",90,"19","11","2003","FESI-UNAM","NO APLICA","OT_llez",-97.05833,18.04611,"Balsas Basin province","Mammillaria",24.6374988555908,231.183959960938,11.8999996185303,926,43,844.193481445312,3.06736755371094
1894563509,"Mammillaria carnea","Oaxaca",90,"24","4","2003","FESI-UNAM","NO APLICA","OT_llez",-97.266667,17.946111,"Sierra Madre del Sur province","Mammillaria",18.3125,220.207794189453,7.40000009536743,506,18,1754.58203125,9.19549560546875
1894563522,"Mammillaria haageana","Oaxaca",90,"30","11","2004","FESI-UNAM","NO APLICA","OT_llez",-97.296389,17.936,"Sierra Madre del Sur province","Mammillaria",16.5583324432373,194.782302856445,5.90000009536743,518,16,2026.49084472656,6.18437194824219
1894563527,"Mammillaria carnea","Oaxaca",90,"2","11","2003","FESI-UNAM","NO APLICA","OT_llez",-96.988035,17.908037,"Balsas Basin province","Mammillaria",25.7416667938232,248.210235595703,13.8000001907349,600,19,537.926635742188,5.64115905761719
1894563585,"Mammillaria carnea","Oaxaca",90,"15","11","2006","FESI-UNAM","NO APLICA","OT_llez",-97.036094,17.984256,"Balsas Basin province","Mammillaria",25.6875,237.966079711914,13.3999996185303,762,27,658.871276855469,2.06491851806641
1894563599,"Mammillaria carnea","Oaxaca",90,"2","11","2003","FESI-UNAM","NO APLICA","OT_llez",-97.003611,17.9,"Balsas Basin province","Mammillaria",25.875,244.68440246582,13.8999996185303,582,18,611.270874023438,7.54841613769531
1894563602,"Mammillaria carnea","Oaxaca",90,"19","11","2003","FESI-UNAM","NO APLICA","OT_llez",-96.962961,17.758271,"Balsas Basin province","Mammillaria",25.341667175293,244.0830078125,13.6999998092651,542,18,659.396545410156,7.81650543212891
1894563612,"Mammillaria carnea","Oaxaca",90,"2","11","2003","FESI-UNAM","NO APLICA","OT_llez",-96.9603,17.81658,"Balsas Basin province","Mammillaria",25.0708332061768,244.684005737305,13.3999996185303,605,20,703.501770019531,10.288688659668
1894563627,"Mammillaria carnea","Oaxaca",90,"2","11","2003","FESI-UNAM","NO APLICA","OT_llez",-97.008294,17.906836,"Balsas Basin province","Mammillaria",25.8583335876465,243.262237548828,13.8999996185303,604,20,636.070373535156,7.22232055664062
1894563646,"Mammillaria carnea","Oaxaca",90,"14","10","2006","FESI-UNAM","NO APLICA","OT_llez",-97.361612,18.053173,"Balsas Basin province","Mammillaria",21.216667175293,231.156509399414,9.10000038146973,570,23,1592.8291015625,11.772705078125
1894563673,"Mammillaria carnea","Oaxaca",90,"12","9","2006","FESI-UNAM","NO APLICA","OT_llez",-96.940555,17.749167,"Balsas Basin province","Mammillaria",24.9125003814697,246.144119262695,13.3999996185303,578,20,636.528503417969,3.01461029052734
1894563707,"Mammillaria carnea","Oaxaca",90,"18","7","2006","FESI-UNAM","NO APLICA","OT_llez",-97.320591,17.723944,"Sierra Madre del Sur province","Mammillaria",16.8875007629395,180.026840209961,5.59999990463257,520,13,2107.75146484375,4.12063598632812
1894564017,"Mammillaria dixanthocentron","Oaxaca",90,"12","9","2006","FESI-UNAM","NO APLICA","OT_llez",-97.086889,17.585417,"Sierra Madre del Sur province","Mammillaria",12.779167175293,149.855361938477,4.30000019073486,759,22,2630.0419921875,6.8028564453125
1894564429,"Opuntia pubescens","Oaxaca",90,"29","6","2007","FESI-UNAM","NO APLICA","OT_llez",-96.90675,17.86425,"Sierra Madre del Sur province","Opuntia",19.4375,216.239807128906,9.30000019073486,1356,47,1649.36450195312,7.25164794921875
1894564499,"Opuntia pubescens","Oaxaca",90,"14","8","2006","FESI-UNAM","NO APLICA","OT_llez",-97.148528,17.82575,"Sierra Madre del Sur province","Opuntia",18.2458324432373,214.396179199219,7.69999980926514,607,21,1873.64294433594,6.92500305175781
1894564520,"Opuntia pubescens","Oaxaca",90,"15","11","2006","FESI-UNAM","NO APLICA","OT_llez",-97.274444,17.943611,"Sierra Madre del Sur province","Opuntia",18.3125,220.207794189453,7.40000009536743,506,18,1926.07275390625,25.7264404296875
1894564642,"Coryphantha pallida","Oaxaca",90,"19","11","2003","FESI-UNAM","NO APLICA","OT_llez",-96.9775,17.746667,"Balsas Basin province","Coryphantha",25.3500003814697,242.861740112305,13.6000003814697,539,17,742.627014160156,9.47737121582031
1894564654,"Coryphantha pallida","Oaxaca",90,"2","11","2003","FESI-UNAM","NO APLICA","OT_llez",-97.023056,17.850556,"Balsas Basin province","Coryphantha",25.7333335876465,247.462890625,13.8000001907349,495,12,583.408813476562,7.40007019042969
1894564657,"Coryphantha pallida","Oaxaca",90,"2","11","2003","FESI-UNAM","NO APLICA","OT_llez",-96.989444,17.809444,"Balsas Basin province","Coryphantha",25.6000003814697,246.382919311523,13.6999998092651,525,14,566.803955078125,0.536735534667969
1894564688,"Coryphantha pallida","Oaxaca",90,"28","8","2006","FESI-UNAM","NO APLICA","OT_llez",-97.270306,17.764722,"Sierra Madre del Sur province","Coryphantha",16.1708335876465,175.764022827148,5.19999980926514,514,15,2227.34033203125,4.57666015625
1894564696,"Coryphantha pallida","Oaxaca",90,"19","11","2003","FESI-UNAM","NO APLICA","OT_llez",-97.052222,18.007778,"Balsas Basin province","Coryphantha",25.3791656494141,239.435470581055,13.1000003814697,766,28,677.2119140625,1.17251586914062
1894564702,"Coryphantha pallida","Oaxaca",90,"2","11","2003","FESI-UNAM","NO APLICA","OT_llez",-96.991111,17.808333,"Balsas Basin province","Coryphantha",25.6000003814697,246.382919311523,13.6999998092651,520,15,573.800964355469,1.19351196289062
1894564723,"Coryphantha pallida","Oaxaca",90,"12","8","2004","FESI-UNAM","NO APLICA","OT_llez",-97.623889,18.103333,"Balsas Basin province","Coryphantha",17.9375,185.056838989258,7.69999980926514,541,13,1993.37097167969,7.53263854980469
1894564728,"Coryphantha pallida","Oaxaca",90,"19","11","2003","FESI-UNAM","NO APLICA","OT_llez",-97.080556,18.072222,"Balsas Basin province","Coryphantha",25.091667175293,235.70817565918,12.3000001907349,828,35,838.025146484375,3.25849151611328
1894564737,"Coryphantha pallida","Oaxaca",90,"13","8","2004","FESI-UNAM","NO APLICA","OT_llez",-97.040278,17.796111,"Balsas Basin province","Coryphantha",23.0125007629395,213.106063842773,11.6999998092651,1041,44,1609.59716796875,3.19784545898438
1894564750,"Coryphantha pallida","Oaxaca",90,"20","11","2003","FESI-UNAM","NO APLICA","OT_llez",-96.983889,17.746111,"Balsas Basin province","Coryphantha",25.3541660308838,241.42057800293,13.6000003814697,547,17,755.131774902344,1.35128784179688
1894564752,"Coryphantha pallida","Oaxaca",90,"13","8","2004","FESI-UNAM","NO APLICA","OT_llez",-97.055278,17.785,"Sierra Madre del Sur province","Coryphantha",20.6958332061768,203.083694458008,10.3000001907349,855,32,1854.62329101562,11.7017974853516
1894564960,"Mammillaria mystax","Oaxaca",90,"15","11","2006","FESI-UNAM","NO APLICA","OT_llez",-97.265833,17.946389,"Sierra Madre del Sur province","Mammillaria",19.5083332061768,228.600799560547,8.10000038146973,631,25,1730.78442382812,8.13847351074219
1894564973,"Disocactus macranthus","Oaxaca",90,"12","7","2007","FC-UNAM","NO DISPONIBLE","OT_llez",-96.865833,17.731417,"Sierra Madre del Sur province","Disocactus",17.9874992370605,191.846588134766,8.39999961853027,1219,47,1652.05029296875,12.4429626464844
1894565001,"Mammillaria mystax","Oaxaca",90,"21","2","2007","FESI-UNAM","NO APLICA","OT_llez",-97.426306,17.889667,"Sierra Madre del Sur province","Mammillaria",16.7666664123535,168.877746582031,5.19999980926514,529,16,2160.490234375,2.66064453125
1894565411,"Escontria chiotilla","Oaxaca",90,"24","4","2003","FESI-UNAM","NO APLICA","OT_llez",-97.009,17.923917,"Balsas Basin province","Escontria",25.841667175293,243.131408691406,13.8000001907349,612,19,557.8671875,0.421806335449219
1894565415,"Escontria chiotilla","Oaxaca",90,"19","11","2003","FESI-UNAM","NO APLICA","OT_llez",-97.073056,18.067222,"Balsas Basin province","Escontria",24.8166675567627,235.626190185547,12,860,37,872.854431152344,5.44243621826172
1894565441,"Escontria chiotilla","Oaxaca",90,"18","7","2006","FESI-UNAM","NO APLICA","OT_llez",-96.934556,17.686278,"Balsas Basin province","Escontria",25.0375003814697,239.944381713867,13.6999998092651,558,19,666.535095214844,3.94408416748047
1894565465,"Escontria chiotilla","Oaxaca",90,"5","2","2004","FESI-UNAM","NO APLICA","OT_llez",-97.682611,18.17725,"Balsas Basin province","Escontria",20.7666664123535,184.086608886719,10.3999996185303,482,14,1728.0791015625,3.328857421875
1894565473,"Escontria chiotilla","Oaxaca",90,"19","11","2003","FESI-UNAM","NO APLICA","OT_llez",-97.084167,18.075,"Balsas Basin province","Escontria",25.3250007629395,236.282775878906,12.6000003814697,798,33,820.653747558594,1.36223602294922
1894565513,"Escontria chiotilla","Oaxaca",90,"19","11","2003","FESI-UNAM","NO APLICA","OT_llez",-97.035,17.985556,"Balsas Basin province","Escontria",25.6875,237.966079711914,13.3999996185303,762,27,672.667907714844,12.4630584716797
1894565535,"Escontria chiotilla","Oaxaca",90,"18","7","2006","FESI-UNAM","NO APLICA","OT_llez",-96.935111,17.728,"Balsas Basin province","Escontria",25.0791664123535,244.386596679688,13.6000003814697,560,18,639.110961914062,9.25181579589844
1894565563,"Escontria chiotilla","Oaxaca",90,"19","11","2003","FESI-UNAM","NO APLICA","OT_llez",-97.051944,18.010278,"Balsas Basin province","Escontria",25.220832824707,238.512985229492,12.8999996185303,799,31,690.125122070312,1.81263732910156
1894565576,"Escontria chiotilla","Oaxaca",90,"12","7","2007","FESI-UNAM","NO APLICA","OT_llez",-96.903167,17.721083,"Sierra Madre del Sur province","Escontria",23.783332824707,231.254821777344,11.8999996185303,1080,55,1073.68505859375,11.6282348632812
1894565603,"Escontria chiotilla","Oaxaca",90,"14","10","2006","FESI-UNAM","NO APLICA","OT_llez",-97.036861,18.026167,"Balsas Basin province","Escontria",24.5583343505859,228.242645263672,11.8000001907349,1001,49,916.779541015625,5.17543792724609
1894565617,"Escontria chiotilla","Oaxaca",90,"11","7","2007","FESI-UNAM","NO APLICA","OT_llez",-96.945833,17.78975,"Balsas Basin province","Escontria",24.6791667938232,241.194549560547,13,748,33,895.184875488281,3.44245910644531
1894565667,"Escontria chiotilla","Oaxaca",90,"29","6","2007","FESI-UNAM","NO APLICA","OT_llez",-96.959917,17.824111,"Balsas Basin province","Escontria",24.904167175293,240.722961425781,13.1000003814697,742,29,922.916931152344,9.10668182373047
1894565678,"Escontria chiotilla","Oaxaca",90,"18","6","2007","FESI-UNAM","NO APLICA","OT_llez",-96.966694,17.825333,"Balsas Basin province","Escontria",25.033332824707,239.215911865234,13.1999998092651,764,31,848.5693359375,3.01699829101562
1894565744,"Escontria chiotilla","Oaxaca",90,"18","6","2007","FESI-UNAM","NO APLICA","OT_llez",-96.982389,17.861583,"Balsas Basin province","Escontria",25.3958339691162,245.036743164062,13.6000003814697,624,20,629.561401367188,9.79230499267578
1894565754,"Escontria chiotilla","Oaxaca",90,"8","9","2004","FESI-UNAM","NO APLICA","OT_llez",-97.085833,18.076667,"Balsas Basin province","Escontria",25.3250007629395,237.616027832031,12.6000003814697,811,34,804.2275390625,2.19025421142578
1894565776,"Escontria chiotilla","Oaxaca",90,"13","10","2006","FESI-UNAM","NO APLICA","OT_llez",-97.055833,18.118056,"Balsas Basin province","Escontria",24.0083332061768,242.401184082031,11.1999998092651,1195,62,1293.59545898438,9.89727783203125
1894565825,"Marginatocereus marginatus","Oaxaca",90,"24","4","2003","FESI-UNAM","NO APLICA","OT_llez",-97.0325,17.8025,"Balsas Basin province","Marginatocereus",24.4500007629395,229.416275024414,12.1999998092651,979,46,1437.72668457031,16.32666015625
1894565938,"Marginatocereus marginatus","Oaxaca",90,"6","9","2004","FC-UNAM","97305","OT_llez",-97.370833,18.014722,"Balsas Basin province","Marginatocereus",19.3250007629395,214.841384887695,7.80000019073486,522,19,1926.05981445312,6.63911437988281
1894566232,"Myrtillocactus schenckii","Oaxaca",90,"11","7","2007","FESI-UNAM","NO APLICA","OT_llez",-96.933,17.795528,"Balsas Basin province","Myrtillocactus",23.3374996185303,232.12580871582,11.3999996185303,1338,74,1284.8388671875,10.8813323974609
1894566238,"Myrtillocactus schenckii","Oaxaca",90,"29","6","2007","FESI-UNAM","NO APLICA","OT_llez",-96.918583,17.859639,"Sierra Madre del Sur province","Myrtillocactus",22.7000007629395,238.031677246094,10.8000001907349,1518,77,1582.44396972656,3.74533081054688
1894566673,"Mammillaria sphacelata","Oaxaca",90,"1","12","2004","FESI-UNAM","NO APLICA","OT_llez",-97.279972,17.943306,"Sierra Madre del Sur province","Mammillaria",17.6958332061768,213.610290527344,6.90000009536743,497,16,1937.36242675781,13.0755310058594
1894566706,"Coryphantha pallida","Oaxaca",90,"24","4","2003","FESI-UNAM","NO APLICA","AAguilar",-97.231389,17.838333,"Sierra Madre del Sur province","Coryphantha",16.8958339691162,199.686798095703,6.09999990463257,508,18,2195.3427734375,2.59378051757812
1894566850,"Mammillaria sphacelata","Oaxaca",90,"14","11","2006","FESI-UNAM","NO APLICA","OT_llez",-97.337222,17.872778,"Sierra Madre del Sur province","Mammillaria",17.2041664123535,187.088439941406,5.5,481,15,2088.4658203125,1.35675048828125
1894567092,"Mammillaria sphacelata","Oaxaca",90,"14","11","2006","FESI-UNAM","NO APLICA","OT_llez",-97.286111,18.153333,"Balsas Basin province","Mammillaria",23.2291660308838,244.711853027344,10.1999998092651,363,10,1219.41638183594,16.8185729980469
1894568166,"Stenocereus stellatus","Oaxaca",90,"23","4","2003","FESI-UNAM","NO APLICA","OT_llez",-97.058,18.147583,"Balsas Basin province","Stenocereus",22.7124996185303,239.593643188477,10.5,1270,61,1255.86694335938,9.13726806640625
1894568558,"Myrtillocactus geometrizans","Oaxaca",90,"12","8","2004","FESI-UNAM","NO APLICA","OT_llez",-97.566111,18.036667,"Sierra Madre del Sur province","Myrtillocactus",15.1208333969116,162.445205688477,5.40000009536743,585,14,2197.33056640625,15.1639099121094
1894568560,"Myrtillocactus geometrizans","Oaxaca",90,"25","12","2004","FESI-UNAM","NO APLICA","OT_llez",-97.34,18.115278,"Sierra Madre del Sur province","Myrtillocactus",20.0499992370605,223.637283325195,9.10000038146973,590,20,1589.90368652344,13.5630493164062
1894568605,"Myrtillocactus geometrizans","Oaxaca",90,"20","11","2003","FESI-UNAM","NO APLICA","OT_llez",-97.014444,17.723333,"Balsas Basin province","Myrtillocactus",23.9208335876465,219.238967895508,12,1003,47,1410.67919921875,13.7207794189453
1894569177,"Pilosocereus chrysacanthus","Oaxaca",90,"23","4","2003","FESI-UNAM","NO APLICA","OT_llez",-96.955556,17.917222,"Balsas Basin province","Pilosocereus",24.1625003814697,234.628555297852,11.8999996185303,1361,73,1092.11474609375,9.17970275878906
1894569408,"Cephalocereus columna-trajani","Oaxaca",90,"17","7","2006","FESI-UNAM","NO APLICA","OT_llez",-96.993028,17.728528,"Balsas Basin province","Cephalocereus",24.8500003814697,230.503402709961,12.6999998092651,863,37,1056.4755859375,15.6893463134766
1894569466,"Cephalocereus columna-trajani","Oaxaca",90,"24","4","2003","FESI-UNAM","NO APLICA","OT_llez",-97.004528,17.816444,"Balsas Basin province","Cephalocereus",25.5041675567627,245.073822021484,13.5,537,16,683.166870117188,6.18141937255859
1894569474,"Cephalocereus columna-trajani","Oaxaca",90,"13","8","2004","FESI-UNAM","NO APLICA","OT_llez",-97.026944,17.804167,"Balsas Basin province","Cephalocereus",24.4500007629395,229.416275024414,12.1999998092651,979,46,1115.18762207031,4.18777465820312
1894569481,"Cephalocereus columna-trajani","Oaxaca",90,"24","4","2003","FESI-UNAM","NO APLICA","OT_llez",-97.01725,17.808611,"Balsas Basin province","Cephalocereus",24.966667175293,239.320404052734,12.6999998092651,757,30,941.305480957031,5.18234252929688
1894569502,"Cephalocereus columna-trajani","Oaxaca",90,"19","11","2003","FESI-UNAM","NO APLICA","OT_llez",-97.088056,18.095,"Balsas Basin province","Cephalocereus",25.1458339691162,237.510375976562,12.1999998092651,817,36,841.44384765625,8.80339813232422
1894569505,"Cephalocereus columna-trajani","Oaxaca",90,"12","9","2006","FESI-UNAM","NO APLICA","OT_llez",-97.010417,17.723139,"Balsas Basin province","Cephalocereus",23.9208335876465,219.238967895508,12,1003,47,1326.98791503906,16.4079284667969
1894569514,"Cephalocereus columna-trajani","Oaxaca",90,"14","11","2006","FESI-UNAM","NO APLICA","OT_llez",-97.306111,18.145278,"Balsas Basin province","Cephalocereus",22.095832824707,245.574096679688,9.69999980926514,519,18,1295.92175292969,7.05270385742188
1894569516,"Cephalocereus columna-trajani","Oaxaca",90,"12","9","2006","FESI-UNAM","NO APLICA","OT_llez",-96.988694,17.729778,"Balsas Basin province","Cephalocereus",25.0625,235.122085571289,13.1000003814697,714,28,921.56298828125,4.79468536376953
1894570959,"Opuntia decumbens","Oaxaca",90,"14","10","2006","FESI-UNAM","NO APLICA","OT_llez",-97.021194,18.031278,"Balsas Basin province","Opuntia",23.9750003814697,225.514556884766,11.6999998092651,1319,67,1461.4169921875,17.4026184082031
1894570992,"Opuntia decumbens","Oaxaca",90,"11","8","2007","FESI-UNAM","NO APLICA","OT_llez",-96.982722,17.9535,"Balsas Basin province","Opuntia",24.7708339691162,237.079360961914,12.6000003814697,1074,49,797.50244140625,6.46923065185547
1894570995,"Opuntia decumbens","Oaxaca",90,"24","4","2003","FESI-UNAM","NO APLICA","OT_llez",-97.028083,17.795083,"Balsas Basin province","Opuntia",24.1124992370605,223.689346313477,12.1000003814697,1036,49,1284.14916992188,8.22650146484375
1894570998,"Opuntia decumbens","Oaxaca",90,"29","6","2007","FESI-UNAM","NO APLICA","OT_llez",-96.941167,17.825611,"Sierra Madre del Sur province","Opuntia",23.9125003814697,237.507186889648,11.8000001907349,1239,67,1065.0712890625,5.89505004882812
1894571008,"Opuntia decumbens","Oaxaca",90,"18","7","2005","FC-UNAM","NO DISPONIBLE","OT_llez",-96.941222,17.8215,"Sierra Madre del Sur province","Opuntia",24.0416660308838,241.847351074219,12,1086,54,1080.30004882812,8.073486328125
1894571024,"Opuntia decumbens","Oaxaca",90,"18","7","2005","FC-UNAM","97899","OT_llez",-96.959361,17.822528,"Balsas Basin province","Opuntia",24.904167175293,240.722961425781,13.1000003814697,742,29,943.0947265625,10.3235015869141
1894614607,"Pereskiopsis kellermanii","Oaxaca",100,"10","9","2004","SERBO","36171","S. Arias",-96.149111,15.753889,"Pacific Lowlands province","Pereskiopsis",27.0208339691162,94.591438293457,20.1000003814697,1197,16,69.894905090332,3.28898334503174
1894614719,"Pereskiopsis rotundifolia","Oaxaca",100,"22","7","2005","SERBO","39325","A. Saynes",-96.146,15.750139,"Pacific Lowlands province","Pereskiopsis",27.0208339691162,94.591438293457,20.1000003814697,1197,16,84.7062530517578,3.46208095550537
1894614846,"Pereskia lychnidiflora","Oaxaca",100,"23","8","2005","SERBO","39988","S. Salas",-96.172278,15.756444,"Pacific Lowlands province","Pereskia",27.0583324432373,96.6914749145508,20,1167,15,47.4971694946289,0.933213233947754
1894615615,"Opuntia dejecta","Oaxaca",100,"31","10","2004","SERBO","37886","S. Arias",-96.166306,15.755028,"Pacific Lowlands province","Opuntia",27.0416660308838,96.6444549560547,20,1170,15,35.6169395446777,1.45318174362183
1894615715,"Opuntia dejecta","Oaxaca",100,"3","6","2005","SERBO","39067","S. Arias",-96.157611,15.740111,"Pacific Lowlands province","Opuntia",26.9874992370605,98.5376052856445,20,1163,15,77.8218383789062,2.81027317047119
1894615719,"Opuntia dejecta","Oaxaca",100,"17","2","2005","SERBO","38447","S. Arias",-96.213889,15.769639,"Pacific Lowlands province","Opuntia",27.0458335876465,96.6121368408203,19.7999992370605,1211,17,92.9167785644531,1.56377506256104
1894615728,"Opuntia dejecta","Oaxaca",100,"11","1","2005","SERBO","38028","S. Arias",-96.159167,15.733472,"Pacific Lowlands province","Opuntia",27.0083332061768,97.7667465209961,20,1159,15,5.16018295288086,3.93725323677063
1894617289,"Opuntia decumbens","Oaxaca",100,"4","5","2005","SERBO","38827","S. Arias",-96.166,15.778833,"Pacific Lowlands province","Opuntia",27.091667175293,93.9737243652344,20,1233,18,111.76195526123,4.36254501342773
1894617295,"Opuntia decumbens","Oaxaca",100,"3","12","2004","SERBO","37381","S. Arias",-96.167389,15.721222,"Pacific Lowlands province","Opuntia",27.0208339691162,97.4086685180664,20,1148,15,31.8840789794922,6.9758415222168
1894617717,"Opuntia tehuantepecana","Oaxaca",100,"8","9","2004","SERBO","36088","S. Arias",-96.164917,15.724139,"Pacific Lowlands province","Opuntia",27.0791664123535,99.2576599121094,20,1110,14,7.01104736328125,0.910267889499664
1894892378,"Melocactus curvispinus","Oaxaca",100,"4","3","1982","INECOL","NO DISPONIBLE","NO DISPONIBLE",-95.175,16.208333,"Pacific Lowlands province","Melocactus",28.0708332061768,111.588905334473,20.1000003814697,958,21,8.79608821868896,1.9648540019989
1894893469,"Pereskia lychnidiflora","Oaxaca",100,NA,NA,NA,"INECOL","NO DISPONIBLE","NO DISPONIBLE",-95.025,16.425,"Pacific Lowlands province","Pereskia",27.5375003814697,140.504379272461,19.8999996185303,1033,9,19.5157012939453,1.91415023803711
1895115136,"Opuntia decumbens","Oaxaca",90,"12","11","2009","IBUNAM","NO DISPONIBLE","L. Scheinvar",-96.953389,17.766583,"Balsas Basin province","Opuntia",25.2875003814697,243.423751831055,13.6999998092651,560,18,642.3466796875,8.86856842041016
1895115140,"Opuntia decumbens","Oaxaca",90,"4","12","1993","INEGI","12474","L. Scheinvar",-97.041667,17.691667,"Sierra Madre del Sur province","Opuntia",21.5208339691162,212.832168579102,10.1999998092651,916,36,1770.18090820312,3.10699462890625
1895115163,"Opuntia decumbens","Oaxaca",NA,"12","11","2009","IBUNAM","NO DISPONIBLE","L. Scheinvar",-97,17,"Sierra Madre del Sur province","Opuntia",15.3583335876465,133.260391235352,7,822,22,2338.54907226562,16.7291564941406
1895115187,"Opuntia decumbens","Oaxaca",100,"22","1","1999","CIIDIR-IPN","22511","L. Scheinvar",-95.954167,15.867778,"Pacific Lowlands province","Opuntia",27.0499992370605,85.093505859375,19.7999992370605,1137,13,67.7169876098633,9.31151580810547
1895115229,"Opuntia decumbens","Oaxaca",90,"24","4","1993","IBUNAM","NO DISPONIBLE","C. Gom_z",-98.151389,17.716944,"Balsas Basin province","Opuntia",22.8083324432373,157.665267944336,12.3999996185303,782,14,1518.12768554688,9.03817749023438
1895115252,"Opuntia decumbens","Oaxaca",90,"21","12","1993","INEGI","12509","S. Arias",-97.225,17.458333,"Sierra Madre del Sur province","Opuntia",17.4624996185303,151.913925170898,5.90000009536743,604,8,2079.16088867188,1.18121337890625
1895115264,"Opuntia pilifera","Oaxaca",90,"12","11","2009","IBUNAM","NO DISPONIBLE","L. Scheinvar",-96.968917,17.784639,"Balsas Basin province","Opuntia",25.3958339691162,246.045593261719,13.6999998092651,548,17,579.045166015625,1.72805786132812
1895115274,"Opuntia pilifera","Oaxaca",100,"21","5","1975","ENCB-IPN","308","J. Rzedowski",-96.548611,17.009722,"Balsas Basin province","Opuntia",20.783332824707,140.135223388672,9.30000019073486,642,11,1613.22839355469,1.15199279785156
1895115287,"Opuntia pilifera","Oaxaca",100,"4","8","1987","CIIDIR-IPN","9483","L. Scheinvar",-96.308056,16.669167,"Pacific Lowlands province","Opuntia",24.0041656494141,138.423873901367,13.3000001907349,845,15,962.980590820312,7.81151580810547
1895115291,"Opuntia pilifera","Oaxaca",90,"5","12","1993","INEGI","12521","S. Arias",-96.970278,17.900556,"Balsas Basin province","Opuntia",25.1166667938232,247.710708618164,13.3000001907349,718,26,619.376159667969,9.44451904296875
1895115303,"Opuntia pilifera","Oaxaca",90,"10","3","2000","FB-UMSNH","16080","S. Arias",-97.776108,17.80472,"Balsas Basin province","Opuntia",21.5708332061768,186.5166015625,9.39999961853027,644,18,1582.9853515625,1.2598876953125
1895115312,"Opuntia pilifera","Oaxaca",90,"12","11","2009","IBUNAM","NO DISPONIBLE","L. Scheinvar",-96.998472,17.815611,"Balsas Basin province","Opuntia",25.7291660308838,245.648101806641,13.8000001907349,513,15,588.272888183594,4.41014099121094
1895115319,"Opuntia pilifera","Oaxaca",90,"12","11","2009","IBUNAM","NO DISPONIBLE","L. Scheinvar",-97.256694,17.791861,"Sierra Madre del Sur province","Opuntia",16.4624996185303,188.476257324219,5.5,506,14,2108.55053710938,5.14886474609375
1895115399,"Opuntia auberi","Oaxaca",100,"3","5","1985","ENCB-IPN","NO DISPONIBLE","L. Scheinvar",-96.710833,17.105278,"Balsas Basin province","Opuntia",20.6666660308838,149.8837890625,9.39999961853027,665,18,1680.99572753906,1.37550354003906
1895116350,"Opuntia auberi","Oaxaca",NA,"31","7","2008","IBUNAM","NO DISPONIBLE","L. Scheinvar",-96.962778,17.795278,"Balsas Basin province","Opuntia",25.2083339691162,247.311325073242,13.5,567,17,596.382629394531,1.10295104980469
1895116385,"Opuntia auberi","Oaxaca",100,"20","5","2000","IBUNAM","NO DISPONIBLE","L. Scheinvar",-96.3625,16.921944,"Balsas Basin province","Opuntia",20.1916656494141,134.921401977539,9.69999980926514,695,12,1678.9541015625,1.17385864257812
1895116481,"Opuntia lasiacantha","Oaxaca",90,"2","5","1994","CIIDIR-IPN","12148","L. Scheinvar",-97.558333,17.341667,"Sierra Madre del Sur province","Opuntia",17.1916675567627,134.617874145508,6.80000019073486,722,14,2063.7822265625,0.94293212890625
1895116723,"Opuntia auberi","Oaxaca",100,NA,"1","1993","IBUNAM","NO DISPONIBLE","L. Scheinvar",-95.934722,15.911944,"Pacific Lowlands province","Opuntia",26.5375003814697,81.4952545166016,19.1000003814697,1127,13,222.044097900391,2.07829666137695
1895116852,"Opuntia pubescens","Oaxaca",100,"2","6","1988","CIIDIR-IPN","6210","L. Scheinvar",-96.041667,16.791667,"Pacific Lowlands province","Opuntia",19.5083332061768,135.291473388672,10.8000001907349,878,21,1546.0029296875,17.3745727539062
1895116871,"Opuntia pubescens","Oaxaca",100,"12","5","1988","CIIDIR-IPN","341","L. Scheinvar",-96.391701,16.64583,"Sierra Madre del Sur province","Opuntia",19.3500003814697,109.648193359375,10.8999996185303,554,10,1848.91650390625,12.1902008056641
1895118276,"Opuntia tehuacana","Oaxaca",90,"12","11","2009","IBUNAM","NO DISPONIBLE","L. Scheinvar",-97.2705,17.750167,"Sierra Madre del Sur province","Opuntia",16.3333339691162,179.523773193359,5.30000019073486,511,16,2163.5322265625,2.41390991210938
1895118739,"Opuntia decumbens","Oaxaca",90,"21","6","1999","CIIDIR-IPN","23392","L. Scheinvar",-96.041667,17.258333,"Sierra Madre del Sur province","Opuntia",15.8333330154419,161.094741821289,8.19999980926514,2068,125,1959.8798828125,5.97441101074219
1895118884,"Opuntia decumbens","Oaxaca",NA,"31","7","2008","IBUNAM","NO DISPONIBLE","L. Scheinvar",-97.108333,18.058333,"Balsas Basin province","Opuntia",25.216667175293,237.671798706055,12.5,719,28,804.583862304688,5.07426452636719
1895119045,"Opuntia tomentosa","Oaxaca",90,"10","3","2000","FB-UMSNH","16078","L. Scheinvar",-97.067328,17.712499,"Sierra Madre del Sur province","Opuntia",20.3041667938232,218.958892822266,8.89999961853027,898,38,1513.47009277344,2.32316589355469
1895119415,"Opuntia tomentosa","Oaxaca",90,"20","4","1982","ENCB-IPN","473","D. Lorense",-96.516899,17.308361,"Balsas Basin province","Opuntia",20,195.296997070312,8.89999961853027,1031,58,1567.88146972656,17.9156188964844
1895119467,"Opuntia tomentosa","Oaxaca",90,"2","5","1994","CIIDIR-IPN","12152","L. Scheinvar",-97.458333,17.241667,"Sierra Madre del Sur province","Opuntia",19.345832824707,144.308044433594,8.39999961853027,802,15,1838.03479003906,6.40850830078125
1895119724,"Opuntia velutina","Oaxaca",100,"26","2","1988","INECOL","19758","A. Castellanos",-96.328056,16.606111,"Sierra Madre del Sur province","Opuntia",23.625,136.456771850586,13.1999998092651,805,11,1130.59533691406,11.5347747802734
1895119769,"Opuntia depressa","Oaxaca",NA,"31","7","2008","IBUNAM","NO DISPONIBLE","L. Scheinvar",-97.05722,18.100381,"Balsas Basin province","Opuntia",24.0125007629395,239.289901733398,10.8999996185303,1026,55,1034.46362304688,4.84028625488281
1895119801,"Opuntia velutina","Oaxaca",90,"17","11","1993","INEGI","12500","S. Arias",-96.816111,17.834722,"Sierra Madre del Sur province","Opuntia",10.5833330154419,144.479217529297,3.59999990463257,1102,41,2723.455078125,11.34814453125
1895119812,"Opuntia depressa","Oaxaca",90,"30","12","1993","INEGI","12471","S. Arias",-96.925,17.508333,"Balsas Basin province","Opuntia",16.8624992370605,167.496612548828,7.40000009536743,642,18,2037.90783691406,10.9746551513672
1895119881,"Opuntia depressa","Oaxaca",90,"6","12","1993","INEGI","12516","S. Arias",-96.913611,17.633889,"Balsas Basin province","Opuntia",24.7916660308838,233.314407348633,13.3999996185303,658,24,863.390319824219,1.50265502929688
1895120170,"Opuntia huajuapensis","Oaxaca",90,"10","4","1981","CIIDIR-IPN","6388","L. Scheinvar",-97.424722,17.573056,"Sierra Madre del Sur province","Opuntia",15.0416669845581,147.090469360352,4.19999980926514,635,17,2371.169921875,1.19439697265625
1895120227,"Opuntia huajuapensis","Oaxaca",90,"19","7","1968","ENCB-IPN","NO DISPONIBLE","R. Cruz",-97.480556,17.784722,"Sierra Madre del Sur province","Opuntia",16.0458335876465,164.350784301758,5.09999990463257,594,18,2254.74951171875,3.08071899414062
1895120282,"Opuntia huajuapensis","Oaxaca",90,"20","4","1969","ENCB-IPN","NO DISPONIBLE","R. Cruz",-97.470833,17.806667,"Sierra Madre del Sur province","Opuntia",16.2875003814697,170.228790283203,5.09999990463257,574,18,2190.13037109375,1.00738525390625
1895195980,"Myrtillocactus schenckii","Oaxaca",NA,"21","3","1957","IBUNAM","MEXU-ND46","L. Scheinvar",-95.390555,16.063056,"Pacific Lowlands province","Myrtillocactus",28.0041656494141,96.1641082763672,20,883,6,11.1715726852417,0.288662910461426
1895196076,"Myrtillocactus schenckii","Oaxaca",NA,NA,NA,"1957","IBUNAM","MEXU-ND47","H. Bravo H.",-95.376389,16.028333,"Pacific Lowlands province","Myrtillocactus",27.6999988555908,94.1710357666016,19.8999996185303,867,5,19.0442485809326,4.06955623626709
1895200682,"Pereskiopsis kellermanii","Oaxaca",100,"22","6","1962","IBUNAM","MEXU-ND33","NO DISPONIBLE",-95.623611,16.386667,"Pacific Lowlands province","Pereskiopsis",26.6000003814697,127.046852111816,17.6000003814697,612,5,242.656875610352,0.439912796020508
1895202158,"Mammillaria karwinskiana","Oaxaca",100,"22","10","1991","IBUNAM","MEXU-4030b","U. Guzm_n C.",-95.241667,16.575,"Pacific Lowlands province","Mammillaria",25.8583335876465,133.90690612793,17.8999996185303,576,6,280.141082763672,4.97861480712891
1895203551,"Acanthocereus tetragonus","Oaxaca",100,"1","7","1987","IBUNAM","MEXU-9759","S. Arias M.",-95.458333,16.291667,"Pacific Lowlands province","Acanthocereus",24.6749992370605,111.833862304688,16.2000007629395,685,11,704.1025390625,18.8526458740234
1895223650,"Stenocereus pruinosus","Oaxaca",100,"26","3","1967","IBUNAM","MEXU-ND51","NO DISPONIBLE",-95.608333,16.408333,"Pacific Lowlands province","Stenocereus",26.9250011444092,125.941940307617,18,616,5,179.10954284668,0.62523078918457
1895233032,"Disocactus ackermannii","Oaxaca",100,"2","8","1961","IBUNAM","MEXU-ND53","H. S_nchez M.",-95.528055,16.684167,"Pacific Lowlands province","Disocactus",24.0083332061768,92.9279632568359,14.8999996185303,873,34,1002.11407470703,7.09320068359375
1895238526,"Opuntia decumbens","Oaxaca",100,"8","3","1966","IBUNAM","MEXU-ND49","L. Scheinvar",-95.238889,16.332778,"Pacific Lowlands province","Opuntia",28.4166660308838,111.586364746094,19.7999992370605,882,11,32.726993560791,1.08996868133545
1895256506,"Aporocactus martianus","Oaxaca",NA,"19","2","1978","IBUNAM","MEXU-ND11","NO DISPONIBLE",-95.378333,16.358611,"Pacific Lowlands province","Aporocactus",26.6666660308838,124.54158782959,18.5,678,2,169.109039306641,3.20178413391113
1895382205,"Pereskia lychnidiflora","Oaxaca",100,"25","7","1982","CNS-UT","271289","H. Bravo",-96.129344,15.763225,"Pacific Lowlands province","Pereskia",27.2041664123535,95.5476684570312,20.1000003814697,1171,16,17.2166423797607,2.59204816818237
1895382210,"Pereskia lychnidiflora","Oaxaca",100,"3","7","1962","CNS-UT","271292","A. D. Zimmerman",-95.198642,16.353572,"Pacific Lowlands province","Pereskia",28.0708332061768,123.130699157715,19.6000003814697,899,8,29.6791400909424,0.249380826950073
1895382213,"Pereskia lychnidiflora","Oaxaca",100,NA,"5","1965","CNS-UT","271288","B. Leuenberger",-95.2388909,16.3252174,"Pacific Lowlands province","Pereskia",28.4166660308838,111.586364746094,19.7999992370605,882,11,42.9800109863281,1.25612354278564
1895382243,"Pereskia lychnidiflora","Oaxaca",100,"23","12","1965","CNS-UT","271287","H. Bravo",-96.038267,16.599256,"Pacific Lowlands province","Pereskia",24.1041660308838,145.624984741211,13.1999998092651,617,9,737.997009277344,1.24262237548828
1895382268,"Pereskia lychnidiflora","Oaxaca",100,"11","7","1959","CNS-UT","271294","A. D. Zimmerman",-95.018611,16.360281,"Pacific Lowlands province","Pereskia",27.5208339691162,133.71369934082,19.8999996185303,995,10,7.56877136230469,0.462892889976501
1895382296,"Pereskia lychnidiflora","Oaxaca",100,"5","7","1959","CNS-UT","271285","A. D. Zimmerman",-95.212264,16.346214,"Pacific Lowlands province","Pereskia",28.1708335876465,119.95182800293,19.6000003814697,888,9,34.2253913879395,0.619377136230469
1895382330,"Pereskia lychnidiflora","Oaxaca",90,"14","11","1979","CNS-UT","271283","S. D. Koch",-96.348331,18.296669,"Veracruzan province","Pereskia",25.8208332061768,248.005294799805,16.7000007629395,2180,94,38.0040016174316,1.04396724700928
1895382333,"Pereskia lychnidiflora","Oaxaca",100,"30","6","1960","CNS-UT","271291","A. D. Zimmerman",-95.1958315,16.1832855,"Pacific Lowlands province","Pereskia",28.0375003814697,111.948150634766,20,897,6,24.7041416168213,3.19091129302979
1895382359,"Pereskia lychnidiflora","Oaxaca",100,"7","7","1959","CNS-UT","271295","UTHerbarium",-95.114431,16.3958,"Pacific Lowlands province","Pereskia",27.7749996185303,131.261367797852,19.8999996185303,965,7,13.246901512146,0.104233980178833
1895399406,"Stenocereus treleasei","Oaxaca",100,"21","6","1960","CNS-UT","271360","A. D. Zimmerman",-96.6833875,16.8550704,"Balsas Basin province","Stenocereus",21.5499992370605,137.09651184082,9,749,11,1528.64367675781,1.03338623046875
1895405729,"Opuntia tehuantepecana","Oaxaca",100,"9","7","1959","CNS-UT","271228","S. Arias M.",-95.123439,16.559239,"Pacific Lowlands province","Opuntia",27.4291667938232,143.534271240234,19.7999992370605,912,13,65.8732376098633,0.293075561523438
1895405752,"Opuntia tehuantepecana","Oaxaca",100,"22","6","1960","CNS-UT","271230","S. Arias M.",-96.1231207,16.6660092,"Pacific Lowlands province","Opuntia",23.9500007629395,144.411010742188,13.1999998092651,764,15,876.5673828125,12.5490341186523
1895406185,"Opuntia pubescens","Oaxaca",100,"8","3","1975","CNS-UT","271195","Wallace",-96.4038,16.919939,"Balsas Basin province","Opuntia",20.7625007629395,132.341247558594,9.69999980926514,687,14,1651.55639648438,0.240585327148438
1895406219,"Opuntia pubescens","Oaxaca",100,"21","6","1960","CNS-UT","271194","R. Merrill K.",-96.529814,16.997669,"Balsas Basin province","Opuntia",21.2333335876465,137.151763916016,9.39999961853027,651,11,1604.697265625,0.516510009765625
1895415328,"Opuntia pilifera","Oaxaca",100,"24","7","1960","CNS-UT","271193","UTHerbarium",-96.4176205,16.9270626,"Balsas Basin province","Opuntia",20.8333339691162,130.876998901367,9.69999980926514,680,13,1642.93249511719,0.149551391601562
1895415391,"Opuntia pilifera","Oaxaca",90,"3","5","1978","CNS-UT","271191","L. Scheinvar",-96.932725,17.455211,"Sierra Madre del Sur province","Opuntia",15.2166662216187,153.790481567383,6.80000019073486,696,16,2311.6748046875,12.5391235351562
1895415423,"Opuntia pilifera","Oaxaca",100,"21","7","1947","CNS-UT","271192","A. D. Zimmerman",-96.4293738,16.9336373,"Balsas Basin province","Opuntia",20.841667175293,132.490707397461,9.69999980926514,680,14,1636.35778808594,0.250732421875
1895417586,"Pilosocereus collinsii","Oaxaca",100,"18","7","1959","CNS-UT","181833","A. D. Zimmerman",-94.530503,16.528483,"Pacific Lowlands province","Pilosocereus",27.6124992370605,136.066925048828,17.8999996185303,1180,23,52.9781646728516,0.139827251434326
1895424315,"Stenocactus crispatus","Oaxaca",90,"24","3","1985","CNS-UT","181927","A. D. Zimmerman",-96.945625,17.567061,"Balsas Basin province","Stenocactus",20.7666664123535,206.313247680664,9.80000019073486,958,39,1724.28930664062,9.44332885742188
1895425211,"Mammillaria supertexta","Oaxaca",90,"10","12","1982","CNS-UT","271062","O. T_llez V.",-97.632906,17.700783,"Sierra Madre del Sur province","Mammillaria",18.4624996185303,170.308868408203,7.19999980926514,609,13,1934.63549804688,8.12265014648438
1895449875,"Opuntia decumbens","Oaxaca",100,"3","7","1959","CNS-UT","271107","S. Arias M.",-95.161925,16.181347,"Pacific Lowlands province","Opuntia",27.8624992370605,107.494705200195,20,884,4,6.90638113021851,0.979456424713135
1895449899,"Opuntia decumbens","Oaxaca",100,"23","7","1959","CNS-UT","271106","S. Arias M.",-95.8935538,16.4897995,"Pacific Lowlands province","Opuntia",23.6416664123535,126.074195861816,13.5,625,7,886.283142089844,6.71446228027344
1895449917,"Opuntia decumbens","Oaxaca",100,"15","7","1959","CNS-UT","271105","S. Arias M.",-94.970625,16.621489,"Pacific Lowlands province","Opuntia",26.1916675567627,163.468566894531,18.8999996185303,985,18,177.095718383789,3.57228660583496
1895450009,"Opuntia decumbens","Oaxaca",100,"8","7","1959","CNS-UT","271108","S. Arias M.",-95.137344,16.383789,"Pacific Lowlands province","Opuntia",27.8583335876465,128.94384765625,19.8999996185303,951,7,15.8585405349731,0.186557173728943
1895493806,"Stenocereus stellatus","Oaxaca",100,"16","5","1908","CNS-UT","271358","M. Flores",-96.72,17.067781,"Balsas Basin province","Stenocereus",21.6375007629395,151.028671264648,9.80000019073486,651,12,1559.11145019531,1.05364990234375
1895508584,"Aporocactus martianus","Oaxaca",90,"22","2","1987","CNS-UT","181824","W. L. Wagner; J. C. Solomon",-96.416667,17.366667,"Sierra Madre del Sur province","Aporocactus",12.6708335876465,138.768264770508,6.09999990463257,1253,70,2307.75366210938,19.7472839355469
1895516038,"Acanthocereus tetragonus","Oaxaca",100,"1","7","1959","CNS-UT","181817","F. Chiang C.",-95.220522,16.342083,"Pacific Lowlands province","Acanthocereus",28.1916656494141,119.217765808105,19.6000003814697,879,9,40.0326042175293,0.928834438323975
1895528405,"Acanthocereus tetragonus","Oaxaca",100,"12","7","1959","CNS-UT","181819","UTHerbarium",-94.977894,16.441267,"Pacific Lowlands province","Acanthocereus",27.2958335876465,147.007385253906,19.7000007629395,1016,10,14.7261447906494,0.336076498031616
1895528408,"Acanthocereus tetragonus","Oaxaca",100,"2","7","1959","CNS-UT","181821","UTHerbarium",-95.153836,16.375408,"Pacific Lowlands province","Acanthocereus",27.8916664123535,126.972290039062,19.8999996185303,937,7,19.8997039794922,0.562686204910278
1895528420,"Acanthocereus tetragonus","Oaxaca",100,"16","7","1959","CNS-UT","181818","UTHerbarium",-94.866903,16.573331,"Pacific Lowlands province","Acanthocereus",26.6124992370605,169.466079711914,19.2999992370605,1030,10,24.7718563079834,0.345471382141113
1895544793,"Opuntia pilifera","Oaxaca",90,"3","5","1978","IBUNAM","NO DISPONIBLE","_ngel Salvador Arias Montes",-96.908333,17.308333,"Balsas Basin province","Opuntia",20.7458324432373,161.322082519531,9.19999980926514,754,21,1743.32409667969,0.433975219726562
1895545237,"Escontria chiotilla","Oaxaca",90,"4","9","1905","IBUNAM","NO DISPONIBLE","_ngel Salvador Arias Montes",-96.958333,17.741667,"Balsas Basin province","Escontria",25.3083324432373,243.243545532227,13.8000001907349,551,18,729.680236816406,6.33972930908203
1895545829,"Mammillaria sphacelata","Oaxaca",90,"11","12","1993","IBUNAM","NO DISPONIBLE","Leonardo Ulises Guzm_n Cruz",-97.191667,17.858333,"Sierra Madre del Sur province","Mammillaria",19.3583335876465,222.872100830078,7.80000019073486,596,23,1988.44384765625,9.06523132324219
1895647674,"Pereskia lychnidiflora","Oaxaca",100,"14","10","2005","INECOL","NO DISPONIBLE","NO DISPONIBLE",-96.1675,15.724444,"Pacific Lowlands province","Pereskia",27.0208339691162,97.4086685180664,20,1148,15,28.4177074432373,7.01669979095459
1895697186,"Pereskia lychnidiflora","Oaxaca",100,NA,NA,"1838","JCJB","NO DISPONIBLE","Leuenberger, B.",-95.603333,16.399167,"Pacific Lowlands province","Pereskia",26.7625007629395,126.331558227539,17.7999992370605,615,5,202.453750610352,1.20375823974609
1895697191,"Pereskia lychnidiflora","Oaxaca",100,"7","7","1959","NMNH-SI","NO DISPONIBLE","Leuenberger, B.",-95.092778,16.401944,"Pacific Lowlands province","Pereskia",27.7083339691162,133.974761962891,19.8999996185303,971,7,13.1595487594604,0.224978089332581
1895697194,"Pereskia lychnidiflora","Oaxaca",100,"27","5","1995","SERBO","NO DISPONIBLE","Cer_n, M.",-94.913611,16.885556,"Veracruzan province","Pereskia",25.2999992370605,202.933044433594,17.7999992370605,1994,112,148.596786499023,2.89872932434082
1895697199,"Pereskia lychnidiflora","Oaxaca",100,"3","7","1959","NMNH-SI","NO DISPONIBLE","Leuenberger, B.",-95.178889,16.360278,"Pacific Lowlands province","Pereskia",27.9958343505859,125.489212036133,19.7000007629395,909,7,26.2906951904297,0.172168731689453
1895697202,"Pereskia lychnidiflora","Oaxaca",100,"30","9","1998","SERBO","NO DISPONIBLE","Arias, A. S.",-95.856944,15.914167,"Pacific Lowlands province","Pereskia",27.6000003814697,84.7724075317383,20.1000003814697,1048,10,29.1613330841064,0.996744871139526
1895697222,"Pereskia lychnidiflora","Oaxaca",100,"11","4","1997","SERBO","NO DISPONIBLE","Rivera, J. E.",-95.810833,15.8925,"Pacific Lowlands province","Pereskia",27.7541675567627,83.1061172485352,20.2000007629395,1029,9,25.5095272064209,1.81807351112366
1895697225,"Pereskia lychnidiflora","Oaxaca",100,NA,"5","1923","NMNH-SI","NO DISPONIBLE","Leuenberger, B.",-95.138333,16.565,"Pacific Lowlands province","Pereskia",27.3291664123535,142.054046630859,19.7000007629395,881,11,76.6807098388672,0.265387535095215
1895697226,"Pereskia lychnidiflora","Oaxaca",100,"21","7","1998","SERBO","NO DISPONIBLE","Arias, A. S.",-96.075,15.949167,"Pacific Lowlands province","Pereskia",25.0874996185303,87.959846496582,17.6000003814697,1182,15,352.705352783203,2.66751480102539
1895697300,"Pereskia lychnidiflora","Oaxaca",100,"14","9","2002","SERBO","NO DISPONIBLE","Reyes, J. P.",-94.943167,16.599778,"Pacific Lowlands province","Pereskia",26.6749992370605,163.713989257812,19.3999996185303,1047,18,47.3396911621094,3.05125284194946
1895697311,"Pereskiopsis diguetii","Oaxaca",100,"31","10","1992","INECOL","NO DISPONIBLE","Arias, A. S.",-96.141667,15.741667,"Pacific Lowlands province","Pereskiopsis",26.970832824707,97.1516571044922,20,1178,15,69.5589447021484,5.91196632385254
1895697338,"Pereskiopsis rotundifolia","Oaxaca",100,"3","5","1994","IBUNAM","NO DISPONIBLE","Arias, A. S.",-96.668055,17.070833,"Balsas Basin province","Pereskiopsis",21.1916675567627,152.387573242188,9.30000019073486,647,15,1566.32836914062,0.312576293945312
1895697402,"Pereskia lychnidiflora","Oaxaca",100,"5","9","1995","SERBO","NO DISPONIBLE","Arias, A. S.",-95.623889,16.386944,"Pacific Lowlands province","Pereskia",26.6000003814697,127.046852111816,17.6000003814697,612,5,241.799438476562,0.489839553833008
1895697461,"Pereskiopsis diguetii","Oaxaca",100,"2","7","1959","UM","NO DISPONIBLE","Arias, A. S.",-95.191667,16.175,"Pacific Lowlands province","Pereskiopsis",28.0375003814697,111.948150634766,20,897,6,7.74221849441528,0.320568919181824
1895767234,"Myrtillocactus schenckii","Oaxaca",100,NA,NA,NA,"NO DISPONIBLE","NO DISPONIBLE","NO DISPONIBLE",-96.538333,17.001667,"Balsas Basin province","Myrtillocactus",21.029167175293,136.439437866211,9.39999961853027,643,11,1626.8505859375,0.937393188476562
1895767261,"Myrtillocactus schenckii","Oaxaca",100,"15","4","1920","IBUNAM","59759","NO DISPONIBLE",-96.478611,16.950278,"Balsas Basin province","Myrtillocactus",21.3166675567627,138.553146362305,9.5,670,11,1615.59497070312,0.321060180664062
1895767266,"Myrtillocactus schenckii","Oaxaca",100,NA,NA,NA,"IBUNAM","124983","NO DISPONIBLE",-96.360278,16.918611,"Balsas Basin province","Myrtillocactus",20.1916656494141,134.921401977539,9.69999980926514,695,12,1681.21606445312,0.246688842773438
1895767489,"Myrtillocactus schenckii","Oaxaca",100,NA,NA,NA,"NO DISPONIBLE","NO DISPONIBLE","NO DISPONIBLE",-95.603333,16.396667,"Pacific Lowlands province","Myrtillocactus",26.7625007629395,126.331558227539,17.7999992370605,615,5,228.976257324219,5.48378944396973
1895767573,"Polaskia chichipe","Oaxaca",90,NA,NA,NA,"NO DISPONIBLE","NO DISPONIBLE","NO DISPONIBLE",-97.705,17.73,"Balsas Basin province","Polaskia",20.3708324432373,161.814407348633,8.80000019073486,629,15,1907.68615722656,7.52774047851562
1895767634,"Neobuxbaumia tetetzo","Oaxaca",100,"25","1","1956","IBUNAM","NO DISPONIBLE","NO DISPONIBLE",-95.235,16.326667,"Pacific Lowlands province","Neobuxbaumia",28.4166660308838,111.586364746094,19.7999992370605,882,11,39.4316711425781,0.464735507965088
1895767778,"Myrtillocactus geometrizans","Oaxaca",90,"9","3","1913","NMNH-SI","3045574","NO DISPONIBLE",-96.596389,17.597778,"Sierra Madre del Sur province","Myrtillocactus",18.5791664123535,192.276519775391,9.10000038146973,2353,106,1760.09826660156,10.2123413085938
1895767851,"Stenocereus stellatus","Oaxaca",90,"24","10","1990","IBUNAM","NO DISPONIBLE","NO DISPONIBLE",-97.023333,17.950278,"Balsas Basin province","Stenocereus",25.716667175293,240.863327026367,13.6000003814697,697,25,577.258911132812,1.92179870605469
1895768100,"Stenocereus treleasei","Oaxaca",100,"11","2","1966","NMNH-SI","279088","NO DISPONIBLE",-96.3815946,16.921923,"Balsas Basin province","Stenocereus",20.4249992370605,135.016845703125,9.69999980926514,686,11,1665.04565429688,0.696090698242188
1895768111,"Neobuxbaumia scoparia","Oaxaca",100,"1","4","1964","IBUNAM","NO DISPONIBLE","NO DISPONIBLE",-95.238333,16.324167,"Pacific Lowlands province","Neobuxbaumia",28.3875007629395,113.099433898926,19.7999992370605,892,13,44.8293838500977,4.04478693008423
1895768286,"Cephalocereus columna-trajani","Oaxaca",90,"7","9","1906","NYBG","NO DISPONIBLE","NO DISPONIBLE",-96.9575,17.7575,"Balsas Basin province","Cephalocereus",25.2875003814697,243.983291625977,13.6999998092651,554,18,610.668640136719,11.026481628418
1895768543,"Pachycereus pecten-aboriginum","Oaxaca",100,NA,NA,NA,"IBUNAM","2834004","NO DISPONIBLE",-95.485833,16.571944,"Pacific Lowlands province","Pachycereus",26.8208332061768,133.781692504883,18,617,1,160.679870605469,3.12393569946289
1895768607,"Escontria chiotilla","Oaxaca",90,"31","3","1968","ENCB-IPN","NO DISPONIBLE","NO DISPONIBLE",-97.011667,17.943333,"Balsas Basin province","Escontria",25.7333335876465,240.495056152344,13.6000003814697,692,24,583.777709960938,4.812744140625
1895768699,"Escontria chiotilla","Oaxaca",100,"18","7","1978","ENCB-IPN","NO DISPONIBLE","NO DISPONIBLE",-94.596667,16.459444,"Pacific Lowlands province","Escontria",27.8958339691162,132.792678833008,18.7000007629395,1041,13,36.7891159057617,0.592437267303467
1895768706,"Escontria chiotilla","Oaxaca",100,"1","1","1978","IBUNAM","NO DISPONIBLE","NO DISPONIBLE",-96.415,16.916667,"Balsas Basin province","Escontria",20.8791656494141,132.638580322266,9.69999980926514,683,13,1653.82116699219,1.72969055175781
1895768742,"Pilosocereus collinsii","Oaxaca",100,NA,NA,"1952","IBUNAM","59796","NO DISPONIBLE",-95.193333,16.186944,"Pacific Lowlands province","Pilosocereus",27.9500007629395,111.089630126953,20,874,6,99.3523635864258,5.80111503601074
1895768781,"Escontria chiotilla","Oaxaca",100,"18","4","1965","ENCB-IPN","NO DISPONIBLE","NO DISPONIBLE",-96.527778,16.313056,"Balsas Basin province","Escontria",21.3374996185303,111.785614013672,11.3999996185303,528,17,1635.07727050781,3.43862915039062
1895768784,"Pilosocereus chrysacanthus","Oaxaca",100,NA,NA,NA,"NO DISPONIBLE","NO DISPONIBLE","NO DISPONIBLE",-96.716667,17.066667,"Balsas Basin province","Pilosocereus",21.6375007629395,151.028671264648,9.80000019073486,651,12,1556.03601074219,1.11408996582031
1895768825,"Escontria chiotilla","Oaxaca",90,NA,NA,NA,"NO DISPONIBLE","NO DISPONIBLE","NO DISPONIBLE",-96.075,17.058333,"Sierra Madre del Sur province","Escontria",16.720832824707,152.307373046875,9,1263,52,1816.71069335938,7.07530212402344
1895768956,"Neobuxbaumia tetetzo","Oaxaca",90,NA,NA,NA,"NO DISPONIBLE","NO DISPONIBLE","NO DISPONIBLE",-97.061667,18.026667,"Balsas Basin province","Neobuxbaumia",25.1000003814697,235.555419921875,12.6000003814697,828,32,770.30322265625,2.32868194580078
1895769010,"Neobuxbaumia tetetzo","Oaxaca",100,NA,NA,NA,"NO DISPONIBLE","NO DISPONIBLE","NO DISPONIBLE",-95.226667,16.316667,"Pacific Lowlands province","Neobuxbaumia",28.3541660308838,113.707313537598,19.7999992370605,903,13,29.6830139160156,0.461504220962524
1895769042,"Neobuxbaumia tetetzo","Oaxaca",100,NA,NA,NA,"NO DISPONIBLE","NO DISPONIBLE","NO DISPONIBLE",-96.306667,16.663333,"Pacific Lowlands province","Neobuxbaumia",24.1875,145.697769165039,13.3999996185303,834,13,917.376770019531,0.322296142578125
1895769116,"Cephalocereus apicicephalium","Oaxaca",100,NA,NA,NA,"NO DISPONIBLE","NO DISPONIBLE","NO DISPONIBLE",-95.3485016,16.3699179,"Pacific Lowlands province","Cephalocereus",25.4791660308838,76.4394912719727,17.3999996185303,691,11,922.074951171875,3.26234436035156
1895769123,"Cephalocereus apicicephalium","Oaxaca",100,"1","7","1953","ASU","NO DISPONIBLE","NO DISPONIBLE",-95.458333,16.325,"Pacific Lowlands province","Cephalocereus",25.3333339691162,118.558258056641,16.7999992370605,657,8,521.025634765625,15.3622245788574
1895769139,"Cephalocereus apicicephalium","Oaxaca",100,"13","4","1972","IBUNAM","NO DISPONIBLE","NO DISPONIBLE",-95.227222,16.4225,"Pacific Lowlands province","Cephalocereus",27.3374996185303,119.698928833008,19.3999996185303,818,6,106.889755249023,2.28546524047852
1895769143,"Cephalocereus apicicephalium","Oaxaca",100,NA,NA,NA,"NO DISPONIBLE","NO DISPONIBLE","NO DISPONIBLE",-96.393571,16.486687,"Sierra Madre del Sur province","Cephalocereus",23.091667175293,113.934448242188,13.1999998092651,753,12,1198.12683105469,11.9139556884766
1895769150,"Cephalocereus apicicephalium","Oaxaca",100,NA,NA,NA,"NO DISPONIBLE","NO DISPONIBLE","NO DISPONIBLE",-95.976756,16.451293,"Pacific Lowlands province","Cephalocereus",22.966667175293,109.447631835938,13.8000001907349,724,9,1139.07666015625,4.41119384765625
1895769154,"Cephalocereus apicicephalium","Oaxaca",100,"1","4","1959","IBUNAM","NO DISPONIBLE","NO DISPONIBLE",-96.15946,16.702005,"Pacific Lowlands province","Cephalocereus",23.904167175293,131.934188842773,13.3999996185303,883,18,1017.05859375,6.98793029785156
1895769167,"Cephalocereus apicicephalium","Oaxaca",100,NA,NA,NA,"NO DISPONIBLE","NO DISPONIBLE","NO DISPONIBLE",-94.940848,16.541097,"Pacific Lowlands province","Cephalocereus",27.0874996185303,158.99006652832,19.6000003814697,1045,12,21.7866382598877,0.427133321762085
1895769176,"Cephalocereus apicicephalium","Oaxaca",100,"1","4","1963","IBUNAM","NO DISPONIBLE","NO DISPONIBLE",-95.149417,16.725101,"Pacific Lowlands province","Cephalocereus",24.6041660308838,158.26416015625,16.7999992370605,879,31,507.071319580078,10.1003570556641
1895769199,"Cephalocereus apicicephalium","Oaxaca",100,"19","2","1978","IBUNAM","NO DISPONIBLE","NO DISPONIBLE",-95.378333,16.36,"Pacific Lowlands province","Cephalocereus",26.6666660308838,124.54158782959,18.5,678,2,183.489074707031,3.45321464538574
1895769210,"Cephalocereus apicicephalium","Oaxaca",100,"1","4","1959","IBUNAM","NO DISPONIBLE","NO DISPONIBLE",-95.545914,16.424224,"Pacific Lowlands province","Cephalocereus",27.3083324432373,119.977935791016,18.2999992370605,614,4,186.859970092773,5.08441162109375
1895769215,"Cephalocereus apicicephalium","Oaxaca",100,"3","9","1972","IBUNAM","NO DISPONIBLE","NO DISPONIBLE",-95.459535,16.580393,"Pacific Lowlands province","Cephalocereus",26.4624996185303,130.316467285156,17.7000007629395,557,1,278.039001464844,6.36073303222656
1895769220,"Cephalocereus apicicephalium","Oaxaca",100,NA,NA,NA,"NO DISPONIBLE","NO DISPONIBLE","NO DISPONIBLE",-95.341667,16.391667,"Pacific Lowlands province","Cephalocereus",25.6333332061768,80.0378570556641,17.5,698,13,926.376831054688,22.548583984375
1895769225,"Cephalocereus apicicephalium","Oaxaca",100,"1","1","1952","IBUNAM","NO DISPONIBLE","NO DISPONIBLE",-94.886667,16.458333,"Pacific Lowlands province","Cephalocereus",27.2916660308838,150.828506469727,19.7000007629395,1006,12,2.84683156013489,1.05345284938812
1895769238,"Cephalocereus apicicephalium","Oaxaca",100,"1","1","1952","IBUNAM","NO DISPONIBLE","NO DISPONIBLE",-96.3667,16.3267,"Sierra Madre del Sur province","Cephalocereus",17.8541660308838,109.823379516602,9.69999980926514,957,29,2362.216796875,11.74267578125
1895769244,"Cephalocereus apicicephalium","Oaxaca",100,"1","1","1966","IBUNAM","NO DISPONIBLE","NO DISPONIBLE",-95.86633,16.43633,"Pacific Lowlands province","Cephalocereus",24.5249996185303,116.414215087891,14.5,595,7,675.53564453125,2.07401275634766
1895769253,"Cephalocereus apicicephalium","Oaxaca",100,NA,NA,NA,"NO DISPONIBLE","NO DISPONIBLE","NO DISPONIBLE",-96.083,16.65,"Pacific Lowlands province","Cephalocereus",23.8125,141.004898071289,13.1999998092651,738,14,845.141357421875,18.3670654296875
1896090328,"Rhipsalis baccifera","Oaxaca",90,"9","12","2002","STDOM","4213","J. Reyes",-96.623611,18.012889,"Veracruzan province","Rhipsalis",23.4958324432373,247.64762878418,13.5,2903,197,595.83056640625,21.0213928222656
1896090807,"Opuntia pilifera","Oaxaca",100,"15","4","2004","STDOM","1589","C. Ch_vez; P. Carrera",-96.199528,16.960639,"Pacific Lowlands province","Opuntia",19.9416675567627,139.117889404297,10.6000003814697,1037,30,1605.54309082031,6.35394287109375
1896090856,"Escontria chiotilla","Oaxaca",90,"18","12","2000","STDOM","652","J. Reyes",-96.961111,17.815,"Balsas Basin province","Escontria",25.0708332061768,244.684005737305,13.3999996185303,605,20,678.506225585938,6.97154235839844
1896090868,"Escontria chiotilla","Oaxaca",90,"9","1","2001","STDOM","651","J. Reyes",-96.991667,17.794722,"Balsas Basin province","Escontria",25.6375007629395,244.336990356445,13.6999998092651,522,15,610.578002929688,4.63986206054688
1896091247,"Mammillaria karwinskiana","Oaxaca",100,"22","9","2004","STDOM","NO APLICA","C. Ch_vez; F. Mart_nez",-96.753194,16.706056,"Balsas Basin province","Mammillaria",21.4291667938232,126.391471862793,9.60000038146973,702,10,1577.19018554688,2.134521484375
1896091710,"Opuntia pubescens","Oaxaca",100,"15","10","2003","STDOM","3150","J. Reyes",-96.417278,16.805944,"Balsas Basin province","Opuntia",20.3791675567627,124.635078430176,9.69999980926514,609,10,1701.37377929688,2.0843505859375
1896093286,"Cephalocereus columna-trajani","Oaxaca",90,NA,NA,NA,"STDOM","NO APLICA","C. Ch_vez; F. Mart_nez",-97.351083,18.083889,"Sierra Madre del Sur province","Cephalocereus",21.1833324432373,228.943542480469,9.5,574,22,1772.73083496094,8.36613464355469
1896093538,"Epiphyllum anguliger","Oaxaca",100,"28","11","2003","STDOM","3212","J. Reyes",-97.075583,16.388083,"Sierra Madre del Sur province","Epiphyllum",22.5249996185303,113.327766418457,12.6000003814697,1459,20,1013.46990966797,7.74127960205078
1896093862,"Disocactus ackermannii","Oaxaca",90,"30","9","2002","STDOM","4134","J. Reyes",-96.947222,17.592778,"Balsas Basin province","Disocactus",22.529167175293,217.134826660156,11,1003,41,1441.65808105469,20.2269592285156
1896093949,"Pachycereus pecten-aboriginum","Oaxaca",100,"27","8","2004","STDOM","NO APLICA","C. Ch_vez; F. Mart_nez",-95.972861,15.844667,"Pacific Lowlands province","Pachycereus",27.2083339691162,90.8753967285156,20,1120,14,23.9196929931641,3.33353638648987
1896093998,"Mammillaria carnea","Oaxaca",90,"9","1","2001","STDOM","653","J. Reyes",-96.988828,17.802308,"Balsas Basin province","Mammillaria",25.6000003814697,246.382919311523,13.6999998092651,520,15,586.11474609375,7.54801940917969
1896094351,"Stenocereus treleasei","Oaxaca",90,"18","5","2004","STDOM","NO APLICA","C. Ch_vez; F. Mart_nez",-96.801139,17.197778,"Balsas Basin province","Stenocereus",21.5874996185303,162.356582641602,9.39999961853027,696,17,1639.77001953125,2.83480834960938
1896094397,"Myrtillocactus schenckii","Oaxaca",100,"15","4","2004","STDOM","2910","J. Reyes",-96.201361,16.954778,"Pacific Lowlands province","Myrtillocactus",20.5833339691162,137.118621826172,10.8999996185303,1064,31,1534.64929199219,8.85678100585938
1897332847,"Rhipsalis baccifera","Oaxaca",90,"11","8","2005","INECOL","214234","NO DISPONIBLE",-96.3235,17.431833,"Sierra Madre del Sur province","Rhipsalis",22.6000003814697,230.621688842773,12.5,1930,122,830.181945800781,12.5920715332031
1897339505,"Epiphyllum oxypetalum","Oaxaca",90,"22","5","1995","INECOL","175607","C. E. Glass",-96.642167,18.048667,"Veracruzan province","Epiphyllum",23.2458324432373,238.646362304688,13,3565,256,368.719665527344,7.32373428344727
1897339516,"Epiphyllum oxypetalum","Oaxaca",90,"27","6","1999","INECOL","210565","NO DISPONIBLE",-94.352222,17.160556,"Veracruzan province","Epiphyllum",24.6749992370605,215.052841186523,17.2000007629395,3061,259,224.890579223633,6.89666366577148
1897349202,"Mammillaria sphacelata","Oaxaca",90,"16","4","2002","INECOL","217969","C. A. Cruz E.",-96.940555,17.743611,"Balsas Basin province","Mammillaria",24.9125003814697,246.144119262695,13.3999996185303,578,20,617.940368652344,2.16244506835938
1897350351,"Mammillaria crucigera","Oaxaca",90,"10","8","1994","INECOL","221827","C. E. Glass",-97.060167,17.912667,"Balsas Basin province","Mammillaria",24.6375007629395,241.859497070312,12.1000003814697,725,30,870.662292480469,5.65102386474609
1897351653,"Stenocereus pruinosus","Oaxaca",90,"19","4","2002","INECOL","217976","C. A. Cruz E.",-96.951111,17.714167,"Balsas Basin province","Stenocereus",25.0083332061768,233.372833251953,13.1999998092651,781,32,824.987365722656,6.63006591796875
1897361122,"Mammillaria supertexta","Oaxaca",90,"11","8","1994","INECOL","221823","C. E. Glass",-97.0065,17.909667,"Balsas Basin province","Mammillaria",25.8250007629395,243.203063964844,13.8000001907349,623,21,647.318908691406,14.7744598388672
1897364300,"Marginatocereus marginatus","Oaxaca",90,"22","4","2002","INECOL","217285","C. A. Cruz E.",-96.948055,17.696944,"Balsas Basin province","Marginatocereus",24.8999996185303,234.288101196289,13.1999998092651,750,31,945.828979492188,7.96532440185547
1897375846,"Escontria chiotilla","Oaxaca",90,"19","4","2002","INECOL","217365","C. A. Cruz E.",-96.941111,17.710278,"Balsas Basin province","Escontria",25.1458339691162,243.650817871094,13.6999998092651,540,17,740.560119628906,6.49270629882812
1897379877,"Mammillaria huitzilopochtli","Oaxaca",90,"10","8","1994","INECOL","211825","C. E. Glass",-96.991833,17.929333,"Balsas Basin province","Mammillaria",25.8041667938232,244.470275878906,13.8000001907349,644,20,551.885192871094,2.41282653808594
1897380029,"Stenocereus stellatus","Oaxaca",90,"5","8","2002","INECOL","182185","C. A. Cruz E.",-96.942861,17.701583,"Balsas Basin province","Stenocereus",25.0166664123535,236.531112670898,13.3000001907349,684,26,854.912170410156,4.09980010986328
1897382159,"Pereskia lychnidiflora","Oaxaca",100,"17","9","2001","INECOL","221447","J. Reyes S.",-95.837,15.865111,"Pacific Lowlands province","Pereskia",27.7041664123535,87.1638412475586,20.2000007629395,1045,9,5.08275508880615,2.94772434234619
1897486936,"Pachycereus pecten-aboriginum","Oaxaca",NA,"1","3","2015","UAMI","JF102/OAX/2564","DBA",-95.170583,16.574,"Pacific Lowlands province","Pachycereus",26.9833335876465,140.927673339844,19.2999992370605,746,6,121.713340759277,2.63789749145508
1897486960,"Epiphyllum oxypetalum","Oaxaca",NA,"9","4","2014","UAMI","JF102/OAX/1003","SAM",-96.599472,17.955417,"Veracruzan province","Epiphyllum",22.0125007629395,222.783279418945,11.5,3819,286,1224.68981933594,6.07518005371094
1897487925,"Mammillaria voburnensis","Oaxaca",NA,"9","7","2013","UAMI","JF102/OAX/0315","SAM",-95.238028,16.548944,"Pacific Lowlands province","Mammillaria",25.2250003814697,106.440322875977,17.2000007629395,758,21,453.038024902344,7.27105331420898
1897488140,"Aporocactus martianus","Oaxaca",NA,"20","2","2013","UAMI","JF102/OAX/0102","SAM",-96.937055,18.123222,"Sierra Madre del Sur province","Aporocactus",13.8958330154419,173.74821472168,6.09999990463257,1418,60,2378.78930664062,2.677978515625
1897488164,"Aporocactus martianus","Oaxaca",NA,"6","4","2014","UAMI","JF102/OAX/0981","SAM",-96.754805,18.065222,"Sierra Madre del Sur province","Aporocactus",16.2083339691162,176.169250488281,8.10000038146973,2012,87,2238.87329101562,6.07046508789062
1897488189,"Aporocactus martianus","Oaxaca",NA,"12","4","2014","UAMI","JF102/OAX/1125","SAM",-96.807361,17.902861,"Sierra Madre del Sur province","Aporocactus",12.9000005722046,169.558258056641,5.40000009536743,1201,50,2452.37426757812,4.54342651367188
1897488552,"Opuntia lasiacantha","Oaxaca",NA,"1","3","2015","UAMI","JF102/OAX/2580","DBA",-95.170028,16.566778,"Pacific Lowlands province","Opuntia",26.9833335876465,140.927673339844,19.2999992370605,746,6,140.404541015625,1.61818885803223
1897488556,"Opuntia lasiacantha","Oaxaca",NA,"22","5","2014","UAMI","JF102/OAX/1256","SAM",-94.742055,16.714778,"Pacific Lowlands province","Opuntia",25.7374992370605,190.729751586914,18,1513,77,234.703186035156,9.75265502929688
1897488623,"Opuntia lasiacantha","Oaxaca",NA,"10","9","2014","UAMI","JF102/OAX/1593","SAM",-96.565889,17.432472,"Balsas Basin province","Opuntia",19.4791660308838,186.735809326172,9,1513,77,1569.26159667969,3.15190124511719
1897488797,"Disocactus ackermannii","Oaxaca",NA,"20","2","2013","UAMI","JF102/OAX/0109","SAM",-96.935333,18.121611,"Sierra Madre del Sur province","Disocactus",13.8958330154419,173.74821472168,6.09999990463257,1418,60,2329.71508789062,5.9295654296875
1897488833,"Disocactus ackermannii","Oaxaca",NA,"13","4","2014","UAMI","JF102/OAX/1153","SAM",-96.799522,17.925444,"Sierra Madre del Sur province","Disocactus",17.2333335876465,212.595794677734,7.69999980926514,1912,84,1734.98400878906,9.01701354980469
1897489082,"Rhipsalis baccifera","Oaxaca",NA,"6","10","2014","UAMI","JF102/OAX/1804","JRdSG",-96.265333,17.441361,"Sierra Madre del Sur province","Rhipsalis",22.4125003814697,224.034530639648,12.6000003814697,2098,132,960.47705078125,11.6436309814453
1897566411,"Peniocereus fosterianus","Oaxaca",NA,"24","7","1998","SERBO","11073","S. Arias M.",-95.872778,15.872222,"Pacific Lowlands province","Peniocereus",27.6083335876465,84.4186782836914,20.2000007629395,1063,10,4.27556610107422,2.0610363483429
1897566458,"Peniocereus fosterianus","Oaxaca",NA,"5","10","1999","SERBO","3586","E.J. Lott",-95.9825,15.840833,"Pacific Lowlands province","Peniocereus",27.1458339691162,89.0724411010742,20,1146,13,119.097534179688,8.24483585357666
1897567244,"Coryphantha pallida","Oaxaca",NA,"20","9","1994","SERBO","1482","S. Arias M.",-97.029444,17.795556,"Balsas Basin province","Coryphantha",24.1124992370605,223.689346313477,12.1000003814697,1036,49,1330.80883789062,10.1313171386719
1897567457,"Peniocereus oaxacensis","Oaxaca",NA,"10","6","2000","SERBO","6399","J. Reyes S.",-95.978333,15.861944,"Pacific Lowlands province","Peniocereus",26.6166667938232,78.7785568237305,19.5,1188,14,300.382629394531,8.56522369384766
1897567465,"Peniocereus oaxacensis","Oaxaca",NA,"10","8","2000","SERBO","7617","J. Reyes S.",-95.894167,15.856667,"Pacific Lowlands province","Peniocereus",27.3916664123535,85.4887847900391,20.1000003814697,1084,10,46.7856864929199,3.66949844360352
1897567491,"Peniocereus oaxacensis","Oaxaca",NA,"13","5","1999","SERBO","3638","E.J. Lott",-95.958333,15.979722,"Pacific Lowlands province","Peniocereus",25.716667175293,82.1676025390625,17.8999996185303,1055,11,478.904418945312,13.7877426147461
1897568014,"Mammillaria voburnensis","Oaxaca",NA,"14","9","2002","SERBO","29648","E. P_rez G.",-94.964591,16.626333,"Pacific Lowlands province","Mammillaria",25.9874992370605,168.403259277344,18.7000007629395,1006,21,166.028366088867,4.76107406616211
1897568088,"Mammillaria voburnensis","Oaxaca",NA,"4","12","1999","SERBO","14807","S. Arias M.",-95.944444,15.951111,"Pacific Lowlands province","Mammillaria",26.1041660308838,84.0037689208984,18.3999996185303,1093,12,255.136489868164,2.16545104980469
1897568414,"Acanthocereus tetragonus","Oaxaca",NA,"9","5","2000","SERBO","6390","J. Reyes S.",-95.980278,15.841667,"Pacific Lowlands province","Acanthocereus",27.1458339691162,89.0724487304688,19.8999996185303,1145,14,78.0593719482422,7.41809368133545
1897569105,"Epiphyllum hookeri","Oaxaca",NA,"9","8","2002","SERBO","29112","C. G_mez H.",-94.978889,16.742972,"Pacific Lowlands province","Epiphyllum",25.4416656494141,179.416122436523,17.7000007629395,1267,56,301.838897705078,16.9806671142578
1897570226,"Pachycereus pecten-aboriginum","Oaxaca",NA,"15","2","1998","SERBO","5054","C. G_mez H.",-95.664444,15.992778,"Pacific Lowlands province","Pachycereus",27.375,76.855827331543,19.7999992370605,905,7,29.7230567932129,5.85067081451416
1897570238,"Pachycereus pecten-aboriginum","Oaxaca",NA,"7","2","1997","SERBO","13113","S. Arias M.",-95.915278,15.873333,"Pacific Lowlands province","Pachycereus",27.1333332061768,84.000358581543,19.7999992370605,1112,13,95.3733291625977,7.9580249786377
1897570519,"Peniocereus oaxacensis","Oaxaca",NA,"27","8","1999","SERBO","4099","E.J. Lott",-96.004722,15.875278,"Pacific Lowlands province","Peniocereus",26.845832824707,87.916748046875,19.5,1185,13,115.339637756348,11.7770843505859
1897571383,"Mammillaria polyedra","Oaxaca",NA,"21","12","1996","SERBO","2674","S. Arias M.",-96.949722,17.924444,"Balsas Basin province","Mammillaria",23.6124992370605,231.046295166016,11.6999998092651,1496,78,1278.88317871094,13.5234375
1897571441,"Disocactus speciosus","Oaxaca",NA,"20","4","2004","SERBO","35154","S. Arias M.",-96.511694,16.069806,"Sierra Madre del Sur province","Disocactus",16.9125003814697,80.0035629272461,10.1000003814697,1252,31,2247.76342773438,12.9489135742188
1897571932,"Opuntia decumbens","Oaxaca",NA,"15","1","1998","SERBO","10405","S. Arias M.",-95.906944,15.862222,"Pacific Lowlands province","Opuntia",27.220832824707,83.3518905639648,19.8999996185303,1108,13,88.5157623291016,5.31514930725098
1897571940,"Opuntia decumbens","Oaxaca",NA,"9","2","1997","SERBO","10404","S. Arias M.",-95.969444,15.81825,"Pacific Lowlands province","Opuntia",27.2416667938232,92.5849456787109,20,1121,12,8.85180568695068,4.93144989013672
1897572535,"Stenocereus pruinosus","Oaxaca",NA,"12","4","2011","SERBO","68446","C. G_mez H.",-96.145166,16.727722,"Sierra Madre del Sur province","Stenocereus",22.9166660308838,119.664947509766,13,907,23,1248.533203125,4.05032348632812
1897572545,"Stenocereus pruinosus","Oaxaca",NA,"7","12","1999","SERBO","4636","S. Arias M.",-95.993055,15.844722,"Pacific Lowlands province","Stenocereus",27.1333332061768,89.2476959228516,19.8999996185303,1155,14,46.1846122741699,4.97025966644287
1897572899,"Neobuxbaumia tetetzo","Oaxaca",NA,"13","3","2012","SERBO","73539","C. G_mez H.",-96.276944,16.729167,"Sierra Madre del Sur province","Neobuxbaumia",22.6666660308838,130.215423583984,12.3000001907349,846,18,1174.44909667969,8.83505249023438
1897572923,"Neobuxbaumia tetetzo","Oaxaca",NA,"19","4","2000","SERBO","6635","J. Reyes S.",-95.908611,15.863889,"Pacific Lowlands province","Neobuxbaumia",27.2250003814697,85.4799194335938,19.8999996185303,1105,13,92.9033660888672,4.01925182342529
1897572946,"Neobuxbaumia tetetzo","Oaxaca",NA,"20","5","2011","SERBO","68489","C. G_mez H.",-96.276778,16.736222,"Sierra Madre del Sur province","Neobuxbaumia",22.2875003814697,126.905937194824,12.1000003814697,804,16,1348.35925292969,7.32049560546875
1897572955,"Neobuxbaumia tetetzo","Oaxaca",NA,"18","4","2000","SERBO","7161","J. Reyes S.",-96.09,15.957222,"Pacific Lowlands province","Neobuxbaumia",24.4416675567627,84.2030334472656,17,1158,15,705.186889648438,10.1360168457031
1897572991,"Mammillaria karwinskiana","Oaxaca",NA,"30","10","2001","SERBO","26920","J. Reyes S.",-95.863722,15.898333,"Pacific Lowlands province","Mammillaria",27.4416656494141,82.1537857055664,20,1065,11,112.721176147461,4.79731845855713
1897573203,"Rhipsalis baccifera","Oaxaca",NA,"10","12","2008","SERBO","56742","C. G_mez H.",-95.567972,17.247556,"Veracruzan province","Rhipsalis",24.654167175293,197.489456176758,16.3999996185303,2455,105,279.302337646484,2.59648132324219
1897574497,"Pereskia lychnidiflora","Oaxaca",NA,"9","7","1998","SERBO","12114","S. Arias M.",-95.933055,15.904722,"Pacific Lowlands province","Pereskia",26.591667175293,80.5896911621094,19.1000003814697,1122,13,249.002990722656,8.54961013793945
1897574509,"Pereskia lychnidiflora","Oaxaca",NA,"22","5","2000","SERBO","6795","J. Reyes S.",-95.913611,15.843889,"Pacific Lowlands province","Pereskia",27.3250007629395,87.3473205566406,20,1088,11,7.25002145767212,0.930231094360352
1897574532,"Pereskia lychnidiflora","Oaxaca",NA,"14","9","2002","SERBO","29592","C. G_mez H.",-94.965166,16.622417,"Pacific Lowlands province","Pereskia",25.9166660308838,157.383926391602,18.6000003814697,957,22,258.545440673828,2.92727661132812
1897575256,"Opuntia dejecta","Oaxaca",NA,"24","9","1999","SERBO","10411","S. Arias M.",-96.041667,15.936111,"Pacific Lowlands province","Opuntia",25.9833335876465,89.1712646484375,18.3999996185303,1205,14,277.695953369141,2.63106918334961
1897575268,"Opuntia dejecta","Oaxaca",NA,"6","12","1999","SERBO","10410","S. Arias M.",-95.954167,15.866667,"Pacific Lowlands province","Opuntia",27.0499992370605,85.093505859375,19.7999992370605,1137,13,35.7892417907715,4.86948204040527
1897575274,"Opuntia dejecta","Oaxaca",NA,"4","2","1997","SERBO","10412","S. Arias M.",-96.018611,15.874444,"Pacific Lowlands province","Opuntia",26.3791656494141,79.0413436889648,19.2000007629395,1225,15,204.226028442383,6.53301429748535
1897576060,"Neobuxbaumia scoparia","Oaxaca",NA,"12","8","2002","SERBO","29195","J. Reyes S.",-94.956472,16.612417,"Pacific Lowlands province","Neobuxbaumia",26.1208324432373,161.237533569336,18.7999992370605,980,21,199.059204101562,15.7381381988525
1897576091,"Disocactus macranthus","Oaxaca",NA,"10","7","2008","SERBO","55062","C. G_mez H.",-94.196111,16.736556,"Veracruzan province","Disocactus",19.7250003814697,128.284133911133,11.8000001907349,1035,71,1708.91833496094,4.38194274902344
1897576509,"Mammillaria haageana","Oaxaca",NA,"14","2","2012","SERBO","72310","C. G_mez H.",-96.897278,17.049639,"Sierra Madre del Sur province","Mammillaria",18.841667175293,140.208190917969,8.69999980926514,695,19,1808.18408203125,3.81636047363281
1897576542,"Mammillaria haageana","Oaxaca",NA,"21","2","2012","SERBO","72200","C. G_mez H.",-96.895139,17.070111,"Sierra Madre del Sur province","Mammillaria",19.4750003814697,142.597640991211,8.89999961853027,695,18,1806.42797851562,6.55668640136719
1897576553,"Mammillaria haageana","Oaxaca",NA,"17","10","2011","SERBO","69976","C. G_mez H.",-96.889028,17.0715,"Balsas Basin province","Mammillaria",20.033332824707,147.637969970703,8.89999961853027,694,16,1755.28369140625,5.57044982910156
1897576567,"Mammillaria haageana","Oaxaca",NA,"22","11","2011","SERBO","71446","C. G_mez H.",-96.844555,17.070194,"Balsas Basin province","Mammillaria",21.0458335876465,148.346328735352,9.10000038146973,675,13,1699.978515625,6.44688415527344
1897576641,"Opuntia auberi","Oaxaca",NA,"24","2","1999","SERBO","9566","S. Arias M.",-95.874722,15.888889,"Pacific Lowlands province","Opuntia",27.4416675567627,82.2367401123047,20.1000003814697,1072,10,94.6234283447266,1.05433368682861
1897577605,"Opuntia karwinskiana","Oaxaca",NA,"5","5","2000","SERBO","6370","J. Reyes S.",-95.949444,15.85,"Pacific Lowlands province","Opuntia",27.0874996185303,86.5532989501953,19.8999996185303,1136,13,86.5558776855469,2.06955909729004
1897577655,"Opuntia karwinskiana","Oaxaca",NA,"10","4","2000","SERBO","6324","J. Reyes S.",-95.956389,15.846944,"Pacific Lowlands province","Opuntia",27.1124992370605,87.155143737793,19.8999996185303,1136,13,46.3297233581543,6.70548725128174
1897600291,"Coryphantha retusa","Oaxaca",NA,"5","9","2009","FESZ-UNAM","2559","Balbina V_zquez B.",-97.658611,18.20875,"Balsas Basin province","Coryphantha",19.091667175293,179.631362915039,9,542,14,2034.72900390625,10.1291351318359
1897600303,"Coryphantha retusa","Oaxaca",NA,"5","9","2009","FESZ-UNAM","2558","Balbina V_zquez B.",-97.692833,18.05925,"Balsas Basin province","Coryphantha",19.1124992370605,180.165634155273,9.10000038146973,551,16,1887.52978515625,2.60467529296875
1897600310,"Coryphantha retusa","Oaxaca",NA,"19","10","2012","FESZ-UNAM","NO APLICA","Balbina V_zquez B.",-97.797944,17.852417,"Balsas Basin province","Coryphantha",20.4791660308838,187.767486572266,8.89999961853027,625,19,1782.31872558594,4.4439697265625
1897600315,"Coryphantha retusa","Oaxaca",NA,"19","1","2004","FESZ-UNAM","NO APLICA","Ulises Guzm_n",-96.36525,16.83638,"Sierra Madre del Sur province","Coryphantha",19.0833339691162,123.644180297852,9.5,632,10,1857.10095214844,4.90858459472656
1897600321,"Coryphantha retusa","Oaxaca",NA,"18","10","2012","FESZ-UNAM","NO APLICA","Balbina V_zquez B.",-96.516889,17.041194,"Balsas Basin province","Coryphantha",19.4833335876465,138.585952758789,9.10000038146973,676,13,1692.98022460938,3.50529479980469
1897600327,"Coryphantha retusa","Oaxaca",NA,"25","6","2011","FESZ-UNAM","2634","Balbina V_zquez B.",-97.6625,18.203083,"Balsas Basin province","Coryphantha",19.1208343505859,177.39860534668,9.10000038146973,542,14,1906.34216308594,2.47465515136719
1897600331,"Coryphantha retusa","Oaxaca",NA,"22","1","2004","FESZ-UNAM","NO APLICA","Ulises Guzm_n",-96.52955,16.35797,"Balsas Basin province","Coryphantha",21.8833332061768,106.735290527344,11.6000003814697,483,9,1553.4072265625,1.98678588867188
1897600334,"Coryphantha retusa","Oaxaca",NA,"18","10","2012","FESZ-UNAM","NO APLICA","Balbina V_zquez B.",-97.646472,17.709694,"Sierra Madre del Sur province","Coryphantha",18.1416664123535,154.946228027344,7.19999980926514,631,13,1992.84265136719,9.47018432617188
1897600337,"Coryphantha retusa","Oaxaca",NA,"18","10","2012","FESZ-UNAM","NO APLICA","Balbina V_zquez B.",-96.331555,16.922417,"Balsas Basin province","Coryphantha",19.5458335876465,133.71369934082,9.60000038146973,713,12,1736.71704101562,2.65660095214844
1897600339,"Coryphantha retusa","Oaxaca",NA,"20","10","1990","IBUNAM","NO DISPONIBLE","Salvador Arias M.",-97.362222,17.875,"Sierra Madre del Sur province","Coryphantha",17.529167175293,192.181945800781,5.40000009536743,455,12,2049.71044921875,1.26412963867188
1897600340,"Mammillaria discolor","Oaxaca",NA,"8","4","1981","IBUNAM","399575","Ulises Guzm_n",-97.54361,17.49388,"Sierra Madre del Sur province","Mammillaria",16.0125007629395,147.588577270508,4.59999990463257,681,16,2212.36328125,7.90328979492188
1897600344,"Mammillaria discolor","Oaxaca",NA,NA,NA,NA,"FESZ-UNAM","NO APLICA","Michel Lacoste",-97.5,17.833333,"Sierra Madre del Sur province","Mammillaria",14.7875003814697,145.307266235352,4.40000009536743,644,22,2339.83056640625,8.88833618164062
1897600345,"Mammillaria discolor","Oaxaca",NA,"13","12","2004","FESZ-UNAM","NO APLICA","Ulises Guzm_n",-97.07086,17.70155,"Sierra Madre del Sur province","Mammillaria",21.3541660308838,227.350952148438,9.30000019073486,932,43,1395.55114746094,12.3787384033203
1897600359,"Coryphantha retusa","Oaxaca",NA,"11","7","2004","FESZ-UNAM","NO APLICA","Ulises Guzm_n",-96.44144,16.99644,"Balsas Basin province","Coryphantha",19.7333335876465,131.863082885742,9.19999980926514,674,13,1719.740234375,0.684188842773438
1897600368,"Mammillaria discolor","Oaxaca",NA,"7","2","2004","FESZ-UNAM","NO APLICA","Ulises Guzm_n",-96.85941,17.71947,"Sierra Madre del Sur province","Mammillaria",18.1041660308838,189.574371337891,8.5,1190,46,1898.39514160156,8.64125061035156
1897600867,"Mammillaria carnea","Oaxaca",NA,"8","2","2004","FESZ-UNAM","NO APLICA","Ulises Guzm_n",-96.962317,17.828777,"Balsas Basin province","Mammillaria",24.8125,237.468902587891,12.8999996185303,872,39,889.892456054688,5.33145141601562
1897600910,"Mammillaria carnea","Oaxaca",NA,NA,NA,NA,"FESZ-UNAM","NO APLICA","Michel Lacoste",-97.025421,17.868721,"Balsas Basin province","Mammillaria",25.6708335876465,243.837310791016,13.6999998092651,540,16,589.866394042969,10.2390975952148
1897600929,"Mammillaria carnea","Oaxaca",NA,"16","4","2004","FESZ-UNAM","NO APLICA","Ulises Guzm_n",-96.940933,17.827142,"Sierra Madre del Sur province","Mammillaria",23.9125003814697,237.507186889648,11.8000001907349,1239,67,1110.65661621094,3.18325805664062
1897600941,"Coryphantha elephantidens","Oaxaca",NA,"18","4","2004","FESZ-UNAM","NO APLICA","Ulises Guzm_n",-96.321434,16.686548,"Sierra Madre del Sur province","Coryphantha",23.8916664123535,136.362380981445,13.1000003814697,853,16,1003.98321533203,1.43247985839844
1897600975,"Coryphantha pallida","Oaxaca",NA,"5","3","2005","FESZ-UNAM","NO APLICA","Ulises Guzm_n",-97.04788,18.05105,"Balsas Basin province","Coryphantha",24.2708339691162,231.874359130859,11.3999996185303,982,48,898.647338867188,5.07554626464844
1897600984,"Mammillaria carnea","Oaxaca",NA,"15","4","2004","FESZ-UNAM","NO APLICA","Ulises Guzm_n",-97.319298,17.934969,"Sierra Madre del Sur province","Mammillaria",16.0041675567627,182.662857055664,5.19999980926514,542,15,2232.27905273438,12.9807739257812
1897601004,"Coryphantha pallida","Oaxaca",NA,NA,"3","1954","IBUNAM","61667","Helia Bravo Hollis",-97.058888,18.129999,"Balsas Basin province","Coryphantha",23.904167175293,240.392288208008,10.5,949,51,1093.65637207031,10.2757110595703
1897601008,"Coryphantha pallida","Oaxaca",NA,"16","4","2004","FESZ-UNAM","NO APLICA","Ulises Guzm_n",-97.01469,17.81163,"Balsas Basin province","Coryphantha",25.2333335876465,241.739303588867,13.1999998092651,632,21,856.87744140625,6.64249420166016
1897601009,"Coryphantha pallida","Oaxaca",NA,"8","2","2004","FESZ-UNAM","NO APLICA","Ulises Guzm_n",-97.00133,17.81355,"Balsas Basin province","Coryphantha",25.5041675567627,245.073822021484,13.5,537,16,632.283508300781,6.67971038818359
1897601023,"Mammillaria carnea","Oaxaca",NA,NA,NA,NA,"FESZ-UNAM","NO APLICA","Michel Lacoste",-96.65,17.583333,"Balsas Basin province","Mammillaria",20.8833332061768,225.119506835938,10.1000003814697,1587,90,1413.45129394531,8.63587951660156
1897601027,"Coryphantha pallida","Oaxaca",NA,"4","9","2009","FESZ-UNAM","2555","Balbina V_zquez B.",-97.022805,17.835886,"Balsas Basin province","Coryphantha",25.4624996185303,245.061447143555,13.5,540,16,770.001220703125,7.93618011474609
1897601064,"Coryphantha pallida","Oaxaca",NA,"4","9","2009","FESZ-UNAM","2556","Balbina V_zquez B.",-97.138694,17.802083,"Sierra Madre del Sur province","Coryphantha",21.2625007629395,237.803634643555,9,849,36,1593.85107421875,2.73387145996094
1897601066,"Mammillaria haageana","Oaxaca",NA,NA,NA,NA,"FESZ-UNAM","NO APLICA","Ulises Guzm_n",-97.483333,17.65,"Sierra Madre del Sur province","Mammillaria",15.279167175293,149.338821411133,4.30000019073486,643,16,2420.68237304688,8.78515625
1897601084,"Mammillaria haageana","Oaxaca",NA,"3","9","2012","FESZ-UNAM","NO APLICA","Ulises Guzm_n",-97.64891,18.21291,"Balsas Basin province","Mammillaria",18.7625007629395,185.804458618164,8.39999961853027,537,15,1971.77490234375,2.79666137695312
1897601098,"Mammillaria haageana","Oaxaca",NA,NA,NA,NA,"FESZ-UNAM","NO APLICA","Ulises Guzm_n",-97.75,17.766667,"Balsas Basin province","Mammillaria",21.3125,184.909393310547,9.19999980926514,627,14,1780.48608398438,7.33340454101562
1897601141,"Mammillaria haageana","Oaxaca",NA,"5","2","2004","FESZ-UNAM","NO APLICA","Ulises Guzm_n",-97.69344,18.03202,"Balsas Basin province","Mammillaria",17.8583335876465,167.533355712891,7.90000009536743,597,15,2060.48217773438,4.76861572265625
1897601152,"Mammillaria haageana","Oaxaca",NA,NA,NA,NA,"FESZ-UNAM","NO APLICA","Ulises Guzm_n",-97.9,17.733333,"Balsas Basin province","Mammillaria",20.3958339691162,172.698608398438,9.30000019073486,697,18,1856.35717773438,6.50779724121094
1897601227,"Mammillaria zephyranthoides","Oaxaca",NA,"3","5","1995","FESZ-UNAM","NO APLICA","Ulises Guzm_n",-97.47471,17.80444,"Sierra Madre del Sur province","Mammillaria",16.2875003814697,170.228790283203,5.09999990463257,574,18,2214.81201171875,1.77352905273438
1897601229,"Mammillaria zephyranthoides","Oaxaca",NA,"3","5","1995","FESZ-UNAM","NO APLICA","Ulises Guzm_n",-97.56694,17.66833,"Sierra Madre del Sur province","Mammillaria",18.0666675567627,175.827041625977,6.09999990463257,612,17,2063.72216796875,9.49838256835938
1897601242,"Mammillaria zephyranthoides","Oaxaca",NA,NA,NA,NA,"FESZ-UNAM","NO APLICA","Michel Lacoste",-97.41666,18,"Sierra Madre del Sur province","Mammillaria",18.0791664123535,193.701507568359,6.69999980926514,511,18,2040.8662109375,3.15019226074219
1897601320,"Mammillaria albilanata","Oaxaca",NA,"23","9","2011","FESZ-UNAM","NO APLICA","Ulises Guzm_n",-96.945556,17.567528,"Balsas Basin province","Mammillaria",20.7666664123535,206.313247680664,9.80000019073486,958,39,1753.9970703125,7.75251770019531
1897601328,"Mammillaria albilanata","Oaxaca",NA,NA,NA,NA,"FESZ-UNAM","NO APLICA","Ulises Guzm_n",-96.516667,16.233333,"Sierra Madre del Sur province","Mammillaria",17.2124996185303,111.030807495117,9.69999980926514,1085,37,2204.12622070312,5.30880737304688
1897601329,"Mammillaria albilanata","Oaxaca",NA,NA,NA,NA,"FESZ-UNAM","NO APLICA","Ulises Guzm_n",-96.566667,17.6,"Sierra Madre del Sur province","Mammillaria",15.654167175293,168.218719482422,7.59999990463257,1535,63,2396.080078125,10.7498168945312
1897601357,"Mammillaria albilanata","Oaxaca",NA,"6","10","2006","FESZ-UNAM","NO APLICA","Ulises Guzm_n",-97.52947,17.13155,"Sierra Madre del Sur province","Mammillaria",19.3624992370605,123.106109619141,9.10000038146973,885,20,1944.99938964844,7.18412780761719
1897601368,"Mammillaria albilanata","Oaxaca",NA,NA,NA,NA,"FESZ-UNAM","NO APLICA","Ulises Guzm_n",-96.466667,16.383333,"Balsas Basin province","Mammillaria",21.8208332061768,108.302169799805,11.8999996185303,528,11,1528.36645507812,2.86715698242188
1897601386,"Mammillaria albilanata","Oaxaca",NA,"5","3","2005","FESZ-UNAM","NO APLICA","Ulises Guzm_n",-96.93347,17.60772,"Balsas Basin province","Mammillaria",23.1708335876465,220.664886474609,11.5,1007,43,1283.78527832031,11.3472290039062
1897601401,"Mammillaria albilanata","Oaxaca",NA,NA,NA,NA,"FESZ-UNAM","NO APLICA","Ulises Guzm_n",-96.3,16.666667,"Pacific Lowlands province","Mammillaria",24.0041656494141,138.423873901367,13.3000001907349,845,15,937.21240234375,5.02604675292969
1897601425,"Mammillaria albilanata","Oaxaca",NA,"9","6","2002","IBUNAM","NO DISPONIBLE","Carlos G_mez",-95.452778,16.403333,"Pacific Lowlands province","Mammillaria",26.4249992370605,112.340805053711,17.6000003814697,613,5,441.428924560547,8.0006103515625
1897601426,"Mammillaria albilanata","Oaxaca",NA,NA,NA,NA,"FESZ-UNAM","NO APLICA","Ulises Guzm_n",-96.21666,16.476667,"Sierra Madre del Sur province","Mammillaria",20.875,107.078979492188,12.3000001907349,526,14,1789.41589355469,5.08181762695312
1897601463,"Mammillaria albilanata","Oaxaca",NA,"2","9","2012","FESZ-UNAM","NO APLICA","Ulises Guzm_n",-96.10027,16.66166,"Pacific Lowlands province","Mammillaria",23.8583335876465,144.973876953125,13.1000003814697,760,16,774.330627441406,11.2417907714844
1897601798,"Mammillaria karwinskiana","Oaxaca",NA,NA,NA,NA,"FESZ-UNAM","NO APLICA","Ulises Guzm_n",-95.966667,16.516667,"Sierra Madre del Sur province","Mammillaria",23.0249996185303,105.948097229004,13.8999996185303,695,6,1368.0517578125,14.5492095947266
1897601807,"Mammillaria karwinskiana","Oaxaca",NA,NA,NA,NA,"FESZ-UNAM","NO APLICA","Ulises Guzm_n",-95.766667,16.4,"Pacific Lowlands province","Mammillaria",24.5833339691162,94.4922409057617,15.3000001907349,670,12,836.741333007812,1.85578155517578
1897601819,"Mammillaria karwinskiana","Oaxaca",NA,"6","3","2005","FESZ-UNAM","NO APLICA","Ulises Guzm_n",-96.33344,16.72127,"Sierra Madre del Sur province","Mammillaria",22.6875,129.265838623047,12.1000003814697,813,15,1156.75720214844,1.44415283203125
1897601822,"Mammillaria karwinskiana","Oaxaca",NA,NA,NA,NA,"FESZ-UNAM","NO APLICA","Ulises Guzm_n",-96.033333,16.616667,"Pacific Lowlands province","Mammillaria",24.3791656494141,153.703628540039,13.1000003814697,588,10,656.498291015625,0.550094604492188
1897601824,"Mammillaria mystax","Oaxaca",NA,NA,NA,NA,"FESZ-UNAM","NO APLICA","Ulises Guzm_n",-97.683333,17.266667,"Sierra Madre del Sur province","Mammillaria",17.970832824707,141.042510986328,7,822,19,2057.19580078125,1.063720703125
1897601826,"Mammillaria karwinskiana","Oaxaca",NA,NA,NA,NA,"FESZ-UNAM","NO APLICA","Ulises Guzm_n",-96.316667,16.7,"Sierra Madre del Sur province","Mammillaria",23.6749992370605,135.571197509766,12.8999996185303,854,16,1177.18505859375,13.6465301513672
1897601833,"Mammillaria karwinskiana","Oaxaca",NA,"2","9","2012","FESZ-UNAM","NO APLICA","Ulises Guzm_n",-95.73333,16.40527,"Pacific Lowlands province","Mammillaria",24.7250003814697,119.952659606934,15.1000003814697,620,11,637.106567382812,8.17803955078125
1897601859,"Mammillaria karwinskiana","Oaxaca",NA,"17","4","2004","FESZ-UNAM","NO APLICA","Ulises Guzm_n",-96.3235,16.73555,"Sierra Madre del Sur province","Mammillaria",21.7541656494141,118.195877075195,11.6000003814697,676,13,1345.5986328125,8.84201049804688
1897601863,"Mammillaria mystax","Oaxaca",NA,"1","11","2011","FESZ-UNAM","NO APLICA","Ulises Guzm_n",-97.656944,17.355277,"Sierra Madre del Sur province","Mammillaria",17.5874996185303,138.319869995117,6.69999980926514,757,17,2045.38793945312,0.714691162109375
1897601864,"Coryphantha pallida","Oaxaca",NA,"26","6","2011","FESZ-UNAM","2637","Balbina V_zquez B.",-97.407055,17.691917,"Sierra Madre del Sur province","Coryphantha",14.8874998092651,153.713500976562,4.40000009536743,610,18,2410.03125,4.29806518554688
1897601866,"Coryphantha pallida","Oaxaca",NA,"11","8","1995","IBUNAM","NO DISPONIBLE","Balbina V_zquez B.",-97.366666,17.726389,"Sierra Madre del Sur province","Coryphantha",17.3916664123535,185.433563232422,5.80000019073486,530,16,2074.65112304688,1.63583374023438
1897601869,"Coryphantha pallida","Oaxaca",NA,"4","9","2009","FESZ-UNAM","2557","Balbina V_zquez B.",-97.234361,17.849861,"Sierra Madre del Sur province","Coryphantha",15.5249996185303,175.984237670898,5.30000019073486,542,17,2300.44677734375,6.78887939453125
1897601880,"Coryphantha pallida","Oaxaca",NA,"23","10","1990","IBUNAM","NO DISPONIBLE","Salvador Arias M.",-97.192777,17.852778,"Sierra Madre del Sur province","Coryphantha",19.3583335876465,222.872100830078,7.80000019073486,596,23,1889.29162597656,2.31561279296875
1897601882,"Coryphantha pallida","Oaxaca",NA,"26","6","2011","FESZ-UNAM","2636","Balbina V_zquez B.",-97.4355,17.684972,"Sierra Madre del Sur province","Coryphantha",15.9625005722046,161.781631469727,5,590,17,2186.24755859375,3.17013549804688
1897601902,"Mammillaria karwinskiana","Oaxaca",NA,"2","9","2012","FESZ-UNAM","NO APLICA","Ulises Guzm_n",-96.04597,16.54113,"Pacific Lowlands province","Mammillaria",23.7666664123535,121.324768066406,13.8000001907349,667,7,815.55517578125,6.68551635742188
1897601918,"Coryphantha pallida","Oaxaca",NA,"26","6","2011","FESZ-UNAM","2635","Balbina V_zquez B.",-97.532528,17.66875,"Sierra Madre del Sur province","Coryphantha",17.8583335876465,172.611404418945,5.90000009536743,594,17,2041.41918945312,3.85368347167969
1897601932,"Mammillaria mystax","Oaxaca",NA,NA,NA,NA,"FESZ-UNAM","NO APLICA","Ulises Guzm_n",-97.41666,17.68333,"Sierra Madre del Sur province","Mammillaria",14.625,149.94694519043,4.30000019073486,625,17,2316.28149414062,5.08282470703125
1897601933,"Mammillaria karwinskiana","Oaxaca",NA,NA,NA,NA,"FESZ-UNAM","NO APLICA","Michel Lacoste",-96.516667,17.083333,"Sierra Madre del Sur province","Mammillaria",16.3583335876465,136.612167358398,8.10000038146973,770,21,2262.63549804688,6.7432861328125
1897602073,"Mammillaria dixanthocentron","Oaxaca",NA,NA,NA,NA,"FESZ-UNAM","NO APLICA","Michel Lacoste",-97.018055,17.849444,"Balsas Basin province","Mammillaria",25.6375007629395,246.715896606445,13.6999998092651,498,13,548.861694335938,1.36231231689453
1897602104,"Mammillaria dixanthocentron","Oaxaca",NA,NA,NA,NA,"FESZ-UNAM","NO APLICA","Michel Lacoste",-97.01666,17.845,"Balsas Basin province","Mammillaria",25.7291660308838,246.949157714844,13.8000001907349,496,12,564.213256835938,2.32135009765625
1897602108,"Mammillaria dixanthocentron","Oaxaca",NA,NA,NA,NA,"FESZ-UNAM","NO APLICA","Michel Lacoste",-97,17.89833,"Balsas Basin province","Mammillaria",25.875,244.68440246582,13.8999996185303,582,18,622.941101074219,6.34854888916016
1897602160,"Mammillaria dixanthocentron","Oaxaca",NA,NA,NA,NA,"FESZ-UNAM","NO APLICA","Michel Lacoste",-97.016667,17.86833,"Balsas Basin province","Mammillaria",25.7416667938232,245.568267822266,13.8000001907349,528,16,563.503234863281,7.69600677490234
1897602161,"Mammillaria dixanthocentron","Oaxaca",NA,NA,NA,NA,"FESZ-UNAM","NO APLICA","Michel Lacoste",-97.087222,18.005556,"Balsas Basin province","Mammillaria",25.0083332061768,242.850814819336,12.5,714,24,787.523498535156,6.42390441894531
1897602242,"Mammillaria sphacelata","Oaxaca",NA,"27","3","1994","FESZ-UNAM","NO APLICA","Ulises Guzm_n",-97.34183,18.08999,"Sierra Madre del Sur province","Mammillaria",19.2000007629395,219.00602722168,8.39999961853027,565,20,1797.97375488281,32.5958709716797
1897602247,"Mammillaria sphacelata","Oaxaca",NA,"22","4","2000","FESZ-UNAM","NO APLICA","Ulises Guzm_n",-97.32222,18.13194,"Sierra Madre del Sur province","Mammillaria",20.4166660308838,235.915374755859,9,615,21,1438.74377441406,9.82376098632812
1897606502,"Mammillaria haageana","Oaxaca",90,"1","10","2006","FESZ-UNAM","10468","D. Aquino",-97.152511,17.363806,"Sierra Madre del Sur province","Mammillaria",17.404167175293,148.560638427734,6.69999980926514,646,14,2025.26672363281,6.15621948242188
1897606504,"Stenocereus stellatus","Oaxaca",90,"4","10","2006","FESZ-UNAM","10545","D. Aquino",-97.035267,17.35525,"Sierra Madre del Sur province","Stenocereus",19.7041664123535,175.142272949219,8.60000038146973,714,18,1848.34606933594,6.87979125976562
1897606505,"Stenocereus stellatus","Oaxaca",90,"10","3","2007","FESZ-UNAM","10536","D. Aquino",-97.061333,17.478611,"Balsas Basin province","Stenocereus",20.7875003814697,201.890213012695,8.89999961853027,776,20,1538.23046875,16.5524139404297
1898780339,"Pereskia lychnidiflora","Oaxaca",NA,"7","3","2018","iNaturalist","10132254","Carlos Dom_nguez-Rodr_guez",-96.211037,15.780024,"Pacific Lowlands province","Pereskia",27.0208339691162,96.2350006103516,19.7999992370605,1229,18,115.516677856445,2.27325820922852
1898810994,"Mammillaria carnea","Oaxaca",5,"10","8","2018","iNaturalist","15700104","cactus-d",-97.009406,17.938469,"Balsas Basin province","Mammillaria",25.8208332061768,241.928405761719,13.6999998092651,645,21,567.945617675781,2.19904327392578
1898847534,"Pereskia lychnidiflora","Oaxaca",61,"18","12","2017","iNaturalist","9244296","Carlos Dom_nguez-Rodr_guez",-95.960641,15.866324,"Pacific Lowlands province","Pereskia",27.1166667938232,87.2127227783203,19.8999996185303,1129,13,81.8394088745117,12.3789501190186
1898847967,"Pereskia lychnidiflora","Oaxaca",122,"1","2","2018","iNaturalist","9865690","Carlos Dom_nguez-Rodr_guez",-96.143761,15.750541,"Pacific Lowlands province","Pereskia",27.0208339691162,94.591438293457,20.1000003814697,1197,16,63.663013458252,4.6412878036499
1899758418,"Ferocactus recurvus","Oaxaca",5,"9","8","2018","iNaturalist","15696198","Ulises Guzm_n",-96.968925,17.903281,"Balsas Basin province","Ferocactus",25.1166667938232,247.710708618164,13.3000001907349,718,26,639.798583984375,3.07908630371094
1899758457,"Mammillaria carnea","Oaxaca",10,"9","8","2018","iNaturalist","15697976","cactus-d",-97.032168,17.935339,"Balsas Basin province","Mammillaria",25.9208335876465,241.505310058594,13.6999998092651,624,21,599.077453613281,5.50653076171875
1899758594,"Mammillaria rekoi","Oaxaca",NA,"15","8","2018","iNaturalist","15706101","cactus-d",-96.480932,17.269154,"Sierra Madre del Sur province","Mammillaria",16.6708335876465,170.593338012695,7.5,1090,44,2121.33032226562,5.76809692382812
1899816347,"Coryphantha elephantidens","Oaxaca",31,"23","7","2017","iNaturalist","8816734","Ulises Guzm_n",-96.932031,17.405322,"Sierra Madre del Sur province","Coryphantha",16.466667175293,166.109680175781,7,671,16,2162.60229492188,2.71188354492188
1901055210,"Acanthocereus tetragonus","Oaxaca",NA,"6","8","2018","iNaturalist","16142812","Carlos Dom_nguez-Rodr_guez",-96.199654,15.78087,"Pacific Lowlands province","Acanthocereus",26.9958324432373,93.7709426879883,19.8999996185303,1248,16,126.135238647461,1.6063175201416
1901086771,"Acanthocereus tetragonus","Oaxaca",122,"4","9","2018","iNaturalist","16280383","Carlos Dom_nguez-Rodr_guez",-96.203557,15.748823,"Pacific Lowlands province","Acanthocereus",27.0083332061768,94.9601364135742,20,1200,18,104.535827636719,3.58434581756592
1913148772,"Ferocactus recurvus","Oaxaca",50,"15","8","2018","iNaturalist","15713652","Ulises Guzm_n",-96.493569,17.249394,"Sierra Madre del Sur province","Ferocactus",16.1166667938232,165.698684692383,7.19999980926514,940,36,2041.25048828125,14.4126434326172
1913152692,"Pachycereus pecten-aboriginum","Oaxaca",5,"21","8","2018","iNaturalist","16226441","Carlos Dom_nguez-Rodr_guez",-96.190483,15.771592,"Pacific Lowlands province","Pachycereus",27.0041656494141,95.3095016479492,19.8999996185303,1228,16,130.531646728516,4.82631683349609
1913155554,"Pereskia lychnidiflora","Oaxaca",NA,"4","9","2018","iNaturalist","16291673","Carlos Dom_nguez-Rodr_guez",-96.202347,15.746896,"Pacific Lowlands province","Pereskia",27.0083332061768,94.9601364135742,20,1200,18,84.1939163208008,4.17690181732178
1913157057,"Pachycereus pecten-aboriginum","Oaxaca",NA,"4","9","2018","iNaturalist","16299236","Carlos Dom_nguez-Rodr_guez",-96.156509,15.778245,"Pacific Lowlands province","Pachycereus",27.1416664123535,95.4375762939453,20,1220,17,85.7493515014648,1.18863773345947
1913195981,"Epiphyllum hookeri","Oaxaca",1,"16","7","2018","iNaturalist","16478490","Ulises Guzm_n",-96.24817,17.720727,"Veracruzan province","Epiphyllum",24.8583335876465,235.977996826172,15.8000001907349,3588,246,153.336791992188,12.2782230377197
1913205603,"Mammillaria polyedra","Oaxaca",126,"27","2","2015","iNaturalist","7533719","Ulises Guzm_n",-97.982512,17.516018,"Sierra Madre del Sur province","Mammillaria",21.2708339691162,156.400680541992,9.69999980926514,693,17,1829.21203613281,10.7249450683594
1913663398,"Opuntia karwinskiana","Oaxaca",NA,"4","9","2018","iNaturalist","16280614","Carlos Dom_nguez-Rodr_guez",-96.203522,15.740011,"Pacific Lowlands province","Opuntia",27.0166664123535,95.4971160888672,20,1181,18,66.5422744750977,3.11370182037354
1913692368,"Coryphantha elephantidens","Oaxaca",7,"2","9","2018","iNaturalist","16634762","Eugenio Padilla",-96.786889,17.147033,"Balsas Basin province","Coryphantha",21.6958332061768,161.082382202148,9.30000019073486,673,14,1578.13146972656,0.571762084960938
1913716262,"Mammillaria karwinskiana","Oaxaca",NA,"19","6","2007","iNaturalist","311661","Ulises Guzm_n",-96.736556,17.083047,"Balsas Basin province","Mammillaria",21.408332824707,146.207092285156,9.80000019073486,652,15,1763.48034667969,7.850830078125
1914192102,"Opuntia huajuapensis","Oaxaca",NA,"5","5","2018","iNaturalist","13093032","Pedro N_jera Quezada",-97.486389,17.8375,"Sierra Madre del Sur province","Opuntia",16.095832824707,164.350769042969,5.09999990463257,594,20,2196.10424804688,3.49160766601562
1914192809,"Coryphantha pallida","Oaxaca",63,"3","3","2014","iNaturalist","1378373","Pedro N_jera Quezada",-96.962854,17.758424,"Balsas Basin province","Coryphantha",25.3708343505859,244.107452392578,13.6999998092651,543,17,659.396545410156,7.81650543212891
1914195746,"Coryphantha pallida","Oaxaca",5,"9","8","2018","iNaturalist","15696204","Pedro N_jera Quezada",-96.970153,17.904733,"Balsas Basin province","Coryphantha",25.1166667938232,247.710708618164,13.3000001907349,718,26,640.5126953125,3.40353393554688
1914207235,"Opuntia karwinskiana","Oaxaca",NA,"4","9","2018","iNaturalist","16780922","Carlos Dom_nguez-Rodr_guez",-96.225815,15.776644,"Pacific Lowlands province","Opuntia",27.0375003814697,97.3541793823242,19.7999992370605,1223,18,130.363479614258,4.86298847198486
1914242156,"Mammillaria discolor","Oaxaca",NA,"7","2","2004","iNaturalist","16951820","Ulises Guzm_n",-96.88,17.72,"Sierra Madre del Sur province","Mammillaria",21.2958335876465,213.162948608398,10.1000003814697,1407,71,1615.91784667969,12.7590637207031
1914251162,"Coryphantha pallida","Oaxaca",505,"19","9","2016","iNaturalist","5841794","Pedro N_jera Quezada",-96.966619,17.902269,"Balsas Basin province","Coryphantha",24.7583332061768,247.20100402832,12.8999996185303,854,35,671.0107421875,6.49050903320312
1914252729,"Mammillaria carnea","Oaxaca",NA,"9","1","2018","iNaturalist","9481802","Jonathan Mohl",-96.916742,17.637662,"Balsas Basin province","Mammillaria",24.7333335876465,234.572479248047,13.1999998092651,674,24,807.600463867188,3.45674133300781
1914313752,"Mammillaria karwinskiana","Oaxaca",NA,"15","8","2018","iNaturalist","15711960","Pedro N_jera Quezada",-96.490346,17.256326,"Sierra Madre del Sur province","Mammillaria",16.466667175293,168.027770996094,7.40000009536743,1022,40,2014.66650390625,14.3905792236328
1914313754,"Mammillaria karwinskiana","Oaxaca",NA,"15","8","2018","iNaturalist","15711949","Pedro N_jera Quezada",-96.487928,17.260167,"Sierra Madre del Sur province","Mammillaria",16.6499996185303,169.048141479492,7.5,1046,41,2060.01733398438,8.86698913574219
1914314819,"Opuntia karwinskiana","Oaxaca",NA,"6","8","2018","iNaturalist","16142815","Carlos Dom_nguez-Rodr_guez",-96.199303,15.780824,"Pacific Lowlands province","Opuntia",26.9958324432373,93.7709426879883,19.8999996185303,1248,16,125.686950683594,0.754216194152832
1914377769,"Opuntia karwinskiana","Oaxaca",31,"7","1","2018","iNaturalist","9396537","Carlos Dom_nguez-Rodr_guez",-96.121058,15.762952,"Pacific Lowlands province","Opuntia",27.25,95.6793594360352,20.1000003814697,1150,15,0.179413884878159,0.680164813995361
1920782025,"Pachycereus pecten-aboriginum","Oaxaca",NA,"7","3","2018","iNaturalist","10132237","Carlos Dom_nguez-Rodr_guez",-96.211685,15.780653,"Pacific Lowlands province","Pachycereus",27.0208339691162,96.2350006103516,19.7999992370605,1229,18,107.081901550293,2.38204765319824
1920790317,"Pilosocereus chrysacanthus","Oaxaca",4,"27","8","2018","iNaturalist","16102361","Alexis L_pez Hern_ndez",-96.924462,17.60963,"Balsas Basin province","Pilosocereus",23.9291667938232,224.969284057617,12.1000003814697,958,39,1203.46533203125,3.35649108886719
1920793579,"Pilosocereus chrysacanthus","Oaxaca",31,"29","7","2017","iNaturalist","16949042","Pedro N_jera Quezada",-97.026107,17.86866,"Balsas Basin province","Pilosocereus",25.6708335876465,243.837310791016,13.6999998092651,540,16,609.834838867188,12.1822509765625
1920793580,"Coryphantha pallida","Oaxaca",31,"29","7","2017","iNaturalist","16949044","cactus-d",-97.025571,17.868701,"Balsas Basin province","Coryphantha",25.6708335876465,243.837310791016,13.6999998092651,540,16,597.676330566406,11.3752136230469
1920793584,"Ferocactus recurvus","Oaxaca",31,"29","7","2017","iNaturalist","16949047","Ulises Guzm_n",-97.02482,17.868905,"Balsas Basin province","Ferocactus",25.7416667938232,245.568267822266,13.8000001907349,528,16,592.756591796875,11.9898147583008
1920793585,"Mammillaria carnea","Oaxaca",31,"29","7","2017","iNaturalist","16949040","cactus-d",-97.0175,17.874167,"Balsas Basin province","Mammillaria",25.7416667938232,245.568267822266,13.8000001907349,528,16,647.577392578125,10.3977737426758
1920793593,"Mammillaria carnea","Oaxaca",31,"29","7","2017","iNaturalist","16949045","cactus-d",-96.992006,17.892253,"Balsas Basin province","Mammillaria",25.9333343505859,246.182998657227,14,563,17,531.787780761719,0.793548583984375
1920799264,"Stenocereus pruinosus","Oaxaca",15,"30","9","2018","iNaturalist","17225037","Eugenio Padilla",-96.744791,17.143344,"Sierra Madre del Sur province","Stenocereus",20.6124992370605,157.380905151367,9.10000038146973,689,18,1664.67858886719,6.13873291015625
1920851335,"Mammillaria mystax","Oaxaca",NA,"27","9","2017","iNaturalist","8292874","Carlos Martorell",-97.508641,17.837583,"Sierra Madre del Sur province","Mammillaria",14.3791666030884,140.218307495117,4.19999980926514,661,21,2595.57592773438,5.4371337890625
1928764439,"Rhipsalis baccifera","Oaxaca",NA,"6","10","2002","NY","1528673","C. G_mez",-96.65275,18.00522,"Veracruzan province","Rhipsalis",22.6666660308838,241.767486572266,11.8999996185303,3699,270,839.400085449219,10.8264236450195
1928770109,"Peniocereus fosterianus","Oaxaca",NA,"28","6","2006","NY","1414559","C. G_mez Hinostrosa",-96.21439,15.78,"Pacific Lowlands province","Peniocereus",27.0208339691162,96.2350006103516,19.7999992370605,1229,18,116.661354064941,3.59810066223145
1929081812,"Aporocactus martianus","Oaxaca",NA,NA,NA,"1912","NY","118685","Unspecified Determiner",-96.72,17.067778,"Balsas Basin province","Aporocactus",21.6375007629395,151.028671264648,9.80000019073486,651,12,1559.11145019531,1.05364990234375
1929793430,"Opuntia tomentosa","Oaxaca",NA,"21","6","2006","NY","1046016","S. Arias Montes",-96.91753,17.92397,"Sierra Madre del Sur province","Opuntia",23.4916667938232,248.402496337891,11.1999998092651,1575,96,1062.82788085938,10.1928253173828
1931487061,"Pachycereus pecten-aboriginum","Oaxaca",NA,"2","10","2018","iNaturalist","17446431","Carlos Dom_nguez-Rodr_guez",-96.13961,15.778187,"Pacific Lowlands province","Pachycereus",27.2000007629395,92.7606735229492,20.1000003814697,1209,17,35.7132606506348,0.858222961425781
1931489532,"Mammillaria haageana","Oaxaca",NA,"23","9","2018","iNaturalist","17454510","cactus-d",-97.309745,18.067554,"Sierra Madre del Sur province","Mammillaria",11.9875001907349,148.065170288086,3.70000004768372,758,26,2843.25244140625,9.30322265625
1931511063,"Mammillaria karwinskiana","Oaxaca",15,"24","5","2018","iNaturalist","17540431","Eugenio Padilla",-96.440538,16.95413,"Balsas Basin province","Mammillaria",20.6166667938232,131.414215087891,9.69999980926514,658,13,1653.1416015625,1.46293640136719
1931535189,"Mammillaria flavicentra","Oaxaca",253,"12","9","2015","iNaturalist","2496951","Ulises Guzm_n",-97.251363,17.668231,"Sierra Madre del Sur province","Mammillaria",12.9791669845581,144.591262817383,3.70000004768372,714,21,2642.18896484375,4.00668334960938
1931537253,"Mammillaria karwinskiana","Oaxaca",NA,"25","10","2015","iNaturalist","5529984","cactus-d",-96.725617,17.061614,"Balsas Basin province","Mammillaria",21.7749996185303,150.21955871582,9.89999961853027,649,12,1548.93054199219,1.70967102050781
1932320859,"Acanthocereus tetragonus","Oaxaca",NA,"4","9","2018","iNaturalist","17688195","Ulises Guzm_n",-94.762442,17.179077,"Veracruzan province","Acanthocereus",25.1958332061768,226.860549926758,17.6000003814697,3119,216,99.526725769043,3.32970333099365
1932360653,"Epiphyllum oxypetalum","Oaxaca",2,"11","4","2017","iNaturalist","6152819","cactus-d",-96.428401,17.644974,"Sierra Madre del Sur province","Epiphyllum",22.3125,223.201141357422,12.5,2479,183,898.9169921875,15.0889663696289
1932361067,"Epiphyllum hookeri","Oaxaca",488,"14","6","2017","iNaturalist","6910742","geomanuel",-96.390266,17.729394,"Veracruzan province","Epiphyllum",24.1041660308838,235.125289916992,14.8999996185303,2693,181,554.603515625,8.74567413330078
1933596078,"Pachycereus weberi","Oaxaca",4,"1","11","2018","iNaturalist","18022267","Ignacio Torres Garc_a",-96.929371,17.651083,"Balsas Basin province","Pachycereus",24.9624996185303,239.052337646484,13.6999998092651,537,16,754.351135253906,1.08250427246094
1933596111,"Mammillaria carnea","Oaxaca",4,"1","11","2018","iNaturalist","18022243","cactus-d",-96.941129,17.655421,"Balsas Basin province","Mammillaria",24.8583335876465,237.991897583008,13.3999996185303,593,19,818.279418945312,3.69256591796875
1933602782,"Epiphyllum oxypetalum","Oaxaca",8,"6","9","2017","iNaturalist","8912475","Ulises Guzm_n",-96.314714,17.719578,"Veracruzan province","Epiphyllum",23.1749992370605,217.793701171875,13.8999996185303,2927,210,783.068237304688,12.8648147583008
1935587015,"Escontria chiotilla","Oaxaca",3,"1","11","2018","iNaturalist","18017878","Ignacio Torres Garc_a",-96.929389,17.651402,"Balsas Basin province","Escontria",24.9624996185303,239.052337646484,13.6999998092651,537,16,754.681091308594,0.964286804199219
1935605007,"Coryphantha elephantidens","Oaxaca",47,"31","10","2018","iNaturalist","18115096","Ulises Guzm_n",-96.275945,16.866458,"Sierra Madre del Sur province","Coryphantha",20.4333324432373,134.203598022461,10.5,771,16,1739.19836425781,5.17527770996094
1935605026,"Ferocactus recurvus","Oaxaca",84,"31","10","2018","iNaturalist","18115102","cactus-d",-96.27571,16.86654,"Sierra Madre del Sur province","Ferocactus",20.4333324432373,134.203598022461,10.5,771,16,1741.23889160156,6.90252685546875
1935605048,"Mammillaria albilanata","Oaxaca",75,"31","10","2018","iNaturalist","18115117","Ulises Guzm_n",-96.275859,16.866561,"Sierra Madre del Sur province","Mammillaria",20.4333324432373,134.203598022461,10.5,771,16,1746.83740234375,7.87283325195312
1935633794,"Disocactus speciosus","Oaxaca",61,"14","7","2015","iNaturalist","7903875","cactus-d",-97.138353,16.713644,"Sierra Madre del Sur province","Disocactus",14.4708337783813,121.887763977051,7,972,32,2514.63818359375,12.05712890625
1944374225,"Mammillaria karwinskiana","Oaxaca",NA,"24","6","2018","iNaturalist","15433727","cactus-d",-96.672613,17.044665,"Balsas Basin province","Mammillaria",21.3208332061768,155.35090637207,9.39999961853027,625,11,1605.54370117188,10.8438568115234
1944384104,"Myrtillocactus schenckii","Oaxaca",459,"1","11","2018","iNaturalist","18295728","cactus-d",-96.722029,17.066598,"Balsas Basin province","Myrtillocactus",21.7333335876465,151.647537231445,9.80000019073486,661,13,1554.08251953125,0.563812255859375
1944410045,"Mammillaria karwinskiana","Oaxaca",234,"2","11","2018","iNaturalist","18385462","Jonathan Mohl",-96.360045,16.928334,"Balsas Basin province","Mammillaria",20.0750007629395,131.018753051758,9.69999980926514,693,12,1696.33154296875,1.53483581542969
1944410087,"Myrtillocactus schenckii","Oaxaca",307,"2","11","2018","iNaturalist","18385468","cactus-d",-96.359797,16.926558,"Balsas Basin province","Myrtillocactus",20.0750007629395,131.018753051758,9.69999980926514,693,12,1689.53076171875,1.01783752441406
1944410165,"Ferocactus recurvus","Oaxaca",266,"2","11","2018","iNaturalist","18385466","cactus-d",-96.35983,16.928129,"Balsas Basin province","Ferocactus",20.0750007629395,131.018753051758,9.69999980926514,693,12,1697.3984375,0.983078002929688
1946322409,"Pereskia lychnidiflora","Oaxaca",NA,"9","10","2018","iNaturalist","18590884","Carlos Dom_nguez-Rodr_guez",-96.200218,15.772347,"Pacific Lowlands province","Pereskia",27.0083332061768,95.1513824462891,19.8999996185303,1226,17,108.957061767578,1.07121562957764
1946323371,"Pachycereus pecten-aboriginum","Oaxaca",NA,"9","10","2018","iNaturalist","18593690","Carlos Dom_nguez-Rodr_guez",-96.202065,15.747,"Pacific Lowlands province","Pachycereus",27.0083332061768,94.9601364135742,20,1200,18,85.6064682006836,3.36310386657715
1949871911,"Aporocactus martianus","Oaxaca",NA,"3","5","1968","NY","3858421","",-96.68,17.13,"Sierra Madre del Sur province","Aporocactus",15.5416669845581,133.345626831055,7.5,761,22,2235.9912109375,11.6044311523438
1949988990,"Pereskiopsis kellermanii","Oaxaca",66,"6","12","2018","iNaturalist","18873054","Pedro N_jera Quezada",-95.286627,16.106171,"Pacific Lowlands province","Pereskiopsis",27.6916656494141,109.083671569824,19.7999992370605,875,4,17.803560256958,1.67980587482452
1950012182,"Mammillaria flavicentra","Oaxaca",NA,"4","12","2018","iNaturalist","18942916","cactus-d",-97.341559,17.95606,"Sierra Madre del Sur province","Mammillaria",15.4083337783813,171.541580200195,4.80000019073486,582,17,2244.6689453125,2.90707397460938
1950033206,"Opuntia tehuacana","Oaxaca",NA,"3","2","2016","iNaturalist","2657645","Kevin Meza",-97.033616,18.079172,"Balsas Basin province","Opuntia",23.8291664123535,240.117935180664,11.1999998092651,1248,65,1451.81872558594,17.4595794677734
1981504199,"Opuntia decumbens","Oaxaca",NA,NA,"9","1905","NY","3889062","",-96.959513,17.754435,"Balsas Basin province","Opuntia",25.341667175293,244.0830078125,13.6999998092651,542,18,606.737609863281,0.77215576171875
1981506645,"Disocactus speciosus","Oaxaca",NA,"23","11","1959","NY","3860037","",-96.768621,17.069038,"Balsas Basin province","Disocactus",21.529167175293,151.214157104492,9.39999961853027,650,13,1661.67529296875,4.12466430664062
1981508088,"Stenocereus treleasei","Oaxaca",NA,"4","9","1906","NY","3860211","",-96.771146,18.161572,"Sierra Madre del Sur province","Stenocereus",20.5541667938232,224.928863525391,9.69999980926514,3031,185,1458.41809082031,5.30686950683594
1981512904,"Peniocereus oaxacensis","Oaxaca",NA,"21","11","1959","NY","3860958","",-95.240118,16.421608,"Pacific Lowlands province","Peniocereus",27.2666664123535,120.591979980469,19.3999996185303,827,8,77.8415069580078,0.80037784576416
1986513161,"Ferocactus recurvus","Oaxaca",207,"30","9","2018","iNaturalist","18572507","Ulises Guzm_n",-96.399134,16.921173,"Balsas Basin province","Ferocactus",20.6625003814697,133.877914428711,9.69999980926514,687,13,1653.55615234375,1.02023315429688
1986596079,"Myrtillocactus schenckii","Oaxaca",5,"1","1","2019","iNaturalist","19467570","Tom Turner",-96.450203,16.957472,"Balsas Basin province","Myrtillocactus",21.0458335876465,136.605926513672,9.60000038146973,676,13,1679.51489257812,3.76918029785156
1986599858,"Mammillaria karwinskiana","Oaxaca",NA,"31","12","2018","iNaturalist","19476259","Ulises Guzm_n",-96.517983,17.042361,"Balsas Basin province","Mammillaria",18.7000007629395,136.03141784668,9,714,15,1742.90783691406,9.94747924804688
1990501634,"Mammillaria karwinskiana","Oaxaca",11,"23","12","2018","iNaturalist","19647413","izanami",-96.561439,16.974925,"Balsas Basin province","Mammillaria",21.4375,144.365768432617,9.19999980926514,646,10,1600.44519042969,6.1668701171875
1990501825,"Acanthocereus tetragonus","Oaxaca",NA,"11","1","2019","iNaturalist","19647658","Carlos Dom_nguez-Rodr_guez",-96.158226,15.733583,"Pacific Lowlands province","Acanthocereus",26.9874992370605,98.5376052856445,20,1163,15,14.2764072418213,4.13796043395996
1990503013,"Pilosocereus leucocephalus","Oaxaca",NA,"11","1","2019","iNaturalist","19650805","",-96.160271,15.727192,"Pacific Lowlands province","Pilosocereus",27.0625,99.2271423339844,20,1122,14,8.73445415496826,0.952913761138916
1990503583,"Neobuxbaumia tetetzo","Oaxaca",NA,"11","1","2019","iNaturalist","19652461","Pedro N_jera Quezada",-96.160576,15.726726,"Pacific Lowlands province","Neobuxbaumia",27.0625,99.2271423339844,20,1122,14,7.94838094711304,0.236153244972229
1990517216,"Neobuxbaumia tetetzo","Oaxaca",31,"11","1","2019","iNaturalist","19687850","Pedro N_jera Quezada",-96.157933,15.730053,"Pacific Lowlands province","Neobuxbaumia",27.0166664123535,98.4962768554688,20,1144,14,56.1235618591309,6.17443370819092
1990601026,"Stenocereus pruinosus","Oaxaca",12,"20","1","2019","iNaturalist","19908127","Ulises Guzm_n",-96.27737,16.863895,"Sierra Madre del Sur province","Stenocereus",20.4333324432373,134.203598022461,10.5,771,16,1681.55224609375,7.32875061035156
1990601130,"Neobuxbaumia tetetzo","Oaxaca",16,"20","1","2019","iNaturalist","19908260","Ulises Guzm_n",-96.277519,16.863585,"Sierra Madre del Sur province","Neobuxbaumia",20.4333324432373,134.203598022461,10.5,771,16,1667.91125488281,8.28248596191406
1990601173,"Opuntia tomentosa","Oaxaca",48,"20","1","2019","iNaturalist","19908486","Ulises Guzm_n",-96.276192,16.863549,"Sierra Madre del Sur province","Opuntia",20.4333324432373,134.203598022461,10.5,771,16,1637.31335449219,12.4596099853516
1990611434,"Mammillaria karwinskiana","Oaxaca",122,"16","5","2012","iNaturalist","19935962","cactus-d",-96.901708,17.234991,"Balsas Basin province","Mammillaria",21.0541667938232,156.3134765625,9.30000019073486,726,18,1693.8505859375,0.432708740234375
1990612467,"Mammillaria mystax","Oaxaca",4,"19","1","2019","iNaturalist","19938881","Carlos Martorell",-97.35698,17.85293,"Sierra Madre del Sur province","Mammillaria",15.8625001907349,166.816772460938,4.80000019073486,545,14,2331.18579101562,13.2990112304688
1990612491,"Ferocactus recurvus","Oaxaca",2,"19","1","2019","iNaturalist","19938884","Ulises Guzm_n",-97.35689,17.852849,"Sierra Madre del Sur province","Ferocactus",15.8625001907349,166.816772460938,4.80000019073486,545,14,2314.67504882812,16.5038757324219
1990612496,"Mammillaria haageana","Oaxaca",31,"19","1","2019","iNaturalist","19938895","Jonathan Mohl",-97.356222,17.853157,"Sierra Madre del Sur province","Mammillaria",15.8625001907349,166.816772460938,4.80000019073486,545,14,2355.12329101562,10.9837646484375
1990612500,"Coryphantha pallida","Oaxaca",15,"19","1","2019","iNaturalist","19938877","Carlos Martorell",-97.357721,17.853698,"Sierra Madre del Sur province","Coryphantha",15.8625001907349,166.816772460938,4.80000019073486,545,14,2290.58520507812,18.9750366210938
1990633117,"Coryphantha pallida","Oaxaca",6,"2","1","2019","iNaturalist","19996517","Pedro N_jera Quezada",-96.958912,17.683569,"Balsas Basin province","Coryphantha",24.3125,226.887283325195,12.3000001907349,988,45,1112.66394042969,5.18563842773438
1990633128,"Mammillaria sphacelata","Oaxaca",5,"2","1","2019","iNaturalist","19996534","cactus-d",-96.959387,17.682975,"Balsas Basin province","Mammillaria",24.2708339691162,226.228546142578,12.3000001907349,967,44,1123.50085449219,5.07518005371094
1990638166,"Ferocactus recurvus","Oaxaca",126,"25","1","2017","iNaturalist","5038131","Ulises Guzm_n",-96.904027,17.7968,"Sierra Madre del Sur province","Ferocactus",19.9249992370605,212.747177124023,9.60000038146973,1343,55,1853.18481445312,10.7798004150391
1991404628,"Pereskia lychnidiflora","Oaxaca",NA,"3","7","1959","NY","3889926","",-95.132693,16.195862,"Pacific Lowlands province","Pereskia",27.8333339691162,112.51936340332,20,901,5,5.11490106582642,0.547183930873871
1991406912,"Cephalocereus columna-trajani","Oaxaca",NA,"7","9","1906","NY","3889775","",-96.95945,17.754495,"Balsas Basin province","Cephalocereus",25.341667175293,244.0830078125,13.6999998092651,542,18,606.737609863281,0.77215576171875
1991408815,"Pereskiopsis diguetii","Oaxaca",NA,"25","12","1912","NY","3890089","",-95.181298,17.089752,"Veracruzan province","Pereskiopsis",25.0125007629395,191.751800537109,17.3999996185303,2470,101,175.685104370117,1.31565093994141
1991417265,"Pereskia lychnidiflora","Oaxaca",NA,"9","12","1980","NY","3889936","",-95.099813,16.319511,"Pacific Lowlands province","Pereskia",27.8250007629395,123.389602661133,19.8999996185303,949,8,9.45255565643311,1.34737920761108
1991426976,"Pereskia lychnidiflora","Oaxaca",NA,"23","1","1913","NY","3889925","",-95.19644,16.19751,"Pacific Lowlands province","Pereskia",27.9791660308838,110.504188537598,20,880,6,32.5853805541992,3.20364832878113
1991428686,"Pereskia lychnidiflora","Oaxaca",NA,"9","7","1959","NY","3889914","",-95.123394,16.556994,"Pacific Lowlands province","Pereskia",27.5,142.23860168457,19.7999992370605,909,13,68.7608261108398,0.498248100280762
1991432073,"Pereskia lychnidiflora","Oaxaca",NA,NA,"5","1923","NY","3889917","",-95.105677,16.559254,"Pacific Lowlands province","Pereskia",27.4750003814697,145.062698364258,19.8999996185303,930,12,64.4976654052734,0.397289752960205
1991443897,"Pereskia lychnidiflora","Oaxaca",NA,"7","7","1959","NY","3889928","",-95.182883,16.45309,"Pacific Lowlands province","Pereskia",27.6458339691162,127.144493103027,19.7000007629395,869,5,63.4541130065918,0.450538635253906
1993701278,"Ferocactus recurvus","Oaxaca",126,"28","12","2017","iNaturalist","10379884","Pedro N_jera Quezada",-96.940055,17.706905,"Balsas Basin province","Ferocactus",25.0625,241.981643676758,13.6000003814697,556,20,784.010131835938,5.13779449462891
1993742040,"Mammillaria karwinskiana","Oaxaca",357,"3","2","2019","iNaturalist","20066470","geomanuel",-96.48306,17.263085,"Sierra Madre del Sur province","Mammillaria",15.4708337783813,161.082382202148,7.09999990463257,941,36,2196.00415039062,9.9337158203125
1993767470,"Mammillaria karwinskiana","Oaxaca",244,"25","11","2018","iNaturalist","20174654","cactus-d",-96.269416,16.676467,"Sierra Madre del Sur province","Mammillaria",23.9958343505859,139.062744140625,13.3000001907349,846,15,960.643310546875,12.4279556274414
1993767497,"Mammillaria karwinskiana","Oaxaca",244,"25","11","2018","iNaturalist","20174655","cactus-d",-96.264781,16.670547,"Sierra Madre del Sur province","Mammillaria",23.7583332061768,132.525009155273,13.3000001907349,842,16,1039.26330566406,12.4333572387695
1993767522,"Escontria chiotilla","Oaxaca",244,"25","11","2018","iNaturalist","20174650","Ulises Guzm_n",-96.273945,16.6666,"Sierra Madre del Sur province","Escontria",24.1333332061768,143.42138671875,13.3999996185303,825,14,892.15576171875,0.893173217773438
1993772598,"Mammillaria mystax","Oaxaca",505,"17","5","2018","iNaturalist","20190929","Leticia Soriano Flores",-97.37587,17.899901,"Sierra Madre del Sur province","Mammillaria",17.0708332061768,176.718307495117,5.19999980926514,495,12,2140.86474609375,1.354736328125
1993774238,"Opuntia tomentosa","Oaxaca",126,"17","3","2013","iNaturalist","218893","Pedro N_jera Quezada",-96.780152,17.079307,"Balsas Basin province","Opuntia",20.8374996185303,142.766891479492,9.39999961853027,662,16,1831.76770019531,6.61590576171875
1993775331,"Ferocactus recurvus","Oaxaca",63,"19","5","2016","iNaturalist","3453980","",-97.236139,17.831578,"Sierra Madre del Sur province","Ferocactus",15.875,182.601150512695,5.40000009536743,528,18,2228.5927734375,2.61947631835938
1993777208,"Ferocactus recurvus","Oaxaca",126,"8","9","2016","iNaturalist","5036734","Ulises Guzm_n",-96.990802,17.873133,"Balsas Basin province","Ferocactus",25.595832824707,245.990173339844,13.6999998092651,594,19,570.871704101562,7.2930908203125
2005266762,"Coryphantha pallida","Oaxaca",6,"27","8","2018","iNaturalist","16102302","Ignacio Torres Garc_a",-96.924249,17.609399,"Balsas Basin province","Coryphantha",23.9291667938232,224.969284057617,12.1000003814697,958,39,1209.79272460938,5.35704040527344
2005268115,"Pachycereus pecten-aboriginum","Oaxaca",12,"21","9","2018","iNaturalist","16757461","adantapia",-96.268572,15.780217,"Pacific Lowlands province","Pachycereus",26.9583339691162,93.2453384399414,19.7000007629395,1239,21,162.945236206055,4.61373519897461
2005272042,"Pachycereus pecten-aboriginum","Oaxaca",61,"9","10","2018","iNaturalist","18592203","Carlos Dom_nguez-Rodr_guez",-96.202273,15.737717,"Pacific Lowlands province","Pachycereus",27.0166664123535,95.4971160888672,20,1181,18,59.174690246582,4.3257098197937
2005278418,"Marginatocereus marginatus","Oaxaca",4,"19","1","2019","iNaturalist","19938890","Pedro N_jera Quezada",-97.356431,17.853567,"Sierra Madre del Sur province","Marginatocereus",15.8625001907349,166.816772460938,4.80000019073486,545,14,2352.94580078125,10.5746459960938
2005383928,"Escontria chiotilla","Oaxaca",15,"2","5","2018","iNaturalist","20492209","rosariochaparro",-97.765331,18.167634,"Balsas Basin province","Escontria",21.529167175293,174.466201782227,11.3999996185303,456,15,1627.95251464844,3.83425903320312
2005384915,"Myrtillocactus geometrizans","Oaxaca",8,"27","4","2018","iNaturalist","20495462","rosariochaparro",-97.758575,18.165318,"Balsas Basin province","Myrtillocactus",21.6041660308838,176.306259155273,11.3000001907349,445,16,1609.61315917969,5.98420715332031
2005405431,"Opuntia karwinskiana","Oaxaca",318,"13","8","2017","iNaturalist","7498888","rpmundo",-96.107669,15.778047,"Pacific Lowlands province","Opuntia",27.2916660308838,92.9279403686523,20.2000007629395,1166,14,17.0821094512939,1.40396547317505
2006040320,"Stenocereus stellatus","Oaxaca",8,"8","4","2018","iNaturalist","20535574","rosariochaparro",-97.758844,18.168685,"Balsas Basin province","Stenocereus",21.529167175293,174.466201782227,11.3999996185303,456,15,1626.80505371094,6.05068969726562
2006074355,"Opuntia decumbens","Oaxaca",88,"10","2","2018","iNaturalist","20763729","Rodrigo Arrazola",-96.100211,15.768534,"Pacific Lowlands province","Opuntia",27.2625007629395,91.356559753418,20.2000007629395,1176,15,6.96828317642212,7.42535638809204
2006074760,"Ferocactus recurvus","Oaxaca",NA,"19","2","2019","iNaturalist","20764621","Ulises Guzm_n",-97.339804,17.912253,"Sierra Madre del Sur province","Ferocactus",16.0375003814697,172.641555786133,5,550,17,2174.47729492188,6.72879028320312
2012875885,"Epiphyllum hookeri","Oaxaca",NA,"20","5","1939","GH","barcode-01875100","",-95.683333,17.333333,"Veracruzan province","Epiphyllum",24.4333343505859,200.446487426758,15.8000001907349,2410,106,351.805358886719,2.18202590942383
2012975778,"Mammillaria karwinskiana","Oaxaca",325,"26","12","2018","iNaturalist","20892294","Graciela Nu_ez Matadamas",-96.84266,17.161874,"Balsas Basin province","Mammillaria",21.3791675567627,152.784133911133,9.30000019073486,692,15,1669.69299316406,4.146728515625
2013012450,"Mammillaria karwinskiana","Oaxaca",NA,"2","3","2019","iNaturalist","21001296","",-96.812952,17.106631,"Balsas Basin province","Mammillaria",21.3208332061768,147.978179931641,9.30000019073486,670,15,1654.26208496094,5.06405639648438
2013687296,"Myrtillocactus schenckii","Oaxaca",5,"31","12","2018","iNaturalist","19476261","cactus-d",-96.517669,17.042614,"Balsas Basin province","Myrtillocactus",18.7000007629395,136.03141784668,9,714,15,1733.19860839844,9.04460144042969
2013752313,"Disocactus speciosus","Oaxaca",132,"13","3","2019","iNaturalist","21218662","cactus-d",-97.580789,16.849748,"Sierra Madre del Sur province","Disocactus",18.8583335876465,111.086227416992,9.5,1203,29,1987.03100585938,0.597488403320312
2028484407,"Mammillaria mystax","Oaxaca",122,"23","10","2018","iNaturalist","21358705","Jonathan Mohl",-97.572079,17.864689,"Sierra Madre del Sur province","Mammillaria",14.5124998092651,145.79133605957,4.5,647,16,2417.59912109375,7.4990234375
2028484511,"Ferocactus recurvus","Oaxaca",69,"23","10","2018","iNaturalist","21358863","Ulises Guzm_n",-97.566105,17.865222,"Sierra Madre del Sur province","Ferocactus",13.0208330154419,124.507354736328,3.79999995231628,740,20,2607.2587890625,12.4981079101562
2028499213,"Acanthocereus tetragonus","Oaxaca",NA,"15","3","2019","iNaturalist","21405398","Carlos Dom_nguez-Rodr_guez",-96.372292,15.795114,"Pacific Lowlands province","Acanthocereus",26.3708324432373,92.305290222168,18.5,1166,21,202.609222412109,2.41161155700684
2235477510,"Opuntia decumbens","Oaxaca",252,"24","3","2019","iNaturalist","21600076","Leticia Soriano Flores",-97.038996,18.024486,"Balsas Basin province","Opuntia",24.7749996185303,230.685729980469,12.1999998092651,957,43,873.356506347656,4.37497711181641
2235519152,"Pachycereus pecten-aboriginum","Oaxaca",NA,"30","3","2019","iNaturalist","21855324","Carlos Dom_nguez-Rodr_guez",-96.160561,15.728459,"Pacific Lowlands province","Pachycereus",27.0625,99.2271423339844,20,1122,14,10.7545938491821,2.14406323432922
2235526727,"Acanthocereus tetragonus","Oaxaca",NA,"30","3","2019","iNaturalist","21885468","Carlos Dom_nguez-Rodr_guez",-96.167618,15.72254,"Pacific Lowlands province","Acanthocereus",27.0208339691162,97.4086685180664,20,1148,15,67.3559417724609,6.93377923965454
2235526869,"Neobuxbaumia tetetzo","Oaxaca",4,"30","3","2019","iNaturalist","21884824","Carlos Dom_nguez-Rodr_guez",-96.167484,15.722182,"Pacific Lowlands province","Neobuxbaumia",27.0208339691162,97.4086685180664,20,1148,15,56.4682235717773,9.24025917053223
2235527475,"Pachycereus pecten-aboriginum","Oaxaca",NA,"30","3","2019","iNaturalist","21885464","Carlos Dom_nguez-Rodr_guez",-96.167488,15.722548,"Pacific Lowlands province","Pachycereus",27.0208339691162,97.4086685180664,20,1148,15,67.3559417724609,6.93377923965454
2235561467,"Ferocactus recurvus","Oaxaca",126,"20","10","2017","iNaturalist","8524142","Leticia Soriano Flores",-97.398155,18.012647,"Sierra Madre del Sur province","Ferocactus",19.3333339691162,208.83154296875,7.69999980926514,510,19,1922.07836914062,4.4996337890625
2236221484,"Pachycereus pecten-aboriginum","Oaxaca",NA,"5","4","2019","iNaturalist","22059904","Carlos Dom_nguez-Rodr_guez",-96.19915,15.78028,"Pacific Lowlands province","Pachycereus",26.9958324432373,93.7709426879883,19.8999996185303,1248,16,123.432670593262,1.45305728912354
2236262257,"Pachycereus pecten-aboriginum","Oaxaca",NA,"5","4","2019","iNaturalist","22216329","Carlos Dom_nguez-Rodr_guez",-96.200768,15.774761,"Pacific Lowlands province","Pachycereus",27.0083332061768,95.1513824462891,19.8999996185303,1226,17,115.974212646484,1.87729644775391
2236865977,"Pachycereus pecten-aboriginum","Oaxaca",NA,"2","3","2017","iNaturalist","22451160","Carlos Dom_nguez-Rodr_guez",-96.143684,15.786712,"Pacific Lowlands province","Pachycereus",27.2291660308838,92.0587463378906,20.1000003814697,1224,17,56.6699409484863,1.66506147384644
2236867100,"Pereskia lychnidiflora","Oaxaca",122,"1","3","2017","iNaturalist","22451139","Carlos Dom_nguez-Rodr_guez",-96.155095,15.781602,"Pacific Lowlands province","Pereskia",27.1416664123535,95.4375762939453,20,1220,17,61.4404373168945,0.894649505615234
2236872415,"Mammillaria rekoi","Oaxaca",NA,"3","4","2019","iNaturalist","22469929","cactus-d",-96.4907,17.255628,"Sierra Madre del Sur province","Mammillaria",16.466667175293,168.027770996094,7.40000009536743,1022,40,1993.20666503906,15.79345703125
2237435840,"Acanthocereus tetragonus","Oaxaca",31,"7","4","2019","iNaturalist","22694389","Carlos Dom_nguez-Rodr_guez",-96.117646,15.766902,"Pacific Lowlands province","Acanthocereus",27.2625007629395,93.7628479003906,20.2000007629395,1165,15,8.48377132415771,2.78260350227356
2237489020,"Pachycereus pecten-aboriginum","Oaxaca",61,"19","4","2019","iNaturalist","22901986","Carlos Dom_nguez-Rodr_guez",-96.1628,15.719931,"Pacific Lowlands province","Pachycereus",27.0791664123535,99.2576599121094,20,1110,14,9.82256603240967,15.6612682342529
2239003031,"Acanthocereus tetragonus","Oaxaca",NA,"26","4","2019","iNaturalist","24198134","Carlos Dom_nguez-Rodr_guez",-96.136734,15.772275,"Pacific Lowlands province","Acanthocereus",27.2083339691162,96.3146514892578,20.1000003814697,1188,17,47.5362663269043,3.7990870475769
2239003496,"Mammillaria rekoi","Oaxaca",94,"18","4","2019","iNaturalist","24199420","Ulises Guzm_n",-96.692216,17.131097,"Sierra Madre del Sur province","Mammillaria",17.033332824707,138.5859375,8,738,21,2205.22265625,7.13125610351562
2239006521,"Pachycereus pecten-aboriginum","Oaxaca",61,"26","4","2019","iNaturalist","24210830","Carlos Dom_nguez-Rodr_guez",-96.197238,15.710758,"Pacific Lowlands province","Pachycereus",27.0375003814697,97.40087890625,20,1123,15,1.78969824314117,3.0195746421814
2239029470,"Acanthocereus tetragonus","Oaxaca",NA,"27","4","2019","iNaturalist","24312242","Carlos Dom_nguez-Rodr_guez",-96.196831,15.708913,"Pacific Lowlands province","Acanthocereus",27.0375003814697,97.40087890625,20,1123,15,6.6405816078186,5.75427722930908
2239056314,"Coryphantha pallida","Oaxaca",126,"11","9","2016","iNaturalist","5505778","Ulises Guzm_n",-96.982434,17.893419,"Balsas Basin province","Coryphantha",25.4375,248.624664306641,13.5,624,20,559.792541503906,7.47457885742188
2242465541,"Cephalocereus apicicephalium","Oaxaca",NA,"11","4","1996","USF","222252","G. G. Robinson",-95.375,16.358333,"Pacific Lowlands province","Cephalocereus",26.7250003814697,128.053619384766,18.5,710,3,149.620468139648,1.97691345214844
2242741076,"Ferocactus recurvus","Oaxaca",4,"29","8","2018","iNaturalist","16103562","Ulises Guzm_n",-96.937804,17.65191,"Balsas Basin province","Ferocactus",24.8583335876465,237.991897583008,13.3999996185303,593,19,807.57763671875,3.71258544921875
2242804288,"Coryphantha elephantidens","Oaxaca",244,"2","5","2019","iNaturalist","24423776","eduardo_fose",-96.700949,16.814818,"Balsas Basin province","Coryphantha",21.6916675567627,137.060607910156,9.19999980926514,821,11,1481.70812988281,0.626190185546875
2242898146,"Ferocactus recurvus","Oaxaca",15,"2","5","2019","iNaturalist","24774289","Ulises Guzm_n",-97.414888,17.93373,"Sierra Madre del Sur province","Ferocactus",16.7333335876465,167.662170410156,5.40000009536743,550,16,2202.0771484375,1.37786865234375
2242902377,"Pachycereus pecten-aboriginum","Oaxaca",NA,"23","4","2019","iNaturalist","24797785","Carlos Dom_nguez-Rodr_guez",-96.174484,15.778628,"Pacific Lowlands province","Pachycereus",27.0666675567627,94.8044204711914,20,1232,18,69.2240600585938,2.48981380462646
2242904307,"Acanthocereus tetragonus","Oaxaca",NA,"23","4","2019","iNaturalist","24797783","Carlos Dom_nguez-Rodr_guez",-96.17453,15.778506,"Pacific Lowlands province","Acanthocereus",27.0666675567627,94.8044204711914,20,1232,18,67.0221328735352,2.64071178436279
2242905415,"Opuntia decumbens","Oaxaca",NA,"23","4","2019","iNaturalist","24797776","Carlos Dom_nguez-Rodr_guez",-96.174538,15.77849,"Pacific Lowlands province","Opuntia",27.0666675567627,94.8044204711914,20,1232,18,67.0221328735352,2.64071178436279
2242906130,"Opuntia karwinskiana","Oaxaca",NA,"23","4","2019","iNaturalist","24797769","Carlos Dom_nguez-Rodr_guez",-96.174652,15.778559,"Pacific Lowlands province","Opuntia",27.0666675567627,94.8044204711914,20,1232,18,71.1997680664062,2.84498119354248
2243008645,"Coryphantha pallida","Oaxaca",20,"15","5","2019","iNaturalist","25197815","ricardo_munoz",-97.459191,17.504962,"Sierra Madre del Sur province","Coryphantha",15.7791662216187,155.248458862305,4.5,652,19,2224.29370117188,1.94488525390625
2251825550,"Mammillaria carnea","Oaxaca",NA,"21","10","2017","iNaturalist","18780232","cactus-d",-96.94672,17.64444,"Balsas Basin province","Mammillaria",24.5416660308838,233.090225219727,12.6999998092651,781,31,954.461181640625,10.65673828125
2265776935,"Opuntia decumbens","Oaxaca",258,"30","3","2018","iNaturalist","10521715","Abel Jossafat",-95.246131,16.33284,"Pacific Lowlands province","Opuntia",28.3374996185303,109.878517150879,19.7000007629395,850,11,156.197494506836,5.61847305297852
2265776985,"Opuntia decumbens","Oaxaca",NA,"5","4","2018","iNaturalist","10664955","Carlos Dom_nguez-Rodr_guez",-96.189735,15.754305,"Pacific Lowlands province","Opuntia",27.0083332061768,95.6041641235352,20,1190,17,63.5076599121094,2.61718845367432
2265777806,"Mammillaria haageana","Oaxaca",8,"21","5","2018","iNaturalist","13149958","Carlos Martorell",-97.439257,17.928038,"Sierra Madre del Sur province","Mammillaria",16.1000003814697,162.969604492188,5.30000019073486,580,19,2210.9169921875,6.7540283203125
2265779146,"Opuntia decumbens","Oaxaca",NA,"6","8","2018","iNaturalist","16141424","Carlos Dom_nguez-Rodr_guez",-96.199959,15.781453,"Pacific Lowlands province","Opuntia",26.9958324432373,93.7709426879883,19.8999996185303,1248,16,122.235473632812,1.33308029174805
2265779147,"Opuntia decumbens","Oaxaca",244,"6","8","2018","iNaturalist","16141422","Carlos Dom_nguez-Rodr_guez",-96.200127,15.779477,"Pacific Lowlands province","Opuntia",27.0083332061768,96.3618621826172,19.7999992370605,1240,18,122.374855041504,1.38638782501221
2265779157,"Opuntia decumbens","Oaxaca",50,"19","8","2018","iNaturalist","16173469","Carlos Dom_nguez-Rodr_guez",-96.133744,15.766522,"Pacific Lowlands province","Opuntia",27.158332824707,95.6991806030273,20.1000003814697,1182,16,17.8138599395752,1.37813758850098
2265908466,"Opuntia karwinskiana","Oaxaca",15,"22","5","2014","iNaturalist","4532391","Ulises Guzm_n",-94.744463,16.714806,"Pacific Lowlands province","Opuntia",25.7374992370605,190.729751586914,18,1513,77,178.572158813477,11.3197288513184
2265910508,"Opuntia decumbens","Oaxaca",61,"17","2","2018","iNaturalist","9906758","Carlos Dom_nguez-Rodr_guez",-96.191654,15.791015,"Pacific Lowlands province","Opuntia",26.9541664123535,93.9404525756836,19.7999992370605,1274,18,152.262649536133,3.66050148010254
2268885060,"Opuntia huajuapensis","Oaxaca",NA,"10","11","2012","MEXU","100986355","Daniel Sandoval Guti_rrez",-97.566667,16.85,"Sierra Madre del Sur province","Opuntia",17.1791667938232,108.950744628906,8.19999980926514,1113,26,2309.185546875,5.02658081054688
2268885994,"Epiphyllum hookeri","Oaxaca",NA,"17","3","2013","MEXU","100986351","Daniel Sandoval Guti_rrez",-97.55,16.8,"Sierra Madre del Sur province","Epiphyllum",20.3541660308838,99.2118530273438,11.1000003814697,1297,32,1969.50659179688,1.96763610839844
2268979659,"Pereskia lychnidiflora","Oaxaca",NA,"27","7","2015","MEXU","101084993","Carlos G_mez Hinostrosa",-95.1413,16.32663,"Pacific Lowlands province","Pereskia",28.0249996185303,119.058822631836,19.8999996185303,925,6,14.8225355148315,0.158832550048828
2268990526,"Cephalocereus apicicephalium","Oaxaca",NA,NA,NA,"1958","MEXU","101096621","",-94.826848,16.684169,"Pacific Lowlands province","Cephalocereus",25.8333339691162,182.810577392578,18,1405,71,213.987976074219,3.9073486328125
2268990683,"Cephalocereus apicicephalium","Oaxaca",NA,"16","3","2012","MEXU","101096641","",-94.930282,16.683912,"Pacific Lowlands province","Cephalocereus",25.5125007629395,179.470504760742,17.7999992370605,1208,53,280.378692626953,10.0117454528809
2268994441,"Pereskia lychnidiflora","Oaxaca",NA,"3","9","2015","MEXU","101100659","Carlos G_mez Hinostrosa",-95.50175,16.61372,"Pacific Lowlands province","Pereskia",26.3333339691162,132.516464233398,17.5,586,2,240.67951965332,6.32855415344238
2269271711,"Pachycereus pecten-aboriginum","Oaxaca",NA,"6","6","2019","iNaturalist","27107582","Carlos Dom_nguez-Rodr_guez",-96.247818,15.771052,"Pacific Lowlands province","Pachycereus",27.0499992370605,95.6081085205078,19.8999996185303,1220,20,125.904853820801,1.81686973571777
2269272565,"Pereskia lychnidiflora","Oaxaca",NA,"7","6","2019","iNaturalist","27116022","Carlos Dom_nguez-Rodr_guez",-96.161911,15.724754,"Pacific Lowlands province","Pereskia",27.0791664123535,99.2576599121094,20,1110,14,5.24240446090698,0.832543253898621
2269334266,"Opuntia decumbens","Oaxaca",NA,"8","1","2018","iNaturalist","9482220","rpmundo",-96.344222,16.754706,"Sierra Madre del Sur province","Opuntia",21.4458332061768,125.090118408203,11,658,10,1583.6298828125,5.87861633300781
2270563753,"Opuntia auberi","Oaxaca",200,"11","1","1983","ASU","ASU0059028","",-94.968063,16.363483,"Pacific Lowlands province","Opuntia",27.2458324432373,141.042526245117,19.6000003814697,976,8,6.60855674743652,0.386304140090942
2273285649,"Pachycereus pecten-aboriginum","Oaxaca",NA,"15","6","2019","iNaturalist","27614475","Carlos Dom_nguez-Rodr_guez",-96.068527,15.810864,"Pacific Lowlands province","Pachycereus",27.1749992370605,86.6156692504883,20.1000003814697,1218,16,58.9387359619141,11.3241491317749
2294689025,"Ferocactus recurvus","Oaxaca",505,"11","9","2016","iNaturalist","5505577","Ulises Guzm_n",-96.982412,17.905536,"Balsas Basin province","Ferocactus",25.470832824707,249.540130615234,13.6000003814697,613,19,512.801574707031,3.27692031860352
2311337671,"Ferocactus recurvus","Oaxaca",22,"25","7","2019","iNaturalist","29640135","Miguel _ngel Cruz Ramirez",-97.342979,17.527099,"Sierra Madre del Sur province","Ferocactus",16.5666675567627,152.722763061523,5.30000019073486,594,13,2157.72680664062,3.16571044921875
2311387610,"Opuntia decumbens","Oaxaca",NA,"12","7","2019","iNaturalist","29837069","Carlos Dom_nguez-Rodr_guez",-95.532043,15.979146,"Pacific Lowlands province","Opuntia",27.6833343505859,86.8733062744141,20.2000007629395,903,5,9.59294033050537,3.70256018638611
2331838373,"Epiphyllum hookeri","Oaxaca",122,"29","6","2019","iNaturalist","28499563","Manuel Campos",-96.250839,17.466136,"Sierra Madre del Sur province","Epiphyllum",23.0166664123535,229.270919799805,13.1999998092651,2051,123,465.834777832031,15.7466468811035
2331854406,"Mammillaria rekoi","Oaxaca",122,"14","7","2019","iNaturalist","30024106","cactus-d",-96.502506,17.239862,"Sierra Madre del Sur province","Mammillaria",15.8416662216187,162.841720581055,7.09999990463257,901,36,2290.798828125,5.5106201171875
2350368891,"Pereskia lychnidiflora","Oaxaca",4,"7","8","2019","iNaturalist","30595389","Carlos Dom_nguez-Rodr_guez",-96.16451,15.780895,"Pacific Lowlands province","Pereskia",27.091667175293,93.9737243652344,20,1233,18,96.8396911621094,3.70908832550049
2350408767,"Acanthocereus tetragonus","Oaxaca",4,"10","8","2019","iNaturalist","30737717","Carlos Dom_nguez-Rodr_guez",-96.158689,15.733379,"Pacific Lowlands province","Acanthocereus",27.0083332061768,97.7667465209961,20,1159,15,2.43066239356995,3.50154495239258
2366122220,"Pachycereus weberi","Oaxaca",5,"20","8","2019","iNaturalist","31194461","cactus-d",-96.973595,17.889118,"Balsas Basin province","Pachycereus",25.1208343505859,246.073333740234,13.3000001907349,714,25,644.665588378906,6.49671936035156
2366126692,"Opuntia decumbens","Oaxaca",7,"20","8","2019","iNaturalist","31200835","Miguel A. Chavez Caballero",-96.973683,17.888909,"Balsas Basin province","Opuntia",25.1208343505859,246.073333740234,13.3000001907349,714,25,647.349304199219,6.50229644775391
2366129906,"Acanthocereus tetragonus","Oaxaca",NA,"16","5","2019","iNaturalist","31218971","Carlos Dom_nguez-Rodr_guez",-96.148087,15.75463,"Pacific Lowlands province","Acanthocereus",27.0208339691162,94.591438293457,20.1000003814697,1197,16,54.3275146484375,2.75307369232178
2366130358,"Opuntia karwinskiana","Oaxaca",15,"16","5","2019","iNaturalist","31218997","Carlos Dom_nguez-Rodr_guez",-96.152456,15.755259,"Pacific Lowlands province","Opuntia",27.0249996185303,96.2832107543945,20.1000003814697,1195,16,69.0062484741211,2.62601280212402
2366130472,"Pilosocereus leucocephalus","Oaxaca",4,"16","5","2019","iNaturalist","31218977","ricardo_munoz",-96.148579,15.754536,"Pacific Lowlands province","Pilosocereus",27.0208339691162,94.591438293457,20.1000003814697,1197,16,54.1146621704102,3.20970439910889
2366152283,"Mammillaria rekoi","Oaxaca",122,"20","8","2019","iNaturalist","31300361","Ulises Guzm_n",-96.058021,17.100122,"Sierra Madre del Sur province","Mammillaria",14.7750005722046,145.890686035156,7.69999980926514,1258,52,2134.4326171875,7.89947509765625
2397509613,"Opuntia decumbens","Oaxaca",31,"24","3","2019","iNaturalist","31269130","cactus-d",-96.251932,16.884802,"Pacific Lowlands province","Opuntia",20.5708332061768,135.704528808594,10.6999998092651,851,21,1522.06750488281,2.94338989257812
2397523998,"Mammillaria albilanata","Oaxaca",244,"20","8","2019","iNaturalist","31369530","Ulises Guzm_n",-96.103081,17.079132,"Sierra Madre del Sur province","Mammillaria",17.2000007629395,152.747573852539,9.5,1314,58,2040.06079101562,8.77937316894531
2397556526,"Ferocactus recurvus","Oaxaca",NA,"20","8","2019","iNaturalist","31493776","Ignacio Torres Garc_a",-96.97348,17.88916,"Balsas Basin province","Ferocactus",25.1208343505859,246.073333740234,13.3000001907349,714,25,644.665588378906,6.49671936035156
2397560201,"Opuntia tomentosa","Oaxaca",24,"13","1","2014","iNaturalist","31500796","maluruto72",-96.768011,17.046164,"Balsas Basin province","Opuntia",20.3166675567627,134.575653076172,9.5,662,16,1925.58654785156,3.28256225585938
2422757903,"Opuntia huajuapensis","Oaxaca",5,"11","4","2018","iNaturalist","11396606","Ray Mart_nez Jim_nez",-97.37455,17.804031,"Sierra Madre del Sur province","Opuntia",17.4833335876465,185.635665893555,5.69999980926514,485,13,2094.1142578125,1.12985229492188
2422759988,"Opuntia tomentosa","Oaxaca",4,"10","5","2018","iNaturalist","13013434","geomanuel",-96.71287,17.10968,"Balsas Basin province","Opuntia",20.158332824707,148.780410766602,9.19999980926514,676,19,1700.39099121094,3.8739013671875
2422817322,"Pachycereus weberi","Oaxaca",6,"27","8","2018","iNaturalist","16102342","Ignacio Torres Garc_a",-96.924434,17.60969,"Balsas Basin province","Pachycereus",23.9291667938232,224.969284057617,12.1000003814697,958,39,1202.56665039062,3.70086669921875
2422854736,"Pereskia lychnidiflora","Oaxaca",3,"3","7","2019","iNaturalist","28134130","Oscar Gonz_lez",-96.719362,17.025915,"Balsas Basin province","Pereskia",21.8083324432373,151.339950561523,9.60000038146973,645,11,1525.20178222656,0.375839233398438
2429270975,"Acanthocereus tetragonus","Oaxaca",1,"15","3","2011","iNaturalist","33496387","Ulises Guzm_n",-96.719525,17.026101,"Balsas Basin province","Acanthocereus",21.8083324432373,151.339950561523,9.60000038146973,645,11,1525.20178222656,0.375839233398438
2429321870,"Coryphantha elephantidens","Oaxaca",5,"29","9","2019","iNaturalist","33668372","cactus-d",-96.781991,16.934334,"Balsas Basin province","Coryphantha",21.654167175293,145.359405517578,8.69999980926514,703,11,1524.35034179688,0.919586181640625
2429414943,"Pereskiopsis kellermanii","Oaxaca",1,"1","10","2019","iNaturalist","33997261","Carlos Dom_nguez-Rodr_guez",-96.200826,15.774108,"Pacific Lowlands province","Pereskiopsis",27.0083332061768,95.1513824462891,19.8999996185303,1226,17,117.623207092285,1.40122890472412
2429433266,"Mammillaria mystax","Oaxaca",15,"6","10","2019","iNaturalist","34041336","ricardo_munoz",-97.321237,17.54788,"Sierra Madre del Sur province","Mammillaria",15.6458330154419,139.242401123047,4.80000019073486,586,12,2288.91186523438,1.9295654296875
2429433271,"Mammillaria mystax","Oaxaca",8,"18","9","2019","iNaturalist","34041622","Leoncio Paz",-97.322148,17.55088,"Sierra Madre del Sur province","Mammillaria",15.7250003814697,141.509719848633,4.80000019073486,585,15,2336.8876953125,3.20840454101562
2429449474,"Pereskiopsis kellermanii","Oaxaca",15,"1","10","2019","iNaturalist","34047978","Carlos Dom_nguez-Rodr_guez",-96.196912,15.771694,"Pacific Lowlands province","Pereskiopsis",27.0083332061768,95.675422668457,19.8999996185303,1225,17,111.991432189941,2.56767177581787
2429609276,"Pereskia lychnidiflora","Oaxaca",NA,"18","2","2019","iNaturalist","34436018","Carlos Dom_nguez-Rodr_guez",-96.131325,15.769459,"Pacific Lowlands province","Pereskia",27.2291660308838,96.2585830688477,20.1000003814697,1181,17,19.2837219238281,1.84066474437714
2444962251,"Pereskia lychnidiflora","Oaxaca",8,"15","10","2019","iNaturalist","34768164","Carlos Dom_nguez-Rodr_guez",-96.202419,15.783768,"Pacific Lowlands province","Pereskia",26.9958343505859,95.2140731811523,19.7999992370605,1257,18,127.774803161621,0.466938972473145
2445048311,"Pereskia lychnidiflora","Oaxaca",61,"15","10","2019","iNaturalist","34768218","Carlos Dom_nguez-Rodr_guez",-96.203694,15.781593,"Pacific Lowlands province","Pereskia",27.0083332061768,96.3618621826172,19.7999992370605,1240,18,123.858497619629,1.53016185760498
2445079615,"Ferocactus recurvus","Oaxaca",NA,"18","9","2019","iNaturalist","34841454","cactus-d",-97.415245,17.930958,"Sierra Madre del Sur province","Ferocactus",16.7250003814697,167.854095458984,5.30000019073486,547,16,2195.29956054688,4.21466064453125
2445121558,"Stenocactus crispatus","Oaxaca",15,"12","10","2019","iNaturalist","34322155","Ciro Rodriguez Perez",-97.452993,17.936969,"Sierra Madre del Sur province","Stenocactus",16.2583332061768,167.939834594727,5.59999990463257,567,18,2276.45776367188,4.21975708007812
2447836551,"Mammillaria albilanata","Oaxaca",122,"20","8","2019","iNaturalist","31300600","Ulises Guzm_n",-96.108489,17.082073,"Sierra Madre del Sur province","Mammillaria",17.6375007629395,154.539276123047,9.69999980926514,1338,61,1861.56896972656,11.1757202148438
2451576831,"Mammillaria haageana","Oaxaca",5,"20","4","2018","iNaturalist","12490393","Ray Mart_nez Jim_nez",-97.318047,17.762786,"Sierra Madre del Sur province","Mammillaria",16.5833339691162,179.270385742188,5.30000019073486,515,12,2193.95361328125,4.722412109375
2451587213,"Mammillaria mystax","Oaxaca",12,"17","7","2019","iNaturalist","29886109","Jonathan Mohl",-97.655139,18.010802,"Balsas Basin province","Mammillaria",18.2999992370605,175.019485473633,8,569,14,1974.53381347656,15.3870239257812
2456537098,"Myrtillocactus schenckii","Oaxaca",61,"6","11","2018","iNaturalist","35504503","cactus-d",-96.566885,16.996276,"Balsas Basin province","Myrtillocactus",21.1458339691162,144.826812744141,9.10000038146973,642,11,1599.162109375,0.576431274414062
2456540271,"Pereskia lychnidiflora","Oaxaca",NA,"5","11","2019","iNaturalist","35514412","Carlos Dom_nguez-Rodr_guez",-96.239754,15.772959,"Pacific Lowlands province","Pereskia",27.0458335876465,97.9669952392578,19.7999992370605,1192,20,97.8347473144531,2.98080730438232
2456570443,"Mammillaria haageana","Oaxaca",4,"9","11","2019","iNaturalist","35615112","",-97.512417,17.847204,"Sierra Madre del Sur province","Mammillaria",14.0041666030884,134.560882568359,4.09999990463257,682,23,2544.96166992188,9.5283203125
2459993423,"Ferocactus recurvus","Oaxaca",5,"31","12","2018","iNaturalist","19476262","cactus-d",-96.517656,17.042619,"Balsas Basin province","Ferocactus",18.7000007629395,136.03141784668,9,714,15,1733.19860839844,9.04460144042969
2459995101,"Stenocactus crispatus","Oaxaca",31,"21","2","2019","iNaturalist","23039164","Carlos Martorell",-97.423257,17.895327,"Sierra Madre del Sur province","Stenocactus",16.5375003814697,162.915573120117,5.09999990463257,540,15,2164.34252929688,2.61395263671875
2459996641,"Opuntia tomentosa","Oaxaca",11,"13","5","2019","iNaturalist","25168736","m4nue1",-97.426055,17.552228,"Sierra Madre del Sur province","Opuntia",15.0541667938232,145.281219482422,4.09999990463257,647,19,2314.21020507812,3.33090209960938
2460013013,"Rhipsalis baccifera","Oaxaca",6,"12","11","2019","iNaturalist","35700038","Azul B.M",-95.464389,16.7372,"Sierra Madre del Sur province","Rhipsalis",22.2291660308838,101.409553527832,13.8999996185303,918,62,1082.39111328125,11.9192504882812
2460022778,"Pachycereus pecten-aboriginum","Oaxaca",NA,"20","11","2019","iNaturalist","35926197","Pablo Carrillo-Reyes",-95.442108,16.006145,"Pacific Lowlands province","Pachycereus",27.75,85.5994873046875,20.1000003814697,867,5,26.1691112518311,3.34415531158447
2460024901,"Opuntia pubescens","Oaxaca",NA,"6","7","2006","iNaturalist","311651","Ulises Guzm_n",-96.735011,17.083334,"Balsas Basin province","Opuntia",21.25,145.258392333984,9.69999980926514,658,15,1750.53149414062,10.9344635009766
2460037234,"Myrtillocactus geometrizans","Oaxaca",31,"14","3","2015","iNaturalist","35703264","Pedro N_jera Quezada",-96.98666,17.912743,"Balsas Basin province","Myrtillocactus",25.6666660308838,246.60725402832,13.6999998092651,618,19,592.8798828125,3.94013214111328
2460049123,"Opuntia pilifera","Oaxaca",132,"20","8","2019","iNaturalist","31213778","Ignacio Torres Garc_a",-96.97331,17.89072,"Balsas Basin province","Opuntia",25.1208343505859,246.073333740234,13.3000001907349,714,25,629.459228515625,5.12104034423828
2460081158,"Mammillaria albilanata","Oaxaca",203,"29","12","2018","iNaturalist","31829961","cactus-d",-96.490591,17.255614,"Sierra Madre del Sur province","Mammillaria",16.466667175293,168.027770996094,7.40000009536743,1022,40,2008.23999023438,13.5600280761719
2460094549,"Mammillaria albilanata","Oaxaca",NA,"22","10","2019","iNaturalist","35018361","Ulises Guzm_n",-97.0775,16.541389,"Sierra Madre del Sur province","Mammillaria",18.1458339691162,118.426383972168,9.39999961853027,975,24,2103.91430664062,8.93490600585938
2460151314,"Opuntia streptacantha","Oaxaca",15,"28","4","2012","iNaturalist","35703075","Pedro N_jera Quezada",-97.323315,17.554959,"Sierra Madre del Sur province","Opuntia",15.7250003814697,141.509719848633,4.80000019073486,585,15,2321.90258789062,2.30654907226562
2460164466,"Mammillaria karwinskiana","Oaxaca",122,"6","11","2018","iNaturalist","35504502","",-96.568308,16.997218,"Balsas Basin province","Mammillaria",21.1458339691162,144.826812744141,9.10000038146973,642,11,1604.05151367188,1.71852111816406
2465087218,"Coryphantha elephantidens","Oaxaca",NA,"3","6","2018","iNaturalist","15049664","Ulises Guzm_n",-96.662232,17.130775,"Sierra Madre del Sur province","Coryphantha",16.3999996185303,140.696319580078,7.59999990463257,756,22,2057.18359375,20.6374816894531
2465089760,"Myrtillocactus geometrizans","Oaxaca",31,"29","7","2017","iNaturalist","16949056","cactus-d",-97.029679,17.868006,"Balsas Basin province","Myrtillocactus",25.6708335876465,243.837310791016,13.6999998092651,540,16,649.058410644531,9.43756103515625
2465091174,"Coryphantha elephantidens","Oaxaca",84,"31","10","2018","iNaturalist","18115113","Ulises Guzm_n",-96.275971,16.868662,"Sierra Madre del Sur province","Coryphantha",19.3541660308838,126.157524108887,10.3000001907349,701,12,1773.27954101562,0.853546142578125
2465106460,"Ferocactus recurvus","Oaxaca",NA,"3","2","2016","iNaturalist","2657814","cactus-d",-97.016101,18.08879,"Sierra Madre del Sur province","Ferocactus",19.7541675567627,222.858093261719,9.10000038146973,1417,53,1873.78173828125,8.0181884765625
2465110308,"Myrtillocactus geometrizans","Oaxaca",31,"15","3","2016","iNaturalist","2825396","Ignacio Torres Garc_a",-96.97906,17.902481,"Balsas Basin province","Myrtillocactus",25.470832824707,249.540130615234,13.6000003814697,613,19,583.482116699219,3.91514587402344
2465118755,"Coryphantha elephantidens","Oaxaca",NA,"26","7","2006","iNaturalist","311654","",-96.697464,17.115774,"Sierra Madre del Sur province","Coryphantha",19.283332824707,145.154037475586,8.80000019073486,699,20,1890.31506347656,9.90638732910156
2465132277,"Acanthocereus tetragonus","Oaxaca",61,"22","11","2019","iNaturalist","36083517","Carlos Dom_nguez-Rodr_guez",-96.150726,15.754865,"Pacific Lowlands province","Acanthocereus",27.0249996185303,96.2832107543945,20.1000003814697,1195,16,63.0404624938965,2.67158508300781
2465137225,"Pilosocereus leucocephalus","Oaxaca",15,"23","6","2017","iNaturalist","6772654","ricardo_munoz",-96.136519,15.76892,"Pacific Lowlands province","Pilosocereus",27.2083339691162,96.3146514892578,20.1000003814697,1188,17,46.7870063781738,3.8631477355957
2465139672,"Pachycereus pecten-aboriginum","Oaxaca",15,"25","11","2019","iNaturalist","36069505","Carlos Dom_nguez-Rodr_guez",-96.17189,15.737749,"Pacific Lowlands province","Pachycereus",27.029167175293,97.7347717285156,20,1143,15,37.8551177978516,6.6536169052124
2465158311,"Mammillaria karwinskiana","Oaxaca",61,"14","1","2017","iNaturalist","4956131","cactus-d",-96.657801,17.023467,"Balsas Basin province","Mammillaria",19.0041675567627,134.493301391602,9.10000038146973,664,15,1882.94470214844,7.35643005371094
2465172999,"Acanthocereus tetragonus","Oaxaca",8,"25","11","2019","iNaturalist","36069461","Carlos Dom_nguez-Rodr_guez",-96.168067,15.736353,"Pacific Lowlands province","Acanthocereus",27.029167175293,97.7347717285156,20,1143,15,14.6305980682373,3.49125838279724
2465184503,"Stenocactus crispatus","Oaxaca",4,"26","6","2016","iNaturalist","3742135","",-97.561472,17.719414,"Sierra Madre del Sur province","Stenocactus",17.2625007629395,160.257247924805,5.80000019073486,613,16,2160.66162109375,6.821533203125
2465204814,"Mammillaria albilanata","Oaxaca",253,"14","11","2016","iNaturalist","4890671","Jonathan Mohl",-97.245097,17.695323,"Sierra Madre del Sur province","Mammillaria",13.0791664123535,145.359405517578,3.79999995231628,701,19,2613.63256835938,12.2933044433594
2465205821,"Myrtillocactus geometrizans","Oaxaca",NA,"26","12","2016","iNaturalist","4848728","ricardo_munoz",-97.328728,18.129903,"Balsas Basin province","Myrtillocactus",21.5625,238.881134033203,9.5,561,20,1493.95703125,8.06132507324219
2465215712,"Opuntia pubescens","Oaxaca",NA,"2","10","2016","iNaturalist","4277216","Pedro N_jera Quezada",-96.676,17.033,"Balsas Basin province","Opuntia",20.3374996185303,141.776473999023,9.5,644,12,1680.40612792969,6.11776733398438
2465219932,"Mammillaria karwinskiana","Oaxaca",NA,"8","1","2018","iNaturalist","9482225","Jonathan Mohl",-96.342933,16.754925,"Sierra Madre del Sur province","Mammillaria",21.4458332061768,125.090118408203,11,658,10,1581.51342773438,8.99186706542969
2465243322,"Mammillaria polyedra","Oaxaca",126,"23","11","2016","iNaturalist","5933399","Ulises Guzm_n",-96.965053,18.071484,"Sierra Madre del Sur province","Mammillaria",17.0041675567627,194.123413085938,8.10000038146973,1341,53,2134.41772460938,6.51947021484375
2465270394,"Coryphantha elephantidens","Oaxaca",8,"14","8","2019","iNaturalist","36161549","cactus-d",-97.12131,17.646915,"Sierra Madre del Sur province","Coryphantha",16.7124996185303,183.180541992188,6.30000019073486,538,15,2060.61499023438,16.8848876953125
2465279444,"Pereskiopsis kellermanii","Oaxaca",NA,"23","6","2019","iNaturalist","36310009","Carlos Dom_nguez-Rodr_guez",-96.067734,15.813722,"Pacific Lowlands province","Pereskiopsis",27.1749992370605,86.6156692504883,20.1000003814697,1218,16,19.632869720459,6.18640518188477
2465295831,"Pachycereus pecten-aboriginum","Oaxaca",8,"21","3","2005","iNaturalist","36014380","Pablo Carrillo-Reyes",-95.438884,16.45898,"Pacific Lowlands province","Pachycereus",26.533332824707,139.631561279297,18.6000003814697,688,3,142.035491943359,2.01180839538574
2465306894,"Pereskia lychnidiflora","Oaxaca",15,"22","11","2019","iNaturalist","36083647","Carlos Dom_nguez-Rodr_guez",-96.163599,15.756201,"Pacific Lowlands province","Pereskia",27.0416660308838,96.6444549560547,20,1170,15,37.7419776916504,2.04343175888062
2465315878,"Acanthocereus tetragonus","Oaxaca",8,"23","6","2019","iNaturalist","36309965","Carlos Dom_nguez-Rodr_guez",-96.077769,15.814515,"Pacific Lowlands province","Acanthocereus",27.1208324432373,85.691276550293,20.1000003814697,1249,17,100.081398010254,4.57899475097656
2517941305,"Opuntia karwinskiana","Oaxaca",NA,"3","4","2018","iNaturalist","10602878","ricardo_munoz",-96.175232,15.777304,"Pacific Lowlands province","Opuntia",27.0541667938232,95.3095092773438,19.8999996185303,1229,17,63.8640518188477,3.32581949234009
2517941955,"Opuntia pilifera","Oaxaca",7,"23","3","2018","iNaturalist","12521131","Eugenio Padilla",-96.443953,16.949903,"Balsas Basin province","Opuntia",20.8916664123535,133.97477722168,9.60000038146973,669,13,1653.32238769531,5.31443786621094
2517942109,"Opuntia tomentosa","Oaxaca",507,"25","2","2015","iNaturalist","1292512","rpmundo",-96.730671,17.074015,"Balsas Basin province","Opuntia",21.5166664123535,146.059341430664,9.89999961853027,645,14,1643.75695800781,7.63751220703125
2517943498,"Opuntia pubescens","Oaxaca",NA,"4","9","2018","iNaturalist","16783592","Ulises Guzm_n",-96.194023,15.76967,"Pacific Lowlands province","Opuntia",27.0083332061768,95.675422668457,19.8999996185303,1225,17,96.0434799194336,2.23073101043701
2517943611,"Ferocactus recurvus","Oaxaca",126,"29","9","2018","iNaturalist","17078397","cactus-d",-96.358042,16.927562,"Balsas Basin province","Ferocactus",20.0249996185303,131.22673034668,9.69999980926514,703,12,1691.68200683594,2.06451416015625
2517944315,"Opuntia tomentosa","Oaxaca",NA,"23","9","2018","iNaturalist","18644790","ricardo_munoz",-96.780121,16.994497,"Balsas Basin province","Opuntia",21.6333332061768,142.419555664062,9.10000038146973,658,11,1575.86608886719,1.20919799804688
2517944450,"Opuntia depressa","Oaxaca",253,"30","5","2018","iNaturalist","18697506","ricardo_munoz",-96.930162,17.645617,"Balsas Basin province","Opuntia",24.875,238.389465332031,13.5,566,17,775.996520996094,4.02641296386719
2517944999,"Opuntia pilifera","Oaxaca",5,"1","1","2019","iNaturalist","19467569","Ulises Guzm_n",-96.449281,16.957736,"Balsas Basin province","Opuntia",20.9333343505859,135.182250976562,9.60000038146973,677,13,1684.69604492188,2.23553466796875
2517945714,"Opuntia karwinskiana","Oaxaca",44,"10","2","2018","iNaturalist","20763649","Rodrigo Arrazola",-96.100258,15.768452,"Pacific Lowlands province","Opuntia",27.2625007629395,91.356559753418,20.2000007629395,1176,15,6.96828317642212,7.42535638809204
2517946089,"Opuntia karwinskiana","Oaxaca",NA,"15","3","2019","iNaturalist","21405382","Carlos Dom_nguez-Rodr_guez",-96.373726,15.792265,"Pacific Lowlands province","Opuntia",26.3708324432373,92.305290222168,18.5,1166,21,203.493469238281,0.618627548217773
2517946092,"Opuntia auberi","Oaxaca",488,"21","8","2018","iNaturalist","21413604","ricardo_munoz",-96.18409,15.770497,"Pacific Lowlands province","Opuntia",27.0041656494141,95.3095016479492,19.8999996185303,1228,16,119.651000976562,2.80108261108398
2517946368,"Opuntia depressa","Oaxaca",252,"28","3","2019","iNaturalist","21884144","ricardo_munoz",-97.257894,18.156395,"Balsas Basin province","Opuntia",23.8791656494141,238.036087036133,10.8999996185303,387,12,1140.08203125,11.4498748779297
2517946434,"Opuntia karwinskiana","Oaxaca",NA,"5","4","2019","iNaturalist","22059900","Carlos Dom_nguez-Rodr_guez",-96.219177,15.786327,"Pacific Lowlands province","Opuntia",26.9958343505859,94.5914077758789,19.7999992370605,1257,18,128.728302001953,2.94277477264404
2517946910,"Opuntia decumbens","Oaxaca",NA,"16","4","2019","iNaturalist","22890711","ricardo_munoz",-97.208389,16.943286,"Sierra Madre del Sur province","Opuntia",21.1291656494141,140.671432495117,10,1088,19,1396.91821289062,4.801025390625
2517947740,"Pereskiopsis kellermanii","Oaxaca",122,"27","4","2019","iNaturalist","24227274","Carlos Dom_nguez-Rodr_guez",-96.19642,15.711299,"Pacific Lowlands province","Pereskiopsis",27.0375003814697,97.40087890625,20,1123,15,20.3474102020264,6.24658966064453
2517947780,"Opuntia auberi","Oaxaca",15,"27","4","2019","iNaturalist","24312225","ricardo_munoz",-96.196559,15.709723,"Pacific Lowlands province","Opuntia",27.0375003814697,97.40087890625,20,1123,15,3.42593479156494,4.59199476242065
2517959105,"Opuntia decumbens","Oaxaca",4,"18","7","2019","iNaturalist","34268194","Carlos Dom_nguez-Rodr_guez",-96.165437,15.756067,"Pacific Lowlands province","Opuntia",27.0416660308838,96.6444549560547,20,1170,15,34.0741157531738,1.52466368675232
2517959405,"Mammillaria flavicentra","Oaxaca",51,"27","9","2019","iNaturalist","34413456","Ulises Guzm_n",-97.437684,17.887936,"Sierra Madre del Sur province","Mammillaria",16.8624992370605,170.268844604492,5.30000019073486,534,18,2134.31713867188,2.02911376953125
2517972810,"Opuntia lasiacantha","Oaxaca",253,"4","5","2017","iNaturalist","6116727","Leticia Soriano Flores",-97.279472,17.719215,"Sierra Madre del Sur province","Opuntia",15.7416667938232,170.198181152344,4.90000009536743,508,11,2206.67260742188,0.1622314453125
2517975910,"Opuntia pilifera","Oaxaca",NA,"9","1","2018","iNaturalist","9481804","rpmundo",-96.912742,17.635672,"Balsas Basin province","Opuntia",24.7916660308838,233.314407348633,13.3999996185303,658,24,857.044494628906,2.46718597412109
2517998224,"Opuntia depressa","Oaxaca",NA,"9","1","2018","iNaturalist","9427216","rpmundo",-97.005067,17.899906,"Balsas Basin province","Opuntia",25.875,244.68440246582,13.8999996185303,582,18,611.551025390625,3.16796875
2518014322,"Opuntia decumbens","Oaxaca",5,"19","10","2019","iNaturalist","34712322","Eric Wrubel",-96.100472,15.76532,"Pacific Lowlands province","Opuntia",27.2875003814697,92.0504989624023,20.2999992370605,1163,14,21.8901138305664,4.87705039978027
2518014453,"Pilosocereus leucocephalus","Oaxaca",NA,"4","12","2019","iNaturalist","36383623","Rodrigo Arrazola",-96.626111,15.7075,"Pacific Lowlands province","Pilosocereus",25.8583335876465,104.942276000977,17.2999992370605,860,13,25.8477954864502,1.55984497070312
2518030413,"Mammillaria albilanata","Oaxaca",NA,"1","4","2013","iNaturalist","7408517","Ulises Guzm_n",-97.944283,17.70238,"Balsas Basin province","Mammillaria",21.029167175293,163.282485961914,9.89999961853027,690,17,1785.79138183594,19.084716796875
2518036696,"Opuntia huajuapensis","Oaxaca",61,"26","4","2019","iNaturalist","34862788","Ulises Guzm_n",-96.540723,17.274483,"Balsas Basin province","Opuntia",17.0041675567627,168.744812011719,7.5,1005,39,2015.64978027344,8.45640563964844
2518044214,"Opuntia pilifera","Oaxaca",63,"25","8","2017","iNaturalist","8520951","Leticia Soriano Flores",-97.64141,18.231846,"Balsas Basin province","Opuntia",19.033332824707,191.291458129883,8.60000038146973,518,14,1880.82104492188,2.27684020996094
2518089705,"Opuntia streptacantha","Oaxaca",126,"25","1","2017","iNaturalist","5038137","ricardo_munoz",-96.90407,17.796759,"Sierra Madre del Sur province","Opuntia",19.9249992370605,212.747177124023,9.60000038146973,1343,55,1846.20458984375,11.3258972167969
2518091723,"Opuntia tomentosa","Oaxaca",NA,"9","1","2018","iNaturalist","9503069","rpmundo",-96.949836,17.585481,"Balsas Basin province","Opuntia",22.0749988555908,213.929672241211,10.8000001907349,997,42,1551.57067871094,8.11512756347656
2518110776,"Neobuxbaumia tetetzo","Oaxaca",NA,"23","6","2019","iNaturalist","36309999","Carlos Dom_nguez-Rodr_guez",-96.074425,15.811898,"Pacific Lowlands province","Neobuxbaumia",27.1749992370605,86.6156692504883,20.1000003814697,1218,16,123.964958190918,9.80396175384521
2518140354,"Pachycereus pecten-aboriginum","Oaxaca",15,"26","11","2019","iNaturalist","36478359","Carlos Dom_nguez-Rodr_guez",-96.202105,15.783721,"Pacific Lowlands province","Pachycereus",26.9958343505859,95.2140731811523,19.7999992370605,1257,18,127.648567199707,0.317069053649902
2518145522,"Pereskiopsis kellermanii","Oaxaca",4,"5","12","2019","iNaturalist","36525564","Carlos Dom_nguez-Rodr_guez",-96.1667,15.723083,"Pacific Lowlands province","Pereskiopsis",27.0208339691162,97.4086685180664,20,1148,15,10.1832513809204,10.2217855453491
2529277742,"Opuntia karwinskiana","Oaxaca",122,"11","12","2019","iNaturalist","36746355","Carlos Dom_nguez-Rodr_guez",-96.16624,15.755948,"Pacific Lowlands province","Opuntia",27.0416660308838,96.6444549560547,20,1170,15,34.7094802856445,1.98134565353394
2529376712,"Opuntia decumbens","Oaxaca",31,"11","12","2019","iNaturalist","36746343","Carlos Dom_nguez-Rodr_guez",-96.156602,15.755559,"Pacific Lowlands province","Opuntia",27.0249996185303,96.2832107543945,20.1000003814697,1195,16,55.5198516845703,2.79224014282227
2529391228,"Ferocactus recurvus","Oaxaca",61,"28","9","2018","iNaturalist","36114475","D. Valencia",-96.971209,17.82118,"Balsas Basin province","Ferocactus",25.220832824707,246.663696289062,13.3999996185303,595,19,615.515625,2.65702056884766
2540761706,"Opuntia karwinskiana","Oaxaca",31,"17","12","2019","iNaturalist","36817102","Carlos Dom_nguez-Rodr_guez",-96.202679,15.783632,"Pacific Lowlands province","Opuntia",26.9958343505859,95.2140731811523,19.7999992370605,1257,18,128.215728759766,0.893848419189453
2540817891,"Opuntia decumbens","Oaxaca",31,"15","12","2019","iNaturalist","36793651","Carlos Dom_nguez-Rodr_guez",-96.164464,15.724558,"Pacific Lowlands province","Opuntia",27.0791664123535,99.2576599121094,20,1110,14,9.38172149658203,1.55388200283051
2540856531,"Myrtillocactus schenckii","Oaxaca",NA,"14","5","2019","iNaturalist","36963899","cactus-d",-96.451093,16.946733,"Balsas Basin province","Myrtillocactus",21.033332824707,137.449722290039,9.60000038146973,676,12,1670.22583007812,2.20433044433594
2540873513,"Opuntia karwinskiana","Oaxaca",4,"18","12","2019","iNaturalist","36817775","Carlos Dom_nguez-Rodr_guez",-96.202897,15.712537,"Pacific Lowlands province","Opuntia",27.0458335876465,98.8676452636719,19.8999996185303,1100,16,7.32632970809937,1.30351829528809
2540897753,"Pachycereus pecten-aboriginum","Oaxaca",8,"30","11","2019","iNaturalist","36818275","Carlos Dom_nguez-Rodr_guez",-96.051001,15.8128,"Pacific Lowlands province","Pachycereus",27.1958332061768,89.352668762207,20.1000003814697,1195,15,114.073829650879,1.81289768218994
2549961261,"Mammillaria albilanata","Oaxaca",NA,"27","4","2018","iNaturalist","12387142","Ulises Guzm_n",-97.0855,17.462142,"Sierra Madre del Sur province","Mammillaria",16.6791667938232,164.295440673828,6.59999990463257,591,12,2083.56811523438,3.5521240234375
2550021895,"Opuntia karwinskiana","Oaxaca",15,"24","12","2019","iNaturalist","37300674","ricardo_munoz",-96.07162,15.77913,"Pacific Lowlands province","Opuntia",27.25,93.3225173950195,20.1000003814697,1146,12,6.72370481491089,1.67608177661896
2550086225,"Ferocactus recurvus","Oaxaca",6,"5","1","2020","iNaturalist","37326571","ricardo_munoz",-97.557732,17.689355,"Sierra Madre del Sur province","Ferocactus",18.0041675567627,172.435195922852,6.09999990463257,597,17,2016.44116210938,1.93391418457031
2550093151,"Mammillaria rekoi","Oaxaca",NA,"6","1","2020","iNaturalist","37384891","Ulises Guzm_n",-96.494564,17.243888,"Sierra Madre del Sur province","Mammillaria",16.1166667938232,165.698684692383,7.19999980926514,940,36,2049.36767578125,8.52371215820312
2550120863,"Stenocactus crispatus","Oaxaca",80,"24","1","2016","iNaturalist","37264502","zahora",-97.323611,17.554774,"Sierra Madre del Sur province","Stenocactus",15.7250003814697,141.509719848633,4.80000019073486,585,15,2324.9677734375,1.90982055664062
2550172506,"Opuntia pilifera","Oaxaca",NA,"8","1","2020","iNaturalist","37413647","ricardo_munoz",-96.515554,17.04218,"Balsas Basin province","Opuntia",19.1833324432373,139.354568481445,9,700,17,1711.24853515625,3.85174560546875
2557650704,"Opuntia pilifera","Oaxaca",126,"15","6","2016","iNaturalist","3491934","ricardo_munoz",-97.11633,18.04686,"Balsas Basin province","Opuntia",25.3374996185303,244.216033935547,12.8999996185303,695,23,685.666809082031,2.44918060302734
2557718091,"Mammillaria polyedra","Oaxaca",22,"1","5","2018","iNaturalist","36210510","ricardo_munoz",-98.039784,17.546384,"Balsas Basin province","Mammillaria",21.3833332061768,161.122955322266,9.89999961853027,724,16,1684.84313964844,7.00112915039062
2557731976,"Marginatocereus marginatus","Oaxaca",263,"30","12","2019","iNaturalist","37191261","ricardo_munoz",-96.722037,17.065684,"Balsas Basin province","Marginatocereus",21.7333335876465,151.647537231445,9.80000019073486,661,13,1554.16015625,1.42219543457031
2557737504,"Stenocereus treleasei","Oaxaca",15,"31","12","2019","iNaturalist","37346804","ricardo_munoz",-96.275703,16.868664,"Sierra Madre del Sur province","Stenocereus",19.3541660308838,126.157524108887,10.3000001907349,701,12,1772.5654296875,1.05622863769531
2557760014,"Pachycereus weberi","Oaxaca",NA,"22","10","2018","iNaturalist","37493078","Miguel A. Chavez Caballero",-96.954365,17.690865,"Balsas Basin province","Pachycereus",24.6499996185303,228.264205932617,12.6999998092651,899,40,1045.60534667969,14.3917541503906
2557883006,"Mammillaria mystax","Oaxaca",NA,"7","9","2017","iNaturalist","8292982","ricardo_munoz",-97.332026,18.083715,"Sierra Madre del Sur province","Mammillaria",16.783332824707,202.589309692383,6.69999980926514,582,18,1959.59704589844,16.0058898925781
2563466895,"Ferocactus recurvus","Oaxaca",241,"10","10","2019","iNaturalist","34250729","ricardo_munoz",-98.042989,17.530839,"Balsas Basin province","Ferocactus",20.7374992370605,156.163162231445,9.39999961853027,774,18,1850.29370117188,5.26554870605469
2563541603,"Pereskiopsis kellermanii","Oaxaca",8,"24","12","2019","iNaturalist","37809932","Carlos Dom_nguez-Rodr_guez",-96.158808,15.733477,"Pacific Lowlands province","Pereskiopsis",27.0083332061768,97.7667465209961,20,1159,15,10.3312368392944,5.20756483078003
2563576522,"Neobuxbaumia tetetzo","Oaxaca",NA,"18","2","2012","iNaturalist","37915703","Ulises Guzm_n",-97.03009,17.865361,"Balsas Basin province","Neobuxbaumia",25.6041660308838,243.538864135742,13.6999998092651,555,17,597.095886230469,6.38803100585938
2563577352,"Opuntia decumbens","Oaxaca",NA,"20","2","2012","iNaturalist","37915706","cactus-d",-96.052871,16.631123,"Pacific Lowlands province","Opuntia",23.7666664123535,129.935882568359,13.5,755,13,776.327209472656,10.2617645263672
2563611780,"Opuntia decumbens","Oaxaca",249,"18","1","2020","iNaturalist","38012658","ricardo_munoz",-96.309117,15.684378,"Pacific Lowlands province","Opuntia",26.9208335876465,96.7296371459961,19.3999996185303,1000,15,4.73621034622192,5.24307298660278
2563616033,"Mammillaria rekoi","Oaxaca",100,"9","10","2019","iNaturalist","38022121","cactus-d",-96.49867,17.08486,"Sierra Madre del Sur province","Mammillaria",14.3291664123535,129.95556640625,7.09999990463257,847,25,2341.44018554688,5.77005004882812
2563621059,"Myrtillocactus schenckii","Oaxaca",5,"27","1","2020","iNaturalist","38036968","ricardo_munoz",-96.449212,16.958362,"Balsas Basin province","Myrtillocactus",20.7666664123535,134.28825378418,9.60000038146973,664,11,1691.91760253906,3.6053466796875
2563630625,"Myrtillocactus schenckii","Oaxaca",20,"9","10","2019","iNaturalist","38061948","Anneke Jonker",-96.516921,17.056032,"Sierra Madre del Sur province","Myrtillocactus",18.5458335876465,138.8173828125,8.80000019073486,724,18,1741.18908691406,2.22187805175781
2563656603,"Opuntia decumbens","Oaxaca",8,"27","12","2019","iNaturalist","38134310","Carlos Dom_nguez-Rodr_guez",-96.217762,15.700479,"Pacific Lowlands province","Opuntia",26.9624996185303,97.6106567382812,19.8999996185303,1103,15,7.21435976028442,0.898501217365265
2563657177,"Opuntia karwinskiana","Oaxaca",1,"27","12","2019","iNaturalist","38134315","Carlos Dom_nguez-Rodr_guez",-96.217799,15.700451,"Pacific Lowlands province","Opuntia",26.9624996185303,97.6106567382812,19.8999996185303,1103,15,7.21435976028442,0.898501217365265
2572935627,"Opuntia velutina","Oaxaca",301,"1","1","1913","DES","DES00088279","Lyman Benson",-96.726083,17.051561,"Balsas Basin province","Opuntia",21.8500003814697,151.041839599609,9.89999961853027,656,12,1536.62683105469,0.279266357421875
2573814543,"Myrtillocactus schenckii","Oaxaca",150,"10","10","2019","iNaturalist","38148461","Anneke Jonker",-96.51233,17.01456,"Balsas Basin province","Myrtillocactus",20.7000007629395,137.179382324219,9.30000019073486,659,11,1645.142578125,2.07144165039062
2573831270,"Mammillaria haageana","Oaxaca",505,"18","10","2019","iNaturalist","35172433","Zaira Elizabeth Delgado Huerta",-97.1851,17.85249,"Sierra Madre del Sur province","Mammillaria",18.8583335876465,216.110595703125,7.59999990463257,559,19,1984.87841796875,11.7362976074219
2573842331,"Acanthocereus tetragonus","Oaxaca",4,"7","2","2020","iNaturalist","38409805","Carlos Dom_nguez-Rodr_guez",-96.165048,15.724872,"Pacific Lowlands province","Acanthocereus",27.0791664123535,99.2576599121094,20,1110,14,10.8043851852417,0.798191785812378
2573902372,"Myrtillocactus schenckii","Oaxaca",NA,"8","8","2019","iNaturalist","36567894","C_sar Luis",-96.35302,16.925314,"Balsas Basin province","Myrtillocactus",20.0249996185303,131.22673034668,9.69999980926514,703,12,1690.45458984375,0.50299072265625
2574080421,"Opuntia decumbens","Oaxaca",4,"7","2","2020","iNaturalist","38409827","Carlos Dom_nguez-Rodr_guez",-96.194048,15.769538,"Pacific Lowlands province","Opuntia",27.0083332061768,95.675422668457,19.8999996185303,1225,17,94.8283462524414,2.81620693206787
2574080955,"Ferocactus recurvus","Oaxaca",61,"24","1","2020","iNaturalist","38249176","Ulises Guzm_n",-97.349368,17.900482,"Sierra Madre del Sur province","Ferocactus",17.0874996185303,183.911117553711,5.40000009536743,496,14,2117.6259765625,3.24725341796875
2574126538,"Myrtillocactus geometrizans","Oaxaca",12,"12","1","2020","iNaturalist","37538515","ricardo_munoz",-96.448023,16.958149,"Balsas Basin province","Myrtillocactus",20.9333343505859,135.182250976562,9.60000038146973,677,13,1724.90173339844,9.86848449707031
2574150218,"Mammillaria mystax","Oaxaca",4,"30","1","2020","iNaturalist","38336191","Leticia Soriano Flores",-97.35715,17.904954,"Sierra Madre del Sur province","Mammillaria",17.033332824707,180.621810913086,5.19999980926514,504,15,2126.21020507812,1.3326416015625
2574244150,"Stenocactus crispatus","Oaxaca",15,"31","1","2020","iNaturalist","38312434","Leticia Soriano Flores",-97.359897,17.901461,"Sierra Madre del Sur province","Stenocactus",17.533332824707,186.515075683594,5.40000009536743,472,13,2079.99609375,2.0438232421875
2574244223,"Polaskia chichipe","Oaxaca",4,"30","1","2020","iNaturalist","38336159","Leticia Soriano Flores",-97.357148,17.904972,"Sierra Madre del Sur province","Polaskia",17.033332824707,180.621810913086,5.19999980926514,504,15,2126.21020507812,1.3326416015625
2574252762,"Mammillaria karwinskiana","Oaxaca",3,"19","2","2020","iNaturalist","38945310","Ulises Guzm_n",-96.565472,17.408306,"Balsas Basin province","Mammillaria",19.8791675567627,188.721267700195,9.19999980926514,1320,72,1428.08984375,8.55827331542969
2576307101,"Ferocactus recurvus","Oaxaca",31,"16","10","2012","iNaturalist","766665","cactus-d",-97.352654,17.872938,"Sierra Madre del Sur province","Ferocactus",17.2999992370605,187.362091064453,5.40000009536743,475,14,2071.87036132812,2.86581420898438
2576331841,"Opuntia dejecta","Oaxaca",NA,"22","2","2020","iNaturalist","39521979","ricardo_munoz",-96.495201,17.320784,"Balsas Basin province","Opuntia",18.7374992370605,180.354751586914,8.5,1376,66,1791.02905273438,3.86956787109375
2576341808,"Mammillaria haageana","Oaxaca",122,"28","2","2020","iNaturalist","39498042","Jonathan Mohl",-97.323871,17.856039,"Sierra Madre del Sur province","Mammillaria",17.3500003814697,186.815414428711,5.69999980926514,483,15,2065.96850585938,2.2725830078125
2576466155,"Opuntia pubescens","Oaxaca",NA,"22","2","2020","iNaturalist","39521985","Carlos Dom_nguez-Rodr_guez",-96.497475,17.316837,"Balsas Basin province","Opuntia",18.7374992370605,180.354751586914,8.5,1376,66,1706.13757324219,5.75444030761719
2579216464,"Opuntia decumbens","Oaxaca",24,"11","3","2020","iNaturalist","39839933","cactus-d",-96.091697,15.776283,"Pacific Lowlands province","Opuntia",27.2583332061768,90.0462875366211,20.2999992370605,1192,15,22.4206485748291,3.60270690917969
2579217414,"Mammillaria karwinskiana","Oaxaca",NA,"8","3","2020","iNaturalist","39846069","cactus-d",-96.447222,16.958333,"Balsas Basin province","Mammillaria",20.9333343505859,135.182250976562,9.60000038146973,677,13,1734.7294921875,10.1891632080078
2579229628,"Opuntia auberi","Oaxaca",NA,"31","1","2018","iNaturalist","9690806","ricardo_munoz",-96.296951,15.692717,"Pacific Lowlands province","Opuntia",26.9249992370605,96.8480682373047,19.6000003814697,1028,15,4.15133953094482,0.928376436233521
2579241404,"Myrtillocactus schenckii","Oaxaca",NA,"8","3","2020","iNaturalist","39814039","Eugenio Padilla",-96.45,16.958611,"Balsas Basin province","Myrtillocactus",20.779167175293,133.645706176758,9.60000038146973,657,11,1691.67736816406,2.41117858886719
2579266454,"Stenocereus treleasei","Oaxaca",NA,"8","3","2020","iNaturalist","39843635","Eugenio Padilla",-96.447778,16.958056,"Balsas Basin province","Stenocereus",20.9333343505859,135.182250976562,9.60000038146973,677,13,1724.90173339844,9.86848449707031
2579313914,"Stenocereus treleasei","Oaxaca",NA,"22","2","2020","iNaturalist","39523345","Pedro N_jera Quezada",-96.494904,17.317459,"Balsas Basin province","Stenocereus",18.7374992370605,180.354751586914,8.5,1376,66,1754.0400390625,2.48115539550781
2579316866,"Pilosocereus chrysacanthus","Oaxaca",2,"18","2","2020","iNaturalist","38919990","Ulises Guzm_n",-96.569667,17.401472,"Balsas Basin province","Pilosocereus",20.8999996185303,205.470611572266,9.5,1132,67,1511.69079589844,10.2270965576172
2579318551,"Myrtillocactus schenckii","Oaxaca",NA,"8","3","2020","iNaturalist","39844765","Eugenio Padilla",-96.44606,16.957173,"Balsas Basin province","Myrtillocactus",20.9333343505859,135.182250976562,9.60000038146973,677,13,1661.91394042969,6.43653869628906
2579324592,"Stenocereus pruinosus","Oaxaca",NA,"8","3","2020","iNaturalist","39843483","Eugenio Padilla",-96.447707,16.957693,"Balsas Basin province","Stenocereus",20.9333343505859,135.182250976562,9.60000038146973,677,13,1718.89953613281,9.63082885742188
2580076953,"Opuntia pilifera","Oaxaca",122,"28","2","2020","iNaturalist","39498041","ricardo_munoz",-97.322412,17.856693,"Sierra Madre del Sur province","Opuntia",17.3500003814697,186.815414428711,5.69999980926514,483,15,2073.9599609375,4.60873413085938
2580114914,"Opuntia velutina","Oaxaca",258,"24","1","2018","iNaturalist","9606255","ricardo_munoz",-96.921353,17.648823,"Balsas Basin province","Opuntia",24.8875007629395,236.711608886719,13.6000003814697,575,18,746.53955078125,2.79036712646484
2596127677,"Coryphantha pallida","Oaxaca",NA,"2","6","2016","iNaturalist","41055379","ricardo_munoz",-97.023507,17.868803,"Balsas Basin province","Coryphantha",25.7416667938232,245.568267822266,13.8000001907349,528,16,596.304809570312,13.2761001586914
2596143006,"Ferocactus recurvus","Oaxaca",61,"28","3","2017","iNaturalist","41186491","Ulises Guzm_n",-96.994127,17.900707,"Balsas Basin province","Ferocactus",25.9291667938232,246.903182983398,13.8999996185303,580,18,532.830322265625,4.92915344238281
2596162141,"Ferocactus recurvus","Oaxaca",122,"1","9","2016","iNaturalist","41202726","Ulises Guzm_n",-97.094237,17.77987,"Balsas Basin province","Ferocactus",18.8500003814697,222.66975402832,8.10000038146973,716,25,1896.86743164062,3.85432434082031
2596190917,"Pachycereus pecten-aboriginum","Oaxaca",NA,"31","3","2020","iNaturalist","41151029","Carlos Dom_nguez-Rodr_guez",-96.132652,15.770152,"Pacific Lowlands province","Pachycereus",27.2291660308838,96.2585830688477,20.1000003814697,1181,17,16.9277648925781,3.97066497802734
2596195061,"Stenocereus pruinosus","Oaxaca",122,"28","3","2017","iNaturalist","41186621","Ignacio Torres Garc_a",-96.967386,17.897394,"Balsas Basin province","Stenocereus",25.125,248.490859985352,13.3000001907349,701,25,674.350463867188,7.88909149169922
2596287877,"Opuntia decumbens","Oaxaca",6,"20","3","2020","iNaturalist","40678222","cactus-d",-96.145692,16.675217,"Pacific Lowlands province","Opuntia",24.216667175293,139.484970092773,13.5,798,16,793.304565429688,5.84425354003906
2596295074,"Ferocactus recurvus","Oaxaca",244,"27","11","2018","iNaturalist","41191576","Ulises Guzm_n",-96.96472,17.82845,"Balsas Basin province","Ferocactus",24.8125,237.468902587891,12.8999996185303,872,39,895.568359375,5.72650146484375
2596334137,"Opuntia karwinskiana","Oaxaca",61,"10","3","2020","iNaturalist","40701107","Martha Gonz_lez",-96.890539,17.796217,"Sierra Madre del Sur province","Opuntia",16.3125,182.633819580078,7.80000019073486,829,28,2078.15795898438,11.640869140625
2596356211,"Opuntia pilifera","Oaxaca",122,"28","3","2017","iNaturalist","41186575","Ignacio Torres Garc_a",-96.967128,17.897884,"Balsas Basin province","Opuntia",25.125,248.490859985352,13.3000001907349,701,25,652.831298828125,7.15267181396484
2596381983,"Pachycereus weberi","Oaxaca",61,"11","3","2020","iNaturalist","40644402","Leticia Soriano Flores",-96.89107,17.799363,"Sierra Madre del Sur province","Pachycereus",16.3125,182.633819580078,7.80000019073486,829,28,2111.88012695312,5.42559814453125
2596383182,"Coryphantha pallida","Oaxaca",122,"1","9","2016","iNaturalist","41202741","ricardo_munoz",-97.094752,17.780115,"Balsas Basin province","Coryphantha",18.8500003814697,222.66975402832,8.10000038146973,716,25,1886.42907714844,3.94450378417969
2597710919,"Opuntia decumbens","Oaxaca",31,"31","3","2020","iNaturalist","41151064","Carlos Dom_nguez-Rodr_guez",-96.133151,15.768353,"Pacific Lowlands province","Opuntia",27.2291660308838,96.2585830688477,20.1000003814697,1181,17,22.1932945251465,1.47770571708679
2597769869,"Opuntia decumbens","Oaxaca",5,"4","1","2019","iNaturalist","41665365","zapoteca",-96.140761,15.739808,"Pacific Lowlands province","Opuntia",27,99.2242660522461,20,1147,14,72.0038528442383,4.84305191040039
2597770906,"Opuntia decumbens","Oaxaca",5,"3","3","2020","iNaturalist","41736143","Aidan Campos",-94.87133,16.584722,"Pacific Lowlands province","Opuntia",26.0208339691162,169.22900390625,18.7999992370605,1014,18,47.2141571044922,3.40489816665649
2597886908,"Opuntia huajuapensis","Oaxaca",122,"1","5","2019","iNaturalist","40724996","Leticia Soriano Flores",-97.323699,17.855794,"Sierra Madre del Sur province","Opuntia",17.3500003814697,186.815414428711,5.69999980926514,483,15,2065.90234375,2.203857421875
2603358131,"Mammillaria albilanata","Oaxaca",122,"12","11","2015","iNaturalist","42221757","Ulises Guzm_n",-96.629508,16.294656,"Sierra Madre del Sur province","Mammillaria",18.9916667938232,116.166687011719,10.3000001907349,835,30,2045.91320800781,3.09765625
2603479246,"Opuntia decumbens","Oaxaca",244,"27","11","2018","iNaturalist","41191568","ricardo_munoz",-96.964892,17.827797,"Balsas Basin province","Opuntia",24.8125,237.468902587891,12.8999996185303,872,39,900.368713378906,3.76708221435547
2603540349,"Opuntia tomentosa","Oaxaca",244,"12","11","2015","iNaturalist","42221990","Pedro N_jera Quezada",-96.651102,16.286667,"Sierra Madre del Sur province","Opuntia",18.9416675567627,122.712394714355,10,781,31,1862.9287109375,12.0367431640625
2609108116,"Mammillaria karwinskiana","Oaxaca",207,"9","4","2020","iNaturalist","42365457","ricardo_munoz",-96.881289,17.106569,"Balsas Basin province","Mammillaria",20.8208332061768,150.46076965332,9.10000038146973,699,17,1725.06286621094,7.51214599609375
2609240897,"Acanthocereus tetragonus","Oaxaca",NA,"19","4","2020","iNaturalist","42785336","Carlos Dom_nguez-Rodr_guez",-96.16082,15.78068,"Pacific Lowlands province","Acanthocereus",27.091667175293,93.9737243652344,20,1233,18,98.285530090332,1.89730167388916
2609332516,"Acanthocereus tetragonus","Oaxaca",31,"19","4","2020","iNaturalist","42785283","Carlos Dom_nguez-Rodr_guez",-96.165863,15.75595,"Pacific Lowlands province","Acanthocereus",27.0416660308838,96.6444549560547,20,1170,15,34.1086463928223,1.6409125328064
2611134888,"Opuntia decumbens","Oaxaca",NA,"26","4","2020","iNaturalist","43841036","Carlos Dom_nguez-Rodr_guez",-96.119736,15.77015,"Pacific Lowlands province","Opuntia",27.2625007629395,93.7628479003906,20.2000007629395,1165,15,10.688458442688,2.03544235229492
2611141898,"Neobuxbaumia tetetzo","Oaxaca",NA,"26","4","2020","iNaturalist","43841042","Carlos Dom_nguez-Rodr_guez",-96.120605,15.772248,"Pacific Lowlands province","Neobuxbaumia",27.2625007629395,93.7628479003906,20.2000007629395,1165,15,20.0402641296387,2.80157732963562
2611187514,"Acanthocereus tetragonus","Oaxaca",NA,"24","4","2020","iNaturalist","43774012","Carlos Dom_nguez-Rodr_guez",-96.130669,15.766446,"Pacific Lowlands province","Acanthocereus",27.2041664123535,95.5476684570312,20.1000003814697,1171,16,17.8346462249756,0.686357259750366
2611424078,"Pereskiopsis kellermanii","Oaxaca",NA,"28","4","2020","iNaturalist","44201565","Carlos Dom_nguez-Rodr_guez",-96.139145,15.763542,"Pacific Lowlands province","Pereskiopsis",27.158332824707,95.6991806030273,20.1000003814697,1182,16,23.2637214660645,0.929727554321289
2611424250,"Pereskia lychnidiflora","Oaxaca",4,"27","10","2018","iNaturalist","44241363","Pablo Carrillo-Reyes",-95.571361,16.410078,"Pacific Lowlands province","Pereskia",27.1375007629395,122.105125427246,18.2000007629395,608,4,207.098098754883,0.981851577758789
2619947640,"Opuntia decumbens","Oaxaca",122,"28","3","2017","iNaturalist","42143403","sashiro_xo",-96.979357,17.910082,"Balsas Basin province","Opuntia",25.3583335876465,246.906631469727,13.3999996185303,700,25,595.140502929688,7.53741455078125
2619957562,"Neobuxbaumia tetetzo","Oaxaca",15,"3","5","2020","iNaturalist","44834783","Carlos Dom_nguez-Rodr_guez",-96.130919,15.759169,"Pacific Lowlands province","Neobuxbaumia",27.2041664123535,95.5476684570312,20.1000003814697,1171,16,64.3873977661133,10.7861080169678
2626105164,"Pachycereus pecten-aboriginum","Oaxaca",4,"28","2","2019","iNaturalist","45417795","Carlos Dom_nguez-Rodr_guez",-96.128587,15.738272,"Pacific Lowlands province","Pachycereus",27.0458335876465,99.8284683227539,20,1131,13,58.3593444824219,5.03943729400635
2626111355,"Mammillaria albilanata","Oaxaca",217,"26","7","2016","iNaturalist","10592038","ricardo_munoz",-96.984925,16.657309,"Sierra Madre del Sur province","Mammillaria",18.1333332061768,117.615188598633,8.80000019073486,852,21,2005.14306640625,6.33082580566406
2626151563,"Stenocereus stellatus","Oaxaca",61,"8","9","2016","iNaturalist","42105364","Leticia Soriano Flores",-96.982812,17.9007,"Balsas Basin province","Stenocereus",25.470832824707,249.540130615234,13.6000003814697,613,19,538.783874511719,2.60173797607422
2626250012,"Opuntia decumbens","Oaxaca",31,"12","5","2020","iNaturalist","46059877","Carlos Dom_nguez-Rodr_guez",-96.205009,15.76438,"Pacific Lowlands province","Opuntia",27.0208339691162,96.1404876708984,19.8999996185303,1213,18,94.4687118530273,0.953422546386719
2626262030,"Acanthocereus tetragonus","Oaxaca",15,"18","5","2020","iNaturalist","46459140","Carlos Dom_nguez-Rodr_guez",-96.127017,15.777798,"Pacific Lowlands province","Acanthocereus",27.216667175293,91.5356979370117,20.2000007629395,1201,16,39.9214515686035,4.60836458206177
2626285475,"Pachycereus pecten-aboriginum","Oaxaca",8,"11","5","2020","iNaturalist","45662335","Carlos Dom_nguez-Rodr_guez",-96.124771,15.772342,"Pacific Lowlands province","Pachycereus",27.2625007629395,93.7628479003906,20.2000007629395,1165,15,20.0796432495117,6.63116359710693
2626334045,"Pereskia lychnidiflora","Oaxaca",31,"15","5","2020","iNaturalist","46403062","Carlos Dom_nguez-Rodr_guez",-96.059947,15.783229,"Pacific Lowlands province","Pereskia",27.2250003814697,94.8803176879883,20.1000003814697,1140,12,28.0187149047852,2.10295581817627
2626371385,"Stenocereus treleasei","Oaxaca",161,"26","12","2018","iNaturalist","20892297","Graciela Nu_ez Matadamas",-96.841287,17.161976,"Balsas Basin province","Stenocereus",21.595832824707,157.284606933594,9.39999961853027,690,15,1659.3818359375,4.92353820800781
2626378377,"Stenocereus treleasei","Oaxaca",63,"24","5","2018","iNaturalist","17443832","Eugenio Padilla",-96.439801,16.955426,"Balsas Basin province","Stenocereus",20.6166667938232,131.414215087891,9.69999980926514,658,13,1664.82080078125,2.86347961425781
2626399376,"Stenocereus treleasei","Oaxaca",61,"1","11","2014","iNaturalist","14121432","Ulises Guzm_n",-96.876205,17.245875,"Balsas Basin province","Stenocereus",21.375,159.024017333984,9.39999961853027,728,18,1689.63623046875,4.46261596679688
2626439685,"Opuntia decumbens","Oaxaca",31,"15","5","2020","iNaturalist","46403159","Carlos Dom_nguez-Rodr_guez",-96.061041,15.782327,"Pacific Lowlands province","Opuntia",27.2250003814697,94.8803176879883,20.1000003814697,1140,12,31.8352508544922,6.12998819351196
2626561418,"Opuntia decumbens","Oaxaca",31,"11","5","2020","iNaturalist","45662352","Carlos Dom_nguez-Rodr_guez",-96.125411,15.776012,"Pacific Lowlands province","Opuntia",27.216667175293,91.5356979370117,20.2000007629395,1201,16,28.7130279541016,1.71338796615601
2626638998,"Opuntia karwinskiana","Oaxaca",4,"11","5","2020","iNaturalist","45662316","Carlos Dom_nguez-Rodr_guez",-96.124993,15.770354,"Pacific Lowlands province","Opuntia",27.2625007629395,93.7628479003906,20.2000007629395,1165,15,13.5673503875732,3.81960558891296
2626675318,"Opuntia auberi","Oaxaca",15,"11","5","2020","iNaturalist","45662314","Carlos Dom_nguez-Rodr_guez",-96.124977,15.770162,"Pacific Lowlands province","Opuntia",27.2625007629395,93.7628479003906,20.2000007629395,1165,15,13.5673503875732,3.81960558891296
2629436581,"Melocactus curvispinus","Oaxaca",NA,"24","7","2004","FCN-UAQ","NO APLICA","A. Cabrera",-96.154861,15.728,"Pacific Lowlands province","Melocactus",27.0166664123535,98.4962768554688,20,1144,14,26.5369625091553,5.14584636688232
2629445144,"Pereskia lychnidiflora","Oaxaca",100,"25","7","1982","INECOL","19404","H. Bravo H.",-96.188889,15.713889,"Pacific Lowlands province","Pereskia",27.0541667938232,96.9174499511719,20,1123,15,74.2641448974609,2.69954586029053
2629446148,"Opuntia decumbens","Oaxaca",100,"6","11","1992","INECOL","19354","P. Zamora C.",-96.169444,15.752778,"Pacific Lowlands province","Opuntia",27.0583324432373,96.6914749145508,20,1167,15,30.7408828735352,2.19060611724854
2629519601,"Rhipsalis baccifera","Oaxaca",90,"20","6","1982","INECOL","P30037","F. Ramos M.",-96.683333,18.033333,"Sierra Madre del Sur province","Rhipsalis",23.8166675567627,247.71989440918,13.6000003814697,2758,185,683.55908203125,12.3585510253906
2629616130,"Pereskiopsis kellermanii","Oaxaca",100,"4","11","1992","INECOL","19398","P. Zamora C.",-96.141667,15.744444,"Pacific Lowlands province","Pereskiopsis",26.970832824707,97.1516571044922,20,1178,15,93.3267669677734,3.01212596893311
2629621155,"Pereskiopsis kellermanii","Oaxaca",100,"31","10","1992","INECOL","19395","P. Zamora C.",-96.305555,15.697222,"Pacific Lowlands province","Pereskiopsis",26.8916664123535,97.1604690551758,19.5,1033,16,61.2029266357422,4.33676815032959
2629655016,"Rhipsalis baccifera","Oaxaca",90,"30","5","1990","INECOL","P1303","J. Reyes S.",-96.103889,17.925556,"Veracruzan province","Rhipsalis",25.0249996185303,232.295883178711,16.5,3034,184,357.848449707031,12.434268951416
2629673356,"Pilosocereus collinsii","Oaxaca",100,"2","11","1992","INECOL","102912","S. Avenda_o R.",-96.063889,15.791667,"Pacific Lowlands province","Pilosocereus",27.1416664123535,91.2746429443359,20.1000003814697,1191,15,69.5403823852539,3.2266960144043
2629753905,"Opuntia auberi","Oaxaca",NA,"27","2","2001","INECOL","XAL0122296","R.A. Palestina G.",-96.733047,16.617547,"Balsas Basin province","Opuntia",21.7875003814697,117.72705078125,10.1999998092651,722,14,1506.22570800781,0.581283569335938
2629757083,"Aporocactus martianus","Oaxaca",NA,"22","8","1960","INECOL","XAL0146141","H.H. Iltis",-96.714444,17.156667,"Sierra Madre del Sur province","Aporocactus",14.658332824707,124.641906738281,7.30000019073486,837,24,2531.55859375,16.8186950683594
2629766138,"Opuntia decumbens","Oaxaca",NA,"8","2","2012","INECOL","XAL0144201","C. G_mez H.",-95.967805,16.428583,"Pacific Lowlands province","Opuntia",23.591667175293,117.779312133789,13.8000001907349,649,6,842.410888671875,1.96589660644531
2629779429,"Mammillaria albilanata","Oaxaca",NA,"25","6","2017","IBUNAM","NO APLICA","ASAM; GIMM",-97.9622,17.65678,"Sierra Madre del Sur province","Mammillaria",21.4208335876465,158.522399902344,10.1000003814697,684,15,1642.80883789062,9.37142944335938
2630139724,"Opuntia decumbens","Oaxaca",100,"30","6","2006","UNICACH","HEM 20088","M.A. Perez-Farrera",-95.466111,16.541556,"Pacific Lowlands province","Opuntia",27.1166667938232,134.778137207031,18.2999992370605,675,4,158.872497558594,1.20909881591797
2633977832,"Pereskia lychnidiflora","Oaxaca",31,"20","5","2020","iNaturalist","46817369","Carlos Dom_nguez-Rodr_guez",-96.122128,15.768958,"Pacific Lowlands province","Pereskia",27.2625007629395,93.7628479003906,20.2000007629395,1165,15,33.6806716918945,7.8638391494751
2634029785,"Pilosocereus leucocephalus","Oaxaca",61,"20","5","2020","iNaturalist","46817380","Carlos Dom_nguez-Rodr_guez",-96.122278,15.770177,"Pacific Lowlands province","Pilosocereus",27.2625007629395,93.7628479003906,20.2000007629395,1165,15,38.6899490356445,7.18834114074707
2634048268,"Opuntia decumbens","Oaxaca",31,"21","5","2020","iNaturalist","47778840","Carlos Dom_nguez-Rodr_guez",-96.14481,15.754801,"Pacific Lowlands province","Opuntia",27.0208339691162,94.591438293457,20.1000003814697,1197,16,58.1011848449707,6.98532581329346
2634096825,"Pilosocereus leucocephalus","Oaxaca",31,"21","5","2020","iNaturalist","47478252","Carlos Dom_nguez-Rodr_guez",-96.144021,15.761624,"Pacific Lowlands province","Pilosocereus",27.0750007629395,93.5292587280273,20.1000003814697,1210,17,52.1609878540039,4.88764715194702
2634128386,"Neobuxbaumia tetetzo","Oaxaca",31,"22","5","2020","iNaturalist","47817795","Carlos Dom_nguez-Rodr_guez",-96.132639,15.777333,"Pacific Lowlands province","Neobuxbaumia",27.216667175293,91.5356979370117,20.2000007629395,1201,16,71.1194229125977,7.73698997497559
2634142884,"Neobuxbaumia tetetzo","Oaxaca",15,"30","5","2020","iNaturalist","48157081","Carlos Dom_nguez-Rodr_guez",-96.144756,15.755885,"Pacific Lowlands province","Neobuxbaumia",27.0208339691162,94.591438293457,20.1000003814697,1197,16,78.5605621337891,6.53026485443115
2634153893,"Pereskiopsis diguetii","Oaxaca",5,"30","5","2020","iNaturalist","48149318","Carlos Dom_nguez-Rodr_guez",-96.1444,15.75528,"Pacific Lowlands province","Pereskiopsis",27.0208339691162,94.591438293457,20.1000003814697,1197,16,62.365550994873,5.15603303909302
2634219659,"Neobuxbaumia tetetzo","Oaxaca",61,"17","2","2019","iNaturalist","45602762","Ulises Guzm_n",-96.162345,15.72031,"Pacific Lowlands province","Neobuxbaumia",27.0791664123535,99.2576599121094,20,1110,14,33.0001449584961,15.3036499023438
2634221377,"Stenocereus pruinosus","Oaxaca",NA,"11","4","2018","iNaturalist","20353460","rosariochaparro",-97.748316,18.162451,"Balsas Basin province","Stenocereus",21.4375,176.662551879883,11.1000003814697,460,16,1606.37707519531,3.26280212402344
2634234397,"Stenocereus pruinosus","Oaxaca",488,"9","8","2015","iNaturalist","22392307","Ulises Guzm_n",-94.915658,16.479337,"Pacific Lowlands province","Stenocereus",27.1833343505859,155.129440307617,19.6000003814697,1010,12,10.7424364089966,0.978036880493164
2634258516,"Stenocereus pruinosus","Oaxaca",7,"4","1","2020","iNaturalist","37273310","ricardo_munoz",-96.305765,16.670507,"Pacific Lowlands province","Stenocereus",24.0041656494141,138.423873901367,13.3000001907349,845,15,937.703369140625,0.908355712890625
2634335121,"Ferocactus recurvus","Oaxaca",122,"27","11","2012","iNaturalist","48358332","Ulises Guzm_n",-98.047481,17.546846,"Balsas Basin province","Ferocactus",21.2625007629395,160.342300415039,9.89999961853027,731,16,1706.84448242188,8.65135192871094
2634336006,"Pereskia lychnidiflora","Oaxaca",8,"26","5","2020","iNaturalist","48193690","Carlos Dom_nguez-Rodr_guez",-96.159302,15.73489,"Pacific Lowlands province","Pereskia",27.0083332061768,97.7667465209961,20,1159,15,17.5682945251465,3.01638054847717
2634354482,"Stenocereus pruinosus","Oaxaca",39,"16","5","2018","iNaturalist","36210528","ricardo_munoz",-97.799721,18.076876,"Balsas Basin province","Stenocereus",21.7333335876465,178.64811706543,11,480,17,1583.84692382812,5.37319946289062
2634360662,"Neobuxbaumia tetetzo","Oaxaca",1,"28","2","2019","iNaturalist","45417773","Carlos Dom_nguez-Rodr_guez",-96.127968,15.738524,"Pacific Lowlands province","Neobuxbaumia",27.0458335876465,99.8284683227539,20,1131,13,54.3703880310059,7.76106309890747
2634379855,"Opuntia decumbens","Oaxaca",15,"21","5","2020","iNaturalist","47478274","Carlos Dom_nguez-Rodr_guez",-96.144169,15.761194,"Pacific Lowlands province","Opuntia",27.0750007629395,93.5292587280273,20.1000003814697,1210,17,56.3975715637207,4.75854730606079
2634507524,"Pachycereus pecten-aboriginum","Oaxaca",8,"21","5","2020","iNaturalist","47942460","Carlos Dom_nguez-Rodr_guez",-96.14457,15.755287,"Pacific Lowlands province","Pachycereus",27.0208339691162,94.591438293457,20.1000003814697,1197,16,62.365550994873,5.15603303909302
2634575390,"Pereskia lychnidiflora","Oaxaca",15,"28","5","2020","iNaturalist","47814764","Carlos Dom_nguez-Rodr_guez",-96.058516,15.785362,"Pacific Lowlands province","Pereskia",27.154167175293,90.9409866333008,20.1000003814697,1175,14,42.5758209228516,2.98779058456421
2641291460,"Opuntia karwinskiana","Oaxaca",15,"11","5","2020","iNaturalist","45658980","Carlos Dom_nguez-Rodr_guez",-96.125052,15.768739,"Pacific Lowlands province","Opuntia",27.2291660308838,96.2585830688477,20.1000003814697,1181,17,12.3412799835205,4.5097975730896
2641363518,"Acanthocereus tetragonus","Oaxaca",15,"28","5","2020","iNaturalist","47814785","Carlos Dom_nguez-Rodr_guez",-96.059012,15.784881,"Pacific Lowlands province","Acanthocereus",27.154167175293,90.9409866333008,20.1000003814697,1175,14,44.2445220947266,2.43966293334961
2641483533,"Opuntia karwinskiana","Oaxaca",31,"22","5","2020","iNaturalist","47817716","Carlos Dom_nguez-Rodr_guez",-96.127154,15.778668,"Pacific Lowlands province","Opuntia",27.216667175293,91.5356979370117,20.2000007629395,1201,16,43.5869560241699,3.47335338592529
2641488424,"Pachycereus weberi","Oaxaca",61,"8","9","2016","iNaturalist","42105363","Leticia Soriano Flores",-96.982554,17.900291,"Balsas Basin province","Pachycereus",25.470832824707,249.540130615234,13.6000003814697,613,19,541.548461914062,1.84560394287109
2641522295,"Ferocactus recurvus","Oaxaca",122,"27","11","2012","iNaturalist","48960187","Ulises Guzm_n",-98.042629,17.55412,"Balsas Basin province","Ferocactus",21.5125007629395,159.161499023438,10.1999998092651,736,15,1668.90808105469,6.96427917480469
2641530529,"Opuntia karwinskiana","Oaxaca",NA,"21","5","2020","iNaturalist","47778646","Carlos Dom_nguez-Rodr_guez",-96.14478,15.75603,"Pacific Lowlands province","Opuntia",27.0208339691162,94.591438293457,20.1000003814697,1197,16,78.5605621337891,6.53026485443115
2641570428,"Coryphantha pallida","Oaxaca",61,"27","11","2012","iNaturalist","49045164","Eugenio Padilla",-98.042082,17.552005,"Balsas Basin province","Coryphantha",21.5125007629395,159.161499023438,10.1999998092651,736,15,1696.76525878906,4.2481689453125
2802571524,"Myrtillocactus schenckii","Oaxaca",NA,"2","7","2019","iNaturalist","39867003","ricardo_munoz",-96.466872,16.877047,"Balsas Basin province","Myrtillocactus",18.3083343505859,135.677322387695,8.89999961853027,631,12,1918.00280761719,6.14022827148438
2802605349,"Pachycereus pecten-aboriginum","Oaxaca",5,"8","3","2018","iNaturalist","10686222","P Gonzalez Zamora",-96.320342,16.693647,"Sierra Madre del Sur province","Pachycereus",23.6749992370605,135.571197509766,12.8999996185303,854,16,1035.31457519531,1.79759216308594
2802657859,"Opuntia decumbens","Oaxaca",122,"29","11","2012","iNaturalist","49848707","Eugenio Padilla",-98.045766,17.637723,"Balsas Basin province","Opuntia",22.8624992370605,152.391906738281,11.6999998092651,764,18,1428.56640625,14.0255737304688
2802691704,"Mammillaria albilanata","Oaxaca",NA,"22","6","2020","iNaturalist","50619294","ricardo_munoz",-97.812778,17.838889,"Balsas Basin province","Mammillaria",20.2124996185303,180.719848632812,8.80000019073486,656,19,1891.77221679688,6.96717834472656
2802700865,"Pereskia lychnidiflora","Oaxaca",61,"26","5","2020","iNaturalist","49674921","Carlos Dom_nguez-Rodr_guez",-96.145918,15.784511,"Pacific Lowlands province","Pereskia",27.2291660308838,92.0587463378906,20.1000003814697,1224,17,62.7315902709961,6.95629930496216
2802770376,"Pachycereus pecten-aboriginum","Oaxaca",314,"25","2","2015","iNaturalist","20196242","Carlos Dom_nguez-Rodr_guez",-94.832474,16.59392,"Pacific Lowlands province","Pachycereus",26.3125,175.371383666992,19,1051,18,39.6006507873535,0.224426746368408
2802857656,"Pilosocereus collinsii","Oaxaca",8,"19","6","2020","iNaturalist","50519837","Carlos Dom_nguez-Rodr_guez",-96.159335,15.727943,"Pacific Lowlands province","Pilosocereus",27.0625,99.2271423339844,20,1122,14,16.4023723602295,4.672935962677
2802895741,"Pereskiopsis rotundifolia","Oaxaca",NA,"28","5","2020","iNaturalist","47814860","Carlos Dom_nguez-Rodr_guez",-96.07338,15.779845,"Pacific Lowlands province","Pereskiopsis",27.25,93.3225173950195,20.1000003814697,1146,12,11.6450605392456,0.798899292945862
2802919610,"Marginatocereus marginatus","Oaxaca",NA,"31","7","2019","iNaturalist","46030886","joshicas90",-96.747226,16.94974,"Balsas Basin province","Marginatocereus",21.654167175293,151.844100952148,8.60000038146973,677,11,1508.80419921875,0.904876708984375
2802927568,"Opuntia depressa","Oaxaca",NA,"14","12","2017","iNaturalist","45229171","sashiro_xo",-97.028889,17.805833,"Balsas Basin province","Opuntia",24.4500007629395,229.416275024414,12.1999998092651,979,46,1155.12524414062,4.42013549804688
2803033198,"Acanthocereus tetragonus","Oaxaca",15,"17","6","2020","iNaturalist","50236081","Carlos Dom_nguez-Rodr_guez",-96.071939,15.77929,"Pacific Lowlands province","Acanthocereus",27.25,93.3225173950195,20.1000003814697,1146,12,6.80497598648071,0.577969908714294
2803042067,"Ferocactus recurvus","Oaxaca",244,"6","11","2012","iNaturalist","50178458","Ulises Guzm_n",-98.04642,17.636334,"Balsas Basin province","Ferocactus",22.8624992370605,152.391906738281,11.6999998092651,764,18,1432.38232421875,15.8681182861328
2807184798,"Pereskiopsis kellermanii","Oaxaca",NA,"28","7","1999","PRC","418448","Arias Montes, Salvador",-95.72583,15.97306,"Pacific Lowlands province","Pereskiopsis",27.716667175293,73.2782135009766,20.2000007629395,958,9,108.542854309082,9.19923686981201
2807399871,"Opuntia auberi","Oaxaca",NA,"3","12","1999","PRC","195300","Arias Montes, Salvador",-95.71556,15.96194,"Pacific Lowlands province","Opuntia",27.7000007629395,71.1272659301758,20.1000003814697,954,10,142.877700805664,10.3185873031616
2807481210,"Pilosocereus collinsii","Oaxaca",NA,"24","9","1999","PRC","418593","Arias Montes, Salvador",-96.14167,15.75167,"Pacific Lowlands province","Pilosocereus",27.0208339691162,94.591438293457,20.1000003814697,1197,16,50.1156616210938,6.6240816116333
2807504508,"Pereskia lychnidiflora","Oaxaca",NA,"22","1","1999","PRC","202777","Arias Montes, Salvador",-95.95306,15.83583,"Pacific Lowlands province","Pereskia",27.2124996185303,90.4565658569336,20,1117,12,6.95704936981201,2.14912843704224
2813891371,"Escontria chiotilla","Oaxaca",502,"9","6","2019","iNaturalist","27580899","ricardo_munoz",-96.982797,17.900325,"Balsas Basin province","Escontria",25.470832824707,249.540130615234,13.6000003814697,613,19,541.548461914062,1.84560394287109
2813897702,"Mammillaria polyedra","Oaxaca",122,"29","11","2012","iNaturalist","50177845","ricardo_munoz",-98.046284,17.637654,"Balsas Basin province","Mammillaria",22.8624992370605,152.391906738281,11.6999998092651,764,18,1453.22094726562,13.7037200927734
2813901598,"Escontria chiotilla","Oaxaca",61,"4","11","2012","iNaturalist","49053368","Eugenio Padilla",-98.04266,17.551314,"Balsas Basin province","Escontria",21.5125007629395,159.161499023438,10.1999998092651,736,15,1695.52722167969,3.52659606933594
2813920506,"Escontria chiotilla","Oaxaca",61,"11","3","2020","iNaturalist","40644396","Leticia Soriano Flores",-96.890941,17.799036,"Sierra Madre del Sur province","Escontria",16.3125,182.633819580078,7.80000019073486,829,28,2119.90771484375,6.02117919921875
2813931318,"Escontria chiotilla","Oaxaca",NA,"9","1","2018","iNaturalist","9481936","rpmundo",-96.912919,17.635536,"Balsas Basin province","Escontria",24.7916660308838,233.314407348633,13.3999996185303,658,24,854.886962890625,3.48831176757812
2813992075,"Mammillaria mystax","Oaxaca",61,"17","11","2012","iNaturalist","52286353","Eugenio Padilla",-97.811361,17.536538,"Sierra Madre del Sur province","Mammillaria",18.6333332061768,164.514892578125,7.40000009536743,725,17,1984.87548828125,7.23074340820312
2814019512,"Marginatocereus marginatus","Oaxaca",61,"21","10","2012","iNaturalist","51494753","Eugenio Padilla",-98.041875,17.951406,"Balsas Basin province","Marginatocereus",22.3374996185303,155.784301757812,11.8000001907349,647,17,1470.61938476562,7.00093078613281
2814073113,"Opuntia auberi","Oaxaca",NA,"9","3","2019","iNaturalist","51490509","Heriberto _vila-Gonz_lez",-95.013473,16.33423,"Pacific Lowlands province","Opuntia",27.3125,137.0654296875,19.7000007629395,971,8,2.18879151344299,1.03038644790649
2814114470,"Opuntia karwinskiana","Oaxaca",NA,"1","1","2020","iNaturalist","37573748","ricardo_munoz",-96.516172,17.062567,"Sierra Madre del Sur province","Opuntia",18.1749992370605,141.83056640625,8.60000038146973,743,19,1823.072265625,7.53346252441406
2814123505,"Neobuxbaumia tetetzo","Oaxaca",NA,"26","4","2020","iNaturalist","43841008","Carlos Dom_nguez-Rodr_guez",-96.119736,15.765767,"Pacific Lowlands province","Neobuxbaumia",27.25,95.6793594360352,20.1000003814697,1150,15,4.48402738571167,1.32179951667786
2814130836,"Ferocactus recurvus","Oaxaca",31,"28","11","2012","iNaturalist","52392111","Ulises Guzm_n",-98.02605,17.602138,"Balsas Basin province","Ferocactus",22.3833332061768,150.805908203125,11.3000001907349,745,16,1403.01916503906,10.1622161865234
2814150449,"Opuntia pilifera","Oaxaca",5,"1","3","2020","iNaturalist","41146140","ricardo_munoz",-96.50985,17.013589,"Balsas Basin province","Opuntia",20.7000007629395,137.179382324219,9.30000019073486,659,11,1644.626953125,0.949966430664062
2814172066,"Ferocactus recurvus","Oaxaca",84,"7","7","2020","iNaturalist","52315221","cactus-d",-96.613971,16.957649,"Balsas Basin province","Ferocactus",20.8875007629395,146.847564697266,8.89999961853027,623,9,1605.91650390625,0.541549682617188
2814188308,"Pachycereus pecten-aboriginum","Oaxaca",15,"16","1","2016","iNaturalist","2592103","Ulises Guzm_n",-95.299722,16.330505,"Pacific Lowlands province","Pachycereus",27.9624996185303,111.030799865723,19.5,810,7,94.6006317138672,2.15521907806396
2814196136,"Myrtillocactus schenckii","Oaxaca",15,"2","3","2018","iNaturalist","51214589","Pablo Carrillo-Reyes",-95.932572,16.430668,"Pacific Lowlands province","Myrtillocactus",24.1708335876465,109.491775512695,14.3000001907349,629,7,843.446166992188,5.41179656982422
2814230689,"Opuntia decumbens","Oaxaca",NA,"16","6","2020","iNaturalist","50225559","Carlos Dom_nguez-Rodr_guez",-96.20003,15.77351,"Pacific Lowlands province","Opuntia",27.0083332061768,95.1513824462891,19.8999996185303,1226,17,115.118713378906,2.18625354766846
2814246323,"Neobuxbaumia scoparia","Oaxaca",16,"20","12","2011","iNaturalist","9140820","Ulises Guzm_n",-95.007816,16.666466,"Pacific Lowlands province","Neobuxbaumia",25.7875003814697,171.955657958984,18.6000003814697,1008,20,194.130157470703,6.86671447753906
2814382953,"Pachycereus weberi","Oaxaca",31,"15","11","2012","iNaturalist","52172277","Eugenio Padilla",-97.968951,17.481187,"Sierra Madre del Sur province","Pachycereus",21.6833343505859,165.382965087891,9.69999980926514,829,20,1424.81787109375,5.32756042480469
2818507710,"Mammillaria albilanata","Oaxaca",31,"29","11","2012","iNaturalist","52601501","Eugenio Padilla",-98.017745,17.643565,"Balsas Basin province","Mammillaria",22.8333339691162,156.224411010742,11.3999996185303,755,17,1487.70678710938,7.77719116210938
2818518554,"Pilosocereus collinsii","Oaxaca",NA,"3","7","2020","iNaturalist","52339377","Carlos Dom_nguez-Rodr_guez",-96.113441,15.76777,"Pacific Lowlands province","Pilosocereus",27.2291660308838,91.3897323608398,20.2000007629395,1189,15,33.815544128418,6.09666585922241
2818546529,"Opuntia velutina","Oaxaca",61,"22","10","2012","iNaturalist","52383816","Eugenio Padilla",-98.043024,17.948389,"Balsas Basin province","Opuntia",22.8208332061768,161.758193969727,11.8999996185303,629,15,1415.19299316406,3.28810119628906
2818594576,"Opuntia decumbens","Oaxaca",NA,"10","3","2019","iNaturalist","53267598","cactus-d",-94.870697,16.582768,"Pacific Lowlands province","Opuntia",26.4291667938232,172.422027587891,19.1000003814697,1035,13,33.4729881286621,1.09109401702881
2818681471,"Mammillaria mystax","Oaxaca",122,"16","1","2012","iNaturalist","51490109","Eugenio Padilla",-98.042263,17.955617,"Balsas Basin province","Mammillaria",22.3374996185303,155.784301757812,11.8000001907349,647,17,1586.66101074219,5.14340209960938
2818739513,"Stenocereus stellatus","Oaxaca",61,"16","1","2012","iNaturalist","51485369","Eugenio Padilla",-98.043016,17.947228,"Balsas Basin province","Stenocereus",22.8208332061768,161.758193969727,11.8999996185303,629,15,1420.88073730469,8.25746154785156
2818747654,"Mammillaria albilanata","Oaxaca",126,"29","11","2012","iNaturalist","52600711","Eugenio Padilla",-98.04599,17.636128,"Balsas Basin province","Mammillaria",22.8624992370605,152.391906738281,11.6999998092651,764,18,1391.87280273438,12.3859252929688
2818753553,"Opuntia velutina","Oaxaca",61,"29","11","2012","iNaturalist","52523423","Eugenio Padilla",-98.041136,17.639965,"Balsas Basin province","Opuntia",23.220832824707,159.109146118164,11.8999996185303,781,17,1413.62670898438,7.11712646484375
2818809619,"Mammillaria albilanata","Oaxaca",31,"13","11","2012","iNaturalist","53290897","Eugenio Padilla",-98.041745,17.949431,"Balsas Basin province","Mammillaria",22.8208332061768,161.758193969727,11.8999996185303,629,15,1465.68737792969,7.65419006347656
2818825592,"Opuntia decumbens","Oaxaca",122,"13","11","2012","iNaturalist","53290047","Eugenio Padilla",-98.042263,17.948681,"Balsas Basin province","Opuntia",22.8208332061768,161.758193969727,11.8999996185303,629,15,1435.35534667969,7.98588562011719
2823109528,"Opuntia tomentosa","Oaxaca",122,"28","11","2012","iNaturalist","52519341","ricardo_munoz",-98.025209,17.602446,"Balsas Basin province","Opuntia",22.3833332061768,150.805908203125,11.3000001907349,745,16,1380.47033691406,24.7317504882812
2823118397,"Opuntia pilifera","Oaxaca",NA,"23","6","2018","iNaturalist","45042269","sashiro_xo",-97.045231,17.47964,"Balsas Basin province","Opuntia",21.1333332061768,199.377822875977,9.39999961853027,785,21,1626.07092285156,5.32203674316406
2823128403,"Pilosocereus collinsii","Oaxaca",227,"20","7","2016","iNaturalist","46204043","Ulises Guzm_n",-94.719977,16.538119,"Pacific Lowlands province","Pilosocereus",27.375,153.260040283203,19.2999992370605,1055,18,29.3372230529785,0.26581335067749
2823236726,"Pereskia lychnidiflora","Oaxaca",NA,"9","3","2019","iNaturalist","53414265","Ulises Guzm_n",-95.009013,16.333725,"Pacific Lowlands province","Pereskia",27.3125,137.0654296875,19.7000007629395,971,8,2.16419720649719,0.648193538188934
2826305648,"Mammillaria polyedra","Oaxaca",122,"29","11","2012","iNaturalist","52614198","ricardo_munoz",-98.015122,17.64243,"Balsas Basin province","Mammillaria",22.783332824707,157.773345947266,11.3000001907349,751,17,1506.2001953125,8.94253540039062
2850541439,"Pilosocereus collinsii","Oaxaca",8,"30","9","2019","iNaturalist","34583483","Carlos Dom_nguez-Rodr_guez",-96.166713,15.72311,"Pacific Lowlands province","Pilosocereus",27.0208339691162,97.4086685180664,20,1148,15,10.1832513809204,10.2217855453491
2850552233,"Pachycereus weberi","Oaxaca",61,"2","8","2020","iNaturalist","55397469","Leticia Soriano Flores",-96.972347,17.896505,"Balsas Basin province","Pachycereus",25.125,248.490859985352,13.3000001907349,701,25,595.494018554688,1.18308258056641
2850575489,"Disocactus speciosus","Oaxaca",40,"26","12","2019","iNaturalist","37324439","Ulises Guzm_n",-96.47802,16.0852,"Sierra Madre del Sur province","Disocactus",16.7416667938232,86.4668350219727,9.80000019073486,1247,31,2289.43994140625,8.63052368164062
2850632964,"Coryphantha elephantidens","Oaxaca",538,"9","8","2020","iNaturalist","56583233","Eugenio Padilla",-97.8903,17.712683,"Balsas Basin province","Coryphantha",20.8999996185303,178.847320556641,9.39999961853027,677,18,1590.45849609375,16.1924743652344
2850844976,"Epiphyllum oxypetalum","Oaxaca",17,"9","8","2020","iNaturalist","55927787","Ad_n Esperanza",-96.676617,16.795583,"Balsas Basin province","Epiphyllum",21.6416664123535,130.955123901367,9.5,807,13,1508.63269042969,0.547470092773438
2850845267,"Opuntia pubescens","Oaxaca",NA,"31","7","2020","iNaturalist","56142765","yabin-salmeron",-97.763611,17.801111,"Balsas Basin province","Opuntia",21.591667175293,188.400360107422,9.39999961853027,636,19,1605.27197265625,2.09249877929688
2850987809,"Opuntia lasiacantha","Oaxaca",122,"13","11","2012","iNaturalist","54529104","Eugenio Padilla",-98.036027,17.942021,"Balsas Basin province","Opuntia",22.7333335876465,163.266815185547,11.8000001907349,625,16,1479.66943359375,5.32795715332031
2851018468,"Disocactus speciosus","Oaxaca",61,"22","10","2019","iNaturalist","35172276","Ulises Guzm_n",-97.066591,16.529858,"Sierra Madre del Sur province","Disocactus",16.8875007629395,109.795776367188,9,969,24,2400.23071289062,6.73886108398438
2851051424,"Pilosocereus chrysacanthus","Oaxaca",122,"13","11","2012","iNaturalist","55532760","Eugenio Padilla",-98.033415,17.969802,"Balsas Basin province","Pilosocereus",21.2458324432373,152.202880859375,11.3000001907349,707,18,1767.17761230469,7.58468627929688
2851077452,"Pilosocereus collinsii","Oaxaca",15,"19","7","2020","iNaturalist","55520556","Carlos Dom_nguez-Rodr_guez",-96.198652,15.778672,"Pacific Lowlands province","Pilosocereus",26.9958324432373,93.7709426879883,19.8999996185303,1248,16,123.007926940918,2.21015071868896
2851138399,"Stenocereus pruinosus","Oaxaca",NA,"13","11","2012","iNaturalist","55542892","Eugenio Padilla",-98.044444,17.953889,"Balsas Basin province","Stenocereus",22.3374996185303,155.784301757812,11.8000001907349,647,17,1501.61901855469,5.98811340332031
2851220339,"Stenocereus pruinosus","Oaxaca",502,"2","8","2020","iNaturalist","56135217","Leticia Soriano Flores",-96.964687,17.900877,"Balsas Basin province","Stenocereus",24.7583332061768,247.20100402832,12.8999996185303,854,35,688.327209472656,4.21426391601562
2851226609,"Opuntia decumbens","Oaxaca",9,"11","8","2020","iNaturalist","56265736","ricardo_munoz",-95.530119,16.092922,"Pacific Lowlands province","Opuntia",26.6916675567627,94.9122314453125,18.7999992370605,784,6,279.411315917969,10.926700592041
2856484762,"Pilosocereus collinsii","Oaxaca",8,"13","8","2020","iNaturalist","57220702","Carlos Dom_nguez-Rodr_guez",-96.060623,15.783007,"Pacific Lowlands province","Pilosocereus",27.2250003814697,94.8803176879883,20.1000003814697,1140,12,34.9410285949707,6.57712554931641
2856487160,"Pereskiopsis rotundifolia","Oaxaca",8,"23","8","2020","iNaturalist","57475197","Carlos Dom_nguez-Rodr_guez",-96.287614,15.692299,"Pacific Lowlands province","Pereskiopsis",26.9166660308838,96.3972015380859,19.7000007629395,1036,15,5.29221963882446,1.70726990699768
2856492587,"Mammillaria rekoi","Oaxaca",NA,"7","8","2020","iNaturalist","57098248","Ulises Guzm_n",-96.264091,16.787701,"Sierra Madre del Sur province","Mammillaria",18.9375,115.268951416016,10.5,648,8,1964.9833984375,6.91543579101562
2856547130,"Acanthocereus tetragonus","Oaxaca",15,"23","8","2020","iNaturalist","57475225","Carlos Dom_nguez-Rodr_guez",-96.286039,15.686254,"Pacific Lowlands province","Acanthocereus",26.9333324432373,98.0800552368164,19.6000003814697,1027,15,11.8334531784058,8.30787181854248
2856625704,"Opuntia decumbens","Oaxaca",4,"15","8","2020","iNaturalist","57194268","Carlos Dom_nguez-Rodr_guez",-96.127308,15.740368,"Pacific Lowlands province","Opuntia",27.0458335876465,99.8284683227539,20,1131,13,14.7286796569824,8.652268409729
2856657103,"Pereskiopsis rotundifolia","Oaxaca",31,"23","8","2020","iNaturalist","57475202","Carlos Dom_nguez-Rodr_guez",-96.288001,15.691342,"Pacific Lowlands province","Pereskiopsis",26.9333324432373,98.0800552368164,19.6000003814697,1027,15,6.11221551895142,0.329228639602661
2856661344,"Mammillaria albilanata","Oaxaca",371,"16","6","2013","iNaturalist","40605283","P Gonzalez Zamora",-96.90965,17.053715,"Sierra Madre del Sur province","Mammillaria",17.9208335876465,138.358200073242,8.39999961853027,708,20,1959.62634277344,11.2886199951172
2856692768,"Opuntia decumbens","Oaxaca",8,"13","8","2020","iNaturalist","57220670","Carlos Dom_nguez-Rodr_guez",-96.059357,15.785147,"Pacific Lowlands province","Opuntia",27.154167175293,90.9409866333008,20.1000003814697,1175,14,49.2254981994629,2.96985578536987
2856730749,"Pilosocereus collinsii","Oaxaca",8,"13","8","2020","iNaturalist","57220682","Carlos Dom_nguez-Rodr_guez",-96.060334,15.783538,"Pacific Lowlands province","Pilosocereus",27.154167175293,90.9409866333008,20.1000003814697,1175,14,29.6102676391602,2.88930201530457
2859914349,"Opuntia auberi","Oaxaca",4,"10","10","2019","iNaturalist","34167543","ricardo_munoz",-96.166552,17.951438,"Veracruzan province","Opuntia",25.6666660308838,239.291885375977,16.7000007629395,3069,179,64.0309219360352,16.6969509124756
2859942357,"Pilosocereus collinsii","Oaxaca",NA,"24","9","2019","iNaturalist","33563064","Carlos Dom_nguez-Rodr_guez",-96.14756,15.772289,"Pacific Lowlands province","Pilosocereus",27.1333332061768,94.6844787597656,20.1000003814697,1199,17,65.9516754150391,5.52702236175537
2859949350,"Stenocereus stellatus","Oaxaca",19,"2","10","2019","iNaturalist","34250962","Ulises Guzm_n",-98.027017,17.508263,"Balsas Basin province","Stenocereus",19.6041660308838,144.292282104492,8.5,855,20,2089.9521484375,5.08746337890625
2859965171,"Coryphantha pallida","Oaxaca",8,"27","8","2020","iNaturalist","58221351","Ciro Rodriguez Perez",-97.457553,17.80722,"Sierra Madre del Sur province","Coryphantha",16.3083324432373,171.713745117188,5.09999990463257,567,18,2213.73388671875,2.97674560546875
2859982418,"Marginatocereus marginatus","Oaxaca",13,"19","6","2020","iNaturalist","50214137","Heriberto _vila-Gonz_lez",-96.508423,16.213135,"Sierra Madre del Sur province","Marginatocereus",18.0166664123535,105.901611328125,10.3000001907349,1005,36,2062.60693359375,4.9718017578125
2862379278,"Pilosocereus collinsii","Oaxaca",15,"1","9","2020","iNaturalist","58999722","Carlos Dom_nguez-Rodr_guez",-96.203367,15.71231,"Pacific Lowlands province","Pilosocereus",27.0458335876465,98.8676452636719,19.8999996185303,1100,16,9.8832893371582,1.72806596755981
2862668384,"Ferocactus recurvus","Oaxaca",804,"9","8","2019","iNaturalist","59095551","Ulises Guzm_n",-97.040364,17.860454,"Balsas Basin province","Ferocactus",25.4541664123535,240.50569152832,13.3999996185303,624,21,804.886291503906,4.78726196289062
2864591416,"Pereskiopsis rotundifolia","Oaxaca",791,"17","6","2020","iNaturalist","50422287","Ulises Guzm_n",-96.810855,17.050491,"Balsas Basin province","Pereskiopsis",21.375,152.784744262695,8.89999961853027,668,14,1642.25915527344,1.837890625
2864813747,"Opuntia streptacantha","Oaxaca",103,"11","9","2020","iNaturalist","59269474","Ulises Guzm_n",-96.677597,16.946883,"Balsas Basin province","Opuntia",21.091667175293,147.768753051758,8.80000019073486,618,10,1570.60852050781,1.96607971191406
2864814344,"Epiphyllum hookeri","Oaxaca",66,"12","8","2019","iNaturalist","30703174","Ulises Guzm_n",-95.599609,17.296775,"Veracruzan province","Epiphyllum",24.5833339691162,198.314895629883,16.1000003814697,2471,108,312.156707763672,1.08373260498047
2868378715,"Mammillaria carnea","Oaxaca",NA,"26","10","2018","iNaturalist","60449008","Socorro Garcia M_ndez",-96.914991,17.648544,"Balsas Basin province","Mammillaria",24.9291667938232,237.328491210938,13.6999998092651,564,18,743.672302246094,4.38713073730469
2873782894,"Opuntia tomentosa","Oaxaca",395,"15","8","2020","iNaturalist","61178895","Gerardo Rey Hernandez Cruz",-96.898915,17.160118,"Balsas Basin province","Opuntia",21.0458335876465,153.999084472656,9.19999980926514,705,16,1699.18664550781,2.75234985351562
2873804981,"Stenocereus treleasei","Oaxaca",216,"15","8","2020","iNaturalist","61178894","Ulises Guzm_n",-96.898571,17.160447,"Balsas Basin province","Stenocereus",21.0458335876465,153.999084472656,9.19999980926514,705,16,1696.71313476562,2.31443786621094
2882956691,"Acanthocereus tetragonus","Oaxaca",8,"23","9","2020","iNaturalist","61482233","Carlos Dom_nguez-Rodr_guez",-96.193148,15.76436,"Pacific Lowlands province","Acanthocereus",27.0208339691162,96.1404876708984,19.8999996185303,1206,18,81.5894165039062,1.82274723052979
2883019546,"Acanthocereus tetragonus","Oaxaca",15,"28","9","2020","iNaturalist","61488783","Carlos Dom_nguez-Rodr_guez",-96.187524,15.781026,"Pacific Lowlands province","Acanthocereus",26.9791660308838,95.0468292236328,19.8999996185303,1257,17,120.454605102539,2.52647590637207
2883098696,"Mammillaria polyedra","Oaxaca",269,"29","7","2020","iNaturalist","61598194","ricardo_munoz",-96.863704,17.874268,"Sierra Madre del Sur province","Mammillaria",19.8916664123535,233.849533081055,8.80000019073486,1715,73,1465.63928222656,7.43099975585938
2883127796,"Pereskia lychnidiflora","Oaxaca",8,"28","9","2020","iNaturalist","61492670","Carlos Dom_nguez-Rodr_guez",-96.190162,15.78169,"Pacific Lowlands province","Pereskia",26.9791660308838,95.0468292236328,19.8999996185303,1257,17,136.704986572266,2.02779960632324
2883166562,"Opuntia decumbens","Oaxaca",31,"28","9","2020","iNaturalist","61492679","Carlos Dom_nguez-Rodr_guez",-96.191135,15.780566,"Pacific Lowlands province","Opuntia",26.9791660308838,95.0468292236328,19.8999996185303,1257,17,140.890014648438,3.32730865478516
2883185661,"Myrtillocactus geometrizans","Oaxaca",61,"20","7","2020","iNaturalist","61909148","sayra-amador",-97.662639,18.2534,"Balsas Basin province","Myrtillocactus",19.720832824707,187.658508300781,9.5,503,13,1844.59533691406,1.72689819335938
2897614305,"Opuntia tomentosa","Oaxaca",NA,"24","4","2012","PRC","557069","L_pez Bautista, Fausto",-96.5945,17.075528,"Sierra Madre del Sur province","Opuntia",19.4583339691162,140.321594238281,9.10000038146973,690,19,1644.58386230469,6.13479614257812
2897616305,"Cephalocereus apicicephalium","Oaxaca",NA,"23","4","2012","PRC","557070","G_mez H., Carlos",-95.292501,16.442891,"Pacific Lowlands province","Cephalocereus",26.529167175293,131.052688598633,18.6000003814697,702,2,156.74072265625,1.92679595947266
2898254468,"Opuntia decumbens","Oaxaca",NA,"19","4","2019","iNaturalist","59993612","ricardo_munoz",-97.072092,18.052536,"Balsas Basin province","Opuntia",24.9458332061768,234.137268066406,12.1999998092651,846,36,895.646301269531,4.89808654785156
2898257528,"Pachycereus weberi","Oaxaca",376,"24","5","2020","iNaturalist","61597093","Ulises Guzm_n",-96.9265,17.836696,"Sierra Madre del Sur province","Pachycereus",23.5499992370605,241.237319946289,11.3000001907349,1349,74,1202.75988769531,9.04167175292969
2898261057,"Escontria chiotilla","Oaxaca",837,"6","10","2020","iNaturalist","62462467","Ulises Guzm_n",-96.322775,16.584764,"Pacific Lowlands province","Escontria",23.2708339691162,126.553245544434,13.1999998092651,772,11,1127.67260742188,4.6968994140625
2898273049,"Ferocactus recurvus","Oaxaca",837,"4","10","2020","iNaturalist","62462550","ricardo_munoz",-96.323802,16.570386,"Pacific Lowlands province","Ferocactus",22.841667175293,117.392776489258,13,695,11,1217.96728515625,14.729736328125
2898273053,"Disocactus speciosus","Oaxaca",61,"4","4","2018","iNaturalist","62465241","Ulises Guzm_n",-97.208515,16.819534,"Sierra Madre del Sur province","Disocactus",17.5208339691162,137.749084472656,8.5,953,26,2064.60131835938,10.42724609375
2898286028,"Ferocactus recurvus","Oaxaca",837,"4","10","2020","iNaturalist","62462557","ricardo_munoz",-96.334784,16.571909,"Pacific Lowlands province","Ferocactus",23.3916664123535,128.555465698242,13.1999998092651,790,12,1093.33874511719,9.36976623535156
2898287025,"Acanthocereus tetragonus","Oaxaca",837,"1","10","2020","iNaturalist","62457169","ricardo_munoz",-96.370027,16.563113,"Sierra Madre del Sur province","Acanthocereus",23.2333335876465,116.683990478516,13.1999998092651,749,11,1193.80212402344,12.2711486816406
2898294094,"Mammillaria rekoi","Oaxaca",837,"5","10","2020","iNaturalist","62462493","Ulises Guzm_n",-96.362517,16.583059,"Sierra Madre del Sur province","Mammillaria",23.3583335876465,124.020401000977,13.1999998092651,787,11,1147.11669921875,13.2574157714844
2898313026,"Marginatocereus marginatus","Oaxaca",15,"8","10","2020","iNaturalist","62426823","ricardo_munoz",-97.316381,17.706031,"Sierra Madre del Sur province","Marginatocereus",16.3624992370605,174.044494628906,5.19999980926514,519,12,2137.32080078125,2.35284423828125
2898315524,"Opuntia karwinskiana","Oaxaca",4,"30","9","2020","iNaturalist","61462305","Carlos Dom_nguez-Rodr_guez",-96.168358,15.756346,"Pacific Lowlands province","Opuntia",27.0583324432373,96.6914749145508,20,1167,15,31.7056980133057,2.04703378677368
2898333515,"Opuntia pubescens","Oaxaca",382,"26","9","2020","iNaturalist","60923683","Ahui",-97.147581,17.330191,"Sierra Madre del Sur province","Opuntia",16.7666664123535,137.135192871094,6.69999980926514,663,13,2248.47143554688,5.344482421875
2898336077,"Mammillaria rekoi","Oaxaca",837,"4","10","2020","iNaturalist","62460618","Ulises Guzm_n",-96.357168,16.585226,"Sierra Madre del Sur province","Mammillaria",22.9208335876465,115.610206604004,13,705,10,1205.46496582031,15.4806976318359
2898339996,"Mammillaria haageana","Oaxaca",31,"1","9","2020","iNaturalist","62451780","Jonathan Mohl",-97.319549,17.707729,"Sierra Madre del Sur province","Mammillaria",16.7916660308838,178.616302490234,5.59999990463257,525,13,2098.18481445312,0.78143310546875
2898341077,"Mammillaria albilanata","Oaxaca",837,"5","10","2020","iNaturalist","62462542","ricardo_munoz",-96.338711,16.561306,"Pacific Lowlands province","Mammillaria",23.3708324432373,126.786476135254,13.1999998092651,790,12,1069.68664550781,8.98457336425781
2898343527,"Mammillaria flavicentra","Oaxaca",319,"9","8","2019","iNaturalist","61596489","ricardo_munoz",-96.887898,17.886373,"Sierra Madre del Sur province","Mammillaria",19.220832824707,215.390335083008,9.10000038146973,1497,56,1864.65893554688,9.34915161132812
2898344012,"Mammillaria karwinskiana","Oaxaca",837,"4","10","2020","iNaturalist","62462486","cactus-d",-96.350054,16.599558,"Sierra Madre del Sur province","Mammillaria",22.6000003814697,108.878570556641,12.8999996185303,616,9,1354.12475585938,8.45927429199219
2898385103,"Escontria chiotilla","Oaxaca",837,"4","10","2020","iNaturalist","62462869","Ulises Guzm_n",-96.363702,16.577624,"Sierra Madre del Sur province","Escontria",23.3583335876465,124.020401000977,13.1999998092651,787,11,1218.5927734375,10.7474975585938
2898400507,"Opuntia huajuapensis","Oaxaca",15,"27","8","2020","iNaturalist","60329229","Ciro Rodriguez Perez",-97.453468,17.804176,"Sierra Madre del Sur province","Opuntia",16.3083324432373,171.713745117188,5.09999990463257,567,18,2163.29272460938,2.8419189453125
2898413064,"Pilosocereus chrysacanthus","Oaxaca",837,"11","10","2020","iNaturalist","62463115","Ulises Guzm_n",-96.336865,16.571458,"Pacific Lowlands province","Pilosocereus",23.3916664123535,128.555465698242,13.1999998092651,790,12,1155.67346191406,8.93348693847656
2898414063,"Neobuxbaumia tetetzo","Oaxaca",837,"9","10","2020","iNaturalist","62463110","Ulises Guzm_n",-96.338171,16.575386,"Pacific Lowlands province","Neobuxbaumia",23.6499996185303,136.831008911133,13.1999998092651,806,11,1069.71704101562,7.86380004882812
2898419044,"Pilosocereus chrysacanthus","Oaxaca",837,"12","10","2020","iNaturalist","62463118","Ulises Guzm_n",-96.340972,16.55203,"Pacific Lowlands province","Pilosocereus",23.4583339691162,128.890930175781,13.1999998092651,800,11,1102.00939941406,12.4515686035156
2898425042,"Opuntia decumbens","Oaxaca",837,"4","10","2020","iNaturalist","62462435","ricardo_munoz",-96.357399,16.592892,"Sierra Madre del Sur province","Opuntia",22.6000003814697,108.878570556641,12.8999996185303,616,9,1312.46264648438,11.2340698242188
2898426577,"Opuntia pubescens","Oaxaca",5,"4","6","2020","iNaturalist","62086418","JUANA VICTORIA ORTIZ GARC_A",-96.794074,16.597246,"Balsas Basin province","Opuntia",22.154167175293,122.129936218262,10.5,867,16,1421.52307128906,1.701416015625
2898427506,"Opuntia karwinskiana","Oaxaca",NA,"15","9","2020","iNaturalist","60571974","Carlos Dom_nguez-Rodr_guez",-96.414902,15.933122,"Sierra Madre del Sur province","Opuntia",21.6625003814697,54.3609466552734,15.6000003814697,2268,77,1435.44702148438,8.91571044921875
2898428069,"Coryphantha elephantidens","Oaxaca",837,"5","10","2020","iNaturalist","62462874","cactus-d",-96.331691,16.579887,"Pacific Lowlands province","Coryphantha",23.466667175293,132.121383666992,13.1999998092651,798,11,1062.64575195312,9.73898315429688
2898469060,"Acanthocereus tetragonus","Oaxaca",837,"11","10","2020","iNaturalist","62464162","Luis Humberto Vicente-Rivera",-96.337363,16.545653,"Sierra Madre del Sur province","Acanthocereus",23.3874988555908,127.531181335449,13.1999998092651,797,11,1050.6923828125,4.72601318359375
2898486569,"Ferocactus recurvus","Oaxaca",NA,"7","10","2020","iNaturalist","62027103","Ulises Guzm_n",-96.717494,17.103897,"Balsas Basin province","Ferocactus",20.8500003814697,149.514373779297,9.5,659,17,1660.5087890625,1.57121276855469
2898490100,"Coryphantha elephantidens","Oaxaca",194,"13","10","2020","iNaturalist","62486063","ignacioguzman",-96.869459,17.263218,"Balsas Basin province","Coryphantha",21.1041660308838,159.380310058594,9.30000019073486,733,18,1737.5322265625,7.83599853515625
2898495042,"Acanthocereus tetragonus","Oaxaca",837,"7","10","2020","iNaturalist","62464170","Luis Humberto Vicente-Rivera",-96.358079,16.582879,"Sierra Madre del Sur province","Acanthocereus",23.345832824707,125.253532409668,13.1999998092651,787,11,1176.39196777344,13.5189666748047
2898499048,"Opuntia decumbens","Oaxaca",837,"4","10","2020","iNaturalist","62462455","ricardo_munoz",-96.355934,16.581687,"Sierra Madre del Sur province","Opuntia",23.345832824707,125.253532409668,13.1999998092651,787,11,1235.75048828125,8.72427368164062
2898511073,"Myrtillocactus geometrizans","Oaxaca",837,"4","10","2020","iNaturalist","62462461","Ulises Guzm_n",-96.329831,16.591069,"Sierra Madre del Sur province","Myrtillocactus",23.5833339691162,136.17057800293,13.1999998092651,806,10,1001.08874511719,3.96553802490234
2898523009,"Mammillaria rekoi","Oaxaca",837,"11","10","2020","iNaturalist","62460666","Ulises Guzm_n",-96.355271,16.581956,"Sierra Madre del Sur province","Mammillaria",23.345832824707,125.253532409668,13.1999998092651,787,11,1254.64086914062,3.46298217773438
2898525076,"Mammillaria albilanata","Oaxaca",837,"5","10","2020","iNaturalist","62462537","ricardo_munoz",-96.350351,16.535162,"Sierra Madre del Sur province","Mammillaria",22.5874996185303,103.663032531738,13.1000003814697,538,8,1422.5283203125,11.4284057617188
2901506811,"Opuntia huajuapensis","Oaxaca",488,"17","10","2020","iNaturalist","62860621","Ulises Guzm_n",-97.954256,17.870914,"Balsas Basin province","Opuntia",21.1625003814697,167.428756713867,10.3999996185303,683,18,1792.32946777344,2.59858703613281
2901521573,"Neobuxbaumia tetetzo","Oaxaca",837,"4","10","2020","iNaturalist","62462208","Ulises Guzm_n",-96.330487,16.587508,"Pacific Lowlands province","Neobuxbaumia",23.5833339691162,136.17057800293,13.1999998092651,806,10,1004.35620117188,3.96942138671875
2901526579,"Pachycereus pecten-aboriginum","Oaxaca",837,"1","10","2020","iNaturalist","62462271","Ulises Guzm_n",-96.364976,16.585936,"Sierra Madre del Sur province","Pachycereus",23.1958332061768,123.5361328125,13,767,11,1163.67712402344,8.88505554199219
2901542570,"Acanthocereus tetragonus","Oaxaca",837,"7","10","2020","iNaturalist","62461517","Luis Humberto Vicente-Rivera",-96.344511,16.566026,"Pacific Lowlands province","Acanthocereus",23.5750007629395,130.862503051758,13.3000001907349,805,11,1117.01306152344,8.06488037109375
2901568589,"Pilosocereus chrysacanthus","Oaxaca",837,"7","10","2020","iNaturalist","62462202","Ulises Guzm_n",-96.3652,16.579502,"Sierra Madre del Sur province","Pilosocereus",23.3583335876465,124.020401000977,13.1999998092651,787,11,1235.90979003906,11.9612884521484
2901574603,"Stenocereus treleasei","Oaxaca",837,"9","10","2020","iNaturalist","62462052","Ulises Guzm_n",-96.348491,16.568947,"Pacific Lowlands province","Stenocereus",23.595832824707,133.628707885742,13.1999998092651,805,10,1064.01611328125,9.14646911621094
2901584611,"Stenocereus treleasei","Oaxaca",837,"7","10","2020","iNaturalist","62461881","Ulises Guzm_n",-96.365163,16.581955,"Sierra Madre del Sur province","Stenocereus",23.3583335876465,124.020401000977,13.1999998092651,787,11,1226.89782714844,11.53759765625
2901592573,"Stenocereus pruinosus","Oaxaca",837,"4","10","2020","iNaturalist","62462190","Ulises Guzm_n",-96.362308,16.574662,"Sierra Madre del Sur province","Stenocereus",23.5166664123535,124.887817382812,13.3000001907349,803,11,1165.15588378906,14.0240020751953
2901599582,"Opuntia huajuapensis","Oaxaca",15,"11","10","2020","iNaturalist","62453302","Ulises Guzm_n",-97.316268,17.708457,"Sierra Madre del Sur province","Opuntia",16.408332824707,173.150390625,5.30000019073486,518,12,2114.94091796875,3.65817260742188
2901671565,"Pereskiopsis rotundifolia","Oaxaca",837,"4","10","2020","iNaturalist","62461531","Ulises Guzm_n",-96.362901,16.550334,"Sierra Madre del Sur province","Pereskiopsis",23.7083339691162,128.39631652832,13.3999996185303,810,12,1129.54223632812,14.5503082275391
2901681579,"Marginatocereus marginatus","Oaxaca",837,"7","10","2020","iNaturalist","62462227","P Gonzalez Zamora",-96.365402,16.583793,"Sierra Madre del Sur province","Marginatocereus",23.1958332061768,123.5361328125,13,767,11,1247.6904296875,15.0723266601562
2901721596,"Escontria chiotilla","Oaxaca",837,"6","10","2020","iNaturalist","62462222","Ulises Guzm_n",-96.364209,16.585192,"Sierra Madre del Sur province","Escontria",23.1958332061768,123.5361328125,13,767,11,1170.5595703125,11.6634063720703
2901727241,"Pachycereus pecten-aboriginum","Oaxaca",NA,"18","10","2020","iNaturalist","63209915","Carlos Dom_nguez-Rodr_guez",-96.071732,15.78056,"Pacific Lowlands province","Pachycereus",27.25,93.3225173950195,20.1000003814697,1146,12,4.24464321136475,2.01389098167419
2901739572,"Stenocereus pruinosus","Oaxaca",837,"6","10","2020","iNaturalist","62462153","Ulises Guzm_n",-96.356845,16.578746,"Sierra Madre del Sur province","Stenocereus",23.345832824707,125.253532409668,13.1999998092651,787,11,1134.01806640625,11.5449066162109
2901794592,"Pachycereus pecten-aboriginum","Oaxaca",837,"7","10","2020","iNaturalist","62462233","Ulises Guzm_n",-96.35961,16.594012,"Sierra Madre del Sur province","Pachycereus",22.8166656494141,114.719680786133,12.8999996185303,690,10,1331.06213378906,6.90895080566406
2963758867,"Mammillaria karwinskiana","Oaxaca",287,"24","10","2020","iNaturalist","63512275","Jonathan Mohl",-96.241182,17.221912,"Sierra Madre del Sur province","Mammillaria",19.8791675567627,183.779251098633,10.3999996185303,1881,127,1503.50390625,4.62472534179688
2980773069,"Mammillaria albilanata","Oaxaca",244,"19","9","2018","iNaturalist","64123094","Ulises Guzm_n",-97.320934,17.725252,"Sierra Madre del Sur province","Mammillaria",16.595832824707,174.97346496582,5.40000009536743,517,14,2126.32153320312,3.30007934570312
2980797281,"Pachycereus pecten-aboriginum","Oaxaca",5,"5","11","2020","iNaturalist","64325924","Jim Riley",-95.370308,16.024567,"Pacific Lowlands province","Pachycereus",27.8125,95.8010101318359,20,894,6,16.7763214111328,8.47737789154053
2980812027,"Mammillaria haageana","Oaxaca",244,"3","11","2016","iNaturalist","64130718","Ulises Guzm_n",-97.319904,17.724639,"Sierra Madre del Sur province","Mammillaria",16.8875007629395,180.026840209961,5.59999990463257,520,13,2125.87353515625,3.749267578125
2980865210,"Pachycereus pecten-aboriginum","Oaxaca",10,"5","11","2020","iNaturalist","64253747","Jim Riley",-95.377075,16.0358,"Pacific Lowlands province","Pachycereus",27.8041667938232,93.8194046020508,20,867,4,9.07881546020508,7.09607839584351
2980948307,"Mammillaria haageana","Oaxaca",NA,"9","10","2016","iNaturalist","5445412","Jonathan Mohl",-97.256457,17.691261,"Sierra Madre del Sur province","Mammillaria",13.0333337783813,145.185348510742,3.70000004768372,713,19,2644.625,4.02337646484375
2981075055,"Mammillaria carnea","Oaxaca",244,"19","9","2018","iNaturalist","64121277","cactus-d",-96.921688,17.723519,"Balsas Basin province","Mammillaria",24.6916675567627,244.120239257812,13.3000001907349,591,21,719.083984375,11.8315734863281
2981075198,"Pachycereus pecten-aboriginum","Oaxaca",4,"4","11","2020","iNaturalist","64237657","Jim Riley",-96.2172,16.679297,"Sierra Madre del Sur province","Pachycereus",23.1291675567627,119.038932800293,13.1000003814697,810,14,1181.3671875,9.96681213378906
2981094079,"Coryphantha pallida","Oaxaca",244,"19","9","2018","iNaturalist","64121284","cactus-d",-97.320591,17.720346,"Sierra Madre del Sur province","Coryphantha",16.8875007629395,180.026840209961,5.59999990463257,520,13,2097.6396484375,3.06591796875
2984387545,"Mammillaria haageana","Oaxaca",244,"9","10","2016","iNaturalist","64125124","Jonathan Mohl",-97.322479,17.727868,"Sierra Madre del Sur province","Mammillaria",16.595832824707,174.97346496582,5.40000009536743,517,14,2122.5830078125,3.50204467773438
2984397693,"Mammillaria albilanata","Oaxaca",191,"30","9","2020","iNaturalist","64441432","ricardo_munoz",-97.942945,17.687084,"Sierra Madre del Sur province","Mammillaria",22.345832824707,172.540618896484,10.8999996185303,707,19,1362.99682617188,16.6155090332031
2984409813,"Ferocactus recurvus","Oaxaca",244,"22","8","2017","iNaturalist","64550361","ricardo_munoz",-97.421255,17.964886,"Sierra Madre del Sur province","Ferocactus",16.8500003814697,173.27067565918,5.69999980926514,553,17,2117.93798828125,3.3214111328125
2984413794,"Coryphantha pallida","Oaxaca",44,"29","8","2017","iNaturalist","64550371","cactus-d",-97.470403,18.004478,"Sierra Madre del Sur province","Coryphantha",20.5541667938232,212.928283691406,8.89999961853027,515,22,1675.06103515625,7.90934753417969
2984481857,"Myrtillocactus geometrizans","Oaxaca",244,"30","7","2020","iNaturalist","64615317","josechilar20",-96.938158,17.713861,"Balsas Basin province","Myrtillocactus",25.1458339691162,243.650817871094,13.6999998092651,540,17,650.413635253906,5.31157684326172
2984524923,"Pachycereus weberi","Oaxaca",244,"30","7","2020","iNaturalist","64615316","ricardo_munoz",-96.937986,17.713207,"Balsas Basin province","Pachycereus",25.1458339691162,243.650817871094,13.6999998092651,540,17,657.429870605469,5.10150146484375
2984536532,"Stenocereus pruinosus","Oaxaca",4,"4","11","2020","iNaturalist","64238254","Ulises Guzm_n",-96.170303,16.686133,"Pacific Lowlands province","Stenocereus",24.2708339691162,137.765579223633,13.5,809,16,814.197326660156,8.20058441162109
2984542778,"Opuntia pubescens","Oaxaca",31,"6","11","2020","iNaturalist","64532477","ricardo_munoz",-97.951928,17.861236,"Balsas Basin province","Opuntia",20.8833332061768,165.327941894531,10.3000001907349,706,18,1850.86328125,2.81753540039062
2984547850,"Pilosocereus chrysacanthus","Oaxaca",244,"30","7","2020","iNaturalist","64615326","ricardo_munoz",-96.939188,17.714188,"Balsas Basin province","Pilosocereus",25.1458339691162,243.650817871094,13.6999998092651,540,17,672.90185546875,7.91964721679688
2984552799,"Stenocereus treleasei","Oaxaca",20,"8","11","2020","iNaturalist","64548233","Pablo Carrillo-Reyes",-96.627639,16.796134,"Balsas Basin province","Stenocereus",21.2625007629395,122.458251953125,9.69999980926514,696,12,1602.39147949219,2.99594116210938
2984555822,"Mammillaria supertexta","Oaxaca",122,"24","10","2019","iNaturalist","64556608","ricardo_munoz",-97.192426,17.852772,"Sierra Madre del Sur province","Mammillaria",19.3583335876465,222.872100830078,7.80000019073486,596,23,1888.34094238281,2.38166809082031
2984556535,"Opuntia pubescens","Oaxaca",5,"4","11","2020","iNaturalist","64238704","Jim Riley",-96.170295,16.686108,"Pacific Lowlands province","Opuntia",24.2708339691162,137.765579223633,13.5,809,16,814.197326660156,8.20058441162109
2988315845,"Opuntia huajuapensis","Oaxaca",244,"20","9","2018","iNaturalist","64123082","Ulises Guzm_n",-97.321106,17.724434,"Sierra Madre del Sur province","Opuntia",16.8875007629395,180.026840209961,5.59999990463257,520,13,2114.93701171875,2.94305419921875
2988402703,"Epiphyllum anguliger","Oaxaca",343,"17","4","2019","iNaturalist","65385805","cactus-d",-97.831118,17.070586,"Sierra Madre del Sur province","Epiphyllum",20.7458324432373,137.037780761719,10.3000001907349,1461,36,1570.94482421875,6.18611145019531
2988485754,"Opuntia pubescens","Oaxaca",837,"5","10","2020","iNaturalist","62462294","Ulises Guzm_n",-96.328462,16.597709,"Sierra Madre del Sur province","Opuntia",23.6708335876465,136.239395141602,13.3000001907349,804,10,1037.298828125,3.29489135742188
2988521823,"Pereskia lychnidiflora","Oaxaca",26,"15","11","2020","iNaturalist","65495476","Carlos Dom_nguez-Rodr_guez",-95.98492,15.813888,"Pacific Lowlands province","Pereskia",27.2875003814697,89.6996307373047,20.1000003814697,1127,12,2.264240026474,7.4825439453125
2988596960,"Acanthocereus tetragonus","Oaxaca",208,"6","10","2020","iNaturalist","64817608","Manuel Campos",-97.104717,15.871403,"Pacific Lowlands province","Acanthocereus",26.8041667938232,83.5969390869141,19.7999992370605,940,9,4.94069862365723,1.90617275238037
2988687884,"Pachycereus weberi","Oaxaca",NA,"1","11","2020","iNaturalist","65566674","yabin-salmeron",-98.111667,17.776667,"Balsas Basin province","Pachycereus",23.8166675567627,173.183212280273,12.6999998092651,727,11,1205.20056152344,5.22598266601562
2993506530,"Mammillaria dixanthocentron","Oaxaca",NA,"18","12","2004","PRC","429212","Arias, S.",-96.96725,17.87125,"Balsas Basin province","Mammillaria",25.125,244.386993408203,13.3000001907349,734,28,762.936767578125,12.3362426757812
2993512553,"Disocactus speciosus","Oaxaca",NA,"18","2","1995","PRC","474714","Calzada, Juan Ismael",-98.05,17.21667,"Sierra Madre del Sur province","Disocactus",16.154167175293,121.252151489258,7.09999990463257,1078,30,2361.4580078125,14.6615600585938
2999121908,"Opuntia velutina","Oaxaca",3,"2","12","2020","iNaturalist","66269362","Heriberto _vila-Gonz_lez",-97.740415,17.74826,"Balsas Basin province","Opuntia",20.8833332061768,175.192504882812,9.10000038146973,621,11,1823.10705566406,2.08564758300781
3005136552,"Pereskiopsis rotundifolia","Oaxaca",166,"11","11","2020","iNaturalist","65508274","Luis Humberto Vicente-Rivera",-96.205938,15.76089,"Pacific Lowlands province","Pereskiopsis",27.0208339691162,96.1404876708984,19.8999996185303,1213,18,98.2572708129883,1.40864086151123
3008481139,"Acanthocereus tetragonus","Oaxaca",15,"2","3","2016","iNaturalist","67002466","John E. Christensen",-96.359217,16.928476,"Balsas Basin province","Acanthocereus",20.0750007629395,131.018753051758,9.69999980926514,693,12,1700.033203125,1.25064086914062
3013879593,"Opuntia karwinskiana","Oaxaca",15,"11","11","2020","iNaturalist","65487552","Carlos Dom_nguez-Rodr_guez",-96.202799,15.760989,"Pacific Lowlands province","Opuntia",27.0208339691162,96.1404876708984,19.8999996185303,1213,18,96.0785751342773,0.828428268432617
3013891686,"Mammillaria rekoi","Oaxaca",NA,"25","12","2020","iNaturalist","67067839","Ulises Guzm_n",-96.305535,16.950008,"Sierra Madre del Sur province","Mammillaria",17.6749992370605,125.254264831543,9.19999980926514,777,14,1988.89379882812,3.22674560546875
3014025619,"Epiphyllum oxypetalum","Oaxaca",290,"8","12","2020","iNaturalist","66305824","adrianaangelescarreo",-96.616886,16.779496,"Balsas Basin province","Epiphyllum",21.4375,123.677093505859,9.80000019073486,703,11,1571.37976074219,0.942733764648438
3014039960,"Mammillaria polyedra","Oaxaca",61,"21","12","2020","iNaturalist","67238217","eder_o",-98.054061,17.680657,"Balsas Basin province","Mammillaria",21.904167175293,145.546890258789,10.8999996185303,749,17,1666.51013183594,11.1516265869141
3018073966,"Mammillaria karwinskiana","Oaxaca",NA,"23","12","2020","iNaturalist","67546697","Ulises Guzm_n",-96.56098,16.975159,"Balsas Basin province","Mammillaria",21.3708343505859,144.024276733398,9.19999980926514,645,10,1604.10412597656,3.484375
3031662833,"Pereskia lychnidiflora","Oaxaca",5,"14","6","2020","iNaturalist","50795652","Carlos Dom_nguez-Rodr_guez",-96.19248,15.77098,"Pacific Lowlands province","Pereskia",27.0083332061768,95.675422668457,19.8999996185303,1225,17,101.209327697754,4.041184425354
3031669179,"Opuntia decumbens","Oaxaca",231,"1","1","2021","iNaturalist","67410299","Luis Humberto Vicente-Rivera",-96.069056,15.818696,"Pacific Lowlands province","Opuntia",27.2583332061768,89.0820236206055,20.1000003814697,1195,15,34.0539703369141,9.00175857543945
3031957126,"Acanthocereus tetragonus","Oaxaca",4,"1","7","2020","iNaturalist","67220807","Luis Humberto Vicente-Rivera",-96.464657,15.828089,"Pacific Lowlands province","Acanthocereus",25.75,88.7795791625977,17.6000003814697,1113,17,227.380386352539,3.17060470581055
3031982912,"Mammillaria karwinskiana","Oaxaca",427,"16","1","2021","iNaturalist","68155717","Ulises Guzm_n",-96.658941,17.121574,"Sierra Madre del Sur province","Mammillaria",17.5874996185303,142.846466064453,8.10000038146973,740,21,1981.78015136719,15.8736877441406
3032070891,"Pachycereus pecten-aboriginum","Oaxaca",15,"23","1","2021","iNaturalist","68651185","Carlos Dom_nguez-Rodr_guez",-96.157957,15.732906,"Pacific Lowlands province","Pachycereus",27.0166664123535,98.4962768554688,20,1144,14,14.4012966156006,5.44750595092773
3032104025,"Mammillaria karwinskiana","Oaxaca",NA,"28","1","2021","iNaturalist","68726758","",-96.683881,16.996066,"Balsas Basin province","Mammillaria",19.6000003814697,134.991577148438,9.30000019073486,649,14,1925.11291503906,6.611328125
3032119235,"Pachycereus pecten-aboriginum","Oaxaca",NA,"17","1","2021","iNaturalist","68312229","Pablo Carrillo-Reyes",-96.502525,15.66834,"Pacific Lowlands province","Pachycereus",25.9958324432373,96.1641159057617,18.1000003814697,878,17,57.7647361755371,3.05727910995483
3039124228,"Mammillaria albilanata","Oaxaca",15,"11","12","2016","iNaturalist","68949912","Ulises Guzm_n",-96.63147,16.290555,"Sierra Madre del Sur province","Mammillaria",19.404167175293,122.390182495117,10.3999996185303,731,27,1875.31188964844,15.5325164794922
3039125262,"Neobuxbaumia scoparia","Oaxaca",4,"29","12","2003","iNaturalist","68958485","Ulises Guzm_n",-95.2167,16.581842,"Pacific Lowlands province","Neobuxbaumia",26.6000003814697,146.256317138672,18.7999992370605,670,5,181.330123901367,10.2708721160889
3039134249,"Pilosocereus collinsii","Oaxaca",4,"29","12","2003","iNaturalist","68958484","Ulises Guzm_n",-95.216616,16.582073,"Pacific Lowlands province","Pilosocereus",26.7458324432373,146.185699462891,19,717,5,173.583511352539,9.643310546875
3039146284,"Pachycereus pecten-aboriginum","Oaxaca",4,"29","12","2003","iNaturalist","68958486","Pablo Carrillo-Reyes",-95.216578,16.581913,"Pacific Lowlands province","Pachycereus",26.7458324432373,146.185699462891,19,717,5,181.330123901367,10.2708721160889
3039265115,"Epiphyllum oxypetalum","Oaxaca",30,"31","1","2021","iNaturalist","68876800","adrianaangelescarreo",-96.616069,16.77877,"Balsas Basin province","Epiphyllum",21.341667175293,124.678382873535,9.80000019073486,690,11,1575.416015625,1.63352966308594
3039287428,"Mammillaria albilanata","Oaxaca",622,"1","2","2021","iNaturalist","69059265","ricardo_munoz",-96.806959,17.08768,"Balsas Basin province","Mammillaria",21.654167175293,154.102355957031,9.19999980926514,669,15,1610.755859375,2.95034790039062
3039326452,"Mammillaria rekoi","Oaxaca",225,"29","11","2020","iNaturalist","69072116","cactus-d",-96.407651,16.996627,"Balsas Basin province","Mammillaria",17.3708324432373,124.342964172363,8.60000038146973,755,15,2006.5615234375,9.2589111328125
3039433806,"Mammillaria albilanata","Oaxaca",100,"18","4","2019","iNaturalist","69263877","",-97.580435,16.845628,"Sierra Madre del Sur province","Mammillaria",18.8583335876465,111.086227416992,9.5,1203,29,1872.46643066406,10.2322235107422
3039434446,"Mammillaria rekoi","Oaxaca",94,"29","11","2020","iNaturalist","69072096","cactus-d",-96.408838,16.996367,"Balsas Basin province","Mammillaria",18.5499992370605,127.635856628418,8.89999961853027,741,15,1975.97985839844,5.91354370117188
3039493481,"Mammillaria karwinskiana","Oaxaca",165,"29","11","2020","iNaturalist","69071703","Jonathan Mohl",-96.400673,16.995038,"Balsas Basin province","Mammillaria",17.3708324432373,124.342964172363,8.60000038146973,755,15,2189.2607421875,1.79263305664062
3044566118,"Pachycereus pecten-aboriginum","Oaxaca",NA,"9","2","2021","iNaturalist","69562169","Carlos Dom_nguez-Rodr_guez",-96.165779,15.755838,"Pacific Lowlands province","Pachycereus",27.0416660308838,96.6444549560547,20,1170,15,34.0287437438965,1.37703585624695
3044609147,"Pachycereus pecten-aboriginum","Oaxaca",NA,"9","2","2021","iNaturalist","69562176","Carlos Dom_nguez-Rodr_guez",-96.153557,15.75541,"Pacific Lowlands province","Pachycereus",27.0249996185303,96.2832107543945,20.1000003814697,1195,16,68.1819915771484,3.42650032043457
3044609326,"Escontria chiotilla","Oaxaca",200,"29","6","2006","iNaturalist","12131016","Ulises Guzm_n",-96.969,17.723,"Balsas Basin province","Escontria",25.283332824707,240.580108642578,13.6999998092651,542,16,662.796875,10.333366394043
3044630232,"Mammillaria karwinskiana","Oaxaca",4,"25","12","2016","iNaturalist","69655548","Ulises Guzm_n",-96.644724,16.290396,"Sierra Madre del Sur province","Mammillaria",18.8624992370605,122.216728210449,10.1000003814697,807,31,1936.48132324219,3.22903442382812
3044655401,"Mammillaria karwinskiana","Oaxaca",8,"21","9","2014","iNaturalist","69730845","Ulises Guzm_n",-96.658002,16.290254,"Sierra Madre del Sur province","Mammillaria",18.9416675567627,122.712394714355,10,781,31,1896.88793945312,13.4694976806641
3044687347,"Mammillaria albilanata","Oaxaca",4,"21","9","2014","iNaturalist","69706698","Ulises Guzm_n",-96.652127,16.267007,"Sierra Madre del Sur province","Mammillaria",17.6791667938232,119.819145202637,9.5,979,36,2031.81042480469,8.38417053222656
3044715660,"Mammillaria albilanata","Oaxaca",4,"12","12","2014","iNaturalist","69828681","Ulises Guzm_n",-96.646242,16.298342,"Sierra Madre del Sur province","Mammillaria",18.966667175293,121.231056213379,10.1000003814697,805,30,1988.181640625,2.63368225097656
3044729407,"Opuntia decumbens","Oaxaca",NA,"14","2","2021","iNaturalist","69725124","Carlos Dom_nguez-Rodr_guez",-96.114433,15.767012,"Pacific Lowlands province","Opuntia",27.2291660308838,91.3897323608398,20.2000007629395,1189,15,19.1977310180664,1.98339796066284
3044797408,"Pilosocereus collinsii","Oaxaca",31,"9","2","2021","iNaturalist","69703247","Carlos Dom_nguez-Rodr_guez",-96.160044,15.755615,"Pacific Lowlands province","Pilosocereus",27.0416660308838,96.6444549560547,20,1170,15,51.3748321533203,2.0051155090332
3044802489,"Mammillaria karwinskiana","Oaxaca",4,"5","9","2014","iNaturalist","69769773","Ulises Guzm_n",-96.670313,16.281288,"Sierra Madre del Sur province","Mammillaria",18.341667175293,123.322082519531,9.60000038146973,860,33,1912.19616699219,7.554443359375
3044813351,"Pilosocereus collinsii","Oaxaca",4,"17","2","2019","iNaturalist","69657518","Carlos Dom_nguez-Rodr_guez",-96.164246,15.724764,"Pacific Lowlands province","Pilosocereus",27.0791664123535,99.2576599121094,20,1110,14,9.76811122894287,1.32895541191101
3044827052,"Mammillaria karwinskiana","Oaxaca",15,"15","11","2017","iNaturalist","70049736","Ulises Guzm_n",-96.660722,16.285495,"Sierra Madre del Sur province","Mammillaria",18.7875003814697,124.82942199707,9.89999961853027,803,31,1828.43908691406,9.43569946289062
3044841865,"Mammillaria karwinskiana","Oaxaca",8,"13","2","2016","iNaturalist","69938183","Ulises Guzm_n",-96.632603,16.300923,"Sierra Madre del Sur province","Mammillaria",19.5541667938232,118.061210632324,10.5,739,27,1859.966796875,11.9012603759766
3044842632,"Opuntia karwinskiana","Oaxaca",NA,"18","2","2021","iNaturalist","69820723","Carlos Dom_nguez-Rodr_guez",-96.196442,15.70953,"Pacific Lowlands province","Opuntia",27.0375003814697,97.40087890625,20,1123,15,2.29308080673218,3.14527654647827
3044846700,"Opuntia decumbens","Oaxaca",4,"18","2","2021","iNaturalist","69871448","Carlos Dom_nguez-Rodr_guez",-96.196686,15.710631,"Pacific Lowlands province","Opuntia",27.0375003814697,97.40087890625,20,1123,15,5.3404335975647,4.15478372573853
3044856761,"Mammillaria albilanata","Oaxaca",4,"7","2","2016","iNaturalist","69906007","P Gonzalez Zamora",-96.625897,16.310215,"Sierra Madre del Sur province","Mammillaria",20.1749992370605,121.440223693848,10.6999998092651,638,22,1735.52880859375,7.12599182128906
3044860068,"Mammillaria albilanata","Oaxaca",8,"30","9","2017","iNaturalist","70086182","Ulises Guzm_n",-96.635844,16.322395,"Sierra Madre del Sur province","Mammillaria",20.2666664123535,121.1748046875,10.6999998092651,628,19,1666.09545898438,2.03007507324219
3044869582,"Opuntia decumbens","Oaxaca",4,"31","12","2003","iNaturalist","69819174","Pablo Carrillo-Reyes",-94.986814,16.739698,"Pacific Lowlands province","Opuntia",25.533332824707,182.723526000977,17.8999996185303,1240,50,253.960556030273,12.4785614013672
3044885311,"Mammillaria karwinskiana","Oaxaca",15,"25","12","2016","iNaturalist","69655403","Ulises Guzm_n",-96.643324,16.291742,"Sierra Madre del Sur province","Mammillaria",18.966667175293,121.231056213379,10.1000003814697,805,30,1933.44702148438,4.62257385253906
3044902529,"Myrtillocactus geometrizans","Oaxaca",4,"30","3","2018","iNaturalist","69779042","La Rata Mutante",-96.646957,16.305863,"Sierra Madre del Sur province","Myrtillocactus",19.408332824707,121.596084594727,10.3000001907349,736,27,1815.25695800781,6.66127014160156
3044904830,"Mammillaria karwinskiana","Oaxaca",4,"13","2","2016","iNaturalist","69938481","Ulises Guzm_n",-96.635617,16.293534,"Sierra Madre del Sur province","Mammillaria",19.3374996185303,121.582832336426,10.3999996185303,743,28,1810.31567382812,5.40126037597656
3044961578,"Pereskiopsis rotundifolia","Oaxaca",4,"18","2","2021","iNaturalist","69816874","Carlos Dom_nguez-Rodr_guez",-96.196847,15.708844,"Pacific Lowlands province","Pereskiopsis",27.0375003814697,97.40087890625,20,1123,15,6.6405816078186,5.75427722930908
3058691964,"Acanthocereus tetragonus","Oaxaca",NA,"25","2","2021","iNaturalist","70263964","Carlos Dom_nguez-Rodr_guez",-96.170265,15.751058,"Pacific Lowlands province","Acanthocereus",27.0583324432373,96.6914749145508,20,1167,15,29.1900539398193,2.80118894577026
3058702732,"Neobuxbaumia tetetzo","Oaxaca",4,"25","2","2021","iNaturalist","70183322","Carlos Dom_nguez-Rodr_guez",-96.125633,15.753326,"Pacific Lowlands province","Neobuxbaumia",27.1666660308838,96.2320251464844,20.1000003814697,1158,15,14.9579248428345,6.25572156906128
3058755341,"Opuntia lasiacantha","Oaxaca",30,"10","1","2013","iNaturalist","16648413","Ulises Guzm_n",-96.768794,17.046294,"Balsas Basin province","Opuntia",20.3166675567627,134.575653076172,9.5,662,16,1919.69665527344,2.90200805664062
3058761696,"Opuntia tomentosa","Oaxaca",4,"24","8","2014","iNaturalist","69828327","La Rata Mutante",-96.66063,16.290869,"Sierra Madre del Sur province","Opuntia",18.7875003814697,124.82942199707,9.89999961853027,803,31,1879.22509765625,1.96279907226562
3058766981,"Opuntia karwinskiana","Oaxaca",NA,"25","2","2021","iNaturalist","70263946","Carlos Dom_nguez-Rodr_guez",-96.179947,15.760185,"Pacific Lowlands province","Opuntia",27.0249996185303,96.9184341430664,19.8999996185303,1196,17,65.2826461791992,3.31180906295776
3058772430,"Opuntia velutina","Oaxaca",NA,"3","1","2020","iNaturalist","37857699","Miguel A. Chavez Caballero",-97.763336,17.800278,"Balsas Basin province","Opuntia",21.591667175293,188.400360107422,9.39999961853027,636,19,1618.34716796875,2.35179138183594
3058802450,"Opuntia tehuacana","Oaxaca",122,"28","3","2017","iNaturalist","41186560","ricardo_munoz",-96.966699,17.897802,"Balsas Basin province","Opuntia",25.125,248.490859985352,13.3000001907349,701,25,678.371337890625,14.4476547241211
3058850447,"Opuntia tehuacana","Oaxaca",502,"27","7","2016","iNaturalist","42143408","Leticia Soriano Flores",-96.981896,17.911086,"Balsas Basin province","Opuntia",25.3583335876465,246.906631469727,13.3999996185303,700,25,602.176879882812,13.3952026367188
3058944711,"Opuntia tomentosa","Oaxaca",4,"28","8","2015","iNaturalist","69577558","La Rata Mutante",-96.639861,16.30393,"Sierra Madre del Sur province","Opuntia",19.7625007629395,122.29109954834,10.5,676,24,1738.80993652344,2.53636169433594
3058971656,"Pilosocereus collinsii","Oaxaca",NA,"7","3","2021","iNaturalist","70861144","Carlos Dom_nguez-Rodr_guez",-96.058311,15.785576,"Pacific Lowlands province","Pilosocereus",27.1791667938232,94.1579666137695,20,1145,12,35.5612335205078,3.77265739440918
3059040839,"Pachycereus pecten-aboriginum","Oaxaca",NA,"7","3","2021","iNaturalist","70861147","Carlos Dom_nguez-Rodr_guez",-96.058418,15.785157,"Pacific Lowlands province","Pachycereus",27.154167175293,90.9409866333008,20.1000003814697,1175,14,42.6093559265137,1.94117403030396
3067667842,"Opuntia decumbens","Oaxaca",4,"10","3","2020","iNaturalist","39828205","Teri",-96.319763,16.694188,"Sierra Madre del Sur province","Opuntia",23.6749992370605,135.571197509766,12.8999996185303,854,16,1040.5205078125,2.87533569335938
3067734382,"Opuntia decumbens","Oaxaca",331,"17","1","2021","iNaturalist","68311849","Cecilia Chapa-Balcorta",-96.503296,15.666843,"Pacific Lowlands province","Opuntia",25.9958324432373,96.1641159057617,18.1000003814697,878,17,35.2959976196289,4.45562124252319
3067813628,"Pachycereus pecten-aboriginum","Oaxaca",49,"20","3","2021","iNaturalist","71930554","Carlos Dom_nguez-Rodr_guez",-95.379532,16.028295,"Pacific Lowlands province","Pachycereus",27.6999988555908,94.1710357666016,19.8999996185303,867,5,63.0351333618164,6.94308376312256
3067891266,"Pachycereus weberi","Oaxaca",NA,"14","3","2021","iNaturalist","71737091","Carlos Dom_nguez-Rodr_guez",-96.766632,17.05666,"Balsas Basin province","Pachycereus",20.7875003814697,138.171905517578,9.60000038146973,652,13,1783.69360351562,1.33717346191406
3068009259,"Ferocactus recurvus","Oaxaca",NA,"13","3","2021","iNaturalist","71730872","cactus-d",-97.68811,18.093452,"Balsas Basin province","Ferocactus",19.3666667938232,182.162933349609,9.30000019073486,538,13,1868.73999023438,4.33232116699219
3068085819,"Polaskia chichipe","Oaxaca",NA,"13","3","2021","iNaturalist","71730889","Ignacio Torres Garc_a",-97.572365,17.684046,"Sierra Madre del Sur province","Polaskia",18.345832824707,175.699356079102,6.30000019073486,600,17,2007.32421875,0.240280151367188
3068096612,"Opuntia lasiacantha","Oaxaca",4,"28","5","2013","iNaturalist","71535081","Ulises Guzm_n",-96.643924,16.30542,"Sierra Madre del Sur province","Opuntia",19.408332824707,121.596084594727,10.3000001907349,736,27,1780.396484375,2.77079772949219
3070294394,"Opuntia pilifera","Oaxaca",NA,"31","7","2017","iNaturalist","7304457","rpmundo",-96.450455,16.958143,"Balsas Basin province","Opuntia",21.0458335876465,136.605926513672,9.60000038146973,676,13,1685.25427246094,2.85627746582031
3070380451,"Opuntia decumbens","Oaxaca",15,"28","2","2021","iNaturalist","70500593","Carlos Dom_nguez-Rodr_guez",-96.173588,15.744266,"Pacific Lowlands province","Opuntia",27.029167175293,98.1061172485352,20,1161,15,23.0871925354004,2.49991416931152
3070498270,"Opuntia decumbens","Oaxaca",NA,"20","2","2021","iNaturalist","69883406","Roberto Valdivieso Lavias",-95.228325,16.161966,"Pacific Lowlands province","Opuntia",27.7916660308838,121.109146118164,19.8999996185303,880,4,5.90089416503906,0.506862878799438
3070501380,"Coryphantha pallida","Oaxaca",NA,"26","7","2017","iNaturalist","7237261","Joey Santore",-96.931702,17.695768,"Balsas Basin province","Coryphantha",25.0666656494141,242.227661132812,13.8000001907349,534,16,664.768493652344,3.75576782226562
3070592465,"Acanthocereus tetragonus","Oaxaca",NA,"31","8","2018","iNaturalist","16090344","P Gonzalez Zamora",-96.514725,15.663055,"Pacific Lowlands province","Acanthocereus",26.1124992370605,100.682342529297,18.1000003814697,806,16,11.7156982421875,5.95417881011963
3070659552,"Pilosocereus collinsii","Oaxaca",8,"24","3","2021","iNaturalist","72066221","Carlos Dom_nguez-Rodr_guez",-96.158854,15.733485,"Pacific Lowlands province","Pilosocereus",27.0083332061768,97.7667465209961,20,1159,15,10.3312368392944,5.20756483078003
3070716527,"Opuntia decumbens","Oaxaca",4,"5","3","2021","iNaturalist","70670717","Carlos Dom_nguez-Rodr_guez",-96.125356,15.75172,"Pacific Lowlands province","Opuntia",27.1666660308838,96.2320251464844,20.1000003814697,1158,15,5.81528329849243,8.8234691619873
3079610211,"Cephalocereus columna-trajani","Oaxaca",31,"28","3","2021","iNaturalist","73303688","Leoncio Paz",-97.07377,17.903883,"Balsas Basin province","Cephalocereus",24.0874996185303,241.050033569336,11.3000001907349,831,39,1148.41931152344,9.97085571289062
3079706226,"Cephalocereus columna-trajani","Oaxaca",15,"28","3","2021","iNaturalist","73302713","Leoncio Paz",-97.086962,17.892891,"Balsas Basin province","Cephalocereus",23.2416667938232,245.568283081055,10.5,905,44,1293.65551757812,7.06117248535156
3079774242,"Cephalocereus columna-trajani","Oaxaca",15,"28","3","2021","iNaturalist","73301764","Leoncio Paz",-97.093363,17.876126,"Balsas Basin province","Cephalocereus",22.0625,237.229522705078,10.1000003814697,972,44,1617.81628417969,4.23898315429688
3079862898,"Opuntia decumbens","Oaxaca",NA,"28","3","2021","iNaturalist","73122787","Delgado Fabela Jared Fabi_n",-96.560566,15.674841,"Pacific Lowlands province","Opuntia",25.9375,96.8157653808594,17.6000003814697,877,14,89.5866928100586,3.9888858795166
3090596328,"Opuntia huajuapensis","Oaxaca",4,"25","10","2016","iNaturalist","4442324","ricardo_munoz",-97.285677,17.600798,"Sierra Madre del Sur province","Opuntia",14.5416669845581,144.534255981445,4.30000019073486,602,14,2448.0234375,2.8372802734375
3090628133,"Mammillaria karwinskiana","Oaxaca",NA,"28","3","2021","iNaturalist","73434748","Jonathan Mohl",-96.743611,17.1775,"Sierra Madre del Sur province","Mammillaria",19.1708335876465,149.369262695312,8.69999980926514,735,20,1969.28015136719,7.59407043457031
3090667971,"Mammillaria sphacelata","Oaxaca",31,"6","9","2020","iNaturalist","71551957","Miguel Casta_eda-Z_rate",-97.221624,17.849202,"Sierra Madre del Sur province","Mammillaria",17.7458324432373,211.826019287109,6.69999980926514,496,16,2091.37060546875,4.7662353515625
3090710626,"Opuntia decumbens","Oaxaca",NA,"12","4","2021","iNaturalist","73800226","Carlos Dom_nguez-Rodr_guez",-96.209129,15.780149,"Pacific Lowlands province","Opuntia",27.0208339691162,96.2350006103516,19.7999992370605,1229,18,97.7450942993164,1.71559524536133
3090822608,"Mammillaria mystax","Oaxaca",31,"12","6","2019","iNaturalist","34611827","Miguel _ngel Cruz Ramirez",-97.392847,17.611491,"Sierra Madre del Sur province","Mammillaria",14.2875003814697,137.908477783203,4.09999990463257,666,18,2601.89819335938,4.32742309570312
3096999308,"Stenocereus pruinosus","Oaxaca",NA,"26","12","2016","iNaturalist","4848690","Ulises Guzm_n",-95.545089,16.421792,"Pacific Lowlands province","Stenocereus",27.3083324432373,119.977935791016,18.2999992370605,614,4,187.328979492188,1.26319885253906
3097013468,"Pachycereus pecten-aboriginum","Oaxaca",4,"7","2","2021","iNaturalist","69836210","La Rata Mutante",-96.194362,15.819713,"Pacific Lowlands province","Pachycereus",26.7583332061768,91.0253143310547,19.5,1329,17,166.778839111328,3.54008483886719
3097057477,"Opuntia auberi","Oaxaca",6,"13","12","2020","iNaturalist","67208988","jramirez",-96.8019,16.479,"Sierra Madre del Sur province","Opuntia",21.4541664123535,125.199081420898,10.8999996185303,957,18,1335.14611816406,4.70962524414062
3097198490,"Opuntia decumbens","Oaxaca",NA,"20","4","2021","iNaturalist","74710177","Carlos Dom_nguez-Rodr_guez",-96.13398,15.754777,"Pacific Lowlands province","Opuntia",27.1041660308838,96.5885848999023,20.1000003814697,1168,16,4.91801452636719,1.92396199703217
3097335460,"Pachycereus pecten-aboriginum","Oaxaca",4,"19","4","2021","iNaturalist","74708879","Carlos Dom_nguez-Rodr_guez",-96.136159,15.766151,"Pacific Lowlands province","Pachycereus",27.158332824707,95.6991806030273,20.1000003814697,1182,16,20.4355545043945,1.01827144622803
3108995973,"Acanthocereus tetragonus","Oaxaca",8,"25","4","2021","iNaturalist","75252966","La Rata Mutante",-96.48168,15.819453,"Pacific Lowlands province","Acanthocereus",25.845832824707,90.8910140991211,17.5,1074,17,146.058975219727,13.2400741577148
3109059555,"Pereskiopsis kellermanii","Oaxaca",NA,"17","4","2021","iNaturalist","74487589","Carlos Dom_nguez-Rodr_guez",-96.198357,15.779315,"Pacific Lowlands province","Pereskiopsis",26.9958324432373,93.7709426879883,19.8999996185303,1248,16,124.92407989502,0.799282073974609
3109119364,"Mammillaria albilanata","Oaxaca",NA,"1","1","2021","iNaturalist","75516294","Jonathan Mohl",-96.355743,16.62639,"Sierra Madre del Sur province","Mammillaria",22.2625007629395,115.012367248535,12.3999996185303,611,10,1519.82629394531,11.4100952148438
3109213536,"Ferocactus recurvus","Oaxaca",NA,"1","1","2021","iNaturalist","75625749","cactus-d",-96.379183,16.625304,"Sierra Madre del Sur province","Ferocactus",21.3666667938232,115.036239624023,11.6999998092651,521,8,1564.07507324219,10.23974609375
3109253356,"Stenocereus pruinosus","Oaxaca",31,"19","4","2011","iNaturalist","75515900","Juve",-96.358836,16.546419,"Sierra Madre del Sur province","Stenocereus",23.2083339691162,114.21337890625,13.3000001907349,726,11,1243.4775390625,8.09849548339844
3109407500,"Escontria chiotilla","Oaxaca",61,"23","7","2019","iNaturalist","75630079","Juve",-96.317869,16.681801,"Sierra Madre del Sur province","Escontria",23.9166660308838,136.087097167969,13.1999998092651,848,16,988.533325195312,3.33214569091797
3112325347,"Acanthocereus tetragonus","Oaxaca",15,"11","5","2019","iNaturalist","45844602","Daniel Juarez Santiago",-97.683652,16.887174,"Sierra Madre del Sur province","Acanthocereus",18.5,97.2578582763672,10,1194,34,2179.99072265625,3.94430541992188
3112407727,"Mammillaria albilanata","Oaxaca",31,"7","7","2012","iNaturalist","76827719","Juve",-96.364425,16.572323,"Sierra Madre del Sur province","Mammillaria",23.5166664123535,124.887817382812,13.3000001907349,803,11,1067.05456542969,8.72625732421875
3112527334,"Disocactus ackermannii","Oaxaca",61,"12","4","2019","iNaturalist","41975689","Manuel Campos",-97.660372,16.875958,"Sierra Madre del Sur province","Disocactus",16.470832824707,103.779876708984,8.10000038146973,1111,28,2353.14990234375,5.73587036132812
3112565758,"Neobuxbaumia tetetzo","Oaxaca",122,"12","11","2016","iNaturalist","76799859","Juve",-96.348934,16.567712,"Pacific Lowlands province","Neobuxbaumia",23.595832824707,133.628707885742,13.1999998092651,805,10,1084.44189453125,4.30253601074219
3112722335,"Opuntia decumbens","Oaxaca",131,"4","3","2020","iNaturalist","41587289","ricardo_munoz",-96.443696,15.769925,"Pacific Lowlands province","Opuntia",26.2708339691162,91.9599151611328,18.1000003814697,1060,20,146.053588867188,2.10490036010742
3112800133,"Mammillaria karwinskiana","Oaxaca",1,"10","4","2021","iNaturalist","77118000","cactus-d",-96.201205,16.722853,"Pacific Lowlands province","Mammillaria",23.3041667938232,134.374954223633,12.8999996185303,894,18,1074.76684570312,8.39102172851562
3113452472,"Pereskiopsis rotundifolia","Oaxaca",4,"2","3","2021","iNaturalist","75603889","La Rata Mutante",-96.162929,15.725023,"Pacific Lowlands province","Pereskiopsis",27.0625,99.2271423339844,20,1122,14,8.45667457580566,1.60541963577271
3113460725,"Coryphantha pallida","Oaxaca",8,"4","5","2021","iNaturalist","77752379","Ulises Guzm_n",-97.340432,17.822431,"Sierra Madre del Sur province","Coryphantha",16.5541667938232,171.510131835938,5.19999980926514,527,17,2257.56396484375,3.65234375
3113575701,"Ferocactus recurvus","Oaxaca",4,"4","5","2021","iNaturalist","77752399","Leticia Soriano Flores",-97.340412,17.822452,"Sierra Madre del Sur province","Ferocactus",16.5541667938232,171.510131835938,5.19999980926514,527,17,2257.56396484375,3.65234375
3113584678,"Mammillaria haageana","Oaxaca",4,"4","5","2021","iNaturalist","77752400","Leticia Soriano Flores",-97.34041,17.822419,"Sierra Madre del Sur province","Mammillaria",16.5541667938232,171.510131835938,5.19999980926514,527,17,2257.56396484375,3.65234375
3117759751,"Neobuxbaumia tetetzo","Oaxaca",4,"14","5","2021","iNaturalist","78775584","Carlos Dom_nguez-Rodr_guez",-96.137858,15.761636,"Pacific Lowlands province","Neobuxbaumia",27.158332824707,95.6991806030273,20.1000003814697,1182,16,21.5761241912842,2.15226054191589
3117788419,"Mammillaria haageana","Oaxaca",4,"1","7","2018","iNaturalist","69751627","amantedarmanin",-96.643096,16.279638,"Sierra Madre del Sur province","Mammillaria",18.6749992370605,122.687705993652,10,828,32,1782.16809082031,16.5152740478516
3117788538,"Mammillaria karwinskiana","Oaxaca",836,"3","11","2020","iNaturalist","78225546","amantedarmanin",-96.524987,17.036451,"Balsas Basin province","Mammillaria",19.4833335876465,138.585952758789,9.10000038146973,676,13,1777.48974609375,10.2682189941406
3117808410,"Mammillaria haageana","Oaxaca",NA,"31","1","2021","iNaturalist","68892087","biologa_marina_lorena",-96.864822,17.083977,"Balsas Basin province","Mammillaria",20.9750003814697,145.281860351562,9.10000038146973,688,16,1757.25646972656,7.24734497070312
3117820802,"Acanthocereus tetragonus","Oaxaca",4,"14","5","2021","iNaturalist","78775588","La Rata Mutante",-96.137839,15.761643,"Pacific Lowlands province","Acanthocereus",27.158332824707,95.6991806030273,20.1000003814697,1182,16,21.5761241912842,2.15226054191589
3118212383,"Coryphantha pallida","Oaxaca",31,"17","5","2019","iNaturalist","79287676","ricardo_munoz",-97.295507,17.743196,"Sierra Madre del Sur province","Coryphantha",15.7333335876465,166.996643066406,4.90000009536743,526,15,2315.58081054688,3.20620727539062
3118313596,"Pilosocereus collinsii","Oaxaca",15,"17","5","2021","iNaturalist","79484315","Carlos Dom_nguez-Rodr_guez",-96.193086,15.768302,"Pacific Lowlands province","Pilosocereus",27.0083332061768,95.675422668457,19.8999996185303,1225,17,88.0838470458984,1.98967838287354
3118318502,"Escontria chiotilla","Oaxaca",8,"10","4","2021","iNaturalist","77118005","Pablo Carrillo-Reyes",-96.196632,16.729007,"Pacific Lowlands province","Escontria",23.404167175293,132.929534912109,13.1000003814697,909,17,1108.36157226562,8.09324645996094
3118381224,"Opuntia pubescens","Oaxaca",NA,"16","5","2021","iNaturalist","79084189","Miguel Angel Cruz Cruz",-96.69611,16.99814,"Balsas Basin province","Opuntia",20.2875003814697,140.08317565918,9.30000019073486,637,13,1851.99609375,2.14999389648438
3118425476,"Stenocereus stellatus","Oaxaca",61,"16","5","2021","iNaturalist","79294558","Leticia Soriano Flores",-97.689805,18.216722,"Balsas Basin province","Stenocereus",19.5791664123535,176.344940185547,9.80000019073486,537,13,1804.54455566406,7.16264343261719
3118432447,"Stenocereus pruinosus","Oaxaca",122,"16","5","2021","iNaturalist","79294557","Leticia Soriano Flores",-97.689753,18.216952,"Balsas Basin province","Stenocereus",19.5791664123535,176.344940185547,9.80000019073486,537,13,1810.61889648438,7.04302978515625
3118461414,"Ferocactus recurvus","Oaxaca",122,"16","5","2021","iNaturalist","79294569","Leticia Soriano Flores",-97.689854,18.216741,"Balsas Basin province","Ferocactus",19.5791664123535,176.344940185547,9.80000019073486,537,13,1810.61889648438,7.04302978515625
3124536314,"Polaskia chichipe","Oaxaca",NA,"19","2","2019","iNaturalist","20765908","Ulises Guzm_n",-97.347872,17.876805,"Sierra Madre del Sur province","Polaskia",17.529167175293,192.217422485352,5.59999990463257,464,15,2069.6416015625,1.9251708984375
3124744641,"Pachycereus pecten-aboriginum","Oaxaca",4,"22","5","2021","iNaturalist","80143565","Heriberto _vila-Gonz_lez",-96.223432,15.786997,"Pacific Lowlands province","Pachycereus",26.9958343505859,94.5914077758789,19.7999992370605,1257,18,127.337928771973,1.55910110473633
3124760503,"Neobuxbaumia tetetzo","Oaxaca",NA,"27","9","2017","iNaturalist","80190380","amantedarmanin",-97.02473,17.869886,"Balsas Basin province","Neobuxbaumia",25.7416667938232,245.568267822266,13.8000001907349,528,16,635.224975585938,11.0362167358398
3124924696,"Escontria chiotilla","Oaxaca",NA,"15","11","2017","iNaturalist","80177801","Socorro Garcia M_ndez",-96.944691,17.771439,"Balsas Basin province","Escontria",24.9208335876465,243.72541809082,13.3999996185303,613,23,664.946899414062,3.43495941162109
3125114571,"Pereskia lychnidiflora","Oaxaca",NA,"20","11","1959","SD","SD00019090","Jon P. Rebman, 1998",-95.16667,16.16667,"Pacific Lowlands province","Pereskia",27.7875003814697,106.239974975586,19.8999996185303,856,4,54.1765365600586,10.936450958252
3125238449,"Cephalocereus apicicephalium","Oaxaca",NA,"23","4","2012","SD","SD00013183","Carlos Gomez H., 2012",-95.212222,16.450278,"Pacific Lowlands province","Cephalocereus",26.3833332061768,107.710350036621,18.3999996185303,654,5,229.568878173828,13.5267353057861
3301786314,"Epiphyllum oxypetalum","Oaxaca",4,"2","11","2017","iNaturalist","9149239","cactus-d",-96.604244,18.11442,"Veracruzan province","Epiphyllum",21.5166664123535,226.237350463867,10.8999996185303,4599,344,1221.12866210938,12.639892578125
3301871809,"Mammillaria carnea","Oaxaca",4,"4","6","2021","iNaturalist","81664275","ricardo_munoz",-97.034894,17.865169,"Balsas Basin province","Mammillaria",25.4541664123535,240.50569152832,13.3999996185303,624,21,656.655578613281,13.5321350097656
3301971831,"Neobuxbaumia tetetzo","Oaxaca",NA,"27","5","2021","iNaturalist","80812213","Carlos Dom_nguez-Rodr_guez",-96.108345,15.784019,"Pacific Lowlands province","Neobuxbaumia",27.3083324432373,92.6340255737305,20.2000007629395,1174,15,23.4333629608154,2.99272704124451
3302024987,"Ferocactus recurvus","Oaxaca",506,"13","12","2017","iNaturalist","80676076","cactus-d",-96.934369,17.74283,"Balsas Basin province","Ferocactus",24.9125003814697,246.144119262695,13.3999996185303,578,20,650.9658203125,2.85521697998047
3302254796,"Mammillaria karwinskiana","Oaxaca",8,"11","10","2017","iNaturalist","81582162","Jonathan Mohl",-96.888936,17.250145,"Balsas Basin province","Mammillaria",21.0416660308838,158.082733154297,9.30000019073486,730,17,1733.23840332031,4.43775939941406
3302441664,"Escontria chiotilla","Oaxaca",NA,"15","11","2017","iNaturalist","79340239","Socorro Garcia M_ndez",-96.946923,17.780103,"Balsas Basin province","Escontria",24.7999992370605,243.487930297852,13.1999998092651,667,27,705.008666992188,13.8932495117188
3302479937,"Pachycereus pecten-aboriginum","Oaxaca",NA,"2","6","2021","iNaturalist","81785632","Carlos Dom_nguez-Rodr_guez",-97.05587,15.853563,"Pacific Lowlands province","Pachycereus",26.6291656494141,79.8139343261719,19.7999992370605,941,10,6.47346639633179,2.35693573951721
3306067302,"Pereskia lychnidiflora","Oaxaca",100,"20","11","1959","UCB","NO DISPONIBLE","Leuenberger, B.",-95.160833,16.178333,"Pacific Lowlands province","Pereskia",27.8624992370605,107.494705200195,20,884,4,31.8065414428711,2.24588346481323
3306199333,"Escontria chiotilla","Oaxaca",NA,"18","4","2004","FESI-UNAM","NO APLICA","U.G.",-96.315083,16.677111,"Pacific Lowlands province","Escontria",23.9333343505859,135.199081420898,13.1999998092651,852,17,978.784057617188,11.5896224975586
3306199690,"Stenocereus pruinosus","Oaxaca",NA,"13","5","2004","FESI-UNAM","NO APLICA","U.G.",-96.319167,16.715472,"Sierra Madre del Sur province","Stenocereus",22.6833324432373,122.832695007324,12.3000001907349,770,16,1388.32543945312,9.46315002441406
3306199699,"Pachycereus weberi","Oaxaca",NA,"7","5","2001","FESI-UNAM","NO DISPONIBLE","J.I.C.",-97.061611,18.002361,"Balsas Basin province","Pachycereus",25.3208332061768,242.238220214844,13,744,26,654.020324707031,4.71040344238281
3306200194,"Opuntia decumbens","Oaxaca",NA,"4","7","2001","FESI-UNAM","NO DISPONIBLE","J.I.C.",-97.052139,18.014417,"Balsas Basin province","Opuntia",25.220832824707,238.512985229492,12.8999996185303,799,31,715.263000488281,1.90901184082031
3306200467,"Pachycereus pecten-aboriginum","Oaxaca",NA,"13","5","2004","FESI-UNAM","NO APLICA","U.G.",-96.319222,16.727611,"Sierra Madre del Sur province","Pachycereus",22.2916660308838,123.52465057373,11.8999996185303,764,14,1260.90234375,6.49009704589844
3306200749,"Stenocereus treleasei","Oaxaca",NA,"11","7","2004","FESI-UNAM","NO DISPONIBLE","U.G.",-96.441389,16.996389,"Balsas Basin province","Stenocereus",19.7333335876465,131.863082885742,9.19999980926514,674,13,1718.87072753906,0.772415161132812
3306201317,"Mammillaria huitzilopochtli","Oaxaca",NA,"3","7","2005","FESI-UNAM","NO DISPONIBLE","U.G.",-96.961889,17.806556,"Balsas Basin province","Mammillaria",25.1208324432373,246.66374206543,13.3999996185303,585,19,625.577697753906,2.00333404541016
3306201595,"Opuntia decumbens","Oaxaca",NA,"16","5","2004","FESI-UNAM","NO DISPONIBLE","U.G.",-94.955444,16.605278,"Pacific Lowlands province","Opuntia",26.6124992370605,165.915176391602,19.2999992370605,1049,18,49.9688987731934,0.81294059753418
3306202251,"Stenocereus stellatus","Oaxaca",NA,"10","9","2002","FESI-UNAM","NO APLICA","U.G.",-96.966389,17.905194,"Balsas Basin province","Stenocereus",24.7583332061768,247.20100402832,12.8999996185303,854,35,698.637878417969,6.3189697265625
3306202535,"Escontria chiotilla","Oaxaca",NA,"11","6","2003","FESI-UNAM","NO APLICA","J.I.C.",-96.968333,17.902639,"Balsas Basin province","Escontria",25.1166667938232,247.710708618164,13.3000001907349,718,26,650.728271484375,6.96084594726562
3306204192,"Opuntia huajuapensis","Oaxaca",NA,"3","10","2013","FESI-UNAM","NO APLICA","H.H.C.M.",-96.921222,17.385556,"Sierra Madre del Sur province","Opuntia",16.1458339691162,156.284393310547,7,691,17,2217.15795898438,4.32073974609375
3307131444,"Stenocereus pruinosus","Oaxaca",19,"30","5","2021","iNaturalist","80959915","Juve",-96.570148,16.995849,"Balsas Basin province","Stenocereus",21.1458339691162,144.826812744141,9.10000038146973,642,11,1612.46960449219,4.67855834960938
3307242303,"Stenocereus pruinosus","Oaxaca",4,"21","2","2020","iNaturalist","83452837","Rafael Guti_rrez",-96.325226,16.899768,"Balsas Basin province","Stenocereus",19.2333335876465,135.551620483398,9.60000038146973,700,14,1768.11572265625,1.15769958496094
3307266233,"Mammillaria haageana","Oaxaca",NA,"12","5","2021","iNaturalist","83452246","Jonathan Mohl",-97.664906,18.199438,"Balsas Basin province","Mammillaria",19.3541660308838,178.636993408203,9.30000019073486,538,15,1895.00183105469,7.70526123046875
3307299328,"Myrtillocactus schenckii","Oaxaca",5,"2","3","2020","iNaturalist","41964869","C_sar Luis",-96.544472,17.003422,"Balsas Basin province","Myrtillocactus",20.9583339691162,136.178924560547,9.39999961853027,636,11,1628.04956054688,2.01908874511719
3307305234,"Ferocactus recurvus","Oaxaca",NA,"15","6","2021","iNaturalist","83385331","ivonnect",-98.158494,17.76085,"Balsas Basin province","Ferocactus",24.1916675567627,172.334686279297,12.8999996185303,757,13,1244.88159179688,7.01335144042969
3307597287,"Pilosocereus chrysacanthus","Oaxaca",NA,"25","9","1920","IBUNAM","59802","_ngel Salvador Arias Montes",-96.944917,17.564472,"Balsas Basin province","Pilosocereus",19.6833343505859,197.98225402832,9.10000038146973,898,34,1761.19104003906,11.2752838134766
3307601336,"Escontria chiotilla","Oaxaca",NA,NA,"5","1953","IBUNAM","59744","_ngel Salvador Arias Montes",-97.582361,17.680278,"Sierra Madre del Sur province","Escontria",18.3250007629395,177.05290222168,6.30000019073486,607,17,1985.25891113281,6.68319702148438
3307601368,"Polaskia chichipe","Oaxaca",NA,NA,"6","1965","IBUNAM","60453","_ngel Salvador Arias Montes",-97.74975,17.736833,"Balsas Basin province","Polaskia",21.0541667938232,176.936798095703,9.19999980926514,620,11,1700.32116699219,3.59487915039062
3307601822,"Cephalocereus columna-trajani","Oaxaca",NA,"17","9","1948","IBUNAM","70310","_ngel Salvador Arias Montes",-96.970194,17.806583,"Balsas Basin province","Cephalocereus",25.2333335876465,244.738555908203,13.5,572,18,648.130187988281,9.51454925537109
3307602472,"Aporocactus martianus","Oaxaca",90,NA,"4","1962","IBUNAM","61675","Carlos G_mez Hinostrosa",-96.998333,18.164167,"Sierra Madre del Sur province","Aporocactus",12.9375,175.79850769043,5.09999990463257,1323,57,2372.48803710938,6.36105346679688
3307603014,"Stenocereus pruinosus","Oaxaca",NA,"22","1","1966","IBUNAM","75022","S. Gama L.",-96.876611,17.276556,"Sierra Madre del Sur province","Stenocereus",20.9916667938232,162.618240356445,9.30000019073486,745,19,1691.04821777344,2.4912109375
3307605769,"Opuntia pubescens","Oaxaca",NA,"22","5","1907","IBUNAM","70114","_ngel Salvador Arias Montes",-97.200333,17.601778,"Sierra Madre del Sur province","Opuntia",13.6999998092651,152.40495300293,4.19999980926514,629,18,2421.3310546875,4.644287109375
3307605773,"Pereskiopsis kellermanii","Oaxaca",100,"21","3","1957","IBUNAM","70183","_ngel Salvador Arias Montes",-96.308333,16.669444,"Pacific Lowlands province","Pereskiopsis",24.0041656494141,138.423873901367,13.3000001907349,845,15,959.778747558594,5.43130493164062
3307606395,"Myrtillocactus geometrizans","Oaxaca",NA,"24","3","1919","IBUNAM","59760","_ngel Salvador Arias Montes",-97.055047,18.129464,"Balsas Basin province","Myrtillocactus",23.7999992370605,244.493881225586,10.6999998092651,1073,59,1120.92761230469,10.5995635986328
3307606818,"Opuntia pilifera","Oaxaca",NA,NA,NA,"1955","IBUNAM","70102","_ngel Salvador Arias Montes",-97.670861,17.724,"Sierra Madre del Sur province","Opuntia",19.4249992370605,156.706146240234,8.19999980926514,624,13,1903.48571777344,5.63363647460938
3307610333,"Coryphantha retusa","Oaxaca",90,NA,NA,"1953","IBUNAM","60670","_ngel Salvador Arias Montes",-97.8,17.8,"Balsas Basin province","Coryphantha",21.2124996185303,181.209609985352,9.30000019073486,644,18,1654.43896484375,4.15986633300781
3307610729,"Opuntia velutina","Oaxaca",NA,NA,NA,"1955","IBUNAM","70165","_ngel Salvador Arias Montes",-97.738583,17.822683,"Balsas Basin province","Opuntia",21.4166660308838,187.366119384766,9.30000019073486,615,20,1645.32019042969,4.74885559082031
3307615670,"Escontria chiotilla","Oaxaca",NA,"15","9","1948","IBUNAM","91322","_ngel Salvador Arias Montes",-96.901333,17.811639,"Sierra Madre del Sur province","Escontria",19.0041656494141,208.767578125,9.19999980926514,1209,42,2001.35205078125,8.32150268554688
3307618331,"Pereskia lychnidiflora","Oaxaca",100,NA,"7","1936","IBUNAM","83139","B. Leuenberger",-95.238889,16.324444,"Pacific Lowlands province","Pereskia",28.3875007629395,113.099433898926,19.7999992370605,892,13,39.8514099121094,1.32817935943604
3307627751,"Disocactus ackermannii","Oaxaca",90,NA,NA,NA,"IBUNAM","118867","Carlos G_mez Hinostrosa",-96.033,17.25,"Sierra Madre del Sur province","Disocactus",17.5249996185303,172.448959350586,9.19999980926514,2596,172,1760.99108886719,20.8944702148438
3307643696,"Mammillaria mystax","Oaxaca",NA,NA,NA,"1971","IBUNAM","166226","_ngel Salvador Arias Montes",-97.696611,17.989611,"Balsas Basin province","Mammillaria",19,176.673812866211,8.80000019073486,573,14,1914.94482421875,10.4359436035156
3307647544,"Mammillaria mystax","Oaxaca",NA,NA,NA,"1971","IBUNAM","166220","_ngel Salvador Arias Montes",-97.474056,17.691,"Sierra Madre del Sur province","Mammillaria",16.5791664123535,163.685653686523,5.19999980926514,598,18,2176.12915039062,9.18017578125
3307669153,"Pachycereus weberi","Oaxaca",NA,NA,"1","1978","IBUNAM","235407","_ngel Salvador Arias Montes",-96.939417,17.488083,"Sierra Madre del Sur province","Pachycereus",16.1458339691162,160.545364379883,7.09999990463257,652,18,2216.00244140625,6.24447631835938
3307670896,"Myrtillocactus geometrizans","Oaxaca",NA,NA,"1","1978","IBUNAM","227773","_ngel Salvador Arias Montes",-96.914917,17.648639,"Balsas Basin province","Myrtillocactus",24.9291667938232,237.328491210938,13.6999998092651,564,18,737.0703125,4.08092498779297
3307678264,"Stenocereus stellatus","Oaxaca",NA,"18","7","1978","IBUNAM","259550","_ngel Salvador Arias Montes; S. Gama",-97.686111,17.901161,"Balsas Basin province","Stenocereus",20.8041667938232,178.75146484375,9.30000019073486,558,15,1865.31494140625,10.0698699951172
3307678765,"Ferocactus recurvus","Oaxaca",NA,"10","3","1988","IBUNAM","249823","_ngel Salvador Arias Montes",-96.926,17.312806,"Balsas Basin province","Ferocactus",20.1916656494141,161.974090576172,8.89999961853027,741,20,1795.33898925781,11.0547027587891
3307683729,"Pereskia lychnidiflora","Oaxaca",100,"20","10","1978","IBUNAM","275257","H. Bravo",-95.560278,16.4125,"Pacific Lowlands province","Pereskia",27.154167175293,120.311294555664,18.2000007629395,601,3,212.629684448242,1.00619316101074
3307683927,"Cephalocereus columna-trajani","Oaxaca",NA,"27","3","1994","IBUNAM","280206","_ngel Salvador Arias Montes",-97.336972,18.1045,"Sierra Madre del Sur province","Cephalocereus",20.5041675567627,229.272171020508,9.19999980926514,598,22,1620.97058105469,6.57635498046875
3307689822,"Stenocereus stellatus","Oaxaca",100,"21","10","1978","IBUNAM","275253","",-96.353611,16.911944,"Balsas Basin province","Stenocereus",20.0041675567627,136.372802734375,9.69999980926514,685,10,1702.57861328125,3.51760864257812
3307690814,"Stenocereus pruinosus","Oaxaca",100,"18","10","1978","IBUNAM","275261","",-95.203056,16.213889,"Pacific Lowlands province","Stenocereus",28.1458320617676,110.689155578613,20.1000003814697,895,7,18.3047847747803,0.466683864593506
3307709267,"Ferocactus recurvus","Oaxaca",NA,"18","2","1982","IBUNAM","337378","_ngel Salvador Arias Montes",-97.407056,17.567722,"Sierra Madre del Sur province","Ferocactus",14.5541667938232,143.439224243164,4.19999980926514,651,17,2435.63403320312,6.93325805664062
3307713207,"Coryphantha pallida","Oaxaca",NA,"25","7","1982","IBUNAM","337377","NO DISPONIBLE",-97.470667,17.563333,"Sierra Madre del Sur province","Coryphantha",14.7666664123535,146.726913452148,3.90000009536743,670,18,2390.85571289062,2.68313598632812
3307716328,"Opuntia pubescens","Oaxaca",NA,"11","5","1981","IBUNAM","341054","_ngel Salvador Arias Montes",-97.609833,17.691111,"Sierra Madre del Sur province","Opuntia",18.7583332061768,179.276748657227,7.09999990463257,598,13,1909.24133300781,9.71086120605469
3307718396,"Pereskiopsis rotundifolia","Oaxaca",100,NA,NA,NA,"IBUNAM","340059","_ngel Salvador Arias Montes",-96.7806,16.9958,"Balsas Basin province","Pereskiopsis",21.6333332061768,142.419555664062,9.10000038146973,658,11,1580.5478515625,1.64720153808594
3307735881,"Mammillaria albilanata","Oaxaca",NA,"8","4","1981","IBUNAM","399548","U. Guzman",-97.468667,17.56825,"Sierra Madre del Sur province","Mammillaria",14.4833335876465,144.290313720703,3.90000009536743,681,17,2440.97607421875,10.1672973632812
3307739639,"Opuntia huajuapensis","Oaxaca",NA,"12","5","1981","IBUNAM","399568","_ngel Salvador Arias Montes",-97.513694,17.551694,"Sierra Madre del Sur province","Opuntia",15.0208330154419,148.346313476562,4,675,18,2354.01416015625,7.82498168945312
3307746224,"Opuntia pilifera","Oaxaca",NA,"3","5","1978","IBUNAM","430840","_ngel Salvador Arias Montes",-96.927778,17.668667,"Balsas Basin province","Opuntia",25.0791664123535,239.198089599609,13.8999996185303,510,14,712.802307128906,1.53733825683594
3307762306,"Myrtillocactus schenckii","Oaxaca",100,"12","11","1987","IBUNAM","470657","",-96.334722,16.706944,"Sierra Madre del Sur province","Myrtillocactus",22.9125003814697,127.424224853516,12.3999996185303,799,14,1106.24914550781,5.471923828125
3307766714,"Mammillaria dixanthocentron","Oaxaca",NA,"13","8","1987","IBUNAM","500126","U. Guzman",-97.087417,18.136167,"Balsas Basin province","Mammillaria",24.7916660308838,238.402206420898,11.5,813,37,913.8525390625,4.55780029296875
3307766762,"Mammillaria dixanthocentron","Oaxaca",NA,"2","1","1988","IBUNAM","501454","",-96.96425,17.755889,"Balsas Basin province","Mammillaria",25.341667175293,244.0830078125,13.6999998092651,542,18,668.509704589844,3.11777496337891
3307767043,"Aporocactus martianus","Oaxaca",NA,"17","3","1980","IBUNAM","508289","Carlos G_mez Hinostrosa",-96.938417,17.457972,"Sierra Madre del Sur province","Aporocactus",16.2875003814697,162.216552734375,7.19999980926514,651,15,2125.79614257812,8.20416259765625
3307768684,"Pereskia lychnidiflora","Oaxaca",100,"9","12","1980","IBUNAM","496928","David H. Lorence",-95.105833,16.395278,"Pacific Lowlands province","Pereskia",27.7458324432373,132.587158203125,19.8999996185303,965,7,14.4607219696045,0.0650860071182251
3307776482,"Opuntia pubescens","Oaxaca",NA,"23","10","1990","IBUNAM","518227","_ngel Salvador Arias Montes",-97.104028,17.864,"Balsas Basin province","Opuntia",20.658332824707,228.162948608398,9.39999961853027,898,38,1741.6181640625,6.3992919921875
3307776887,"Myrtillocactus geometrizans","Oaxaca",NA,"6","3","1919","IBUNAM","528506","Susana Gama L_pez",-96.957806,17.789639,"Balsas Basin province","Myrtillocactus",25.1291656494141,246.3779296875,13.5,579,19,590.224853515625,1.30722045898438
3307778571,"Opuntia lasiacantha","Oaxaca",90,"21","10","1990","IBUNAM","518094","_ngel Salvador Arias Montes",-97.495277,17.850381,"Sierra Madre del Sur province","Opuntia",15.3916664123535,152.789703369141,4.80000019073486,618,21,2265.84521484375,3.17852783203125
3307778574,"Opuntia depressa","Oaxaca",90,"24","10","1990","IBUNAM","518105","_ngel Salvador Arias Montes",-97.058333,17.925,"Balsas Basin province","Opuntia",25.1083335876465,241.78157043457,12.6999998092651,691,28,804.145385742188,15.0631561279297
3307778579,"Ferocactus recurvus","Oaxaca",NA,"20","10","1990","IBUNAM","518245","_ngel Salvador Arias Montes",-97.492861,17.804389,"Sierra Madre del Sur province","Ferocactus",15.1125001907349,151.028671264648,4.5,627,19,2403.29833984375,2.39804077148438
3307780687,"Pachycereus weberi","Oaxaca",90,NA,NA,"1909","IBUNAM","528892","_ngel Salvador Arias Montes",-96.9645,17.7986,"Balsas Basin province","Pachycereus",25.2083339691162,247.311325073242,13.5,567,17,618.061218261719,4.86214447021484
3307781020,"Ferocactus recurvus","Oaxaca",90,"1","11","1991","IBUNAM","538192","_ngel Salvador Arias Montes",-97.3436,17.7976,"Sierra Madre del Sur province","Ferocactus",17.9958324432373,192.241058349609,6.09999990463257,476,14,2023.26354980469,1.71153259277344
3307781021,"Opuntia depressa","Oaxaca",90,"31","5","1991","IBUNAM","538201","NO DISPONIBLE",-97.06667,17.91667,"Balsas Basin province","Opuntia",24.3208332061768,245.722106933594,11.6000003814697,742,32,878.323120117188,8.48192596435547
3307782015,"Mammillaria albilanata","Oaxaca",NA,"19","3","1980","IBUNAM","507859","U. Guzman",-97.1992,17.312833,"Sierra Madre del Sur province","Mammillaria",17.595832824707,132.621444702148,7,675,14,2093.95654296875,6.32278442382812
3307783690,"Opuntia tomentosa","Oaxaca",90,"24","10","1990","IBUNAM","518111","_ngel Salvador Arias Montes",-96.951389,17.758889,"Balsas Basin province","Opuntia",25.2875003814697,243.423751831055,13.6999998092651,560,18,621.557189941406,7.02809143066406
3307787027,"Mammillaria voburnensis","Oaxaca",100,"22","10","1991","IBUNAM","557052","U. Guzm_n C.",-95.233,16.567,"Pacific Lowlands province","Mammillaria",26.3999996185303,145.039184570312,18.6000003814697,630,4,230.074523925781,4.82409858703613
3307787529,"Opuntia pubescens","Oaxaca",NA,"26","10","1990","IBUNAM","518177","_ngel Salvador Arias Montes",-97.755556,17.822833,"Balsas Basin province","Opuntia",21.5166664123535,188.273666381836,9.39999961853027,622,20,1609.32824707031,2.45491027832031
3307787532,"Opuntia decumbens","Oaxaca",NA,"28","11","1990","IBUNAM","518181","_ngel Salvador Arias Montes",-97.035861,17.984583,"Balsas Basin province","Opuntia",25.6875,237.966079711914,13.3999996185303,762,27,657.383666992188,2.30697631835938
3307787539,"Mammillaria flavicentra","Oaxaca",90,"20","10","1990","IBUNAM","518276","_ngel Salvador Arias Montes",-97.4929,17.8044,"Sierra Madre del Sur province","Mammillaria",15.1125001907349,151.028671264648,4.5,627,19,2403.29833984375,2.39804077148438
3307788396,"Ferocactus macrodiscus","Oaxaca",NA,"29","7","1991","IBUNAM","538222","Gladys Isabel Manzanero Medina",-97.418167,17.581889,"Sierra Madre del Sur province","Ferocactus",14.6499996185303,143.527008056641,4.09999990463257,656,16,2562.0517578125,13.4817504882812
3307789729,"Opuntia pubescens","Oaxaca",100,"15","7","1988","IBUNAM","552999","Susana Gama L_pez",-95.833,16.333,"Sierra Madre del Sur province","Opuntia",23.7000007629395,98.1649856567383,15,721,9,823.882202148438,16.8602828979492
3307790481,"Ferocactus recurvus","Oaxaca",NA,"24","10","1990","IBUNAM","518107","_ngel Salvador Arias Montes",-97.044181,17.934611,"Balsas Basin province","Ferocactus",25.6708335876465,241.147445678711,13.3000001907349,653,24,652.775085449219,1.00126647949219
3307792638,"Pachycereus weberi","Oaxaca",NA,"9","8","1990","IBUNAM","518087","_ngel Salvador Arias Montes",-97.099389,18.134861,"Balsas Basin province","Pachycereus",24.8583335876465,237.580917358398,11.6999998092651,790,35,880.692260742188,5.42603302001953
3307792639,"Mammillaria dixanthocentron","Oaxaca",NA,"9","8","1990","IBUNAM","518088","U. Guzman",-97.055778,18.048694,"Balsas Basin province","Mammillaria",24.6374988555908,231.183959960938,11.8999996185303,926,43,878.47607421875,4.62772369384766
3307792642,"Escontria chiotilla","Oaxaca",NA,"30","11","1990","IBUNAM","518130","Gladys Isabel Manzanero Medina",-97.052778,18.018639,"Balsas Basin province","Escontria",25.1000003814697,236.479873657227,12.6999998092651,830,31,738.622741699219,7.47084808349609
3307793403,"Escontria chiotilla","Oaxaca",90,"26","10","1990","IBUNAM","518235","_ngel Salvador Arias Montes",-97.769722,17.813611,"Balsas Basin province","Escontria",21.5541667938232,187.815887451172,9.39999961853027,632,19,1595.05310058594,2.02937316894531
3307793948,"Stenocereus pruinosus","Oaxaca",90,"22","9","1991","IBUNAM","531964","_ngel Salvador Arias Montes",-97.7386,17.8227,"Balsas Basin province","Stenocereus",21.4166660308838,187.366119384766,9.30000019073486,615,20,1645.32019042969,4.74885559082031
3307794187,"Coryphantha pallida","Oaxaca",90,"31","7","1991","IBUNAM","538185","NO DISPONIBLE",-96.967,17.85,"Balsas Basin province","Coryphantha",25.1875,243.470413208008,13.3999996185303,678,24,675.518615722656,14.2876586914062
3307794191,"Coryphantha retusa","Oaxaca",90,"2","11","1991","IBUNAM","538211","NO DISPONIBLE",-97.66667,17.7,"Sierra Madre del Sur province","Coryphantha",20.3875007629395,162.356582641602,8.80000019073486,615,14,1833.32580566406,12.3017883300781
3307794488,"Coryphantha pallida","Oaxaca",NA,"31","7","1991","IBUNAM","538184","NO DISPONIBLE",-96.941028,17.832389,"Sierra Madre del Sur province","Coryphantha",23.9125003814697,237.507186889648,11.8000001907349,1239,67,1137.62194824219,5.78466796875
3307795430,"Myrtillocactus schenckii","Oaxaca",NA,"5","8","1990","IBUNAM","518192","_ngel Salvador Arias Montes",-96.956667,17.819083,"Balsas Basin province","Myrtillocactus",24.5,233.062622070312,12.5,1050,52,896.049255371094,27.7430648803711
3307795432,"Ferocactus recurvus","Oaxaca",NA,"23","10","1990","IBUNAM","518228","_ngel Salvador Arias Montes",-97.341,17.874389,"Sierra Madre del Sur province","Ferocactus",17.2041664123535,187.088439941406,5.5,481,15,2096.484375,1.79623413085938
3307795434,"Opuntia lasiacantha","Oaxaca",NA,"23","10","1990","IBUNAM","518241","_ngel Salvador Arias Montes",-97.162972,17.850333,"Sierra Madre del Sur province","Opuntia",17.0833339691162,195.417190551758,6.80000019073486,560,20,2143.01171875,2.8443603515625
3307795437,"Opuntia pubescens","Oaxaca",90,"28","11","1990","IBUNAM","518270","_ngel Salvador Arias Montes",-97.068832,17.955561,"Balsas Basin province","Opuntia",24.4750003814697,237.213973999023,11.6999998092651,900,42,1130.47241210938,3.32879638671875
3307796162,"Pereskiopsis rotundifolia","Oaxaca",90,"2","11","1991","IBUNAM","538210","_ngel Salvador Arias Montes",-97.6431,17.7018,"Sierra Madre del Sur province","Pereskiopsis",19.1166667938232,166.396743774414,7.80000019073486,613,13,1913.70678710938,3.73646545410156
3307799448,"Epiphyllum hookeri","Oaxaca",100,"22","7","1985","IBUNAM","564643","R. Bauer",-94.65,16.917,"Veracruzan province","Epiphyllum",24.8583335876465,208.36848449707,17.1000003814697,2323,163,283.952789306641,7.64673614501953
3307802842,"Stenocereus pruinosus","Oaxaca",100,"28","3","1991","IBUNAM","549473","_ngel Salvador Arias Montes",-95.285278,16.661944,"Pacific Lowlands province","Stenocereus",26.2291660308838,145.765350341797,18,500,1,230.331039428711,6.76456642150879
3307802898,"Mammillaria albilanata","Oaxaca",90,"6","12","1991","IBUNAM","550989","U. Guzman",-96.95,17.55,"Balsas Basin province","Mammillaria",16.5499992370605,176.235885620117,7.19999980926514,615,17,2083.89624023438,16.9975280761719
3307803759,"Opuntia decumbens","Oaxaca",100,"13","3","1986","IBUNAM","553026","_ngel Salvador Arias Montes",-95.66667,16.41667,"Pacific Lowlands province","Opuntia",25.6791667938232,124.397789001465,16.3999996185303,599,6,348.32861328125,2.69086074829102
3307805789,"Peniocereus fosterianus","Oaxaca",100,"12","6","1987","IBUNAM","553780","_ngel Salvador Arias Montes",-95.26667,16.36667,"Pacific Lowlands province","Peniocereus",28.1083335876465,113.734802246094,19.5,856,7,43.5904808044434,0.840157508850098
3307808034,"Disocactus macranthus","Oaxaca",100,"14","11","1984","IBUNAM","608013","Carlos G_mez Hinostrosa",-94.133,16.717,"Chiapas Highlands province","Disocactus",22.091667175293,155.195373535156,13.8000001907349,899,76,957.412353515625,6.98279571533203
3307809520,"Opuntia auberi","Oaxaca",100,"22","3","1988","IBUNAM","567995","Ra_l Puente Mart_nez",-96.167,15.783,"Pacific Lowlands province","Opuntia",27.0666675567627,94.8044204711914,20,1232,18,129.884735107422,6.00343322753906
3307816045,"Opuntia decumbens","Oaxaca",100,"15","9","1992","IBUNAM","583821","L. Scheinvar",-96.321944,15.834167,"Pacific Lowlands province","Opuntia",26.3250007629395,92.5276260375977,18.6000003814697,1249,19,223.106201171875,1.15131568908691
3307826918,"Mammillaria flavicentra","Oaxaca",90,"10","9","1990","IBUNAM","651727","_ngel Salvador Arias Montes",-97.31667,18.06667,"Sierra Madre del Sur province","Mammillaria",13.0583333969116,160.564819335938,4.30000019073486,673,19,2713.77685546875,12.4578552246094
3307827229,"Rhipsalis baccifera","Oaxaca",90,"21","4","1994","IBUNAM","659163","Guillermo Ibarra Manr_quez",-96.54056,17.72667,"Veracruzan province","Rhipsalis",22.3291664123535,239.492446899414,12.1999998092651,2362,172,929.047668457031,10.67431640625
3307831200,"Opuntia pubescens","Oaxaca",100,"16","5","1995","IBUNAM","657378","J. Reyes",-95.834167,16.436111,"Pacific Lowlands province","Opuntia",24.6666660308838,111.321281433105,14.6999998092651,612,8,707.589111328125,9.28058624267578
3307845109,"Pereskiopsis diguetii","Oaxaca",100,"19","6","1990","IBUNAM","659880","Carlos G_mez Hinostrosa",-95.376389,16.355556,"Pacific Lowlands province","Pereskiopsis",26.7250003814697,128.053619384766,18.5,710,3,159.974349975586,1.02911567687988
3307872426,"Pereskia lychnidiflora","Oaxaca",100,"5","11","1992","IBUNAM","708873","P. Zamora C.",-96.14167,15.74444,"Pacific Lowlands province","Pereskia",26.970832824707,97.1516571044922,20,1178,15,93.3267669677734,3.01212596893311
3307874364,"Pereskia lychnidiflora","Oaxaca",100,"24","8","1994","IBUNAM","714512","Rafael Torres Col_n",-95.317,16.45,"Pacific Lowlands province","Pereskia",26.4208335876465,123.976875305176,18.2999992370605,609,3,233.853698730469,5.81319808959961
3307878789,"Acanthocereus tetragonus","Oaxaca",90,"6","9","1992","IBUNAM","765821","",-96.841667,17.491667,"Balsas Basin province","Acanthocereus",23.4500007629395,225.902221679688,11.6000003814697,925,39,1088.98754882812,3.37045288085938
3307880608,"Stenocactus crispatus","Oaxaca",90,"22","10","1990","IBUNAM","768861","_ngel Salvador Arias Montes",-97.48333,17.66667,"Sierra Madre del Sur province","Stenocactus",17.2541675567627,166.630508422852,5.69999980926514,590,17,2078.07763671875,0.841064453125
3307887609,"Mammillaria haageana","Oaxaca",90,"24","10","1990","IBUNAM","791378","_ngel Salvador Arias Montes",-97.0334,17.6918,"Balsas Basin province","Mammillaria",21.8541660308838,212.586456298828,10.6000003814697,935,37,1686.90490722656,11.5845184326172
3307887614,"Mammillaria polyedra","Oaxaca",NA,"4","12","1993","IBUNAM","791588","_ngel Salvador Arias Montes",-97.007611,17.693333,"Balsas Basin province","Mammillaria",24.220832824707,238.207870483398,12,803,33,875.171875,11.3502807617188
3307888700,"Pachycereus weberi","Oaxaca",NA,"13","12","1993","IBUNAM","787538","_ngel Salvador Arias Montes",-97.033361,18.027,"Balsas Basin province","Pachycereus",24.5583343505859,228.242645263672,11.8000001907349,1001,49,993.643798828125,4.09458160400391
3307888874,"Mammillaria sphacelata","Oaxaca",NA,"23","5","1991","IBUNAM","791584","Leonardo Ulises Guzm_n Cruz",-97.073917,17.902083,"Balsas Basin province","Mammillaria",24.0874996185303,241.050033569336,11.3000001907349,831,39,1120.80920410156,21.8368377685547
3307888875,"Mammillaria supertexta","Oaxaca",NA,"11","12","1993","IBUNAM","791586","_ngel Salvador Arias Montes",-97.094778,17.869389,"Balsas Basin province","Mammillaria",21.3083343505859,229.592895507812,9.80000019073486,947,39,1681.25207519531,7.20217895507812
3307889360,"Mammillaria huitzilopochtli","Oaxaca",NA,NA,"1","1994","IBUNAM","790173","Leonardo Ulises Guzm_n Cruz",-96.963917,17.809917,"Balsas Basin province","Mammillaria",25.0708332061768,244.684005737305,13.3999996185303,605,20,685.040588378906,5.33542633056641
3307890493,"Mammillaria polyedra","Oaxaca",NA,"5","9","1992","IBUNAM","791589","_ngel Salvador Arias Montes",-96.838889,17.509139,"Balsas Basin province","Mammillaria",23.6291656494141,227.630676269531,11.8000001907349,924,39,1010.30865478516,7.47353363037109
3307891311,"Myrtillocactus schenckii","Oaxaca",NA,"3","12","1993","IBUNAM","787519","_ngel Salvador Arias Montes",-97.043278,17.685556,"Sierra Madre del Sur province","Myrtillocactus",20.658332824707,207.625457763672,9.80000019073486,849,32,1841.09240722656,6.98223876953125
3307893626,"Coryphantha pallida","Oaxaca",90,"9","8","1990","IBUNAM","768863","NO DISPONIBLE",-97.167,18.083,"Balsas Basin province","Coryphantha",24.6625003814697,241.455108642578,11.8000001907349,544,17,815.227783203125,4.16631317138672
3307894424,"Acanthocereus tetragonus","Oaxaca",90,"2","12","1993","IBUNAM","765822","",-97.017,17.517,"Sierra Madre del Sur province","Acanthocereus",21.4333324432373,212.788146972656,9.5,843,29,1509.48767089844,9.81069946289062
3307901165,"Opuntia decumbens","Oaxaca",NA,"30","4","1992","IBUNAM","832157","_ngel Salvador Arias Montes",-96.989889,17.803472,"Balsas Basin province","Opuntia",25.6000003814697,246.382919311523,13.6999998092651,520,15,591.29443359375,7.4598388671875
3307901166,"Mammillaria zephyranthoides","Oaxaca",90,"11","8","1995","IBUNAM","832163","Leonardo Ulises Guzm_n Cruz",-97.33033,17.72797,"Sierra Madre del Sur province","Mammillaria",17.2666664123535,185.157577514648,5.90000009536743,516,13,2053.58984375,2.29440307617188
3307901196,"Opuntia depressa","Oaxaca",NA,"30","12","1993","IBUNAM","832915","_ngel Salvador Arias Montes",-96.937222,17.505861,"Sierra Madre del Sur province","Opuntia",17.0375003814697,171.027969360352,7.40000009536743,653,19,2033.90148925781,4.08769226074219
3307902122,"Opuntia depressa","Oaxaca",NA,"8","12","1993","IBUNAM","832911","_ngel Salvador Arias Montes",-96.913444,17.644389,"Balsas Basin province","Opuntia",24.9291667938232,237.328491210938,13.6999998092651,564,18,765.814025878906,6.27207946777344
3307902646,"Myrtillocactus geometrizans","Oaxaca",NA,"4","9","1992","IBUNAM","787517","_ngel Salvador Arias Montes",-96.835889,17.536583,"Balsas Basin province","Myrtillocactus",23.8624992370605,226.265365600586,12,925,39,1001.78967285156,7.02461242675781
3307902736,"Mammillaria hernandezii","Oaxaca",NA,"5","6","1993","IBUNAM","790175","Leonardo Ulises Guzm_n Cruz",-97.443278,17.919361,"Sierra Madre del Sur province","Mammillaria",15.9250001907349,160.021301269531,5.19999980926514,583,19,2189.82958984375,2.17694091796875
3307902798,"Mammillaria flavicentra","Oaxaca",NA,"23","10","1990","IBUNAM","791383","_ngel Salvador Arias Montes",-97.203278,17.847694,"Sierra Madre del Sur province","Mammillaria",19.154167175293,225.262054443359,7.59999990463257,566,20,1918.13659667969,3.57717895507812
3307902799,"Mammillaria discolor","Oaxaca",NA,"29","10","1991","IBUNAM","791389","U. Guzman",-97.48805,17.84944,"Sierra Madre del Sur province","Mammillaria",15.7083330154419,157.463317871094,4.90000009536743,608,20,2295.4287109375,5.3160400390625
3307905333,"Pereskia lychnidiflora","Oaxaca",100,"14","11","1979","IBUNAM","786625","Stephen D. Koch",-96.065,15.8075,"Pacific Lowlands province","Pereskia",27.1625003814697,90.2553176879883,20.1000003814697,1198,15,47.1771507263184,5.40706777572632
3307906317,"Mammillaria haageana","Oaxaca",90,"9","10","1994","IBUNAM","791381","Leonardo Ulises Guzm_n Cruz",-97.11667,18.1,"Balsas Basin province","Mammillaria",25.2916660308838,239.619354248047,12.5,730,27,735.68408203125,1.111328125
3307907506,"Opuntia lasiacantha","Oaxaca",90,"29","3","1992","IBUNAM","832931","_ngel Salvador Arias Montes",-97.517,17.733,"Sierra Madre del Sur province","Opuntia",17.154167175293,167.392532348633,5.59999990463257,588,16,2147.2548828125,4.25933837890625
3307908375,"Opuntia tehuantepecana","Oaxaca",NA,"14","12","1993","IBUNAM","835227","_ngel Salvador Arias Montes",-96.986861,17.954278,"Balsas Basin province","Opuntia",25.0666656494141,238.092132568359,13,937,39,765.232055664062,3.61457824707031
3307909213,"Escontria chiotilla","Oaxaca",90,"11","3","1989","IBUNAM","855374","_ngel Salvador Arias Montes",-97.75,17.78333,"Balsas Basin province","Escontria",21.3958339691162,185.195938110352,9.30000019073486,632,16,1639.99743652344,1.96807861328125
3307910079,"Opuntia pubescens","Oaxaca",90,"12","7","1989","IBUNAM","855225","_ngel Salvador Arias Montes",-97.71667,17.86667,"Balsas Basin province","Opuntia",20.4583339691162,177.800109863281,9,589,15,1813.54016113281,6.11134338378906
3307910304,"Opuntia tehuacana","Oaxaca",NA,"14","12","1993","IBUNAM","835248","_ngel Salvador Arias Montes",-97.003528,17.956306,"Balsas Basin province","Opuntia",25.4916667938232,241.226348876953,13.3999996185303,759,29,641.394958496094,1.23764801025391
3307911172,"Mammillaria karwinskiana","Oaxaca",NA,"15","3","1989","IBUNAM","856194","David Hunt",-97.833333,17.4,"Sierra Madre del Sur province","Mammillaria",19.8958339691162,155.891250610352,8.5,765,20,1802.61376953125,7.21835327148438
3307911946,"Mammillaria sphacelata","Oaxaca",90,"14","7","1989","IBUNAM","853143","Leonardo Ulises Guzm_n Cruz",-96.93333,17.5,"Sierra Madre del Sur province","Mammillaria",15.9375,157.885528564453,7.09999990463257,667,18,2152.623046875,4.66534423828125
3307917956,"Opuntia lasiacantha","Oaxaca",90,"31","3","1992","IBUNAM","832929","_ngel Salvador Arias Montes",-97.38194,17.59639,"Sierra Madre del Sur province","Opuntia",14.1125001907349,135.883056640625,4.09999990463257,679,19,2588.93115234375,8.43869018554688
3307922534,"Opuntia tehuacana","Oaxaca",90,"1","4","1992","IBUNAM","835228","L. Scheinvar",-97.0503,18.0839,"Balsas Basin province","Opuntia",24.0208339691162,237.606033325195,10.8999996185303,966,48,1047.33312988281,8.09748840332031
3307926863,"Aporocactus martianus","Oaxaca",100,"13","12","1987","IBUNAM","855933","Carlos G_mez Hinostrosa",-96.95,16.2,"Sierra Madre del Sur province","Aporocactus",19.7416667938232,96.5032577514648,11.8000001907349,1253,33,1785.59436035156,16.9944610595703
3307926875,"Ferocactus macrodiscus","Oaxaca",NA,"21","8","1990","IBUNAM","856199","_ngel Salvador Arias Montes",-97.432444,17.573361,"Sierra Madre del Sur province","Ferocactus",15.0625,145.244705200195,4.19999980926514,640,18,2327.24682617188,5.8101806640625
3307952804,"Disocactus macranthus","Oaxaca",100,"16","8","1984","IBUNAM","920924","Carlos G_mez Hinostrosa",-94.19167,16.725,"Veracruzan province","Disocactus",19.3708324432373,126.049377441406,11.3999996185303,1052,71,1634.37048339844,4.85736083984375
3307955364,"Pachycereus pecten-aboriginum","Oaxaca",100,"15","3","1998","IBUNAM","913331","_ngel Salvador Arias Montes",-95.01111,16.65806,"Pacific Lowlands province","Pachycereus",26.0874996185303,172.667907714844,18.8999996185303,1022,15,106.80152130127,5.59504890441895
3307956189,"Mammillaria haageana","Oaxaca",100,"16","7","1997","IBUNAM","933670","E. Hunn",-96.30083,16.3,"Pacific Lowlands province","Mammillaria",19.4458332061768,116.900459289551,10.8999996185303,731,22,1934.103515625,13.7688446044922
3307956410,"Pereskia lychnidiflora","Oaxaca",100,"18","6","1999","IBUNAM","960615","C. Gom_z",-95.44306,16.31528,"Pacific Lowlands province","Pereskia",25.5499992370605,127.564605712891,17.1000003814697,645,6,345.657501220703,11.8052101135254
3307957001,"Mammillaria supertexta","Oaxaca",NA,"10","5","2000","IBUNAM","974872","_ngel Salvador Arias Montes",-97.032389,18.026861,"Balsas Basin province","Mammillaria",24.3583335876465,226.071502685547,11.5,1126,59,990.280517578125,8.18567657470703
3307957003,"Mammillaria haageana","Oaxaca",90,"7","12","1999","IBUNAM","974894","U. Guzman",-97.683,18.017,"Balsas Basin province","Mammillaria",18.3500003814697,173.663726806641,8.10000038146973,580,15,1951.05407714844,3.33013916015625
3307957015,"Mammillaria huitzilopochtli","Oaxaca",90,"12","5","2000","IBUNAM","975078","_ngel Salvador Arias Montes",-96.967,17.883,"Balsas Basin province","Mammillaria",25.1124992370605,244.810913085938,13.3000001907349,723,26,741.684448242188,18.8688049316406
3307958071,"Mammillaria supertexta","Oaxaca",90,"9","5","1999","IBUNAM","974802","_ngel Salvador Arias Montes",-97.033,18.05,"Balsas Basin province","Mammillaria",24.1333332061768,232.029891967773,11.5,1253,66,1268.95812988281,13.43115234375
3307962032,"Mammillaria huitzilopochtli","Oaxaca",NA,"23","4","1999","IBUNAM","975106","_ngel Salvador Arias Montes",-96.994194,17.956056,"Balsas Basin province","Mammillaria",25.345832824707,239.397537231445,13.3000001907349,829,33,705.997314453125,3.00157165527344
3307965255,"Opuntia pubescens","Oaxaca",100,"14","5","1997","IBUNAM","958170","E. Hunn",-96.30083,16.30028,"Pacific Lowlands province","Opuntia",19.4458332061768,116.900459289551,10.8999996185303,731,22,1932.19213867188,12.8882598876953
3307967711,"Opuntia depressa","Oaxaca",90,"26","2","2000","IBUNAM","989793","L. Scheinvar",-98.153056,17.631667,"Balsas Basin province","Opuntia",23.1166667938232,168.743118286133,12,821,15,1329.42150878906,5.32546997070312
3307977162,"Escontria chiotilla","Oaxaca",90,"4","3","2002","IBUNAM","1025387","Cruz Gonz_lez Zamora, Yuriria",-97.740233,17.743417,"Balsas Basin province","Escontria",20.8833332061768,175.192504882812,9.10000038146973,621,11,1819.97204589844,2.23408508300781
3307981525,"Escontria chiotilla","Oaxaca",NA,"20","5","2000","IBUNAM","964093","_ngel Salvador Arias Montes",-97.708611,17.747694,"Balsas Basin province","Escontria",20.2083339691162,164.50798034668,8.69999980926514,633,14,1898.40319824219,4.18641662597656
3307991063,"Pereskiopsis diguetii","Oaxaca",100,"3","5","1994","IBUNAM","1047324","_ngel Salvador Arias Montes",-96.66667,17.06667,"Balsas Basin province","Pereskiopsis",21.1916675567627,152.387573242188,9.30000019073486,647,15,1557.80554199219,0.642410278320312
3307996343,"Opuntia decumbens","Oaxaca",100,"22","1","1999","IBUNAM","1005764","",-95.953056,15.835833,"Pacific Lowlands province","Opuntia",27.2124996185303,90.4565658569336,20,1117,12,6.95704936981201,2.14912843704224
3307997192,"Mammillaria voburnensis","Oaxaca",100,"22","7","2001","IBUNAM","1026788","Carlos G_mez Hinostrosa",-95.0978,16.39444,"Pacific Lowlands province","Mammillaria",27.7124996185303,132.68424987793,19.8999996185303,970,7,14.1626920700073,0.479106068611145
3307998059,"Opuntia decumbens","Oaxaca",100,"22","7","2001","IBUNAM","1026772","",-94.98528,16.62583,"Pacific Lowlands province","Opuntia",26.2666664123535,168.850860595703,19,1006,17,80.9961624145508,2.33655548095703
3307998560,"Disocactus ackermannii","Oaxaca",90,"24","5","2002","IBUNAM","1067649","Carlos G_mez Hinostrosa",-96.54306,17.61528,"Sierra Madre del Sur province","Disocactus",12.8500003814697,144.285064697266,6,1289,56,2556.22973632812,12.9646606445312
3307999136,"Mammillaria voburnensis","Oaxaca",NA,"30","10","2001","IBUNAM","1084969","U. Guzman",-95.863722,15.931667,"Pacific Lowlands province","Mammillaria",27.2875003814697,81.1319122314453,19.7999992370605,1049,10,139.967651367188,3.17643737792969
3308005240,"Mammillaria haageana","Oaxaca",90,"8","5","2000","IBUNAM","1105849","U. Guzman",-97.33333,18.08333,"Sierra Madre del Sur province","Mammillaria",15.3208332061768,187.039840698242,5.69999980926514,608,19,1991.5654296875,18.6571502685547
3308006662,"Peniocereus fosterianus","Oaxaca",100,"7","7","1998","IBUNAM","1038308","",-96.31056,15.71472,"Pacific Lowlands province","Peniocereus",26.9541664123535,96.3529968261719,19.3999996185303,1026,16,15.9318866729736,3.40664935112
3308007941,"Mammillaria albilanata","Oaxaca",90,"8","1","2001","IBUNAM","1048296","U. Guzman",-96.94778,17.59306,"Balsas Basin province","Mammillaria",22.529167175293,217.134826660156,11,1003,41,1496.79333496094,15.9938201904297
3308009150,"Coryphantha pallida","Oaxaca",90,"6","8","2002","IBUNAM","1117801","NO DISPONIBLE",-96.95572,17.70567,"Balsas Basin province","Coryphantha",24.875,231.226959228516,13,842,37,990.926452636719,5.93037414550781
3308012493,"Disocactus macranthus","Oaxaca",100,"5","12","1998","IBUNAM","1035429","_ngel Salvador Arias Montes",-94.183,16.733,"Veracruzan province","Disocactus",20.5833339691162,134.660064697266,12.3999996185303,992,72,1546.23059082031,16.095458984375
3308012874,"Marginatocereus marginatus","Oaxaca",100,"27","2","1997","IBUNAM","1044820","E. Hunn",-96.30028,16.30167,"Pacific Lowlands province","Marginatocereus",19.4458332061768,116.900459289551,10.8999996185303,731,22,1903.13928222656,9.63905334472656
3308013461,"Myrtillocactus geometrizans","Oaxaca",90,"22","4","2002","IBUNAM","1041560","_ngel Salvador Arias Montes",-96.94806,17.69694,"Balsas Basin province","Myrtillocactus",24.8999996185303,234.288101196289,13.1999998092651,750,31,945.828979492188,7.96532440185547
3308013699,"Pereskiopsis rotundifolia","Oaxaca",100,"8","7","1995","IBUNAM","1047291","_ngel Salvador Arias Montes",-96.777778,17.101389,"Balsas Basin province","Pereskiopsis",21.75,157.638824462891,9.39999961853027,668,14,1584.56884765625,1.48719787597656
3308022127,"Peniocereus oaxacensis","Oaxaca",100,"25","3","2004","IBUNAM","1150732","Carlos G_mez Hinostrosa",-94.21472,16.38917,"Pacific Lowlands province","Peniocereus",27.6291675567627,110.627510070801,18.7000007629395,1654,10,67.5656356811523,1.83630275726318
3308025165,"Polaskia chichipe","Oaxaca",90,"12","4","2003","IBUNAM","1152969","_ngel Salvador Arias Montes",-97.66408,17.61772,"Sierra Madre del Sur province","Polaskia",20.2291660308838,171.933639526367,8.5,639,16,1714.60388183594,7.43511962890625
3308029095,"Epiphyllum anguliger","Oaxaca",100,"22","7","1994","IBUNAM","1165841","Carlos G_mez Hinostrosa",-96.983,16.183,"Sierra Madre del Sur province","Epiphyllum",20.3291664123535,92.6493682861328,12.3000001907349,1377,31,1532.25036621094,9.06173706054688
3308029873,"Escontria chiotilla","Oaxaca",90,"20","1","2003","IBUNAM","1152970","_ngel Salvador Arias Montes",-97.66408,17.6175,"Sierra Madre del Sur province","Escontria",20.2291660308838,171.933639526367,8.5,639,16,1713.35705566406,10.3537445068359
3308038962,"Opuntia dejecta","Oaxaca",100,"12","1","2005","IBUNAM","1186060","_ngel Salvador Arias Montes",-96.20319,15.77475,"Pacific Lowlands province","Opuntia",27.0083332061768,95.1513824462891,19.8999996185303,1226,17,122.304183959961,2.51029396057129
3308045499,"Peniocereus oaxacensis","Oaxaca",100,"7","9","2004","IBUNAM","1186065","_ngel Salvador Arias Montes",-96.17839,15.75875,"Pacific Lowlands province","Peniocereus",27.0249996185303,96.9184341430664,19.8999996185303,1196,17,63.0145378112793,1.68071794509888
3308049137,"Opuntia lasiacantha","Oaxaca",90,"28","4","2007","IBUNAM","1212897","_ngel Salvador Arias Montes",-97.46664,17.49403,"Sierra Madre del Sur province","Opuntia",15.4791669845581,149.779510498047,4.30000019073486,658,19,2351.58422851562,2.12158203125
3308049613,"Disocactus speciosus","Oaxaca",100,"15","3","1989","IBUNAM","1191519","Carlos G_mez Hinostrosa",-96.95,16.233,"Sierra Madre del Sur province","Disocactus",17.908332824707,106.703353881836,10.1999998092651,1101,30,2083.56982421875,5.6373291015625
3308051481,"Ferocactus recurvus","Oaxaca",90,"6","11","2004","IBUNAM","1203608","_ngel Salvador Arias Montes",-96.9335,17.60769,"Balsas Basin province","Ferocactus",23.1708335876465,220.664886474609,11.5,1007,43,1283.78527832031,11.3472290039062
3308052608,"Mammillaria supertexta","Oaxaca",NA,NA,"2","1997","IBUNAM","1148086","_ngel Salvador Arias Montes",-96.971333,17.828417,"Balsas Basin province","Mammillaria",25.033332824707,239.215911865234,13.1999998092651,764,31,810.474609375,2.45864105224609
3308052838,"Opuntia tomentosa","Oaxaca",90,"13","4","2003","IBUNAM","1152992","_ngel Salvador Arias Montes",-97.61717,17.686,"Sierra Madre del Sur province","Opuntia",18.8708343505859,179.904754638672,7.30000019073486,602,13,1932.99072265625,3.54908752441406
3308054899,"Epiphyllum hookeri","Oaxaca",90,"10","6","2004","IBUNAM","1216820","_ngel Salvador Arias Montes",-96.63325,18.00019,"Veracruzan province","Epiphyllum",22.9958324432373,246.875549316406,12.6999998092651,3210,236,707.993957519531,10.0874557495117
3308055671,"Opuntia huajuapensis","Oaxaca",90,"27","4","2007","IBUNAM","1212898","_ngel Salvador Arias Montes",-97.46686,17.49592,"Sierra Madre del Sur province","Opuntia",15.529167175293,152.113265991211,4.30000019073486,657,18,2330.12768554688,3.43978881835938
3308056979,"Mammillaria carnea","Oaxaca",90,"6","11","2004","IBUNAM","1179393","_ngel Salvador Arias Montes",-96.92072,17.62681,"Balsas Basin province","Mammillaria",24.5833339691162,231.14665222168,13,754,27,919.573852539062,4.42870330810547
3308057261,"Opuntia decumbens","Oaxaca",100,"2","6","2005","IBUNAM","1186056","_ngel Salvador Arias Montes",-96.21389,15.76964,"Pacific Lowlands province","Opuntia",27.0458335876465,96.6121368408203,19.7999992370605,1211,17,92.9167785644531,1.56377506256104
3308057817,"Aporocactus martianus","Oaxaca",90,"15","4","2003","IBUNAM","1175371","Carlos G_mez Hinostrosa",-96.44253,17.30033,"Balsas Basin province","Aporocactus",15.9624996185303,165.956253051758,7.19999980926514,1244,49,2065.259765625,6.81298828125
3308058277,"Coryphantha pallida","Oaxaca",90,"11","8","1994","IBUNAM","1186108","Carlos G_mez Hinostrosa",-97.19389,17.37333,"Sierra Madre del Sur province","Coryphantha",16.8666667938232,136.736862182617,6.30000019073486,649,15,2220.25415039062,1.05072021484375
3308058603,"Ferocactus macrodiscus","Oaxaca",90,"10","8","2006","IBUNAM","1215555","_ngel Salvador Arias Montes",-97.6833,18.13197,"Balsas Basin province","Ferocactus",20.1000003814697,187.180038452148,9.89999961853027,505,14,1798.080078125,6.69915771484375
3308060010,"Disocactus speciosus","Oaxaca",100,"1","5","2005","IBUNAM","1234553","Carlos G_mez Hinostrosa",-96.12469,16.00864,"Sierra Madre del Sur province","Disocactus",21.1666660308838,48.0214538574219,14.6999998092651,1321,37,1789.55920410156,16.220458984375
3308060244,"Opuntia dejecta","Oaxaca",100,"9","4","1997","IBUNAM","1240196","_ngel Salvador Arias Montes",-95.94417,15.91833,"Pacific Lowlands province","Opuntia",26.5583343505859,83.661491394043,19,1131,13,192.070755004883,2.27728080749512
3308061238,"Coryphantha pallida","Oaxaca",90,"6","9","1994","IBUNAM","1186058","NO DISPONIBLE",-97.52694,17.73972,"Sierra Madre del Sur province","Coryphantha",17.470832824707,170.286636352539,5.80000019073486,583,16,2135.14086914062,4.12600708007812
3308061395,"Aporocactus martianus","Oaxaca",90,"20","4","2001","IBUNAM","1224989","J. Reyes",-96.43278,17.20778,"Sierra Madre del Sur province","Aporocactus",13.0166664123535,144.762084960938,6,1021,40,2479.4365234375,8.44598388671875
3308064084,"Opuntia auberi","Oaxaca",100,"31","10","2004","IBUNAM","1185998","L. Scheinvar",-96.16739,15.72122,"Pacific Lowlands province","Opuntia",27.0208339691162,97.4086685180664,20,1148,15,31.8840789794922,6.9758415222168
3308065757,"Mammillaria kraehenbuehlii","Oaxaca",90,"7","9","1994","IBUNAM","1240159","_ngel Salvador Arias Montes",-97.32528,17.81028,"Sierra Madre del Sur province","Mammillaria",17.1833324432373,179.953689575195,5.69999980926514,503,17,2033.54968261719,7.1070556640625
3308067238,"Mammillaria flavicentra","Oaxaca",90,"2","10","2006","IBUNAM","1265532","_ngel Salvador Arias Montes",-97.05275,17.56748,"Sierra Madre del Sur province","Mammillaria",16.783332824707,169.482299804688,7.19999980926514,558,12,2155.21704101562,7.13214111328125
3308067274,"Ferocactus macrodiscus","Oaxaca",90,"19","6","2007","IBUNAM","1266185","_ngel Salvador Arias Montes",-97.18591,17.21787,"Sierra Madre del Sur province","Ferocactus",19.158332824707,148.810958862305,8.19999980926514,735,17,1914.44079589844,5.15794372558594
3308068966,"Mammillaria sphacelata","Oaxaca",90,"17","1","2007","IBUNAM","1203581","Leonardo Ulises Guzm_n Cruz",-96.96361,17.93394,"Balsas Basin province","Mammillaria",24.8125,247.708847045898,12.8999996185303,884,35,498.274536132812,7.20254898071289
3308071112,"Ferocactus macrodiscus","Oaxaca",90,"3","10","2006","IBUNAM","1265087","_ngel Salvador Arias Montes",-97.1494,17.6605,"Sierra Madre del Sur province","Ferocactus",14.908332824707,165.431015014648,4.90000009536743,507,12,2345.36767578125,2.07470703125
3308073183,"Mammillaria polyedra","Oaxaca",90,"31","3","2006","IBUNAM","1206449","_ngel Salvador Arias Montes",-96.94058,17.92142,"Sierra Madre del Sur province","Mammillaria",23.5083332061768,234.509490966797,11.6000003814697,1536,84,1311.46533203125,6.60432434082031
3308074237,"Acanthocereus tetragonus","Oaxaca",100,"25","7","2007","IBUNAM","1274040","_ngel Salvador Arias Montes",-95.01397,16.75286,"Pacific Lowlands province","Acanthocereus",25.4125003814697,185.731048583984,17.8999996185303,1239,48,206.907592773438,3.88078689575195
3308074681,"Opuntia dejecta","Oaxaca",100,"27","2","1997","IBUNAM","1199435","L. Scheinvar",-96.30083,16.30194,"Pacific Lowlands province","Opuntia",19.4458332061768,116.900459289551,10.8999996185303,731,22,1891.71789550781,12.6732635498047
3308074886,"Mammillaria dixanthocentron","Oaxaca",NA,"12","9","1991","IBUNAM","1204294","U. Guzman",-97.0500598,18.0336933,"Balsas Basin province","Mammillaria",24.783332824707,230.753036499023,12.1000003814697,903,39,923.501281738281,7.41669464111328
3308074972,"Opuntia velutina","Oaxaca",90,"31","3","2006","IBUNAM","1206459","_ngel Salvador Arias Montes",-96.93417,17.91889,"Sierra Madre del Sur province","Opuntia",23.5083332061768,234.509490966797,11.6000003814697,1536,84,1423.60241699219,7.50704956054688
3308075544,"Aporocactus martianus","Oaxaca",90,"15","2","1993","IBUNAM","1259860","Carlos G_mez Hinostrosa",-97.017,18.167,"Sierra Madre del Sur province","Aporocactus",16.2250003814697,205.265899658203,6.90000009536743,1365,50,1890.93823242188,17.6749267578125
3308075809,"Ferocactus macrodiscus","Oaxaca",90,"21","6","2007","IBUNAM","1266192","_ngel Salvador Arias Montes",-97.07058,17.24758,"Sierra Madre del Sur province","Ferocactus",17.1958332061768,138.144485473633,7.5,697,19,2224.43383789062,7.41925048828125
3308076076,"Opuntia depressa","Oaxaca",90,"18","6","2007","IBUNAM","1273381","_ngel Salvador Arias Montes",-96.97464,17.83986,"Balsas Basin province","Opuntia",25.0541667938232,240.193664550781,13.1999998092651,761,30,757.877868652344,4.55435943603516
3308076197,"Opuntia decumbens","Oaxaca",100,"9","7","2007","IBUNAM","1276448","_ngel Salvador Arias Montes",-95.01342,16.61367,"Pacific Lowlands province","Opuntia",26.6749992370605,163.157760620117,19.3999996185303,1007,12,62.6732444763184,0.409332275390625
3308076677,"Ferocactus macrodiscus","Oaxaca",90,"9","3","2007","IBUNAM","1265883","_ngel Salvador Arias Montes",-97.37297,17.2661,"Sierra Madre del Sur province","Ferocactus",14.3666667938232,126.586898803711,5,818,21,2540.3671875,7.07452392578125
3308076736,"Ferocactus macrodiscus","Oaxaca",NA,"14","4","2006","IBUNAM","1267281","_ngel Salvador Arias Montes",-97.196028,17.574111,"Sierra Madre del Sur province","Ferocactus",14.7749996185303,161.744766235352,4.80000019073486,524,10,2292.216796875,2.37545776367188
3308077243,"Disocactus speciosus","Oaxaca",100,"12","2","2007","IBUNAM","1279279","Carlos G_mez Hinostrosa",-97.31217,16.78475,"Sierra Madre del Sur province","Disocactus",15.5749998092651,119.459007263184,7.80000019073486,1013,29,2442.92651367188,18.9586181640625
3308077273,"Mammillaria flavicentra","Oaxaca",90,"3","5","1995","IBUNAM","1280103","_ngel Salvador Arias Montes",-97.44861,17.68889,"Sierra Madre del Sur province","Mammillaria",16.1000003814697,161.428283691406,5.09999990463257,591,17,2186.34399414062,2.07437133789062
3308077780,"Mammillaria kraehenbuehlii","Oaxaca",NA,"21","6","2007","IBUNAM","1279116","_ngel Salvador Arias Montes",-97.223056,17.160778,"Sierra Madre del Sur province","Mammillaria",17.7708339691162,134.510208129883,8.19999980926514,743,17,2094.22436523438,3.898681640625
3308077828,"Mammillaria crucigera","Oaxaca",90,"9","11","1994","IBUNAM","1280147","_ngel Salvador Arias Montes",-97.19278,17.85278,"Sierra Madre del Sur province","Mammillaria",19.3583335876465,222.872100830078,7.80000019073486,596,23,1889.29162597656,2.31561279296875
3308078369,"Coryphantha pallida","Oaxaca",90,"28","4","2007","IBUNAM","1212839","NO DISPONIBLE",-97.45733,17.50042,"Sierra Madre del Sur province","Coryphantha",15.9791669845581,155.526351928711,4.69999980926514,648,19,2204.11645507812,5.66824340820312
3308080651,"Mammillaria flavicentra","Oaxaca",NA,"20","6","2007","IBUNAM","1278506","U. Guzman",-97.292917,17.265556,"Sierra Madre del Sur province","Mammillaria",16.9833335876465,134.626312255859,6.90000009536743,733,19,2105.91357421875,1.66647338867188
3308080728,"Opuntia tomentosa","Oaxaca",90,"29","7","1991","IBUNAM","1280074","_ngel Salvador Arias Montes",-97.42417,17.57278,"Sierra Madre del Sur province","Opuntia",15.0416669845581,147.090469360352,4.19999980926514,635,17,2368.54370117188,2.71554565429688
3308080967,"Coryphantha pallida","Oaxaca",90,"1","10","2006","IBUNAM","1285857","Balbina V_zquez B.",-97.15251,17.36381,"Sierra Madre del Sur province","Coryphantha",17.404167175293,148.560638427734,6.69999980926514,646,14,2025.26672363281,6.15621948242188
3308081421,"Opuntia tomentosa","Oaxaca",90,"28","4","2007","IBUNAM","1212837","_ngel Salvador Arias Montes",-97.47067,17.50083,"Sierra Madre del Sur province","Opuntia",15.7124996185303,155.331390380859,4.5,655,19,2318.89379882812,8.87783813476562
3308081915,"Disocactus ackermannii","Oaxaca",90,"20","5","2001","IBUNAM","1225198","G. Reyes",-96.38444,17.53917,"Sierra Madre del Sur province","Disocactus",16.841667175293,167.709625244141,8.5,2987,161,2005.40466308594,13.9967498779297
3308082447,"Mammillaria flavicentra","Oaxaca",100,"20","6","2007","IBUNAM","1279432","U. Guzman",-97.31839,17.12058,"Sierra Madre del Sur province","Mammillaria",21.5625,151.058776855469,10,1002,16,1535.98022460938,3.57569885253906
3308082477,"Mammillaria flavicentra","Oaxaca",90,"13","7","1995","IBUNAM","1280098","_ngel Salvador Arias Montes",-97.03667,18.17417,"Balsas Basin province","Mammillaria",15.5666666030884,195.556701660156,6.69999980926514,1294,47,2185.40795898438,5.53402709960938
3308082479,"Coryphantha pallida","Oaxaca",90,"1","10","2006","IBUNAM","1280123","NO DISPONIBLE",-97.18535,17.38428,"Sierra Madre del Sur province","Coryphantha",17.3916664123535,145.365264892578,6.40000009536743,635,12,2054.6669921875,5.661865234375
3308082480,"Myrtillocactus geometrizans","Oaxaca",90,"17","6","2005","IBUNAM","1280133","_ngel Salvador Arias Montes",-97.69,18.12556,"Balsas Basin province","Myrtillocactus",19.9624996185303,184.700302124023,9.89999961853027,517,14,1848.60852050781,4.23681640625
3308082714,"Coryphantha pallida","Oaxaca",90,"18","6","2007","IBUNAM","1285853","Balbina V_zquez B.",-97.25172,17.32564,"Sierra Madre del Sur province","Coryphantha",17.9458332061768,140.477386474609,6.90000009536743,686,13,2037.53015136719,3.82099914550781
3308082722,"Opuntia decumbens","Oaxaca",100,"16","3","2009","IBUNAM","1286011","Carlos G_mez Hinostrosa",-95.90292,16.65714,"Pacific Lowlands province","Opuntia",24.2416667938232,139.281158447266,13.5,706,15,727.090515136719,6.37587738037109
3308083839,"Stenocereus treleasei","Oaxaca",100,"5","7","2006","IBUNAM","1221945","_ngel Salvador Arias Montes",-96.79919,16.91125,"Balsas Basin province","Stenocereus",21.3541660308838,143.818984985352,8.69999980926514,720,12,1635.380859375,3.64747619628906
3308085311,"Mammillaria zephyranthoides","Oaxaca",90,"14","9","2007","IBUNAM","1279117","_ngel Salvador Arias Montes",-97.2078,17.473,"Sierra Madre del Sur province","Mammillaria",16.3708324432373,140.477401733398,5.59999990463257,582,10,2282.91284179688,1.951904296875
3308085312,"Opuntia pilifera","Oaxaca",NA,"11","3","2007","IBUNAM","1279119","D. Aquino",-97.027639,17.429806,"Sierra Madre del Sur province","Opuntia",20.2374992370605,184.392425537109,9.10000038146973,744,18,1785.43884277344,3.56440734863281
3308085357,"Rhipsalis baccifera","Oaxaca",NA,"22","5","2010","IBUNAM","1280081","_ngel Salvador Arias Montes",-96.918417,17.913472,"Sierra Madre del Sur province","Rhipsalis",22.6166667938232,235.046737670898,11,1627,90,1360.63415527344,6.55427551269531
3308085358,"Opuntia lasiacantha","Oaxaca",90,"19","7","2010","IBUNAM","1280109","_ngel Salvador Arias Montes",-97.26038,17.51128,"Sierra Madre del Sur province","Opuntia",16.7666664123535,154.365753173828,5.40000009536743,580,13,2130.56958007812,8.8822021484375
3308085361,"Opuntia huajuapensis","Oaxaca",90,"16","7","2010","IBUNAM","1280142","_ngel Salvador Arias Montes",-97.15208,17.71642,"Sierra Madre del Sur province","Opuntia",14.9666662216187,173.563369750977,5.09999990463257,497,16,2312.96142578125,4.7666015625
3308085586,"Coryphantha pallida","Oaxaca",90,"9","3","2007","IBUNAM","1285878","D. Aquino",-97.32988,17.54942,"Sierra Madre del Sur province","Coryphantha",15.8291664123535,141.284027099609,4.80000019073486,582,12,2313.51196289062,6.17794799804688
3308086346,"Mammillaria flavicentra","Oaxaca",90,"9","3","2007","IBUNAM","1281810","_ngel Salvador Arias Montes",-97.31887,17.53601,"Sierra Madre del Sur province","Mammillaria",15.8958339691162,140.752182006836,4.90000009536743,577,11,2229.5283203125,4.25494384765625
3308087684,"Ferocactus recurvus","Oaxaca",90,"30","3","1992","IBUNAM","1301485","_ngel Salvador Arias Montes",-97.47111,17.80667,"Sierra Madre del Sur province","Ferocactus",16.2875003814697,170.228790283203,5.09999990463257,574,18,2189.11206054688,0.72186279296875
3308088345,"Ferocactus recurvus","Oaxaca",90,"16","12","2004","IBUNAM","1236131","_ngel Salvador Arias Montes",-96.99361,17.76942,"Balsas Basin province","Ferocactus",25.4958324432373,242.753707885742,13.5,568,19,719.822448730469,9.18931579589844
3308090462,"Peniocereus oaxacensis","Oaxaca",100,"3","9","2009","IBUNAM","1297429","Carlos G_mez Hinostrosa",-95.58572,15.96969,"Pacific Lowlands province","Peniocereus",27.6291675567627,84.2199249267578,20.2000007629395,916,7,18.0171947479248,0.489994049072266
3308090463,"Coryphantha retusa","Oaxaca",100,"22","9","2009","IBUNAM","1297432","Carlos G_mez Hinostrosa",-96.39914,16.93433,"Sierra Madre del Sur province","Coryphantha",20.3999996185303,126.688591003418,9.69999980926514,680,12,1707.93041992188,1.86839294433594
3308091369,"Coryphantha pallida","Oaxaca",90,"20","10","1990","IBUNAM","1301760","Balbina V_zquez B.",-97.49286,17.80439,"Sierra Madre del Sur province","Coryphantha",15.1125001907349,151.028671264648,4.5,627,19,2403.29833984375,2.39804077148438
3308091371,"Coryphantha retusa","Oaxaca",90,"26","10","1990","IBUNAM","1301773","_ngel Salvador Arias Montes",-97.75556,17.82283,"Balsas Basin province","Coryphantha",21.5166664123535,188.273666381836,9.39999961853027,622,20,1609.32824707031,2.45491027832031
3308093286,"Disocactus macranthus","Oaxaca",100,"5","9","1985","IBUNAM","1257724","Carlos G_mez Hinostrosa",-94.233,16.683,"Chiapas Highlands province","Disocactus",18.6666660308838,120.817924499512,10.8999996185303,1050,68,1769.65954589844,14.460205078125
3308094106,"Opuntia decumbens","Oaxaca",100,"27","7","2007","IBUNAM","1252852","_ngel Salvador Arias Montes",-94.98078,16.65781,"Pacific Lowlands province","Opuntia",25.7958335876465,172.474746704102,18.5,1026,25,161.875778198242,1.39957046508789
3308095890,"Opuntia decumbens","Oaxaca",100,"2","4","2007","IBUNAM","1252851","_ngel Salvador Arias Montes",-94.98597,16.64003,"Pacific Lowlands province","Opuntia",25.9874992370605,166.707748413086,18.7999992370605,984,17,168.833023071289,4.45515251159668
3308097141,"Neobuxbaumia scoparia","Oaxaca",100,"16","1","2010","IBUNAM","1326990","Carlos G_mez Hinostrosa",-95.63897,15.97608,"Pacific Lowlands province","Neobuxbaumia",27.7374992370605,79.8613967895508,20.2000007629395,934,9,20.0415191650391,1.84262704849243
3308098164,"Disocactus speciosus","Oaxaca",100,"24","6","2010","IBUNAM","1339916","Carlos G_mez Hinostrosa",-95.91561,16.29819,"Sierra Madre del Sur province","Disocactus",22.2458324432373,93.9404754638672,14.1999998092651,815,17,1343.33972167969,10.4942321777344
3308098576,"Ferocactus macrodiscus","Oaxaca",90,"9","3","2007","IBUNAM","1265885","_ngel Salvador Arias Montes",-97.38463,17.58503,"Sierra Madre del Sur province","Ferocactus",14.4250001907349,140.461898803711,4.19999980926514,649,17,2452.78002929688,8.78387451171875
3308098592,"Ferocactus macrodiscus","Oaxaca",NA,"21","6","2007","IBUNAM","1266193","_ngel Salvador Arias Montes",-97.171111,17.175861,"Sierra Madre del Sur province","Ferocactus",18.779167175293,152.262603759766,8.30000019073486,742,17,2010.81469726562,4.20634460449219
3308098859,"Opuntia dejecta","Oaxaca",100,"10","7","2007","IBUNAM","1273621","_ngel Salvador Arias Montes",-95.00967,16.61581,"Pacific Lowlands province","Opuntia",26.6749992370605,163.157760620117,19.3999996185303,1007,12,65.4090118408203,0.274408340454102
3308098973,"Myrtillocactus schenckii","Oaxaca",90,"10","3","2007","IBUNAM","1276464","_ngel Salvador Arias Montes",-97.053194,17.496111,"Balsas Basin province","Myrtillocactus",20.5166664123535,196.403274536133,9.10000038146973,775,21,1626.09240722656,9.83796691894531
3308099096,"Mammillaria flavicentra","Oaxaca",90,"18","2","1995","IBUNAM","1279441","_ngel Salvador Arias Montes",-96.9097,17.91389,"Sierra Madre del Sur province","Mammillaria",22.8291664123535,244.209838867188,10.8000001907349,1670,99,1309.68054199219,5.42825317382812
3308099121,"Ferocactus macrodiscus","Oaxaca",90,"29","3","2008","IBUNAM","1280068","_ngel Salvador Arias Montes",-97.415,17.69111,"Sierra Madre del Sur province","Ferocactus",14.7708330154419,151.88899230957,4.30000019073486,619,18,2349.95629882812,3.3984375
3308099124,"Mammillaria crucigera","Oaxaca",90,"21","9","1991","IBUNAM","1280150","_ngel Salvador Arias Montes",-97.0676,18.066,"Balsas Basin province","Mammillaria",24.8958339691162,235.694885253906,12.1000003814697,852,36,875.332458496094,4.56610870361328
3308099223,"Mammillaria flavicentra","Oaxaca",90,"4","10","2006","IBUNAM","1281962","U. Guzman",-97.03527,17.43386,"Sierra Madre del Sur province","Mammillaria",18.9958343505859,171.218338012695,8.60000038146973,677,16,1848.83605957031,7.91720581054688
3308099282,"Opuntia tomentosa","Oaxaca",90,"18","6","2007","IBUNAM","1282990","_ngel Salvador Arias Montes",-97.2522,17.3062,"Sierra Madre del Sur province","Opuntia",18.0750007629395,137.551635742188,7.19999980926514,692,13,1990.75073242188,2.47071838378906
3308099960,"Myrtillocactus schenckii","Oaxaca",90,"4","10","2006","IBUNAM","1273614","_ngel Salvador Arias Montes",-97.05692,17.46897,"Sierra Madre del Sur province","Myrtillocactus",20.0874996185303,189.90576171875,8.80000019073486,748,19,1765.55163574219,8.87992858886719
3308100182,"Mammillaria polyedra","Oaxaca",90,"4","10","2006","IBUNAM","1278507","_ngel Salvador Arias Montes",-97.05692,17.4669,"Sierra Madre del Sur province","Mammillaria",20.0874996185303,189.90576171875,8.80000019073486,748,19,1851.77526855469,6.61747741699219
3308100207,"Disocactus speciosus","Oaxaca",100,"22","6","2006","IBUNAM","1279073","Carlos G_mez Hinostrosa",-96.11289,16.01386,"Sierra Madre del Sur province","Disocactus",21.4791660308838,50.7873764038086,15,1365,40,1613.677734375,16.2678680419922
3308100249,"Aporocactus martianus","Oaxaca",90,"22","5","2010","IBUNAM","1280082","_ngel Salvador Arias Montes",-96.82756,17.85894,"Sierra Madre del Sur province","Aporocactus",12.8625001907349,172.034942626953,5.09999990463257,1045,33,2506.41772460938,13.5084838867188
3308100251,"Mammillaria flavicentra","Oaxaca",NA,"14","7","1995","IBUNAM","1280096","U. Guzman",-96.901917,17.803556,"Sierra Madre del Sur province","Mammillaria",19.1291656494141,208.178894042969,9.30000019073486,1230,46,1951.62902832031,9.01712036132812
3308100506,"Polaskia chichipe","Oaxaca",90,"17","6","2005","IBUNAM","1324235","_ngel Salvador Arias Montes",-97.74653,17.76483,"Balsas Basin province","Polaskia",20.9333343505859,179.650329589844,9.10000038146973,624,13,1804.74279785156,8.80914306640625
3308101314,"Opuntia decumbens","Oaxaca",100,"1","11","1995","IBUNAM","1324994","_ngel Salvador Arias Montes",-96.19167,16.72194,"Pacific Lowlands province","Opuntia",23.595832824707,133.662734985352,13.1999998092651,902,18,1103.15014648438,6.61923217773438
3308102906,"Opuntia huajuapensis","Oaxaca",90,"4","9","2009","IBUNAM","1272980","_ngel Salvador Arias Montes",-97.21844,17.84986,"Sierra Madre del Sur province","Opuntia",17.7458324432373,211.826019287109,6.69999980926514,496,16,2003.09057617188,10.5653228759766
3308103026,"Mammillaria carnea","Oaxaca",90,"10","3","2007","IBUNAM","1276188","_ngel Salvador Arias Montes",-97.0519,17.4841,"Balsas Basin province","Mammillaria",21.1458339691162,203.061309814453,9.30000019073486,787,22,1431.00964355469,6.18135070800781
3308104860,"Mammillaria albilanata","Oaxaca",90,"31","1","2007","IBUNAM","1272661","U. Guzman",-96.44444,17.32028,"Sierra Madre del Sur province","Mammillaria",15.8166666030884,164.196853637695,7.19999980926514,1304,54,2078.50170898438,14.5612487792969
3308105142,"Opuntia streptacantha","Oaxaca",90,"9","3","2007","IBUNAM","1279332","_ngel Salvador Arias Montes",-97.38464,17.58473,"Sierra Madre del Sur province","Opuntia",14.4250001907349,140.461898803711,4.19999980926514,649,17,2450.20629882812,7.51614379882812
3308105149,"Mammillaria albilanata","Oaxaca",90,"20","6","2007","IBUNAM","1279428","U. Guzman",-97.28994,17.21913,"Sierra Madre del Sur province","Mammillaria",17.2416667938232,145.895889282227,7.30000019073486,752,21,2105.234375,11.8412475585938
3308105161,"Mammillaria karwinskiana","Oaxaca",90,"21","6","2007","IBUNAM","1279735","_ngel Salvador Arias Montes",-97.09744,17.24064,"Sierra Madre del Sur province","Mammillaria",19.2583332061768,146.191558837891,8.30000019073486,709,18,1999.20983886719,8.14785766601562
3308105181,"Coryphantha pallida","Oaxaca",90,"17","7","2010","IBUNAM","1280134","D. Aquino",-97.15243,17.51784,"Sierra Madre del Sur province","Coryphantha",14.6000003814697,145.633407592773,4.90000009536743,602,9,2385.21728515625,4.09457397460938
3308106113,"Opuntia pubescens","Oaxaca",100,"16","6","2009","IBUNAM","1351971","C. Gom_z",-96.35447,16.9225,"Balsas Basin province","Opuntia",20.0708332061768,134.442611694336,9.69999980926514,697,12,1690.31628417969,1.01290893554688
3308106114,"Opuntia karwinskiana","Oaxaca",100,"28","4","2009","IBUNAM","1351973","C. Gom_z",-95.69725,16.05161,"Pacific Lowlands province","Opuntia",26.7666664123535,76.5248641967773,18.8999996185303,843,7,286.609893798828,8.44407272338867
3308106388,"Opuntia karwinskiana","Oaxaca",100,"6","11","2009","IBUNAM","1345135","Carlos G_mez Hinostrosa",-95.58119,15.96503,"Pacific Lowlands province","Opuntia",27.654167175293,84.5162353515625,20.2999992370605,916,6,10.294529914856,2.89594125747681
3308106592,"Opuntia karwinskiana","Oaxaca",100,"20","9","2010","IBUNAM","1349603","C. Gom_z",-95.725,15.99969,"Pacific Lowlands province","Opuntia",27.1625003814697,74.563117980957,19.6000003814697,927,11,200.936614990234,6.06051635742188
3308106653,"Opuntia pubescens","Oaxaca",100,"23","6","2009","IBUNAM","1350912","C. Gom_z",-96.40136,16.94714,"Sierra Madre del Sur province","Opuntia",20.0208339691162,122.575721740723,9.69999980926514,686,13,1788.53930664062,3.48287963867188
3308107398,"Ferocactus recurvus","Oaxaca",90,"11","3","2007","IBUNAM","1266184","_ngel Salvador Arias Montes",-97.02763,17.42982,"Sierra Madre del Sur province","Ferocactus",20.2374992370605,184.392425537109,9.10000038146973,744,18,1785.43884277344,3.56440734863281
3308107674,"Myrtillocactus geometrizans","Oaxaca",90,"4","10","2006","IBUNAM","1273102","_ngel Salvador Arias Montes",-97.05319,17.49611,"Balsas Basin province","Myrtillocactus",20.5166664123535,196.403274536133,9.10000038146973,775,21,1626.09240722656,9.83796691894531
3308107675,"Mammillaria dixanthocentron","Oaxaca",NA,"16","12","2004","IBUNAM","1273122","_ngel Salvador Arias Montes",-96.991861,17.769417,"Balsas Basin province","Mammillaria",25.4958324432373,242.753707885742,13.5,568,19,668.372985839844,5.40239715576172
3308107702,"Opuntia dejecta","Oaxaca",100,"24","7","2007","IBUNAM","1273883","_ngel Salvador Arias Montes",-95.00714,16.77972,"Pacific Lowlands province","Opuntia",25.3958339691162,188.275131225586,17.7999992370605,1333,57,217.510650634766,8.29761505126953
3308107882,"Disocactus speciosus","Oaxaca",100,"14","1","2007","IBUNAM","1278611","Carlos G_mez Hinostrosa",-97.21733,16.70392,"Sierra Madre del Sur province","Disocactus",14.9541664123535,113.687339782715,7.30000019073486,1014,33,2568.05541992188,8.99188232421875
3308107905,"Opuntia pilifera","Oaxaca",NA,"19","6","2007","IBUNAM","1279123","D. Aquino",-97.051944,17.484111,"Balsas Basin province","Opuntia",21.1458339691162,203.061309814453,9.30000019073486,787,22,1431.00964355469,6.18135070800781
3308107916,"Mammillaria karwinskiana","Oaxaca",90,"21","6","2007","IBUNAM","1279329","_ngel Salvador Arias Montes",-97.12111,17.21886,"Sierra Madre del Sur province","Mammillaria",19.4791660308838,145.796524047852,8.39999961853027,721,18,1870.0830078125,7.78764343261719
3308107956,"Mammillaria dixanthocentron","Oaxaca",90,"20","2","1995","IBUNAM","1280094","_ngel Salvador Arias Montes",-97.11667,17.88333,"Balsas Basin province","Mammillaria",21.2374992370605,235.59521484375,9.39999961853027,910,40,1452.69470214844,9.28338623046875
3308107960,"Coryphantha pallida","Oaxaca",90,"15","7","2010","IBUNAM","1280138","_ngel Salvador Arias Montes",-97.1761,17.4594,"Sierra Madre del Sur province","Coryphantha",16.4249992370605,141.429397583008,5.69999980926514,582,9,2246.73583984375,1.91268920898438
3308107962,"Mammillaria flavicentra","Oaxaca",NA,"3","4","1993","IBUNAM","1280154","U. Guzman",-97.162444,17.709861,"Sierra Madre del Sur province","Mammillaria",14.9125003814697,175.617416381836,5,491,15,2237.49194335938,4.21017456054688
3308108047,"Mammillaria flavicentra","Oaxaca",90,"9","3","2007","IBUNAM","1281957","U. Guzman",-97.3668,17.28599,"Sierra Madre del Sur province","Mammillaria",15.5416669845581,140.612823486328,5.69999980926514,773,26,2255.833984375,3.43862915039062
3308108415,"Coryphantha pallida","Oaxaca",90,"11","3","2008","IBUNAM","1285877","D. Aquino",-97.13103,17.41961,"Sierra Madre del Sur province","Coryphantha",16.8166675567627,144.432022094727,6.40000009536743,601,9,2135.61840820312,10.0602111816406
3308108987,"Disocactus speciosus","Oaxaca",100,"18","7","2006","IBUNAM","1299087","Carlos G_mez Hinostrosa",-97.2976,16.78356,"Sierra Madre del Sur province","Disocactus",15.9833335876465,124.669242858887,7.90000009536743,1025,32,2420.97119140625,13.6537475585938
3308109093,"Mammillaria mystax","Oaxaca",90,"20","10","1990","IBUNAM","1301774","_ngel Salvador Arias Montes",-97.34253,17.8735,"Sierra Madre del Sur province","Mammillaria",17.2541675567627,187.16130065918,5.5,475,15,2105.60400390625,1.08804321289062
3308109509,"Peniocereus oaxacensis","Oaxaca",100,"11","7","2009","IBUNAM","1349088","Carlos G_mez Hinostrosa",-95.61806,16.10656,"Pacific Lowlands province","Peniocereus",26.2000007629395,81.714599609375,18.2999992370605,771,5,452.260131835938,8.77587890625
3308109710,"Coryphantha retusa","Oaxaca",100,"24","7","2009","IBUNAM","1354169","C. Gom_z",-96.40061,16.93942,"Sierra Madre del Sur province","Coryphantha",19.9375,123.161476135254,9.69999980926514,678,12,1752.66711425781,6.49195861816406
3308109936,"Peniocereus oaxacensis","Oaxaca",100,"26","5","2006","IBUNAM","1359488","Carlos G_mez Hinostrosa",-96.19289,15.76711,"Pacific Lowlands province","Peniocereus",27.0083332061768,95.675422668457,19.8999996185303,1225,17,86.3758163452148,1.39800834655762
3308113464,"Coryphantha pallida","Oaxaca",NA,"14","4","2006","IBUNAM","1286800","D. Aquino",-97.187972,17.576194,"Sierra Madre del Sur province","Coryphantha",14.6000003814697,163.234344482422,4.69999980926514,527,12,2317.3017578125,5.0645751953125
3308113998,"Coryphantha pallida","Oaxaca",90,"29","10","1991","IBUNAM","1301498","Balbina V_zquez B.",-97.34056,17.80194,"Sierra Madre del Sur province","Coryphantha",18.345832824707,196.612884521484,6.30000019073486,466,13,2024.32983398438,2.74787902832031
3308115956,"Peniocereus oaxacensis","Oaxaca",100,"22","5","2010","IBUNAM","1383190","Carlos G_mez Hinostrosa",-95.6988,16.45575,"Pacific Lowlands province","Peniocereus",24.2250003814697,110.895118713379,14.6999998092651,656,15,761.805297851562,4.28769683837891
3308117061,"Coryphantha pallida","Oaxaca",90,"1","10","2006","IBUNAM","1301605","Balbina V_zquez B.",-97.49528,17.83333,"Sierra Madre del Sur province","Coryphantha",15.4250001907349,155.453872680664,4.69999980926514,621,22,2261.22924804688,4.942626953125
3308119170,"Opuntia pubescens","Oaxaca",100,"26","5","2011","IBUNAM","1389766","L. Scheinvar",-96.5523,16.25189,"Sierra Madre del Sur province","Opuntia",19.3500003814697,117.589431762695,10.6999998092651,770,29,1954.45959472656,2.763916015625
3308121553,"Peniocereus oaxacensis","Oaxaca",100,"22","5","2010","IBUNAM","1383184","Carlos G_mez Hinostrosa",-95.6453,16.43865,"Pacific Lowlands province","Peniocereus",25.7333335876465,119.131973266602,16.5,591,5,369.326873779297,6.49205780029297
3308122717,"Opuntia tomentosa","Oaxaca",90,"19","5","2011","IBUNAM","1389424","L. Scheinvar",-97.6661,17.35822,"Sierra Madre del Sur province","Opuntia",17.970832824707,137.979873657227,7,758,17,2044.54565429688,3.95021057128906
3308124227,"Neobuxbaumia tetetzo","Oaxaca",100,"29","6","2012","IBUNAM","1404303","_ngel Salvador Arias Montes",-95.8727,16.43394,"Pacific Lowlands province","Neobuxbaumia",24.5125007629395,120.323913574219,14.3999996185303,587,6,641.037231445312,2.16703033447266
3308125116,"Pilosocereus chrysacanthus","Oaxaca",90,"11","8","2011","IBUNAM","1328884","_ngel Salvador Arias Montes",-97.01369,17.43914,"Sierra Madre del Sur province","Pilosocereus",21.3875007629395,201.213638305664,9.5,797,23,1447.08264160156,4.65792846679688
3308125845,"Neobuxbaumia tetetzo","Oaxaca",100,"29","6","2012","IBUNAM","1404305","_ngel Salvador Arias Montes",-95.3135,16.38208,"Pacific Lowlands province","Neobuxbaumia",27.3083343505859,113.194000244141,19,717,3,312.787811279297,3.60099792480469
3308126455,"Mammillaria karwinskiana","Oaxaca",100,"16","5","2009","IBUNAM","1311537","Carlos G_mez Hinostrosa",-96.13156,16.50919,"Pacific Lowlands province","Mammillaria",23.529167175293,126.804420471191,13.3000001907349,718,12,890.320922851562,5.80361938476562
3308127767,"Ferocactus recurvus","Oaxaca",100,"1","11","1995","IBUNAM","1325310","Carlos G_mez Hinostrosa",-96.19167,16.70528,"Pacific Lowlands province","Ferocactus",23.6166667938232,128.157119750977,13.3000001907349,878,16,1018.82214355469,8.15682220458984
3308128762,"Disocactus speciosus","Oaxaca",100,NA,NA,NA,"IBUNAM","1404308","NO DISPONIBLE",-96.5058,16.06139,"Sierra Madre del Sur province","Disocactus",17.6833324432373,81.5846939086914,10.6999998092651,1226,32,2073.71484375,7.38702392578125
3308129921,"Disocactus speciosus","Oaxaca",100,"10","4","2004","IBUNAM","1350914","_ngel Salvador Arias Montes",-97.62944,16.75556,"Sierra Madre del Sur province","Disocactus",15.4083337783813,109.166954040527,7.19999980926514,1133,32,2580.83081054688,4.4942626953125
3308130389,"Mammillaria mystax","Oaxaca",90,"16","9","2011","IBUNAM","1404298","D. Aquino",-97.40278,17.7025,"Sierra Madre del Sur province","Mammillaria",15.375,161.80094909668,4.59999990463257,592,19,2371.10278320312,10.2251892089844
3308130390,"Disocactus ackermannii","Oaxaca",90,"16","4","2012","IBUNAM","1404315","NO DISPONIBLE",-96.5389,17.63267,"Sierra Madre del Sur province","Disocactus",12.9166669845581,143.974960327148,6.09999990463257,1330,56,2424.52001953125,7.018310546875
3308132000,"Acanthocereus tetragonus","Oaxaca",100,"25","8","2005","IBUNAM","1349600","_ngel Salvador Arias Montes",-96.18547,15.76083,"Pacific Lowlands province","Acanthocereus",27.0166664123535,96.6797332763672,19.8999996185303,1204,17,78.0123062133789,2.18924140930176
3308134373,"Peniocereus oaxacensis","Oaxaca",100,"10","8","2014","IBUNAM","1429112","",-94.9228,16.53028,"Pacific Lowlands province","Peniocereus",27.1000003814697,160.312194824219,19.6000003814697,1039,11,17.2076835632324,0.860952258110046
3308140283,"Opuntia pubescens","Oaxaca",100,"22","5","2010","IBUNAM","1385159","Carlos G_mez Hinostrosa",-95.6581,16.50813,"Sierra Madre del Sur province","Opuntia",23.0874996185303,96.3687210083008,14.3000001907349,705,10,1133.76733398438,4.14360046386719
3308141211,"Pereskia lychnidiflora","Oaxaca",100,"22","1","2014","IBUNAM","1467426","Kenia Velasco Guti_rrez",-94.93,16.55806,"Pacific Lowlands province","Pereskia",27.033332824707,159.193008422852,19.6000003814697,1042,12,31.7765808105469,2.64268207550049
3308143399,"Opuntia karwinskiana","Oaxaca",100,"27","4","2006","IBUNAM","1359489","Carlos G_mez Hinostrosa",-96.24536,15.72653,"Pacific Lowlands province","Opuntia",27.0249996185303,97.6193923950195,19.7999992370605,1104,17,26.2750091552734,4.67154216766357
3308144595,"Pilosocereus leucocephalus","Oaxaca",100,"22","5","2014","IBUNAM","1469127","_ngel Salvador Arias Montes",-94.7421,16.71478,"Pacific Lowlands province","Pilosocereus",25.7374992370605,190.729751586914,18,1513,77,234.703186035156,9.75265502929688
3308145457,"Mammillaria haageana","Oaxaca",90,"27","6","2012","IBUNAM","1362554","_ngel Salvador Arias Montes",-97.38642,17.55453,"Sierra Madre del Sur province","Mammillaria",14.6750001907349,141.091522216797,4.30000019073486,650,16,2409.59057617188,6.83447265625
3308146555,"Mammillaria albilanata","Oaxaca",100,"25","1","2011","IBUNAM","1363838","_ngel Salvador Arias Montes",-97.58569,16.84397,"Sierra Madre del Sur province","Mammillaria",18.4541664123535,113.507286071777,9.19999980926514,1186,29,1812.31408691406,7.729736328125
3308148174,"Peniocereus oaxacensis","Oaxaca",100,"24","8","2009","IBUNAM","1385157","Carlos G_mez Hinostrosa",-95.533,16.37006,"Pacific Lowlands province","Peniocereus",25.25,110.350677490234,16.3999996185303,655,10,627.731018066406,5.55812835693359
3308148175,"Myrtillocactus schenckii","Oaxaca",100,"18","4","2012","IBUNAM","1385162","C. Gom_z",-95.9843,16.43333,"Sierra Madre del Sur province","Myrtillocactus",23.1458339691162,112.076637268066,13.8000001907349,711,8,912.603332519531,6.00816345214844
3308152163,"Neobuxbaumia tetetzo","Oaxaca",90,"13","4","2013","IBUNAM","1402922","_ngel Salvador Arias Montes",-96.9756,17.93447,"Balsas Basin province","Neobuxbaumia",25.1333332061768,241.353515625,13.1000003814697,882,35,632.152526855469,4.71283721923828
3308152226,"Disocactus speciosus","Oaxaca",100,"11","3","2012","IBUNAM","1404320","_ngel Salvador Arias Montes",-97.78042,17.03347,"Sierra Madre del Sur province","Disocactus",16.1666660308838,126.083183288574,7,1095,34,2221.77465820312,2.196044921875
3308153389,"Peniocereus fosterianus","Oaxaca",100,"29","11","2005","IBUNAM","1384147","Carlos G_mez Hinostrosa",-96.1761,15.74603,"Pacific Lowlands province","Peniocereus",27.0208339691162,97.5252532958984,20,1178,18,64.6661987304688,3.29548358917236
3308153599,"Mammillaria haageana","Oaxaca",100,"14","10","2011","IBUNAM","1389249","Carlos G_mez Hinostrosa",-96.9151,17.04683,"Sierra Madre del Sur province","Mammillaria",17.779167175293,139.535903930664,8.39999961853027,708,19,2052.3896484375,9.34284973144531
3308154128,"Neobuxbaumia tetetzo","Oaxaca",100,"28","6","2012","IBUNAM","1402547","_ngel Salvador Arias Montes",-95.2268,16.42244,"Pacific Lowlands province","Neobuxbaumia",27.3374996185303,119.698928833008,19.3999996185303,818,6,108.103515625,3.23146820068359
3308154129,"Neobuxbaumia tetetzo","Oaxaca",100,"29","6","2012","IBUNAM","1402550","_ngel Salvador Arias Montes",-96.14597,16.67589,"Pacific Lowlands province","Neobuxbaumia",24.216667175293,139.484970092773,13.5,798,16,796.651733398438,4.53520202636719
3308162729,"Pereskiopsis kellermanii","Oaxaca",100,"14","1","2014","IBUNAM","1429111","Carlos G_mez Hinostrosa",-94.9317,16.57278,"Pacific Lowlands province","Pereskiopsis",26.7708339691162,160.79997253418,19.3999996185303,1016,12,35.7205543518066,0.602015972137451
3308165755,"Disocactus ackermannii","Oaxaca",90,"6","4","2014","IBUNAM","1469132","_ngel Salvador Arias Montes",-96.7548,18.06578,"Sierra Madre del Sur province","Disocactus",16.2083339691162,176.169250488281,8.10000038146973,2012,87,2256.6015625,5.434814453125
3308170892,"Pereskiopsis kellermanii","Oaxaca",100,"26","3","1967","IBUNAM","48510","_ngel Salvador Arias Montes",-95.6033,16.3992,"Pacific Lowlands province","Pereskiopsis",26.7625007629395,126.331558227539,17.7999992370605,615,5,202.453750610352,1.20375823974609
3308175376,"Pachycereus pecten-aboriginum","Oaxaca",100,NA,NA,"1958","IBUNAM","59736","_ngel Salvador Arias Montes",-96.490556,15.664167,"Pacific Lowlands province","Pachycereus",26.1958332061768,97.0111999511719,18.3999996185303,816,15,34.7833404541016,2.75563097000122
3308175987,"Opuntia huajuapensis","Oaxaca",NA,NA,NA,"1962","IBUNAM","74538","_ngel Salvador Arias Montes",-97.758333,17.799083,"Balsas Basin province","Opuntia",21.4416675567627,187.481323242188,9.30000019073486,632,17,1623.58251953125,1.29830932617188
3308176465,"Opuntia huajuapensis","Oaxaca",90,NA,"4","1963","IBUNAM","60920","_ngel Salvador Arias Montes",-97.775833,17.804444,"Balsas Basin province","Opuntia",21.5708332061768,186.5166015625,9.39999961853027,644,18,1581.75341796875,0.900711059570312
3308179349,"Escontria chiotilla","Oaxaca",90,NA,"4","1953","IBUNAM","59746","_ngel Salvador Arias Montes",-97.75,17.73333,"Balsas Basin province","Escontria",21.1291675567627,178.789596557617,9.19999980926514,627,13,1716.60888671875,5.80123901367188
3308186217,"Pereskia lychnidiflora","Oaxaca",100,"23","12","1965","IBUNAM","105662","H. Bravo",-95.783611,16.395833,"Pacific Lowlands province","Pereskia",24.8583335876465,104.682037353516,15.3000001907349,629,9,736.408630371094,3.4427490234375
3308193653,"Pereskiopsis kellermanii","Oaxaca",100,NA,"5","1965","IBUNAM","118254","_ngel Salvador Arias Montes",-96.312778,16.673056,"Pacific Lowlands province","Pereskiopsis",24.033332824707,137.317367553711,13.3000001907349,843,15,963.00927734375,5.13311004638672
3308200296,"Polaskia chichipe","Oaxaca",NA,NA,"5","1953","IBUNAM","59680","Susana Gama L_pez",-97.502444,17.667625,"Sierra Madre del Sur province","Polaskia",17.6499996185303,170.053482055664,5.80000019073486,588,17,2058.19799804688,1.70574951171875
3308201784,"Myrtillocactus schenckii","Oaxaca",100,"7","8","1966","IBUNAM","143507","",-96.41667,16.91667,"Balsas Basin province","Myrtillocactus",20.904167175293,133.458526611328,9.69999980926514,681,13,1651.2509765625,0.595672607421875
3308207342,"Pilosocereus chrysacanthus","Oaxaca",NA,"24","3","1919","IBUNAM","59823","_ngel Salvador Arias Montes",-97.080722,18.13575,"Balsas Basin province","Pilosocereus",24.4375,238.261917114258,11.1000003814697,841,41,988.2646484375,5.61072540283203
3308208383,"Cephalocereus apicicephalium","Oaxaca",100,NA,NA,"1960","IBUNAM","59785","S. Gama L.",-97.105969,16.733427,"Sierra Madre del Sur province","Cephalocereus",13.2041664123535,114.464324951172,6.19999980926514,915,28,2630.14111328125,5.34637451171875
3308212604,"Mammillaria discolor","Oaxaca",NA,NA,NA,"1971","IBUNAM","164274","Leonardo Ulises Guzm_n Cruz",-97.376972,17.724028,"Sierra Madre del Sur province","Mammillaria",16.9500007629395,183.04248046875,5.59999990463257,547,18,2080.88525390625,1.63381958007812
3308214609,"Mammillaria flavicentra","Oaxaca",NA,NA,NA,"1971","IBUNAM","166222","_ngel Salvador Arias Montes",-97.459694,17.675861,"Sierra Madre del Sur province","Mammillaria",16.7083339691162,164.051452636719,5.40000009536743,591,18,2301.95776367188,8.03872680664062
3308235973,"Mammillaria zephyranthoides","Oaxaca",90,NA,"8","1969","IBUNAM","126891","_ngel Salvador Arias Montes",-97.5824,17.6803,"Sierra Madre del Sur province","Mammillaria",18.3250007629395,177.05290222168,6.30000019073486,607,17,1985.25891113281,6.68319702148438
3308247270,"Pereskia lychnidiflora","Oaxaca",100,"26","1","1956","IBUNAM","160820","B. Leuenberger",-95.019167,16.433056,"Pacific Lowlands province","Pereskia",27.5708332061768,142.086059570312,20,1045,10,21.0141162872314,0.257516622543335
3308255511,"Mammillaria mystax","Oaxaca",NA,NA,NA,"1971","IBUNAM","166221","_ngel Salvador Arias Montes",-97.385278,17.720167,"Sierra Madre del Sur province","Mammillaria",16.5625,176.636825561523,5.40000009536743,559,19,2104.28344726562,1.24313354492188
3308255854,"Disocactus ackermannii","Oaxaca",10,"5","4","1975","IBUNAM","175528","Carlos G_mez Hinostrosa",-96.998049,18.1656841,"Sierra Madre del Sur province","Disocactus",12.9375,175.79850769043,5.09999990463257,1323,57,2337.79931640625,3.55758666992188
3308260870,"Pereskia lychnidiflora","Oaxaca",100,"20","10","1978","IBUNAM","275259","H. Bravo",-95.275,16.271944,"Pacific Lowlands province","Pereskia",27.9624996185303,110.394432067871,19.5,831,5,66.1895065307617,0.3543701171875
3308262023,"Opuntia tomentosa","Oaxaca",100,"21","10","1978","IBUNAM","275254","",-96.381698,16.903036,"Balsas Basin province","Opuntia",19.9791660308838,133.117477416992,9.69999980926514,660,11,1783.39465332031,5.1815185546875
3308264804,"Pachycereus pecten-aboriginum","Oaxaca",100,"2","10","1978","IBUNAM","275258","_ngel Salvador Arias Montes",-95.278056,16.335556,"Pacific Lowlands province","Pachycereus",28.216667175293,110.912170410156,19.6000003814697,864,14,62.0068778991699,0.202198505401611
3308277198,"Coryphantha pallida","Oaxaca",NA,"16","7","1982","IBUNAM","337399","NO DISPONIBLE",-97.513139,17.559778,"Sierra Madre del Sur province","Coryphantha",15.0666666030884,150.534393310547,4,674,18,2322.77294921875,6.0325927734375
3308277229,"Mammillaria albilanata","Oaxaca",NA,"10","5","1981","IBUNAM","338161","U. Guzman",-97.521944,17.533778,"Sierra Madre del Sur province","Mammillaria",15.2375001907349,147.619369506836,4.09999990463257,672,17,2325.92065429688,3.57476806640625
3308288967,"Escontria chiotilla","Oaxaca",90,"24","4","1982","IBUNAM","354727","H. Bravo",-96.546944,17.313333,"Balsas Basin province","Escontria",18.8624992370605,185.08137512207,8.39999961853027,1205,56,1798.2880859375,15.6997528076172
3308290071,"Neobuxbaumia tetetzo","Oaxaca",710,"16","6","1970","IBUNAM","356976","H. Bravo",-96.3083651,16.6702005,"Pacific Lowlands province","Neobuxbaumia",24.033332824707,137.317367553711,13.3000001907349,843,15,957.146118164062,2.57763671875
3308295790,"Pereskia lychnidiflora","Oaxaca",100,"19","10","1978","IBUNAM","275263","H. Bravo",-95.177222,16.244444,"Pacific Lowlands province","Pereskia",28.2374992370605,110.476753234863,20.1000003814697,908,10,13.6034832000732,0.791112780570984
3308316712,"Opuntia huajuapensis","Oaxaca",NA,"10","4","1981","IBUNAM","399569","_ngel Salvador Arias Montes",-97.408778,17.588056,"Sierra Madre del Sur province","Opuntia",13.4208335876465,127.608390808105,3.90000009536743,755,19,2765.26220703125,9.2462158203125
3308318012,"Opuntia huajuapensis","Oaxaca",90,"12","5","1981","IBUNAM","399600","_ngel Salvador Arias Montes",-97.503593,17.554424,"Sierra Madre del Sur province","Opuntia",14.5625,145.962707519531,3.90000009536743,689,16,2438.90234375,7.15936279296875
3308325412,"Opuntia decumbens","Oaxaca",100,"9","12","1980","IBUNAM","316179","H. Bravo",-95.1225,16.390833,"Pacific Lowlands province","Opuntia",27.8083324432373,130.224151611328,19.8999996185303,959,8,14.9699563980103,0.631402730941772
3308342228,"Coryphantha pallida","Oaxaca",NA,"16","5","1981","IBUNAM","364233","U. Guzman",-97.117917,17.32525,"Sierra Madre del Sur province","Coryphantha",17.0625,141.696273803711,7,660,16,2141.53955078125,8.72659301757812
3308348737,"Mammillaria flavicentra","Oaxaca",NA,"30","3","1988","IBUNAM","474892","_ngel Salvador Arias Montes",-97.406167,17.876417,"Sierra Madre del Sur province","Mammillaria",17.0083332061768,174.67936706543,5.09999990463257,501,13,2100.47045898438,2.0784912109375
3308356030,"Stenocereus stellatus","Oaxaca",100,"28","1","1989","IBUNAM","501464","L. Scheinvar",-96.725,17.108333,"Balsas Basin province","Stenocereus",20.8500003814697,149.514373779297,9.5,659,17,1676.0634765625,3.64918518066406
3308360019,"Opuntia decumbens","Oaxaca",100,"12","6","1986","IBUNAM","505026","H. Bravo",-95.401389,16.350278,"Pacific Lowlands province","Opuntia",25.8916664123535,110.264823913574,17.6000003814697,640,4,309.588165283203,8.19869232177734
3308361640,"Opuntia streptacantha","Oaxaca",90,"10","4","1981","IBUNAM","399558","_ngel Salvador Arias Montes",-97.425003,17.55056,"Sierra Madre del Sur province","Opuntia",15.0541667938232,145.281219482422,4.09999990463257,647,19,2308.47314453125,2.54248046875
3308364748,"Mammillaria zephyranthoides","Oaxaca",90,"24","10","1990","IBUNAM","518155","_ngel Salvador Arias Montes",-97.2211,17.4738,"Sierra Madre del Sur province","Mammillaria",17.095832824707,148.330978393555,5.80000019073486,584,7,2089.45141601562,2.11309814453125
3308364749,"Mammillaria huitzilopochtli","Oaxaca",90,"5","8","1990","IBUNAM","518191","_ngel Salvador Arias Montes",-96.941,17.8272,"Sierra Madre del Sur province","Mammillaria",23.9125003814697,237.507186889648,11.8000001907349,1239,67,1110.65661621094,3.18325805664062
3308366366,"Marginatocereus marginatus","Oaxaca",NA,"10","4","1981","IBUNAM","394644","S. Gama",-97.479278,17.505833,"Sierra Madre del Sur province","Marginatocereus",15.9583330154419,160.91828918457,4.80000019073486,655,18,2178.61474609375,2.56573486328125
3308368503,"Stenocereus stellatus","Oaxaca",90,"24","10","1990","IBUNAM","518101","_ngel Salvador Arias Montes",-97.0841,17.9019,"Balsas Basin province","Stenocereus",23.2291660308838,244.544616699219,10.6000003814697,935,46,1193.26696777344,4.28678894042969
3308368505,"Acanthocereus tetragonus","Oaxaca",90,"12","6","1990","IBUNAM","518223","",-97.067,18.133,"Balsas Basin province","Acanthocereus",24.154167175293,239.701141357422,10.6999998092651,885,45,1050.80517578125,8.09033203125
3308369260,"Mammillaria dixanthocentron","Oaxaca",NA,"28","10","1991","IBUNAM","538190","U. Guzman",-97.045,18.070389,"Balsas Basin province","Mammillaria",24.0166664123535,234.872634887695,11,1030,53,1103.92272949219,6.3028564453125
3308370378,"Stenocereus pruinosus","Oaxaca",NA,"13","7","1990","IBUNAM","518144","_ngel Salvador Arias Montes; S. Gama",-97.060194,18.149056,"Balsas Basin province","Stenocereus",23.716667175293,241.268737792969,10.6000003814697,998,54,1247.54125976562,12.9244232177734
3308370383,"Acanthocereus tetragonus","Oaxaca",90,"12","7","1990","IBUNAM","518233","_ngel Salvador Arias Montes",-97.0874,18.1362,"Balsas Basin province","Acanthocereus",24.7916660308838,238.402206420898,11.5,813,37,916.398193359375,4.52652740478516
3308370803,"Stenocereus treleasei","Oaxaca",100,"16","5","1985","IBUNAM","530345","G. Flores M.",-96.735833,16.5675,"Balsas Basin province","Stenocereus",22.0208339691162,119.40113067627,10.5,796,17,1433.185546875,0.306060791015625
3308374509,"Stenocactus crispatus","Oaxaca",90,"1","11","1991","IBUNAM","538193","NO DISPONIBLE",-97.34358,17.79764,"Sierra Madre del Sur province","Stenocactus",17.9958324432373,192.241058349609,6.09999990463257,476,14,2023.26354980469,1.71153259277344
3308375923,"Opuntia decumbens","Oaxaca",100,"14","3","1983","IBUNAM","556998","_ngel Salvador Arias Montes",-94.949444,16.633056,"Pacific Lowlands province","Opuntia",25.908332824707,167.736709594727,18.7000007629395,1056,30,156.543380737305,6.36068534851074
3308378723,"Opuntia auberi","Oaxaca",100,"18","7","1988","IBUNAM","549373","Ra_l Puente Mart_nez",-95,16.617,"Pacific Lowlands province","Opuntia",26.5416660308838,166.840072631836,19.2999992370605,1015,13,66.0073318481445,0.235795021057129
3308378914,"Disocactus ackermannii","Oaxaca",90,"15","5","1988","IBUNAM","554950","Carlos G_mez Hinostrosa",-96.083,17.233,"Sierra Madre del Sur province","Disocactus",14.9708337783813,145.296844482422,8.19999980926514,1527,77,2273.86572265625,9.16546630859375
3308380940,"Opuntia pubescens","Oaxaca",100,"6","5","1991","IBUNAM","552996","Susana Gama L_pez",-95.5,16.317,"Pacific Lowlands province","Opuntia",25.2374992370605,121.189643859863,16.6000003814697,642,6,620.5126953125,10.5560989379883
3308389031,"Stenocereus pruinosus","Oaxaca",100,"26","2","1988","IBUNAM","481470","G. Flores M.",-96.348889,16.608056,"Sierra Madre del Sur province","Stenocereus",23.3041667938232,129.342010498047,13,788,12,1111.59655761719,8.08518981933594
3308391617,"Stenocactus crispatus","Oaxaca",NA,"20","3","1988","IBUNAM","474794","_ngel Salvador Arias Montes",-97.480833,17.80075,"Sierra Madre del Sur province","Stenocactus",15.8083333969116,163.412933349609,4.90000009536743,602,19,2284.64965820312,8.27508544921875
3308392052,"Stenocereus pruinosus","Oaxaca",100,"16","5","1985","IBUNAM","485993","G. Flores M.",-96.733611,16.565278,"Balsas Basin province","Stenocereus",22.0458335876465,118.637306213379,10.5,798,16,1441.18737792969,1.37057495117188
3308394993,"Opuntia tomentosa","Oaxaca",90,"22","5","1983","IBUNAM","606576","_ngel Salvador Arias Montes",-96.896667,17.849167,"Sierra Madre del Sur province","Opuntia",16.875,190.316711425781,8.19999980926514,908,29,2179.0068359375,12.3032836914062
3308398098,"Rhipsalis baccifera","Oaxaca",100,"20","3","1988","IBUNAM","608300","S. Gama L.",-97.01667,16.15,"Sierra Madre del Sur province","Rhipsalis",21.8624992370605,95.1344680786133,13.3000001907349,1531,28,1148.81018066406,7.8472900390625
3308399827,"Opuntia auberi","Oaxaca",100,"17","6","1971","IBUNAM","501516","Ra_l Puente Mart_nez",-96.533,16,"Sierra Madre del Sur province","Opuntia",20.1124992370605,75.6224136352539,13.1999998092651,1593,52,1695.66394042969,11.1111755371094
3308409510,"Mammillaria zephyranthoides","Oaxaca",90,"21","10","1990","IBUNAM","518090","_ngel Salvador Arias Montes",-97.5588,17.6712,"Sierra Madre del Sur province","Mammillaria",18.1333332061768,176.562301635742,6.09999990463257,607,17,2028.37609863281,7.28288269042969
3308409518,"Mammillaria flavicentra","Oaxaca",NA,"5","8","1990","IBUNAM","518275","_ngel Salvador Arias Montes",-96.932417,17.835278,"Sierra Madre del Sur province","Mammillaria",23.5499992370605,241.237319946289,11.3000001907349,1349,74,1136.84521484375,10.2988739013672
3308410567,"Mammillaria huitzilopochtli","Oaxaca",NA,"2","1","1988","IBUNAM","500043","_ngel Salvador Arias Montes",-96.865111,17.265444,"Sierra Madre del Sur province","Mammillaria",21.0249996185303,156.241348266602,9.30000019073486,735,18,1695.13696289062,8.15776062011719
3308411386,"Mammillaria kraehenbuehlii","Oaxaca",NA,"21","10","1990","IBUNAM","518089","U. Guzman",-97.558806,17.671222,"Sierra Madre del Sur province","Mammillaria",18.1333332061768,176.562301635742,6.09999990463257,607,17,2028.37609863281,7.28288269042969
3308411393,"Opuntia lasiacantha","Oaxaca",90,"23","10","1990","IBUNAM","518242","_ngel Salvador Arias Montes",-97.167198,17.878359,"Sierra Madre del Sur province","Opuntia",17.5708332061768,207.084274291992,7.09999990463257,570,20,1873.01733398438,19.1729125976562
3308412199,"Stenocereus stellatus","Oaxaca",90,"30","7","1991","IBUNAM","538145","_ngel Salvador Arias Montes",-97.0423,17.4366,"Sierra Madre del Sur province","Stenocereus",18.7708339691162,169.644805908203,8.39999961853027,664,15,1861.04052734375,11.8628234863281
3308412202,"Pereskiopsis rotundifolia","Oaxaca",90,"2","11","1991","IBUNAM","538212","_ngel Salvador Arias Montes",-97.6,17.63333,"Sierra Madre del Sur province","Pereskiopsis",17.4833335876465,173.130706787109,6.09999990463257,630,15,2020.84899902344,4.74069213867188
3308413165,"Melocactus curvispinus","Oaxaca",100,"24","8","1990","IBUNAM","649050","NO DISPONIBLE",-95.266667,16.433333,"Pacific Lowlands province","Melocactus",26.9750003814697,127.413101196289,19,793,5,120.021408081055,1.01771450042725
3308414735,"Opuntia lasiacantha","Oaxaca",NA,"21","10","1990","IBUNAM","518093","_ngel Salvador Arias Montes",-97.487778,17.836306,"Sierra Madre del Sur province","Opuntia",16.095832824707,164.350769042969,5.09999990463257,594,20,2183.27954101562,1.17764282226562
3308414737,"Opuntia tomentosa","Oaxaca",NA,"24","10","1990","IBUNAM","518110","_ngel Salvador Arias Montes",-97.031417,17.703861,"Balsas Basin province","Opuntia",23.0375003814697,220.424468994141,11.1999998092651,979,44,1469.41882324219,6.69296264648438
3308415148,"Pilosocereus chrysacanthus","Oaxaca",NA,"28","7","1907","IBUNAM","528496","Carlos G_mez Hinostrosa",-97.01675,17.412444,"Sierra Madre del Sur province","Pilosocereus",20.8875007629395,193.591934204102,9.19999980926514,764,18,1558.79467773438,10.9847412109375
3308415230,"Opuntia decumbens","Oaxaca",100,"14","3","1986","IBUNAM","530775","H. Bravo",-95.306944,16.381944,"Pacific Lowlands province","Opuntia",27.7250003814697,116.940155029297,19.2999992370605,824,4,148.497421264648,20.2751884460449
3308416761,"Mammillaria albilanata","Oaxaca",90,"21","8","1990","IBUNAM","650623","U. Guzman",-97.433,17.583,"Sierra Madre del Sur province","Mammillaria",15.3041667938232,149.293151855469,4.30000019073486,630,18,2288.0009765625,2.04031372070312
3308418446,"Pilosocereus chrysacanthus","Oaxaca",90,"13","7","1990","IBUNAM","518138","_ngel Salvador Arias Montes",-97.0602,18.1491,"Balsas Basin province","Pilosocereus",23.716667175293,241.268737792969,10.6000003814697,998,54,1247.54125976562,12.9244232177734
3308418449,"Pilosocereus chrysacanthus","Oaxaca",90,"5","8","1990","IBUNAM","518190","_ngel Salvador Arias Montes",-96.926667,17.844444,"Sierra Madre del Sur province","Pilosocereus",23.5499992370605,241.811325073242,11.3000001907349,1367,75,1263.86352539062,8.1566162109375
3308418450,"Mammillaria sphacelata","Oaxaca",90,"23","10","1990","IBUNAM","518203","_ngel Salvador Arias Montes",-97.2033,17.8477,"Sierra Madre del Sur province","Mammillaria",19.154167175293,225.262054443359,7.59999990463257,566,20,1918.13659667969,3.57717895507812
3308418451,"Mammillaria sphacelata","Oaxaca",90,"23","10","1990","IBUNAM","518204","",-97.205,17.858611,"Sierra Madre del Sur province","Mammillaria",19.0375003814697,225.167861938477,7.59999990463257,566,21,1894.16284179688,2.10308837890625
3308419883,"Opuntia huajuapensis","Oaxaca",NA,"12","4","1987","IBUNAM","552998","_ngel Salvador Arias Montes",-97.3955,17.703417,"Sierra Madre del Sur province","Opuntia",15.5583333969116,163.454650878906,4.69999980926514,579,18,2280.89892578125,3.75686645507812
3308419903,"Pereskiopsis diguetii","Oaxaca",100,"6","11","1985","IBUNAM","553426","_ngel Salvador Arias Montes",-95.335278,16.349444,"Pacific Lowlands province","Pereskiopsis",27.0583324432373,124.842338562012,18.8999996185303,767,4,91.2049255371094,2.08623027801514
3308420081,"Pilosocereus chrysacanthus","Oaxaca",90,"31","7","1985","IBUNAM","557386","_ngel Salvador Arias Montes",-96.488056,17.326389,"Balsas Basin province","Pilosocereus",17.0583343505859,168.669036865234,7.80000019073486,1350,59,1990.88293457031,5.2215576171875
3308420091,"Opuntia tomentosa","Oaxaca",NA,"8","8","1985","IBUNAM","557650","_ngel Salvador Arias Montes",-97.418194,17.690472,"Sierra Madre del Sur province","Opuntia",15.0541667938232,153.111038208008,4.40000009536743,608,16,2353.53491210938,10.2127990722656
3308421954,"Mammillaria mystax","Oaxaca",90,"8","8","1985","IBUNAM","557014","Leonardo Ulises Guzm_n Cruz",-97.41819,17.69047,"Sierra Madre del Sur province","Mammillaria",15.0541667938232,153.111038208008,4.40000009536743,608,16,2353.53491210938,10.2127990722656
3308425100,"Opuntia pilifera","Oaxaca",100,"30","10","1987","IBUNAM","552997","_ngel Salvador Arias Montes",-96.650556,17.054167,"Balsas Basin province","Opuntia",21.2916660308838,155.867568969727,9.19999980926514,639,13,1553.67102050781,0.488800048828125
3308425110,"Opuntia decumbens","Oaxaca",100,"12","2","1979","IBUNAM","553295","_ngel Salvador Arias Montes",-95.126944,16.218333,"Pacific Lowlands province","Opuntia",27.8999996185303,112.754760742188,20,911,8,21.0693283081055,3.98793435096741
3308426617,"Opuntia pilifera","Oaxaca",100,"26","3","1987","IBUNAM","665714","A. Flores Mart_nez",-96.338611,16.596667,"Sierra Madre del Sur province","Opuntia",23.5708332061768,133.934494018555,13.1999998092651,802,10,1102.1884765625,10.9468383789062
3308442113,"Cephalocereus apicicephalium","Oaxaca",100,"6","11","1990","IBUNAM","608472","S. Gama L.",-96.231565,16.480214,"Sierra Madre del Sur province","Cephalocereus",21.1958332061768,109.242385864258,12.1999998092651,439,13,1669.31311035156,8.2471923828125
3308456712,"Acanthocereus tetragonus","Oaxaca",100,"10","9","1995","IBUNAM","750536","J. Reyes",-94.94722,16.64167,"Pacific Lowlands province","Acanthocereus",25.6625003814697,171.916000366211,18.3999996185303,1083,35,318.855865478516,15.8668899536133
3308459797,"Mammillaria karwinskiana","Oaxaca",NA,"22","8","1990","IBUNAM","650616","David Hunt",-96.55,17.883333,"Veracruzan province","Mammillaria",24.3208332061768,247.298675537109,15,2525,145,612.169799804688,7.75762939453125
3308464139,"Pachycereus weberi","Oaxaca",NA,"4","9","1992","IBUNAM","787537","_ngel Salvador Arias Montes",-96.839444,17.489528,"Balsas Basin province","Pachycereus",23.3083324432373,227.963653564453,11.5,932,40,1084.87072753906,5.78634643554688
3308464296,"Mammillaria dixanthocentron","Oaxaca",NA,"12","9","1991","IBUNAM","791385","U. Guzman",-97.067611,18.066028,"Balsas Basin province","Mammillaria",24.8958339691162,235.694885253906,12.1000003814697,852,36,875.332458496094,4.56610870361328
3308465207,"Mammillaria haageana","Oaxaca",90,"26","10","1990","IBUNAM","791362","U. Guzman",-97.73333,18.16667,"Balsas Basin province","Mammillaria",21.4958324432373,176.833984375,11.1000003814697,455,15,1765.39624023438,6.06657409667969
3308465887,"Coryphantha pallida","Oaxaca",NA,"30","7","1991","IBUNAM","768865","NO DISPONIBLE",-97.022583,17.412861,"Sierra Madre del Sur province","Coryphantha",20.8875007629395,193.591934204102,9.19999980926514,764,18,1546.4990234375,5.015625
3308466443,"Coryphantha pallida","Oaxaca",90,"20","7","1993","IBUNAM","768864","Leonardo Ulises Guzm_n Cruz",-97.43075,17.67267,"Sierra Madre del Sur province","Coryphantha",15.5375003814697,155.594543457031,4.69999980926514,598,17,2194.25830078125,7.20254516601562
3308470829,"Mammillaria flavicentra","Oaxaca",90,"29","7","1991","IBUNAM","791363","U. Guzman",-97.217,17.45,"Sierra Madre del Sur province","Mammillaria",17.529167175293,150.20378112793,6,608,9,2088.80737304688,1.50674438476562
3308470836,"Mammillaria polyedra","Oaxaca",90,"25","3","1994","IBUNAM","791590","Leonardo Ulises Guzm_n Cruz",-96.86667,17.71667,"Sierra Madre del Sur province","Mammillaria",20,204.172378540039,9.39999961853027,1385,63,1715.01306152344,9.89430236816406
3308475616,"Escontria chiotilla","Oaxaca",90,"5","9","1992","IBUNAM","787522","_ngel Salvador Arias Montes",-96.83333,17.48333,"Balsas Basin province","Escontria",22.8999996185303,223.474624633789,11.1000003814697,978,42,1091.96423339844,4.03549194335938
3308475728,"Ferocactus macrodiscus","Oaxaca",90,"22","10","1990","IBUNAM","790183","_ngel Salvador Arias Montes",-97.4465,17.6784,"Sierra Madre del Sur province","Ferocactus",16.3583335876465,160.960662841797,5.30000019073486,587,18,2191.24072265625,11.3028869628906
3308481955,"Mammillaria voburnensis","Oaxaca",100,"26","10","1995","IBUNAM","704095","U. Guzman",-95.01389,16.67306,"Pacific Lowlands province","Mammillaria",25.7541656494141,174.67448425293,18.6000003814697,1012,17,138.043075561523,7.40464305877686
3308484893,"Opuntia velutina","Oaxaca",NA,"13","5","1981","IBUNAM","835234","_ngel Salvador Arias Montes",-97.653861,18.211111,"Balsas Basin province","Opuntia",18.7583332061768,180.11149597168,8.60000038146973,545,15,1983.21618652344,8.4024658203125
3308496409,"Opuntia decumbens","Oaxaca",90,"25","3","1991","IBUNAM","832154","_ngel Salvador Arias Montes",-96.95,17.817,"Sierra Madre del Sur province","Opuntia",24.5,233.062622070312,12.5,1050,52,1042.25244140625,7.21925354003906
3308509504,"Coryphantha pallida","Oaxaca",90,"4","12","1992","IBUNAM","768862","NO DISPONIBLE",-97.391667,17.725,"Sierra Madre del Sur province","Coryphantha",16.0625,168.430221557617,5,567,19,2239.58911132812,2.9454345703125
3308509505,"Coryphantha pallida","Oaxaca",90,"5","6","1993","IBUNAM","768867","Balbina V_zquez B.",-97.48333,17.81667,"Sierra Madre del Sur province","Coryphantha",16.2541675567627,169.349807739258,5.09999990463257,569,16,2209.83471679688,6.04769897460938
3308514676,"Peniocereus fosterianus","Oaxaca",100,"18","7","1996","IBUNAM","743096","J. Reyes",-95.02778,16.68083,"Pacific Lowlands province","Peniocereus",25.5,173.152587890625,18.2999992370605,967,16,280.649932861328,15.1479911804199
3308517990,"Coryphantha retusa","Oaxaca",NA,"24","10","1990","IBUNAM","771944","NO DISPONIBLE",-97.221056,17.47375,"Sierra Madre del Sur province","Coryphantha",17.095832824707,148.330978393555,5.80000019073486,584,7,2089.45141601562,2.11309814453125
3308521251,"Epiphyllum hookeri","Oaxaca",100,"8","8","1997","IBUNAM","926508","E. A. P_rez G.",-94.98528,16.65389,"Pacific Lowlands province","Epiphyllum",25.7999992370605,171.954010009766,18.5,1011,22,137.03596496582,8.15548229217529
3308521799,"Aporocactus martianus","Oaxaca",100,"8","7","1997","IBUNAM","930170","Carlos G_mez Hinostrosa",-96.30111,16.30222,"Pacific Lowlands province","Aporocactus",19.4458332061768,116.900459289551,10.8999996185303,731,22,1882.40795898438,12.6493072509766
3308523554,"Mammillaria crucigera","Oaxaca",NA,"28","10","1991","IBUNAM","790177","U. Guzman",-97.073917,18.09575,"Balsas Basin province","Mammillaria",24.4791660308838,235.43440246582,11.1999998092651,886,44,1064.53649902344,22.2699127197266
3308523600,"Mammillaria albilanata","Oaxaca",NA,"7","12","1993","IBUNAM","791366","U. Guzman",-97.113333,17.791694,"Balsas Basin province","Mammillaria",20.533332824707,231.882934570312,8.89999961853027,827,32,1805.08837890625,10.5438995361328
3308523601,"Mammillaria haageana","Oaxaca",90,"4","4","1993","IBUNAM","791368","Leonardo Ulises Guzm_n Cruz",-97.32272,18.07442,"Sierra Madre del Sur province","Mammillaria",13.0583333969116,160.564819335938,4.30000019073486,673,19,2394.48071289062,10.2566223144531
3308525539,"Melocactus curvispinus","Oaxaca",100,"9","4","1998","IBUNAM","913328","NO DISPONIBLE",-95.01111,16.63556,"Pacific Lowlands province","Melocactus",26.2625007629395,168.470733642578,19.1000003814697,994,14,120.20677947998,5.64329814910889
3308527769,"Mammillaria haageana","Oaxaca",90,"21","10","1990","IBUNAM","791379","Leonardo Ulises Guzm_n Cruz",-97.55881,17.67122,"Sierra Madre del Sur province","Mammillaria",18.1333332061768,176.562301635742,6.09999990463257,607,17,2028.37609863281,7.28288269042969
3308527771,"Mammillaria kraehenbuehlii","Oaxaca",90,"3","4","1993","IBUNAM","791395","Leonardo Ulises Guzm_n Cruz",-97.34492,18.05725,"Sierra Madre del Sur province","Mammillaria",15.1125001907349,171.651397705078,5.59999990463257,617,20,2375.83032226562,13.9276123046875
3308528586,"Mammillaria albilanata","Oaxaca",NA,"13","12","1993","IBUNAM","791367","U. Guzman",-97.035,17.676028,"Sierra Madre del Sur province","Mammillaria",19.5041656494141,194.707916259766,9.39999961853027,743,26,1935.08386230469,6.31768798828125
3308528587,"Mammillaria flavicentra","Oaxaca",NA,"31","7","1991","IBUNAM","791386","U. Guzman",-96.893222,17.84625,"Sierra Madre del Sur province","Mammillaria",16.875,190.316711425781,8.19999980926514,908,29,2218.3623046875,6.35546875
3308530286,"Stenocereus pruinosus","Oaxaca",90,"12","12","1993","IBUNAM","837954","_ngel Salvador Arias Montes",-97.083,18.067,"Balsas Basin province","Stenocereus",25.091667175293,235.70817565918,12.3000001907349,828,35,856.457214355469,2.36653900146484
3308539272,"Opuntia depressa","Oaxaca",90,"29","11","1990","IBUNAM","832148","_ngel Salvador Arias Montes",-97.117,17.833,"Balsas Basin province","Opuntia",20.2000007629395,226.886016845703,8.89999961853027,806,31,1770.88781738281,9.78529357910156
3308544971,"Disocactus ackermannii","Oaxaca",90,"1","4","1998","IBUNAM","981484","Carlos G_mez Hinostrosa",-96.03333,17.3,"Sierra Madre del Sur province","Disocactus",18.1208324432373,174.283706665039,9.89999961853027,2916,198,1565.44567871094,8.57530212402344
3308547488,"Opuntia pubescens","Oaxaca",90,"29","5","1992","IBUNAM","835262","_ngel Salvador Arias Montes",-97,17.383,"Sierra Madre del Sur province","Opuntia",19.3916664123535,175.652450561523,8.60000038146973,721,18,1747.73815917969,8.28410339355469
3308556308,"Opuntia decumbens","Oaxaca",NA,"2","12","1993","IBUNAM","832158","_ngel Salvador Arias Montes",-97.021861,17.523917,"Balsas Basin province","Opuntia",21.4333324432373,212.788146972656,9.5,843,29,1405.61743164062,7.94819641113281
3308557438,"Mammillaria haageana","Oaxaca",90,"3","3","1997","IBUNAM","858296","_ngel Salvador Arias Montes",-97.95178,17.45153,"Sierra Madre del Sur province","Mammillaria",21.1625003814697,165.613555908203,9.19999980926514,712,19,1907.27941894531,8.029296875
3308569369,"Opuntia decumbens","Oaxaca",90,"19","4","2002","IBUNAM","1041031","_ngel Salvador Arias Montes",-96.95111,17.71417,"Balsas Basin province","Opuntia",25.0083332061768,233.372833251953,13.1999998092651,781,32,824.987365722656,6.63006591796875
3308570032,"Opuntia pubescens","Oaxaca",90,"24","5","2002","IBUNAM","1056618","_ngel Salvador Arias Montes",-96.94047,17.70969,"Balsas Basin province","Opuntia",25.1458339691162,243.650817871094,13.6999998092651,540,17,720.96728515625,5.483642578125
3308573395,"Opuntia velutina","Oaxaca",90,"6","8","2002","IBUNAM","1041562","_ngel Salvador Arias Montes",-96.95067,17.713,"Balsas Basin province","Opuntia",25.0083332061768,233.372833251953,13.1999998092651,781,32,867.970153808594,5.06364440917969
3308573714,"Opuntia velutina","Oaxaca",100,"14","5","1998","IBUNAM","1049776","E. Hunn",-96.29667,16.27,"Sierra Madre del Sur province","Opuntia",18.1916656494141,122.971405029297,10.1000003814697,917,29,2003.32580566406,7.75765991210938
3308574344,"Mammillaria karwinskiana","Oaxaca",100,"21","7","2001","IBUNAM","1026635","U. Guzman",-96.30778,16.67333,"Pacific Lowlands province","Mammillaria",24.0041656494141,138.423873901367,13.3000001907349,845,15,960.30322265625,10.5094604492188
3308574717,"Escontria chiotilla","Oaxaca",90,"15","4","2002","IBUNAM","1035573","_ngel Salvador Arias Montes",-96.93333,17.74917,"Balsas Basin province","Escontria",24.3833332061768,241.240493774414,12.6999998092651,790,36,756.185729980469,8.76097106933594
3308575652,"Opuntia decumbens","Oaxaca",100,"22","1","1999","IBUNAM","917578","Leonardo Ulises Guzm_n Cruz",-94.486944,16.201389,"Pacific Lowlands province","Opuntia",27.9750003814697,115.059288024902,19.2999992370605,1132,10,1.56040275096893,0.136964499950409
3308577024,"Mammillaria haageana","Oaxaca",90,"19","12","1995","IBUNAM","900926","_ngel Salvador Arias Montes",-97.95,17.43333,"Sierra Madre del Sur province","Mammillaria",19.6000003814697,156.843856811523,8.39999961853027,806,20,1996.50231933594,5.60612487792969
3308578436,"Disocactus ackermannii","Oaxaca",90,"16","5","2002","IBUNAM","1067481","Carlos G_mez Hinostrosa",-96.67639,17.73944,"Sierra Madre del Sur province","Disocactus",14.6958332061768,158.149215698242,7.19999980926514,1446,64,2349.91650390625,4.68820190429688
3308578493,"Mammillaria voburnensis","Oaxaca",100,"31","10","2002","IBUNAM","1068664","NO DISPONIBLE",-94.95681,16.602,"Pacific Lowlands province","Mammillaria",26.6124992370605,165.915176391602,19.2999992370605,1049,18,48.3654251098633,0.266558647155762
3308595325,"Opuntia dejecta","Oaxaca",100,"3","12","1999","IBUNAM","958013","_ngel Salvador Arias Montes",-95.58028,15.96333,"Pacific Lowlands province","Opuntia",27.654167175293,84.5162353515625,20.2999992370605,916,6,12.8595571517944,1.27335715293884
3308596054,"Mammillaria dixanthocentron","Oaxaca",NA,"25","1","2000","IBUNAM","975091","_ngel Salvador Arias Montes",-97.065972,18.085844,"Balsas Basin province","Mammillaria",24.3291664123535,236.628402709961,11.3000001907349,912,43,944.2080078125,5.66923522949219
3308596067,"Mammillaria solisioides","Oaxaca",90,"23","11","1999","IBUNAM","975314","_ngel Salvador Arias Montes",-97.8,17.933333,"Balsas Basin province","Mammillaria",20.6166667938232,185.390655517578,9.69999980926514,595,18,1721.70764160156,1.84725952148438
3308600399,"Mammillaria crucigera","Oaxaca",90,"11","4","2000","IBUNAM","1105847","U. Guzman",-97.033,17.95,"Balsas Basin province","Mammillaria",25.9375,242.103713989258,13.6999998092651,641,21,564.970947265625,1.57122802734375
3308607230,"Coryphantha pallida","Oaxaca",NA,"21","4","1990","IBUNAM","978079","Balbina V_zquez B.",-97.171361,17.360722,"Sierra Madre del Sur province","Coryphantha",16.6124992370605,136.050201416016,6.30000019073486,650,12,2263.37255859375,5.37139892578125
3308616283,"Opuntia decumbens","Oaxaca",100,NA,NA,NA,"IBUNAM","1026779","",-96.03861,16.60083,"Pacific Lowlands province","Opuntia",24.0833339691162,142.323791503906,13.3000001907349,637,9,738.024536132812,1.02092742919922
3308616749,"Opuntia huajuapensis","Oaxaca",NA,"20","5","2000","IBUNAM","990434","_ngel Salvador Arias Montes",-97.450611,17.616111,"Sierra Madre del Sur province","Opuntia",15.0375003814697,145.900436401367,4.30000019073486,648,19,2282.44848632812,5.85968017578125
3308618081,"Pereskia lychnidiflora","Oaxaca",100,"8","10","2004","IBUNAM","1186064","_ngel Salvador Arias Montes",-96.16892,15.74086,"Pacific Lowlands province","Pereskia",27.029167175293,97.7347717285156,20,1143,15,57.2519493103027,2.70667934417725
3308619173,"Opuntia lasiacantha","Oaxaca",90,"15","4","2003","IBUNAM","1175407","NO DISPONIBLE",-96.44222,17.30032,"Balsas Basin province","Opuntia",15.9624996185303,165.956253051758,7.19999980926514,1244,49,2069.06494140625,6.83917236328125
3308621627,"Disocactus ackermannii","Oaxaca",90,"17","12","2004","IBUNAM","1180144","Cutberto _ngel Cruz Espinosa",-96.9252,17.91097,"Sierra Madre del Sur province","Disocactus",22.033332824707,224.39143371582,10.8999996185303,1564,76,1689.26171875,10.4001922607422
3308621628,"Mammillaria albilanata","Oaxaca",90,"29","10","2004","IBUNAM","1180151","U. Guzman",-96.95139,17.53406,"Sierra Madre del Sur province","Mammillaria",17.3208332061768,185.784042358398,7.40000009536743,689,20,2027.73999023438,5.40185546875
3308621957,"Opuntia pubescens","Oaxaca",100,"4","6","1997","IBUNAM","1188014","Carlos G_mez Hinostrosa",-96.28556,16.30056,"Sierra Madre del Sur province","Opuntia",18.7374992370605,115.99617767334,10.5,881,23,2266.0185546875,11.0843811035156
3308622888,"Pereskiopsis diguetii","Oaxaca",100,"1","5","1994","IBUNAM","1047320","_ngel Salvador Arias Montes",-95.38333,16.33333,"Pacific Lowlands province","Pereskiopsis",26.5,128.080230712891,18.2999992370605,688,4,177.406585693359,0.978891372680664
3308626149,"Pereskiopsis kellermanii","Oaxaca",100,"18","5","1995","IBUNAM","1047314","_ngel Salvador Arias Montes",-95.82361,16.34611,"Pacific Lowlands province","Pereskiopsis",24.7124996185303,116.094108581543,15.3000001907349,632,7,713.571594238281,5.68917083740234
3308627239,"Mammillaria voburnensis","Oaxaca",100,"21","7","2001","IBUNAM","1026752","Carlos G_mez Hinostrosa",-95.85278,16.44417,"Pacific Lowlands province","Mammillaria",24.2541656494141,107.162940979004,14.5,642,9,831.609375,5.50936126708984
3308628281,"Mammillaria mystax","Oaxaca",90,"9","8","2006","IBUNAM","1215521","_ngel Salvador Arias Montes",-97.6838,18.17803,"Balsas Basin province","Mammillaria",20.6708335876465,180.874877929688,10.5,490,14,1736.14855957031,4.27690124511719
3308630116,"Mammillaria flavicentra","Oaxaca",90,"29","4","2007","IBUNAM","1212896","U. Guzman",-97.46611,17.46419,"Sierra Madre del Sur province","Mammillaria",13.841667175293,140.499649047852,4,742,16,2570.93676757812,3.00534057617188
3308630236,"Escontria chiotilla","Oaxaca",90,"9","8","2006","IBUNAM","1215593","_ngel Salvador Arias Montes",-97.65243,18.21153,"Balsas Basin province","Escontria",18.7583332061768,180.11149597168,8.60000038146973,545,15,1974.24694824219,8.53634643554688
3308630337,"Mammillaria supertexta","Oaxaca",90,"14","12","2000","IBUNAM","1026944","_ngel Salvador Arias Montes",-96.97861,17.85583,"Balsas Basin province","Mammillaria",25.341667175293,242.204208374023,13.5,669,23,708.762634277344,11.8250427246094
3308632660,"Opuntia karwinskiana","Oaxaca",100,"24","3","2006","IBUNAM","1189361","",-98.217,16.346,"Pacific Lowlands province","Opuntia",27.0666675567627,104.60604095459,17.8999996185303,1357,8,54.305492401123,2.10407638549805
3308634250,"Peniocereus oaxacensis","Oaxaca",100,"19","4","2000","IBUNAM","1084975","Carlos G_mez Hinostrosa",-95.90861,15.86389,"Pacific Lowlands province","Peniocereus",27.2250003814697,85.4799194335938,19.8999996185303,1105,13,92.9033660888672,4.01925182342529
3308634449,"Ferocactus recurvus","Oaxaca",NA,"1","11","2001","IBUNAM","1034225","_ngel Salvador Arias Montes",-97.550917,18.032306,"Sierra Madre del Sur province","Ferocactus",14.9583330154419,160.663864135742,5.30000019073486,591,15,2433.27319335938,11.5025329589844
3308634843,"Mammillaria sphacelata","Oaxaca",90,"26","5","2002","IBUNAM","1043838","Leonardo Ulises Guzm_n Cruz",-96.965,17.70511,"Balsas Basin province","Mammillaria",24.8916664123535,234.3349609375,13,761,31,872.602783203125,13.942626953125
3308635045,"Mammillaria sphacelata","Oaxaca",90,"27","3","1994","IBUNAM","1048995","Leonardo Ulises Guzm_n Cruz",-97.33717,18.09725,"Sierra Madre del Sur province","Mammillaria",19.8333339691162,226.979507446289,8.80000019073486,594,22,1727.75463867188,5.84977722167969
3308639077,"Opuntia decumbens","Oaxaca",90,"8","6","2006","IBUNAM","1221898","_ngel Salvador Arias Montes",-96.95081,17.90964,"Sierra Madre del Sur province","Opuntia",24.2291660308838,237.768585205078,12.1000003814697,1235,63,937.428344726562,12.9470672607422
3308639502,"Opuntia tomentosa","Oaxaca",90,"31","3","2006","IBUNAM","1221893","_ngel Salvador Arias Montes",-96.9334,17.91689,"Sierra Madre del Sur province","Opuntia",23.5083332061768,234.509490966797,11.6000003814697,1536,84,1447.48266601562,6.82032775878906
3308642302,"Disocactus speciosus","Oaxaca",NA,"30","3","1992","IBUNAM","1204289","_ngel Salvador Arias Montes",-97.497694,17.832806,"Sierra Madre del Sur province","Disocactus",15.4250001907349,155.453872680664,4.69999980926514,621,22,2292.54467773438,5.51776123046875
3308642303,"Mammillaria flavicentra","Oaxaca",90,"29","7","1991","IBUNAM","1204293","U. Guzman",-97.217,17.483,"Sierra Madre del Sur province","Mammillaria",16.9750003814697,147.948089599609,5.80000019073486,587,10,2142.39086914062,4.29953002929688
3308650167,"Aporocactus martianus","Oaxaca",90,"25","6","1996","IBUNAM","1260619","_ngel Salvador Arias Montes",-96.53833,17.42667,"Balsas Basin province","Aporocactus",17.0541667938232,166.698684692383,8.10000038146973,1411,62,1968.20495605469,7.3072509765625
3308652165,"Aporocactus martianus","Oaxaca",90,"1","6","1996","IBUNAM","1264285","_ngel Salvador Arias Montes",-96.93861,17.46667,"Sierra Madre del Sur province","Aporocactus",16.154167175293,160.997711181641,7.09999990463257,648,15,2191.06518554688,3.38531494140625
3308652189,"Ferocactus macrodiscus","Oaxaca",90,"19","6","2007","IBUNAM","1265085","_ngel Salvador Arias Montes",-97.16812,17.21308,"Sierra Madre del Sur province","Ferocactus",20.1875,160.724578857422,8.60000038146973,773,18,1707.63513183594,4.58656311035156
3308652190,"Ferocactus macrodiscus","Oaxaca",90,"5","10","2006","IBUNAM","1265086","_ngel Salvador Arias Montes",-97.31047,17.26035,"Sierra Madre del Sur province","Ferocactus",17.6208343505859,142.40559387207,7.19999980926514,735,18,1981.14904785156,7.45217895507812
3308652213,"Mammillaria haageana","Oaxaca",90,"20","6","2007","IBUNAM","1265753","_ngel Salvador Arias Montes",-97.304583,17.182383,"Sierra Madre del Sur province","Mammillaria",16.2041664123535,122.964492797852,7,773,16,2320.87182617188,1.19781494140625
3308652709,"Epiphyllum anguliger","Oaxaca",100,"6","6","2005","IBUNAM","1237546","_ngel Salvador Arias Montes",-96.11014,16.01089,"Sierra Madre del Sur province","Epiphyllum",21.4791660308838,50.7873764038086,15,1365,40,1347.73913574219,12.8229827880859
3308653740,"Mammillaria dixanthocentron","Oaxaca",NA,"26","5","2002","IBUNAM","1127149","U. Guzman",-96.965,17.705111,"Balsas Basin province","Mammillaria",24.8916664123535,234.3349609375,13,761,31,872.602783203125,13.942626953125
3308655683,"Pilosocereus collinsii","Oaxaca",100,"8","7","2007","IBUNAM","1274038","_ngel Salvador Arias Montes",-95.01339,16.61131,"Pacific Lowlands province","Pilosocereus",26.6749992370605,163.157760620117,19.3999996185303,1007,12,65.4226303100586,0.555360794067383
3308655894,"Opuntia pilifera","Oaxaca",NA,"4","10","2006","IBUNAM","1278511","_ngel Salvador Arias Montes",-97.054167,17.4805,"Balsas Basin province","Opuntia",20.904167175293,199.982482910156,9.19999980926514,781,21,1594.13757324219,15.8498229980469
3308655926,"Disocactus speciosus","Oaxaca",100,"15","8","2006","IBUNAM","1279280","Carlos G_mez Hinostrosa",-97.21936,16.72867,"Sierra Madre del Sur province","Disocactus",14.2666664123535,118.6923828125,6.69999980926514,971,27,2641.19262695312,3.19268798828125
3308655960,"Mammillaria flavicentra","Oaxaca",90,"15","7","2010","IBUNAM","1280140","_ngel Salvador Arias Montes",-97.16823,17.46575,"Sierra Madre del Sur province","Mammillaria",16.1291675567627,138.915588378906,5.59999990463257,586,9,2320.34130859375,4.54351806640625
3308656086,"Mammillaria flavicentra","Oaxaca",90,"10","3","2007","IBUNAM","1283285","U. Guzman",-97.05032,17.484611,"Balsas Basin province","Mammillaria",21.1458339691162,203.061309814453,9.30000019073486,787,22,1448.53552246094,12.7504119873047
3308656600,"Coryphantha pallida","Oaxaca",90,"29","9","2002","IBUNAM","1117798","NO DISPONIBLE",-96.95639,17.68306,"Balsas Basin province","Coryphantha",24.6708335876465,231.324813842773,12.8000001907349,845,37,1055.03979492188,3.50762939453125
3308657010,"Opuntia pilifera","Oaxaca",90,"26","5","2002","IBUNAM","1127267","Cutberto _ngel Cruz Espinosa",-96.92181,17.717,"Balsas Basin province","Opuntia",24.6916675567627,244.120239257812,13.3000001907349,591,21,728.02294921875,8.30498504638672
3308657949,"Ferocactus macrodiscus","Oaxaca",90,"21","6","2007","IBUNAM","1266789","_ngel Salvador Arias Montes",-97.22307,17.16078,"Sierra Madre del Sur province","Ferocactus",17.7708339691162,134.510208129883,8.19999980926514,743,17,2094.22436523438,3.898681640625
3308658202,"Acanthocereus tetragonus","Oaxaca",90,"19","6","2007","IBUNAM","1273179","_ngel Salvador Arias Montes",-97.0307,17.515,"Balsas Basin province","Acanthocereus",21.7583332061768,210.581817626953,9.69999980926514,828,27,1414.39953613281,14.0406494140625
3308659601,"Stenocereus pruinosus","Oaxaca",NA,"19","2","1993","IBUNAM","1272739","_ngel Salvador Arias Montes",-96.980056,17.902917,"Balsas Basin province","Stenocereus",25.470832824707,249.540130615234,13.6000003814697,613,19,565.347045898438,8.29757690429688
3308659921,"Mammillaria dixanthocentron","Oaxaca",90,"14","7","1995","IBUNAM","1280099","_ngel Salvador Arias Montes",-97.02361,17.95556,"Balsas Basin province","Mammillaria",25.716667175293,240.863327026367,13.6000003814697,697,25,602.152465820312,1.46128082275391
3308660141,"Coryphantha pallida","Oaxaca",NA,"15","9","2007","IBUNAM","1285867","D. Aquino",-97.217472,17.4905,"Sierra Madre del Sur province","Coryphantha",16.6375007629395,146.320388793945,5.59999990463257,576,9,2207.1572265625,4.97616577148438
3308661752,"Peniocereus fosterianus","Oaxaca",100,"30","7","2006","IBUNAM","1279346","Carlos G_mez Hinostrosa",-96.21606,15.77303,"Pacific Lowlands province","Peniocereus",27.0458335876465,96.6121368408203,19.7999992370605,1211,17,114.887313842773,5.74714183807373
3308661788,"Opuntia pubescens","Oaxaca",90,"26","10","1990","IBUNAM","1280080","_ngel Salvador Arias Montes",-97.74167,18.17833,"Balsas Basin province","Opuntia",21.7749996185303,180.699432373047,11.1999998092651,429,15,1579.02258300781,8.38856506347656
3308661791,"Opuntia huajuapensis","Oaxaca",90,"16","7","2010","IBUNAM","1280145","_ngel Salvador Arias Montes",-97.13602,17.65175,"Sierra Madre del Sur province","Opuntia",16.6041660308838,183.828704833984,6,532,16,1967.83581542969,1.01014709472656
3308662066,"Coryphantha pallida","Oaxaca",90,"2","10","2006","IBUNAM","1286788","D. Aquino",-97.2012,17.47719,"Sierra Madre del Sur province","Coryphantha",16.2625007629395,142.096710205078,5.5,578,10,2243.93969726562,6.48721313476562
3308662376,"Mammillaria karwinskiana","Oaxaca",100,"11","3","2006","IBUNAM","1252893","_ngel Salvador Arias Montes",-96.64853,16.85522,"Balsas Basin province","Mammillaria",20.4416675567627,125.042434692383,9.5,628,10,1672.60852050781,10.2840576171875
3308662894,"Mammillaria flavicentra","Oaxaca",90,"10","3","2007","IBUNAM","1265751","U. Guzman",-97.06133,17.46786,"Sierra Madre del Sur province","Mammillaria",19.8041667938232,189.70622253418,8.5,738,18,1815.58044433594,11.0065765380859
3308662895,"Opuntia huajuapensis","Oaxaca",90,"19","6","2007","IBUNAM","1265752","_ngel Salvador Arias Montes",-97.18534,17.25942,"Sierra Madre del Sur province","Opuntia",18.5625,141.503707885742,7.69999980926514,702,16,1968.55981445312,6.44699096679688
3308663194,"Mammillaria flavicentra","Oaxaca",NA,"6","8","1989","IBUNAM","1272987","U. Guzman",-96.950833,17.34,"Sierra Madre del Sur province","Mammillaria",18.8583335876465,161.130020141602,8.30000019073486,712,19,1917.70910644531,7.54209899902344
3308663211,"Pachycereus weberi","Oaxaca",90,"23","6","2009","IBUNAM","1273377","",-96.95361,17.92333,"Balsas Basin province","Pachycereus",24.1625003814697,234.628555297852,11.8999996185303,1361,73,1234.70227050781,6.70480346679688
3308664427,"Opuntia depressa","Oaxaca",90,"25","5","2002","IBUNAM","1117800","_ngel Salvador Arias Montes",-96.95722,17.69644,"Balsas Basin province","Opuntia",24.8374996185303,232.605072021484,13,812,35,948.29833984375,2.81423187255859
3308665617,"Peniocereus oaxacensis","Oaxaca",100,"27","6","2009","IBUNAM","1297428","Carlos G_mez Hinostrosa",-95.71717,15.98103,"Pacific Lowlands province","Peniocereus",27.6666660308838,75.8087844848633,20.1000003814697,956,11,73.4558563232422,0.458538055419922
3308666423,"Disocactus speciosus","Oaxaca",100,"4","4","2006","IBUNAM","1278600","Carlos G_mez Hinostrosa",-97.62353,16.91486,"Sierra Madre del Sur province","Disocactus",16.1000003814697,129.404220581055,6.40000009536743,1086,29,2345.93969726562,4.56903076171875
3308667739,"Mammillaria huitzilopochtli","Oaxaca",NA,"25","3","2004","IBUNAM","1148085","_ngel Salvador Arias Montes",-96.950556,17.788028,"Balsas Basin province","Mammillaria",25.1291656494141,246.3779296875,13.5,579,19,648.295043945312,6.31375885009766
3308667740,"Mammillaria dixanthocentron","Oaxaca",NA,"9","10","2002","IBUNAM","1148088","_ngel Salvador Arias Montes",-97.054167,18.018556,"Balsas Basin province","Mammillaria",25.1000003814697,236.479873657227,12.6999998092651,830,31,718.701721191406,4.00091552734375
3308669767,"Mammillaria zephyranthoides","Oaxaca",NA,"29","7","1991","IBUNAM","1301497","_ngel Salvador Arias Montes",-97.21944,17.45833,"Sierra Madre del Sur province","Mammillaria",17.4624996185303,151.913925170898,5.90000009536743,604,8,2101.63256835938,0.681976318359375
3308670154,"Mammillaria karwinskiana","Oaxaca",100,"16","3","2009","IBUNAM","1311628","Carlos G_mez Hinostrosa",-95.89594,16.65608,"Pacific Lowlands province","Mammillaria",23.8708324432373,133.798645019531,13.3999996185303,779,18,789.336791992188,8.7342529296875
3308672465,"Opuntia tomentosa","Oaxaca",90,"19","6","2007","IBUNAM","1279120","D. Aquino",-97.18363,17.20273,"Sierra Madre del Sur province","Opuntia",19.0625,148.570846557617,8.30000019073486,738,16,1759.01965332031,8.84022521972656
3308672509,"Opuntia tomentosa","Oaxaca",90,"17","7","2010","IBUNAM","1280110","_ngel Salvador Arias Montes",-97.05168,17.54156,"Sierra Madre del Sur province","Opuntia",15.8000001907349,146.302932739258,7.09999990463257,569,9,2322.80346679688,10.315673828125
3308672742,"Coryphantha pallida","Oaxaca",90,"5","10","2006","IBUNAM","1285873","NO DISPONIBLE",-97.3275,17.41747,"Sierra Madre del Sur province","Coryphantha",16.2333335876465,154.850860595703,5.30000019073486,658,16,2159.75830078125,3.63412475585938
3308672744,"Coryphantha pallida","Oaxaca",90,"4","10","2006","IBUNAM","1285875","D. Aquino",-97.06133,17.46744,"Sierra Madre del Sur province","Coryphantha",19.8041667938232,189.70622253418,8.5,738,18,1834.67370605469,8.77963256835938
3308672856,"Mammillaria polyedra","Oaxaca",90,"2","10","2006","IBUNAM","1288325","_ngel Salvador Arias Montes",-97.05026,17.5527,"Sierra Madre del Sur province","Mammillaria",16.2999992370605,156.930786132812,7.19999980926514,542,10,2322.255859375,9.79330444335938
3308672947,"Opuntia pilifera","Oaxaca",90,"11","11","2009","IBUNAM","1290489","L. Scheinvar",-97.33864,18.01936,"Sierra Madre del Sur province","Opuntia",16.033332824707,189.080718994141,5.80000019073486,571,16,2094.93115234375,12.581298828125
3308673879,"Coryphantha elephantidens","Oaxaca",100,"10","8","1998","IBUNAM","1179773","E. Hunn",-96.30167,16.29333,"Pacific Lowlands province","Coryphantha",19.2708339691162,119.153427124023,10.8000001907349,751,23,1903.6064453125,6.71676635742188
3308674182,"Opuntia auberi","Oaxaca",100,"31","3","2005","IBUNAM","1186057","L. Scheinvar",-96.15917,15.73347,"Pacific Lowlands province","Opuntia",27.0083332061768,97.7667465209961,20,1159,15,5.16018295288086,3.93725323677063
3308674550,"Opuntia karwinskiana","Oaxaca",100,"18","2","2001","IBUNAM","1320948","E. A. P_rez G.",-94.99778,16.67694,"Pacific Lowlands province","Opuntia",25.5083332061768,174.340774536133,18.2000007629395,1026,25,191.264282226562,3.37018585205078
3308674729,"Opuntia dejecta","Oaxaca",100,"20","12","2001","IBUNAM","1325598","_ngel Salvador Arias Montes",-94.61111,16.38722,"Pacific Lowlands province","Opuntia",27.7333335876465,136.120468139648,19,1013,10,12.6174240112305,0.427299857139587
3308674770,"Stenocereus pruinosus","Oaxaca",90,"1","4","1992","IBUNAM","1326621","_ngel Salvador Arias Montes",-97.06761,18.06603,"Balsas Basin province","Stenocereus",24.8958339691162,235.694885253906,12.1000003814697,852,36,875.332458496094,4.56610870361328
3308674804,"Opuntia decumbens","Oaxaca",100,"9","8","2002","IBUNAM","1327295","C. Gom_z",-94.97889,16.74297,"Pacific Lowlands province","Opuntia",25.4416656494141,179.416122436523,17.7000007629395,1267,56,301.838897705078,16.9806671142578
3308675016,"Acanthocereus tetragonus","Oaxaca",100,"14","9","2002","IBUNAM","1332765","_ngel Salvador Arias Montes",-94.96508,16.62031,"Pacific Lowlands province","Acanthocereus",25.9166660308838,157.383926391602,18.6000003814697,957,22,243.363342285156,12.060359954834
3308677863,"Opuntia pubescens","Oaxaca",90,"22","5","2003","IBUNAM","1153000","Carlos G_mez Hinostrosa",-97.67181,17.61619,"Sierra Madre del Sur province","Opuntia",20.5874996185303,171.240463256836,8.80000019073486,645,17,1652.99096679688,5.54006958007812
3308678547,"Peniocereus fosterianus","Oaxaca",100,"15","8","1988","IBUNAM","1165852","Carlos G_mez Hinostrosa",-96.083,15.817,"Pacific Lowlands province","Peniocereus",27.0874996185303,83.7779769897461,20.1000003814697,1265,17,130.55778503418,4.82656669616699
3308679767,"Opuntia pubescens","Oaxaca",100,"12","5","2009","IBUNAM","1327293","C. Gom_z",-96.04453,16.50478,"Pacific Lowlands province","Opuntia",24.0625,126.565216064453,13.8000001907349,601,6,761.789367675781,1.65202331542969
3308680690,"Opuntia decumbens","Oaxaca",100,"14","6","2009","IBUNAM","1327297","Carlos G_mez Hinostrosa",-95.98236,16.58661,"Pacific Lowlands province","Opuntia",24.5,138.449188232422,13.6000003814697,596,7,699.564086914062,5.21640014648438
3308681998,"Mammillaria polyedra","Oaxaca",90,"6","4","2003","IBUNAM","1175405","D. Aquino",-96.45886,17.30289,"Balsas Basin province","Mammillaria",17.9958324432373,182.662857055664,8,1371,66,1833.09655761719,5.68675231933594
3308684716,"Opuntia tehuantepecana","Oaxaca",100,"1","10","2010","IBUNAM","1349601","C. Gom_z",-95.71325,15.97447,"Pacific Lowlands province","Opuntia",27.8250007629395,74.6050186157227,20.2000007629395,962,11,56.5732841491699,0.487264633178711
3308686262,"Disocactus ackermannii","Oaxaca",90,"19","2","2005","IBUNAM","1186140","_ngel Salvador Arias Montes",-96.92778,17.90833,"Sierra Madre del Sur province","Disocactus",21.3166656494141,217.520446777344,10.6999998092651,1494,63,1647.01391601562,11.9670867919922
3308686390,"Stenocereus treleasei","Oaxaca",90,"11","8","2011","IBUNAM","1328888","_ngel Salvador Arias Montes",-97.02092,17.41931,"Sierra Madre del Sur province","Stenocereus",21.1916675567627,198.114227294922,9.39999961853027,775,18,1492.93969726562,4.15858459472656
3308688079,"Peniocereus oaxacensis","Oaxaca",100,"17","6","2002","IBUNAM","1361720","Carlos G_mez Hinostrosa",-95.32556,16.365,"Pacific Lowlands province","Peniocereus",27.2124996185303,122.551040649414,19,788,4,89.1056213378906,1.43295383453369
3308689430,"Peniocereus oaxacensis","Oaxaca",100,"8","9","2004","IBUNAM","1186063","_ngel Salvador Arias Montes",-96.14911,15.75389,"Pacific Lowlands province","Peniocereus",27.0208339691162,94.591438293457,20.1000003814697,1197,16,69.894905090332,3.28898334503174
3308691473,"Opuntia auberi","Oaxaca",100,"11","1","2005","IBUNAM","1186000","L. Scheinvar",-96.19044,15.76522,"Pacific Lowlands province","Opuntia",27.0166664123535,96.6797332763672,19.8999996185303,1204,17,95.0461044311523,4.1063289642334
3308691475,"Opuntia auberi","Oaxaca",100,"3","6","2005","IBUNAM","1186055","L. Scheinvar",-96.24278,15.73133,"Pacific Lowlands province","Opuntia",27.0249996185303,97.6193923950195,19.7999992370605,1104,17,47.2523994445801,6.20948028564453
3308691476,"Opuntia auberi","Oaxaca",100,"30","11","2004","IBUNAM","1186061","L. Scheinvar",-96.16631,15.75503,"Pacific Lowlands province","Opuntia",27.0416660308838,96.6444549560547,20,1170,15,35.6169395446777,1.45318174362183
3308695085,"Mammillaria haageana","Oaxaca",100,"7","1","2011","IBUNAM","1385153","Carlos G_mez Hinostrosa",-96.9162,17.03131,"Sierra Madre del Sur province","Mammillaria",16.9375,136.833099365234,8.10000038146973,734,20,2230.40283203125,10.9479064941406
3308695685,"Stenocereus pruinosus","Oaxaca",100,"2","4","2009","IBUNAM","1359486","Carlos G_mez Hinostrosa",-95.57653,15.95589,"Pacific Lowlands province","Stenocereus",27.6791667938232,84.4085998535156,20.2999992370605,918,5,3.58764696121216,1.93606233596802
3308695696,"Mammillaria haageana","Oaxaca",100,"9","5","2006","IBUNAM","1359734","Carlos G_mez Hinostrosa",-97.58125,16.90128,"Sierra Madre del Sur province","Mammillaria",15.9791669845581,127.733001708984,6.59999990463257,1075,28,2226.416015625,10.8529357910156
3308699669,"Pilosocereus chrysacanthus","Oaxaca",90,"9","8","2006","IBUNAM","1215522","_ngel Salvador Arias Montes",-97.68238,18.17927,"Balsas Basin province","Pilosocereus",20.7666664123535,184.086608886719,10.3999996185303,482,14,1732.83776855469,2.70478820800781
3308700085,"Aporocactus martianus","Oaxaca",90,"9","3","2001","IBUNAM","1225201","J. Reyes",-96.42583,17.22778,"Sierra Madre del Sur province","Aporocactus",15.3666667938232,164.252212524414,7,1056,42,2004.52478027344,7.29695129394531
3308704182,"Opuntia tomentosa","Oaxaca",90,"24","7","1989","IBUNAM","1256869","D. Aquino",-97.86667,17.31667,"Sierra Madre del Sur province","Opuntia",17.8166656494141,141.072738647461,7.09999990463257,894,26,2091.30737304688,5.28933715820312
3308705290,"Acanthocereus tetragonus","Oaxaca",100,"3","9","2014","IBUNAM","1429109","Carlos G_mez Hinostrosa",-94.9517,16.615,"Pacific Lowlands province","Acanthocereus",26.1208324432373,161.237533569336,18.7999992370605,980,21,212.771408081055,13.0694332122803
3308706480,"Stenocereus pruinosus","Oaxaca",100,"3","3","2002","IBUNAM","1215270","J. Reyes",-95.83742,15.86819,"Pacific Lowlands province","Stenocereus",27.6749992370605,88.3304977416992,20.2000007629395,1043,8,23.0227489471436,6.57683753967285
3308707798,"Cephalocereus apicicephalium","Oaxaca",100,"16","3","2012","IBUNAM","1404304","_ngel Salvador Arias Montes",-96.127313,16.676255,"Pacific Lowlands province","Cephalocereus",23.2374992370605,111.276168823242,13.6000003814697,832,18,1237.40368652344,9.73249816894531
3308712475,"Ferocactus macrodiscus","Oaxaca",90,"2","10","2006","IBUNAM","1265091","_ngel Salvador Arias Montes",-97.1638,17.5237,"Sierra Madre del Sur province","Ferocactus",14.6041669845581,143.913772583008,4.90000009536743,603,9,2420.75048828125,3.39431762695312
3308712488,"Mammillaria flavicentra","Oaxaca",90,"2","10","2006","IBUNAM","1265533","U. Guzman",-97.2013,17.46772,"Sierra Madre del Sur province","Mammillaria",16.3708324432373,140.477401733398,5.59999990463257,582,10,2191.37280273438,3.48944091796875
3308712507,"Aporocactus martianus","Oaxaca",90,"25","6","1996","IBUNAM","1265919","_ngel Salvador Arias Montes",-96.48472,17.325,"Balsas Basin province","Aporocactus",17.8374996185303,174.201110839844,8.10000038146973,1413,64,1947.4794921875,2.90144348144531
3308712575,"Pilosocereus chrysacanthus","Oaxaca",90,"4","12","1992","IBUNAM","1267629","_ngel Salvador Arias Montes",-97.6836,18.1725,"Balsas Basin province","Pilosocereus",20.5666675567627,178.673568725586,10.5,498,14,1743.31811523438,2.06793212890625
3308712729,"Opuntia depressa","Oaxaca",NA,"18","12","2000","IBUNAM","1271460","_ngel Salvador Arias Montes",-96.841667,17.836389,"Sierra Madre del Sur province","Opuntia",15.5874996185303,197.10546875,6.80000019073486,1013,32,2056.39501953125,8.45217895507812
3308712895,"Mammillaria carnea","Oaxaca",NA,"7","3","2007","IBUNAM","1276190","_ngel Salvador Arias Montes",-97.064944,17.376278,"Sierra Madre del Sur province","Mammillaria",20.1083335876465,177.082824707031,8.60000038146973,715,16,1694.70166015625,2.22120666503906
3308713061,"Coryphantha pallida","Oaxaca",NA,"30","12","2005","IBUNAM","1280144","D. Aquino",-97.217483,17.319028,"Sierra Madre del Sur province","Coryphantha",18.3875007629395,138.877410888672,7.19999980926514,679,12,1996.29943847656,5.45433044433594
3308713102,"Acanthocereus tetragonus","Oaxaca",100,"23","7","2004","IBUNAM","1281534","",-94.98639,16.6625,"Pacific Lowlands province","Acanthocereus",25.5416660308838,165.293563842773,18.1000003814697,987,28,205.376312255859,12.8355464935303
3308713279,"Coryphantha pallida","Oaxaca",90,"4","10","2006","IBUNAM","1285859","D. Aquino",-97.03527,17.43858,"Sierra Madre del Sur province","Coryphantha",18.9958343505859,171.218338012695,8.60000038146973,677,16,1973.92236328125,9.41348266601562
3308713280,"Coryphantha pallida","Oaxaca",90,"2","10","2006","IBUNAM","1285860","NO DISPONIBLE",-97.05275,17.58317,"Sierra Madre del Sur province","Coryphantha",16.5416660308838,171.183502197266,7,552,13,2084.625,4.14877319335938
3308713466,"Disocactus ackermannii","Oaxaca",90,"31","3","1994","IBUNAM","1234324","Carlos G_mez Hinostrosa",-96.55667,17.665,"Sierra Madre del Sur province","Disocactus",13.4958333969116,150.339874267578,6.40000009536743,1492,73,2485.90112304688,4.45599365234375
3308716341,"Rhipsalis baccifera","Oaxaca",90,"17","12","2004","IBUNAM","1236292","_ngel Salvador Arias Montes",-96.93944,17.91583,"Sierra Madre del Sur province","Rhipsalis",23.0666675567627,229.270919799805,11.3999996185303,1536,81,1484.01086425781,9.85661315917969
3308717257,"Disocactus macranthus","Oaxaca",100,"27","7","1986","IBUNAM","1257720","Carlos G_mez Hinostrosa",-94.267,16.667,"Chiapas Highlands province","Disocactus",20.6166667938232,116.43049621582,12.6999998092651,853,36,1323.90478515625,21.2832336425781
3308719044,"Mammillaria polyedra","Oaxaca",90,"14","3","2007","IBUNAM","1252891","U. Guzman",-96.92717,17.61147,"Balsas Basin province","Mammillaria",23.875,227.09130859375,12,939,38,1113.08679199219,11.1977081298828
3308719339,"Neobuxbaumia scoparia","Oaxaca",100,"4","9","2014","IBUNAM","1429110","Carlos G_mez Hinostrosa",-94.9144,16.59944,"Pacific Lowlands province","Neobuxbaumia",25.904167175293,158.894714355469,18.7000007629395,985,21,271.977844238281,12.4665718078613
3308720783,"Opuntia depressa","Oaxaca",100,"20","6","2007","IBUNAM","1267120","_ngel Salvador Arias Montes",-97.30295,17.065133,"Sierra Madre del Sur province","Opuntia",22.7041664123535,156.691024780273,10.8999996185303,1124,18,1336.02734375,7.39192199707031
3308724815,"Ferocactus macrodiscus","Oaxaca",90,"20","6","2007","IBUNAM","1265084","_ngel Salvador Arias Montes",-97.2993,17.25259,"Sierra Madre del Sur province","Ferocactus",17.3500003814697,140.809371948242,7.09999990463257,733,19,2095.69995117188,12.0199279785156
3308724844,"Mammillaria dixanthocentron","Oaxaca",90,"10","3","2007","IBUNAM","1265789","_ngel Salvador Arias Montes",-97.0568,17.4713,"Sierra Madre del Sur province","Mammillaria",20.0874996185303,189.90576171875,8.80000019073486,748,19,1780.33190917969,5.23707580566406
3308724900,"Ferocactus recurvus","Oaxaca",90,"21","6","2007","IBUNAM","1267231","_ngel Salvador Arias Montes",-97.17611,17.21331,"Sierra Madre del Sur province","Ferocactus",19.8208332061768,156.080657958984,8.5,757,16,1794.19128417969,7.39002990722656
3308727089,"Mammillaria flavicentra","Oaxaca",NA,"19","6","2007","IBUNAM","1278509","U. Guzman",-97.172278,17.173639,"Sierra Madre del Sur province","Mammillaria",18.2625007629395,150.123062133789,8.10000038146973,737,17,1987.46472167969,7.32832336425781
3308727096,"Epiphyllum anguliger","Oaxaca",100,"4","5","2006","IBUNAM","1278715","J. Reyes",-96.12369,15.98903,"Sierra Madre del Sur province","Epiphyllum",22.3166675567627,56.6622161865234,15.6000003814697,1490,35,1208.92346191406,6.36483764648438
3308727233,"Mammillaria flavicentra","Oaxaca",90,"9","3","2007","IBUNAM","1281961","_ngel Salvador Arias Montes",-97.3351,17.36938,"Sierra Madre del Sur province","Mammillaria",15.1041660308838,137.600524902344,4.80000019073486,736,20,2408.95092773438,2.9697265625
3308727286,"Mammillaria polyedra","Oaxaca",90,"10","3","2007","IBUNAM","1282994","_ngel Salvador Arias Montes",-97.06133,17.47861,"Balsas Basin province","Mammillaria",20.7875003814697,201.890213012695,8.89999961853027,776,20,1538.23046875,16.5524139404297
3308728852,"Myrtillocactus schenckii","Oaxaca",90,"4","10","2006","IBUNAM","1273613","_ngel Salvador Arias Montes",-97.06133,17.47442,"Sierra Madre del Sur province","Myrtillocactus",19.8041667938232,189.70622253418,8.5,738,18,1627.52941894531,9.26950073242188
3308728854,"Pachycereus pecten-aboriginum","Oaxaca",100,"24","7","2007","IBUNAM","1273616","_ngel Salvador Arias Montes",-94.98442,16.68278,"Pacific Lowlands province","Pachycereus",25.4874992370605,173.377212524414,18.1000003814697,1047,32,267.849548339844,5.5566291809082
3308729058,"Epiphyllum anguliger","Oaxaca",100,"9","1","2006","IBUNAM","1279341","J. Reyes",-96.10983,16.00336,"Sierra Madre del Sur province","Epiphyllum",22.1208343505859,60.9194030761719,15.3000001907349,1452,37,1112.92749023438,2.44534301757812
3308729089,"Mammillaria flavicentra","Oaxaca",90,"16","7","2010","IBUNAM","1280121","U. Guzman",-97.198,17.60393,"Sierra Madre del Sur province","Mammillaria",14.3333330154419,160.472778320312,4.5,549,14,2372.87255859375,4.5526123046875
3308730305,"Mammillaria karwinskiana","Oaxaca",90,"11","3","2007","IBUNAM","1279734","_ngel Salvador Arias Montes",-97.2316,17.3336,"Sierra Madre del Sur province","Mammillaria",17.5499992370605,135.361465454102,6.69999980926514,663,11,2120.04711914062,5.89114379882812
3308730325,"Mammillaria supertexta","Oaxaca",90,"18","11","1994","IBUNAM","1280151","_ngel Salvador Arias Montes",-96.98194,17.88833,"Balsas Basin province","Mammillaria",25.3708343505859,246.80192565918,13.5,655,22,616.421630859375,7.79300689697266
3308731397,"Ferocactus recurvus","Oaxaca",100,"15","3","2012","IBUNAM","1449190","_ngel Salvador Arias Montes",-96.3819,16.91353,"Balsas Basin province","Ferocactus",20.3250007629395,135.587936401367,9.69999980926514,672,11,1684.22729492188,3.64154052734375
3308732722,"Acanthocereus tetragonus","Oaxaca",100,"8","8","2002","IBUNAM","1321203","Jorge Meave del Castillo",-95.00722,16.66472,"Pacific Lowlands province","Acanthocereus",25.7875003814697,171.955657958984,18.6000003814697,1008,20,153.28288269043,4.49127388000488
3308735400,"Opuntia pilifera","Oaxaca",100,"13","4","2009","IBUNAM","1286170","Carlos G_mez Hinostrosa",-95.88867,16.63572,"Pacific Lowlands province","Opuntia",23.4416675567627,125.550300598145,13.3999996185303,821,17,879.956909179688,10.0104751586914
3308736222,"Mammillaria albilanata","Oaxaca",NA,"23","9","2010","IBUNAM","1305529","U. Guzman",-97.180833,17.822222,"Sierra Madre del Sur province","Mammillaria",19.2666664123535,232.274642944336,7.80000019073486,674,27,1856.28601074219,5.48501586914062
3308736324,"Coryphantha pallida","Oaxaca",90,"11","3","2007","IBUNAM","1285885","Balbina V_zquez B.",-97.21692,17.33337,"Sierra Madre del Sur province","Coryphantha",17.9541664123535,137.186981201172,6.90000009536743,666,10,2019.44055175781,0.7637939453125
3308736593,"Disocactus ackermannii","Oaxaca",90,"19","4","2008","IBUNAM","1292642","Jaime Rivera H.",-96.67361,17.74028,"Sierra Madre del Sur province","Disocactus",15.75,166.323867797852,7.80000019073486,1820,83,2230.41723632812,6.42947387695312
3308738185,"Acanthocereus tetragonus","Oaxaca",100,"22","7","2005","IBUNAM","1324995","_ngel Salvador Arias Montes",-96.15108,15.745,"Pacific Lowlands province","Acanthocereus",26.9750003814697,97.0824432373047,20,1179,15,55.2868843078613,3.33391380310059
3308738274,"Mammillaria rekoi","Oaxaca",100,"20","8","2009","IBUNAM","1326987","Carlos G_mez Hinostrosa",-95.95258,16.54683,"Sierra Madre del Sur province","Mammillaria",23.0833339691162,104.758010864258,14.1000003814697,697,7,1368.34118652344,10.7425689697266
3308738671,"Opuntia karwinskiana","Oaxaca",100,"10","12","2010","IBUNAM","1345134","Carlos G_mez Hinostrosa",-95.52817,15.96817,"Pacific Lowlands province","Opuntia",27.6916675567627,86.755500793457,20.2000007629395,904,5,9.63821411132812,2.41700267791748
3308739045,"Cephalocereus apicicephalium","Oaxaca",100,"23","4","2012","IBUNAM","1354175","Carlos G_mez Hinostrosa",-95.360988,16.44286,"Pacific Lowlands province","Cephalocereus",26.9541664123535,135.654312133789,18.7999992370605,786,5,79.8922576904297,3.2688570022583
3308739267,"Peniocereus oaxacensis","Oaxaca",100,"25","5","2006","IBUNAM","1359490","Carlos G_mez Hinostrosa",-96.21681,15.77319,"Pacific Lowlands province","Peniocereus",27.029167175293,96.4473266601562,19.8999996185303,1226,19,112.896339416504,5.8346643447876
3308739276,"Aporocactus martianus","Oaxaca",100,"4","4","2006","IBUNAM","1359739","Carlos G_mez Hinostrosa",-97.62383,16.91047,"Sierra Madre del Sur province","Aporocactus",16.1000003814697,129.404220581055,6.40000009536743,1086,29,2383.12231445312,5.51846313476562
3308739773,"Opuntia decumbens","Oaxaca",100,"17","3","2009","IBUNAM","1312132","Carlos G_mez Hinostrosa",-95.98158,16.54564,"Sierra Madre del Sur province","Opuntia",23.6041660308838,112.218490600586,14.1000003814697,739,9,1103.5126953125,4.32582092285156
3308740454,"Acanthocereus tetragonus","Oaxaca",100,"14","5","2009","IBUNAM","1311536","Carlos G_mez Hinostrosa",-95.98914,16.57658,"Pacific Lowlands province","Acanthocereus",24.4125003814697,140.08317565918,13.5,596,6,713.576965332031,9.73769378662109
3308742153,"Acanthocereus tetragonus","Oaxaca",100,"7","6","2009","IBUNAM","1329981","Carlos G_mez Hinostrosa",-95.71058,16.03086,"Pacific Lowlands province","Acanthocereus",27.1166667938232,82.0568771362305,19.3999996185303,897,7,142.27571105957,4.04674530029297
3308744061,"Myrtillocactus schenckii","Oaxaca",100,"6","12","2010","IBUNAM","1347099","Carlos G_mez Hinostrosa",-95.93392,16.43056,"Pacific Lowlands province","Myrtillocactus",23.8875007629395,101.670707702637,14.3000001907349,685,8,873.487182617188,8.33254241943359
3308744062,"Opuntia decumbens","Oaxaca",100,"5","1","2011","IBUNAM","1347102","Carlos G_mez Hinostrosa",-95.69911,16.00481,"Pacific Lowlands province","Opuntia",26.9750003814697,71.8742980957031,19.5,891,8,61.9895286560059,6.36618566513062
3308744825,"Pereskiopsis diguetii","Oaxaca",100,"6","6","2009","IBUNAM","1339837","Carlos G_mez Hinostrosa",-95.65825,16.09361,"Pacific Lowlands province","Pereskiopsis",26.7625007629395,85.841438293457,18.8999996185303,814,6,215.495590209961,2.01168251037598
3308747258,"Peniocereus oaxacensis","Oaxaca",100,"26","5","2006","IBUNAM","1359487","Carlos G_mez Hinostrosa",-96.19911,15.77847,"Pacific Lowlands province","Peniocereus",26.9958324432373,93.7709426879883,19.8999996185303,1248,16,121.003997802734,1.16055107116699
3308747450,"Opuntia karwinskiana","Oaxaca",100,"27","5","2011","IBUNAM","1389222","",-96.6729,16.41636,"Balsas Basin province","Opuntia",21.5708332061768,100.373336791992,11.3000001907349,598,7,1530.57177734375,6.86209106445312
3308749694,"Opuntia decumbens","Oaxaca",90,"5","2","2009","IBUNAM","1359733","Carlos G_mez Hinostrosa",-97.93481,17.68619,"Sierra Madre del Sur province","Opuntia",21.7041664123535,168.286270141602,10.3999996185303,691,17,1532.05065917969,5.13835144042969
3308750373,"Opuntia pubescens","Oaxaca",100,"20","5","2009","IBUNAM","1359477","Carlos G_mez Hinostrosa",-96.39036,16.93472,"Sierra Madre del Sur province","Opuntia",20.2250003814697,126.428215026855,9.69999980926514,683,12,1694.484375,1.42958068847656
3308750389,"Disocactus speciosus","Oaxaca",100,"10","3","2010","IBUNAM","1359737","Carlos G_mez Hinostrosa",-96.23806,16.1345,"Sierra Madre del Sur province","Disocactus",16.3916664123535,80.3354873657227,9.69999980926514,1196,21,2505.2177734375,12.7014770507812
3308750694,"Mammillaria voburnensis","Oaxaca",100,"9","6","2002","IBUNAM","1366263","",-95.45278,16.40333,"Pacific Lowlands province","Mammillaria",26.4249992370605,112.340805053711,17.6000003814697,613,5,441.428924560547,8.0006103515625
3308753514,"Mammillaria haageana","Oaxaca",100,"11","11","2011","IBUNAM","1383948","Carlos G_mez Hinostrosa",-96.9132,17.05483,"Sierra Madre del Sur province","Mammillaria",17.9208335876465,138.358200073242,8.39999961853027,708,20,2098.53466796875,8.9215087890625
3308754917,"Opuntia decumbens","Oaxaca",100,"21","5","2011","IBUNAM","1389429","L. Scheinvar",-98.2095,16.34861,"Pacific Lowlands province","Opuntia",26.9500007629395,105.507461547852,17.7999992370605,1362,7,106.154945373535,6.34048652648926
3308756187,"Aporocactus martianus","Oaxaca",90,"15","4","2012","IBUNAM","1402543","NO DISPONIBLE",-96.9479,17.47028,"Sierra Madre del Sur province","Aporocactus",16.1958332061768,160.856491088867,7.09999990463257,634,13,2177.43530273438,6.03610229492188
3308757530,"Acanthocereus tetragonus","Oaxaca",100,"10","12","2009","IBUNAM","1461429","_ngel Salvador Arias Montes",-96.9402,15.788,"Pacific Lowlands province","Acanthocereus",26.5208339691162,88.1491088867188,18.8999996185303,948,16,5.86833095550537,0.375067114830017
3308761535,"Mammillaria karwinskiana","Oaxaca",100,"3","9","2014","IBUNAM","1429113","Carlos G_mez Hinostrosa",-94.9522,16.61444,"Pacific Lowlands province","Mammillaria",26.1208324432373,161.237533569336,18.7999992370605,980,21,276.253540039062,15.7141265869141
3308764470,"Opuntia pubescens","Oaxaca",100,"2","7","2010","IBUNAM","1454145","Carlos G_mez Hinostrosa",-95.8833,16.44806,"Pacific Lowlands province","Opuntia",24.2625007629395,118.515914916992,14.1999998092651,595,7,755.258239746094,3.55239105224609
3308765793,"Pereskia lychnidiflora","Oaxaca",100,"13","10","2013","IBUNAM","1469005","Kenia Velasco Guti_rrez",-95.3099,16.40295,"Pacific Lowlands province","Pereskia",27.375,124.745170593262,19.2000007629395,820,6,88.2920761108398,2.82335472106934
3314344435,"Coryphantha pallida","Oaxaca",10,"3","1","2021","iNaturalist","84222630","ricardo_munoz",-96.98797,17.735455,"Balsas Basin province","Coryphantha",25.2250003814697,238.275039672852,13.3999996185303,611,21,849.151062011719,2.48883819580078
3320884497,"Ferocactus recurvus","Oaxaca",8,"5","11","2006","iNaturalist","81590224","cactus-d",-96.748817,16.951909,"Balsas Basin province","Ferocactus",21.6666660308838,150.820999145508,8.60000038146973,665,11,1520.52880859375,2.66427612304688
3321224606,"Mammillaria sphacelata","Oaxaca",126,"12","5","2021","iNaturalist","85285152","Miguel Casta_eda-Z_rate",-97.664981,18.199492,"Balsas Basin province","Mammillaria",19.3541660308838,178.636993408203,9.30000019073486,538,15,1894.19140625,6.96693420410156
3325738443,"Mammillaria rekoi","Oaxaca",122,"5","7","2021","iNaturalist","86069353","Ulises Guzm_n",-96.319897,16.971685,"Sierra Madre del Sur province","Mammillaria",16.7458343505859,124.671546936035,8.69999980926514,828,23,2209.02270507812,9.79025268554688
3325950484,"Ferocactus recurvus","Oaxaca",NA,"6","10","2016","iNaturalist","86100090","Socorro Garcia M_ndez",-97.624416,18.122171,"Balsas Basin province","Ferocactus",17,173.113204956055,6.90000009536743,558,11,2209.73193359375,18.4326477050781
3327688134,"Myrtillocactus schenckii","Oaxaca",5,"11","7","2021","iNaturalist","86656722","Jose Antonio Aranda Pineda",-96.516212,17.042445,"Balsas Basin province","Myrtillocactus",19.1833324432373,139.354568481445,9,700,17,1697.92370605469,3.54304504394531
3327749406,"Pachycereus pecten-aboriginum","Oaxaca",126,"19","2","2021","iNaturalist","70789712","Pablo Carrillo-Reyes",-96.158944,15.766373,"Pacific Lowlands province","Pachycereus",27.0750007629395,96.4247207641602,20,1178,16,81.2178268432617,6.06141090393066
3327998085,"Neobuxbaumia tetetzo","Oaxaca",65,"11","7","2021","iNaturalist","86655890","Elliot Greiner",-96.516275,17.037191,"Balsas Basin province","Neobuxbaumia",19.408332824707,138.150665283203,9.10000038146973,687,14,1693.27331542969,3.02955627441406
3333110766,"Myrtillocactus geometrizans","Oaxaca",651,"27","1","2016","iNaturalist","88349497","nahum013",-97.338794,18.116948,"Balsas Basin province","Myrtillocactus",21.466667175293,234.145782470703,9.69999980926514,574,20,1603.58166503906,11.0478515625
3333420494,"Pereskiopsis kellermanii","Oaxaca",4,"27","6","2021","iNaturalist","85460792","La Rata Mutante",-96.200777,15.775575,"Pacific Lowlands province","Pereskiopsis",27.0083332061768,96.3618621826172,19.7999992370605,1240,18,116.354873657227,1.8130350112915
3335086815,"Pereskiopsis kellermanii","Oaxaca",NA,"28","7","2021","iNaturalist","89283549","Flavio Enrique Zarher",-96.203695,15.741372,"Pacific Lowlands province","Pereskiopsis",27.0166664123535,95.4971160888672,20,1181,18,70.0704956054688,1.34695148468018
3335172732,"Acanthocereus tetragonus","Oaxaca",NA,"28","7","2021","iNaturalist","89268966","Carlos Dom_nguez-Rodr_guez",-96.202141,15.737664,"Pacific Lowlands province","Acanthocereus",27.0166664123535,95.4971160888672,20,1181,18,57.6602821350098,2.9354133605957
3335551413,"Pilosocereus collinsii","Oaxaca",15,"4","8","2021","iNaturalist","89933237","Carlos Dom_nguez-Rodr_guez",-96.157779,15.726099,"Pacific Lowlands province","Pilosocereus",27.0166664123535,98.4962768554688,20,1144,14,7.59639453887939,7.62697267532349
3337376437,"Pilosocereus collinsii","Oaxaca",31,"31","12","2003","iNaturalist","69819166","Pablo Carrillo-Reyes",-94.987096,16.739992,"Pacific Lowlands province","Pilosocereus",25.533332824707,182.723526000977,17.8999996185303,1240,50,253.893325805664,12.9274597167969
3337392062,"Ferocactus recurvus","Oaxaca",NA,"6","8","2021","iNaturalist","90209748","Carlos Lim",-96.311466,16.94265,"Sierra Madre del Sur province","Ferocactus",18.6041660308838,129.53515625,9.39999961853027,753,13,1819.26867675781,3.68853759765625
3337525510,"Mammillaria polyedra","Oaxaca",NA,"27","7","2021","iNaturalist","91794459","Ulises Guzm_n",-97.134507,17.653808,"Sierra Madre del Sur province","Mammillaria",16.6041660308838,183.828704833984,6,532,16,1912.67895507812,14.8395690917969
3337719793,"Opuntia tomentosa","Oaxaca",4,"14","8","2021","iNaturalist","91612475","Pedro N_jera Quezada",-96.631014,16.289185,"Sierra Madre del Sur province","Opuntia",19.404167175293,122.390182495117,10.3999996185303,731,27,1845.04528808594,12.1621398925781
3337769397,"Opuntia tomentosa","Oaxaca",NA,"27","7","2021","iNaturalist","91794461","Leticia Soriano Flores",-97.13432,17.653792,"Sierra Madre del Sur province","Opuntia",16.6041660308838,183.828704833984,6,532,16,1896.53942871094,12.1421203613281
3337953925,"Mammillaria haageana","Oaxaca",4,"14","8","2021","iNaturalist","91612430","Pedro N_jera Quezada",-96.63121,16.289905,"Sierra Madre del Sur province","Mammillaria",19.404167175293,122.390182495117,10.3999996185303,731,27,1870.38720703125,15.1760101318359
3337975328,"Disocactus speciosus","Oaxaca",31,"14","8","2021","iNaturalist","91359710","Ulises Guzm_n",-96.657033,16.2715,"Sierra Madre del Sur province","Disocactus",17.6791667938232,119.819145202637,9.5,979,36,2162.61279296875,17.8115844726562
3338151636,"Coryphantha elephantidens","Oaxaca",4,"14","8","2021","iNaturalist","91612455","Pedro N_jera Quezada",-96.630763,16.289331,"Sierra Madre del Sur province","Coryphantha",19.404167175293,122.390182495117,10.3999996185303,731,27,1869.04919433594,11.3596038818359
3338160582,"Mammillaria albilanata","Oaxaca",4,"14","8","2021","iNaturalist","91492334","Ulises Guzm_n",-96.673564,16.269026,"Sierra Madre del Sur province","Mammillaria",17.8791675567627,120.084411621094,9.39999961853027,941,36,2166.9873046875,13.8789978027344
3343700492,"Opuntia streptacantha","Oaxaca",5,"11","7","2021","iNaturalist","86657040","Elliot Greiner",-96.516122,17.042706,"Balsas Basin province","Opuntia",19.1833324432373,139.354568481445,9,700,17,1697.37829589844,4.07768249511719
3343761701,"Escontria chiotilla","Oaxaca",77,"4","8","2021","iNaturalist","91484293","Juve",-96.363183,16.567855,"Sierra Madre del Sur province","Escontria",23.5166664123535,124.887817382812,13.3000001907349,803,11,1127.54028320312,10.8484802246094
3343895086,"Mammillaria flavicentra","Oaxaca",15,"22","7","2021","iNaturalist","92608689","Leticia Soriano Flores",-97.342636,17.888968,"Sierra Madre del Sur province","Mammillaria",17.8250007629395,197.08674621582,5.80000019073486,459,15,2053.68432617188,4.91618347167969
3343902857,"Myrtillocactus schenckii","Oaxaca",122,"12","8","2021","iNaturalist","92413410","Leticia Soriano Flores",-96.912214,17.876671,"Sierra Madre del Sur province","Myrtillocactus",22.8500003814697,246.972579956055,10.6000003814697,1559,85,1052.37768554688,12.6524505615234
3343916513,"Pereskiopsis rotundifolia","Oaxaca",NA,"4","7","2021","iNaturalist","85953238","Carlos Dom_nguez-Rodr_guez",-96.129494,15.768414,"Pacific Lowlands province","Pereskiopsis",27.2291660308838,96.2585830688477,20.1000003814697,1181,17,15.8287534713745,1.74898386001587
3343943621,"Acanthocereus tetragonus","Oaxaca",778,"21","6","2021","iNaturalist","91779580","Leticia Soriano Flores",-97.112168,18.097811,"Balsas Basin province","Acanthocereus",25.3125,240.237808227539,12.6000003814697,751,27,750.849243164062,1.60579681396484
3344040533,"Stenocereus treleasei","Oaxaca",10,"11","7","2021","iNaturalist","86658719","Pedro N_jera Quezada",-96.516303,17.041478,"Balsas Basin province","Stenocereus",19.408332824707,138.150665283203,9.10000038146973,687,14,1701.72680664062,5.80787658691406
3344063506,"Ferocactus recurvus","Oaxaca",15,"23","8","2021","iNaturalist","92623331","Leticia Soriano Flores",-97.34269,17.889458,"Sierra Madre del Sur province","Ferocactus",17.8250007629395,197.08674621582,5.80000019073486,459,15,2050.38354492188,5.68374633789062
3344125522,"Mammillaria karwinskiana","Oaxaca",448,"12","6","2010","iNaturalist","92430633","Jonathan Mohl",-96.766737,17.040521,"Balsas Basin province","Mammillaria",20.8083324432373,136.662063598633,9.5,657,15,1862.0517578125,9.92529296875
3344139462,"Pachycereus pecten-aboriginum","Oaxaca",15,"17","6","2016","iNaturalist","92486753","Valeria Huerta",-96.275862,16.864012,"Sierra Madre del Sur province","Pachycereus",20.4333324432373,134.203598022461,10.5,771,16,1651.50378417969,11.2350006103516
3354986812,"Opuntia decumbens","Oaxaca",122,"12","8","2021","iNaturalist","92413417","Leticia Soriano Flores",-96.912557,17.876834,"Sierra Madre del Sur province","Opuntia",22.8500003814697,246.972579956055,10.6000003814697,1559,85,1061.08935546875,13.9985504150391
3355054846,"Mammillaria polyedra","Oaxaca",122,"12","8","2021","iNaturalist","92413384","Jonathan Mohl",-96.912557,17.875854,"Sierra Madre del Sur province","Mammillaria",22.8500003814697,246.972579956055,10.6000003814697,1559,85,1080.33703613281,15.5068511962891
3355055788,"Mammillaria albilanata","Oaxaca",15,"14","8","2021","iNaturalist","91363966","Carlos Dom_nguez-Rodr_guez",-96.656454,16.284091,"Sierra Madre del Sur province","Mammillaria",18.9416675567627,122.712394714355,10,781,31,1864.63684082031,9.56590270996094
3355092455,"Mammillaria albilanata","Oaxaca",8,"7","2","2016","iNaturalist","69905726","Ulises Guzm_n",-96.630242,16.30815,"Sierra Madre del Sur province","Mammillaria",19.5541667938232,118.061210632324,10.5,739,27,1755.72534179688,8.99824523925781
3355101846,"Opuntia tehuacana","Oaxaca",122,"12","8","2021","iNaturalist","92413418","Leticia Soriano Flores",-96.913244,17.876753,"Sierra Madre del Sur province","Opuntia",22.8500003814697,246.972579956055,10.6000003814697,1559,85,1087.82641601562,22.7992401123047
3355111847,"Stenocactus crispatus","Oaxaca",15,"22","7","2021","iNaturalist","92608657","Leticia Soriano Flores",-97.342733,17.88953,"Sierra Madre del Sur province","Stenocactus",17.8250007629395,197.08674621582,5.80000019073486,459,15,2050.38354492188,5.68374633789062
3355116621,"Opuntia tomentosa","Oaxaca",NA,"20","7","2021","iNaturalist","87934989","paco960614",-97.775807,17.809557,"Balsas Basin province","Opuntia",21.5,186.669372558594,9.30000019073486,637,19,1588.24560546875,0.787368774414062
3355144363,"Pachycereus weberi","Oaxaca",8,"11","8","2021","iNaturalist","93115437","Leticia Soriano Flores",-96.994186,17.888727,"Balsas Basin province","Pachycereus",25.8999996185303,246.94499206543,13.8999996185303,552,16,533.247436523438,3.90142059326172
3355180630,"Pachycereus pecten-aboriginum","Oaxaca",NA,"1","9","2021","iNaturalist","93380146","Delgado Fabela Jared Fabi_n",-96.570507,15.672953,"Pacific Lowlands province","Pachycereus",26,99.2471389770508,17.6000003814697,846,15,35.7147483825684,6.63733768463135
3355187337,"Mammillaria mystax","Oaxaca",15,"28","7","2021","iNaturalist","93110985","Leticia Soriano Flores",-97.346708,17.88357,"Sierra Madre del Sur province","Mammillaria",17.8250007629395,197.08674621582,5.80000019073486,459,15,2040.79406738281,5.47334289550781
3355229835,"Marginatocereus marginatus","Oaxaca",122,"12","8","2021","iNaturalist","92413390","Leticia Soriano Flores",-96.912214,17.876181,"Sierra Madre del Sur province","Marginatocereus",22.8500003814697,246.972579956055,10.6000003814697,1559,85,1079.02856445312,16.6834716796875
3355300399,"Myrtillocactus geometrizans","Oaxaca",8,"11","8","2021","iNaturalist","93115445","Leticia Soriano Flores",-96.994202,17.888666,"Balsas Basin province","Myrtillocactus",25.8999996185303,246.94499206543,13.8999996185303,552,16,533.247436523438,3.90142059326172
3355355466,"Mammillaria albilanata","Oaxaca",4,"7","2","2016","iNaturalist","69906036","Ulises Guzm_n",-96.624425,16.309883,"Sierra Madre del Sur province","Mammillaria",20.375,120.23649597168,10.8000001907349,618,20,1776.2197265625,6.47486877441406
3355360757,"Mammillaria albilanata","Oaxaca",15,"14","8","2021","iNaturalist","91309386","Carlos Dom_nguez-Rodr_guez",-96.669934,16.264524,"Sierra Madre del Sur province","Mammillaria",17.4583339691162,118.893257141113,9.19999980926514,996,37,2170.64208984375,4.40640258789062
3355419784,"Mammillaria albilanata","Oaxaca",61,"14","8","2021","iNaturalist","91406956","Carlos Dom_nguez-Rodr_guez",-96.665338,16.268282,"Sierra Madre del Sur province","Mammillaria",17.8250007629395,119.344795227051,9.5,954,36,2067.85424804688,8.167724609375
3355523677,"Pilosocereus collinsii","Oaxaca",17,"28","7","2021","iNaturalist","89279003","Carlos Dom_nguez-Rodr_guez",-96.202072,15.737508,"Pacific Lowlands province","Pilosocereus",27.0166664123535,95.4971160888672,20,1181,18,58.3893203735352,2.70959377288818
3383909925,"Opuntia karwinskiana","Oaxaca",4,"17","7","2021","iNaturalist","88749263","Pedro N_jera Quezada",-96.643408,16.30405,"Sierra Madre del Sur province","Opuntia",19.408332824707,121.596084594727,10.3000001907349,736,27,1814.005859375,13.1497955322266
3383943362,"Opuntia tomentosa","Oaxaca",NA,"12","5","2019","iNaturalist","25060900","Destino Trail",-96.824692,17.10318,"Balsas Basin province","Opuntia",21.2708339691162,147.87060546875,9.19999980926514,673,15,1733.30126953125,4.0283203125
3383959911,"Pachycereus pecten-aboriginum","Oaxaca",NA,"23","7","2021","iNaturalist","88388122","Carlos Dom_nguez-Rodr_guez",-96.175278,15.777328,"Pacific Lowlands province","Pachycereus",27.0541667938232,95.3095092773438,19.8999996185303,1229,17,63.8640518188477,3.32581949234009
3383962697,"Epiphyllum oxypetalum","Oaxaca",NA,"1","6","2021","iNaturalist","81396159","Wendy Garc_a Monterrubio",-96.709384,17.09389,"Balsas Basin province","Epiphyllum",21.0083332061768,148.060699462891,9.5,652,14,1638.12194824219,0.74725341796875
3383964376,"Stenocereus treleasei","Oaxaca",NA,"26","5","2019","iNaturalist","25947658","Ulises Guzm_n",-96.341354,16.939556,"Balsas Basin province","Stenocereus",18.6166667938232,122.666091918945,9.5,729,13,1888.8798828125,10.7077178955078
3384138839,"Myrtillocactus geometrizans","Oaxaca",NA,"29","9","2021","iNaturalist","96725784","benitezbm",-97.647111,18.167239,"Balsas Basin province","Myrtillocactus",19.966667175293,190.58918762207,9.5,489,14,1773.6806640625,4.55189514160156
3384337937,"Pereskiopsis kellermanii","Oaxaca",NA,"23","7","2021","iNaturalist","88388140","Carlos Dom_nguez-Rodr_guez",-96.175293,15.777994,"Pacific Lowlands province","Pereskiopsis",27.0541667938232,95.3095092773438,19.8999996185303,1229,17,64.9682312011719,2.55334568023682
3384415293,"Coryphantha elephantidens","Oaxaca",4,"14","9","2021","iNaturalist","95228893","Arturo",-96.625379,16.803381,"Balsas Basin province","Coryphantha",21.0125007629395,119.660980224609,9.69999980926514,672,12,1641.75842285156,5.37802124023438
3384511872,"Mammillaria haageana","Oaxaca",NA,"28","9","2021","iNaturalist","96726802","benitezbm",-97.656208,18.178061,"Balsas Basin province","Mammillaria",20.1000003814697,188.486801147461,9.69999980926514,493,14,1770.33312988281,2.6212158203125
3384575676,"Opuntia huajuapensis","Oaxaca",65,"28","9","2021","iNaturalist","96550293","Miguel _ngel Cruz Ramirez",-97.392618,17.931572,"Sierra Madre del Sur province","Opuntia",16.5625,164.705322265625,5.09999990463257,552,16,2181.5703125,0.976318359375
3384641427,"Mammillaria rekoi","Oaxaca",NA,"10","11","2019","iNaturalist","35540988","Ulises Guzm_n",-96.682365,17.125614,"Sierra Madre del Sur province","Mammillaria",15.5416669845581,133.345626831055,7.5,761,22,2245.7333984375,14.1477966308594
3384667689,"Mammillaria karwinskiana","Oaxaca",192,"14","5","2021","iNaturalist","78695601","Ulises Guzm_n",-96.073388,15.810043,"Pacific Lowlands province","Mammillaria",27.1749992370605,86.6156692504883,20.1000003814697,1218,16,121.291282653809,5.98283386230469
3384762026,"Pachycereus weberi","Oaxaca",984,"1","4","2015","iNaturalist","94962949","Sadoth V_zquez",-96.961544,17.821123,"Balsas Basin province","Pachycereus",24.904167175293,240.722961425781,13.1000003814697,742,29,851.289123535156,8.36662292480469
3384861946,"Opuntia tomentosa","Oaxaca",4,"22","9","2021","iNaturalist","95815603","Miguel _ngel Cruz Ramirez",-97.544498,17.696553,"Sierra Madre del Sur province","Opuntia",17.841667175293,172.017883300781,5.90000009536743,593,16,2058.25903320312,1.69241333007812
3384870811,"Pachycereus weberi","Oaxaca",613,"3","4","2009","iNaturalist","95731483","Sadoth V_zquez",-96.939205,17.70756,"Balsas Basin province","Pachycereus",25.0625,241.981643676758,13.6000003814697,556,20,756.800964355469,9.06790161132812
3384887793,"Mammillaria karwinskiana","Oaxaca",NA,"24","9","2021","iNaturalist","96695934","Jonathan Mohl",-96.858333,17.060278,"Sierra Madre del Sur province","Mammillaria",20.8291664123535,147.161911010742,9,678,14,1763.263671875,6.9383544921875
3384978812,"Mammillaria karwinskiana","Oaxaca",414,"5","7","2011","iNaturalist","94728461","Ulises Guzm_n",-96.35826,16.927888,"Balsas Basin province","Mammillaria",20.0249996185303,131.22673034668,9.69999980926514,703,12,1695.8427734375,1.87312316894531
3385029553,"Mammillaria karwinskiana","Oaxaca",4,"27","9","2021","iNaturalist","96417287","Jonathan Mohl",-96.737738,17.1788,"Sierra Madre del Sur province","Mammillaria",18.1499996185303,143.130584716797,8.39999961853027,736,20,1959.51892089844,13.5202941894531
3385180726,"Pachycereus weberi","Oaxaca",15,"9","9","2021","iNaturalist","96531071","omarjim",-98.137299,17.826139,"Balsas Basin province","Pachycereus",24.5666675567627,191.303359985352,12.5,723,10,1073.82666015625,3.74859619140625
3385188855,"Mammillaria karwinskiana","Oaxaca",NA,"24","9","2021","iNaturalist","96696709","Jonathan Mohl",-96.859444,17.061944,"Sierra Madre del Sur province","Mammillaria",20.3875007629395,142.735046386719,9,681,15,1784.71557617188,3.85359191894531
3391295488,"Pachycereus pecten-aboriginum","Oaxaca",NA,"3","8","2021","iNaturalist","89849469","Carlos Dom_nguez-Rodr_guez",-96.185287,15.778744,"Pacific Lowlands province","Pachycereus",26.9791660308838,95.0468292236328,19.8999996185303,1257,17,112.818252563477,3.55170822143555
3391502442,"Pachycereus pecten-aboriginum","Oaxaca",NA,"2","6","2021","iNaturalist","81785575","Carlos Dom_nguez-Rodr_guez",-97.076584,15.916581,"Pacific Lowlands province","Pachycereus",26.3166656494141,79.6678924560547,18.8999996185303,867,12,94.3025131225586,5.45009613037109
3391640572,"Stenocereus treleasei","Oaxaca",NA,"2","10","2021","iNaturalist","97029350","Ulises Guzm_n",-96.767883,17.038703,"Balsas Basin province","Stenocereus",20.8083324432373,136.662063598633,9.5,657,15,1895.00891113281,4.26785278320312
3391721931,"Opuntia streptacantha","Oaxaca",31,"20","7","2019","iNaturalist","97846015","Comisariado de Bienes Comunales de Santiago Apoala, Oax.",-97.129951,17.651526,"Sierra Madre del Sur province","Opuntia",18.7999992370605,208.086517333984,7.09999990463257,680,24,1816.72802734375,3.62698364257812
3398698525,"Pachycereus pecten-aboriginum","Oaxaca",NA,"1","12","2017","iNaturalist","59701664","ricardo_munoz",-96.413722,16.941056,"Sierra Madre del Sur province","Pachycereus",19.4833335876465,119.360687255859,9.60000038146973,686,12,1934.85119628906,8.62142944335938
3398747582,"Neobuxbaumia tetetzo","Oaxaca",15,"12","11","2016","iNaturalist","75721519","Juve",-96.34925,16.576934,"Pacific Lowlands province","Neobuxbaumia",23.6333332061768,134.828735351562,13.1999998092651,807,10,1027.81567382812,9.810302734375
3398874786,"Mammillaria discolor","Oaxaca",4,"22","10","2021","iNaturalist","99048439","Jonathan Mohl",-97.496141,17.839275,"Sierra Madre del Sur province","Mammillaria",15.7541666030884,159.251937866211,5,613,23,2245.98657226562,5.47097778320312
3398990374,"Pachycereus pecten-aboriginum","Oaxaca",NA,"28","10","2021","iNaturalist","99650368","Gustavo Cruz",-96.114937,15.793805,"Pacific Lowlands province","Pachycereus",27.2666664123535,91.2372741699219,20.2000007629395,1190,14,33.1819801330566,2.44088196754456
3399032927,"Mammillaria mystax","Oaxaca",6,"23","10","2021","iNaturalist","99158675","Diego",-97.424133,17.90778,"Sierra Madre del Sur province","Mammillaria",16.4500007629395,163.609832763672,5.09999990463257,552,17,2289.9892578125,6.86083984375
3399165848,"Mammillaria karwinskiana","Oaxaca",82,"19","5","2021","iNaturalist","95231710","Jonathan Mohl",-95.78877,16.750442,"Pacific Lowlands province","Mammillaria",24.591667175293,153.309463500977,14.3000001907349,879,31,404.290863037109,11.1576461791992
3399415833,"Mammillaria mystax","Oaxaca",9,"20","10","2021","iNaturalist","99048406","ricardo_munoz",-97.505889,17.860633,"Sierra Madre del Sur province","Mammillaria",14.1499996185303,139.951293945312,4.19999980926514,670,24,2591.53442382812,4.70999145507812
3399452446,"Acanthocereus tetragonus","Oaxaca",NA,"28","10","2021","iNaturalist","99650337","Gustavo Cruz",-96.113304,15.794927,"Pacific Lowlands province","Acanthocereus",27.2666664123535,91.2372741699219,20.2000007629395,1190,14,29.66819190979,2.21307563781738
3407908983,"Opuntia pubescens","Oaxaca",8,"30","10","2021","iNaturalist","99990661","Carlos Dom_nguez-Rodr_guez",-96.635049,16.308466,"Sierra Madre del Sur province","Opuntia",20.0416660308838,123.119171142578,10.6000003814697,652,22,1711.89562988281,6.89537048339844
3407913067,"Coryphantha pallida","Oaxaca",210,"2","11","2021","iNaturalist","100114855","Ulises Guzm_n",-97.031156,17.865569,"Balsas Basin province","Coryphantha",25.6041660308838,243.538864135742,13.6999998092651,555,17,622.11328125,8.87479400634766
3407939234,"Opuntia pubescens","Oaxaca",8,"30","10","2021","iNaturalist","100221083","La Rata Mutante",-96.631363,16.30252,"Sierra Madre del Sur province","Opuntia",19.5541667938232,118.061210632324,10.5,739,27,1899.48559570312,4.32942199707031
3408016535,"Mammillaria karwinskiana","Oaxaca",60,"5","7","2011","iNaturalist","94729190","Ulises Guzm_n",-96.301633,16.914692,"Sierra Madre del Sur province","Mammillaria",18.4791660308838,128.86669921875,9.5,729,14,1964.59631347656,11.3506469726562
3408029207,"Stenocereus pruinosus","Oaxaca",8,"30","10","2021","iNaturalist","100221067","Ulises Guzm_n",-96.630513,16.304463,"Sierra Madre del Sur province","Stenocereus",19.5541667938232,118.061210632324,10.5,739,27,1896.08459472656,12.1298675537109
3408144199,"Marginatocereus marginatus","Oaxaca",31,"30","10","2021","iNaturalist","100253173","Carlos Dom_nguez-Rodr_guez",-96.635224,16.302563,"Sierra Madre del Sur province","Marginatocereus",19.7625007629395,122.29109954834,10.5,676,24,1744.51232910156,3.69900512695312
3408202040,"Mammillaria karwinskiana","Oaxaca",NA,"30","10","2021","iNaturalist","100012353","Ulises Guzm_n",-96.634689,16.302176,"Sierra Madre del Sur province","Mammillaria",19.7625007629395,122.29109954834,10.5,676,24,1760.28747558594,6.77543640136719
3415655133,"Coryphantha pallida","Oaxaca",19,"11","10","2021","iNaturalist","101136589","Ulises Guzm_n",-96.981603,17.900879,"Balsas Basin province","Coryphantha",25.470832824707,249.540130615234,13.6000003814697,613,19,552.241760253906,5.40674591064453
3415680575,"Mammillaria carnea","Oaxaca",502,"11","10","2021","iNaturalist","101170547","mey_sh",-97.06833,17.90819,"Balsas Basin province","Mammillaria",24.0874996185303,241.050033569336,11.3000001907349,831,39,1005.91705322266,3.65065002441406
3415933550,"Mammillaria carnea","Oaxaca",502,"11","10","2021","iNaturalist","101171600","Uziel OM",-96.971114,17.909169,"Balsas Basin province","Mammillaria",25.2000007629395,251.368957519531,13.3000001907349,668,22,566.291076660156,14.5063705444336
3415971302,"Mammillaria karwinskiana","Oaxaca",202,"2","11","2021","iNaturalist","101051060","Ulises Guzm_n",-96.653625,16.957787,"Balsas Basin province","Mammillaria",20.0166664123535,137.317367553711,9.19999980926514,627,10,1745.58044433594,4.86222839355469
3416068387,"Mammillaria karwinskiana","Oaxaca",212,"10","11","2021","iNaturalist","100845982","Jonathan Mohl",-96.178773,17.185368,"Sierra Madre del Sur province","Mammillaria",22.1041660308838,197.822891235352,11.8000001907349,1968,110,1185.4755859375,3.74992370605469
3416106943,"Coryphantha elephantidens","Oaxaca",780,"2","11","2011","iNaturalist","101480399","karel",-96.210964,16.689065,"Sierra Madre del Sur province","Coryphantha",23.25,119.411422729492,13.1000003814697,835,15,1130.05139160156,5.42303466796875
3455163510,"Mammillaria mystax","Oaxaca",5,"3","4","2019","iNaturalist","22469965","cactus-d",-96.490678,17.255555,"Sierra Madre del Sur province","Mammillaria",16.466667175293,168.027770996094,7.40000009536743,1022,40,1980.48974609375,14.7699432373047
3455233330,"Mammillaria albilanata","Oaxaca",NA,"15","8","2018","iNaturalist","15711952","Ulises Guzm_n",-96.48803,17.259864,"Sierra Madre del Sur province","Mammillaria",16.6499996185303,169.048141479492,7.5,1046,41,2054.96557617188,8.68367004394531
3455394626,"Opuntia pubescens","Oaxaca",5,"6","11","2021","iNaturalist","103342872","Ana FLP",-96.88568,17.045161,"Sierra Madre del Sur province","Opuntia",19.0208339691162,140.542114257812,8.80000019073486,693,19,1956.89331054688,9.92507934570312
3455466388,"Mammillaria mystax","Oaxaca",513,"9","12","2021","iNaturalist","102974090","Jonathan Mohl",-97.779738,17.740252,"Balsas Basin province","Mammillaria",21.2875003814697,180.619201660156,9.39999961853027,651,14,1654.23120117188,3.85537719726562
3455470005,"Mammillaria albilanata","Oaxaca",NA,"18","10","2021","iNaturalist","103118360","Jonathan Mohl",-95.792406,16.752653,"Pacific Lowlands province","Mammillaria",24.5083332061768,156.449752807617,14.1999998092651,876,31,547.315734863281,7.44620513916016
3455519924,"Mammillaria albilanata","Oaxaca",207,"15","9","2009","iNaturalist","95731738","Jonathan Mohl",-96.526597,17.304963,"Balsas Basin province","Mammillaria",19.7374992370605,194.622299194336,8.69999980926514,1043,56,1489.89587402344,2.09318542480469
3455639279,"Marginatocereus marginatus","Oaxaca",4,"2","1","2022","iNaturalist","104535401","Carlos Dom_nguez-Rodr_guez",-96.648906,16.302942,"Sierra Madre del Sur province","Marginatocereus",19.408332824707,121.596084594727,10.3000001907349,736,27,1869.54113769531,4.69764709472656
3455653971,"Mammillaria haageana","Oaxaca",122,"28","7","2020","iNaturalist","103667340","Comisariado de Bienes Comunales de Santiago Apoala, Oax.",-97.123362,17.667557,"Sierra Madre del Sur province","Mammillaria",17.904167175293,199.390640258789,6.80000019073486,612,19,1973.08154296875,21.2888488769531
3455729838,"Coryphantha elephantidens","Oaxaca",35,"4","1","2022","iNaturalist","104352793","georgiakharper",-96.889051,17.073407,"Balsas Basin province","Coryphantha",20.033332824707,147.637969970703,8.89999961853027,694,16,1822.55615234375,4.89028930664062
3455745357,"Stenocereus treleasei","Oaxaca",4,"22","6","2006","iNaturalist","81650671","Ulises Guzm_n",-96.85007,16.88046,"Sierra Madre del Sur province","Stenocereus",19.2416667938232,135.241073608398,8.80000019073486,695,14,1690.97741699219,4.38375854492188
3455831907,"Escontria chiotilla","Oaxaca",149,"22","12","2021","iNaturalist","104142613","Joseph Scheer",-97.747046,17.824488,"Balsas Basin province","Escontria",21.4791660308838,189.382476806641,9.30000019073486,619,20,1603.08020019531,0.497039794921875
3455932460,"Stenocereus pruinosus","Oaxaca",NA,"25","12","2021","iNaturalist","103640414","izanami",-96.562147,16.972712,"Balsas Basin province","Stenocereus",21.4375,144.365768432617,9.19999980926514,646,10,1572.92797851562,0.20037841796875
3455957020,"Opuntia decumbens","Oaxaca",NA,"5","1","2022","iNaturalist","104435836","Bodo Nu_ez Oberg",-95.233326,16.292389,"Pacific Lowlands province","Opuntia",28.2083339691162,112.590065002441,19.7000007629395,893,15,35.3266105651855,0.476487636566162
3455957762,"Mammillaria karwinskiana","Oaxaca",4,"2","1","2022","iNaturalist","104407676","Ulises Guzm_n",-96.643292,16.303915,"Sierra Madre del Sur province","Mammillaria",19.408332824707,121.596084594727,10.3000001907349,736,27,1802.33483886719,12.9374542236328
3455968861,"Coryphantha pallida","Oaxaca",222,"27","12","2021","iNaturalist","104296525","Alfredo Maldonado Velasco",-97.25885,17.664607,"Sierra Madre del Sur province","Coryphantha",13.3291664123535,146.558380126953,3.79999995231628,681,17,2607.00146484375,2.69818115234375
3456056057,"Opuntia pubescens","Oaxaca",NA,"2","1","2022","iNaturalist","104292374","Carlos Dom_nguez-Rodr_guez",-96.649574,16.300953,"Sierra Madre del Sur province","Opuntia",19.408332824707,121.596084594727,10.3000001907349,736,27,1892.87133789062,5.47315979003906
3456234041,"Opuntia pubescens","Oaxaca",4,"2","1","2022","iNaturalist","104385898","La Rata Mutante",-96.638552,16.299838,"Sierra Madre del Sur province","Opuntia",19.3374996185303,121.582832336426,10.3999996185303,743,28,1753.60534667969,2.19284057617188
3456333331,"Mammillaria rekoi","Oaxaca",NA,"18","8","2021","iNaturalist","92494659","Ulises Guzm_n",-96.473427,17.32823,"Sierra Madre del Sur province","Mammillaria",15.2208337783813,156.850524902344,7.09999990463257,1057,42,2174.63598632812,6.65914916992188
3456367791,"Myrtillocactus geometrizans","Oaxaca",3,"22","12","2021","iNaturalist","104180910","Joseph Scheer",-97.682244,18.180575,"Balsas Basin province","Myrtillocactus",20.7666664123535,184.086608886719,10.3999996185303,482,14,1728.90771484375,1.15046691894531
3456472387,"Epiphyllum oxypetalum","Oaxaca",NA,"30","10","2021","iNaturalist","100007285","Carlos Dom_nguez-Rodr_guez",-96.639122,16.305716,"Sierra Madre del Sur province","Epiphyllum",19.7625007629395,122.29109954834,10.5,676,24,1731.09045410156,1.31976318359375
3456705447,"Mammillaria karwinskiana","Oaxaca",NA,"19","10","2021","iNaturalist","103118305","Jonathan Mohl",-95.932738,16.808173,"Pacific Lowlands province","Mammillaria",23.6375007629395,133.776016235352,13.3999996185303,1208,38,1044.45690917969,4.82646179199219
3456836974,"Acanthocereus tetragonus","Oaxaca",NA,"10","12","2021","iNaturalist","103012599","Carlos Dom_nguez-Rodr_guez",-96.204796,15.72223,"Pacific Lowlands province","Acanthocereus",27.0249996185303,97.8519287109375,19.8999996185303,1124,16,24.3749370574951,3.66518998146057
3456838254,"Mammillaria haageana","Oaxaca",NA,"10","12","2021","iNaturalist","102870858","Andrew Dudley",-96.490646,17.255394,"Sierra Madre del Sur province","Mammillaria",16.466667175293,168.027770996094,7.40000009536743,1022,40,1993.99291992188,12.8578186035156
3457002573,"Ferocactus recurvus","Oaxaca",513,"9","12","2021","iNaturalist","102973947","Uziel OM",-97.780317,17.741705,"Balsas Basin province","Ferocactus",21.3125,182.272567749023,9.30000019073486,647,14,1667.79931640625,2.18623352050781
3457109479,"Pilosocereus collinsii","Oaxaca",4,"10","12","2021","iNaturalist","102897009","Carlos Dom_nguez-Rodr_guez",-96.202041,15.747006,"Pacific Lowlands province","Pilosocereus",27.0083332061768,94.9601364135742,20,1200,18,85.6064682006836,3.36310386657715
3457222192,"Opuntia decumbens","Oaxaca",NA,"14","1","2022","iNaturalist","104943608","axelvasquez20",-96.505397,15.659794,"Pacific Lowlands province","Opuntia",26.0583324432373,98.945198059082,18.2000007629395,825,17,37.7611808776855,9.87100505828857
3465131634,"Aporocactus martianus","Oaxaca",NA,"24","11","1959","SD","SD00013129","",-96.55,17.38333,"Sierra Madre del Sur province","Aporocactus",17.8708324432373,168.488723754883,8.39999961853027,1376,57,2004.76977539062,13.0581207275391
3465967925,"Neobuxbaumia tetetzo","Oaxaca",383,"5","6","2021","iNaturalist","105367874","Joseph Scheer",-96.253774,16.666248,"Sierra Madre del Sur province","Neobuxbaumia",24.0708332061768,141.171371459961,13.3999996185303,821,13,980.946655273438,8.20733642578125
3466142338,"Mammillaria haageana","Oaxaca",8,"2","5","2019","iNaturalist","24774295","Ulises Guzm_n",-97.426174,17.969638,"Sierra Madre del Sur province","Mammillaria",16.404167175293,168.650497436523,5.69999980926514,567,18,2265.99389648438,17.6438598632812
3466199735,"Mammillaria albilanata","Oaxaca",NA,"2","1","2022","iNaturalist","104288411","Carlos Dom_nguez-Rodr_guez",-96.640106,16.292374,"Sierra Madre del Sur province","Mammillaria",19.3374996185303,121.582832336426,10.3999996185303,743,28,1923.5478515625,12.2163848876953
3466228963,"Pilosocereus collinsii","Oaxaca",NA,"8","12","2021","iNaturalist","102881030","Gustavo Cruz",-96.154488,15.734325,"Pacific Lowlands province","Pilosocereus",26.9874992370605,98.5376052856445,20,1163,15,42.4092445373535,5.1310772895813
3466342643,"Mammillaria flavicentra","Oaxaca",NA,"3","12","2019","iNaturalist","105623750","Jonathan Mohl",-97.43143,17.898511,"Sierra Madre del Sur province","Mammillaria",16.2916660308838,162.240493774414,5,562,18,2299.52416992188,5.66647338867188
3466350868,"Opuntia decumbens","Oaxaca",NA,"21","1","2022","iNaturalist","105694370","J Floer",-96.240415,15.772575,"Pacific Lowlands province","Opuntia",27.0458335876465,97.9669952392578,19.7999992370605,1192,20,101.078178405762,2.52124691009521
3468775537,"Mammillaria flavicentra","Oaxaca",8,"23","12","2021","iNaturalist","103537537","Ulises Guzm_n",-97.26539,17.666117,"Sierra Madre del Sur province","Mammillaria",13.3291664123535,146.558380126953,3.79999995231628,681,17,2586.97509765625,1.82583618164062
3468990431,"Opuntia dejecta","Oaxaca",31,"2","1","2022","iNaturalist","105280000","Carlos Dom_nguez-Rodr_guez",-96.643159,16.304457,"Sierra Madre del Sur province","Opuntia",19.408332824707,121.596084594727,10.3000001907349,736,27,1789.2490234375,10.2199401855469
3469016354,"Pilosocereus collinsii","Oaxaca",123,"13","4","2020","iNaturalist","42130459","Carlos Dom_nguez-Rodr_guez",-96.106631,15.764842,"Pacific Lowlands province","Pilosocereus",27.2875003814697,92.0504989624023,20.2999992370605,1163,14,52.7607498168945,1.27387428283691
3499387649,"Acanthocereus tetragonus","Oaxaca",NA,"22","1","2022","iNaturalist","106552882","Dan Tucker",-96.125167,15.751728,"Pacific Lowlands province","Acanthocereus",27.1666660308838,96.2320251464844,20.1000003814697,1158,15,16.8988571166992,7.84570980072021
3499393695,"Myrtillocactus geometrizans","Oaxaca",3,"10","2","2022","iNaturalist","106592362","Wolfgang Blum",-97.17038,18.150911,"Balsas Basin province","Myrtillocactus",24.8500003814697,238.4228515625,11.6000003814697,518,16,908.168518066406,1.47809600830078
3499433389,"Mammillaria karwinskiana","Oaxaca",NA,"31","8","2021","iNaturalist","96308395","Ulises Guzm_n",-96.129478,15.768417,"Pacific Lowlands province","Mammillaria",27.2291660308838,96.2585830688477,20.1000003814697,1181,17,15.8287534713745,1.74898386001587
3499560510,"Mammillaria karwinskiana","Oaxaca",4,"14","8","2021","iNaturalist","91497645","Ulises Guzm_n",-96.631081,16.290516,"Sierra Madre del Sur province","Mammillaria",19.404167175293,122.390182495117,10.3999996185303,731,27,1894.19543457031,13.7666320800781
3499580415,"Opuntia decumbens","Oaxaca",102,"11","2","2022","iNaturalist","106899766","Grigory Heaton",-96.077163,15.809286,"Pacific Lowlands province","Opuntia",27.1208324432373,85.691276550293,20.1000003814697,1249,17,98.3370819091797,3.40392780303955
3499606049,"Pilosocereus collinsii","Oaxaca",4,"13","2","2022","iNaturalist","106807754","La Rata Mutante",-96.136147,15.766157,"Pacific Lowlands province","Pilosocereus",27.158332824707,95.6991806030273,20.1000003814697,1182,16,20.4355545043945,1.01827144622803
3698224387,"Mammillaria karwinskiana","Oaxaca",31,"24","8","2014","iNaturalist","69826869","Ulises Guzm_n",-96.653403,16.265112,"Sierra Madre del Sur province","Mammillaria",17.6666660308838,118.615760803223,9.5,977,37,1993.466796875,7.93972778320312
3698289400,"Mammillaria karwinskiana","Oaxaca",35,"31","5","2021","iNaturalist","81144532","Carlos Dom_nguez-Rodr_guez",-96.122799,15.764838,"Pacific Lowlands province","Mammillaria",27.25,95.6793594360352,20.1000003814697,1150,15,0.312741249799728,1.74236154556274
3698393349,"Mammillaria karwinskiana","Oaxaca",NA,"22","11","2020","iNaturalist","65484091","Carlos Dom_nguez-Rodr_guez",-96.001137,15.87185,"Pacific Lowlands province","Mammillaria",26.9249992370605,89.2264862060547,19.6000003814697,1178,13,49.0584411621094,2.0862865447998
3705405434,"Opuntia streptacantha","Oaxaca",NA,"14","12","2021","iNaturalist","103102762","giovannilopezhernandez",-97.798561,17.8104,"Balsas Basin province","Opuntia",21.2583332061768,183.981658935547,9.19999980926514,638,19,1639.1513671875,4.50718688964844
3705448008,"Pachycereus pecten-aboriginum","Oaxaca",NA,"19","2","2022","iNaturalist","107720059","Ad Konings",-95.016609,16.335922,"Pacific Lowlands province","Pachycereus",27.3125,137.0654296875,19.7000007629395,971,8,2.70211029052734,0.463188678026199
3705769731,"Acanthocereus tetragonus","Oaxaca",31,"21","11","2021","iNaturalist","107569903","Daniel Juarez Santiago",-96.523304,15.673507,"Pacific Lowlands province","Acanthocereus",26.0541667938232,98.3837203979492,17.8999996185303,833,16,36.8635864257812,8.37865257263184
3746963554,"Pachycereus pecten-aboriginum","Oaxaca",NA,"11","3","2022","iNaturalist","108876100","Roger Woodruff",-96.324635,16.702562,"Sierra Madre del Sur province","Pachycereus",23.2916660308838,129.94465637207,12.6999998092651,841,16,1066.9599609375,5.99082946777344
3746998533,"Mammillaria karwinskiana","Oaxaca",NA,"11","3","2022","iNaturalist","108876098","Jonathan Mohl",-96.324925,16.702738,"Sierra Madre del Sur province","Mammillaria",23.2916660308838,129.94465637207,12.6999998092651,841,16,1065.04748535156,3.78211975097656
3747262494,"Marginatocereus marginatus","Oaxaca",4,"12","3","2022","iNaturalist","109472332","Carlos Dom_nguez-Rodr_guez",-96.694369,16.717235,"Balsas Basin province","Marginatocereus",21.6166667938232,129.146408081055,9.69999980926514,738,12,1523.37353515625,0.68487548828125
3759094851,"Opuntia huajuapensis","Oaxaca",840,"27","1","2019","iNaturalist","106642240","Carlos Martorell",-97.437326,17.919263,"Sierra Madre del Sur province","Opuntia",16.220832824707,164.544250488281,5.30000019073486,574,19,2200.3857421875,6.19268798828125
3759121200,"Acanthocereus tetragonus","Oaxaca",4,"22","3","2022","iNaturalist","109736049","La Rata Mutante",-96.473104,15.732754,"Pacific Lowlands province","Acanthocereus",26.1875,89.7502593994141,18.2000007629395,1028,19,162.613418579102,3.41030120849609
3759134310,"Pereskia lychnidiflora","Oaxaca",NA,"20","10","2012","iNaturalist","5301415","Tereso Hern_ndez Morales",-95.006629,16.467858,"Pacific Lowlands province","Pereskia",27.2291660308838,148.407577514648,19.7000007629395,1016,11,25.5521965026855,0.246387243270874
3759234033,"Pachycereus pecten-aboriginum","Oaxaca",NA,"12","3","2022","iNaturalist","110517732","Michael Woodruff",-94.869778,16.582525,"Pacific Lowlands province","Pachycereus",26.4291667938232,172.422027587891,19.1000003814697,1035,13,30.6709136962891,0.920132398605347
3759295678,"Opuntia pubescens","Oaxaca",4,"2","4","2022","iNaturalist","111214515","La Rata Mutante",-96.644052,16.290899,"Sierra Madre del Sur province","Opuntia",18.8624992370605,122.216728210449,10.1000003814697,807,31,1935.96447753906,5.0782470703125
3759408334,"Neobuxbaumia tetetzo","Oaxaca",122,"2","4","2022","iNaturalist","110786512","Eugenio Padilla",-96.639499,17.016357,"Balsas Basin province","Neobuxbaumia",19.6166667938232,146.897201538086,8.89999961853027,638,12,1767.98657226562,15.9223175048828
3759579493,"Mammillaria albilanata","Oaxaca",4,"1","7","2018","iNaturalist","69751766","Ulises Guzm_n",-96.642752,16.279735,"Sierra Madre del Sur province","Mammillaria",18.6749992370605,122.687705993652,10,828,32,1766.34020996094,9.7095947265625
3759646991,"Pachycereus pecten-aboriginum","Oaxaca",4,"17","3","2022","iNaturalist","109570882","Daniel",-96.938699,15.901448,"Pacific Lowlands province","Pachycereus",25.9166660308838,85.6083297729492,18.1000003814697,927,12,37.7650451660156,8.35723781585693
3760129764,"Pachycereus pecten-aboriginum","Oaxaca",38,"20","4","2022","iNaturalist","112211654","Pablo Carrillo-Reyes",-95.005633,16.706549,"Pacific Lowlands province","Pachycereus",25.3166656494141,171.163589477539,17.7999992370605,1092,41,296.107971191406,9.20119476318359
3764096392,"Opuntia decumbens","Oaxaca",NA,"21","1","2022","iNaturalist","107895847","Daniel Juarez Santiago",-96.513695,15.68387,"Pacific Lowlands province","Opuntia",25.9833335876465,96.9379501342773,17.8999996185303,904,17,56.9566307067871,3.91595315933228
3764102418,"Opuntia decumbens","Oaxaca",122,"24","11","2020","iNaturalist","107830453","Daniel Juarez Santiago",-97.68847,16.884975,"Sierra Madre del Sur province","Opuntia",18.5,97.2578582763672,10,1194,34,2153.5,15.3655395507812
3764153085,"Disocactus ackermannii","Oaxaca",1,"26","4","2022","iNaturalist","113012875","fpp_chinantla",-96.547932,17.565884,"Sierra Madre del Sur province","Disocactus",16.279167175293,176.87255859375,7.59999990463257,1922,84,2033.365234375,9.06394958496094
3764165747,"Opuntia tomentosa","Oaxaca",3,"23","4","2022","iNaturalist","112653379","Larry Chen",-96.763833,17.055431,"Balsas Basin province","Opuntia",20.7875003814697,138.171905517578,9.60000038146973,652,13,1824.9052734375,4.67384338378906
3764178410,"Opuntia decumbens","Oaxaca",NA,"23","3","2022","iNaturalist","109345315","Luz de los Milagros",-94.570999,16.239435,"Pacific Lowlands province","Opuntia",27.3958339691162,147.069213867188,19.1000003814697,1038,4,3.01235771179199,0.724940240383148
3764472725,"Opuntia pilifera","Oaxaca",4,"23","4","2022","iNaturalist","112627134","Larry Chen",-96.450203,16.959003,"Balsas Basin province","Opuntia",20.779167175293,133.645706176758,9.60000038146973,657,11,1691.82165527344,3.16619873046875
3772422757,"Opuntia karwinskiana","Oaxaca",5,"28","4","2022","iNaturalist","113567790","filimonios",-96.568795,15.704558,"Pacific Lowlands province","Opuntia",25.9249992370605,99.4873352050781,17.2999992370605,875,17,45.7905807495117,2.19200754165649
3772467129,"Myrtillocactus schenckii","Oaxaca",12,"30","4","2022","iNaturalist","115693387","Carlos Dom_nguez-Rodr_guez",-96.943884,17.790313,"Balsas Basin province","Myrtillocactus",24.6791667938232,241.194549560547,13,748,33,919.343811035156,14.7398986816406
3772483707,"Pilosocereus chrysacanthus","Oaxaca",4,"30","4","2022","iNaturalist","115689520","Carlos Dom_nguez-Rodr_guez",-96.944402,17.790162,"Balsas Basin province","Pilosocereus",24.6791667938232,241.194549560547,13,748,33,915.6025390625,9.77496337890625
3772487194,"Mammillaria carnea","Oaxaca",4,"28","4","2022","iNaturalist","116487695","La Rata Mutante",-97.030032,17.864916,"Balsas Basin province","Mammillaria",25.6041660308838,243.538864135742,13.6999998092651,555,17,591.271911621094,4.3804931640625
3772491098,"Pachycereus weberi","Oaxaca",4,"30","4","2022","iNaturalist","115693411","Carlos Dom_nguez-Rodr_guez",-96.943919,17.790129,"Balsas Basin province","Pachycereus",24.6791667938232,241.194549560547,13,748,33,927.749206542969,12.1809921264648
3772492516,"Pilosocereus chrysacanthus","Oaxaca",4,"28","4","2022","iNaturalist","115555003","Carlos Dom_nguez-Rodr_guez",-97.038689,17.862927,"Balsas Basin province","Pilosocereus",25.4541664123535,240.50569152832,13.3999996185303,624,21,756.638488769531,9.48262786865234
3772543317,"Marginatocereus marginatus","Oaxaca",244,"29","5","2010","iNaturalist","116241221","_ngel M_ndez",-96.984337,17.89117,"Balsas Basin province","Marginatocereus",25.6666660308838,247.003234863281,13.6999998092651,577,18,633.172485351562,10.6697616577148
3772670308,"Marginatocereus marginatus","Oaxaca",NA,"10","8","2018","iNaturalist","15700084","Miguel Casta_eda-Z_rate",-96.98718,17.909862,"Balsas Basin province","Marginatocereus",25.6666660308838,246.60725402832,13.6999998092651,618,19,539.180358886719,3.13816833496094
3772691207,"Coryphantha pallida","Oaxaca",244,"1","5","2022","iNaturalist","114352817","AMAURI DIAZ SOLIS",-97.043633,17.861384,"Balsas Basin province","Coryphantha",25.1041660308838,237.94059753418,12.8999996185303,713,30,839.0869140625,7.82633972167969
3772733472,"Marginatocereus marginatus","Oaxaca",4,"30","4","2022","iNaturalist","115693392","Carlos Dom_nguez-Rodr_guez",-96.943796,17.790261,"Balsas Basin province","Marginatocereus",24.6791667938232,241.194549560547,13,748,33,944.984436035156,12.3598937988281
3772738700,"Opuntia pubescens","Oaxaca",4,"30","4","2022","iNaturalist","115555148","La Rata Mutante",-96.944055,17.789984,"Balsas Basin province","Opuntia",24.6791667938232,241.194549560547,13,748,33,933.396667480469,9.03109741210938
3772769433,"Opuntia decumbens","Oaxaca",4,"1","5","2022","iNaturalist","116487732","La Rata Mutante",-97.039393,17.863526,"Balsas Basin province","Opuntia",25.4541664123535,240.50569152832,13.3999996185303,624,21,802.365600585938,8.77207183837891
3772907723,"Stenocereus pruinosus","Oaxaca",NA,"30","4","2022","iNaturalist","115788314","weilival",-96.943886,17.790297,"Balsas Basin province","Stenocereus",24.6791667938232,241.194549560547,13,748,33,919.343811035156,14.7398986816406
3772917232,"Myrtillocactus geometrizans","Oaxaca",4,"1","5","2022","iNaturalist","116487742","Luis Correa",-97.044379,17.862638,"Balsas Basin province","Myrtillocactus",25.1041660308838,237.94059753418,12.8999996185303,713,30,861.443603515625,4.30479431152344
3772919197,"Mammillaria carnea","Oaxaca",4,"27","4","2022","iNaturalist","115396283","Jonathan Mohl",-96.867003,17.798025,"Sierra Madre del Sur province","Mammillaria",13.8583335876465,168.93830871582,6.09999990463257,906,32,2238.92626953125,11.5939636230469
3772920492,"Marginatocereus marginatus","Oaxaca",NA,"1","5","2022","iNaturalist","115775850","Carlos Dom_nguez-Rodr_guez",-97.04129,17.863169,"Balsas Basin province","Marginatocereus",25.4541664123535,240.50569152832,13.3999996185303,624,21,828.505859375,5.79278564453125
3772959835,"Opuntia decumbens","Oaxaca",4,"7","5","2022","iNaturalist","116628851","La Rata Mutante",-96.23808,15.692308,"Pacific Lowlands province","Opuntia",26.9250011444092,96.7071685791016,19.8999996185303,1082,16,7.56266403198242,1.08245396614075
3772989442,"Mammillaria carnea","Oaxaca",NA,"1","5","2022","iNaturalist","115769281","Carlos Dom_nguez-Rodr_guez",-97.050819,17.863094,"Balsas Basin province","Mammillaria",24.7708339691162,241.994140625,12.3999996185303,690,28,758.174438476562,9.37498474121094
3773000582,"Marginatocereus marginatus","Oaxaca",NA,"1","5","2022","iNaturalist","115766328","Carlos Dom_nguez-Rodr_guez",-97.04258,17.862358,"Balsas Basin province","Marginatocereus",25.1041660308838,237.94059753418,12.8999996185303,713,30,835.356079101562,9.09683990478516
3773039293,"Pilosocereus chrysacanthus","Oaxaca",NA,"1","5","2022","iNaturalist","115769291","Carlos Dom_nguez-Rodr_guez",-97.043373,17.86248,"Balsas Basin province","Pilosocereus",25.1041660308838,237.94059753418,12.8999996185303,713,30,849.593811035156,6.71228790283203
3773075808,"Mammillaria carnea","Oaxaca",4,"27","4","2022","iNaturalist","115396289","Jonathan Mohl",-96.890941,17.798587,"Sierra Madre del Sur province","Mammillaria",16.3125,182.633819580078,7.80000019073486,829,28,2122.4619140625,6.1702880859375
3773221370,"Pachycereus pecten-aboriginum","Oaxaca",4,"7","5","2022","iNaturalist","116540216","Carlos Dom_nguez-Rodr_guez",-96.257446,15.71622,"Pacific Lowlands province","Pachycereus",26.9791660308838,97.315315246582,19.7999992370605,1077,15,23.4772548675537,4.17802429199219
3773467152,"Ferocactus recurvus","Oaxaca",488,"12","4","2010","iNaturalist","116241020","Ulises Guzm_n",-97.204077,18.145747,"Balsas Basin province","Ferocactus",24.5874996185303,238.852600097656,11.5,450,12,887.049438476562,7.97364807128906
3773605211,"Neobuxbaumia tetetzo","Oaxaca",NA,"1","5","2022","iNaturalist","116064325","Carlos Dom_nguez-Rodr_guez",-97.037018,17.864466,"Balsas Basin province","Neobuxbaumia",25.4541664123535,240.50569152832,13.3999996185303,624,21,751.378112792969,10.3796234130859
3784924988,"Pachycereus weberi","Oaxaca",977,"19","3","2011","iNaturalist","117255125","_ngel M_ndez",-97.099619,18.0733,"Balsas Basin province","Pachycereus",25.3500003814697,237.725967407227,12.6999998092651,771,30,789.5166015625,4.75080871582031
3785007405,"Myrtillocactus geometrizans","Oaxaca",84,"3","1","2022","iNaturalist","104766438","Tim Zitnak",-96.450818,16.955842,"Balsas Basin province","Myrtillocactus",21.0458335876465,136.605926513672,9.60000038146973,676,13,1648.5947265625,2.69737243652344
3802584469,"Ferocactus recurvus","Oaxaca",15,"1","5","2022","iNaturalist","115696914","Ulises Guzm_n",-97.042572,17.862771,"Balsas Basin province","Ferocactus",25.1041660308838,237.94059753418,12.8999996185303,713,30,844.54150390625,6.25760650634766
3802648316,"Mammillaria karwinskiana","Oaxaca",122,"2","4","2022","iNaturalist","118429115","Jonathan Mohl",-96.635383,16.290306,"Sierra Madre del Sur province","Mammillaria",19.1416664123535,121.315399169922,10.3000001907349,761,29,1781.77416992188,9.32879638671875
3858160412,"Polaskia chichipe","Oaxaca",NA,"17","7","2019","iNaturalist","29617592","Ulises Guzm_n",-97.648376,18.010632,"Balsas Basin province","Polaskia",17.1958332061768,163.713424682617,7,592,13,2205.673828125,7.71224975585938
3858160413,"Stenocereus pruinosus","Oaxaca",NA,"17","7","2019","iNaturalist","29619653","Francisco Alvarado Gallardo",-97.658882,18.015207,"Balsas Basin province","Stenocereus",17.9291667938232,170.059585571289,7.59999990463257,584,15,1950.24267578125,5.06094360351562
3858162356,"Pachycereus pecten-aboriginum","Oaxaca",10,"7","9","2018","iNaturalist","16309731","P Gonzalez Zamora",-95.414863,16.035256,"Pacific Lowlands province","Pachycereus",27.5833339691162,84.7545318603516,19.7999992370605,825,4,146.027572631836,4.19008827209473
3858170737,"Opuntia streptacantha","Oaxaca",170,"28","6","2021","iNaturalist","88203010","jessycruz",-97.325514,17.729345,"Sierra Madre del Sur province","Opuntia",17.2666664123535,185.157577514648,5.90000009536743,516,13,2081.40576171875,5.05059814453125
3858213359,"Pilosocereus collinsii","Oaxaca",5,"7","9","2018","iNaturalist","16308812","ricardo_munoz",-95.210267,16.254238,"Pacific Lowlands province","Pilosocereus",28.2083339691162,112.124778747559,19.8999996185303,887,8,25.5810031890869,0.613764762878418
3858215405,"Opuntia streptacantha","Oaxaca",NA,"17","7","2019","iNaturalist","29617593","ricardo_munoz",-97.648102,18.010914,"Balsas Basin province","Opuntia",17.1958332061768,163.713424682617,7,592,13,2197.24975585938,4.70867919921875
3858224396,"Mammillaria haageana","Oaxaca",31,"18","7","2019","iNaturalist","29654188","Ulises Guzm_n",-97.659088,18.015682,"Balsas Basin province","Mammillaria",17.9291667938232,170.059585571289,7.59999990463257,584,15,1955.16455078125,5.96810913085938
3858242409,"Escontria chiotilla","Oaxaca",NA,"17","7","2019","iNaturalist","29617596","cactus-d",-97.64814,18.010803,"Balsas Basin province","Escontria",17.1958332061768,163.713424682617,7,592,13,2204.13012695312,6.0135498046875
3858247352,"Mammillaria karwinskiana","Oaxaca",10,"9","9","2018","iNaturalist","16379276","cactus-d",-96.513847,17.04145,"Balsas Basin province","Mammillaria",19.408332824707,138.150665283203,9.10000038146973,687,14,1723.3056640625,4.7335205078125
3858273852,"Mammillaria haageana","Oaxaca",6,"26","9","2021","iNaturalist","96326419","Diego",-97.331908,17.871992,"Sierra Madre del Sur province","Mammillaria",16.9166660308838,183.691116333008,5.5,500,16,2126.08544921875,1.99539184570312
3858293363,"Mammillaria karwinskiana","Oaxaca",10,"9","9","2018","iNaturalist","16379148","cactus-d",-96.514205,17.041695,"Balsas Basin province","Mammillaria",19.1833324432373,139.354568481445,9,700,17,1717.64184570312,3.83110046386719
3858420578,"Opuntia pilifera","Oaxaca",766,"28","5","2022","iNaturalist","119199464","Gerardo Manzanarez-Villasana",-96.567453,16.384344,"Balsas Basin province","Opuntia",21.7958335876465,105.624946594238,11.3999996185303,489,5,1546.68432617188,5.00047302246094
3858469182,"Opuntia pubescens","Oaxaca",4,"17","5","2022","iNaturalist","121147892","EmmaVillase_or",-96.726639,17.090772,"Balsas Basin province","Opuntia",21.1958332061768,145.609344482422,9.80000019073486,654,16,1708.93957519531,7.10670471191406
3858480914,"Coryphantha elephantidens","Oaxaca",NA,"28","5","2022","iNaturalist","119670426","Carlos Dom_nguez-Rodr_guez",-96.637695,16.317307,"Sierra Madre del Sur province","Coryphantha",20.2666664123535,121.1748046875,10.6999998092651,628,19,1705.83166503906,5.40464782714844
3858644318,"Opuntia pubescens","Oaxaca",NA,"28","5","2022","iNaturalist","122556539","weilival",-96.63829,16.319902,"Sierra Madre del Sur province","Opuntia",20.2666664123535,121.1748046875,10.6999998092651,628,19,1703.6123046875,3.26754760742188
3859024554,"Epiphyllum anguliger","Oaxaca",140,"17","4","2019","iNaturalist","64414413","Manuel Campos",-97.836123,17.072445,"Sierra Madre del Sur province","Epiphyllum",21.6875,146.584213256836,10.8999996185303,1713,32,1413.15856933594,15.6356201171875
3859061846,"Pereskia lychnidiflora","Oaxaca",4,"28","10","2021","iNaturalist","100028714","Carlos Dom_nguez-Rodr_guez",-96.115081,15.793794,"Pacific Lowlands province","Pereskia",27.2666664123535,91.2372741699219,20.2000007629395,1190,14,33.1819801330566,2.44088196754456
3859115409,"Escontria chiotilla","Oaxaca",NA,"16","7","2019","iNaturalist","29559650","Pedro N_jera Quezada",-97.657043,18.01137,"Balsas Basin province","Escontria",18.2999992370605,175.019485473633,8,569,14,1947.43505859375,8.57861328125
3859146404,"Mammillaria haageana","Oaxaca",15,"17","7","2019","iNaturalist","29615116","Francisco Alvarado Gallardo",-97.655172,18.009776,"Balsas Basin province","Mammillaria",18.2999992370605,175.019485473633,8,569,14,1993.13000488281,9.53213500976562
3859203932,"Coryphantha pallida","Oaxaca",NA,"28","5","2022","iNaturalist","120777924","Carlos Dom_nguez-Rodr_guez",-96.64267,16.31694,"Sierra Madre del Sur province","Coryphantha",19.8500003814697,121.860565185547,10.5,691,23,1805.18334960938,3.06718444824219
3859258831,"Opuntia pubescens","Oaxaca",6,"30","9","2021","iNaturalist","96729163","Carlos Martorell",-97.425557,17.929172,"Sierra Madre del Sur province","Opuntia",16.3166675567627,164.418167114258,5.30000019073486,572,19,2222.841796875,0.74212646484375
3859296353,"Opuntia huajuapensis","Oaxaca",8,"28","4","2018","iNaturalist","13778865","ricardo_munoz",-97.510323,17.846705,"Sierra Madre del Sur province","Opuntia",14.0041666030884,134.560882568359,4.09999990463257,682,23,2555.32104492188,2.29916381835938
3859347347,"Acanthocereus tetragonus","Oaxaca",5,"7","9","2018","iNaturalist","16308895","J. Fernando P_o Le_n",-95.210053,16.254412,"Pacific Lowlands province","Acanthocereus",28.2083339691162,112.124778747559,19.8999996185303,887,8,24.7869625091553,0.721785068511963
3859353341,"Rhipsalis baccifera","Oaxaca",5,"10","8","2018","iNaturalist","15309077","Diego Barrales",-96.270363,17.798228,"Veracruzan province","Rhipsalis",25.0083332061768,240.291763305664,15.8999996185303,3524,233,64.109260559082,1.35714292526245
3859368902,"Ferocactus recurvus","Oaxaca",10,"10","2","2022","iNaturalist","106592349","cactus-d",-97.171678,18.169738,"Balsas Basin province","Ferocactus",24.7875003814697,239.546203613281,11.3999996185303,493,15,931.088256835938,0.687019348144531
3859371403,"Coryphantha pallida","Oaxaca",NA,"4","8","2019","iNaturalist","30279239","ricardo_munoz",-97.683144,18.027174,"Balsas Basin province","Coryphantha",18.125,171.444396972656,8,584,15,2025.88598632812,4.63925170898438
3859475674,"Pachycereus pecten-aboriginum","Oaxaca",4,"21","6","2022","iNaturalist","122866438","Carlos Dom_nguez-Rodr_guez",-96.185131,15.729554,"Pacific Lowlands province","Pachycereus",26.970832824707,94.3026962280273,20.1000003814697,1197,17,202.998901367188,4.61465644836426
3859682360,"Pachycereus pecten-aboriginum","Oaxaca",5,"6","9","2018","iNaturalist","16273668","Pedro N_jera Quezada",-94.98748,16.628863,"Pacific Lowlands province","Pachycereus",26.2666664123535,168.850860595703,19,1006,17,101.46117401123,4.90433979034424
3859955395,"Coryphantha pallida","Oaxaca",NA,"17","7","2019","iNaturalist","29615153","ricardo_munoz",-97.653069,18.009418,"Balsas Basin province","Coryphantha",18.2999992370605,175.019485473633,8,569,14,2111.24365234375,9.10336303710938
3859980660,"Opuntia huajuapensis","Oaxaca",8,"4","5","2021","iNaturalist","77752406","Leticia Soriano Flores",-97.34045,17.822454,"Sierra Madre del Sur province","Opuntia",16.5541667938232,171.510131835938,5.19999980926514,527,17,2257.56396484375,3.65234375
3859985790,"Ferocactus recurvus","Oaxaca",NA,"28","9","2021","iNaturalist","96726453","Miguel Casta_eda-Z_rate",-97.656178,18.177647,"Balsas Basin province","Ferocactus",20.1000003814697,188.486801147461,9.69999980926514,493,14,1767.5830078125,2.94366455078125
3860010056,"Ferocactus recurvus","Oaxaca",NA,"3","5","2022","iNaturalist","115225480","",-96.328036,16.932317,"Balsas Basin province","Ferocactus",19.4541664123535,131.39909362793,9.60000038146973,723,14,1918.76672363281,6.42485046386719
3860017651,"Opuntia tomentosa","Oaxaca",15,"4","5","2021","iNaturalist","77752409","Leticia Soriano Flores",-97.340501,17.82242,"Sierra Madre del Sur province","Opuntia",16.5541667938232,171.510131835938,5.19999980926514,527,17,2257.56396484375,3.65234375
3860052933,"Coryphantha elephantidens","Oaxaca",NA,"23","6","2022","iNaturalist","123155595","Wolfgang Blum",-96.783674,17.078514,"Balsas Basin province","Coryphantha",20.9333324432373,143.785400390625,9.39999961853027,661,16,1897.28405761719,2.45550537109375
3860653676,"Pachycereus pecten-aboriginum","Oaxaca",NA,"21","6","2022","iNaturalist","122866334","Carlos Dom_nguez-Rodr_guez",-96.179161,15.729148,"Pacific Lowlands province","Pachycereus",26.9958324432373,95.5952377319336,20.1000003814697,1180,16,58.8244285583496,3.7923002243042
3872882319,"Opuntia lasiacantha","Oaxaca",5,"12","4","2018","iNaturalist","11076638","ricardo_munoz",-97.361467,17.872222,"Sierra Madre del Sur province","Opuntia",17.529167175293,192.181945800781,5.40000009536743,455,12,2051.97436523438,1.046630859375
3872901416,"Opuntia tomentosa","Oaxaca",31,"16","4","2018","iNaturalist","64186935","Alfredo Maldonado Velasco",-97.323074,17.722833,"Sierra Madre del Sur province","Opuntia",16.8875007629395,180.026840209961,5.59999990463257,520,13,2088.689453125,2.16180419921875
3872988857,"Mammillaria karwinskiana","Oaxaca",5,"23","6","2022","iNaturalist","124548237","Jonathan Mohl",-97.159254,17.29841,"Sierra Madre del Sur province","Mammillaria",18.0208339691162,138.276031494141,7.40000009536743,679,16,2087.40698242188,6.11065673828125
3873087086,"Pachycereus pecten-aboriginum","Oaxaca",NA,"23","7","2022","iNaturalist","127567415","Omar Correa Rodr_guez",-95.200804,16.53184,"Pacific Lowlands province","Pachycereus",26.5458335876465,133.866577148438,18.7999992370605,641,3,149.037353515625,2.27285194396973
3873307493,"Opuntia tomentosa","Oaxaca",32,"21","10","2021","iNaturalist","98943865","Diego",-97.50985,17.860947,"Sierra Madre del Sur province","Opuntia",14.3249998092651,144.308700561523,4.30000019073486,656,24,2537.40991210938,4.9556884765625
3873628923,"Mammillaria haageana","Oaxaca",4,"11","7","2022","iNaturalist","126497311","Diego",-97.511787,17.852792,"Sierra Madre del Sur province","Mammillaria",13.908332824707,135.643814086914,4,685,25,2646.40551757812,4.76284790039062
3873695415,"Mammillaria mystax","Oaxaca",15,"3","10","2020","iNaturalist","62451778","cactus-d",-97.316965,17.705271,"Sierra Madre del Sur province","Mammillaria",16.7916660308838,178.616302490234,5.59999990463257,525,13,2132.94458007812,2.32696533203125
3873816333,"Pachycereus pecten-aboriginum","Oaxaca",1,"19","3","2022","iNaturalist","125966295","Dami_n McAnally",-96.542208,15.668319,"Pacific Lowlands province","Pachycereus",26.0458335876465,98.729606628418,17.7000007629395,849,14,60.5537223815918,4.9983959197998
3874032169,"Mammillaria karwinskiana","Oaxaca",31,"13","8","2009","iNaturalist","127463209","Jonathan Mohl",-96.831583,17.721415,"Balsas Basin province","Mammillaria",17.1499996185303,188.800033569336,7.80000019073486,1235,44,1964.98352050781,7.2208251953125
3874111000,"Coryphantha pallida","Oaxaca",NA,"28","5","2022","iNaturalist","128054326","Ryan",-96.637847,16.318675,"Sierra Madre del Sur province","Coryphantha",20.2666664123535,121.1748046875,10.6999998092651,628,19,1708.14929199219,4.94949340820312
3874149899,"Opuntia decumbens","Oaxaca",165,"23","7","2022","iNaturalist","127567278","ricardo_munoz",-95.201135,16.533169,"Pacific Lowlands province","Opuntia",26.5458335876465,133.866577148438,18.7999992370605,641,3,146.293212890625,1.61472320556641
3881366639,"Acanthocereus tetragonus","Oaxaca",NA,"11","6","2022","iNaturalist","128113588","La Rata Mutante",-96.2557,15.72523,"Pacific Lowlands province","Acanthocereus",27.0249996185303,97.6193923950195,19.7999992370605,1109,18,18.5647773742676,0.432037830352783
3881386343,"Stenocereus pruinosus","Oaxaca",61,"27","11","2012","iNaturalist","48385510","Eugenio Padilla",-98.045832,17.547478,"Balsas Basin province","Stenocereus",21.2625007629395,160.342300415039,9.89999961853027,731,16,1679.77416992188,5.53028869628906
3881391321,"Opuntia pilifera","Oaxaca",122,"28","3","2017","iNaturalist","42143406","Leticia Soriano Flores",-96.980777,17.911839,"Balsas Basin province","Opuntia",25.3583335876465,246.906631469727,13.3999996185303,700,25,659.683654785156,7.14171600341797
3881456273,"Coryphantha pallida","Oaxaca",244,"1","8","2019","iNaturalist","128621559","Alfredo Maldonado Velasco",-97.259231,17.705408,"Sierra Madre del Sur province","Coryphantha",13.9125003814697,152.376998901367,4,624,13,2573.32788085938,11.2044982910156
3881530314,"Opuntia streptacantha","Oaxaca",8,"19","1","2019","iNaturalist","19938879","ricardo_munoz",-97.357351,17.853461,"Sierra Madre del Sur province","Opuntia",15.8625001907349,166.816772460938,4.80000019073486,545,14,2316.31591796875,12.6470336914062
3881592162,"Mammillaria haageana","Oaxaca",61,"30","7","2019","iNaturalist","128621579","Ulises Guzm_n",-97.249742,17.675543,"Sierra Madre del Sur province","Mammillaria",13.375,152.606155395508,3.90000009536743,651,19,2643.67211914062,6.14633178710938
3881610241,"Mammillaria haageana","Oaxaca",122,"26","7","2018","iNaturalist","128621624","Ulises Guzm_n",-97.24254,17.665438,"Sierra Madre del Sur province","Mammillaria",13.4208335876465,150.08268737793,3.90000009536743,656,19,2517.74243164062,10.1817932128906
3881692365,"Opuntia lasiacantha","Oaxaca",122,"8","7","2019","iNaturalist","97117855","Comisariado de Bienes Comunales de Santiago Apoala, Oax.",-97.126942,17.654544,"Sierra Madre del Sur province","Opuntia",18.7999992370605,208.086517333984,7.09999990463257,680,24,1802.32556152344,3.34486389160156
3881701333,"Coryphantha pallida","Oaxaca",30,"1","11","2019","iNaturalist","55055518","cactus-d",-96.957254,17.688544,"Balsas Basin province","Coryphantha",24.6499996185303,228.264205932617,12.6999998092651,899,40,1039.71447753906,12.7088775634766
3881711414,"Opuntia pilifera","Oaxaca",977,"14","4","2013","iNaturalist","117256099","_ngel M_ndez",-96.995007,17.624722,"Sierra Madre del Sur province","Opuntia",20.720832824707,212.126220703125,9.80000019073486,948,38,1707.90026855469,11.5706481933594
3881788379,"Opuntia lasiacantha","Oaxaca",61,"21","1","2020","iNaturalist","103668683","Comisariado de Bienes Comunales de Santiago Apoala, Oax.",-97.120624,17.644461,"Sierra Madre del Sur province","Opuntia",16.7124996185303,183.180541992188,6.30000019073486,538,15,2238.32861328125,14.8865356445312
3888735332,"Pachycereus pecten-aboriginum","Oaxaca",15,"28","1","2014","iNaturalist","70380509","Alexis L_pez Hern_ndez",-95.850979,16.778684,"Pacific Lowlands province","Pachycereus",24.279167175293,158.465072631836,13.6999998092651,918,32,456.054809570312,6.36407470703125
3888773351,"Stenocereus treleasei","Oaxaca",4,"3","6","2021","iNaturalist","81492423","Juve",-96.569346,16.99626,"Balsas Basin province","Stenocereus",21.1458339691162,144.826812744141,9.10000038146973,642,11,1611.21911621094,2.68817138671875
3888886344,"Stenocereus treleasei","Oaxaca",100,"4","4","2021","iNaturalist","72986215","Pablo Carrillo-Reyes",-96.820622,17.223737,"Balsas Basin province","Stenocereus",21.7000007629395,161.807983398438,9.5,710,17,1635.9892578125,0.203033447265625
3888887338,"Stenocereus treleasei","Oaxaca",NA,"18","8","2020","iNaturalist","75626354","Juve",-96.454442,16.958579,"Balsas Basin province","Stenocereus",20.779167175293,133.645706176758,9.60000038146973,657,11,1645.07641601562,1.34794616699219
3892281199,"Opuntia streptacantha","Oaxaca",8,"15","8","2022","iNaturalist","131059331","_______ ___________",-96.305841,16.670595,"Pacific Lowlands province","Opuntia",24.0041656494141,138.423873901367,13.3000001907349,845,15,937.703369140625,0.908355712890625
3892480378,"Marginatocereus marginatus","Oaxaca",8,"15","9","2021","iNaturalist","102965577","Comisariado de Bienes Comunales de Santiago Apoala, Oax.",-97.134149,17.655809,"Sierra Madre del Sur province","Marginatocereus",16.6041660308838,183.828704833984,6,532,16,1984.02673339844,7.9781494140625
3892646230,"Myrtillocactus geometrizans","Oaxaca",7,"15","8","2022","iNaturalist","131059298","_______ ___________",-96.305804,16.670618,"Pacific Lowlands province","Myrtillocactus",24.0041656494141,138.423873901367,13.3000001907349,845,15,937.703369140625,0.908355712890625
3892646667,"Mammillaria albilanata","Oaxaca",94,"11","8","2022","iNaturalist","130338832","Jonathan Mohl",-96.784221,17.086953,"Balsas Basin province","Mammillaria",21.3583335876465,148.275436401367,9.39999961853027,657,14,1684.689453125,11.0122375488281
3902112429,"Stenocereus stellatus","Oaxaca",12,"17","7","2019","iNaturalist","29886973","Francisco Alvarado Gallardo",-97.654195,18.012108,"Balsas Basin province","Stenocereus",18.2999992370605,175.019485473633,8,569,14,1960.47631835938,11.2596740722656
3902115540,"Pachycereus weberi","Oaxaca",502,"21","6","2014","iNaturalist","70479090","Ulises Guzm_n",-96.990908,17.894158,"Balsas Basin province","Pachycereus",25.7458324432373,249.776794433594,13.8000001907349,558,16,518,3.6923828125
3902175219,"Ferocactus recurvus","Oaxaca",423,"18","11","2019","iNaturalist","131504053","Tepelmeme Villa de Morelos",-97.316458,17.879582,"Sierra Madre del Sur province","Ferocactus",15.4791669845581,162.836502075195,5,565,17,2194.96459960938,4.71957397460938
3902197508,"Stenocereus stellatus","Oaxaca",244,"28","9","2018","iNaturalist","48984399","Ulises Guzm_n",-96.97825,17.829722,"Balsas Basin province","Stenocereus",25.3500003814697,243.954177856445,13.5,606,21,690.183166503906,15.2131805419922
3902207398,"Stenocereus pruinosus","Oaxaca",8,"14","7","2022","iNaturalist","126302128","Alfredo Maldonado Velasco",-97.428436,17.929635,"Sierra Madre del Sur province","Stenocereus",16.3166675567627,164.418167114258,5.30000019073486,572,19,2201.2431640625,6.02801513671875
3902288876,"Opuntia huajuapensis","Oaxaca",423,"18","11","2019","iNaturalist","131504387","Alfredo Maldonado Velasco",-97.313712,17.878888,"Sierra Madre del Sur province","Opuntia",15.4791669845581,162.836502075195,5,565,17,2291.07983398438,9.38784790039062
3902392178,"Coryphantha elephantidens","Oaxaca",8,"6","8","2022","iNaturalist","134088937","Eugenio Padilla",-96.735698,17.08436,"Balsas Basin province","Coryphantha",21.25,145.258392333984,9.69999980926514,658,15,1701.93994140625,9.556884765625
3902431800,"Pachycereus weberi","Oaxaca",NA,"27","4","2022","iNaturalist","131377354","Socorro Garcia M_ndez",-97.079111,18.148931,"Balsas Basin province","Pachycereus",24.3583335876465,236.73762512207,11,842,42,1001.62091064453,2.90658569335938
3902432306,"Acanthocereus tetragonus","Oaxaca",126,"5","8","2022","iNaturalist","131074893","Tim Zitnak",-97.090356,15.867261,"Pacific Lowlands province","Acanthocereus",26.6749992370605,80.4956359863281,19.8999996185303,927,12,17.73122215271,1.72023820877075
3902456836,"Neobuxbaumia tetetzo","Oaxaca",10,"6","9","2022","iNaturalist","133996070","Ian Rhodes",-96.275483,16.867217,"Sierra Madre del Sur province","Neobuxbaumia",19.3541660308838,126.157524108887,10.3000001907349,701,12,1752.18347167969,8.15913391113281
3902566316,"Opuntia streptacantha","Oaxaca",505,"19","7","2017","iNaturalist","7135413","Alfredo Maldonado Velasco",-97.346592,17.856395,"Sierra Madre del Sur province","Opuntia",16.3250007629395,172.778091430664,5.09999990463257,527,15,2238.62255859375,9.89974975585938
3902575006,"Coryphantha elephantidens","Oaxaca",590,"19","8","2022","iNaturalist","132094520","K_rlis J_nis",-96.744445,17.144103,"Sierra Madre del Sur province","Coryphantha",20.6124992370605,157.380905151367,9.10000038146973,689,18,1667.50537109375,5.62664794921875
3902608473,"Opuntia pubescens","Oaxaca",NA,"20","6","2021","iNaturalist","83829068","adrianaangelescarreo",-96.632562,16.803453,"Balsas Basin province","Opuntia",21.0125007629395,119.660980224609,9.69999980926514,672,12,1613.01135253906,3.69697570800781
3902887604,"Pereskiopsis kellermanii","Oaxaca",5,"25","8","2022","iNaturalist","132432681","filimonios",-96.192222,15.757763,"Pacific Lowlands province","Pereskiopsis",27.0083332061768,95.6041641235352,20,1207,17,68.4516372680664,2.48214244842529
3902987660,"Mammillaria haageana","Oaxaca",452,"9","7","2022","iNaturalist","126000192","Alfredo Maldonado Velasco",-97.246391,17.320177,"Sierra Madre del Sur province","Mammillaria",17.5083332061768,131.871719360352,6.80000019073486,679,13,2089.49780273438,2.728271484375
3903298404,"Stenocereus pruinosus","Oaxaca",61,"7","8","2022","iNaturalist","134326748","Eugenio Padilla",-96.322449,16.934712,"Sierra Madre del Sur province","Stenocereus",18.970832824707,129.060562133789,9.5,743,14,1779.82946777344,11.2659759521484
3903372282,"Myrtillocactus schenckii","Oaxaca",15,"7","8","2022","iNaturalist","134322471","Eugenio Padilla",-96.322685,16.932844,"Balsas Basin province","Myrtillocactus",19.1166667938232,130.180526733398,9.5,734,14,1766.17224121094,10.7615661621094
3903396996,"Stenocereus treleasei","Oaxaca",4,"7","8","2022","iNaturalist","134322732","Eugenio Padilla",-96.322857,16.931424,"Balsas Basin province","Stenocereus",19.1166667938232,130.180526733398,9.5,734,14,1741.81115722656,7.05908203125
3903471520,"Mammillaria albilanata","Oaxaca",14,"6","9","2022","iNaturalist","133996159","Jonathan Mohl",-96.27687,16.86922,"Sierra Madre del Sur province","Mammillaria",19.3541660308838,126.157524108887,10.3000001907349,701,12,1780.67944335938,1.55599975585938
3903472306,"Ferocactus recurvus","Oaxaca",31,"7","8","2022","iNaturalist","134336595","Ulises Guzm_n",-96.323822,16.933867,"Sierra Madre del Sur province","Ferocactus",18.970832824707,129.060562133789,9.5,743,14,1835.37756347656,9.92774963378906
3903643830,"Mammillaria karwinskiana","Oaxaca",8,"7","8","2022","iNaturalist","134330221","Eugenio Padilla",-96.323492,16.936515,"Sierra Madre del Sur province","Mammillaria",18.970832824707,129.060562133789,9.5,743,14,1816.45007324219,19.2635803222656
3912028078,"Pilosocereus leucocephalus","Oaxaca",15,"6","11","2017","iNaturalist","134924206","zoquiapam",-96.851828,17.576106,"Balsas Basin province","Pilosocereus",24.2708339691162,229.76725769043,12.8000001907349,840,32,892.502136230469,5.83818817138672
3912049456,"Stenocereus pruinosus","Oaxaca",NA,"20","7","2021","iNaturalist","87935668","Pedro N_jera Quezada",-97.773496,17.817347,"Balsas Basin province","Stenocereus",21.4291667938232,187.791702270508,9.30000019073486,625,20,1650.10827636719,5.31388854980469
3912060394,"Stenocereus pruinosus","Oaxaca",NA,"1","5","2022","iNaturalist","116065997","Carlos Dom_nguez-Rodr_guez",-96.958656,17.793447,"Balsas Basin province","Stenocereus",25.2083339691162,247.311325073242,13.5,567,17,593.353942871094,0.6326904296875
3915259881,"Mammillaria haageana","Oaxaca",122,"4","5","2009","iNaturalist","136067547","Jonathan Mohl",-97.438425,17.791439,"Sierra Madre del Sur province","Mammillaria",14.6708335876465,144.433975219727,4.19999980926514,641,20,2538.72973632812,10.8774108886719
3915345897,"Mammillaria haageana","Oaxaca",61,"18","3","2015","iNaturalist","136064115","Jonathan Mohl",-97.935156,17.693797,"Balsas Basin province","Mammillaria",21.408332824707,167.248199462891,10.1000003814697,685,17,1396.84069824219,20.2427062988281
3915361368,"Stenocereus pruinosus","Oaxaca",NA,"5","1","2022","iNaturalist","104435838","Ulises Guzm_n",-95.232983,16.292579,"Pacific Lowlands province","Stenocereus",28.2083339691162,112.590065002441,19.7000007629395,893,15,35.3435287475586,0.44507360458374
3915385710,"Mammillaria haageana","Oaxaca",122,"4","5","2009","iNaturalist","136068528","Jonathan Mohl",-97.442626,17.788323,"Sierra Madre del Sur province","Mammillaria",15.0458335876465,150.415466308594,4.40000009536743,617,18,2517.62475585938,15.8384704589844
3915418628,"Mammillaria haageana","Oaxaca",122,"4","5","2009","iNaturalist","136064559","Jonathan Mohl",-97.446026,17.796682,"Sierra Madre del Sur province","Mammillaria",15.3583335876465,155.955017089844,4.59999990463257,605,18,2312.578125,7.63491821289062
3915426760,"Ferocactus recurvus","Oaxaca",244,"4","5","2009","iNaturalist","136074028","Ulises Guzm_n",-97.430254,17.796314,"Sierra Madre del Sur province","Ferocactus",15.6666669845581,160.416107177734,4.80000019073486,586,18,2339.13647460938,12.4676208496094
3915471305,"Neobuxbaumia tetetzo","Oaxaca",NA,"3","9","2018","iNaturalist","16195318","Ulises Guzm_n",-96.252182,16.672298,"Sierra Madre del Sur province","Neobuxbaumia",23.7374992370605,131.220230102539,13.3000001907349,844,16,1002.33203125,12.3698883056641
3915502129,"Mammillaria albilanata","Oaxaca",31,"5","2","2015","iNaturalist","135959779","Jonathan Mohl",-97.903748,17.710107,"Balsas Basin province","Mammillaria",20.4500007629395,173.925277709961,9.30000019073486,692,18,1671.81506347656,11.0662078857422
3915510431,"Stenocactus crispatus","Oaxaca",244,"4","5","2009","iNaturalist","136069134","Eugenio Padilla",-97.436816,17.790698,"Sierra Madre del Sur province","Stenocactus",14.6708335876465,144.433975219727,4.19999980926514,641,20,2488.61987304688,6.03530883789062
3947174549,"Stenocereus pruinosus","Oaxaca",4,"30","4","2022","iNaturalist","114064769","Ulises Guzm_n",-96.67903,16.418567,"Balsas Basin province","Stenocereus",21.6083335876465,99.4949340820312,11.3000001907349,614,8,1508.21655273438,3.35031127929688
3947611509,"Pachycereus pecten-aboriginum","Oaxaca",8,"5","3","2022","iNaturalist","107994783","rtg_fungi",-96.578138,15.716978,"Pacific Lowlands province","Pachycereus",26.1124992370605,99.1584014892578,17.2999992370605,873,17,26.9254913330078,1.34121322631836
3947719244,"Opuntia huajuapensis","Oaxaca",4,"12","12","2021","iNaturalist","138616047","Heriberto _vila-Gonz_lez",-97.334876,17.725217,"Sierra Madre del Sur province","Opuntia",17.2083339691162,182.779449462891,5.80000019073486,523,13,2067.72729492188,2.19525146484375
3960990466,"Cephalocereus columna-trajani","Oaxaca",21,"1","5","2022","iNaturalist","116061091","Carlos Dom_nguez-Rodr_guez",-97.040087,17.86244,"Balsas Basin province","Cephalocereus",25.4541664123535,240.50569152832,13.3999996185303,624,21,776.804992675781,5.47181701660156
3961021690,"Disocactus speciosus","Oaxaca",61,"30","4","2022","iNaturalist","139238441","Ulises Guzm_n",-96.440201,16.1383,"Sierra Madre del Sur province","Disocactus",16.7541656494141,93.0165863037109,9.39999961853027,1170,25,2350.34155273438,11.8833618164062
3961230516,"Cephalocereus apicicephalium","Oaxaca",NA,"11","3","2017","iNaturalist","125117985","Ulises Guzm_n",-95.025,16.441667,"Pacific Lowlands province","Cephalocereus",27.4500007629395,143.003479003906,19.8999996185303,1027,10,24.6526794433594,0.772832870483398
3963237445,"Neobuxbaumia tetetzo","Oaxaca",61,"20","5","2022","iNaturalist","118886341","Ulises Guzm_n",-97.062189,17.91408,"Balsas Basin province","Neobuxbaumia",24.6375007629395,241.859497070312,12.1000003814697,725,30,854.975036621094,6.67416381835938
3963263477,"Stenocereus treleasei","Oaxaca",8,"28","5","2022","iNaturalist","121379518","Ulises Guzm_n",-96.643136,16.316115,"Sierra Madre del Sur province","Stenocereus",19.6124992370605,121.526748657227,10.3999996185303,717,24,1815.91442871094,3.29421997070312
3963522409,"Neobuxbaumia tetetzo","Oaxaca",28,"22","10","2021","iNaturalist","101438613","iantroncoso",-96.982594,17.900469,"Balsas Basin province","Neobuxbaumia",25.470832824707,249.540130615234,13.6000003814697,613,19,540.961669921875,2.15111541748047
3963625420,"Neobuxbaumia tetetzo","Oaxaca",8,"1","5","2022","iNaturalist","116061179","Carlos Dom_nguez-Rodr_guez",-97.045961,17.861473,"Balsas Basin province","Neobuxbaumia",25.1041660308838,237.94059753418,12.8999996185303,713,30,841.094360351562,10.3818359375
3963656025,"Neobuxbaumia tetetzo","Oaxaca",20,"9","5","2022","iNaturalist","141180719","Santa Mar_a Tecomovaca",-97.022238,17.883735,"Balsas Basin province","Neobuxbaumia",25.6875,240.56867980957,13.6999998092651,627,21,718.295104980469,15.1603088378906
3966492392,"Ferocactus recurvus","Oaxaca",860,"16","7","2021","iNaturalist","87310436","Ulises Guzm_n",-97.171362,17.18548,"Sierra Madre del Sur province","Ferocactus",19.5791664123535,158.508071899414,8.5,762,17,1817.076171875,6.62046813964844
3985616940,"Mammillaria karwinskiana","Oaxaca",441,"3","11","2022","iNaturalist","141434759","Jonathan Mohl",-96.324151,16.933082,"Sierra Madre del Sur province","Mammillaria",19.1166667938232,130.180526733398,9.5,734,14,1823.64599609375,10.8502807617188
3985639509,"Mammillaria rekoi","Oaxaca",NA,"14","3","2022","iNaturalist","110794957","Jonathan Mohl",-96.21933,16.809789,"Sierra Madre del Sur province","Mammillaria",18.5,122.474494934082,10.5,701,14,2068.78930664062,4.50949096679688
3985670264,"Mammillaria karwinskiana","Oaxaca",NA,"15","11","2022","iNaturalist","142270318","Jonathan Mohl",-96.466682,16.412748,"Sierra Madre del Sur province","Mammillaria",20.6375007629395,90.9076690673828,12.1000003814697,611,15,1949.98937988281,9.94309997558594
3985689475,"Mammillaria haageana","Oaxaca",658,"1","2","2015","iNaturalist","94899921","cactus-d",-97.071211,17.751385,"Sierra Madre del Sur province","Mammillaria",17.4583339691162,190.678619384766,7.90000009536743,620,21,2087.53881835938,6.56854248046875
3985698564,"Mammillaria karwinskiana","Oaxaca",4,"24","4","2022","iNaturalist","115240435","cactus-d",-96.718347,16.234465,"Sierra Madre del Sur province","Mammillaria",19.125,104.739952087402,10.6000003814697,894,23,1819.40808105469,21.3383636474609
3985706720,"Mammillaria karwinskiana","Oaxaca",61,"25","7","2022","iNaturalist","132616264","Jonathan Mohl",-97.012555,16.674041,"Sierra Madre del Sur province","Mammillaria",18.2416667938232,120.601417541504,8.69999980926514,876,22,1989.35559082031,13.9589233398438
3985706967,"Opuntia tomentosa","Oaxaca",8,"1","10","2022","iNaturalist","142069405","Daniel Juarez Santiago",-96.579751,15.670217,"Pacific Lowlands province","Opuntia",26.0666656494141,101.20484161377,17.7000007629395,829,14,6.13904047012329,1.22759604454041
3985710121,"Pereskiopsis kellermanii","Oaxaca",15,"10","11","2022","iNaturalist","142138515","Carlos Dom_nguez-Rodr_guez",-96.203369,15.762681,"Pacific Lowlands province","Pereskiopsis",27.0208339691162,96.1404876708984,19.8999996185303,1213,18,99.2871475219727,2.40383338928223
3985728499,"Coryphantha pallida","Oaxaca",9,"20","9","2021","iNaturalist","95582706","Ulises Guzm_n",-97.553781,17.677348,"Sierra Madre del Sur province","Coryphantha",18.0625,173.560653686523,6,599,16,2088.05737304688,2.14682006835938
3985735530,"Mammillaria albilanata","Oaxaca",61,"18","12","2012","iNaturalist","110338007","_ngel M_ndez",-96.979894,17.898263,"Balsas Basin province","Mammillaria",25.4375,248.624664306641,13.5,624,20,619.128173828125,1.31008148193359
3985829823,"Mammillaria haageana","Oaxaca",100,"15","11","2022","iNaturalist","142636914","Eugenio Padilla",-96.467848,16.402959,"Balsas Basin province","Mammillaria",20.9916667938232,96.0783996582031,12,511,12,1852.55004882812,16.1365966796875
3985915057,"Ferocactus recurvus","Oaxaca",NA,"16","10","2022","iNaturalist","142962948","cactus-d",-97.316506,17.547775,"Sierra Madre del Sur province","Ferocactus",15.5833330154419,137.400085449219,4.80000019073486,587,13,2307.9755859375,6.45269775390625
3986007220,"Mammillaria karwinskiana","Oaxaca",NA,"15","11","2022","iNaturalist","142270419","Jonathan Mohl",-96.466705,16.416836,"Sierra Madre del Sur province","Mammillaria",21.1458339691162,92.3545074462891,12.3000001907349,472,11,2085.32104492188,4.9259033203125
3986055524,"Stenocactus crispatus","Oaxaca",NA,"3","12","2019","iNaturalist","105624018","Alfredo Maldonado Velasco",-97.431552,17.898707,"Sierra Madre del Sur province","Stenocactus",16.2916660308838,162.240493774414,5,562,18,2305.853515625,3.665283203125
3986196410,"Mammillaria albilanata","Oaxaca",61,"29","11","2020","iNaturalist","71551600","Alfredo Maldonado Velasco",-97.234609,17.846767,"Sierra Madre del Sur province","Mammillaria",15.5249996185303,175.984237670898,5.30000019073486,542,17,2292.01220703125,4.7642822265625
3986304636,"Stenocereus pruinosus","Oaxaca",31,"11","7","2022","iNaturalist","142562910","Aztatla San Miguel",-97.452538,18.045279,"Balsas Basin province","Stenocereus",21.4249992370605,220.345779418945,9.39999961853027,497,19,1532.36975097656,7.35063171386719
3988441418,"Mammillaria albilanata","Oaxaca",16,"9","1","2022","iNaturalist","104740064","Alfredo Maldonado Velasco",-97.285972,17.63498,"Sierra Madre del Sur province","Mammillaria",14.4499998092651,150.800903320312,4.19999980926514,593,13,2408.44921875,2.01052856445312
3988451251,"Ferocactus recurvus","Oaxaca",5,"12","11","2022","iNaturalist","143732036","Tim Zitnak",-97.161024,17.297467,"Sierra Madre del Sur province","Ferocactus",18.0208339691162,138.276031494141,7.40000009536743,679,16,2055.55834960938,12.7233276367188
3988493731,"Mammillaria albilanata","Oaxaca",NA,"16","10","2022","iNaturalist","143335915","Jonathan Mohl",-97.314864,17.549328,"Sierra Madre del Sur province","Mammillaria",15.5833330154419,137.400085449219,4.80000019073486,587,13,2328.26171875,7.274658203125
3994176306,"Myrtillocactus geometrizans","Oaxaca",NA,"28","9","2017","iNaturalist","8292850","W. Thompson",-97.502778,17.857778,"Sierra Madre del Sur province","Myrtillocactus",14.7291669845581,144.983673095703,4.40000009536743,643,23,2491.19653320312,14.861083984375
4006662807,"Pachycereus pecten-aboriginum","Oaxaca",9,"14","12","2022","iNaturalist","144389748","Raul Ezequiel Gonz_lez Trujillo",-96.557226,15.71822,"Pacific Lowlands province","Pachycereus",26.0874996185303,98.6298370361328,17.2000007629395,884,18,57.3141021728516,3.6797924041748
4011607201,"Myrtillocactus geometrizans","Oaxaca",993,"1","1","2023","iNaturalist","145612436","Jim Riley",-96.323599,16.930446,"Balsas Basin province","Myrtillocactus",19.1166667938232,130.180526733398,9.5,734,14,1731.28344726562,3.29779052734375
4011659741,"Opuntia karwinskiana","Oaxaca",4,"26","12","2022","iNaturalist","145272774","Carlos Dom_nguez-Rodr_guez",-96.149514,15.743374,"Pacific Lowlands province","Opuntia",26.970832824707,97.1516571044922,20,1178,15,22.7772102355957,3.56714773178101
4011735304,"Mammillaria karwinskiana","Oaxaca",31,"1","1","2023","iNaturalist","145716814","Carlos Dom_nguez-Rodr_guez",-96.71088,16.308585,"Sierra Madre del Sur province","Mammillaria",18.8958339691162,120.481201171875,9.89999961853027,800,25,2067.8134765625,12.6461181640625
4011755335,"Mammillaria karwinskiana","Oaxaca",15,"1","1","2023","iNaturalist","145716813","Carlos Dom_nguez-Rodr_guez",-96.601529,16.339124,"Balsas Basin province","Mammillaria",21.3208332061768,117.752792358398,11.1999998092651,544,12,1555.35327148438,1.20881652832031
4011782357,"Mammillaria karwinskiana","Oaxaca",NA,"1","1","2023","iNaturalist","145716815","Carlos Dom_nguez-Rodr_guez",-96.773492,16.318319,"Sierra Madre del Sur province","Mammillaria",19.8166675567627,97.4290771484375,10.6999998092651,823,17,1831.01611328125,4.25395202636719
4011810375,"Mammillaria albilanata","Oaxaca",10,"1","1","2023","iNaturalist","145729944","Jonathan Mohl",-96.638686,16.280263,"Sierra Madre del Sur province","Mammillaria",19.1000003814697,124.316314697266,10.3000001907349,753,30,1788.74487304688,9.48138427734375
4011909911,"Pachycereus pecten-aboriginum","Oaxaca",440,"29","12","2022","iNaturalist","145393211","Jim Riley",-95.840709,15.913746,"Pacific Lowlands province","Pachycereus",27.6458339691162,82.5298538208008,20.1000003814697,1042,10,49.4679985046387,2.54190826416016
4011935340,"Mammillaria albilanata","Oaxaca",354,"31","12","2022","iNaturalist","145726265","Jonathan Mohl",-96.646771,16.301635,"Sierra Madre del Sur province","Mammillaria",19.408332824707,121.596084594727,10.3000001907349,736,27,1926.80456542969,4.99656677246094
4012032367,"Mammillaria karwinskiana","Oaxaca",15,"1","1","2023","iNaturalist","145716818","Carlos Dom_nguez-Rodr_guez",-96.791001,16.218691,"Sierra Madre del Sur province","Mammillaria",20.3916664123535,111.311058044434,11.3999996185303,1041,22,1587.65783691406,13.7536315917969
4014920980,"Pachycereus pecten-aboriginum","Oaxaca",NA,"31","12","2022","iNaturalist","145889545","Liam Wolff",-96.451471,16.955816,"Balsas Basin province","Pachycereus",21.0458335876465,136.605926513672,9.60000038146973,676,13,1646.64868164062,2.91224670410156
4014929948,"Pachycereus pecten-aboriginum","Oaxaca",NA,"2","1","2023","iNaturalist","145890017","Liam Wolff",-96.076338,15.81247,"Pacific Lowlands province","Pachycereus",27.1208324432373,85.691276550293,20.1000003814697,1249,17,110.595962524414,3.68404674530029
4014996785,"Ferocactus recurvus","Oaxaca",NA,"1","1","2023","iNaturalist","145726286","Tim Zitnak",-97.431366,17.98439,"Sierra Madre del Sur province","Ferocactus",17.2416667938232,179.466796875,6.19999980926514,547,18,2131.2353515625,5.67349243164062
4015079783,"Mammillaria albilanata","Oaxaca",5,"1","1","2023","iNaturalist","145720048","Jonathan Mohl",-96.648297,16.288975,"Sierra Madre del Sur province","Mammillaria",18.8624992370605,122.216728210449,10.1000003814697,807,31,1910.00769042969,7.83920288085938
4018103887,"Pilosocereus collinsii","Oaxaca",294,"11","1","2023","iNaturalist","146346831","Daniel S_nchez",-95.01241,16.538002,"Pacific Lowlands province","Pilosocereus",27.0791664123535,155.716186523438,19.7000007629395,1004,10,30.7717018127441,0.747854948043823
4021965147,"Marginatocereus marginatus","Oaxaca",NA,"19","1","2023","iNaturalist","146925226","Juan",-96.449022,16.957703,"Balsas Basin province","Marginatocereus",20.9333343505859,135.182250976562,9.60000038146973,677,13,1685.03491210938,3.31755065917969
4021985108,"Opuntia streptacantha","Oaxaca",8,"15","5","2022","iNaturalist","147143237","Alfredo Maldonado Velasco",-97.272525,17.762359,"Sierra Madre del Sur province","Opuntia",16.1708335876465,175.764022827148,5.19999980926514,514,15,2155.57641601562,1.90509033203125
4022050906,"Opuntia tomentosa","Oaxaca",4,"31","12","2022","iNaturalist","146953529","Ulises Guzm_n",-96.638476,16.299815,"Sierra Madre del Sur province","Opuntia",19.3374996185303,121.582832336426,10.3999996185303,743,28,1752.57641601562,2.44622802734375
4022061718,"Opuntia tomentosa","Oaxaca",163,"31","12","2020","iNaturalist","146725870","bxnnyfer",-97.689747,17.245814,"Sierra Madre del Sur province","Opuntia",18.1083335876465,140.483474731445,7.19999980926514,844,20,2033.30725097656,0.27301025390625
4022180506,"Pachycereus pecten-aboriginum","Oaxaca",235,"21","1","2023","iNaturalist","147046065","Carlos Dom_nguez-Rodr_guez",-94.999783,16.539368,"Pacific Lowlands province","Pachycereus",27.0541667938232,157.573333740234,19.6000003814697,1018,11,29.274959564209,0.249139547348022
4022266416,"Opuntia decumbens","Oaxaca",225,"21","1","2023","iNaturalist","147046040","Kevin Meza",-95.001303,16.542004,"Pacific Lowlands province","Opuntia",27.0208339691162,157.096633911133,19.6000003814697,1005,11,32.5068626403809,0.387803554534912
4022343358,"Opuntia decumbens","Oaxaca",262,"21","1","2023","iNaturalist","147046061","Kevin Meza",-95.000486,16.540149,"Pacific Lowlands province","Opuntia",27.0666656494141,157.051406860352,19.6000003814697,1008,10,29.879566192627,0.171741485595703
4027226350,"Rhipsalis baccifera","Oaxaca",NA,"21","6","2000","UCR","","",-96.70167,18.2825,"Veracruzan province","Rhipsalis",25.2041664123535,246.433258056641,16.2000007629395,2762,145,96.308967590332,2.66568565368652
4028811037,"Opuntia decumbens","Oaxaca",620,"28","1","2023","iNaturalist","147809150","Miguel",-94.22203,16.462702,"Pacific Lowlands province","Opuntia",26.7583332061768,117.972137451172,18.1000003814697,1377,10,164.195098876953,2.57931327819824
4028827059,"Ferocactus recurvus","Oaxaca",183,"20","1","2023","iNaturalist","147360850","cactus-d",-96.473349,16.649191,"Balsas Basin province","Ferocactus",21.375,121.121658325195,10.8000001907349,635,10,1503.7119140625,7.99986267089844
4028827681,"Opuntia tomentosa","Oaxaca",20,"20","1","2023","iNaturalist","147467338","alison_gb",-96.771478,17.088914,"Balsas Basin province","Opuntia",21.7291660308838,154.367584228516,9.5,661,15,1594.48669433594,1.99615478515625
4028954522,"Ferocactus recurvus","Oaxaca",NA,"26","1","2023","iNaturalist","147415506","Ulises Guzm_n",-96.343344,16.802284,"Sierra Madre del Sur province","Ferocactus",19.5541667938232,120.763832092285,10,605,7,1850.31176757812,7.21414184570312
4029012865,"Opuntia karwinskiana","Oaxaca",222,"31","1","2023","iNaturalist","147859696","atilanojose",-96.771982,17.089726,"Balsas Basin province","Opuntia",21.7291660308838,154.367584228516,9.5,661,15,1598.67541503906,2.6842041015625
4029193182,"Mammillaria albilanata","Oaxaca",244,"23","10","2018","iNaturalist","147979813","Jonathan Mohl",-96.908361,17.543712,"Balsas Basin province","Mammillaria",17.970832824707,178.089065551758,8.19999980926514,729,23,1987.85900878906,17.2302093505859
4034645576,"Mammillaria carnea","Oaxaca",30,"12","7","2022","iNaturalist","142637862","Jonathan Mohl",-96.848999,17.588819,"Balsas Basin province","Mammillaria",23.9500007629395,227.556198120117,12.3999996185303,970,42,1028.11938476562,4.87454986572266
4034715876,"Mammillaria albilanata","Oaxaca",52,"4","2","2023","iNaturalist","148323685","Jonathan Mohl",-96.479649,16.398246,"Balsas Basin province","Mammillaria",21.5625,99.6613464355469,12,412,9,1645.01452636719,3.42080688476562
4034768518,"Coryphantha pallida","Oaxaca",4,"6","10","2022","iNaturalist","148283534","J. Erick G_mez",-97.343561,17.602205,"Sierra Madre del Sur province","Coryphantha",14.0500001907349,134.941070556641,4.09999990463257,672,16,2631.55810546875,4.54681396484375
4034780842,"Mammillaria albilanata","Oaxaca",113,"4","2","2023","iNaturalist","148324876","Jonathan Mohl",-96.475975,16.400503,"Balsas Basin province","Mammillaria",21.3374996185303,95.9195785522461,12.1000003814697,430,11,1735.99145507812,9.57461547851562
4046407851,"Mammillaria flavicentra","Oaxaca",244,"7","12","2022","iNaturalist","149502329","Alfredo Maldonado Velasco",-97.451012,18.0455,"Balsas Basin province","Mammillaria",21.4249992370605,220.345779418945,9.39999961853027,497,19,1586.61950683594,13.059326171875
4054958851,"Disocactus speciosus","Oaxaca",210,"28","2","2023","iNaturalist","150129974","ana_d0minguez",-96.71961,17.026361,"Balsas Basin province","Disocactus",21.8083324432373,151.339950561523,9.60000038146973,645,11,1524.6826171875,0.485076904296875
4062681948,"Pilosocereus chrysacanthus","Oaxaca",110,"26","2","2023","iNaturalist","150763380","Eugenio Padilla",-97.819679,17.765092,"Balsas Basin province","Pilosocereus",21.033332824707,179.877899169922,9.39999961853027,655,17,1754.80249023438,2.47979736328125
4062703833,"Ferocactus recurvus","Oaxaca",122,"24","2","2023","iNaturalist","150671816","guadalupeitzel",-97.36238,17.858719,"Sierra Madre del Sur province","Ferocactus",16.7000007629395,177.097808837891,5.09999990463257,502,12,2299.79370117188,10.4850769042969
4062806218,"Myrtillocactus geometrizans","Oaxaca",393,"27","2","2023","iNaturalist","151037259","estherjoselin",-96.719555,17.026461,"Balsas Basin province","Myrtillocactus",21.8083324432373,151.339950561523,9.60000038146973,645,11,1525.02514648438,0.584274291992188
4067156928,"Myrtillocactus geometrizans","Oaxaca",NA,"4","3","2023","iNaturalist","151254778","Dan Riley",-96.319903,16.694106,"Sierra Madre del Sur province","Myrtillocactus",23.6749992370605,135.571197509766,12.8999996185303,854,16,1036.83776855469,2.31611633300781
4067230883,"Ferocactus recurvus","Oaxaca",31,"12","1","2022","iNaturalist","151227069","Ulises Guzm_n",-97.729829,17.793064,"Balsas Basin province","Ferocactus",19.9958324432373,172.05256652832,8.60000038146973,628,13,2128.6904296875,12.8287353515625
4067270277,"Mammillaria albilanata","Oaxaca",NA,"14","3","2023","iNaturalist","151569985","Jonathan Mohl",-96.443442,16.900447,"Balsas Basin province","Mammillaria",20.5583324432373,136.6953125,9.5,638,10,1697.57348632812,1.70875549316406
4067313927,"Pachycereus pecten-aboriginum","Oaxaca",NA,"5","3","2023","iNaturalist","151255118","Dan Riley",-94.843333,16.603869,"Pacific Lowlands province","Pachycereus",25.8291664123535,171.138671875,18.5,1098,34,86.9470596313477,7.01438331604004
4075591979,"Stenocereus pruinosus","Oaxaca",282,"4","3","2023","iNaturalist","151787655","Dan Riley",-96.450112,16.957143,"Balsas Basin province","Stenocereus",21.0458335876465,136.605926513672,9.60000038146973,676,13,1669.87231445312,4.09580993652344
4075667603,"Marginatocereus marginatus","Oaxaca",4,"25","12","2021","iNaturalist","103666693","Marie Coleman",-96.35903,16.928533,"Balsas Basin province","Marginatocereus",20.0750007629395,131.018753051758,9.69999980926514,693,12,1700.73803710938,1.40452575683594
4075765592,"Marginatocereus marginatus","Oaxaca",NA,"15","3","2022","iNaturalist","108696974","axelvasquez20",-96.514689,15.663047,"Pacific Lowlands province","Marginatocereus",26.1124992370605,100.682342529297,18.1000003814697,806,16,11.7156982421875,5.95417881011963
4076228036,"Coryphantha pallida","Oaxaca",NA,"18","3","2023","iNaturalist","151851918","weilival",-96.629982,16.29399,"Sierra Madre del Sur province","Coryphantha",18.9916667938232,116.166687011719,10.3000001907349,835,30,2048.8916015625,2.22175598144531
4076244641,"Myrtillocactus geometrizans","Oaxaca",61,"19","3","2022","iNaturalist","115574739","Daniel Juarez Santiago",-96.309958,15.685022,"Pacific Lowlands province","Myrtillocactus",26.9208335876465,96.7296371459961,19.3999996185303,1000,15,9.94613742828369,8.32755947113037
4076378708,"Opuntia pubescens","Oaxaca",NA,"18","3","2023","iNaturalist","152472916","La Rata Mutante",-96.627624,16.290209,"Sierra Madre del Sur province","Opuntia",19.404167175293,122.390182495117,10.3999996185303,731,27,1913.31994628906,5.29623413085938
4080502924,"Pachycereus pecten-aboriginum","Oaxaca",31,"2","4","2023","iNaturalist","153724416","Daniel Juarez Santiago",-94.872801,16.58679,"Pacific Lowlands province","Pachycereus",26.0208339691162,169.22900390625,18.7999992370605,1014,18,131.751541137695,16.113395690918
4080564751,"Mammillaria karwinskiana","Oaxaca",6,"5","4","2023","iNaturalist","153610640","Jonathan Mohl",-96.513793,16.971397,"Balsas Basin province","Mammillaria",21.5125007629395,140.391098022461,9.39999961853027,663,11,1586.50244140625,0.0678253173828125
4080624976,"Pachycereus pecten-aboriginum","Oaxaca",31,"1","4","2023","iNaturalist","153777921","Daniel Juarez Santiago",-94.959728,16.366001,"Pacific Lowlands province","Pachycereus",27.216667175293,140.943756103516,19.6000003814697,976,8,0.0436512157320976,0.529842436313629
4080668641,"Opuntia streptacantha","Oaxaca",644,"2","4","2023","iNaturalist","153473685","Alfredo Maldonado Velasco",-97.336694,18.123908,"Balsas Basin province","Opuntia",21.466667175293,234.145782470703,9.69999980926514,574,20,1529.64880371094,11.2057647705078
4080668886,"Pachycereus pecten-aboriginum","Oaxaca",8,"2","4","2023","iNaturalist","153723935","Daniel Juarez Santiago",-94.902034,16.564511,"Pacific Lowlands province","Pachycereus",26.8083324432373,162.604278564453,19.5,1020,11,39.9716796875,4.81340169906616
4081013474,"Neobuxbaumia tetetzo","Oaxaca",31,"4","4","2023","iNaturalist","154262352","Carlos Dom_nguez-Rodr_guez",-96.158834,15.734961,"Pacific Lowlands province","Neobuxbaumia",27.0083332061768,97.7667465209961,20,1159,15,17.1938934326172,0.594999074935913
4091377700,"Pachycereus pecten-aboriginum","Oaxaca",15,"6","4","2023","iNaturalist","154557828","Dean Hester",-96.525496,17.305059,"Balsas Basin province","Pachycereus",19.7374992370605,194.622299194336,8.69999980926514,1043,56,1497.88256835938,11.5776977539062
4091853472,"Opuntia pilifera","Oaxaca",8,"9","10","2022","iNaturalist","138191044","Raul Ezequiel Gonz_lez Trujillo",-96.504407,16.906785,"Balsas Basin province","Opuntia",19.154167175293,148.820510864258,8.89999961853027,625,10,1823.21496582031,4.56724548339844
4102573527,"Pachycereus pecten-aboriginum","Oaxaca",61,"8","4","2023","iNaturalist","154373278","Daniel Juarez Santiago",-95.094794,16.524707,"Pacific Lowlands province","Pachycereus",27.4833335876465,140.588592529297,19.8999996185303,915,7,96.9927139282227,5.43070507049561
4103150916,"Pachycereus pecten-aboriginum","Oaxaca",230,"27","4","2023","iNaturalist","156930988","Kevin Meza",-94.992822,16.622461,"Pacific Lowlands province","Pachycereus",26.5249996185303,167.175735473633,19.2000007629395,1026,15,65.3517150878906,1.03915023803711
4103164446,"Opuntia karwinskiana","Oaxaca",431,"11","1","2023","iNaturalist","146346829","Kevin Meza",-95.01254,16.537954,"Pacific Lowlands province","Opuntia",27.0791664123535,155.716186523438,19.7000007629395,1004,10,30.7717018127441,0.747854948043823
4111686697,"Mammillaria albilanata","Oaxaca",15,"15","8","2012","iNaturalist","158881657","Dr. Alexey Yakovlev",-96.474113,17.258873,"Balsas Basin province","Mammillaria",15.2208337783813,160.091720581055,7.09999990463257,956,35,2391.056640625,10.7725524902344
4111781728,"Mammillaria albilanata","Oaxaca",76,"15","8","2012","iNaturalist","158862406","Ulises Guzm_n",-96.477634,17.258099,"Sierra Madre del Sur province","Mammillaria",15.4208335876465,160.559494018555,7.09999990463257,933,35,2317.43725585938,3.80538940429688
4111854841,"Melocactus curvispinus","Oaxaca",4,"2","5","2023","iNaturalist","160297413","Carlos Dom_nguez-Rodr_guez",-95.216205,16.583455,"Pacific Lowlands province","Melocactus",26.8041667938232,148.147018432617,19,746,6,145.210906982422,2.02558135986328
4111957244,"Pilosocereus collinsii","Oaxaca",31,"7","5","2023","iNaturalist","160752664","Ulises Guzm_n",-95.314068,16.38081,"Pacific Lowlands province","Pilosocereus",27.3083343505859,113.194000244141,19,717,3,296.799133300781,2.64719772338867
4111988495,"Pachycereus pecten-aboriginum","Oaxaca",75,"2","5","2023","iNaturalist","159973767","Carlos Dom_nguez-Rodr_guez",-95.016804,16.334043,"Pacific Lowlands province","Pachycereus",27.3791675567627,135.972259521484,19.7999992370605,969,8,1.01935756206512,0.82617199420929
4112055880,"Myrtillocactus geometrizans","Oaxaca",206,"27","3","2023","iNaturalist","160351635","itandehui11cortez01",-96.72324,17.065794,"Balsas Basin province","Myrtillocactus",21.7333335876465,151.647537231445,9.80000019073486,661,13,1559.43395996094,1.19432067871094
4112097569,"Opuntia karwinskiana","Oaxaca",8,"28","4","2023","iNaturalist","157478033","Carlos Dom_nguez-Rodr_guez",-96.136227,15.766042,"Pacific Lowlands province","Opuntia",27.158332824707,95.6991806030273,20.1000003814697,1182,16,20.4355545043945,1.01827144622803
4112221479,"Pachycereus pecten-aboriginum","Oaxaca",NA,"2","5","2023","iNaturalist","159989718","Carlos Dom_nguez-Rodr_guez",-95.016457,16.354031,"Pacific Lowlands province","Pachycereus",27.4208335876465,135.302001953125,19.7999992370605,989,9,6.42347431182861,0.371349334716797
4116309960,"Opuntia decumbens","Oaxaca",4,"6","5","2023","iNaturalist","161219255","La Rata Mutante",-96.154523,15.734272,"Pacific Lowlands province","Opuntia",26.9874992370605,98.5376052856445,20,1163,15,42.4092445373535,5.1310772895813
4116413777,"Pachycereus pecten-aboriginum","Oaxaca",NA,"7","5","2023","iNaturalist","160845799","Omar Correa Rodr_guez",-95.307818,16.381955,"Pacific Lowlands province","Pachycereus",27.7250003814697,116.940155029297,19.2999992370605,824,4,190.965682983398,10.3473300933838
4116453765,"Ferocactus recurvus","Oaxaca",4,"14","3","2023","iNaturalist","161873731","Erik Atonaltzin Tapia Santiago",-97.715431,17.668625,"Sierra Madre del Sur province","Ferocactus",21.5750007629395,166.985321044922,9.39999961853027,651,14,1615.18115234375,16.2857360839844
4120931684,"Mammillaria karwinskiana","Oaxaca",8,"13","8","2012","iNaturalist","162637780","Dr. Alexey Yakovlev",-96.39868,16.922585,"Balsas Basin province","Mammillaria",20.6625003814697,133.877914428711,9.69999980926514,687,13,1654.03674316406,0.244842529296875
4121145809,"Coryphantha elephantidens","Oaxaca",NA,"16","5","2023","iNaturalist","162085686","Eugenio Padilla",-96.721839,17.064632,"Balsas Basin province","Coryphantha",21.7333335876465,151.647537231445,9.80000019073486,661,13,1551.68676757812,0.95916748046875
4121226560,"Opuntia pilifera","Oaxaca",4,"5","4","2023","iNaturalist","153610689","makelikeanapeman",-96.449668,16.958433,"Balsas Basin province","Opuntia",20.7666664123535,134.28825378418,9.60000038146973,664,11,1690.99157714844,3.040283203125
4121261511,"Coryphantha elephantidens","Oaxaca",4,"13","8","2012","iNaturalist","162637777","Dr. Alexey Yakovlev",-96.359192,16.928262,"Balsas Basin province","Coryphantha",20.0750007629395,131.018753051758,9.69999980926514,693,12,1699.6376953125,1.25341796875
4121389140,"Pachycereus pecten-aboriginum","Oaxaca",NA,"19","5","2023","iNaturalist","162577792","Arturo Benavides-Mendoza",-94.971542,16.61875,"Pacific Lowlands province","Pachycereus",26.1916675567627,163.468566894531,18.8999996185303,985,18,101.099113464355,4.51716613769531
4121409619,"Pereskia lychnidiflora","Oaxaca",NA,"8","5","2023","iNaturalist","163104971","La Rata Mutante",-96.136339,15.766015,"Pacific Lowlands province","Pereskia",27.158332824707,95.6991806030273,20.1000003814697,1182,16,20.4355545043945,1.01827144622803
4126823859,"Mammillaria flavicentra","Oaxaca",628,"12","3","2023","iNaturalist","163494706","JENARO REYES MARTINEZ",-96.880407,17.824343,"Sierra Madre del Sur province","Mammillaria",21.1749992370605,247.078399658203,9.39999961853027,1604,82,1347.81298828125,3.64247131347656
4127114527,"Coryphantha elephantidens","Oaxaca",92,"27","5","2023","iNaturalist","164118699","cactus-d",-96.870064,17.040997,"Sierra Madre del Sur province","Coryphantha",18.8916664123535,134.279800415039,8.80000019073486,689,18,1959.85217285156,9.35739135742188
4129790625,"Marginatocereus marginatus","Oaxaca",NA,"6","6","2017","iNaturalist","165173418","Styv De Jes_s Calva",-97.974349,17.926206,"Balsas Basin province","Marginatocereus",22.4624996185303,169.747467041016,11,614,20,1605.50268554688,2.49690246582031
4130142525,"Stenocereus stellatus","Oaxaca",NA,"5","6","2017","iNaturalist","165179731","Styv De Jes_s Calva",-97.933166,17.899079,"Balsas Basin province","Stenocereus",21.3875007629395,173.756942749023,10.3000001907349,653,19,1736.59399414062,7.67057800292969
4130196720,"Acanthocereus tetragonus","Oaxaca",31,"21","5","2023","iNaturalist","165314497","Daniel Juarez Santiago",-95.077626,16.479988,"Pacific Lowlands province","Acanthocereus",27.5124988555908,140.682174682617,19.8999996185303,978,7,27.6492938995361,0.256909370422363
4133972440,"Acanthocereus tetragonus","Oaxaca",NA,"6","6","2023","iNaturalist","166277334","Carlos Dom_nguez-Rodr_guez",-95.233391,16.620949,"Pacific Lowlands province","Acanthocereus",26.5458335876465,149.095108032227,18.7000007629395,659,4,134.363571166992,1.1967716217041
4133992043,"Ferocactus recurvus","Oaxaca",424,"29","4","2023","iNaturalist","167046787","greymstreet",-97.442499,17.655692,"Sierra Madre del Sur province","Ferocactus",15.8874998092651,153.979415893555,4.90000009536743,603,16,2188.87109375,2.67196655273438
4134095380,"Pachycereus pecten-aboriginum","Oaxaca",NA,"6","6","2023","iNaturalist","166277340","Carlos Dom_nguez-Rodr_guez",-95.233307,16.620865,"Pacific Lowlands province","Pachycereus",26.6208324432373,151.54443359375,18.7999992370605,716,5,134.363571166992,1.1967716217041
4136388340,"Opuntia auberi","Oaxaca",NA,"21","9","1991","MEXU","103337013","",-97.05,18.083333,"Balsas Basin province","Opuntia",24.125,237.338470458984,11.1000003814697,955,48,1057.66162109375,6.4739990234375
4137643017,"Stenocereus pruinosus","Oaxaca",35,"19","6","2023","iNaturalist","168392803","Elliot Greiner",-96.656675,16.853519,"Balsas Basin province","Stenocereus",20.9791660308838,131.641021728516,9.19999980926514,661,10,1572.98657226562,1.6864013671875
4138035886,"Stenocereus treleasei","Oaxaca",6,"24","6","2023","iNaturalist","169390573","Ulises Guzm_n",-96.80465,17.168925,"Balsas Basin province","Stenocereus",21.654167175293,162.459197998047,9.30000019073486,683,14,1613.25671386719,2.33750915527344
4138114185,"Mammillaria karwinskiana","Oaxaca",4,"21","6","2023","iNaturalist","168668649","Jonathan Mohl",-96.67384,16.857348,"Balsas Basin province","Mammillaria",21.3791675567627,137.534454345703,9,720,11,1586.52917480469,7.12229919433594
4138188927,"Mammillaria karwinskiana","Oaxaca",31,"16","5","2023","iNaturalist","168320255","Jonathan Mohl",-96.871746,17.039019,"Sierra Madre del Sur province","Mammillaria",18.8916664123535,134.279800415039,8.80000019073486,689,18,2006.30126953125,6.95538330078125
4138322271,"Stenocereus stellatus","Oaxaca",6,"21","6","2023","iNaturalist","168670128","Elliot Greiner",-96.673496,16.857611,"Balsas Basin province","Stenocereus",21.3791675567627,137.534454345703,9,720,11,1585.37170410156,8.00651550292969
4138641881,"Pachycereus pecten-aboriginum","Oaxaca",108,"17","6","2023","iNaturalist","168770058","Juve",-96.330837,16.601207,"Sierra Madre del Sur province","Pachycereus",23.625,136.456771850586,13.1999998092651,805,11,977.949035644531,4.38545227050781
4138699465,"Pereskia lychnidiflora","Oaxaca",4,"25","6","2023","iNaturalist","169538475","Alexis L_pez Hern_ndez",-94.890514,16.45873,"Pacific Lowlands province","Pereskia",27.2875003814697,152.853546142578,19.7000007629395,1008,13,5.03273963928223,0.69709712266922
4145544883,"Rhipsalis baccifera","Oaxaca",NA,"7","6","2023","iNaturalist","171076256","filimonios",-95.299065,16.883904,"Sierra Madre del Sur province","Rhipsalis",23.8083324432373,155.648696899414,15.8000001907349,1295,65,474.245635986328,4.81454086303711
4145659217,"Pereskiopsis kellermanii","Oaxaca",31,"1","7","2023","iNaturalist","170523538","Carlos Dom_nguez-Rodr_guez",-96.193139,15.764125,"Pacific Lowlands province","Pereskiopsis",27.0208339691162,96.1404876708984,19.8999996185303,1206,18,84.0631942749023,2.90204238891602
4168480260,"Disocactus ackermannii","Oaxaca",90,"23","5","1963","CECOY-INIFAP","20306","NO DISPONIBLE",-96.958333,18.141667,"Sierra Madre del Sur province","Disocactus",15.2250003814697,191.957611083984,6.59999990463257,1525,64,2244.59643554688,12.33251953125
4168485140,"Cephalocereus apicicephalium","Oaxaca",100,"3","9","1972","CECOY-INIFAP","25896","C. Zamora S.",-94.995246,16.581287,"Pacific Lowlands province","Cephalocereus",26.9125003814697,159.304214477539,19.6000003814697,1006,11,49.7192306518555,0.234150886535645
4168601327,"Escontria chiotilla","Oaxaca",100,"26","2","1988","CUCBA-UDG","NO DISPONIBLE","NO DISPONIBLE",-96.356111,16.598889,"Sierra Madre del Sur province","Escontria",22.6000003814697,108.878570556641,12.8999996185303,616,9,1410.828125,3.54354858398438
4168737822,"Opuntia tomentosa","Oaxaca",90,"16","3","1996","CUCBA-UDG","152156","S. Arias",-97.569999,17.27,"Sierra Madre del Sur province","Opuntia",17.5249996185303,119.096969604492,7.30000019073486,774,16,2147.47583007812,5.76922607421875
4168737888,"Opuntia pilifera","Oaxaca",100,"16","7","1969","CECOY-INIFAP","22752","L. Scheinvar",-96.338056,16.923333,"Balsas Basin province","Opuntia",19.8291664123535,134.374969482422,9.69999980926514,713,13,1708.49438476562,1.00465393066406
4169312244,"Ferocactus recurvus","Oaxaca",NA,"1","11","2001","CIIDIR-IPN","46444","S. Arias",-97.575,18.025,"Sierra Madre del Sur province","Ferocactus",13.9833335876465,143.627258300781,4.69999980926514,631,13,2398.51904296875,12.5681762695312
4169319253,"Opuntia pubescens","Oaxaca",NA,"19","10","2004","CIIDIR-IPN","40939","L. Scheinvar",-96.000238,16.000833,"Pacific Lowlands province","Opuntia",25.654167175293,80.7762985229492,17.7999992370605,1069,12,414.789337158203,3.27457427978516
4171202979,"Melocactus curvispinus","Oaxaca",15,"2","7","2023","iNaturalist","170970226","Alexis L_pez Hern_ndez",-94.728638,16.418519,"Pacific Lowlands province","Melocactus",27.5041656494141,147.33171081543,19.2999992370605,968,11,28.356746673584,0.282126665115356
4171651154,"Coryphantha retusa","Oaxaca",488,"16","7","2023","iNaturalist","175247612","Jos_ Luis Mendoza Betanzos",-97.457032,17.43368,"Sierra Madre del Sur province","Coryphantha",13.5124998092651,142.192672729492,4,756,19,2614.3447265625,4.4033203125
4172188278,"Cephalocereus columna-trajani","Oaxaca",244,"6","8","2023","iNaturalist","177368156","Carlos Dom_nguez-Rodr_guez",-97.290312,18.152276,"Balsas Basin province","Cephalocereus",23.2291660308838,244.711853027344,10.1999998092651,363,10,1193.86743164062,17.2888641357422
4172190736,"Opuntia decumbens","Oaxaca",4,"25","6","2023","iNaturalist","177137875","Alexis L_pez Hern_ndez",-94.891393,16.458561,"Pacific Lowlands province","Opuntia",27.2875003814697,152.853546142578,19.7000007629395,1008,13,4.35890913009644,0.26953399181366
4172305521,"Cephalocereus columna-trajani","Oaxaca",NA,"6","8","2023","iNaturalist","177368145","Carlos Dom_nguez-Rodr_guez",-97.330948,18.125912,"Sierra Madre del Sur province","Cephalocereus",21.5625,238.881134033203,9.5,561,20,1507.66198730469,2.76882934570312
4399459349,"Opuntia auberi","Oaxaca",90,"10","10","2002","IBUNAM","NO DISPONIBLE","NO DISPONIBLE",-96.936944,17.711944,"Balsas Basin province","Opuntia",25.1458339691162,243.650817871094,13.6999998092651,540,17,659.219848632812,4.5821533203125
4399459380,"Pachycereus weberi","Oaxaca",90,"5","9","1905","IBUNAM","NO DISPONIBLE","S. Gama; S. Arias",-96.961111,17.758333,"Balsas Basin province","Pachycereus",25.341667175293,244.0830078125,13.6999998092651,542,18,617.559753417969,3.11371612548828
4399459456,"Opuntia velutina","Oaxaca",90,NA,NA,NA,"IBUNAM","NO DISPONIBLE","C. A. Cruz",-96.933575,17.683561,"Balsas Basin province","Opuntia",25.0375003814697,239.944381713867,13.6999998092651,558,19,668.532104492188,0.308876037597656
4399459606,"Opuntia decumbens","Oaxaca",90,NA,NA,NA,"IBUNAM","NO DISPONIBLE","C. A. Cruz",-96.942028,17.710306,"Balsas Basin province","Opuntia",25.1124992370605,239.194915771484,13.5,620,23,746.421203613281,5.44564056396484
4399459661,"Mammillaria huitzilopochtli","Oaxaca",90,"26","5","2002","IBUNAM","NO DISPONIBLE","J. Reyes",-96.929833,17.71925,"Balsas Basin province","Mammillaria",24.9500007629395,244.391632080078,13.5,564,18,660.306701660156,4.38741302490234
4399459684,"Epiphyllum oxypetalum","Oaxaca",90,"6","9","1993","IBUNAM","832166","S. Arias",-97.066667,18.133333,"Balsas Basin province","Epiphyllum",24.154167175293,239.701141357422,10.6999998092651,885,45,1059.99816894531,8.76445007324219
4399493302,"Mammillaria huitzilopochtli","Oaxaca",90,NA,NA,"2010","FESI-UNAM","NO APLICA","",-96.986844,17.941278,"Balsas Basin province","Mammillaria",25.3541660308838,238.798706054688,13.3999996185303,830,32,730.643188476562,16.4565048217773
4399493304,"Mammillaria huitzilopochtli","Oaxaca",90,NA,NA,"2010","FESI-UNAM","NO APLICA","",-96.983964,17.857458,"Balsas Basin province","Mammillaria",25.5041675567627,242.369522094727,13.6999998092651,625,21,705.204467773438,5.90184783935547
4399493305,"Mammillaria huitzilopochtli","Oaxaca",90,NA,NA,"2010","FESI-UNAM","NO APLICA","",-96.97035,17.907983,"Balsas Basin province","Mammillaria",25.1166667938232,247.710708618164,13.3000001907349,718,26,574.71875,6.83457183837891
4399493326,"Mammillaria kraehenbuehlii","Oaxaca",90,NA,NA,"2010","FESI-UNAM","NO APLICA","",-97.27818,17.83275,"Sierra Madre del Sur province","Mammillaria",19.3541660308838,219.45654296875,7.30000019073486,441,11,1941.74291992188,10.8829193115234
4399493355,"Mammillaria huitzilopochtli","Oaxaca",90,NA,NA,"2010","FESI-UNAM","NO APLICA","",-96.974889,17.913083,"Balsas Basin province","Mammillaria",25.2000007629395,251.368957519531,13.3000001907349,668,22,693.184997558594,16.6127700805664
4399493365,"Mammillaria kraehenbuehlii","Oaxaca",90,NA,NA,"2010","FESI-UNAM","NO APLICA","",-97.566917,17.665972,"Sierra Madre del Sur province","Mammillaria",17.658332824707,172.110321044922,5.90000009536743,622,18,2132.36938476562,6.064208984375
4399493373,"Mammillaria kraehenbuehlii","Oaxaca",90,NA,NA,"2010","FESI-UNAM","NO APLICA","",-97.56425,17.661,"Sierra Madre del Sur province","Mammillaria",17.2124996185303,166.952987670898,5.5,627,18,2142.46948242188,5.48406982421875
4399493398,"Mammillaria kraehenbuehlii","Oaxaca",90,NA,NA,"2010","FESI-UNAM","NO APLICA","",-97.27518,17.81598,"Sierra Madre del Sur province","Mammillaria",18.2333335876465,205.916290283203,6.59999990463257,465,13,2009.52514648438,3.48667907714844
4399493403,"Mammillaria kraehenbuehlii","Oaxaca",90,NA,NA,"2010","FESI-UNAM","NO APLICA","",-97.27844,17.81833,"Sierra Madre del Sur province","Mammillaria",19.1875,217.507843017578,7.19999980926514,447,12,2021.92639160156,5.60478210449219
4399493454,"Mammillaria huitzilopochtli","Oaxaca",90,NA,NA,"2010","FESI-UNAM","NO APLICA","",-96.989389,17.879361,"Balsas Basin province","Mammillaria",25.654167175293,246.359451293945,13.6999998092651,569,17,554.337890625,13.3582916259766
4399493520,"Mammillaria kraehenbuehlii","Oaxaca",90,NA,NA,"2010","FESI-UNAM","NO APLICA","",-97.27271,17.81535,"Sierra Madre del Sur province","Mammillaria",18.7000007629395,215.269393920898,6.90000009536743,455,11,2008.4169921875,7.023681640625
4399493622,"Mammillaria huitzilopochtli","Oaxaca",90,NA,NA,"2010","FESI-UNAM","NO APLICA","",-96.959917,17.826583,"Balsas Basin province","Mammillaria",24.8125,237.468902587891,12.8999996185303,872,39,895.841979980469,12.7538299560547
4399493668,"Mammillaria kraehenbuehlii","Oaxaca",90,NA,NA,"2010","FESI-UNAM","NO APLICA","",-97.31502,17.80873,"Sierra Madre del Sur province","Mammillaria",19.125,207.435638427734,7,441,10,1977.60815429688,4.27020263671875
4399493729,"Mammillaria kraehenbuehlii","Oaxaca",90,NA,NA,"2010","FESI-UNAM","NO APLICA","",-97.30966,17.30154,"Sierra Madre del Sur province","Mammillaria",16.2250003814697,129.413024902344,6.19999980926514,726,17,2203.8759765625,9.93630981445312
4399493912,"Mammillaria kraehenbuehlii","Oaxaca",90,NA,NA,"2010","FESI-UNAM","NO APLICA","",-97.16704,17.49087,"Sierra Madre del Sur province","Mammillaria",15.2624998092651,137.495864868164,5.19999980926514,602,8,2390.17456054688,4.36575317382812
4399494173,"Mammillaria huitzilopochtli","Oaxaca",90,NA,NA,"2010","FESI-UNAM","NO APLICA","",-96.990444,17.867611,"Balsas Basin province","Mammillaria",25.595832824707,245.990173339844,13.6999998092651,594,19,602.856079101562,12.15380859375
4399494203,"Mammillaria kraehenbuehlii","Oaxaca",90,"18","4","2011","FESI-UNAM","NO APLICA","LUGC",-97.309661,17.784872,"Sierra Madre del Sur province","Mammillaria",18.2250003814697,199.550628662109,6.5,465,11,2036.9072265625,4.06243896484375
4399494221,"Mammillaria huitzilopochtli","Oaxaca",90,NA,NA,"2010","FESI-UNAM","NO APLICA","",-96.984944,17.866222,"Balsas Basin province","Mammillaria",25.5750007629395,245.176162719727,13.6999998092651,596,20,570.808715820312,7.46732330322266
4399495582,"Mammillaria huitzilopochtli","Oaxaca",90,NA,NA,"2010","FESI-UNAM","NO APLICA","",-96.993139,17.852278,"Balsas Basin province","Mammillaria",25.6791667938232,243.445526123047,13.8000001907349,588,18,655.240478515625,6.35475158691406
4399495639,"Mammillaria huitzilopochtli","Oaxaca",90,NA,NA,"2010","FESI-UNAM","NO APLICA","",-96.998778,17.863194,"Balsas Basin province","Mammillaria",25.7666664123535,243.500350952148,13.8999996185303,573,17,640.236145019531,9.61183929443359
4399496075,"Mammillaria kraehenbuehlii","Oaxaca",90,NA,NA,"2010","FESI-UNAM","NO APLICA","",-97.2963,17.82419,"Sierra Madre del Sur province","Mammillaria",19.5499992370605,216.63752746582,7.30000019073486,457,11,1929.81909179688,1.39720153808594
4399496239,"Mammillaria kraehenbuehlii","Oaxaca",90,NA,NA,"2010","FESI-UNAM","NO APLICA","",-97.30386,17.80791,"Sierra Madre del Sur province","Mammillaria",18.8833332061768,205.419006347656,6.90000009536743,446,10,1988.98400878906,4.37661743164062
4399909912,"Polaskia chichipe","Oaxaca",NA,"9","9","2013","iNaturalist","179244529","Rosario",-97.647653,18.231075,"Balsas Basin province","Polaskia",19.2749996185303,189.670776367188,8.89999961853027,515,13,1874.22277832031,3.35319519042969
4400188640,"Escontria chiotilla","Oaxaca",NA,"9","9","2013","iNaturalist","179245129","Rosario",-97.647636,18.231042,"Balsas Basin province","Escontria",19.2749996185303,189.670776367188,8.89999961853027,515,13,1874.22277832031,3.35319519042969
4400239785,"Pachycereus pecten-aboriginum","Oaxaca",808,"27","7","2023","iNaturalist","179393329","A.-A.-G.-G.",-96.768519,17.046445,"Balsas Basin province","Pachycereus",20.3166675567627,134.575653076172,9.5,662,16,1919.69665527344,2.90200805664062
4400346068,"Pachycereus pecten-aboriginum","Oaxaca",8,"2","7","2023","iNaturalist","179283226","Ulises Guzm_n",-94.084431,16.235186,"Pacific Lowlands province","Pachycereus",28.25,97.0473022460938,19.7000007629395,1558,7,12.5204000473022,0.737202286720276
4400391788,"Opuntia tehuantepecana","Oaxaca",NA,"17","7","2023","iNaturalist","177455052","Ulises Guzm_n",-96.578,15.67,"Pacific Lowlands province","Opuntia",26.0666656494141,101.20484161377,17.7000007629395,829,14,7.15134334564209,1.89687895774841
4405040797,"Pachycereus weberi","Oaxaca",NA,"10","9","2013","iNaturalist","179099585","AMAURI DIAZ SOLIS",-97.273056,18.154303,"Balsas Basin province","Pachycereus",23.5708332061768,241.345275878906,10.6000003814697,392,12,1116.29870605469,9.58262634277344
4405125636,"Myrtillocactus schenckii","Oaxaca",35,"5","7","2023","iNaturalist","171269138","Elliot Greiner",-96.460638,16.999574,"Balsas Basin province","Myrtillocactus",20.0874996185303,128.135665893555,9.30000019073486,659,11,1710.14721679688,3.65214538574219
4405181013,"Acanthocereus tetragonus","Oaxaca",4,"31","1","2023","iNaturalist","179787778","Belton",-97.667489,15.977319,"Pacific Lowlands province","Acanthocereus",26.6041660308838,129.938064575195,18.3999996185303,1161,11,5.68700361251831,0.255076944828033
4405208603,"Coryphantha elephantidens","Oaxaca",20,"29","3","2023","iNaturalist","180316120","James Connolly Davis",-96.602213,16.875183,"Balsas Basin province","Coryphantha",19.9375,137.214599609375,9,624,8,1714.24267578125,2.77909851074219
4405298953,"Pachycereus pecten-aboriginum","Oaxaca",4,"1","2","2023","iNaturalist","179933120","Belton",-97.661094,15.978292,"Pacific Lowlands province","Pachycereus",26.595832824707,131.018005371094,18.3999996185303,1162,12,5.21793746948242,0.32280158996582
4407135354,"Marginatocereus marginatus","Oaxaca",4,"27","1","2018","iNaturalist","108093157","Tim Zitnak",-96.594849,16.329011,"Balsas Basin province","Marginatocereus",21.3166656494141,117.711769104004,11.1999998092651,527,12,1557.67712402344,0.39263916015625
4407359689,"Stenocereus pruinosus","Oaxaca",2,"25","6","2023","iNaturalist","177137878","halvaradosizzo",-94.891158,16.458614,"Pacific Lowlands province","Stenocereus",27.2875003814697,152.853546142578,19.7000007629395,1008,13,4.6464409828186,0.365199148654938
4413508808,"Stenocereus pruinosus","Oaxaca",5,"24","8","2023","iNaturalist","182208163","_lvaro San Jos_",-96.926619,17.721936,"Balsas Basin province","Stenocereus",24.9500007629395,244.391632080078,13.5,564,18,652.498840332031,6.63454437255859
4413628715,"Stenocereus pruinosus","Oaxaca",3,"2","7","2023","iNaturalist","170766379","Elliot Greiner",-96.855761,16.61695,"Balsas Basin province","Stenocereus",21.625,130.74089050293,10.1999998092651,940,20,1440.33825683594,2.91465759277344
4413822105,"Ferocactus recurvus","Oaxaca",5,"25","8","2023","iNaturalist","182337898","_lvaro San Jos_",-97.001786,17.813478,"Balsas Basin province","Ferocactus",25.5041675567627,245.073822021484,13.5,537,16,641.294250488281,6.44876861572266
4413871690,"Stenocereus stellatus","Oaxaca",5,"23","8","2023","iNaturalist","182185690","_lvaro San Jos_",-96.961242,17.823747,"Balsas Basin province","Stenocereus",24.904167175293,240.722961425781,13.1000003814697,742,29,878.933471679688,10.2841644287109
4413966049,"Myrtillocactus geometrizans","Oaxaca",30,"25","8","2023","iNaturalist","182337837","_lvaro San Jos_",-97.000939,17.813419,"Balsas Basin province","Myrtillocactus",25.5041675567627,245.073822021484,13.5,537,16,621.252563476562,4.29037475585938
4416642903,"Pilosocereus chrysacanthus","Oaxaca",8,"17","9","2023","iNaturalist","184067000","Carlos Dom_nguez-Rodr_guez",-96.626029,16.311099,"Sierra Madre del Sur province","Pilosocereus",20.1749992370605,121.440223693848,10.6999998092651,638,22,1727.71057128906,6.405517578125
4416645568,"Mammillaria albilanata","Oaxaca",15,"3","6","2023","iNaturalist","171085055","La Rata Mutante",-96.660514,16.253918,"Sierra Madre del Sur province","Mammillaria",16.7625007629395,113.720649719238,9,1069,39,2363.19311523438,8.15704345703125
4416645577,"Mammillaria albilanata","Oaxaca",4,"4","6","2023","iNaturalist","172015732","La Rata Mutante",-96.683802,16.279485,"Sierra Madre del Sur province","Mammillaria",17.2625007629395,118.362403869629,9,1000,35,2117.68896484375,16.395751953125
4416646327,"Stenocereus treleasei","Oaxaca",NA,"18","1","2022","iNaturalist","105244803","Ulises Guzm_n",-96.670957,16.416016,"Balsas Basin province","Stenocereus",21.5708332061768,100.373336791992,11.3000001907349,598,7,1547.66577148438,1.83050537109375
4416650611,"Mammillaria albilanata","Oaxaca",15,"4","6","2023","iNaturalist","172015973","La Rata Mutante",-96.681172,16.278677,"Sierra Madre del Sur province","Mammillaria",17.9874992370605,123.216819763184,9.30000019073486,908,35,2015.39538574219,9.27890014648438
4416669959,"Mammillaria albilanata","Oaxaca",15,"16","9","2023","iNaturalist","184148759","La Rata Mutante",-96.678974,16.250303,"Sierra Madre del Sur province","Mammillaria",17.3291664123535,116.237564086914,9.19999980926514,1005,36,2206.63793945312,1.29119873046875
4416679425,"Mammillaria albilanata","Oaxaca",8,"3","6","2023","iNaturalist","171070812","La Rata Mutante",-96.657669,16.254584,"Sierra Madre del Sur province","Mammillaria",17.1124992370605,115.780456542969,9.19999980926514,1044,39,2347.10986328125,4.01171875
4416761411,"Mammillaria albilanata","Oaxaca",15,"3","6","2023","iNaturalist","171070758","La Rata Mutante",-96.669881,16.252377,"Sierra Madre del Sur province","Mammillaria",17.1916675567627,116.732681274414,9.10000038146973,1026,37,2243.55249023438,4.1876220703125
4416862536,"Pachycereus pecten-aboriginum","Oaxaca",3,"24","6","2023","iNaturalist","169389354","Elliot Greiner",-96.803483,17.167242,"Balsas Basin province","Pachycereus",21.654167175293,162.459197998047,9.30000019073486,683,14,1610.71618652344,2.9456787109375
4417048424,"Escontria chiotilla","Oaxaca",848,"23","9","2023","iNaturalist","184612552","ale_enriquez",-97.751177,17.827483,"Balsas Basin province","Escontria",21.25,186.535369873047,9.30000019073486,613,19,1625.12060546875,2.13441467285156
4420715402,"Pachycereus weberi","Oaxaca",61,"7","3","2016","iNaturalist","134916597","zoquiapam",-96.8511,17.584134,"Balsas Basin province","Pachycereus",24.2875003814697,227.447555541992,12.8999996185303,860,34,991.351318359375,5.94813537597656
4420787713,"Mammillaria karwinskiana","Oaxaca",4,"2","8","2023","iNaturalist","176355424","Jonathan Mohl",-96.515778,17.057622,"Sierra Madre del Sur province","Mammillaria",18.6416664123535,140.742065429688,8.80000019073486,720,18,1753.66052246094,1.79833984375
4420901625,"Stenocereus treleasei","Oaxaca",4,"29","6","2023","iNaturalist","170142224","Ulises Guzm_n",-96.700087,16.718331,"Balsas Basin province","Stenocereus",21.625,130.897262573242,9.60000038146973,745,12,1521.1650390625,0.558212280273438
4420957515,"Pachycereus pecten-aboriginum","Oaxaca",61,"8","4","2023","iNaturalist","154373299","Daniel Juarez Santiago",-95.094917,16.525118,"Pacific Lowlands province","Pachycereus",27.408332824707,139.232192993164,19.7999992370605,880,9,110.32657623291,3.6707124710083
4421028350,"Pachycereus weberi","Oaxaca",1,"30","7","2020","iNaturalist","64607989","_lvaro San Jos_",-96.843124,17.789932,"Sierra Madre del Sur province","Pachycereus",12.0291662216187,154.264511108398,4.80000019073486,1001,35,2744.884765625,17.2452697753906
4424081629,"Stenocereus pruinosus","Oaxaca",31,"30","4","2023","iNaturalist","159924534","Ulises Guzm_n",-94.874196,16.58676,"Pacific Lowlands province","Stenocereus",26.0208339691162,169.22900390625,18.7999992370605,1014,18,75.378288269043,9.29894542694092
4424108482,"Stenocereus pruinosus","Oaxaca",31,"10","4","2023","iNaturalist","154656681","Daniel Juarez Santiago",-95.077777,16.479476,"Pacific Lowlands province","Stenocereus",27.5124988555908,140.682174682617,19.8999996185303,978,7,27.338924407959,0.215227127075195
4424153360,"Stenocereus pruinosus","Oaxaca",122,"22","1","2021","iNaturalist","68452513","_lvaro San Jos_",-96.881486,17.843268,"Sierra Madre del Sur province","Stenocereus",17.2416667938232,202.684631347656,8,1112,40,2086.21118164062,7.80868530273438
4424410890,"Escontria chiotilla","Oaxaca",NA,"6","6","2021","iNaturalist","186686349","Joseph Scheer",-96.92518,17.609335,"Balsas Basin province","Escontria",23.875,227.09130859375,12,939,38,1200.58923339844,5.34237670898438
4424436717,"Stenocereus pruinosus","Oaxaca",232,"5","7","2023","iNaturalist","171268904","Elliot Greiner",-96.462307,16.997938,"Balsas Basin province","Stenocereus",20.0874996185303,128.135665893555,9.30000019073486,659,11,1710.92602539062,2.36759948730469
4424481580,"Stenocereus pruinosus","Oaxaca",61,"2","5","2023","iNaturalist","159989714","Ulises Guzm_n",-95.016868,16.335198,"Pacific Lowlands province","Stenocereus",27.3791675567627,135.972259521484,19.7999992370605,969,8,1.99131035804749,0.348655253648758
4424692973,"Coryphantha pallida","Oaxaca",6,"6","6","2021","iNaturalist","186686348","Joseph Scheer",-96.925194,17.609336,"Balsas Basin province","Coryphantha",23.875,227.09130859375,12,939,38,1200.58923339844,5.34237670898438
4430532499,"Ferocactus recurvus","Oaxaca",11,"30","9","2023","iNaturalist","185890837","",-96.919045,17.638667,"Balsas Basin province","Ferocactus",24.7333335876465,234.572479248047,13.1999998092651,674,24,871.113220214844,7.07669830322266
4430858315,"Ferocactus recurvus","Oaxaca",285,"5","1","2017","iNaturalist","7717839","cactus-d",-96.953788,17.801078,"Balsas Basin province","Ferocactus",24.7958335876465,240.344985961914,13.1000003814697,747,32,719.249877929688,11.6446838378906
4430877117,"Stenocereus treleasei","Oaxaca",4,"18","3","2023","iNaturalist","151773384","Ulises Guzm_n",-96.630347,16.292121,"Sierra Madre del Sur province","Stenocereus",18.9916667938232,116.166687011719,10.3000001907349,835,30,1998.64208984375,8.73014831542969
4430888106,"Ferocactus recurvus","Oaxaca",31,"27","11","2022","iNaturalist","143138178","miliomila",-97.732554,17.833341,"Balsas Basin province","Ferocactus",21.2333335876465,188.12873840332,9.19999980926514,601,18,1644.64892578125,1.25784301757812
4430888631,"Coryphantha pallida","Oaxaca",5,"24","10","2023","iNaturalist","188815878","Jorge Ramos Luna",-97.166497,18.167147,"Balsas Basin province","Coryphantha",24.779167175293,237.87370300293,11.5,523,16,928.473693847656,1.39281463623047
4430901067,"Stenocereus treleasei","Oaxaca",NA,"4","3","2023","iNaturalist","151254262","Ulises Guzm_n",-96.451872,16.9565,"Balsas Basin province","Stenocereus",21.0458335876465,136.605926513672,9.60000038146973,676,13,1642.60009765625,3.36575317382812
4430937659,"Stenocereus treleasei","Oaxaca",3,"30","6","2023","iNaturalist","171219463","Ulises Guzm_n",-96.822657,17.256063,"Sierra Madre del Sur province","Stenocereus",21.1000003814697,159.459320068359,9.39999961853027,735,19,1704.38330078125,2.34976196289062
4431056788,"Pachycereus pecten-aboriginum","Oaxaca",698,"12","10","2023","iNaturalist","187431030","W. Larry Sward",-95.759135,15.919794,"Pacific Lowlands province","Pachycereus",28.091667175293,78.8794403076172,20.2999992370605,1007,11,13.7092599868774,0.381886720657349
4431284390,"Myrtillocactus schenckii","Oaxaca",3,"23","10","2023","iNaturalist","188711488","Joshua Wade Covill",-96.594741,16.948184,"Balsas Basin province","Myrtillocactus",21.1499996185303,144.363815307617,9,627,9,1592.10192871094,0.481216430664062
4436052594,"Mammillaria albilanata","Oaxaca",4,"1","1","2023","iNaturalist","147001626","Ulises Guzm_n",-96.638625,16.283429,"Sierra Madre del Sur province","Mammillaria",19.1416664123535,121.315399169922,10.3000001907349,761,29,1953.8984375,4.26414489746094
4436075362,"Mammillaria albilanata","Oaxaca",832,"22","6","2020","iNaturalist","50726066","ricardo_munoz",-96.893414,16.604125,"Sierra Madre del Sur province","Mammillaria",20.4833335876465,134.406661987305,9.80000019073486,897,15,1462.45043945312,1.52743530273438
4436107378,"Mammillaria albilanata","Oaxaca",122,"19","8","2020","iNaturalist","60896935","ricardo_munoz",-97.232244,16.996368,"Sierra Madre del Sur province","Mammillaria",20.0375003814697,134.318557739258,9.60000038146973,919,21,1874.45324707031,5.94905090332031
4436107502,"Mammillaria albilanata","Oaxaca",NA,"28","5","2022","iNaturalist","121379507","Carlos Dom_nguez-Rodr_guez",-96.643021,16.316338,"Sierra Madre del Sur province","Mammillaria",19.6124992370605,121.526748657227,10.3999996185303,717,24,1813.98645019531,3.3961181640625
4436131827,"Acanthocereus tetragonus","Oaxaca",9,"25","10","2023","iNaturalist","188903777","J. Refugio Tobar Reyes",-95.204617,16.1636,"Pacific Lowlands province","Acanthocereus",27.9916667938232,113.794708251953,20,878,4,31.2681789398193,4.98896360397339
4436208027,"Mammillaria albilanata","Oaxaca",15,"16","9","2023","iNaturalist","184012514","Ulises Guzm_n",-96.687816,16.255014,"Sierra Madre del Sur province","Mammillaria",17.3666667938232,115.725646972656,9.19999980926514,1013,37,2165.50708007812,4.17050170898438
4436225541,"Mammillaria albilanata","Oaxaca",NA,"28","5","2022","iNaturalist","119669429","Ulises Guzm_n",-96.638351,16.315689,"Sierra Madre del Sur province","Mammillaria",20.0416660308838,123.119171142578,10.6000003814697,652,22,1711.3818359375,3.41268920898438
4436236580,"Mammillaria carnea","Oaxaca",61,"7","3","2016","iNaturalist","134902376","zoquiapam",-96.837267,17.580984,"Balsas Basin province","Mammillaria",23.533332824707,223.762588500977,11.8999996185303,1073,50,1110.20654296875,5.6038818359375
4436236728,"Mammillaria albilanata","Oaxaca",NA,"16","5","2023","iNaturalist","162085089","Ulises Guzm_n",-96.869026,17.043375,"Sierra Madre del Sur province","Mammillaria",19.658332824707,140.951858520508,8.89999961853027,686,17,1889.33154296875,5.62200927734375
4436280560,"Ferocactus recurvus","Oaxaca",7,"24","10","2023","iNaturalist","188816253","AMAURI DIAZ SOLIS",-97.18943,18.170278,"Balsas Basin province","Ferocactus",24.7000007629395,237.936187744141,11.3999996185303,440,14,988.001770019531,1.74277496337891
4436310631,"Stenocereus stellatus","Oaxaca",4,"30","10","2023","iNaturalist","189509904","zaramaria",-96.643332,17.073488,"Balsas Basin province","Stenocereus",20.9583339691162,151.430053710938,9.19999980926514,648,15,1580.67468261719,1.10235595703125
4436365569,"Mammillaria albilanata","Oaxaca",122,"2","9","2019","iNaturalist","132625659","Ulises Guzm_n",-96.993575,16.689411,"Sierra Madre del Sur province","Mammillaria",16.9249992370605,119.306716918945,8.19999980926514,858,23,2245.29516601562,4.1949462890625
4436369464,"Mammillaria albilanata","Oaxaca",38,"5","1","2022","iNaturalist","104504480","cactus-d",-96.96342,16.44116,"Sierra Madre del Sur province","Mammillaria",19.9791660308838,114.126312255859,10.3999996185303,985,19,1870.11181640625,2.90936279296875
4440619835,"Stenocereus pruinosus","Oaxaca",4,"17","6","2023","iNaturalist","167971278","sagevinje",-96.125307,15.742517,"Pacific Lowlands province","Stenocereus",27.1208324432373,96.7766418457031,20.1000003814697,1150,15,9.38759136199951,9.36079120635986
4440749898,"Opuntia decumbens","Oaxaca",NA,"17","7","2023","iNaturalist","175153611","Ulises Guzm_n",-96.493774,15.666952,"Pacific Lowlands province","Opuntia",26.0499992370605,96.5778121948242,18.2000007629395,863,17,21.2124786376953,14.091362953186
4442361974,"Acanthocereus tetragonus","Oaxaca",260,"17","9","2023","iNaturalist","184080075","Liam Ragan",-96.0749,15.811181,"Pacific Lowlands province","Acanthocereus",27.1749992370605,86.6156692504883,20.1000003814697,1218,16,98.879150390625,7.84031772613525
4442374635,"Acanthocereus tetragonus","Oaxaca",NA,"7","5","2023","iNaturalist","160754016","Ulises Guzm_n",-95.309017,16.381476,"Pacific Lowlands province","Acanthocereus",27.3083343505859,113.194000244141,19,717,3,227.051666259766,10.1524238586426
4442376117,"Myrtillocactus schenckii","Oaxaca",102,"9","10","2023","iNaturalist","188963181","edwardrooks",-96.402252,16.919531,"Balsas Basin province","Myrtillocactus",20.7625007629395,132.341247558594,9.69999980926514,687,14,1654.35949707031,0.654891967773438
4442568477,"Coryphantha elephantidens","Oaxaca",284,"17","8","2023","iNaturalist","191062634","miriamrp",-95.911189,16.796272,"Pacific Lowlands province","Coryphantha",24.033332824707,136.537246704102,13.6000003814697,1134,38,801.132873535156,3.49141693115234
4442582156,"Opuntia lasiacantha","Oaxaca",122,"3","11","2023","iNaturalist","190465971","Daniel Juarez Santiago",-96.465176,17.083312,"Sierra Madre del Sur province","Opuntia",13.0541667938232,123.296714782715,5.90000009536743,948,30,2738.48315429688,3.69586181640625
4442744126,"Myrtillocactus schenckii","Oaxaca",NA,"8","11","2023","iNaturalist","191548044","Colin Barrows",-96.374489,16.908939,"Balsas Basin province","Myrtillocactus",20.1916656494141,137.62321472168,9.69999980926514,673,11,1698.9228515625,2.0712890625
4453674542,"Acanthocereus tetragonus","Oaxaca",NA,"3","5","2022","iNaturalist","117716603","jcco",-95.896919,18.099234,"Veracruzan province","Acanthocereus",26.033332824707,236.732803344727,17,1953,91,28.786340713501,1.15665102005005
4453707071,"Pachycereus pecten-aboriginum","Oaxaca",4,"21","10","2023","iNaturalist","188419506","Antonio Bautista Escobar",-94.79763,16.614767,"Pacific Lowlands province","Pachycereus",26.5083332061768,172.585067749023,18.8999996185303,1104,30,75.0393295288086,0.344944953918457
4453721622,"Acanthocereus tetragonus","Oaxaca",NA,"22","1","2023","iNaturalist","148676416","Sierra Eco",-97.815163,16.262092,"Pacific Lowlands province","Acanthocereus",25.779167175293,118.52229309082,16.3999996185303,1322,12,295.155120849609,2.87664413452148
4453798318,"Neobuxbaumia tetetzo","Oaxaca",NA,"8","8","2018","iNaturalist","15442045","Carlos Dom_nguez-Rodr_guez",-96.057823,15.79635,"Pacific Lowlands province","Neobuxbaumia",27.2041664123535,91.8362731933594,20.1000003814697,1151,13,54.1293563842773,10.3431968688965
4453806395,"Ferocactus recurvus","Oaxaca",NA,"19","11","2023","iNaturalist","191961918","Ricardo Arredondo T.",-97.36843,17.870171,"Sierra Madre del Sur province","Ferocactus",17.5458335876465,190.888565063477,5.40000009536743,451,12,2051.57983398438,1.26007080078125
4453808307,"Mammillaria karwinskiana","Oaxaca",NA,"16","11","2023","iNaturalist","191852624","Jonathan Mohl",-96.277188,16.866323,"Sierra Madre del Sur province","Mammillaria",20.4333324432373,134.203598022461,10.5,771,16,1755.95129394531,10.0125732421875
4453873649,"Acanthocereus tetragonus","Oaxaca",4,"23","4","2023","iNaturalist","156524066","Carlos Dom_nguez-Rodr_guez",-96.231874,15.863165,"Pacific Lowlands province","Acanthocereus",25.5833339691162,90.436653137207,18.2000007629395,1306,18,301.618133544922,2.39922332763672
4453884658,"Acanthocereus tetragonus","Oaxaca",61,"8","4","2023","iNaturalist","155740314","Dean Hester",-96.297199,17.824021,"Veracruzan province","Acanthocereus",24.3833332061768,237.872528076172,15.3999996185303,3112,209,343.453002929688,13.814094543457
4453959294,"Ferocactus recurvus","Oaxaca",NA,"16","11","2023","iNaturalist","191852544","taniaortega",-96.27676,16.867085,"Sierra Madre del Sur province","Ferocactus",19.3541660308838,126.157524108887,10.3000001907349,701,12,1774.17993164062,3.78347778320312
4454048703,"Pachycereus pecten-aboriginum","Oaxaca",NA,"23","11","2023","iNaturalist","192290615","H_ctor Cruz-Luna",-95.441503,16.712959,"Pacific Lowlands province","Pachycereus",23.9624996185303,131.289520263672,15.1000003814697,848,27,754.821411132812,8.4215087890625
4458337764,"Pilosocereus collinsii","Oaxaca",NA,"24","1","2023","iNaturalist","147515471","Carlos Dom_nguez-Rodr_guez",-96.129501,15.768423,"Pacific Lowlands province","Pilosocereus",27.2291660308838,96.2585830688477,20.1000003814697,1181,17,15.8287534713745,1.74898386001587
4458346885,"Ferocactus recurvus","Oaxaca",5,"18","3","2023","iNaturalist","163296649","Tim Zitnak",-97.158803,17.300056,"Sierra Madre del Sur province","Ferocactus",17.404167175293,134.746536254883,7.09999990463257,674,14,2101.51318359375,6.30960083007812
4458348378,"Pilosocereus collinsii","Oaxaca",4,"19","4","2020","iNaturalist","43141916","Carlos Dom_nguez-Rodr_guez",-96.188062,15.763233,"Pacific Lowlands province","Pilosocereus",27.0166664123535,96.6797332763672,19.8999996185303,1204,17,94.8053741455078,3.51529693603516
4458352393,"Pilosocereus collinsii","Oaxaca",15,"1","4","2020","iNaturalist","41494334","Carlos Dom_nguez-Rodr_guez",-96.135081,15.76924,"Pacific Lowlands province","Pilosocereus",27.2083339691162,96.3146514892578,20.1000003814697,1188,17,40.8869361877441,2.59961843490601
4458360317,"Pilosocereus collinsii","Oaxaca",324,"3","4","2018","iNaturalist","10600030","Carlos Dom_nguez-Rodr_guez",-96.167021,15.761445,"Pacific Lowlands province","Pilosocereus",27.0708332061768,96.4001541137695,20,1179,16,35.4109077453613,4.06427240371704
4458364820,"Pilosocereus leucocephalus","Oaxaca",61,"8","4","2023","iNaturalist","154373287","Daniel Juarez Santiago",-95.094818,16.525324,"Pacific Lowlands province","Pilosocereus",27.408332824707,139.232192993164,19.7999992370605,880,9,109.713813781738,1.2698278427124
4458434129,"Stenocereus stellatus","Oaxaca",NA,"31","10","2023","iNaturalist","192677453","Colin Barrows",-96.766883,17.04479,"Balsas Basin province","Stenocereus",20.3166675567627,134.575653076172,9.5,662,16,1910.71032714844,4.91224670410156
4458554308,"Pilosocereus collinsii","Oaxaca",15,"21","2","2018","iNaturalist","9972309","Carlos Dom_nguez-Rodr_guez",-96.200452,15.777748,"Pacific Lowlands province","Pilosocereus",27.0083332061768,96.3618621826172,19.7999992370605,1240,18,118.19458770752,1.35558605194092
4458561316,"Pilosocereus collinsii","Oaxaca",31,"21","2","2018","iNaturalist","9972306","Carlos Dom_nguez-Rodr_guez",-96.200688,15.774351,"Pacific Lowlands province","Pilosocereus",27.0083332061768,95.1513824462891,19.8999996185303,1226,17,118.777297973633,0.866783142089844
4458566880,"Disocactus speciosus","Oaxaca",NA,"3","6","2023","iNaturalist","165753709","Ulises Guzm_n",-96.675247,16.248722,"Sierra Madre del Sur province","Disocactus",16.9916667938232,114.88794708252,9,1043,37,2228.35009765625,2.63116455078125
4458571338,"Pilosocereus collinsii","Oaxaca",NA,"28","12","2018","iNaturalist","19359816","ricardo_munoz",-95.22061,16.18913,"Pacific Lowlands province","Pilosocereus",27.6124992370605,106.560394287109,19.7000007629395,814,5,143.897201538086,7.23209571838379
4458592385,"Pilosocereus leucocephalus","Oaxaca",31,"24","11","2017","iNaturalist","40675077","Diego Manzano M_ndez",-96.573949,17.395102,"Balsas Basin province","Pilosocereus",20.6083335876465,199.952651977539,9.39999961853027,1056,61,1504.93383789062,10.8347930908203
4458596380,"Pilosocereus leucocephalus","Oaxaca",61,"18","2","2016","iNaturalist","39194348","Leticia Soriano Flores",-97.163505,18.149814,"Balsas Basin province","Pilosocereus",24.8958339691162,239.3310546875,11.6999998092651,550,18,900.672973632812,0.829483032226562
4458597433,"Pilosocereus collinsii","Oaxaca",8,"7","10","2020","iNaturalist","61998921","Ulises Guzm_n",-96.210856,15.77946,"Pacific Lowlands province","Pilosocereus",27.0208339691162,96.2350006103516,19.7999992370605,1229,18,110.043716430664,2.34387016296387
4458606349,"Pilosocereus leucocephalus","Oaxaca",61,"16","8","2018","iNaturalist","19342454","ricardo_munoz",-96.446915,15.770696,"Pacific Lowlands province","Pilosocereus",26.2708339691162,91.9599151611328,18.1000003814697,1060,20,173.656356811523,5.89535713195801
4465355894,"Pereskia lychnidiflora","Oaxaca",4,"31","5","2023","iNaturalist","166734772","zapoteca",-94.498642,16.468244,"Pacific Lowlands province","Pereskia",27.8666667938232,135.316696166992,17.7999992370605,1092,15,21.386417388916,0.284824371337891
4465357570,"Pereskiopsis rotundifolia","Oaxaca",NA,"14","12","2021","iNaturalist","103984794","Carlos Dom_nguez-Rodr_guez",-96.201401,15.771,"Pacific Lowlands province","Pereskiopsis",27.0083332061768,95.1513824462891,19.8999996185303,1226,17,110.956367492676,1.75198173522949
4465359716,"Pereskiopsis rotundifolia","Oaxaca",10,"21","9","2022","iNaturalist","137051147","filimonios",-96.194078,15.76977,"Pacific Lowlands province","Pereskiopsis",27.0083332061768,95.675422668457,19.8999996185303,1225,17,96.0434799194336,2.23073101043701
4465361471,"Pereskiopsis rotundifolia","Oaxaca",NA,"20","3","2021","iNaturalist","72069751","Carlos Dom_nguez-Rodr_guez",-95.376228,16.032118,"Pacific Lowlands province","Pereskiopsis",27.6999988555908,94.1710357666016,19.8999996185303,867,5,20.5538158416748,8.45185661315918
4465379633,"Pereskia lychnidiflora","Oaxaca",NA,"23","6","2022","iNaturalist","123165630","Carlos Dom_nguez-Rodr_guez",-96.170601,15.749351,"Pacific Lowlands province","Pereskia",27.029167175293,98.1061172485352,20,1161,15,26.1177444458008,2.69637203216553
4465379888,"Disocactus speciosus","Oaxaca",NA,"3","6","2023","iNaturalist","165824782","Carlos Dom_nguez-Rodr_guez",-96.65715,16.253721,"Sierra Madre del Sur province","Disocactus",17.1124992370605,115.780456542969,9.19999980926514,1044,39,2339.8662109375,9.47100830078125
4465380680,"Pereskia lychnidiflora","Oaxaca",3,"16","9","2022","iNaturalist","135248944","_ngel Mata",-96.675214,16.543348,"Balsas Basin province","Pereskia",21.5125007629395,111.235328674316,10.6000003814697,664,14,1519.90307617188,1.46479797363281
4465383592,"Pereskia lychnidiflora","Oaxaca",NA,"6","3","2022","iNaturalist","108307331","Carlos Dom_nguez-Rodr_guez",-96.058319,15.785048,"Pacific Lowlands province","Pereskia",27.1791667938232,94.1579666137695,20,1145,12,42.6093559265137,1.94117403030396
4465385613,"Pereskiopsis rotundifolia","Oaxaca",4,"11","5","2022","iNaturalist","117192408","Carlos Dom_nguez-Rodr_guez",-96.136129,15.7661,"Pacific Lowlands province","Pereskiopsis",27.158332824707,95.6991806030273,20.1000003814697,1182,16,20.4355545043945,1.01827144622803
4465386699,"Pereskiopsis kellermanii","Oaxaca",10,"5","10","2022","iNaturalist","139128537","filimonios",-96.16323,15.776,"Pacific Lowlands province","Pereskiopsis",27.091667175293,93.9737243652344,20,1233,18,102.620529174805,2.97323703765869
4465391721,"Pereskiopsis kellermanii","Oaxaca",10,"3","10","2022","iNaturalist","137565045","filimonios",-96.150069,15.756533,"Pacific Lowlands province","Pereskiopsis",27.0249996185303,96.2832107543945,20.1000003814697,1195,16,94.6470031738281,4.23379135131836
4465396857,"Disocactus speciosus","Oaxaca",NA,"4","6","2023","iNaturalist","165832100","Carlos Dom_nguez-Rodr_guez",-96.684761,16.279995,"Sierra Madre del Sur province","Disocactus",17.2625007629395,118.362403869629,9,1000,35,2121.30859375,6.05435180664062
4465402780,"Pereskia lychnidiflora","Oaxaca",NA,"27","3","2023","iNaturalist","160666204","g3r4rd0",-96.723108,17.067628,"Balsas Basin province","Pereskia",21.6375007629395,151.028671264648,9.80000019073486,651,12,1558.57946777344,1.20420837402344
4465403566,"Pereskiopsis rotundifolia","Oaxaca",NA,"1","11","2021","iNaturalist","100030796","Bodo Nu_ez Oberg",-96.738429,17.034676,"Balsas Basin province","Pereskiopsis",21.7041664123535,148.100997924805,9.69999980926514,642,12,1546.90441894531,0.637130737304688
4465451271,"Mammillaria karwinskiana","Oaxaca",268,"7","12","2023","iNaturalist","193402827","Jonathan Mohl",-96.660806,16.923478,"Balsas Basin province","Mammillaria",19.2416667938232,124.166923522949,9.39999961853027,650,15,2023.12365722656,3.73809814453125
4465451566,"Mammillaria albilanata","Oaxaca",15,"6","5","2022","iNaturalist","193183014","Jonathan Mohl",-96.546576,16.318611,"Balsas Basin province","Mammillaria",21.2708339691162,109.159141540527,11.3000001907349,551,19,1696.90246582031,8.11503601074219
4465460683,"Opuntia streptacantha","Oaxaca",NA,"8","11","2023","iNaturalist","193197807","Colin Barrows",-96.373085,16.909328,"Balsas Basin province","Opuntia",20.1916656494141,137.62321472168,9.69999980926514,673,11,1703.77673339844,0.4423828125
4465536058,"Disocactus speciosus","Oaxaca",NA,"19","8","2023","iNaturalist","179271424","Ulises Emmanuel Mart_nez Burgos",-96.505806,16.197107,"Sierra Madre del Sur province","Disocactus",17.0625,95.3969039916992,9.69999980926514,1132,38,2341.93725585938,6.68130493164062
4465576644,"Pereskia lychnidiflora","Oaxaca",NA,"21","6","2022","iNaturalist","122866409","Carlos Dom_nguez-Rodr_guez",-96.183357,15.72849,"Pacific Lowlands province","Pereskia",26.970832824707,94.3026962280273,20.1000003814697,1197,17,190.479339599609,6.02388191223145
4465580759,"Pereskia lychnidiflora","Oaxaca",145,"16","1","2023","iNaturalist","146704034","Kevin Meza",-95.008214,16.54672,"Pacific Lowlands province","Pereskia",27.0208339691162,157.096633911133,19.6000003814697,1005,11,35.5890884399414,0.426103591918945
4465587869,"Disocactus speciosus","Oaxaca",4,"3","6","2023","iNaturalist","165824790","Carlos Dom_nguez-Rodr_guez",-96.659042,16.254196,"Sierra Madre del Sur province","Disocactus",16.7625007629395,113.720649719238,9,1069,39,2312.04150390625,11.0836181640625
4465588492,"Disocactus speciosus","Oaxaca",615,"30","4","2021","iNaturalist","75995007","pedroperezcruz",-96.958115,16.777444,"Sierra Madre del Sur province","Disocactus",17.7416667938232,133.396759033203,8.5,791,22,1988.28295898438,4.25541687011719
4465597653,"Pereskia lychnidiflora","Oaxaca",NA,"21","6","2022","iNaturalist","122866401","Carlos Dom_nguez-Rodr_guez",-96.182396,15.728244,"Pacific Lowlands province","Pereskia",26.9958324432373,95.5952377319336,20.1000003814697,1180,16,172.045043945312,8.12329292297363
4465598593,"Disocactus speciosus","Oaxaca",29,"12","4","2022","iNaturalist","112112283","Ulises Guzm_n",-96.374366,15.900916,"Sierra Madre del Sur province","Disocactus",24.220832824707,96.7531814575195,16.5,1244,17,423.686462402344,7.76129150390625
4465600588,"Disocactus speciosus","Oaxaca",16,"6","4","2022","iNaturalist","110685032","Skjold S_ndergaard",-96.515358,16.186245,"Sierra Madre del Sur province","Disocactus",16.6458339691162,89.9105224609375,9.60000038146973,1152,33,2373.46166992188,5.80963134765625
4465604618,"Disocactus speciosus","Oaxaca",32,"5","4","2022","iNaturalist","110673117","Skjold S_ndergaard",-96.500345,16.178687,"Sierra Madre del Sur province","Disocactus",15.7624998092651,86.9724273681641,9,1166,29,2816.23071289062,4.96365356445312
4465605771,"Pereskia lychnidiflora","Oaxaca",61,"8","4","2023","iNaturalist","154373270","Daniel Juarez Santiago",-95.080741,16.519454,"Pacific Lowlands province","Pereskia",27.4624996185303,145.385452270508,19.8999996185303,943,7,49.260799407959,0.498652458190918
4465607658,"Pereskia lychnidiflora","Oaxaca",8,"13","7","2022","iNaturalist","128241588","Ciro Rodriguez Perez",-95.322254,16.362402,"Pacific Lowlands province","Pereskia",27.4291667938232,119.667297363281,19.2000007629395,803,4,91.96337890625,1.47618961334229
4465639614,"Disocactus speciosus","Oaxaca",59,"12","4","2022","iNaturalist","111274724","Carlos Dom_nguez-Rodr_guez",-96.375023,15.901246,"Sierra Madre del Sur province","Disocactus",24.1208343505859,97.1516876220703,16.3999996185303,1246,17,413.9013671875,5.25291061401367
4465640715,"Mammillaria karwinskiana","Oaxaca",NA,"1","1","2023","iNaturalist","145720278","Jonathan Mohl",-96.45576,17.271169,"Sierra Madre del Sur province","Mammillaria",16.4833335876465,173.248809814453,7.40000009536743,1194,48,2076.55249023438,6.40582275390625
4465646780,"Pereskiopsis rotundifolia","Oaxaca",NA,"6","2","2023","iNaturalist","148402814","La Rata Mutante",-96.132321,15.764684,"Pacific Lowlands province","Pereskiopsis",27.2041664123535,95.5476684570312,20.1000003814697,1171,16,15.5012817382812,0.696723103523254
4465682505,"Mammillaria karwinskiana","Oaxaca",15,"4","3","2023","iNaturalist","193180021","Jonathan Mohl",-96.514536,16.285821,"Balsas Basin province","Mammillaria",20.7083339691162,118.606163024902,11.1999998092651,584,21,1713.06518554688,1.72613525390625
4465682567,"Acanthocereus tetragonus","Oaxaca",NA,"11","11","2023","iNaturalist","193197858","Colin Barrows",-96.578502,15.671115,"Pacific Lowlands province","Acanthocereus",26.0666656494141,101.20484161377,17.7000007629395,829,14,7.52099800109863,0.706719636917114
4465711671,"Opuntia lasiacantha","Oaxaca",NA,"8","11","2023","iNaturalist","193197800","Colin Barrows",-96.277185,16.86525,"Sierra Madre del Sur province","Opuntia",20.4333324432373,134.203598022461,10.5,771,16,1735.97705078125,11.0722503662109
4500453703,"Pereskia lychnidiflora","Oaxaca",NA,"8","10","2021","iNaturalist","97618269","Carlos Dom_nguez-Rodr_guez",-96.161453,15.76059,"Pacific Lowlands province","Pereskia",27.0750007629395,96.4247207641602,20,1178,16,41.5359916687012,2.71905422210693
4500474183,"Escontria chiotilla","Oaxaca",NA,"6","6","2017","iNaturalist","165172877","Styv De Jes_s Calva",-97.974518,17.926326,"Balsas Basin province","Escontria",22.4624996185303,169.747467041016,11,614,20,1604.54309082031,2.79345703125
4500511208,"Escontria chiotilla","Oaxaca",101,"17","6","2023","iNaturalist","168770513","Juve",-96.330566,16.602033,"Sierra Madre del Sur province","Escontria",23.625,136.456771850586,13.1999998092651,805,11,978.978393554688,4.33244323730469
4500666475,"Pereskia lychnidiflora","Oaxaca",5,"20","12","2016","iNaturalist","50960476","Martin Lowry",-94.453972,16.402444,"Pacific Lowlands province","Pereskia",27.8999996185303,131.010040283203,18,945,14,28.0988368988037,0.460301876068115
4500670993,"Pereskiopsis diguetii","Oaxaca",51,"15","1","2023","iNaturalist","146666444","Ulises Guzm_n",-95.375759,16.034812,"Pacific Lowlands province","Pereskiopsis",27.8041667938232,93.8194046020508,20,867,4,12.7409534454346,12.6757497787476
4500818377,"Escontria chiotilla","Oaxaca",122,"21","8","2023","iNaturalist","179728655","Leticia Soriano Flores",-96.92942,17.713748,"Balsas Basin province","Escontria",24.9750003814697,242.800872802734,13.6000003814697,554,18,637.866943359375,8.38566589355469
4500861503,"Mammillaria karwinskiana","Oaxaca",15,"31","10","2007","iNaturalist","194046171","lougarou",-96.843587,17.046417,"Sierra Madre del Sur province","Mammillaria",20.75,148.047912597656,9,677,14,1721.94274902344,5.72377014160156
4500875567,"Opuntia pubescens","Oaxaca",15,"31","10","2007","iNaturalist","194046934","lougarou",-96.842852,17.046178,"Sierra Madre del Sur province","Opuntia",20.75,148.047912597656,9,677,14,1719.86755371094,4.16911315917969
4506323922,"Mammillaria rekoi","Oaxaca",4,"22","12","2023","iNaturalist","194863523","Ciro Rodriguez Perez",-96.732257,17.217169,"Sierra Madre del Sur province","Mammillaria",14.6000003814697,129.614807128906,7.09999990463257,804,20,2498.53564453125,14.4215698242188
4506355442,"Opuntia tomentosa","Oaxaca",4,"23","12","2023","iNaturalist","194693390","Elliot Greiner",-96.661344,16.848586,"Balsas Basin province","Opuntia",21.3958339691162,136.272766113281,9.10000038146973,734,11,1534.74938964844,1.10696411132812
4506420562,"Mammillaria albilanata","Oaxaca",256,"27","3","2008","iNaturalist","105533883","Jonathan Mohl",-96.692643,18.042115,"Sierra Madre del Sur province","Mammillaria",22.5833339691162,235.529724121094,11.5,3863,290,911.274047851562,5.24063110351562
4506434707,"Mammillaria karwinskiana","Oaxaca",4,"20","12","2023","iNaturalist","194462156","Elliot Greiner",-96.658992,16.851978,"Balsas Basin province","Mammillaria",21.2583332061768,135.978500366211,9.10000038146973,700,10,1549.93872070312,1.54093933105469
4507808325,"Stenocereus treleasei","Oaxaca",NA,"29","8","2018","iNaturalist","16010514","ricardo_munoz",-96.684998,16.423056,"Balsas Basin province","Stenocereus",21.7041664123535,101.252593994141,11.3000001907349,645,8,1526.30834960938,4.41471862792969
4507830303,"Coryphantha pallida","Oaxaca",NA,"29","5","2012","iNaturalist","766783","Ulises Guzm_n",-97.353651,17.873157,"Sierra Madre del Sur province","Coryphantha",17.2999992370605,187.362091064453,5.40000009536743,475,14,2065.83862304688,1.82110595703125
4507930243,"Mammillaria albilanata","Oaxaca",NA,"16","11","2023","iNaturalist","195508229","Jonathan Mohl",-96.27442,16.868589,"Pacific Lowlands province","Mammillaria",19.8916664123535,128.626190185547,10.5,732,14,1750.86291503906,7.29432678222656
4507973518,"Coryphantha elephantidens","Oaxaca",332,"15","8","2021","iNaturalist","91273809","",-96.719778,17.027245,"Balsas Basin province","Coryphantha",21.8083324432373,151.339950561523,9.60000038146973,645,11,1525.58850097656,0.329452514648438
4507983141,"Pilosocereus leucocephalus","Oaxaca",NA,"16","11","2023","iNaturalist","195508249","Ricardo Arredondo T.",-96.247945,16.674436,"Sierra Madre del Sur province","Pilosocereus",23.5541667938232,128.884338378906,13.1999998092651,835,15,1048.66967773438,9.10282897949219
4510055308,"Stenocereus treleasei","Oaxaca",NA,"11","2","2017","iNaturalist","5094160","Miguel Gonz_lez Botello",-96.277083,16.865317,"Sierra Madre del Sur province","Stenocereus",20.4333324432373,134.203598022461,10.5,771,16,1740.33264160156,8.57560729980469
4510059315,"Stenocereus pruinosus","Oaxaca",15,"16","4","2018","iNaturalist","12682891","Hermann Boj_rquez",-94.934287,16.512625,"Pacific Lowlands province","Stenocereus",27.125,157.674865722656,19.6000003814697,1032,11,14.0257940292358,0.30374002456665
4510072344,"Opuntia tomentosa","Oaxaca",NA,"4","11","2023","iNaturalist","192703551","Colin Barrows",-97.133842,17.659248,"Sierra Madre del Sur province","Opuntia",15.0833330154419,166.983047485352,5.09999990463257,490,12,2074.2607421875,8.04983520507812
4510087344,"Opuntia tomentosa","Oaxaca",NA,"4","11","2023","iNaturalist","192703527","Colin Barrows",-97.146432,17.644113,"Sierra Madre del Sur province","Opuntia",16.2916660308838,179.960021972656,5.80000019073486,514,15,2008.1865234375,4.98687744140625
4510223665,"Mammillaria rekoi","Oaxaca",4,"9","1","2024","iNaturalist","196235691","ThoLinz",-96.508255,17.090164,"Sierra Madre del Sur province","Mammillaria",15.1750001907349,137.055053710938,7.5,799,22,2223.30395507812,10.2985534667969
4510325114,"Acanthocereus tetragonus","Oaxaca",NA,"3","1","2024","iNaturalist","195796132","Carlos Dom_nguez-Rodr_guez",-96.170366,15.765419,"Pacific Lowlands province","Acanthocereus",27.0708332061768,96.4001541137695,20,1179,16,47.6723785400391,3.4340877532959
4510340319,"Opuntia tomentosa","Oaxaca",NA,"31","10","2023","iNaturalist","192677446","Colin Barrows",-96.767997,17.041183,"Balsas Basin province","Opuntia",20.8083324432373,136.662063598633,9.5,657,15,1922.36108398438,4.49473571777344
4510359458,"Opuntia lasiacantha","Oaxaca",NA,"12","12","2023","iNaturalist","194916781","Selene Rangel Landa",-97.341468,17.640222,"Sierra Madre del Sur province","Opuntia",15.4291667938232,157.096649169922,4.69999980926514,550,13,2275.97924804688,2.832763671875
4512087128,"Mammillaria rekoi","Oaxaca",874,"9","1","2024","iNaturalist","196248662","ThoLinz",-96.507305,17.092137,"Sierra Madre del Sur province","Mammillaria",13.7041664123535,127.340957641602,6.80000019073486,905,30,2335.19165039062,15.4716796875
4512113742,"Mammillaria albilanata","Oaxaca",NA,"5","1","2024","iNaturalist","196225503","Jos_ Javier Barrios Flores",-97.070358,17.576097,"Sierra Madre del Sur province","Mammillaria",15.4833335876465,169.307861328125,6,528,12,2257.27392578125,7.2935791015625
4512248538,"Myrtillocactus schenckii","Oaxaca",999,"3","1","2024","iNaturalist","196379860","Juan Carlos Rosales",-96.61119,16.937745,"Balsas Basin province","Myrtillocactus",20.7625007629395,142.719116210938,9,621,10,1647.24816894531,4.02958679199219
4512252014,"Pachycereus pecten-aboriginum","Oaxaca",NA,"1","1","2024","iNaturalist","196378227","Ethan Gosnell",-96.505844,17.303486,"Balsas Basin province","Pachycereus",20.0499992370605,196.086715698242,8.89999961853027,1061,59,1510.31909179688,4.43292236328125
4516252635,"Ferocactus recurvus","Oaxaca",3,"22","1","2024","iNaturalist","197473053","Jules Cundari",-96.742813,16.700788,"Balsas Basin province","Ferocactus",21.6124992370605,127.35285949707,9.60000038146973,732,12,1514.2060546875,1.36099243164062
4516263854,"Myrtillocactus schenckii","Oaxaca",4,"20","1","2024","iNaturalist","197459020","Desert Max",-96.687905,16.42922,"Balsas Basin province","Myrtillocactus",21.6291675567627,100.757553100586,11.3000001907349,640,9,1530.18566894531,3.31935119628906
4516335494,"Mammillaria albilanata","Oaxaca",5,"18","1","2024","iNaturalist","197466054","Jonathan Mohl",-96.935967,17.456464,"Sierra Madre del Sur province","Mammillaria",16.2875003814697,162.216552734375,7.19999980926514,651,15,2272.55834960938,11.0798645019531
4516375189,"Mammillaria albilanata","Oaxaca",7,"18","1","2024","iNaturalist","197741053","ThoLinz",-96.947067,17.550083,"Balsas Basin province","Mammillaria",18.6625003814697,191.051208496094,8.39999961853027,814,28,1940.90478515625,12.0262756347656
4516375598,"Pachycereus pecten-aboriginum","Oaxaca",NA,"22","1","2024","iNaturalist","197424442","weilival",-95.583759,15.94701,"Pacific Lowlands province","Pachycereus",27.7375011444092,84.8293991088867,20.2999992370605,925,5,4.83259677886963,2.81736826896667
4516402514,"Acanthocereus tetragonus","Oaxaca",NA,"22","1","2024","iNaturalist","197447857","Carlos Dom_nguez-Rodr_guez",-95.583798,15.946956,"Pacific Lowlands province","Acanthocereus",27.7375011444092,84.8293991088867,20.2999992370605,925,5,0.57342267036438,1.82066202163696
4516406301,"Stenocereus stellatus","Oaxaca",4,"15","1","2024","iNaturalist","196917936","Desert Max",-96.277245,16.866787,"Sierra Madre del Sur province","Stenocereus",19.3541660308838,126.157524108887,10.3000001907349,701,12,1762.37023925781,10.1329193115234
4516415818,"Stenocereus stellatus","Oaxaca",4,"20","1","2024","iNaturalist","197459222","Desert Max",-96.678375,16.418037,"Balsas Basin province","Stenocereus",21.6083335876465,99.4949340820312,11.3000001907349,614,8,1511.95300292969,3.17539978027344
4516495921,"Mammillaria albilanata","Oaxaca",50,"13","1","2024","iNaturalist","197907896","ThoLinz",-94.892019,16.569331,"Pacific Lowlands province","Mammillaria",26.6375007629395,166.366592407227,19.2999992370605,1029,11,34.1729583740234,7.01598834991455
4516498835,"Mammillaria rekoi","Oaxaca",200,"16","1","2024","iNaturalist","197902903","Jonathan Mohl",-96.301186,16.888344,"Sierra Madre del Sur province","Mammillaria",17.1000003814697,119.240020751953,9.30000019073486,772,16,2299.22436523438,15.6380920410156
4516513172,"Mammillaria karwinskiana","Oaxaca",NA,"15","12","2023","iNaturalist","197473652","Jonathan Mohl",-96.516809,16.282026,"Balsas Basin province","Mammillaria",20.4541664123535,118.272773742676,11.1000003814697,627,23,1747.17749023438,1.65927124023438
4516645923,"Mammillaria albilanata","Oaxaca",4,"15","1","2024","iNaturalist","197904764","Jonathan Mohl",-96.138669,16.668536,"Pacific Lowlands province","Mammillaria",24.0249996185303,136.972122192383,13.5,807,15,794.181213378906,9.58905029296875
4516712487,"Mammillaria carnea","Oaxaca",9,"19","1","2024","iNaturalist","197731771","Joseph Scheer",-96.979758,17.913047,"Balsas Basin province","Mammillaria",25.3583335876465,246.906631469727,13.3999996185303,700,25,678.55322265625,8.21982574462891
4516824657,"Mammillaria carnea","Oaxaca",4,"19","1","2024","iNaturalist","197731772","Joseph Scheer",-96.95,17.916667,"Sierra Madre del Sur province","Mammillaria",24.1625003814697,234.628555297852,11.8999996185303,1361,73,1195.88146972656,15.6443634033203
4516851809,"Mammillaria karwinskiana","Oaxaca",4,"15","1","2024","iNaturalist","197904756","Jonathan Mohl",-96.050833,16.632647,"Pacific Lowlands province","Mammillaria",23.7666664123535,129.935882568359,13.5,755,13,767.49267578125,14.6034698486328
4516885205,"Stenocereus treleasei","Oaxaca",NA,"24","1","2024","iNaturalist","198003464","Eugenio Padilla",-96.548737,16.563931,"Balsas Basin province","Stenocereus",20.8833332061768,99.1631698608398,10.6999998092651,489,6,1637.42846679688,4.84996032714844
4516885237,"Myrtillocactus schenckii","Oaxaca",NA,"24","1","2024","iNaturalist","198008054","Eugenio Padilla",-96.574958,16.573268,"Balsas Basin province","Myrtillocactus",20.2041664123535,106.737968444824,10.1999998092651,519,8,1704.75549316406,7.97909545898438
4516903642,"Myrtillocactus schenckii","Oaxaca",4,"20","1","2024","iNaturalist","197458907","Desert Max",-96.677262,16.418092,"Balsas Basin province","Myrtillocactus",21.6083335876465,99.4949340820312,11.3000001907349,614,8,1523.50476074219,5.80264282226562
4516910397,"Pachycereus pecten-aboriginum","Oaxaca",61,"22","1","2024","iNaturalist","197464948","Carlos Dom_nguez-Rodr_guez",-95.581242,15.950258,"Pacific Lowlands province","Pachycereus",27.6791667938232,84.4085998535156,20.2999992370605,918,5,11.3583326339722,1.98479640483856
4516919092,"Ferocactus recurvus","Oaxaca",NA,"14","12","2023","iNaturalist","197940218","eder_o",-98.047279,17.632106,"Balsas Basin province","Ferocactus",23.2958335876465,159.266189575195,12,786,17,1535.38452148438,4.60499572753906
4516924272,"Mammillaria carnea","Oaxaca",59,"19","1","2024","iNaturalist","197731787","Joseph Scheer",-96.9673,17.898047,"Balsas Basin province","Mammillaria",25.125,248.490859985352,13.3000001907349,701,25,652.020568847656,8.31584930419922
4519057343,"Ferocactus recurvus","Oaxaca",15,"24","1","2024","iNaturalist","198010922","Ulises Guzm_n",-96.574392,16.574729,"Balsas Basin province","Ferocactus",20.2041664123535,106.737968444824,10.1999998092651,519,8,1753.107421875,4.98484802246094
4519094739,"Ferocactus recurvus","Oaxaca",33,"1","11","2023","iNaturalist","190174337","Tim Zitnak",-97.830576,17.568636,"Balsas Basin province","Ferocactus",20.1375007629395,167.143432617188,8.5,685,18,1903.29052734375,3.52664184570312
4519096975,"Stenocereus treleasei","Oaxaca",2,"24","1","2024","iNaturalist","198083550","Eugenio Padilla",-96.58021,16.575498,"Balsas Basin province","Stenocereus",18.783332824707,103.426155090332,9.80000019073486,586,11,1806.16467285156,6.59051513671875
4519104140,"Mammillaria rekoi","Oaxaca",NA,"24","1","2024","iNaturalist","198168058","ThoLinz",-96.587616,16.59149,"Balsas Basin province","Mammillaria",17.7541656494141,105.839889526367,9.30000019073486,646,14,2062.16528320312,15.3260192871094
4519255955,"Pachycereus pecten-aboriginum","Oaxaca",244,"3","1","2024","iNaturalist","198320784","Ryan E. Gray",-96.268298,16.879593,"Pacific Lowlands province","Pachycereus",19.1375007629395,125.754531860352,10.3000001907349,717,12,1821.87536621094,9.03240966796875
4519296280,"Opuntia tomentosa","Oaxaca",122,"5","2","2024","iNaturalist","198599462","Leticia Soriano Flores",-97.096132,17.648277,"Sierra Madre del Sur province","Opuntia",16.470832824707,180.899993896484,6.40000009536743,520,13,2084.64599609375,13.37939453125
4519323652,"Opuntia huajuapensis","Oaxaca",122,"5","2","2024","iNaturalist","198599455","Leticia Soriano Flores",-97.096218,17.649095,"Sierra Madre del Sur province","Opuntia",16.470832824707,180.899993896484,6.40000009536743,520,13,2127.70825195312,9.24066162109375
4522436611,"Ferocactus recurvus","Oaxaca",61,"7","3","2016","iNaturalist","134902386","cactus-d",-96.837997,17.578774,"Balsas Basin province","Ferocactus",23.533332824707,223.762588500977,11.8999996185303,1073,50,1136.96459960938,3.9718017578125
4522479404,"Pachycereus pecten-aboriginum","Oaxaca",NA,"13","8","2020","iNaturalist","56434296","Ulises Guzm_n",-96.22111,15.793119,"Pacific Lowlands province","Pachycereus",26.9291667938232,94.3508224487305,19.7000007629395,1278,19,158.891296386719,4.21148681640625
4522498602,"Ferocactus recurvus","Oaxaca",NA,"15","3","2023","iNaturalist","151569414","cactus-d",-96.484214,16.689039,"Balsas Basin province","Ferocactus",21.220832824707,127.144485473633,10.5,597,8,1567.46813964844,1.59375
4522513797,"Ferocactus recurvus","Oaxaca",NA,"29","4","2023","iNaturalist","161194364","cactus-d",-97.457525,17.66105,"Sierra Madre del Sur province","Ferocactus",16.2958335876465,158.192306518555,5.09999990463257,599,18,2144.78198242188,1.8033447265625
4522636931,"Stenocereus pruinosus","Oaxaca",8,"19","1","2024","iNaturalist","198836512","Joseph Scheer",-97.034614,17.983619,"Balsas Basin province","Stenocereus",25.6875,237.966079711914,13.3999996185303,762,27,676.831298828125,4.46471405029297
4522647781,"Pachycereus weberi","Oaxaca",4,"19","1","2024","iNaturalist","198829541","Joseph Scheer",-97.004867,17.900589,"Balsas Basin province","Pachycereus",25.8583335876465,243.262237548828,13.8999996185303,604,20,616.532653808594,3.97010040283203
4522647852,"Escontria chiotilla","Oaxaca",4,"19","1","2024","iNaturalist","198836141","Joseph Scheer",-97.035697,17.982481,"Balsas Basin province","Escontria",25.7000007629395,237.792907714844,13.3999996185303,749,27,663.993469238281,5.93972778320312
4522647856,"Ferocactus recurvus","Oaxaca",4,"19","1","2024","iNaturalist","198836691","AMAURI DIAZ SOLIS",-97.080344,18.145103,"Balsas Basin province","Ferocactus",24.3583335876465,236.73762512207,11,842,42,980.091430664062,1.96298217773438
4522649103,"Myrtillocactus geometrizans","Oaxaca",24,"19","1","2024","iNaturalist","198835676","Joseph Scheer",-97.010161,17.903964,"Balsas Basin province","Myrtillocactus",25.7999992370605,241.510406494141,13.8000001907349,634,22,607.377685546875,4.35273742675781
4522655000,"Coryphantha pallida","Oaxaca",5,"19","1","2024","iNaturalist","198836137","AMAURI DIAZ SOLIS",-97.009911,17.938669,"Balsas Basin province","Coryphantha",25.8208332061768,241.928405761719,13.6999998092651,645,21,570.968322753906,1.09580230712891
4522672893,"Ferocactus recurvus","Oaxaca",4,"19","1","2024","iNaturalist","198829439","Joseph Scheer",-96.997322,17.893211,"Balsas Basin province","Ferocactus",25.9333343505859,246.182998657227,14,563,17,558.6611328125,12.3394775390625
4522692351,"Neobuxbaumia tetetzo","Oaxaca",274,"24","3","2008","iNaturalist","198780370","Sadoth V_zquez",-96.557309,17.0039,"Balsas Basin province","Neobuxbaumia",20.8583335876465,137.358734130859,9.30000019073486,634,11,1617.84191894531,2.67265319824219
4522694904,"Pachycereus weberi","Oaxaca",5,"19","1","2024","iNaturalist","198836139","Joseph Scheer",-97.009444,17.938783,"Balsas Basin province","Pachycereus",25.8208332061768,241.928405761719,13.6999998092651,645,21,569.417907714844,1.63789367675781
4522702877,"Stenocereus stellatus","Oaxaca",7,"19","1","2024","iNaturalist","198836511","Joseph Scheer",-97.035178,17.983661,"Balsas Basin province","Stenocereus",25.6875,237.966079711914,13.3999996185303,762,27,674.681030273438,4.56107330322266
4522713122,"Myrtillocactus geometrizans","Oaxaca",23,"19","1","2024","iNaturalist","198836146","Joseph Scheer",-97.035828,17.984,"Balsas Basin province","Myrtillocactus",25.6875,237.966079711914,13.3999996185303,762,27,662.403869628906,1.92420196533203
4522713599,"Pachycereus pecten-aboriginum","Oaxaca",39,"15","1","2024","iNaturalist","199006572","Joseph Scheer",-95.388275,16.392764,"Pacific Lowlands province","Pachycereus",26.7749996185303,127.787101745605,18.5,675,2,171.386505126953,6.44057464599609
4522715131,"Coryphantha elephantidens","Oaxaca",10,"18","1","2024","iNaturalist","198929434","Joseph Scheer",-98.024168,17.50384,"Balsas Basin province","Coryphantha",19.6333332061768,143.690536499023,8.60000038146973,851,21,2069.11962890625,5.29898071289062
4522717133,"Pachycereus pecten-aboriginum","Oaxaca",4,"13","1","2024","iNaturalist","199026585","Joseph Scheer",-95.22995,16.599567,"Pacific Lowlands province","Pachycereus",26.6666660308838,147.391464233398,18.7999992370605,672,5,161.956527709961,3.52175903320312
4522718714,"Pilosocereus collinsii","Oaxaca",4,"13","1","2024","iNaturalist","199026581","Joseph Scheer",-95.229631,16.5988,"Pacific Lowlands province","Pilosocereus",26.6666660308838,147.391464233398,18.7999992370605,672,5,157.262817382812,4.16497993469238
4522719844,"Stenocereus pruinosus","Oaxaca",6,"15","1","2024","iNaturalist","199006576","Joseph Scheer",-96.038764,16.599269,"Pacific Lowlands province","Stenocereus",24.1041660308838,145.624984741211,13.1999998092651,617,9,740.837829589844,1.32297515869141
4522719973,"Melocactus curvispinus","Oaxaca",5,"14","1","2024","iNaturalist","199019446","Joseph Scheer",-94.793769,16.426747,"Pacific Lowlands province","Melocactus",27.279167175293,147.316284179688,19.2999992370605,964,14,17.4455890655518,3.41210389137268
4522720780,"Coryphantha pallida","Oaxaca",4,"16","1","2024","iNaturalist","199001456","Joseph Scheer",-96.277092,16.866794,"Sierra Madre del Sur province","Coryphantha",19.3541660308838,126.157524108887,10.3000001907349,701,12,1769.3662109375,5.60139465332031
4522721675,"Pachycereus pecten-aboriginum","Oaxaca",65,"15","1","2024","iNaturalist","199005588","Joseph Scheer",-95.230719,16.33015,"Pacific Lowlands province","Pachycereus",28.3374996185303,112.43431854248,19.7000007629395,875,9,39.9365310668945,2.09468364715576
4522724641,"Neobuxbaumia tetetzo","Oaxaca",4,"15","1","2024","iNaturalist","199008187","Joseph Scheer",-96.138833,16.6685,"Pacific Lowlands province","Neobuxbaumia",24.0249996185303,136.972122192383,13.5,807,15,779.5810546875,6.63841247558594
4522741537,"Myrtillocactus schenckii","Oaxaca",4,"16","1","2024","iNaturalist","198999952","Joseph Scheer",-96.330911,16.906203,"Balsas Basin province","Myrtillocactus",19.4874992370605,136.433868408203,9.60000038146973,707,13,1737.12963867188,1.42251586914062
4522768532,"Ferocactus recurvus","Oaxaca",4,"16","1","2024","iNaturalist","199002623","Joseph Scheer",-96.305319,16.934922,"Balsas Basin province","Ferocactus",18.6083335876465,131.024520874023,9.5,754,14,1914.97790527344,3.84625244140625
4522771760,"Pilosocereus collinsii","Oaxaca",10,"13","1","2024","iNaturalist","199026590","Joseph Scheer",-95.231378,16.608172,"Pacific Lowlands province","Pilosocereus",26.5750007629395,147.224319458008,18.7000007629395,638,4,160.055404663086,4.19878578186035
4522776769,"Stenocereus stellatus","Oaxaca",4,"16","1","2024","iNaturalist","199002615","Joseph Scheer",-96.260911,16.898561,"Pacific Lowlands province","Stenocereus",19.0249996185303,125.10905456543,10.1999998092651,741,14,1808.59533691406,6.72674560546875
4522803703,"Stenocereus stellatus","Oaxaca",7,"16","1","2024","iNaturalist","199001464","Joseph Scheer",-96.277086,16.866178,"Sierra Madre del Sur province","Stenocereus",20.4333324432373,134.203598022461,10.5,771,16,1758.01806640625,6.54864501953125
4522810232,"Opuntia decumbens","Oaxaca",4,"10","2","2024","iNaturalist","199167145","C_sar Miguel-Talonia",-95.009184,16.65589,"Pacific Lowlands province","Opuntia",26.0874996185303,172.667907714844,18.8999996185303,1022,15,106.517784118652,4.55776596069336
4522816928,"Ferocactus recurvus","Oaxaca",31,"24","1","2024","iNaturalist","199141832","Eugenio Padilla",-96.572262,16.576722,"Balsas Basin province","Ferocactus",19.1916675567627,104.508224487305,9.89999961853027,554,11,1766.25012207031,10.7201080322266
5935273557,"Selenicereus purpusii","Oaxaca",8,"29","4","2021","iNaturalist","77370316","organogenesis",-96.343004,15.878373,"Sierra Madre del Sur province","Selenicereus",24.4916667938232,84.767936706543,17,1274,18,462.993255615234,3.96912002563477
5935953390,"Selenicereus purpusii","Oaxaca",15,"15","1","2021","iNaturalist","68303204","organogenesis",-96.131361,15.909084,"Pacific Lowlands province","Selenicereus",25.0249996185303,86.0364761352539,17.6000003814697,1229,15,325.956146240234,3.56854629516602
3308721272,"Selenicereus purpusii","Pie del Cerro Campana",100,"2006-05-29","29","5","PRESERVED_SPECIMEN","MEXU","1877",-96.10567,15.98969,"Sierra Madre del Sur province","Selenicereus",22.8875007629395,74.379997253418,15.6999998092651,1246,21,916.602294921875,14.1608352661133
5935803208,"Selenicereus purpusii","Oaxaca",8,"29","10","2021","iNaturalist","100244884","organogenesis",-96.644051,16.303058,"Sierra Madre del Sur province","Selenicereus",19.408332824707,121.596084594727,10.3000001907349,736,27,1834.0244140625,2.73495483398438
4465654642,"Stenocereus dumortieri","Oaxaca",NA,"10","11","2023","iNaturalist","193197808","Colin Barrows",-96.702998,16.710515,"Balsas Basin province","Stenocereus",21.625,128.637985229492,9.69999980926514,734,12,1519.12438964844,0.2584228515625
5839837425,"Stenocereus dumortieri","Oaxaca",286,"7","11","2014","iNaturalist","247889202","Tim Zitnak",-96.515153,17.044679,"Balsas Basin province","Stenocereus",19.1833324432373,139.354568481445,9,700,17,1709,0.400100708007812
3308652263,"Selenicereus purpusii","10.5 km sobre la Terracería Huauclilla-Tlalixtlahuaca. Distrito Nochixtlán",90,"","2007-03-10","10","10778565","IBUNAM","1267141",-97.053194,17.496111,"Balsas Basin province","Selenicereus",20.5166664123535,196.403274536133,9.10000038146973,775,21,1626.09240722656,9.83796691894531
3308107438,"Selenicereus purpusii","17.1 km sobre la terracería Huauclilla-Tlalixtlahuaca. Distrito Nochixtlán",90,"","2007-06-19","19","10778565","IBUNAM","1267282",-97.0302,17.5098,"Balsas Basin province","Selenicereus",21.7583332061768,210.581817626953,9.69999980926514,828,27,1388.2451171875,7.15785217285156
3308099815,"Selenicereus purpusii","17.1 km sobre la terracería Huauclilla-Tlalixtlahuaca. Distrito Nochixtlán",90,"","2007-06-19","19","10778565","IBUNAM","1269625",-97.01892,17.51633,"Sierra Madre del Sur province","Selenicereus",20.625,198.236541748047,9.19999980926514,821,26,1505.150390625,10.802001953125
2803094870,"Stenocereus dumortieri","Oaxaca",122,"29","11","2012","iNaturalist","49843033","Eugenio Padilla",-98.045098,17.63791,"Balsas Basin province","Stenocereus",22.8624992370605,152.391906738281,11.6999998092651,764,18,1422.20129394531,13.1943511962891
4607427939,"Stenocereus dumortieri","Oaxaca",343,"3","4","2024","iNaturalist","205552483","Carlos Domínguez-Rodríguez",-97.200951,17.641263,"Sierra Madre del Sur province","Stenocereus",14.5333337783813,162.681137084961,4.59999990463257,520,15,2378.376953125,5.16860961914062
4607030003,"Stenocereus dumortieri","Oaxaca",8,"3","4","2024","iNaturalist","205545384","Carlos Domínguez-Rodríguez",-97.14561,17.64466,"Sierra Madre del Sur province","Stenocereus",16.2916660308838,179.960021972656,5.80000019073486,514,15,2036.5009765625,8.60064697265625
1894563022,"Stenocereus dumortieri","km 136 carr. Tehuacán-Oaxaca",90,"","2006-07-18","18","3960644","FESI-UNAM","",-96.934556,17.686278,"Balsas Basin province","Stenocereus",25.0375003814697,239.944381713867,13.6999998092651,558,19,666.535095214844,3.94408416748047
1896092851,"Stenocereus dumortieri","Camino de Santa Maria Tutla a Santiago del Río.",90,"2004-11-05","5","11","HUMAN_OBSERVATION","","",-97.640167,17.700472,"Sierra Madre del Sur province","Stenocereus",18.7541675567627,167.107162475586,7.5,610,13,1935.09057617188,7.36181640625
3308590241,"Selenicereus purpusii","Cerro Picacho",90,"","","2002-08-07","3944680","PRESERVED_SPECIMEN","MEXU",-96.9215,17.71822,"Balsas Basin province","Selenicereus",24.6916675567627,244.120239257812,13.3000001907349,591,21,657.887512207031,13.6548080444336
1894563004,"Stenocereus dumortieri","11.1 km del entronque Puente Grande rumbo a Tutepetongo",90,"","2006-07-18","18","3960644","FESI-UNAM","",-96.905639,17.722639,"Sierra Madre del Sur province","Stenocereus",23.783332824707,231.254821777344,11.8999996185303,1080,55,981.913024902344,9.40406036376953
1668840249,"Stenocereus dumortieri","Oaxaca",126,"5","12","2009","iNaturalist","8027085","Eugenio Padilla",-97.68734,17.776478,"Balsas Basin province","Stenocereus",20.7458324432373,180.421951293945,9,598,14,1769.17114257812,15.0011749267578
2596422210,"Stenocereus dumortieri","Oaxaca",122,"1","9","2016","iNaturalist","41202705","Leticia Soriano Flores",-97.093894,17.779625,"Balsas Basin province","Stenocereus",18.8500003814697,222.66975402832,8.10000038146973,716,25,1903.42724609375,3.45065307617188
6131348407,"Stenocereus dumortieri","Oaxaca",210,"23","4","2024","iNaturalist","334591148","Frank Sengpiel",-97.019756,17.869281,"Balsas Basin province","Stenocereus",25.7416667938232,245.568267822266,13.8000001907349,528,16,569.603271484375,6.53691101074219
3344079036,"Stenocereus dumortieri","Oaxaca",8,"22","7","2021","iNaturalist","92608682","Leticia Soriano Flores",-97.34269,17.889382,"Sierra Madre del Sur province","Stenocereus",17.8250007629395,197.08674621582,5.80000019073486,459,15,2050.38354492188,5.68374633789062
3308661771,"Selenicereus purpusii","Entre Quiotepec y Buenos Aires",NA,"1994-03-07","7","3","PRESERVED_SPECIMEN","MEXU","1095",-96.953889,17.911139,"Sierra Madre del Sur province","Selenicereus",24.2291660308838,237.768585205078,12.1000003814697,1235,63,976.185241699219,19.0083084106445
3308100250,"Selenicereus purpusii","7 Km sobre la brecha de Santiago Quiotepec a San Juan Coyula",NA,"2010-05-22","22","5","PRESERVED_SPECIMEN","MEXU","2062",-96.919306,17.91525,"Sierra Madre del Sur province","Selenicereus",22.6166667938232,235.046737670898,11,1627,90,1293.36474609375,14.4537963867188
3308712574,"Selenicereus purpusii","Cerca de San Juan Coyula",NA,"1996-06-02","2","6","PRESERVED_SPECIMEN","MEXU","1234",-96.901806,17.919861,"Sierra Madre del Sur province","Selenicereus",23.1041660308838,252.518753051758,10.8000001907349,1687,105,1261.81884765625,7.78277587890625
3308054448,"Selenicereus purpusii","Buena vista",90,"","2006-06-06","6","10778565","IBUNAM","1206521",-96.9539,17.92539,"Balsas Basin province","Selenicereus",24.3541660308838,241.890808105469,12.3000001907349,1153,57,1128.20129394531,12.0363159179688
3308080711,"Selenicereus purpusii","Dto. Cuicatlán Entre Quiotepec y Buenos Aires",90,"1994-03-08","8","3","PRESERVED_SPECIMEN","MEXU","1096",-96.94056,17.92583,"Sierra Madre del Sur province","Selenicereus",23.970832824707,245.694366455078,11.6999998092651,1348,76,1158.65966796875,9.41230773925781
3308690286,"Selenicereus purpusii","San Juan Coyula. Paraje Barranca cuatima",90,"","2006-06-21","21","10778565","IBUNAM","1206485",-96.91967,17.92641,"Sierra Madre del Sur province","Selenicereus",23.7416667938232,254.922744750977,11.5,1402,80,1019.63812255859,12.8637924194336
3308490444,"Selenicereus purpusii","6 Km NW de Santiago Quiotepec",NA,"1991-05-24","24","5","PRESERVED_SPECIMEN","MEXU","17415",-96.960417,17.932417,"Balsas Basin province","Selenicereus",24.7458343505859,246.304153442383,12.8000001907349,918,38,810.543762207031,14.1433410644531
1453361672,"Stenocereus dumortieri","Oaxaca",505,"11","10","2016","iNaturalist","4965254","Ignacio Torres-García",-97.425127,18.067992,"Balsas Basin province","Stenocereus",22.345832824707,221.507827758789,10.1000003814697,472,18,1436.14428710938,6.44258117675781
1249289502,"Stenocereus dumortieri","Oaxaca",NA,"3","2","2016","iNaturalist","2657670","Bravo-Avilez D",-97.033616,18.079172,"Balsas Basin province","Stenocereus",23.8291664123535,240.117935180664,11.1999998092651,1248,65,1451.81872558594,17.4595794677734
3306205013,"Stenocereus dumortieri","Camino a Huautla",NA,"","2011-06-19","19","3960644","FESI-UNAM","",-97.057722,18.151806,"Balsas Basin province","Stenocereus",22.7000007629395,243.66520690918,10.3000001907349,1263,62,1301.1923828125,13.2548370361328
1839274755,"Stenocereus dumortieri","Oaxaca",31,"19","5","2016","iNaturalist","3298786","Leticia Soriano Flores",-97.72525,18.222455,"Balsas Basin province","Stenocereus",20.408332824707,173.386489868164,10.8000001907349,524,13,1673.81970214844,11.7563629150391
